solid OpenSCAD_Model
  facet normal -0.989224 -0.146413 0
    outer loop
      vertex -78.9424 -14.5853 0
      vertex -78.9855 -14.2941 4
      vertex -78.9855 -14.2941 0
    endloop
  endfacet
  facet normal -0.989224 -0.146413 0
    outer loop
      vertex -78.9855 -14.2941 4
      vertex -78.9424 -14.5853 0
      vertex -78.9424 -14.5853 4
    endloop
  endfacet
  facet normal -0.857643 -0.514246 0
    outer loop
      vertex -78.4944 -15.6667 0
      vertex -78.6458 -15.4142 4
      vertex -78.6458 -15.4142 0
    endloop
  endfacet
  facet normal -0.857643 -0.514246 0
    outer loop
      vertex -78.6458 -15.4142 4
      vertex -78.4944 -15.6667 0
      vertex -78.4944 -15.6667 4
    endloop
  endfacet
  facet normal 0 -1 0
    outer loop
      vertex -76 -17 0
      vertex -65 -17 4
      vertex -76 -17 4
    endloop
  endfacet
  facet normal 0 -1 -0
    outer loop
      vertex -65 -17 4
      vertex -76 -17 0
      vertex -65 -17 0
    endloop
  endfacet
  facet normal -0.941488 0.337047 0
    outer loop
      vertex -78.8708 14.8709 0
      vertex -78.7716 15.148 4
      vertex -78.7716 15.148 0
    endloop
  endfacet
  facet normal -0.941488 0.337047 0
    outer loop
      vertex -78.7716 15.148 4
      vertex -78.8708 14.8709 0
      vertex -78.8708 14.8709 4
    endloop
  endfacet
  facet normal -0.740908 0.671607 0
    outer loop
      vertex -78.319 15.9032 0
      vertex -78.1213 16.1213 4
      vertex -78.1213 16.1213 0
    endloop
  endfacet
  facet normal -0.740908 0.671607 0
    outer loop
      vertex -78.1213 16.1213 4
      vertex -78.319 15.9032 0
      vertex -78.319 15.9032 4
    endloop
  endfacet
  facet normal -0.0489044 -0.998803 0
    outer loop
      vertex -76.2941 -16.9856 0
      vertex -76 -17 4
      vertex -76.2941 -16.9856 4
    endloop
  endfacet
  facet normal -0.0489044 -0.998803 -0
    outer loop
      vertex -76 -17 4
      vertex -76.2941 -16.9856 0
      vertex -76 -17 0
    endloop
  endfacet
  facet normal -0.969982 -0.243175 0
    outer loop
      vertex -78.8708 -14.8709 0
      vertex -78.9424 -14.5853 4
      vertex -78.9424 -14.5853 0
    endloop
  endfacet
  facet normal -0.969982 -0.243175 0
    outer loop
      vertex -78.9424 -14.5853 4
      vertex -78.8708 -14.8709 0
      vertex -78.8708 -14.8709 4
    endloop
  endfacet
  facet normal 0 1 -0
    outer loop
      vertex -65 17 0
      vertex -76 17 4
      vertex -65 17 4
    endloop
  endfacet
  facet normal 0 1 0
    outer loop
      vertex -76 17 4
      vertex -65 17 0
      vertex -76 17 0
    endloop
  endfacet
  facet normal -0.514246 -0.857643 0
    outer loop
      vertex -77.6667 -16.4944 0
      vertex -77.4142 -16.6458 4
      vertex -77.6667 -16.4944 4
    endloop
  endfacet
  facet normal -0.514246 -0.857643 -0
    outer loop
      vertex -77.4142 -16.6458 4
      vertex -77.6667 -16.4944 0
      vertex -77.4142 -16.6458 0
    endloop
  endfacet
  facet normal -0.998787 -0.0492431 0
    outer loop
      vertex -78.9855 -14.2941 0
      vertex -79 -14 4
      vertex -79 -14 0
    endloop
  endfacet
  facet normal -0.998787 -0.0492431 0
    outer loop
      vertex -79 -14 4
      vertex -78.9855 -14.2941 0
      vertex -78.9855 -14.2941 4
    endloop
  endfacet
  facet normal -0.740908 -0.671607 0
    outer loop
      vertex -78.1213 -16.1213 0
      vertex -78.319 -15.9032 4
      vertex -78.319 -15.9032 0
    endloop
  endfacet
  facet normal -0.740908 -0.671607 0
    outer loop
      vertex -78.319 -15.9032 4
      vertex -78.1213 -16.1213 0
      vertex -78.1213 -16.1213 4
    endloop
  endfacet
  facet normal -0.904125 -0.427269 0
    outer loop
      vertex -78.6458 -15.4142 0
      vertex -78.7716 -15.148 4
      vertex -78.7716 -15.148 0
    endloop
  endfacet
  facet normal -0.904125 -0.427269 0
    outer loop
      vertex -78.7716 -15.148 4
      vertex -78.6458 -15.4142 0
      vertex -78.6458 -15.4142 4
    endloop
  endfacet
  facet normal -0.0489044 0.998803 0
    outer loop
      vertex -76 17 0
      vertex -76.2941 16.9856 4
      vertex -76 17 4
    endloop
  endfacet
  facet normal -0.0489044 0.998803 0
    outer loop
      vertex -76.2941 16.9856 4
      vertex -76 17 0
      vertex -76.2941 16.9856 0
    endloop
  endfacet
  facet normal -0.803208 -0.595699 0
    outer loop
      vertex -78.319 -15.9032 0
      vertex -78.4944 -15.6667 4
      vertex -78.4944 -15.6667 0
    endloop
  endfacet
  facet normal -0.803208 -0.595699 0
    outer loop
      vertex -78.4944 -15.6667 4
      vertex -78.319 -15.9032 0
      vertex -78.319 -15.9032 4
    endloop
  endfacet
  facet normal -0.514246 0.857643 0
    outer loop
      vertex -77.4142 16.6458 0
      vertex -77.6667 16.4944 4
      vertex -77.4142 16.6458 4
    endloop
  endfacet
  facet normal -0.514246 0.857643 0
    outer loop
      vertex -77.6667 16.4944 4
      vertex -77.4142 16.6458 0
      vertex -77.6667 16.4944 0
    endloop
  endfacet
  facet normal -0.989224 0.146413 0
    outer loop
      vertex -78.9855 14.2941 0
      vertex -78.9424 14.5853 4
      vertex -78.9424 14.5853 0
    endloop
  endfacet
  facet normal -0.989224 0.146413 0
    outer loop
      vertex -78.9424 14.5853 4
      vertex -78.9855 14.2941 0
      vertex -78.9855 14.2941 4
    endloop
  endfacet
  facet normal -0.904125 0.427269 0
    outer loop
      vertex -78.7716 15.148 0
      vertex -78.6458 15.4142 4
      vertex -78.6458 15.4142 0
    endloop
  endfacet
  facet normal -0.904125 0.427269 0
    outer loop
      vertex -78.6458 15.4142 4
      vertex -78.7716 15.148 0
      vertex -78.7716 15.148 4
    endloop
  endfacet
  facet normal -1 0 0
    outer loop
      vertex -79 -14 0
      vertex -79 14 4
      vertex -79 14 0
    endloop
  endfacet
  facet normal -1 -0 0
    outer loop
      vertex -79 14 4
      vertex -79 -14 0
      vertex -79 -14 4
    endloop
  endfacet
  facet normal -0.671607 0.740908 0
    outer loop
      vertex -77.9032 16.319 0
      vertex -78.1213 16.1213 4
      vertex -77.9032 16.319 4
    endloop
  endfacet
  facet normal -0.671607 0.740908 0
    outer loop
      vertex -78.1213 16.1213 4
      vertex -77.9032 16.319 0
      vertex -78.1213 16.1213 0
    endloop
  endfacet
  facet normal -0.671607 -0.740908 0
    outer loop
      vertex -78.1213 -16.1213 0
      vertex -77.9032 -16.319 4
      vertex -78.1213 -16.1213 4
    endloop
  endfacet
  facet normal -0.671607 -0.740908 -0
    outer loop
      vertex -77.9032 -16.319 4
      vertex -78.1213 -16.1213 0
      vertex -77.9032 -16.319 0
    endloop
  endfacet
  facet normal -0.998787 0.0492431 0
    outer loop
      vertex -79 14 0
      vertex -78.9855 14.2941 4
      vertex -78.9855 14.2941 0
    endloop
  endfacet
  facet normal -0.998787 0.0492431 0
    outer loop
      vertex -78.9855 14.2941 4
      vertex -79 14 0
      vertex -79 14 4
    endloop
  endfacet
  facet normal -0.595699 0.803208 0
    outer loop
      vertex -77.6667 16.4944 0
      vertex -77.9032 16.319 4
      vertex -77.6667 16.4944 4
    endloop
  endfacet
  facet normal -0.595699 0.803208 0
    outer loop
      vertex -77.9032 16.319 4
      vertex -77.6667 16.4944 0
      vertex -77.9032 16.319 0
    endloop
  endfacet
  facet normal -0.857643 0.514246 0
    outer loop
      vertex -78.6458 15.4142 0
      vertex -78.4944 15.6667 4
      vertex -78.4944 15.6667 0
    endloop
  endfacet
  facet normal -0.857643 0.514246 0
    outer loop
      vertex -78.4944 15.6667 4
      vertex -78.6458 15.4142 0
      vertex -78.6458 15.4142 4
    endloop
  endfacet
  facet normal -0.336939 -0.941527 0
    outer loop
      vertex -77.148 -16.7716 0
      vertex -76.8708 -16.8708 4
      vertex -77.148 -16.7716 4
    endloop
  endfacet
  facet normal -0.336939 -0.941527 -0
    outer loop
      vertex -76.8708 -16.8708 4
      vertex -77.148 -16.7716 0
      vertex -76.8708 -16.8708 0
    endloop
  endfacet
  facet normal -0.595699 -0.803208 0
    outer loop
      vertex -77.9032 -16.319 0
      vertex -77.6667 -16.4944 4
      vertex -77.9032 -16.319 4
    endloop
  endfacet
  facet normal -0.595699 -0.803208 -0
    outer loop
      vertex -77.6667 -16.4944 4
      vertex -77.9032 -16.319 0
      vertex -77.6667 -16.4944 0
    endloop
  endfacet
  facet normal -0.941488 -0.337047 0
    outer loop
      vertex -78.7716 -15.148 0
      vertex -78.8708 -14.8709 4
      vertex -78.8708 -14.8709 0
    endloop
  endfacet
  facet normal -0.941488 -0.337047 0
    outer loop
      vertex -78.8708 -14.8709 4
      vertex -78.7716 -15.148 0
      vertex -78.7716 -15.148 4
    endloop
  endfacet
  facet normal -0.803208 0.595699 0
    outer loop
      vertex -78.4944 15.6667 0
      vertex -78.319 15.9032 4
      vertex -78.319 15.9032 0
    endloop
  endfacet
  facet normal -0.803208 0.595699 0
    outer loop
      vertex -78.319 15.9032 4
      vertex -78.4944 15.6667 0
      vertex -78.4944 15.6667 4
    endloop
  endfacet
  facet normal 0 0 -1
    outer loop
      vertex -70.5726 1.73927 0
      vertex -70.5 8 0
      vertex -70.409 1.59099 0
    endloop
  endfacet
  facet normal 0 0 -1
    outer loop
      vertex -70.75 1.87081 0
      vertex -70.5 8 0
      vertex -70.5726 1.73927 0
    endloop
  endfacet
  facet normal 0 0 -1
    outer loop
      vertex -70.9394 1.98432 0
      vertex -70.5 8 0
      vertex -70.75 1.87081 0
    endloop
  endfacet
  facet normal 0 0 -1
    outer loop
      vertex -71.139 2.07873 0
      vertex -70.5 8 0
      vertex -70.9394 1.98432 0
    endloop
  endfacet
  facet normal 0 0 -1
    outer loop
      vertex -71.3469 2.15312 0
      vertex -70.5 8 0
      vertex -71.139 2.07873 0
    endloop
  endfacet
  facet normal 0 0 -1
    outer loop
      vertex -71.5611 2.20677 0
      vertex -70.5 8 0
      vertex -71.3469 2.15312 0
    endloop
  endfacet
  facet normal 0 0 -1
    outer loop
      vertex -71.7795 2.23917 0
      vertex -70.5 8 0
      vertex -71.5611 2.20677 0
    endloop
  endfacet
  facet normal 0 0 -1
    outer loop
      vertex -72 2.25 0
      vertex -70.5 8 0
      vertex -71.7795 2.23917 0
    endloop
  endfacet
  facet normal 0 0 -1
    outer loop
      vertex -73.5 8 0
      vertex -72 2.25 0
      vertex -72.2205 2.23917 0
    endloop
  endfacet
  facet normal 0 0 -1
    outer loop
      vertex -73.5 8 0
      vertex -72.2205 2.23917 0
      vertex -72.4389 2.20677 0
    endloop
  endfacet
  facet normal 0 0 -1
    outer loop
      vertex -73.5 8 0
      vertex -72.4389 2.20677 0
      vertex -72.6531 2.15312 0
    endloop
  endfacet
  facet normal 0 0 -1
    outer loop
      vertex -73.5 8 0
      vertex -72.6531 2.15312 0
      vertex -72.861 2.07873 0
    endloop
  endfacet
  facet normal 0 0 -1
    outer loop
      vertex -73.5 8 0
      vertex -72.861 2.07873 0
      vertex -73.0606 1.98432 0
    endloop
  endfacet
  facet normal 0 0 -1
    outer loop
      vertex -73.5 8 0
      vertex -73.0606 1.98432 0
      vertex -73.25 1.87081 0
    endloop
  endfacet
  facet normal 0 0 -1
    outer loop
      vertex -73.5 8 0
      vertex -73.25 1.87081 0
      vertex -73.4274 1.73927 0
    endloop
  endfacet
  facet normal 0 0 -1
    outer loop
      vertex -72 2.25 0
      vertex -73.5 8 0
      vertex -70.5 8 0
    endloop
  endfacet
  facet normal 0 0 -1
    outer loop
      vertex -73.7393 1.42738 0
      vertex -73.5 8 0
      vertex -73.591 1.59099 0
    endloop
  endfacet
  facet normal 0 0 -1
    outer loop
      vertex -73.591 1.59099 0
      vertex -73.5 8 0
      vertex -73.4274 1.73927 0
    endloop
  endfacet
  facet normal 0 0 -1
    outer loop
      vertex -65 -17 0
      vertex -69.75 0 0
      vertex -65 17 0
    endloop
  endfacet
  facet normal 0 0 -1
    outer loop
      vertex -65 -17 0
      vertex -69.7608 -0.220538 0
      vertex -69.75 0 0
    endloop
  endfacet
  facet normal 0 0 -1
    outer loop
      vertex -65 -17 0
      vertex -69.7932 -0.438952 0
      vertex -69.7608 -0.220538 0
    endloop
  endfacet
  facet normal 0 0 -1
    outer loop
      vertex -65 -17 0
      vertex -69.8469 -0.65314 0
      vertex -69.7932 -0.438952 0
    endloop
  endfacet
  facet normal 0 0 -1
    outer loop
      vertex -65 -17 0
      vertex -69.9213 -0.861037 0
      vertex -69.8469 -0.65314 0
    endloop
  endfacet
  facet normal 0 0 -1
    outer loop
      vertex -70.5 -8 0
      vertex -69.9213 -0.861037 0
      vertex -65 -17 0
    endloop
  endfacet
  facet normal 0 0 -1
    outer loop
      vertex -69.9213 -0.861037 0
      vertex -70.5 -8 0
      vertex -70.0157 -1.06064 0
    endloop
  endfacet
  facet normal 0 0 -1
    outer loop
      vertex -70.0157 -1.06064 0
      vertex -70.5 -8 0
      vertex -70.1292 -1.25003 0
    endloop
  endfacet
  facet normal 0 0 -1
    outer loop
      vertex -70.1292 -1.25003 0
      vertex -70.5 -8 0
      vertex -70.2607 -1.42738 0
    endloop
  endfacet
  facet normal 0 0 -1
    outer loop
      vertex -70.5 -8 0
      vertex -65 -17 0
      vertex -70.5 -14 0
    endloop
  endfacet
  facet normal 0 0 -1
    outer loop
      vertex -76 -17 0
      vertex -70.5 -14 0
      vertex -65 -17 0
    endloop
  endfacet
  facet normal 0 0 -1
    outer loop
      vertex -79 -14 0
      vertex -73.5 -8 0
      vertex -73.5 -14 0
    endloop
  endfacet
  facet normal 0 -0 -1
    outer loop
      vertex -73.9843 -1.06064 0
      vertex -73.5 -8 0
      vertex -79 -14 0
    endloop
  endfacet
  facet normal 0 0 -1
    outer loop
      vertex -73.5 -8 0
      vertex -73.7393 -1.42738 0
      vertex -73.591 -1.59099 0
    endloop
  endfacet
  facet normal 0 0 -1
    outer loop
      vertex -73.5 -8 0
      vertex -73.8708 -1.25003 0
      vertex -73.7393 -1.42738 0
    endloop
  endfacet
  facet normal 0 0 -1
    outer loop
      vertex -73.5 -8 0
      vertex -73.9843 -1.06064 0
      vertex -73.8708 -1.25003 0
    endloop
  endfacet
  facet normal -0 0 -1
    outer loop
      vertex -73.9843 -1.06064 0
      vertex -79 -14 0
      vertex -74.0787 -0.861037 0
    endloop
  endfacet
  facet normal -0 0 -1
    outer loop
      vertex -74.0787 -0.861037 0
      vertex -79 -14 0
      vertex -74.1531 -0.65314 0
    endloop
  endfacet
  facet normal -0 0 -1
    outer loop
      vertex -74.1531 -0.65314 0
      vertex -79 -14 0
      vertex -74.2068 -0.438952 0
    endloop
  endfacet
  facet normal -0 0 -1
    outer loop
      vertex -74.2068 -0.438952 0
      vertex -79 -14 0
      vertex -74.2392 -0.220538 0
    endloop
  endfacet
  facet normal 0 0 -1
    outer loop
      vertex -79 -14 0
      vertex -73.5 -14 0
      vertex -76 -17 0
    endloop
  endfacet
  facet normal -0 0 -1
    outer loop
      vertex -70.5 -14 0
      vertex -76 -17 0
      vertex -73.5 -14 0
    endloop
  endfacet
  facet normal 0 0 -1
    outer loop
      vertex 62 -37 0
      vertex 65 -17 0
      vertex 65 -34 0
    endloop
  endfacet
  facet normal 0 0 -1
    outer loop
      vertex -65 -17 0
      vertex 65 -17 0
      vertex 62 -37 0
    endloop
  endfacet
  facet normal 0 0 -1
    outer loop
      vertex 62 -37 0
      vertex 65 -34 0
      vertex 64.9855 -34.2941 0
    endloop
  endfacet
  facet normal 0 0 -1
    outer loop
      vertex 65 -17 0
      vertex -65 -17 0
      vertex 65 17 0
    endloop
  endfacet
  facet normal 0 0 -1
    outer loop
      vertex 62 -37 0
      vertex 64.9855 -34.2941 0
      vertex 64.9424 -34.5853 0
    endloop
  endfacet
  facet normal 0 0 -1
    outer loop
      vertex 65 17 0
      vertex 62 37 0
      vertex 65 34 0
    endloop
  endfacet
  facet normal 0 0 -1
    outer loop
      vertex 62 -37 0
      vertex 64.9424 -34.5853 0
      vertex 64.8708 -34.8709 0
    endloop
  endfacet
  facet normal 0 0 -1
    outer loop
      vertex 65 34 0
      vertex 62 37 0
      vertex 64.9855 34.2941 0
    endloop
  endfacet
  facet normal 0 0 -1
    outer loop
      vertex 62 -37 0
      vertex 64.8708 -34.8709 0
      vertex 64.7716 -35.148 0
    endloop
  endfacet
  facet normal 0 0 -1
    outer loop
      vertex 64.9855 34.2941 0
      vertex 62 37 0
      vertex 64.9424 34.5853 0
    endloop
  endfacet
  facet normal 0 0 -1
    outer loop
      vertex 62 -37 0
      vertex 64.7716 -35.148 0
      vertex 64.6458 -35.4142 0
    endloop
  endfacet
  facet normal 0 0 -1
    outer loop
      vertex 64.9424 34.5853 0
      vertex 62 37 0
      vertex 64.8708 34.8709 0
    endloop
  endfacet
  facet normal 0 0 -1
    outer loop
      vertex 62 -37 0
      vertex 64.6458 -35.4142 0
      vertex 64.4944 -35.6667 0
    endloop
  endfacet
  facet normal 0 0 -1
    outer loop
      vertex 64.8708 34.8709 0
      vertex 62 37 0
      vertex 64.7716 35.148 0
    endloop
  endfacet
  facet normal 0 0 -1
    outer loop
      vertex 62 -37 0
      vertex 64.4944 -35.6667 0
      vertex 64.319 -35.9032 0
    endloop
  endfacet
  facet normal 0 0 -1
    outer loop
      vertex 64.7716 35.148 0
      vertex 62 37 0
      vertex 64.6458 35.4142 0
    endloop
  endfacet
  facet normal 0 0 -1
    outer loop
      vertex 62 -37 0
      vertex 64.319 -35.9032 0
      vertex 64.1213 -36.1213 0
    endloop
  endfacet
  facet normal 0 0 -1
    outer loop
      vertex 64.6458 35.4142 0
      vertex 62 37 0
      vertex 64.4944 35.6667 0
    endloop
  endfacet
  facet normal 0 0 -1
    outer loop
      vertex 62 -37 0
      vertex 64.1213 -36.1213 0
      vertex 63.9032 -36.319 0
    endloop
  endfacet
  facet normal 0 0 -1
    outer loop
      vertex 64.4944 35.6667 0
      vertex 62 37 0
      vertex 64.319 35.9032 0
    endloop
  endfacet
  facet normal 0 0 -1
    outer loop
      vertex 62 -37 0
      vertex 63.9032 -36.319 0
      vertex 63.6667 -36.4944 0
    endloop
  endfacet
  facet normal 0 0 -1
    outer loop
      vertex 64.319 35.9032 0
      vertex 62 37 0
      vertex 64.1213 36.1213 0
    endloop
  endfacet
  facet normal 0 0 -1
    outer loop
      vertex 62 -37 0
      vertex 63.6667 -36.4944 0
      vertex 63.4142 -36.6458 0
    endloop
  endfacet
  facet normal 0 0 -1
    outer loop
      vertex 64.1213 36.1213 0
      vertex 62 37 0
      vertex 63.9032 36.319 0
    endloop
  endfacet
  facet normal 0 0 -1
    outer loop
      vertex 62 -37 0
      vertex 63.4142 -36.6458 0
      vertex 63.148 -36.7716 0
    endloop
  endfacet
  facet normal 0 0 -1
    outer loop
      vertex 63.9032 36.319 0
      vertex 62 37 0
      vertex 63.6667 36.4944 0
    endloop
  endfacet
  facet normal 0 0 -1
    outer loop
      vertex 62 -37 0
      vertex 63.148 -36.7716 0
      vertex 62.8709 -36.8708 0
    endloop
  endfacet
  facet normal 0 0 -1
    outer loop
      vertex 63.6667 36.4944 0
      vertex 62 37 0
      vertex 63.4142 36.6458 0
    endloop
  endfacet
  facet normal 0 0 -1
    outer loop
      vertex 62 -37 0
      vertex 62.8709 -36.8708 0
      vertex 62.5853 -36.9424 0
    endloop
  endfacet
  facet normal 0 0 -1
    outer loop
      vertex 63.4142 36.6458 0
      vertex 62 37 0
      vertex 63.148 36.7716 0
    endloop
  endfacet
  facet normal 0 0 -1
    outer loop
      vertex 62 -37 0
      vertex 62.5853 -36.9424 0
      vertex 62.2941 -36.9856 0
    endloop
  endfacet
  facet normal 0 0 -1
    outer loop
      vertex 63.148 36.7716 0
      vertex 62 37 0
      vertex 62.8709 36.8708 0
    endloop
  endfacet
  facet normal 0 0 -1
    outer loop
      vertex 62.8709 36.8708 0
      vertex 62 37 0
      vertex 62.5853 36.9424 0
    endloop
  endfacet
  facet normal 0 0 -1
    outer loop
      vertex 62.5853 36.9424 0
      vertex 62 37 0
      vertex 62.2941 36.9856 0
    endloop
  endfacet
  facet normal 0 0 -1
    outer loop
      vertex -65 -17 0
      vertex 62 -37 0
      vertex -62 -37 0
    endloop
  endfacet
  facet normal 0 0 -1
    outer loop
      vertex -65 17 0
      vertex 65 17 0
      vertex -65 -17 0
    endloop
  endfacet
  facet normal 0 0 -1
    outer loop
      vertex -65 -34 0
      vertex -62 -37 0
      vertex -62.2941 -36.9856 0
    endloop
  endfacet
  facet normal 0 0 -1
    outer loop
      vertex 65 17 0
      vertex -65 17 0
      vertex 62 37 0
    endloop
  endfacet
  facet normal 0 0 -1
    outer loop
      vertex -65 -34 0
      vertex -62.2941 -36.9856 0
      vertex -62.5853 -36.9424 0
    endloop
  endfacet
  facet normal -0 0 -1
    outer loop
      vertex 62 37 0
      vertex -65 17 0
      vertex -62 37 0
    endloop
  endfacet
  facet normal 0 0 -1
    outer loop
      vertex -65 -34 0
      vertex -62.5853 -36.9424 0
      vertex -62.8709 -36.8708 0
    endloop
  endfacet
  facet normal 0 0 -1
    outer loop
      vertex -65 34 0
      vertex -62 37 0
      vertex -65 17 0
    endloop
  endfacet
  facet normal 0 0 -1
    outer loop
      vertex -65 -34 0
      vertex -62.8709 -36.8708 0
      vertex -63.148 -36.7716 0
    endloop
  endfacet
  facet normal 0 0 -1
    outer loop
      vertex -62 37 0
      vertex -65 34 0
      vertex -62.2941 36.9856 0
    endloop
  endfacet
  facet normal 0 0 -1
    outer loop
      vertex -65 -34 0
      vertex -63.148 -36.7716 0
      vertex -63.4142 -36.6458 0
    endloop
  endfacet
  facet normal 0 0 -1
    outer loop
      vertex -62.2941 36.9856 0
      vertex -65 34 0
      vertex -62.5853 36.9424 0
    endloop
  endfacet
  facet normal 0 0 -1
    outer loop
      vertex -65 -34 0
      vertex -63.4142 -36.6458 0
      vertex -63.6667 -36.4944 0
    endloop
  endfacet
  facet normal 0 0 -1
    outer loop
      vertex -62.5853 36.9424 0
      vertex -65 34 0
      vertex -62.8709 36.8708 0
    endloop
  endfacet
  facet normal 0 0 -1
    outer loop
      vertex -65 -34 0
      vertex -63.6667 -36.4944 0
      vertex -63.9032 -36.319 0
    endloop
  endfacet
  facet normal 0 0 -1
    outer loop
      vertex -62.8709 36.8708 0
      vertex -65 34 0
      vertex -63.148 36.7716 0
    endloop
  endfacet
  facet normal 0 0 -1
    outer loop
      vertex -65 -34 0
      vertex -63.9032 -36.319 0
      vertex -64.1213 -36.1213 0
    endloop
  endfacet
  facet normal 0 0 -1
    outer loop
      vertex -63.148 36.7716 0
      vertex -65 34 0
      vertex -63.4142 36.6458 0
    endloop
  endfacet
  facet normal 0 0 -1
    outer loop
      vertex -65 -34 0
      vertex -64.1213 -36.1213 0
      vertex -64.319 -35.9032 0
    endloop
  endfacet
  facet normal 0 0 -1
    outer loop
      vertex -63.4142 36.6458 0
      vertex -65 34 0
      vertex -63.6667 36.4944 0
    endloop
  endfacet
  facet normal 0 0 -1
    outer loop
      vertex -65 -34 0
      vertex -64.319 -35.9032 0
      vertex -64.4944 -35.6667 0
    endloop
  endfacet
  facet normal 0 0 -1
    outer loop
      vertex -63.6667 36.4944 0
      vertex -65 34 0
      vertex -63.9032 36.319 0
    endloop
  endfacet
  facet normal 0 0 -1
    outer loop
      vertex -65 -34 0
      vertex -64.4944 -35.6667 0
      vertex -64.6458 -35.4142 0
    endloop
  endfacet
  facet normal 0 0 -1
    outer loop
      vertex -63.9032 36.319 0
      vertex -65 34 0
      vertex -64.1213 36.1213 0
    endloop
  endfacet
  facet normal 0 0 -1
    outer loop
      vertex -65 -34 0
      vertex -64.6458 -35.4142 0
      vertex -64.7716 -35.148 0
    endloop
  endfacet
  facet normal 0 0 -1
    outer loop
      vertex -64.1213 36.1213 0
      vertex -65 34 0
      vertex -64.319 35.9032 0
    endloop
  endfacet
  facet normal 0 0 -1
    outer loop
      vertex -65 -34 0
      vertex -64.7716 -35.148 0
      vertex -64.8708 -34.8709 0
    endloop
  endfacet
  facet normal 0 0 -1
    outer loop
      vertex -64.319 35.9032 0
      vertex -65 34 0
      vertex -64.4944 35.6667 0
    endloop
  endfacet
  facet normal 0 0 -1
    outer loop
      vertex -65 -34 0
      vertex -64.8708 -34.8709 0
      vertex -64.9424 -34.5853 0
    endloop
  endfacet
  facet normal 0 0 -1
    outer loop
      vertex -64.4944 35.6667 0
      vertex -65 34 0
      vertex -64.6458 35.4142 0
    endloop
  endfacet
  facet normal 0 0 -1
    outer loop
      vertex -65 -34 0
      vertex -64.9424 -34.5853 0
      vertex -64.9855 -34.2941 0
    endloop
  endfacet
  facet normal 0 0 -1
    outer loop
      vertex -64.6458 35.4142 0
      vertex -65 34 0
      vertex -64.7716 35.148 0
    endloop
  endfacet
  facet normal 0 0 -1
    outer loop
      vertex -62 -37 0
      vertex -65 -34 0
      vertex -65 -17 0
    endloop
  endfacet
  facet normal 0 0 -1
    outer loop
      vertex -64.7716 35.148 0
      vertex -65 34 0
      vertex -64.8708 34.8709 0
    endloop
  endfacet
  facet normal 0 0 -1
    outer loop
      vertex -64.8708 34.8709 0
      vertex -65 34 0
      vertex -64.9424 34.5853 0
    endloop
  endfacet
  facet normal 0 0 -1
    outer loop
      vertex -64.9424 34.5853 0
      vertex -65 34 0
      vertex -64.9855 34.2941 0
    endloop
  endfacet
  facet normal 0 0 -1
    outer loop
      vertex -69.7608 0.220538 0
      vertex -65 17 0
      vertex -69.75 0 0
    endloop
  endfacet
  facet normal 0 0 -1
    outer loop
      vertex -69.7932 0.438952 0
      vertex -65 17 0
      vertex -69.7608 0.220538 0
    endloop
  endfacet
  facet normal 0 0 -1
    outer loop
      vertex -69.8469 0.65314 0
      vertex -65 17 0
      vertex -69.7932 0.438952 0
    endloop
  endfacet
  facet normal 0 0 -1
    outer loop
      vertex -69.9213 0.861037 0
      vertex -65 17 0
      vertex -69.8469 0.65314 0
    endloop
  endfacet
  facet normal 0 0 -1
    outer loop
      vertex -70.5 8 0
      vertex -69.9213 0.861037 0
      vertex -70.0157 1.06064 0
    endloop
  endfacet
  facet normal 0 0 -1
    outer loop
      vertex -70.5 8 0
      vertex -70.0157 1.06064 0
      vertex -70.1292 1.25003 0
    endloop
  endfacet
  facet normal 0 0 -1
    outer loop
      vertex -70.5 8 0
      vertex -70.1292 1.25003 0
      vertex -70.2607 1.42738 0
    endloop
  endfacet
  facet normal 0 0 -1
    outer loop
      vertex -70.5 8 0
      vertex -70.2607 1.42738 0
      vertex -70.409 1.59099 0
    endloop
  endfacet
  facet normal 0 0 -1
    outer loop
      vertex -69.9213 0.861037 0
      vertex -70.5 8 0
      vertex -65 17 0
    endloop
  endfacet
  facet normal 0 0 -1
    outer loop
      vertex -70.5 14 0
      vertex -65 17 0
      vertex -70.5 8 0
    endloop
  endfacet
  facet normal 0 0 -1
    outer loop
      vertex -76 17 0
      vertex -70.5 14 0
      vertex -73.5 14 0
    endloop
  endfacet
  facet normal 0 0 -1
    outer loop
      vertex -73.8708 1.25003 0
      vertex -73.5 8 0
      vertex -73.7393 1.42738 0
    endloop
  endfacet
  facet normal 0 0 -1
    outer loop
      vertex -73.9843 1.06064 0
      vertex -73.5 8 0
      vertex -73.8708 1.25003 0
    endloop
  endfacet
  facet normal -0 0 -1
    outer loop
      vertex -73.5 8 0
      vertex -73.9843 1.06064 0
      vertex -79 14 0
    endloop
  endfacet
  facet normal 0 0 -1
    outer loop
      vertex -79 14 0
      vertex -73.9843 1.06064 0
      vertex -74.0787 0.861037 0
    endloop
  endfacet
  facet normal 0 0 -1
    outer loop
      vertex -79 14 0
      vertex -74.0787 0.861037 0
      vertex -74.1531 0.65314 0
    endloop
  endfacet
  facet normal 0 0 -1
    outer loop
      vertex -79 14 0
      vertex -74.1531 0.65314 0
      vertex -74.2068 0.438952 0
    endloop
  endfacet
  facet normal 0 0 -1
    outer loop
      vertex -79 14 0
      vertex -74.2068 0.438952 0
      vertex -74.2392 0.220538 0
    endloop
  endfacet
  facet normal -0 0 -1
    outer loop
      vertex -74.2392 -0.220538 0
      vertex -79 -14 0
      vertex -74.25 0 0
    endloop
  endfacet
  facet normal 0 0 -1
    outer loop
      vertex -79 14 0
      vertex -74.25 0 0
      vertex -79 -14 0
    endloop
  endfacet
  facet normal 0 0 -1
    outer loop
      vertex -70.5 14 0
      vertex -76 17 0
      vertex -65 17 0
    endloop
  endfacet
  facet normal 0 0 -1
    outer loop
      vertex -74.25 0 0
      vertex -79 14 0
      vertex -74.2392 0.220538 0
    endloop
  endfacet
  facet normal 0 0 -1
    outer loop
      vertex -79 -14 0
      vertex -76 -17 0
      vertex -76.2941 -16.9856 0
    endloop
  endfacet
  facet normal 0 0 -1
    outer loop
      vertex -73.5 8 0
      vertex -79 14 0
      vertex -73.5 14 0
    endloop
  endfacet
  facet normal 0 0 -1
    outer loop
      vertex -79 -14 0
      vertex -76.2941 -16.9856 0
      vertex -76.5853 -16.9424 0
    endloop
  endfacet
  facet normal 0 -0 -1
    outer loop
      vertex -78.9424 14.5853 0
      vertex -73.5 14 0
      vertex -79 14 0
    endloop
  endfacet
  facet normal 0 0 -1
    outer loop
      vertex -79 -14 0
      vertex -76.5853 -16.9424 0
      vertex -76.8708 -16.8708 0
    endloop
  endfacet
  facet normal 0 0 -1
    outer loop
      vertex -73.5 14 0
      vertex -76.2941 16.9856 0
      vertex -76 17 0
    endloop
  endfacet
  facet normal 0 0 -1
    outer loop
      vertex -79 -14 0
      vertex -76.8708 -16.8708 0
      vertex -77.148 -16.7716 0
    endloop
  endfacet
  facet normal 0 0 -1
    outer loop
      vertex -73.5 14 0
      vertex -76.5853 16.9424 0
      vertex -76.2941 16.9856 0
    endloop
  endfacet
  facet normal 0 0 -1
    outer loop
      vertex -79 -14 0
      vertex -77.148 -16.7716 0
      vertex -77.4142 -16.6458 0
    endloop
  endfacet
  facet normal 0 0 -1
    outer loop
      vertex -73.5 14 0
      vertex -76.8708 16.8708 0
      vertex -76.5853 16.9424 0
    endloop
  endfacet
  facet normal 0 0 -1
    outer loop
      vertex -79 -14 0
      vertex -77.4142 -16.6458 0
      vertex -77.6667 -16.4944 0
    endloop
  endfacet
  facet normal 0 0 -1
    outer loop
      vertex -73.5 14 0
      vertex -77.148 16.7716 0
      vertex -76.8708 16.8708 0
    endloop
  endfacet
  facet normal 0 0 -1
    outer loop
      vertex -79 -14 0
      vertex -77.6667 -16.4944 0
      vertex -77.9032 -16.319 0
    endloop
  endfacet
  facet normal 0 0 -1
    outer loop
      vertex -73.5 14 0
      vertex -77.4142 16.6458 0
      vertex -77.148 16.7716 0
    endloop
  endfacet
  facet normal 0 0 -1
    outer loop
      vertex -79 -14 0
      vertex -77.9032 -16.319 0
      vertex -78.1213 -16.1213 0
    endloop
  endfacet
  facet normal 0 0 -1
    outer loop
      vertex -73.5 14 0
      vertex -77.6667 16.4944 0
      vertex -77.4142 16.6458 0
    endloop
  endfacet
  facet normal 0 0 -1
    outer loop
      vertex -79 -14 0
      vertex -78.1213 -16.1213 0
      vertex -78.319 -15.9032 0
    endloop
  endfacet
  facet normal 0 0 -1
    outer loop
      vertex -73.5 14 0
      vertex -77.9032 16.319 0
      vertex -77.6667 16.4944 0
    endloop
  endfacet
  facet normal 0 0 -1
    outer loop
      vertex -79 -14 0
      vertex -78.319 -15.9032 0
      vertex -78.4944 -15.6667 0
    endloop
  endfacet
  facet normal 0 0 -1
    outer loop
      vertex -73.5 14 0
      vertex -78.1213 16.1213 0
      vertex -77.9032 16.319 0
    endloop
  endfacet
  facet normal 0 0 -1
    outer loop
      vertex -79 -14 0
      vertex -78.4944 -15.6667 0
      vertex -78.6458 -15.4142 0
    endloop
  endfacet
  facet normal 0 0 -1
    outer loop
      vertex -73.5 14 0
      vertex -78.319 15.9032 0
      vertex -78.1213 16.1213 0
    endloop
  endfacet
  facet normal 0 0 -1
    outer loop
      vertex -79 -14 0
      vertex -78.6458 -15.4142 0
      vertex -78.7716 -15.148 0
    endloop
  endfacet
  facet normal 0 0 -1
    outer loop
      vertex -73.5 14 0
      vertex -78.4944 15.6667 0
      vertex -78.319 15.9032 0
    endloop
  endfacet
  facet normal 0 0 -1
    outer loop
      vertex -79 -14 0
      vertex -78.7716 -15.148 0
      vertex -78.8708 -14.8709 0
    endloop
  endfacet
  facet normal 0 0 -1
    outer loop
      vertex -73.5 14 0
      vertex -78.6458 15.4142 0
      vertex -78.4944 15.6667 0
    endloop
  endfacet
  facet normal 0 0 -1
    outer loop
      vertex -79 -14 0
      vertex -78.8708 -14.8709 0
      vertex -78.9424 -14.5853 0
    endloop
  endfacet
  facet normal 0 0 -1
    outer loop
      vertex -73.5 14 0
      vertex -78.7716 15.148 0
      vertex -78.6458 15.4142 0
    endloop
  endfacet
  facet normal 0 0 -1
    outer loop
      vertex -79 -14 0
      vertex -78.9424 -14.5853 0
      vertex -78.9855 -14.2941 0
    endloop
  endfacet
  facet normal 0 0 -1
    outer loop
      vertex -73.5 14 0
      vertex -78.8708 14.8709 0
      vertex -78.7716 15.148 0
    endloop
  endfacet
  facet normal 0 0 -1
    outer loop
      vertex -73.5 14 0
      vertex -78.9424 14.5853 0
      vertex -78.8708 14.8709 0
    endloop
  endfacet
  facet normal 0 0 -1
    outer loop
      vertex -78.9424 14.5853 0
      vertex -79 14 0
      vertex -78.9855 14.2941 0
    endloop
  endfacet
  facet normal 0 0 -1
    outer loop
      vertex -70.2607 -1.42738 0
      vertex -70.5 -8 0
      vertex -70.409 -1.59099 0
    endloop
  endfacet
  facet normal 0 0 -1
    outer loop
      vertex -70.5 -8 0
      vertex -70.5726 -1.73927 0
      vertex -70.409 -1.59099 0
    endloop
  endfacet
  facet normal 0 0 -1
    outer loop
      vertex -70.5 -8 0
      vertex -70.75 -1.87081 0
      vertex -70.5726 -1.73927 0
    endloop
  endfacet
  facet normal 0 0 -1
    outer loop
      vertex -70.5 -8 0
      vertex -70.9394 -1.98432 0
      vertex -70.75 -1.87081 0
    endloop
  endfacet
  facet normal 0 0 -1
    outer loop
      vertex -70.5 -8 0
      vertex -71.139 -2.07873 0
      vertex -70.9394 -1.98432 0
    endloop
  endfacet
  facet normal 0 0 -1
    outer loop
      vertex -70.5 -8 0
      vertex -71.3469 -2.15312 0
      vertex -71.139 -2.07873 0
    endloop
  endfacet
  facet normal 0 0 -1
    outer loop
      vertex -70.5 -8 0
      vertex -71.5611 -2.20677 0
      vertex -71.3469 -2.15312 0
    endloop
  endfacet
  facet normal 0 0 -1
    outer loop
      vertex -70.5 -8 0
      vertex -71.7795 -2.23917 0
      vertex -71.5611 -2.20677 0
    endloop
  endfacet
  facet normal 0 0 -1
    outer loop
      vertex -70.5 -8 0
      vertex -72 -2.25 0
      vertex -71.7795 -2.23917 0
    endloop
  endfacet
  facet normal 0 0 -1
    outer loop
      vertex -73.5 -8 0
      vertex -72 -2.25 0
      vertex -70.5 -8 0
    endloop
  endfacet
  facet normal -0 0 -1
    outer loop
      vertex -72 -2.25 0
      vertex -73.5 -8 0
      vertex -72.2205 -2.23917 0
    endloop
  endfacet
  facet normal -0 0 -1
    outer loop
      vertex -72.2205 -2.23917 0
      vertex -73.5 -8 0
      vertex -72.4389 -2.20677 0
    endloop
  endfacet
  facet normal -0 0 -1
    outer loop
      vertex -72.4389 -2.20677 0
      vertex -73.5 -8 0
      vertex -72.6531 -2.15312 0
    endloop
  endfacet
  facet normal -0 0 -1
    outer loop
      vertex -72.6531 -2.15312 0
      vertex -73.5 -8 0
      vertex -72.861 -2.07873 0
    endloop
  endfacet
  facet normal -0 0 -1
    outer loop
      vertex -72.861 -2.07873 0
      vertex -73.5 -8 0
      vertex -73.0606 -1.98432 0
    endloop
  endfacet
  facet normal -0 0 -1
    outer loop
      vertex -73.0606 -1.98432 0
      vertex -73.5 -8 0
      vertex -73.25 -1.87081 0
    endloop
  endfacet
  facet normal -0 0 -1
    outer loop
      vertex -73.25 -1.87081 0
      vertex -73.5 -8 0
      vertex -73.4274 -1.73927 0
    endloop
  endfacet
  facet normal -0 0 -1
    outer loop
      vertex -73.4274 -1.73927 0
      vertex -73.5 -8 0
      vertex -73.591 -1.59099 0
    endloop
  endfacet
  facet normal 0 0 -1
    outer loop
      vertex 73.4274 1.73927 0
      vertex 73.5 8 0
      vertex 73.591 1.59099 0
    endloop
  endfacet
  facet normal 0 0 -1
    outer loop
      vertex 73.25 1.87081 0
      vertex 73.5 8 0
      vertex 73.4274 1.73927 0
    endloop
  endfacet
  facet normal 0 0 -1
    outer loop
      vertex 73.0606 1.98432 0
      vertex 73.5 8 0
      vertex 73.25 1.87081 0
    endloop
  endfacet
  facet normal 0 0 -1
    outer loop
      vertex 72.861 2.07873 0
      vertex 73.5 8 0
      vertex 73.0606 1.98432 0
    endloop
  endfacet
  facet normal 0 0 -1
    outer loop
      vertex 72.6531 2.15312 0
      vertex 73.5 8 0
      vertex 72.861 2.07873 0
    endloop
  endfacet
  facet normal 0 0 -1
    outer loop
      vertex 72.4389 2.20677 0
      vertex 73.5 8 0
      vertex 72.6531 2.15312 0
    endloop
  endfacet
  facet normal 0 0 -1
    outer loop
      vertex 72.2205 2.23917 0
      vertex 73.5 8 0
      vertex 72.4389 2.20677 0
    endloop
  endfacet
  facet normal 0 0 -1
    outer loop
      vertex 72 2.25 0
      vertex 73.5 8 0
      vertex 72.2205 2.23917 0
    endloop
  endfacet
  facet normal 0 0 -1
    outer loop
      vertex 70.5 8 0
      vertex 72 2.25 0
      vertex 71.7795 2.23917 0
    endloop
  endfacet
  facet normal 0 0 -1
    outer loop
      vertex 70.5 8 0
      vertex 71.7795 2.23917 0
      vertex 71.5611 2.20677 0
    endloop
  endfacet
  facet normal 0 0 -1
    outer loop
      vertex 70.5 8 0
      vertex 71.5611 2.20677 0
      vertex 71.3469 2.15312 0
    endloop
  endfacet
  facet normal 0 0 -1
    outer loop
      vertex 70.5 8 0
      vertex 71.3469 2.15312 0
      vertex 71.139 2.07873 0
    endloop
  endfacet
  facet normal 0 0 -1
    outer loop
      vertex 70.5 8 0
      vertex 71.139 2.07873 0
      vertex 70.9394 1.98432 0
    endloop
  endfacet
  facet normal 0 0 -1
    outer loop
      vertex 70.5 8 0
      vertex 70.9394 1.98432 0
      vertex 70.75 1.87081 0
    endloop
  endfacet
  facet normal 0 0 -1
    outer loop
      vertex 70.5 8 0
      vertex 70.75 1.87081 0
      vertex 70.5726 1.73927 0
    endloop
  endfacet
  facet normal 0 0 -1
    outer loop
      vertex 72 2.25 0
      vertex 70.5 8 0
      vertex 73.5 8 0
    endloop
  endfacet
  facet normal 0 0 -1
    outer loop
      vertex 70.2607 1.42738 0
      vertex 70.5 8 0
      vertex 70.409 1.59099 0
    endloop
  endfacet
  facet normal 0 0 -1
    outer loop
      vertex 70.409 1.59099 0
      vertex 70.5 8 0
      vertex 70.5726 1.73927 0
    endloop
  endfacet
  facet normal 0 0 -1
    outer loop
      vertex 73.5 -14 0
      vertex 79 -14 0
      vertex 78.9855 -14.2941 0
    endloop
  endfacet
  facet normal 0 0 -1
    outer loop
      vertex 79 -14 0
      vertex 74.25 0 0
      vertex 79 14 0
    endloop
  endfacet
  facet normal 0 0 -1
    outer loop
      vertex 73.5 -14 0
      vertex 78.9855 -14.2941 0
      vertex 78.9424 -14.5853 0
    endloop
  endfacet
  facet normal 0 0 -1
    outer loop
      vertex 74.2392 0.220538 0
      vertex 79 14 0
      vertex 74.25 0 0
    endloop
  endfacet
  facet normal 0 0 -1
    outer loop
      vertex 73.5 -14 0
      vertex 78.9424 -14.5853 0
      vertex 78.8708 -14.8709 0
    endloop
  endfacet
  facet normal 0 0 -1
    outer loop
      vertex 74.2068 0.438952 0
      vertex 79 14 0
      vertex 74.2392 0.220538 0
    endloop
  endfacet
  facet normal 0 0 -1
    outer loop
      vertex 73.5 -14 0
      vertex 78.8708 -14.8709 0
      vertex 78.7716 -15.148 0
    endloop
  endfacet
  facet normal 0 0 -1
    outer loop
      vertex 74.1531 0.65314 0
      vertex 79 14 0
      vertex 74.2068 0.438952 0
    endloop
  endfacet
  facet normal 0 0 -1
    outer loop
      vertex 73.5 -14 0
      vertex 78.7716 -15.148 0
      vertex 78.6458 -15.4142 0
    endloop
  endfacet
  facet normal 0 0 -1
    outer loop
      vertex 74.0787 0.861037 0
      vertex 79 14 0
      vertex 74.1531 0.65314 0
    endloop
  endfacet
  facet normal 0 0 -1
    outer loop
      vertex 73.5 -14 0
      vertex 78.6458 -15.4142 0
      vertex 78.4944 -15.6667 0
    endloop
  endfacet
  facet normal 0 0 -1
    outer loop
      vertex 73.9843 1.06064 0
      vertex 79 14 0
      vertex 74.0787 0.861037 0
    endloop
  endfacet
  facet normal 0 0 -1
    outer loop
      vertex 73.5 -14 0
      vertex 78.4944 -15.6667 0
      vertex 78.319 -15.9032 0
    endloop
  endfacet
  facet normal 0 0 -1
    outer loop
      vertex 73.5 14 0
      vertex 79 14 0
      vertex 73.5 8 0
    endloop
  endfacet
  facet normal 0 0 -1
    outer loop
      vertex 73.5 -14 0
      vertex 78.319 -15.9032 0
      vertex 78.1213 -16.1213 0
    endloop
  endfacet
  facet normal 0 0 -1
    outer loop
      vertex 79 14 0
      vertex 73.5 14 0
      vertex 78.9855 14.2941 0
    endloop
  endfacet
  facet normal 0 0 -1
    outer loop
      vertex 73.5 -14 0
      vertex 78.1213 -16.1213 0
      vertex 77.9032 -16.319 0
    endloop
  endfacet
  facet normal -0 0 -1
    outer loop
      vertex 78.9855 14.2941 0
      vertex 73.5 14 0
      vertex 78.9424 14.5853 0
    endloop
  endfacet
  facet normal 0 0 -1
    outer loop
      vertex 73.5 -14 0
      vertex 77.9032 -16.319 0
      vertex 77.6667 -16.4944 0
    endloop
  endfacet
  facet normal -0 0 -1
    outer loop
      vertex 78.9424 14.5853 0
      vertex 73.5 14 0
      vertex 78.8708 14.8709 0
    endloop
  endfacet
  facet normal 0 0 -1
    outer loop
      vertex 73.5 -14 0
      vertex 77.6667 -16.4944 0
      vertex 77.4142 -16.6458 0
    endloop
  endfacet
  facet normal -0 0 -1
    outer loop
      vertex 78.8708 14.8709 0
      vertex 73.5 14 0
      vertex 78.7716 15.148 0
    endloop
  endfacet
  facet normal 0 0 -1
    outer loop
      vertex 73.5 -14 0
      vertex 77.4142 -16.6458 0
      vertex 77.148 -16.7716 0
    endloop
  endfacet
  facet normal -0 0 -1
    outer loop
      vertex 78.7716 15.148 0
      vertex 73.5 14 0
      vertex 78.6458 15.4142 0
    endloop
  endfacet
  facet normal 0 0 -1
    outer loop
      vertex 73.5 -14 0
      vertex 77.148 -16.7716 0
      vertex 76.8708 -16.8708 0
    endloop
  endfacet
  facet normal -0 0 -1
    outer loop
      vertex 78.4944 15.6667 0
      vertex 73.5 14 0
      vertex 78.319 15.9032 0
    endloop
  endfacet
  facet normal 0 0 -1
    outer loop
      vertex 73.5 -14 0
      vertex 76.8708 -16.8708 0
      vertex 76.5853 -16.9424 0
    endloop
  endfacet
  facet normal -0 0 -1
    outer loop
      vertex 78.319 15.9032 0
      vertex 73.5 14 0
      vertex 78.1213 16.1213 0
    endloop
  endfacet
  facet normal 0 0 -1
    outer loop
      vertex 73.5 -14 0
      vertex 76.5853 -16.9424 0
      vertex 76.2941 -16.9856 0
    endloop
  endfacet
  facet normal -0 0 -1
    outer loop
      vertex 78.1213 16.1213 0
      vertex 73.5 14 0
      vertex 77.9032 16.319 0
    endloop
  endfacet
  facet normal 0 0 -1
    outer loop
      vertex 73.5 -14 0
      vertex 76.2941 -16.9856 0
      vertex 76 -17 0
    endloop
  endfacet
  facet normal -0 0 -1
    outer loop
      vertex 77.9032 16.319 0
      vertex 73.5 14 0
      vertex 77.6667 16.4944 0
    endloop
  endfacet
  facet normal -0 0 -1
    outer loop
      vertex 77.6667 16.4944 0
      vertex 73.5 14 0
      vertex 77.4142 16.6458 0
    endloop
  endfacet
  facet normal 0 0 -1
    outer loop
      vertex 79 -14 0
      vertex 74.2392 -0.220538 0
      vertex 74.25 0 0
    endloop
  endfacet
  facet normal 0 0 -1
    outer loop
      vertex 79 -14 0
      vertex 74.2068 -0.438952 0
      vertex 74.2392 -0.220538 0
    endloop
  endfacet
  facet normal 0 0 -1
    outer loop
      vertex 79 -14 0
      vertex 74.1531 -0.65314 0
      vertex 74.2068 -0.438952 0
    endloop
  endfacet
  facet normal 0 -0 -1
    outer loop
      vertex 73.9843 -1.06064 0
      vertex 79 -14 0
      vertex 73.5 -8 0
    endloop
  endfacet
  facet normal 0 0 -1
    outer loop
      vertex 79 -14 0
      vertex 74.0787 -0.861037 0
      vertex 74.1531 -0.65314 0
    endloop
  endfacet
  facet normal 0 0 -1
    outer loop
      vertex 79 -14 0
      vertex 73.9843 -1.06064 0
      vertex 74.0787 -0.861037 0
    endloop
  endfacet
  facet normal 0 0 -1
    outer loop
      vertex 73.9843 -1.06064 0
      vertex 73.5 -8 0
      vertex 73.8708 -1.25003 0
    endloop
  endfacet
  facet normal 0 0 -1
    outer loop
      vertex 73.8708 -1.25003 0
      vertex 73.5 -8 0
      vertex 73.7393 -1.42738 0
    endloop
  endfacet
  facet normal 0 0 -1
    outer loop
      vertex 79 -14 0
      vertex 73.5 -14 0
      vertex 73.5 -8 0
    endloop
  endfacet
  facet normal 0 0 -1
    outer loop
      vertex 76 -17 0
      vertex 70.5 -14 0
      vertex 73.5 -14 0
    endloop
  endfacet
  facet normal 0 0 -1
    outer loop
      vertex 65 -17 0
      vertex 70.5 -8 0
      vertex 70.5 -14 0
    endloop
  endfacet
  facet normal 0 -0 -1
    outer loop
      vertex 69.9213 -0.861037 0
      vertex 70.5 -8 0
      vertex 65 -17 0
    endloop
  endfacet
  facet normal 0 0 -1
    outer loop
      vertex 70.5 -8 0
      vertex 70.2607 -1.42738 0
      vertex 70.409 -1.59099 0
    endloop
  endfacet
  facet normal 0 0 -1
    outer loop
      vertex 70.5 -8 0
      vertex 70.1292 -1.25003 0
      vertex 70.2607 -1.42738 0
    endloop
  endfacet
  facet normal 0 0 -1
    outer loop
      vertex 70.5 -8 0
      vertex 70.0157 -1.06064 0
      vertex 70.1292 -1.25003 0
    endloop
  endfacet
  facet normal 0 0 -1
    outer loop
      vertex 70.5 -8 0
      vertex 69.9213 -0.861037 0
      vertex 70.0157 -1.06064 0
    endloop
  endfacet
  facet normal -0 0 -1
    outer loop
      vertex 69.9213 -0.861037 0
      vertex 65 -17 0
      vertex 69.8469 -0.65314 0
    endloop
  endfacet
  facet normal -0 0 -1
    outer loop
      vertex 69.8469 -0.65314 0
      vertex 65 -17 0
      vertex 69.7932 -0.438952 0
    endloop
  endfacet
  facet normal -0 0 -1
    outer loop
      vertex 69.7608 -0.220538 0
      vertex 65 -17 0
      vertex 69.75 0 0
    endloop
  endfacet
  facet normal -0 0 -1
    outer loop
      vertex 69.7932 -0.438952 0
      vertex 65 -17 0
      vertex 69.7608 -0.220538 0
    endloop
  endfacet
  facet normal 0 0 -1
    outer loop
      vertex 65 -17 0
      vertex 70.5 -14 0
      vertex 76 -17 0
    endloop
  endfacet
  facet normal -0 0 -1
    outer loop
      vertex 77.4142 16.6458 0
      vertex 73.5 14 0
      vertex 77.148 16.7716 0
    endloop
  endfacet
  facet normal -0 0 -1
    outer loop
      vertex 77.148 16.7716 0
      vertex 73.5 14 0
      vertex 76.8708 16.8708 0
    endloop
  endfacet
  facet normal -0 0 -1
    outer loop
      vertex 76.8708 16.8708 0
      vertex 73.5 14 0
      vertex 76.5853 16.9424 0
    endloop
  endfacet
  facet normal -0 0 -1
    outer loop
      vertex 78.6458 15.4142 0
      vertex 73.5 14 0
      vertex 78.4944 15.6667 0
    endloop
  endfacet
  facet normal 0 0 -1
    outer loop
      vertex 79 14 0
      vertex 73.9843 1.06064 0
      vertex 73.5 8 0
    endloop
  endfacet
  facet normal 0 0 -1
    outer loop
      vertex 73.5 8 0
      vertex 73.9843 1.06064 0
      vertex 73.8708 1.25003 0
    endloop
  endfacet
  facet normal 0 0 -1
    outer loop
      vertex 73.5 8 0
      vertex 73.8708 1.25003 0
      vertex 73.7393 1.42738 0
    endloop
  endfacet
  facet normal 0 0 -1
    outer loop
      vertex 73.5 8 0
      vertex 73.7393 1.42738 0
      vertex 73.591 1.59099 0
    endloop
  endfacet
  facet normal -0 0 -1
    outer loop
      vertex 76.5853 16.9424 0
      vertex 73.5 14 0
      vertex 76.2941 16.9856 0
    endloop
  endfacet
  facet normal -0 0 -1
    outer loop
      vertex 76.2941 16.9856 0
      vertex 73.5 14 0
      vertex 76 17 0
    endloop
  endfacet
  facet normal 0 0 -1
    outer loop
      vertex 70.5 14 0
      vertex 76 17 0
      vertex 73.5 14 0
    endloop
  endfacet
  facet normal 0 0 -1
    outer loop
      vertex 70.1292 1.25003 0
      vertex 70.5 8 0
      vertex 70.2607 1.42738 0
    endloop
  endfacet
  facet normal 0 0 -1
    outer loop
      vertex 70.0157 1.06064 0
      vertex 70.5 8 0
      vertex 70.1292 1.25003 0
    endloop
  endfacet
  facet normal 0 0 -1
    outer loop
      vertex 69.9213 0.861037 0
      vertex 70.5 8 0
      vertex 70.0157 1.06064 0
    endloop
  endfacet
  facet normal -0 0 -1
    outer loop
      vertex 70.5 8 0
      vertex 69.9213 0.861037 0
      vertex 65 17 0
    endloop
  endfacet
  facet normal 0 0 -1
    outer loop
      vertex 65 17 0
      vertex 69.9213 0.861037 0
      vertex 69.8469 0.65314 0
    endloop
  endfacet
  facet normal 0 0 -1
    outer loop
      vertex 65 17 0
      vertex 69.8469 0.65314 0
      vertex 69.7932 0.438952 0
    endloop
  endfacet
  facet normal 0 0 -1
    outer loop
      vertex 65 17 0
      vertex 69.7932 0.438952 0
      vertex 69.7608 0.220538 0
    endloop
  endfacet
  facet normal 0 0 -1
    outer loop
      vertex 65 17 0
      vertex 69.75 0 0
      vertex 65 -17 0
    endloop
  endfacet
  facet normal 0 0 -1
    outer loop
      vertex 69.75 0 0
      vertex 65 17 0
      vertex 69.7608 0.220538 0
    endloop
  endfacet
  facet normal 0 0 -1
    outer loop
      vertex 70.5 14 0
      vertex 65 17 0
      vertex 76 17 0
    endloop
  endfacet
  facet normal 0 0 -1
    outer loop
      vertex 70.5 8 0
      vertex 65 17 0
      vertex 70.5 14 0
    endloop
  endfacet
  facet normal 0 0 -1
    outer loop
      vertex 73.7393 -1.42738 0
      vertex 73.5 -8 0
      vertex 73.591 -1.59099 0
    endloop
  endfacet
  facet normal 0 0 -1
    outer loop
      vertex 73.5 -8 0
      vertex 73.4274 -1.73927 0
      vertex 73.591 -1.59099 0
    endloop
  endfacet
  facet normal 0 0 -1
    outer loop
      vertex 73.5 -8 0
      vertex 73.25 -1.87081 0
      vertex 73.4274 -1.73927 0
    endloop
  endfacet
  facet normal 0 0 -1
    outer loop
      vertex 73.5 -8 0
      vertex 73.0606 -1.98432 0
      vertex 73.25 -1.87081 0
    endloop
  endfacet
  facet normal 0 0 -1
    outer loop
      vertex 73.5 -8 0
      vertex 72.861 -2.07873 0
      vertex 73.0606 -1.98432 0
    endloop
  endfacet
  facet normal 0 0 -1
    outer loop
      vertex 73.5 -8 0
      vertex 72.6531 -2.15312 0
      vertex 72.861 -2.07873 0
    endloop
  endfacet
  facet normal 0 0 -1
    outer loop
      vertex 73.5 -8 0
      vertex 72.4389 -2.20677 0
      vertex 72.6531 -2.15312 0
    endloop
  endfacet
  facet normal 0 0 -1
    outer loop
      vertex 73.5 -8 0
      vertex 72.2205 -2.23917 0
      vertex 72.4389 -2.20677 0
    endloop
  endfacet
  facet normal 0 0 -1
    outer loop
      vertex 73.5 -8 0
      vertex 72 -2.25 0
      vertex 72.2205 -2.23917 0
    endloop
  endfacet
  facet normal 0 0 -1
    outer loop
      vertex 70.5 -8 0
      vertex 72 -2.25 0
      vertex 73.5 -8 0
    endloop
  endfacet
  facet normal -0 0 -1
    outer loop
      vertex 72 -2.25 0
      vertex 70.5 -8 0
      vertex 71.7795 -2.23917 0
    endloop
  endfacet
  facet normal -0 0 -1
    outer loop
      vertex 71.7795 -2.23917 0
      vertex 70.5 -8 0
      vertex 71.5611 -2.20677 0
    endloop
  endfacet
  facet normal -0 0 -1
    outer loop
      vertex 71.5611 -2.20677 0
      vertex 70.5 -8 0
      vertex 71.3469 -2.15312 0
    endloop
  endfacet
  facet normal -0 0 -1
    outer loop
      vertex 71.3469 -2.15312 0
      vertex 70.5 -8 0
      vertex 71.139 -2.07873 0
    endloop
  endfacet
  facet normal -0 0 -1
    outer loop
      vertex 71.139 -2.07873 0
      vertex 70.5 -8 0
      vertex 70.9394 -1.98432 0
    endloop
  endfacet
  facet normal -0 0 -1
    outer loop
      vertex 70.9394 -1.98432 0
      vertex 70.5 -8 0
      vertex 70.75 -1.87081 0
    endloop
  endfacet
  facet normal -0 0 -1
    outer loop
      vertex 70.75 -1.87081 0
      vertex 70.5 -8 0
      vertex 70.5726 -1.73927 0
    endloop
  endfacet
  facet normal -0 0 -1
    outer loop
      vertex 70.5726 -1.73927 0
      vertex 70.5 -8 0
      vertex 70.409 -1.59099 0
    endloop
  endfacet
  facet normal -0.146746 0.989174 0
    outer loop
      vertex -76.2941 16.9856 0
      vertex -76.5853 16.9424 4
      vertex -76.2941 16.9856 4
    endloop
  endfacet
  facet normal -0.146746 0.989174 0
    outer loop
      vertex -76.5853 16.9424 4
      vertex -76.2941 16.9856 0
      vertex -76.5853 16.9424 0
    endloop
  endfacet
  facet normal -0.427269 0.904125 0
    outer loop
      vertex -77.148 16.7716 0
      vertex -77.4142 16.6458 4
      vertex -77.148 16.7716 4
    endloop
  endfacet
  facet normal -0.427269 0.904125 0
    outer loop
      vertex -77.4142 16.6458 4
      vertex -77.148 16.7716 0
      vertex -77.4142 16.6458 0
    endloop
  endfacet
  facet normal -0.969982 0.243175 0
    outer loop
      vertex -78.9424 14.5853 0
      vertex -78.8708 14.8709 4
      vertex -78.8708 14.8709 0
    endloop
  endfacet
  facet normal -0.969982 0.243175 0
    outer loop
      vertex -78.8708 14.8709 4
      vertex -78.9424 14.5853 0
      vertex -78.9424 14.5853 4
    endloop
  endfacet
  facet normal -0.146746 -0.989174 0
    outer loop
      vertex -76.5853 -16.9424 0
      vertex -76.2941 -16.9856 4
      vertex -76.5853 -16.9424 4
    endloop
  endfacet
  facet normal -0.146746 -0.989174 -0
    outer loop
      vertex -76.2941 -16.9856 4
      vertex -76.5853 -16.9424 0
      vertex -76.2941 -16.9856 0
    endloop
  endfacet
  facet normal -0.243255 -0.969962 0
    outer loop
      vertex -76.8708 -16.8708 0
      vertex -76.5853 -16.9424 4
      vertex -76.8708 -16.8708 4
    endloop
  endfacet
  facet normal -0.243255 -0.969962 -0
    outer loop
      vertex -76.5853 -16.9424 4
      vertex -76.8708 -16.8708 0
      vertex -76.5853 -16.9424 0
    endloop
  endfacet
  facet normal -0.427269 -0.904125 0
    outer loop
      vertex -77.4142 -16.6458 0
      vertex -77.148 -16.7716 4
      vertex -77.4142 -16.6458 4
    endloop
  endfacet
  facet normal -0.427269 -0.904125 -0
    outer loop
      vertex -77.148 -16.7716 4
      vertex -77.4142 -16.6458 0
      vertex -77.148 -16.7716 0
    endloop
  endfacet
  facet normal -0.336939 0.941527 0
    outer loop
      vertex -76.8708 16.8708 0
      vertex -77.148 16.7716 4
      vertex -76.8708 16.8708 4
    endloop
  endfacet
  facet normal -0.336939 0.941527 0
    outer loop
      vertex -77.148 16.7716 4
      vertex -76.8708 16.8708 0
      vertex -77.148 16.7716 0
    endloop
  endfacet
  facet normal -0.243255 0.969962 0
    outer loop
      vertex -76.5853 16.9424 0
      vertex -76.8708 16.8708 4
      vertex -76.5853 16.9424 4
    endloop
  endfacet
  facet normal -0.243255 0.969962 0
    outer loop
      vertex -76.8708 16.8708 4
      vertex -76.5853 16.9424 0
      vertex -76.8708 16.8708 0
    endloop
  endfacet
  facet normal 0 0 1
    outer loop
      vertex -66 -1.18288 4
      vertex -70.5726 -1.73927 4
      vertex -70.5 -8 4
    endloop
  endfacet
  facet normal -0 0 1
    outer loop
      vertex -70.75 -1.87081 4
      vertex -70.5 -8 4
      vertex -70.5726 -1.73927 4
    endloop
  endfacet
  facet normal -0 0 1
    outer loop
      vertex -70.9394 -1.98432 4
      vertex -70.5 -8 4
      vertex -70.75 -1.87081 4
    endloop
  endfacet
  facet normal -0 0 1
    outer loop
      vertex -71.139 -2.07873 4
      vertex -70.5 -8 4
      vertex -70.9394 -1.98432 4
    endloop
  endfacet
  facet normal -0 0 1
    outer loop
      vertex -71.3469 -2.15312 4
      vertex -70.5 -8 4
      vertex -71.139 -2.07873 4
    endloop
  endfacet
  facet normal -0 0 1
    outer loop
      vertex -71.5611 -2.20677 4
      vertex -70.5 -8 4
      vertex -71.3469 -2.15312 4
    endloop
  endfacet
  facet normal -0 0 1
    outer loop
      vertex -71.7795 -2.23917 4
      vertex -70.5 -8 4
      vertex -71.5611 -2.20677 4
    endloop
  endfacet
  facet normal -0 0 1
    outer loop
      vertex -72 -2.25 4
      vertex -70.5 -8 4
      vertex -71.7795 -2.23917 4
    endloop
  endfacet
  facet normal 0 0 1
    outer loop
      vertex -73.5 -8 4
      vertex -72 -2.25 4
      vertex -72.2205 -2.23917 4
    endloop
  endfacet
  facet normal 0 0 1
    outer loop
      vertex -73.5 -8 4
      vertex -72.2205 -2.23917 4
      vertex -72.4389 -2.20677 4
    endloop
  endfacet
  facet normal 0 0 1
    outer loop
      vertex -73.5 -8 4
      vertex -72.4389 -2.20677 4
      vertex -72.6531 -2.15312 4
    endloop
  endfacet
  facet normal 0 0 1
    outer loop
      vertex -73.5 -8 4
      vertex -72.6531 -2.15312 4
      vertex -72.861 -2.07873 4
    endloop
  endfacet
  facet normal 0 0 1
    outer loop
      vertex -73.5 -8 4
      vertex -72.861 -2.07873 4
      vertex -73.0606 -1.98432 4
    endloop
  endfacet
  facet normal 0 0 1
    outer loop
      vertex -73.5 -8 4
      vertex -73.0606 -1.98432 4
      vertex -73.25 -1.87081 4
    endloop
  endfacet
  facet normal 0 0 1
    outer loop
      vertex -73.5 -8 4
      vertex -73.25 -1.87081 4
      vertex -73.4274 -1.73927 4
    endloop
  endfacet
  facet normal 0 0 1
    outer loop
      vertex -72 -2.25 4
      vertex -73.5 -8 4
      vertex -70.5 -8 4
    endloop
  endfacet
  facet normal 0 0 1
    outer loop
      vertex -73.7393 -1.42738 4
      vertex -73.5 -8 4
      vertex -73.591 -1.59099 4
    endloop
  endfacet
  facet normal 0 0 1
    outer loop
      vertex -73.591 -1.59099 4
      vertex -73.5 -8 4
      vertex -73.4274 -1.73927 4
    endloop
  endfacet
  facet normal -0 0 1
    outer loop
      vertex -70.5 8 4
      vertex -65 1.18288 4
      vertex -65 17 4
    endloop
  endfacet
  facet normal 0 0 1
    outer loop
      vertex -66 1.18288 4
      vertex -69.75 0 4
      vertex -66 -1.18288 4
    endloop
  endfacet
  facet normal 0 0 1
    outer loop
      vertex -65 1.18288 4
      vertex -70.5 8 4
      vertex -66 1.18288 4
    endloop
  endfacet
  facet normal 0 0 1
    outer loop
      vertex -66 1.18288 4
      vertex -69.7608 0.220538 4
      vertex -69.75 0 4
    endloop
  endfacet
  facet normal 0 0 1
    outer loop
      vertex -66 1.18288 4
      vertex -69.7932 0.438952 4
      vertex -69.7608 0.220538 4
    endloop
  endfacet
  facet normal 0 0 1
    outer loop
      vertex -66 1.18288 4
      vertex -69.8469 0.65314 4
      vertex -69.7932 0.438952 4
    endloop
  endfacet
  facet normal 0 0 1
    outer loop
      vertex -66 1.18288 4
      vertex -69.9213 0.861037 4
      vertex -69.8469 0.65314 4
    endloop
  endfacet
  facet normal -0 0 1
    outer loop
      vertex -70.5726 1.73927 4
      vertex -66 1.18288 4
      vertex -70.5 8 4
    endloop
  endfacet
  facet normal 0 0 1
    outer loop
      vertex -66 1.18288 4
      vertex -70.0157 1.06064 4
      vertex -69.9213 0.861037 4
    endloop
  endfacet
  facet normal 0 0 1
    outer loop
      vertex -66 1.18288 4
      vertex -70.1292 1.25003 4
      vertex -70.0157 1.06064 4
    endloop
  endfacet
  facet normal 0 0 1
    outer loop
      vertex -66 1.18288 4
      vertex -70.2607 1.42738 4
      vertex -70.1292 1.25003 4
    endloop
  endfacet
  facet normal 0 0 1
    outer loop
      vertex -70.5 8 4
      vertex -65 17 4
      vertex -70.5 14 4
    endloop
  endfacet
  facet normal -0 0 1
    outer loop
      vertex -76 17 4
      vertex -70.5 14 4
      vertex -65 17 4
    endloop
  endfacet
  facet normal -0 0 1
    outer loop
      vertex -79 14 4
      vertex -73.5 8 4
      vertex -73.5 14 4
    endloop
  endfacet
  facet normal 0 -0 1
    outer loop
      vertex -73.9843 1.06064 4
      vertex -73.5 8 4
      vertex -79 14 4
    endloop
  endfacet
  facet normal 0 0 1
    outer loop
      vertex -73.5 8 4
      vertex -73.7393 1.42738 4
      vertex -73.591 1.59099 4
    endloop
  endfacet
  facet normal 0 0 1
    outer loop
      vertex -73.5 8 4
      vertex -73.8708 1.25003 4
      vertex -73.7393 1.42738 4
    endloop
  endfacet
  facet normal 0 0 1
    outer loop
      vertex -73.5 8 4
      vertex -73.9843 1.06064 4
      vertex -73.8708 1.25003 4
    endloop
  endfacet
  facet normal 0 0 1
    outer loop
      vertex -73.9843 1.06064 4
      vertex -79 14 4
      vertex -74.0787 0.861037 4
    endloop
  endfacet
  facet normal 0 0 1
    outer loop
      vertex -74.0787 0.861037 4
      vertex -79 14 4
      vertex -74.1531 0.65314 4
    endloop
  endfacet
  facet normal 0 0 1
    outer loop
      vertex -74.1531 0.65314 4
      vertex -79 14 4
      vertex -74.2068 0.438952 4
    endloop
  endfacet
  facet normal 0 0 1
    outer loop
      vertex -74.2068 0.438952 4
      vertex -79 14 4
      vertex -74.2392 0.220538 4
    endloop
  endfacet
  facet normal 0 0 1
    outer loop
      vertex -79 14 4
      vertex -73.5 14 4
      vertex -76 17 4
    endloop
  endfacet
  facet normal 0 0 1
    outer loop
      vertex -70.5 14 4
      vertex -76 17 4
      vertex -73.5 14 4
    endloop
  endfacet
  facet normal 0 0 1
    outer loop
      vertex -70.5 -8 4
      vertex -65 -1.18288 4
      vertex -66 -1.18288 4
    endloop
  endfacet
  facet normal -0 0 1
    outer loop
      vertex -69.7608 -0.220538 4
      vertex -66 -1.18288 4
      vertex -69.75 0 4
    endloop
  endfacet
  facet normal -0 0 1
    outer loop
      vertex -69.7932 -0.438952 4
      vertex -66 -1.18288 4
      vertex -69.7608 -0.220538 4
    endloop
  endfacet
  facet normal -0 0 1
    outer loop
      vertex -69.8469 -0.65314 4
      vertex -66 -1.18288 4
      vertex -69.7932 -0.438952 4
    endloop
  endfacet
  facet normal -0 0 1
    outer loop
      vertex -69.9213 -0.861037 4
      vertex -66 -1.18288 4
      vertex -69.8469 -0.65314 4
    endloop
  endfacet
  facet normal -0 0 1
    outer loop
      vertex -70.0157 -1.06064 4
      vertex -66 -1.18288 4
      vertex -69.9213 -0.861037 4
    endloop
  endfacet
  facet normal 0 0 1
    outer loop
      vertex -70.1292 -1.25003 4
      vertex -66 -1.18288 4
      vertex -70.0157 -1.06064 4
    endloop
  endfacet
  facet normal 0 0 1
    outer loop
      vertex -70.2607 -1.42738 4
      vertex -66 -1.18288 4
      vertex -70.1292 -1.25003 4
    endloop
  endfacet
  facet normal 0 0 1
    outer loop
      vertex -70.409 -1.59099 4
      vertex -66 -1.18288 4
      vertex -70.2607 -1.42738 4
    endloop
  endfacet
  facet normal 0 0 1
    outer loop
      vertex -70.5726 -1.73927 4
      vertex -66 -1.18288 4
      vertex -70.409 -1.59099 4
    endloop
  endfacet
  facet normal 0 0 1
    outer loop
      vertex -65 -1.18288 4
      vertex -70.5 -8 4
      vertex -65 -17 4
    endloop
  endfacet
  facet normal -0 0 1
    outer loop
      vertex -70.5 -14 4
      vertex -65 -17 4
      vertex -70.5 -8 4
    endloop
  endfacet
  facet normal 0 0 1
    outer loop
      vertex -76 -17 4
      vertex -70.5 -14 4
      vertex -73.5 -14 4
    endloop
  endfacet
  facet normal 0 0 1
    outer loop
      vertex -73.8708 -1.25003 4
      vertex -73.5 -8 4
      vertex -73.7393 -1.42738 4
    endloop
  endfacet
  facet normal 0 0 1
    outer loop
      vertex -73.9843 -1.06064 4
      vertex -73.5 -8 4
      vertex -73.8708 -1.25003 4
    endloop
  endfacet
  facet normal 0 0 1
    outer loop
      vertex -73.5 -8 4
      vertex -73.9843 -1.06064 4
      vertex -79 -14 4
    endloop
  endfacet
  facet normal 0 0 1
    outer loop
      vertex -79 -14 4
      vertex -73.9843 -1.06064 4
      vertex -74.0787 -0.861037 4
    endloop
  endfacet
  facet normal 0 0 1
    outer loop
      vertex -79 -14 4
      vertex -74.0787 -0.861037 4
      vertex -74.1531 -0.65314 4
    endloop
  endfacet
  facet normal 0 0 1
    outer loop
      vertex -79 -14 4
      vertex -74.1531 -0.65314 4
      vertex -74.2068 -0.438952 4
    endloop
  endfacet
  facet normal 0 0 1
    outer loop
      vertex -79 -14 4
      vertex -74.2068 -0.438952 4
      vertex -74.2392 -0.220538 4
    endloop
  endfacet
  facet normal 0 0 1
    outer loop
      vertex -74.2392 0.220538 4
      vertex -79 14 4
      vertex -74.25 0 4
    endloop
  endfacet
  facet normal 0 0 1
    outer loop
      vertex -79 -14 4
      vertex -74.25 0 4
      vertex -79 14 4
    endloop
  endfacet
  facet normal 0 0 1
    outer loop
      vertex -70.5 -14 4
      vertex -76 -17 4
      vertex -65 -17 4
    endloop
  endfacet
  facet normal 0 0 1
    outer loop
      vertex -74.25 0 4
      vertex -79 -14 4
      vertex -74.2392 -0.220538 4
    endloop
  endfacet
  facet normal 0 0 1
    outer loop
      vertex -79 14 4
      vertex -76 17 4
      vertex -76.2941 16.9856 4
    endloop
  endfacet
  facet normal 0 0 1
    outer loop
      vertex -73.5 -8 4
      vertex -79 -14 4
      vertex -73.5 -14 4
    endloop
  endfacet
  facet normal 0 0 1
    outer loop
      vertex -79 14 4
      vertex -76.2941 16.9856 4
      vertex -76.5853 16.9424 4
    endloop
  endfacet
  facet normal 0 -0 1
    outer loop
      vertex -78.9424 -14.5853 4
      vertex -73.5 -14 4
      vertex -79 -14 4
    endloop
  endfacet
  facet normal 0 0 1
    outer loop
      vertex -79 14 4
      vertex -76.5853 16.9424 4
      vertex -76.8708 16.8708 4
    endloop
  endfacet
  facet normal 0 0 1
    outer loop
      vertex -73.5 -14 4
      vertex -76.2941 -16.9856 4
      vertex -76 -17 4
    endloop
  endfacet
  facet normal 0 0 1
    outer loop
      vertex -79 14 4
      vertex -76.8708 16.8708 4
      vertex -77.148 16.7716 4
    endloop
  endfacet
  facet normal 0 0 1
    outer loop
      vertex -73.5 -14 4
      vertex -76.5853 -16.9424 4
      vertex -76.2941 -16.9856 4
    endloop
  endfacet
  facet normal 0 0 1
    outer loop
      vertex -79 14 4
      vertex -77.148 16.7716 4
      vertex -77.4142 16.6458 4
    endloop
  endfacet
  facet normal 0 0 1
    outer loop
      vertex -73.5 -14 4
      vertex -76.8708 -16.8708 4
      vertex -76.5853 -16.9424 4
    endloop
  endfacet
  facet normal 0 0 1
    outer loop
      vertex -79 14 4
      vertex -77.4142 16.6458 4
      vertex -77.6667 16.4944 4
    endloop
  endfacet
  facet normal 0 0 1
    outer loop
      vertex -73.5 -14 4
      vertex -77.148 -16.7716 4
      vertex -76.8708 -16.8708 4
    endloop
  endfacet
  facet normal 0 0 1
    outer loop
      vertex -79 14 4
      vertex -77.6667 16.4944 4
      vertex -77.9032 16.319 4
    endloop
  endfacet
  facet normal 0 0 1
    outer loop
      vertex -73.5 -14 4
      vertex -77.4142 -16.6458 4
      vertex -77.148 -16.7716 4
    endloop
  endfacet
  facet normal 0 0 1
    outer loop
      vertex -79 14 4
      vertex -77.9032 16.319 4
      vertex -78.1213 16.1213 4
    endloop
  endfacet
  facet normal 0 0 1
    outer loop
      vertex -73.5 -14 4
      vertex -77.6667 -16.4944 4
      vertex -77.4142 -16.6458 4
    endloop
  endfacet
  facet normal 0 0 1
    outer loop
      vertex -79 14 4
      vertex -78.1213 16.1213 4
      vertex -78.319 15.9032 4
    endloop
  endfacet
  facet normal 0 0 1
    outer loop
      vertex -73.5 -14 4
      vertex -77.9032 -16.319 4
      vertex -77.6667 -16.4944 4
    endloop
  endfacet
  facet normal 0 0 1
    outer loop
      vertex -79 14 4
      vertex -78.319 15.9032 4
      vertex -78.4944 15.6667 4
    endloop
  endfacet
  facet normal 0 0 1
    outer loop
      vertex -73.5 -14 4
      vertex -78.1213 -16.1213 4
      vertex -77.9032 -16.319 4
    endloop
  endfacet
  facet normal 0 0 1
    outer loop
      vertex -79 14 4
      vertex -78.4944 15.6667 4
      vertex -78.6458 15.4142 4
    endloop
  endfacet
  facet normal 0 0 1
    outer loop
      vertex -73.5 -14 4
      vertex -78.319 -15.9032 4
      vertex -78.1213 -16.1213 4
    endloop
  endfacet
  facet normal 0 0 1
    outer loop
      vertex -79 14 4
      vertex -78.6458 15.4142 4
      vertex -78.7716 15.148 4
    endloop
  endfacet
  facet normal 0 0 1
    outer loop
      vertex -73.5 -14 4
      vertex -78.4944 -15.6667 4
      vertex -78.319 -15.9032 4
    endloop
  endfacet
  facet normal 0 0 1
    outer loop
      vertex -79 14 4
      vertex -78.7716 15.148 4
      vertex -78.8708 14.8709 4
    endloop
  endfacet
  facet normal 0 0 1
    outer loop
      vertex -73.5 -14 4
      vertex -78.6458 -15.4142 4
      vertex -78.4944 -15.6667 4
    endloop
  endfacet
  facet normal 0 0 1
    outer loop
      vertex -79 14 4
      vertex -78.8708 14.8709 4
      vertex -78.9424 14.5853 4
    endloop
  endfacet
  facet normal 0 0 1
    outer loop
      vertex -73.5 -14 4
      vertex -78.7716 -15.148 4
      vertex -78.6458 -15.4142 4
    endloop
  endfacet
  facet normal 0 0 1
    outer loop
      vertex -79 14 4
      vertex -78.9424 14.5853 4
      vertex -78.9855 14.2941 4
    endloop
  endfacet
  facet normal 0 0 1
    outer loop
      vertex -73.5 -14 4
      vertex -78.8708 -14.8709 4
      vertex -78.7716 -15.148 4
    endloop
  endfacet
  facet normal 0 0 1
    outer loop
      vertex -73.5 -14 4
      vertex -78.9424 -14.5853 4
      vertex -78.8708 -14.8709 4
    endloop
  endfacet
  facet normal 0 0 1
    outer loop
      vertex -78.9424 -14.5853 4
      vertex -79 -14 4
      vertex -78.9855 -14.2941 4
    endloop
  endfacet
  facet normal 0 0 1
    outer loop
      vertex -66 1.18288 4
      vertex -70.409 1.59099 4
      vertex -70.2607 1.42738 4
    endloop
  endfacet
  facet normal 0 0 1
    outer loop
      vertex -66 1.18288 4
      vertex -70.5726 1.73927 4
      vertex -70.409 1.59099 4
    endloop
  endfacet
  facet normal 0 0 1
    outer loop
      vertex -70.5 8 4
      vertex -70.75 1.87081 4
      vertex -70.5726 1.73927 4
    endloop
  endfacet
  facet normal 0 0 1
    outer loop
      vertex -70.5 8 4
      vertex -70.9394 1.98432 4
      vertex -70.75 1.87081 4
    endloop
  endfacet
  facet normal 0 0 1
    outer loop
      vertex -70.5 8 4
      vertex -71.139 2.07873 4
      vertex -70.9394 1.98432 4
    endloop
  endfacet
  facet normal 0 0 1
    outer loop
      vertex -70.5 8 4
      vertex -71.3469 2.15312 4
      vertex -71.139 2.07873 4
    endloop
  endfacet
  facet normal 0 0 1
    outer loop
      vertex -70.5 8 4
      vertex -71.5611 2.20677 4
      vertex -71.3469 2.15312 4
    endloop
  endfacet
  facet normal 0 0 1
    outer loop
      vertex -70.5 8 4
      vertex -71.7795 2.23917 4
      vertex -71.5611 2.20677 4
    endloop
  endfacet
  facet normal 0 0 1
    outer loop
      vertex -70.5 8 4
      vertex -72 2.25 4
      vertex -71.7795 2.23917 4
    endloop
  endfacet
  facet normal -0 0 1
    outer loop
      vertex -73.5 8 4
      vertex -72 2.25 4
      vertex -70.5 8 4
    endloop
  endfacet
  facet normal 0 0 1
    outer loop
      vertex -72 2.25 4
      vertex -73.5 8 4
      vertex -72.2205 2.23917 4
    endloop
  endfacet
  facet normal 0 0 1
    outer loop
      vertex -72.2205 2.23917 4
      vertex -73.5 8 4
      vertex -72.4389 2.20677 4
    endloop
  endfacet
  facet normal 0 0 1
    outer loop
      vertex -72.4389 2.20677 4
      vertex -73.5 8 4
      vertex -72.6531 2.15312 4
    endloop
  endfacet
  facet normal 0 0 1
    outer loop
      vertex -72.6531 2.15312 4
      vertex -73.5 8 4
      vertex -72.861 2.07873 4
    endloop
  endfacet
  facet normal 0 0 1
    outer loop
      vertex -72.861 2.07873 4
      vertex -73.5 8 4
      vertex -73.0606 1.98432 4
    endloop
  endfacet
  facet normal 0 0 1
    outer loop
      vertex -73.0606 1.98432 4
      vertex -73.5 8 4
      vertex -73.25 1.87081 4
    endloop
  endfacet
  facet normal 0 0 1
    outer loop
      vertex -73.25 1.87081 4
      vertex -73.5 8 4
      vertex -73.4274 1.73927 4
    endloop
  endfacet
  facet normal 0 0 1
    outer loop
      vertex -73.4274 1.73927 4
      vertex -73.5 8 4
      vertex -73.591 1.59099 4
    endloop
  endfacet
  facet normal 0.243255 0.969962 -0
    outer loop
      vertex 76.8708 16.8708 0
      vertex 76.5853 16.9424 4
      vertex 76.8708 16.8708 4
    endloop
  endfacet
  facet normal 0.243255 0.969962 0
    outer loop
      vertex 76.5853 16.9424 4
      vertex 76.8708 16.8708 0
      vertex 76.5853 16.9424 0
    endloop
  endfacet
  facet normal 0.740908 0.671607 0
    outer loop
      vertex 78.319 15.9032 4
      vertex 78.1213 16.1213 0
      vertex 78.1213 16.1213 4
    endloop
  endfacet
  facet normal 0.740908 0.671607 0
    outer loop
      vertex 78.1213 16.1213 0
      vertex 78.319 15.9032 4
      vertex 78.319 15.9032 0
    endloop
  endfacet
  facet normal 0 -1 0
    outer loop
      vertex 65 -17 0
      vertex 76 -17 4
      vertex 65 -17 4
    endloop
  endfacet
  facet normal 0 -1 -0
    outer loop
      vertex 76 -17 4
      vertex 65 -17 0
      vertex 76 -17 0
    endloop
  endfacet
  facet normal 0.989224 -0.146413 0
    outer loop
      vertex 78.9424 -14.5853 4
      vertex 78.9855 -14.2941 0
      vertex 78.9855 -14.2941 4
    endloop
  endfacet
  facet normal 0.989224 -0.146413 0
    outer loop
      vertex 78.9855 -14.2941 0
      vertex 78.9424 -14.5853 4
      vertex 78.9424 -14.5853 0
    endloop
  endfacet
  facet normal 0.671607 0.740908 -0
    outer loop
      vertex 78.1213 16.1213 0
      vertex 77.9032 16.319 4
      vertex 78.1213 16.1213 4
    endloop
  endfacet
  facet normal 0.671607 0.740908 0
    outer loop
      vertex 77.9032 16.319 4
      vertex 78.1213 16.1213 0
      vertex 77.9032 16.319 0
    endloop
  endfacet
  facet normal 0.904125 -0.427269 0
    outer loop
      vertex 78.6458 -15.4142 4
      vertex 78.7716 -15.148 0
      vertex 78.7716 -15.148 4
    endloop
  endfacet
  facet normal 0.904125 -0.427269 0
    outer loop
      vertex 78.7716 -15.148 0
      vertex 78.6458 -15.4142 4
      vertex 78.6458 -15.4142 0
    endloop
  endfacet
  facet normal 0.0489044 -0.998803 0
    outer loop
      vertex 76 -17 0
      vertex 76.2941 -16.9856 4
      vertex 76 -17 4
    endloop
  endfacet
  facet normal 0.0489044 -0.998803 0
    outer loop
      vertex 76.2941 -16.9856 4
      vertex 76 -17 0
      vertex 76.2941 -16.9856 0
    endloop
  endfacet
  facet normal 0.671607 -0.740908 0
    outer loop
      vertex 77.9032 -16.319 0
      vertex 78.1213 -16.1213 4
      vertex 77.9032 -16.319 4
    endloop
  endfacet
  facet normal 0.671607 -0.740908 0
    outer loop
      vertex 78.1213 -16.1213 4
      vertex 77.9032 -16.319 0
      vertex 78.1213 -16.1213 0
    endloop
  endfacet
  facet normal 0.336939 -0.941527 0
    outer loop
      vertex 76.8708 -16.8708 0
      vertex 77.148 -16.7716 4
      vertex 76.8708 -16.8708 4
    endloop
  endfacet
  facet normal 0.336939 -0.941527 0
    outer loop
      vertex 77.148 -16.7716 4
      vertex 76.8708 -16.8708 0
      vertex 77.148 -16.7716 0
    endloop
  endfacet
  facet normal 0 1 -0
    outer loop
      vertex 76 17 0
      vertex 65 17 4
      vertex 76 17 4
    endloop
  endfacet
  facet normal 0 1 0
    outer loop
      vertex 65 17 4
      vertex 76 17 0
      vertex 65 17 0
    endloop
  endfacet
  facet normal 0.998787 -0.0492431 0
    outer loop
      vertex 78.9855 -14.2941 4
      vertex 79 -14 0
      vertex 79 -14 4
    endloop
  endfacet
  facet normal 0.998787 -0.0492431 0
    outer loop
      vertex 79 -14 0
      vertex 78.9855 -14.2941 4
      vertex 78.9855 -14.2941 0
    endloop
  endfacet
  facet normal 0.0489044 0.998803 -0
    outer loop
      vertex 76.2941 16.9856 0
      vertex 76 17 4
      vertex 76.2941 16.9856 4
    endloop
  endfacet
  facet normal 0.0489044 0.998803 0
    outer loop
      vertex 76 17 4
      vertex 76.2941 16.9856 0
      vertex 76 17 0
    endloop
  endfacet
  facet normal 0.998787 0.0492431 0
    outer loop
      vertex 79 14 4
      vertex 78.9855 14.2941 0
      vertex 78.9855 14.2941 4
    endloop
  endfacet
  facet normal 0.998787 0.0492431 0
    outer loop
      vertex 78.9855 14.2941 0
      vertex 79 14 4
      vertex 79 14 0
    endloop
  endfacet
  facet normal 0.969982 -0.243175 0
    outer loop
      vertex 78.8708 -14.8709 4
      vertex 78.9424 -14.5853 0
      vertex 78.9424 -14.5853 4
    endloop
  endfacet
  facet normal 0.969982 -0.243175 0
    outer loop
      vertex 78.9424 -14.5853 0
      vertex 78.8708 -14.8709 4
      vertex 78.8708 -14.8709 0
    endloop
  endfacet
  facet normal 0.514246 0.857643 -0
    outer loop
      vertex 77.6667 16.4944 0
      vertex 77.4142 16.6458 4
      vertex 77.6667 16.4944 4
    endloop
  endfacet
  facet normal 0.514246 0.857643 0
    outer loop
      vertex 77.4142 16.6458 4
      vertex 77.6667 16.4944 0
      vertex 77.4142 16.6458 0
    endloop
  endfacet
  facet normal 0.941488 -0.337047 0
    outer loop
      vertex 78.7716 -15.148 4
      vertex 78.8708 -14.8709 0
      vertex 78.8708 -14.8709 4
    endloop
  endfacet
  facet normal 0.941488 -0.337047 0
    outer loop
      vertex 78.8708 -14.8709 0
      vertex 78.7716 -15.148 4
      vertex 78.7716 -15.148 0
    endloop
  endfacet
  facet normal 0.146746 -0.989174 0
    outer loop
      vertex 76.2941 -16.9856 0
      vertex 76.5853 -16.9424 4
      vertex 76.2941 -16.9856 4
    endloop
  endfacet
  facet normal 0.146746 -0.989174 0
    outer loop
      vertex 76.5853 -16.9424 4
      vertex 76.2941 -16.9856 0
      vertex 76.5853 -16.9424 0
    endloop
  endfacet
  facet normal 0.803208 -0.595699 0
    outer loop
      vertex 78.319 -15.9032 4
      vertex 78.4944 -15.6667 0
      vertex 78.4944 -15.6667 4
    endloop
  endfacet
  facet normal 0.803208 -0.595699 0
    outer loop
      vertex 78.4944 -15.6667 0
      vertex 78.319 -15.9032 4
      vertex 78.319 -15.9032 0
    endloop
  endfacet
  facet normal 0.427269 -0.904125 0
    outer loop
      vertex 77.148 -16.7716 0
      vertex 77.4142 -16.6458 4
      vertex 77.148 -16.7716 4
    endloop
  endfacet
  facet normal 0.427269 -0.904125 0
    outer loop
      vertex 77.4142 -16.6458 4
      vertex 77.148 -16.7716 0
      vertex 77.4142 -16.6458 0
    endloop
  endfacet
  facet normal 0.514246 -0.857643 0
    outer loop
      vertex 77.4142 -16.6458 0
      vertex 77.6667 -16.4944 4
      vertex 77.4142 -16.6458 4
    endloop
  endfacet
  facet normal 0.514246 -0.857643 0
    outer loop
      vertex 77.6667 -16.4944 4
      vertex 77.4142 -16.6458 0
      vertex 77.6667 -16.4944 0
    endloop
  endfacet
  facet normal 0.969982 0.243175 0
    outer loop
      vertex 78.9424 14.5853 4
      vertex 78.8708 14.8709 0
      vertex 78.8708 14.8709 4
    endloop
  endfacet
  facet normal 0.969982 0.243175 0
    outer loop
      vertex 78.8708 14.8709 0
      vertex 78.9424 14.5853 4
      vertex 78.9424 14.5853 0
    endloop
  endfacet
  facet normal 0.595699 -0.803208 0
    outer loop
      vertex 77.6667 -16.4944 0
      vertex 77.9032 -16.319 4
      vertex 77.6667 -16.4944 4
    endloop
  endfacet
  facet normal 0.595699 -0.803208 0
    outer loop
      vertex 77.9032 -16.319 4
      vertex 77.6667 -16.4944 0
      vertex 77.9032 -16.319 0
    endloop
  endfacet
  facet normal 0.243255 -0.969962 0
    outer loop
      vertex 76.5853 -16.9424 0
      vertex 76.8708 -16.8708 4
      vertex 76.5853 -16.9424 4
    endloop
  endfacet
  facet normal 0.243255 -0.969962 0
    outer loop
      vertex 76.8708 -16.8708 4
      vertex 76.5853 -16.9424 0
      vertex 76.8708 -16.8708 0
    endloop
  endfacet
  facet normal 1 -0 0
    outer loop
      vertex 79 -14 4
      vertex 79 14 0
      vertex 79 14 4
    endloop
  endfacet
  facet normal 1 0 0
    outer loop
      vertex 79 14 0
      vertex 79 -14 4
      vertex 79 -14 0
    endloop
  endfacet
  facet normal 0.146746 0.989174 -0
    outer loop
      vertex 76.5853 16.9424 0
      vertex 76.2941 16.9856 4
      vertex 76.5853 16.9424 4
    endloop
  endfacet
  facet normal 0.146746 0.989174 0
    outer loop
      vertex 76.2941 16.9856 4
      vertex 76.5853 16.9424 0
      vertex 76.2941 16.9856 0
    endloop
  endfacet
  facet normal 0.857643 -0.514246 0
    outer loop
      vertex 78.4944 -15.6667 4
      vertex 78.6458 -15.4142 0
      vertex 78.6458 -15.4142 4
    endloop
  endfacet
  facet normal 0.857643 -0.514246 0
    outer loop
      vertex 78.6458 -15.4142 0
      vertex 78.4944 -15.6667 4
      vertex 78.4944 -15.6667 0
    endloop
  endfacet
  facet normal 0.857643 0.514246 0
    outer loop
      vertex 78.6458 15.4142 4
      vertex 78.4944 15.6667 0
      vertex 78.4944 15.6667 4
    endloop
  endfacet
  facet normal 0.857643 0.514246 0
    outer loop
      vertex 78.4944 15.6667 0
      vertex 78.6458 15.4142 4
      vertex 78.6458 15.4142 0
    endloop
  endfacet
  facet normal 0.803208 0.595699 0
    outer loop
      vertex 78.4944 15.6667 4
      vertex 78.319 15.9032 0
      vertex 78.319 15.9032 4
    endloop
  endfacet
  facet normal 0.803208 0.595699 0
    outer loop
      vertex 78.319 15.9032 0
      vertex 78.4944 15.6667 4
      vertex 78.4944 15.6667 0
    endloop
  endfacet
  facet normal 0.336939 0.941527 -0
    outer loop
      vertex 77.148 16.7716 0
      vertex 76.8708 16.8708 4
      vertex 77.148 16.7716 4
    endloop
  endfacet
  facet normal 0.336939 0.941527 0
    outer loop
      vertex 76.8708 16.8708 4
      vertex 77.148 16.7716 0
      vertex 76.8708 16.8708 0
    endloop
  endfacet
  facet normal 0.989224 0.146413 0
    outer loop
      vertex 78.9855 14.2941 4
      vertex 78.9424 14.5853 0
      vertex 78.9424 14.5853 4
    endloop
  endfacet
  facet normal 0.989224 0.146413 0
    outer loop
      vertex 78.9424 14.5853 0
      vertex 78.9855 14.2941 4
      vertex 78.9855 14.2941 0
    endloop
  endfacet
  facet normal 0.740908 -0.671607 0
    outer loop
      vertex 78.1213 -16.1213 4
      vertex 78.319 -15.9032 0
      vertex 78.319 -15.9032 4
    endloop
  endfacet
  facet normal 0.740908 -0.671607 0
    outer loop
      vertex 78.319 -15.9032 0
      vertex 78.1213 -16.1213 4
      vertex 78.1213 -16.1213 0
    endloop
  endfacet
  facet normal 0.595699 0.803208 -0
    outer loop
      vertex 77.9032 16.319 0
      vertex 77.6667 16.4944 4
      vertex 77.9032 16.319 4
    endloop
  endfacet
  facet normal 0.595699 0.803208 0
    outer loop
      vertex 77.6667 16.4944 4
      vertex 77.9032 16.319 0
      vertex 77.6667 16.4944 0
    endloop
  endfacet
  facet normal 0.427269 0.904125 -0
    outer loop
      vertex 77.4142 16.6458 0
      vertex 77.148 16.7716 4
      vertex 77.4142 16.6458 4
    endloop
  endfacet
  facet normal 0.427269 0.904125 0
    outer loop
      vertex 77.148 16.7716 4
      vertex 77.4142 16.6458 0
      vertex 77.148 16.7716 0
    endloop
  endfacet
  facet normal 0.941488 0.337047 0
    outer loop
      vertex 78.8708 14.8709 4
      vertex 78.7716 15.148 0
      vertex 78.7716 15.148 4
    endloop
  endfacet
  facet normal 0.941488 0.337047 0
    outer loop
      vertex 78.7716 15.148 0
      vertex 78.8708 14.8709 4
      vertex 78.8708 14.8709 0
    endloop
  endfacet
  facet normal 0.904125 0.427269 0
    outer loop
      vertex 78.7716 15.148 4
      vertex 78.6458 15.4142 0
      vertex 78.6458 15.4142 4
    endloop
  endfacet
  facet normal 0.904125 0.427269 0
    outer loop
      vertex 78.6458 15.4142 0
      vertex 78.7716 15.148 4
      vertex 78.7716 15.148 0
    endloop
  endfacet
  facet normal -0 0 1
    outer loop
      vertex 73.4274 -1.73927 4
      vertex 73.5 -8 4
      vertex 73.591 -1.59099 4
    endloop
  endfacet
  facet normal -0 0 1
    outer loop
      vertex 73.25 -1.87081 4
      vertex 73.5 -8 4
      vertex 73.4274 -1.73927 4
    endloop
  endfacet
  facet normal -0 0 1
    outer loop
      vertex 73.0606 -1.98432 4
      vertex 73.5 -8 4
      vertex 73.25 -1.87081 4
    endloop
  endfacet
  facet normal -0 0 1
    outer loop
      vertex 72.861 -2.07873 4
      vertex 73.5 -8 4
      vertex 73.0606 -1.98432 4
    endloop
  endfacet
  facet normal -0 0 1
    outer loop
      vertex 72.6531 -2.15312 4
      vertex 73.5 -8 4
      vertex 72.861 -2.07873 4
    endloop
  endfacet
  facet normal -0 0 1
    outer loop
      vertex 72.4389 -2.20677 4
      vertex 73.5 -8 4
      vertex 72.6531 -2.15312 4
    endloop
  endfacet
  facet normal -0 0 1
    outer loop
      vertex 72.2205 -2.23917 4
      vertex 73.5 -8 4
      vertex 72.4389 -2.20677 4
    endloop
  endfacet
  facet normal -0 0 1
    outer loop
      vertex 72 -2.25 4
      vertex 73.5 -8 4
      vertex 72.2205 -2.23917 4
    endloop
  endfacet
  facet normal 0 0 1
    outer loop
      vertex 70.5 -8 4
      vertex 72 -2.25 4
      vertex 71.7795 -2.23917 4
    endloop
  endfacet
  facet normal 0 0 1
    outer loop
      vertex 70.5 -8 4
      vertex 71.7795 -2.23917 4
      vertex 71.5611 -2.20677 4
    endloop
  endfacet
  facet normal 0 0 1
    outer loop
      vertex 70.5 -8 4
      vertex 71.5611 -2.20677 4
      vertex 71.3469 -2.15312 4
    endloop
  endfacet
  facet normal 0 0 1
    outer loop
      vertex 70.5 -8 4
      vertex 71.3469 -2.15312 4
      vertex 71.139 -2.07873 4
    endloop
  endfacet
  facet normal 0 0 1
    outer loop
      vertex 70.5 -8 4
      vertex 71.139 -2.07873 4
      vertex 70.9394 -1.98432 4
    endloop
  endfacet
  facet normal 0 0 1
    outer loop
      vertex 70.5 -8 4
      vertex 70.9394 -1.98432 4
      vertex 70.75 -1.87081 4
    endloop
  endfacet
  facet normal 0 0 1
    outer loop
      vertex 70.5 -8 4
      vertex 70.75 -1.87081 4
      vertex 70.5726 -1.73927 4
    endloop
  endfacet
  facet normal 0 0 1
    outer loop
      vertex 72 -2.25 4
      vertex 70.5 -8 4
      vertex 73.5 -8 4
    endloop
  endfacet
  facet normal 0 0 1
    outer loop
      vertex 70.2607 -1.42738 4
      vertex 70.5 -8 4
      vertex 70.409 -1.59099 4
    endloop
  endfacet
  facet normal 0 0 1
    outer loop
      vertex 70.409 -1.59099 4
      vertex 70.5 -8 4
      vertex 70.5726 -1.73927 4
    endloop
  endfacet
  facet normal 0 0 1
    outer loop
      vertex 73.5 14 4
      vertex 79 14 4
      vertex 78.9855 14.2941 4
    endloop
  endfacet
  facet normal 0 0 1
    outer loop
      vertex 79 14 4
      vertex 74.25 0 4
      vertex 79 -14 4
    endloop
  endfacet
  facet normal 0 0 1
    outer loop
      vertex 73.5 14 4
      vertex 78.9855 14.2941 4
      vertex 78.9424 14.5853 4
    endloop
  endfacet
  facet normal -0 0 1
    outer loop
      vertex 74.2392 -0.220538 4
      vertex 79 -14 4
      vertex 74.25 0 4
    endloop
  endfacet
  facet normal 0 0 1
    outer loop
      vertex 73.5 14 4
      vertex 78.9424 14.5853 4
      vertex 78.8708 14.8709 4
    endloop
  endfacet
  facet normal -0 0 1
    outer loop
      vertex 74.2068 -0.438952 4
      vertex 79 -14 4
      vertex 74.2392 -0.220538 4
    endloop
  endfacet
  facet normal 0 0 1
    outer loop
      vertex 73.5 14 4
      vertex 78.8708 14.8709 4
      vertex 78.7716 15.148 4
    endloop
  endfacet
  facet normal -0 0 1
    outer loop
      vertex 74.1531 -0.65314 4
      vertex 79 -14 4
      vertex 74.2068 -0.438952 4
    endloop
  endfacet
  facet normal 0 0 1
    outer loop
      vertex 73.5 14 4
      vertex 78.7716 15.148 4
      vertex 78.6458 15.4142 4
    endloop
  endfacet
  facet normal -0 0 1
    outer loop
      vertex 74.0787 -0.861037 4
      vertex 79 -14 4
      vertex 74.1531 -0.65314 4
    endloop
  endfacet
  facet normal 0 0 1
    outer loop
      vertex 73.5 14 4
      vertex 78.6458 15.4142 4
      vertex 78.4944 15.6667 4
    endloop
  endfacet
  facet normal -0 0 1
    outer loop
      vertex 73.9843 -1.06064 4
      vertex 79 -14 4
      vertex 74.0787 -0.861037 4
    endloop
  endfacet
  facet normal 0 0 1
    outer loop
      vertex 73.5 14 4
      vertex 78.4944 15.6667 4
      vertex 78.319 15.9032 4
    endloop
  endfacet
  facet normal 0 0 1
    outer loop
      vertex 73.5 -14 4
      vertex 79 -14 4
      vertex 73.5 -8 4
    endloop
  endfacet
  facet normal 0 0 1
    outer loop
      vertex 73.5 14 4
      vertex 78.319 15.9032 4
      vertex 78.1213 16.1213 4
    endloop
  endfacet
  facet normal 0 0 1
    outer loop
      vertex 79 -14 4
      vertex 73.5 -14 4
      vertex 78.9855 -14.2941 4
    endloop
  endfacet
  facet normal 0 0 1
    outer loop
      vertex 73.5 14 4
      vertex 78.1213 16.1213 4
      vertex 77.9032 16.319 4
    endloop
  endfacet
  facet normal 0 0 1
    outer loop
      vertex 78.9855 -14.2941 4
      vertex 73.5 -14 4
      vertex 78.9424 -14.5853 4
    endloop
  endfacet
  facet normal 0 0 1
    outer loop
      vertex 73.5 14 4
      vertex 77.9032 16.319 4
      vertex 77.6667 16.4944 4
    endloop
  endfacet
  facet normal 0 0 1
    outer loop
      vertex 78.9424 -14.5853 4
      vertex 73.5 -14 4
      vertex 78.8708 -14.8709 4
    endloop
  endfacet
  facet normal 0 0 1
    outer loop
      vertex 73.5 14 4
      vertex 77.6667 16.4944 4
      vertex 77.4142 16.6458 4
    endloop
  endfacet
  facet normal 0 0 1
    outer loop
      vertex 78.8708 -14.8709 4
      vertex 73.5 -14 4
      vertex 78.7716 -15.148 4
    endloop
  endfacet
  facet normal 0 0 1
    outer loop
      vertex 73.5 14 4
      vertex 77.4142 16.6458 4
      vertex 77.148 16.7716 4
    endloop
  endfacet
  facet normal 0 0 1
    outer loop
      vertex 78.7716 -15.148 4
      vertex 73.5 -14 4
      vertex 78.6458 -15.4142 4
    endloop
  endfacet
  facet normal 0 0 1
    outer loop
      vertex 73.5 14 4
      vertex 77.148 16.7716 4
      vertex 76.8708 16.8708 4
    endloop
  endfacet
  facet normal 0 0 1
    outer loop
      vertex 78.4944 -15.6667 4
      vertex 73.5 -14 4
      vertex 78.319 -15.9032 4
    endloop
  endfacet
  facet normal 0 0 1
    outer loop
      vertex 73.5 14 4
      vertex 76.8708 16.8708 4
      vertex 76.5853 16.9424 4
    endloop
  endfacet
  facet normal 0 0 1
    outer loop
      vertex 78.319 -15.9032 4
      vertex 73.5 -14 4
      vertex 78.1213 -16.1213 4
    endloop
  endfacet
  facet normal 0 0 1
    outer loop
      vertex 73.5 14 4
      vertex 76.5853 16.9424 4
      vertex 76.2941 16.9856 4
    endloop
  endfacet
  facet normal 0 0 1
    outer loop
      vertex 78.1213 -16.1213 4
      vertex 73.5 -14 4
      vertex 77.9032 -16.319 4
    endloop
  endfacet
  facet normal 0 0 1
    outer loop
      vertex 73.5 14 4
      vertex 76.2941 16.9856 4
      vertex 76 17 4
    endloop
  endfacet
  facet normal 0 0 1
    outer loop
      vertex 77.9032 -16.319 4
      vertex 73.5 -14 4
      vertex 77.6667 -16.4944 4
    endloop
  endfacet
  facet normal 0 0 1
    outer loop
      vertex 77.6667 -16.4944 4
      vertex 73.5 -14 4
      vertex 77.4142 -16.6458 4
    endloop
  endfacet
  facet normal 0 0 1
    outer loop
      vertex 79 14 4
      vertex 74.2392 0.220538 4
      vertex 74.25 0 4
    endloop
  endfacet
  facet normal 0 0 1
    outer loop
      vertex 79 14 4
      vertex 74.2068 0.438952 4
      vertex 74.2392 0.220538 4
    endloop
  endfacet
  facet normal 0 0 1
    outer loop
      vertex 79 14 4
      vertex 74.1531 0.65314 4
      vertex 74.2068 0.438952 4
    endloop
  endfacet
  facet normal 0 -0 1
    outer loop
      vertex 73.9843 1.06064 4
      vertex 79 14 4
      vertex 73.5 8 4
    endloop
  endfacet
  facet normal 0 0 1
    outer loop
      vertex 79 14 4
      vertex 74.0787 0.861037 4
      vertex 74.1531 0.65314 4
    endloop
  endfacet
  facet normal 0 0 1
    outer loop
      vertex 79 14 4
      vertex 73.9843 1.06064 4
      vertex 74.0787 0.861037 4
    endloop
  endfacet
  facet normal 0 0 1
    outer loop
      vertex 73.9843 1.06064 4
      vertex 73.5 8 4
      vertex 73.8708 1.25003 4
    endloop
  endfacet
  facet normal 0 0 1
    outer loop
      vertex 73.8708 1.25003 4
      vertex 73.5 8 4
      vertex 73.7393 1.42738 4
    endloop
  endfacet
  facet normal 0 0 1
    outer loop
      vertex 79 14 4
      vertex 73.5 14 4
      vertex 73.5 8 4
    endloop
  endfacet
  facet normal 0 0 1
    outer loop
      vertex 76 17 4
      vertex 70.5 14 4
      vertex 73.5 14 4
    endloop
  endfacet
  facet normal 0 0 1
    outer loop
      vertex 65 17 4
      vertex 70.5 8 4
      vertex 70.5 14 4
    endloop
  endfacet
  facet normal 0 -0 1
    outer loop
      vertex 69.9213 0.861037 4
      vertex 70.5 8 4
      vertex 65 17 4
    endloop
  endfacet
  facet normal 0 0 1
    outer loop
      vertex 70.5 8 4
      vertex 70.2607 1.42738 4
      vertex 70.409 1.59099 4
    endloop
  endfacet
  facet normal 0 0 1
    outer loop
      vertex 70.5 8 4
      vertex 70.1292 1.25003 4
      vertex 70.2607 1.42738 4
    endloop
  endfacet
  facet normal 0 0 1
    outer loop
      vertex 70.5 8 4
      vertex 70.0157 1.06064 4
      vertex 70.1292 1.25003 4
    endloop
  endfacet
  facet normal 0 0 1
    outer loop
      vertex 70.5 8 4
      vertex 69.9213 0.861037 4
      vertex 70.0157 1.06064 4
    endloop
  endfacet
  facet normal 0 0 1
    outer loop
      vertex 69.9213 0.861037 4
      vertex 65 17 4
      vertex 69.8469 0.65314 4
    endloop
  endfacet
  facet normal 0 0 1
    outer loop
      vertex 69.8469 0.65314 4
      vertex 65 17 4
      vertex 69.7932 0.438952 4
    endloop
  endfacet
  facet normal 0 0 1
    outer loop
      vertex 69.7608 0.220538 4
      vertex 65 17 4
      vertex 69.75 0 4
    endloop
  endfacet
  facet normal 0 0 1
    outer loop
      vertex 69.7932 0.438952 4
      vertex 65 17 4
      vertex 69.7608 0.220538 4
    endloop
  endfacet
  facet normal -0 0 1
    outer loop
      vertex 65 17 4
      vertex 70.5 14 4
      vertex 76 17 4
    endloop
  endfacet
  facet normal 0 0 1
    outer loop
      vertex 77.4142 -16.6458 4
      vertex 73.5 -14 4
      vertex 77.148 -16.7716 4
    endloop
  endfacet
  facet normal 0 0 1
    outer loop
      vertex 77.148 -16.7716 4
      vertex 73.5 -14 4
      vertex 76.8708 -16.8708 4
    endloop
  endfacet
  facet normal 0 0 1
    outer loop
      vertex 76.8708 -16.8708 4
      vertex 73.5 -14 4
      vertex 76.5853 -16.9424 4
    endloop
  endfacet
  facet normal 0 0 1
    outer loop
      vertex 78.6458 -15.4142 4
      vertex 73.5 -14 4
      vertex 78.4944 -15.6667 4
    endloop
  endfacet
  facet normal 0 0 1
    outer loop
      vertex 79 -14 4
      vertex 73.9843 -1.06064 4
      vertex 73.5 -8 4
    endloop
  endfacet
  facet normal 0 0 1
    outer loop
      vertex 73.5 -8 4
      vertex 73.9843 -1.06064 4
      vertex 73.8708 -1.25003 4
    endloop
  endfacet
  facet normal 0 0 1
    outer loop
      vertex 73.5 -8 4
      vertex 73.8708 -1.25003 4
      vertex 73.7393 -1.42738 4
    endloop
  endfacet
  facet normal 0 0 1
    outer loop
      vertex 73.5 -8 4
      vertex 73.7393 -1.42738 4
      vertex 73.591 -1.59099 4
    endloop
  endfacet
  facet normal 0 0 1
    outer loop
      vertex 76.5853 -16.9424 4
      vertex 73.5 -14 4
      vertex 76.2941 -16.9856 4
    endloop
  endfacet
  facet normal 0 0 1
    outer loop
      vertex 76.2941 -16.9856 4
      vertex 73.5 -14 4
      vertex 76 -17 4
    endloop
  endfacet
  facet normal -0 0 1
    outer loop
      vertex 70.5 -14 4
      vertex 76 -17 4
      vertex 73.5 -14 4
    endloop
  endfacet
  facet normal 0 0 1
    outer loop
      vertex 70.1292 -1.25003 4
      vertex 70.5 -8 4
      vertex 70.2607 -1.42738 4
    endloop
  endfacet
  facet normal 0 0 1
    outer loop
      vertex 70.0157 -1.06064 4
      vertex 70.5 -8 4
      vertex 70.1292 -1.25003 4
    endloop
  endfacet
  facet normal 0 0 1
    outer loop
      vertex 69.9213 -0.861037 4
      vertex 70.5 -8 4
      vertex 70.0157 -1.06064 4
    endloop
  endfacet
  facet normal 0 0 1
    outer loop
      vertex 70.5 -8 4
      vertex 69.9213 -0.861037 4
      vertex 65 -17 4
    endloop
  endfacet
  facet normal 0 0 1
    outer loop
      vertex 65 -17 4
      vertex 69.9213 -0.861037 4
      vertex 69.8469 -0.65314 4
    endloop
  endfacet
  facet normal 0 0 1
    outer loop
      vertex 65 -17 4
      vertex 69.8469 -0.65314 4
      vertex 69.7932 -0.438952 4
    endloop
  endfacet
  facet normal 0 0 1
    outer loop
      vertex 65 -17 4
      vertex 69.7932 -0.438952 4
      vertex 69.7608 -0.220538 4
    endloop
  endfacet
  facet normal 0 0 1
    outer loop
      vertex 65 -17 4
      vertex 69.75 0 4
      vertex 65 17 4
    endloop
  endfacet
  facet normal 0 0 1
    outer loop
      vertex 69.75 0 4
      vertex 65 -17 4
      vertex 69.7608 -0.220538 4
    endloop
  endfacet
  facet normal 0 0 1
    outer loop
      vertex 70.5 -14 4
      vertex 65 -17 4
      vertex 76 -17 4
    endloop
  endfacet
  facet normal 0 0 1
    outer loop
      vertex 70.5 -8 4
      vertex 65 -17 4
      vertex 70.5 -14 4
    endloop
  endfacet
  facet normal 0 0 1
    outer loop
      vertex 73.7393 1.42738 4
      vertex 73.5 8 4
      vertex 73.591 1.59099 4
    endloop
  endfacet
  facet normal 0 0 1
    outer loop
      vertex 73.5 8 4
      vertex 73.4274 1.73927 4
      vertex 73.591 1.59099 4
    endloop
  endfacet
  facet normal 0 0 1
    outer loop
      vertex 73.5 8 4
      vertex 73.25 1.87081 4
      vertex 73.4274 1.73927 4
    endloop
  endfacet
  facet normal 0 0 1
    outer loop
      vertex 73.5 8 4
      vertex 73.0606 1.98432 4
      vertex 73.25 1.87081 4
    endloop
  endfacet
  facet normal 0 0 1
    outer loop
      vertex 73.5 8 4
      vertex 72.861 2.07873 4
      vertex 73.0606 1.98432 4
    endloop
  endfacet
  facet normal 0 0 1
    outer loop
      vertex 73.5 8 4
      vertex 72.6531 2.15312 4
      vertex 72.861 2.07873 4
    endloop
  endfacet
  facet normal 0 0 1
    outer loop
      vertex 73.5 8 4
      vertex 72.4389 2.20677 4
      vertex 72.6531 2.15312 4
    endloop
  endfacet
  facet normal 0 0 1
    outer loop
      vertex 73.5 8 4
      vertex 72.2205 2.23917 4
      vertex 72.4389 2.20677 4
    endloop
  endfacet
  facet normal 0 0 1
    outer loop
      vertex 73.5 8 4
      vertex 72 2.25 4
      vertex 72.2205 2.23917 4
    endloop
  endfacet
  facet normal -0 0 1
    outer loop
      vertex 70.5 8 4
      vertex 72 2.25 4
      vertex 73.5 8 4
    endloop
  endfacet
  facet normal 0 0 1
    outer loop
      vertex 72 2.25 4
      vertex 70.5 8 4
      vertex 71.7795 2.23917 4
    endloop
  endfacet
  facet normal 0 0 1
    outer loop
      vertex 71.7795 2.23917 4
      vertex 70.5 8 4
      vertex 71.5611 2.20677 4
    endloop
  endfacet
  facet normal 0 0 1
    outer loop
      vertex 71.5611 2.20677 4
      vertex 70.5 8 4
      vertex 71.3469 2.15312 4
    endloop
  endfacet
  facet normal 0 0 1
    outer loop
      vertex 71.3469 2.15312 4
      vertex 70.5 8 4
      vertex 71.139 2.07873 4
    endloop
  endfacet
  facet normal 0 0 1
    outer loop
      vertex 71.139 2.07873 4
      vertex 70.5 8 4
      vertex 70.9394 1.98432 4
    endloop
  endfacet
  facet normal 0 0 1
    outer loop
      vertex 70.9394 1.98432 4
      vertex 70.5 8 4
      vertex 70.75 1.87081 4
    endloop
  endfacet
  facet normal 0 0 1
    outer loop
      vertex 70.75 1.87081 4
      vertex 70.5 8 4
      vertex 70.5726 1.73927 4
    endloop
  endfacet
  facet normal 0 0 1
    outer loop
      vertex 70.5726 1.73927 4
      vertex 70.5 8 4
      vertex 70.409 1.59099 4
    endloop
  endfacet
  facet normal 0 1 -0
    outer loop
      vertex 62 37 0
      vertex -62 37 32.4
      vertex 62 37 32.4
    endloop
  endfacet
  facet normal 0 1 0
    outer loop
      vertex -62 37 32.4
      vertex 62 37 0
      vertex -62 37 0
    endloop
  endfacet
  facet normal 0.740908 -0.671607 0
    outer loop
      vertex 64.1213 -36.1213 32.4
      vertex 64.319 -35.9032 0
      vertex 64.319 -35.9032 32.4
    endloop
  endfacet
  facet normal 0.740908 -0.671607 0
    outer loop
      vertex 64.319 -35.9032 0
      vertex 64.1213 -36.1213 32.4
      vertex 64.1213 -36.1213 0
    endloop
  endfacet
  facet normal 0.595699 -0.803208 0
    outer loop
      vertex 63.6667 -36.4944 0
      vertex 63.9032 -36.319 32.4
      vertex 63.6667 -36.4944 32.4
    endloop
  endfacet
  facet normal 0.595699 -0.803208 0
    outer loop
      vertex 63.9032 -36.319 32.4
      vertex 63.6667 -36.4944 0
      vertex 63.9032 -36.319 0
    endloop
  endfacet
  facet normal 0.857643 -0.514246 0
    outer loop
      vertex 64.4944 -35.6667 32.4
      vertex 64.6458 -35.4142 0
      vertex 64.6458 -35.4142 32.4
    endloop
  endfacet
  facet normal 0.857643 -0.514246 0
    outer loop
      vertex 64.6458 -35.4142 0
      vertex 64.4944 -35.6667 32.4
      vertex 64.4944 -35.6667 0
    endloop
  endfacet
  facet normal 0.671607 -0.740908 0
    outer loop
      vertex 63.9032 -36.319 0
      vertex 64.1213 -36.1213 32.4
      vertex 63.9032 -36.319 32.4
    endloop
  endfacet
  facet normal 0.671607 -0.740908 0
    outer loop
      vertex 64.1213 -36.1213 32.4
      vertex 63.9032 -36.319 0
      vertex 64.1213 -36.1213 0
    endloop
  endfacet
  facet normal -0.857643 0.514246 0
    outer loop
      vertex -64.6458 35.4142 0
      vertex -64.4944 35.6667 32.4
      vertex -64.4944 35.6667 0
    endloop
  endfacet
  facet normal -0.857643 0.514246 0
    outer loop
      vertex -64.4944 35.6667 32.4
      vertex -64.6458 35.4142 0
      vertex -64.6458 35.4142 32.4
    endloop
  endfacet
  facet normal -0.671607 0.740908 0
    outer loop
      vertex -63.9032 36.319 0
      vertex -64.1213 36.1213 32.4
      vertex -63.9032 36.319 32.4
    endloop
  endfacet
  facet normal -0.671607 0.740908 0
    outer loop
      vertex -64.1213 36.1213 32.4
      vertex -63.9032 36.319 0
      vertex -64.1213 36.1213 0
    endloop
  endfacet
  facet normal -0.998787 0.0492431 0
    outer loop
      vertex -65 34 0
      vertex -64.9855 34.2941 32.4
      vertex -64.9855 34.2941 0
    endloop
  endfacet
  facet normal -0.998787 0.0492431 0
    outer loop
      vertex -64.9855 34.2941 32.4
      vertex -65 34 0
      vertex -65 34 32.4
    endloop
  endfacet
  facet normal 0.337047 -0.941488 0
    outer loop
      vertex 62.8709 -36.8708 0
      vertex 63.148 -36.7716 32.4
      vertex 62.8709 -36.8708 32.4
    endloop
  endfacet
  facet normal 0.337047 -0.941488 0
    outer loop
      vertex 63.148 -36.7716 32.4
      vertex 62.8709 -36.8708 0
      vertex 63.148 -36.7716 0
    endloop
  endfacet
  facet normal 0.0489044 -0.998803 0
    outer loop
      vertex 62 -37 0
      vertex 62.2941 -36.9856 32.4
      vertex 62 -37 32.4
    endloop
  endfacet
  facet normal 0.0489044 -0.998803 0
    outer loop
      vertex 62.2941 -36.9856 32.4
      vertex 62 -37 0
      vertex 62.2941 -36.9856 0
    endloop
  endfacet
  facet normal -0.0489044 -0.998803 0
    outer loop
      vertex -62.2941 -36.9856 0
      vertex -62 -37 32.4
      vertex -62.2941 -36.9856 32.4
    endloop
  endfacet
  facet normal -0.0489044 -0.998803 -0
    outer loop
      vertex -62 -37 32.4
      vertex -62.2941 -36.9856 0
      vertex -62 -37 0
    endloop
  endfacet
  facet normal -0.514246 -0.857643 0
    outer loop
      vertex -63.6667 -36.4944 0
      vertex -63.4142 -36.6458 32.4
      vertex -63.6667 -36.4944 32.4
    endloop
  endfacet
  facet normal -0.514246 -0.857643 -0
    outer loop
      vertex -63.4142 -36.6458 32.4
      vertex -63.6667 -36.4944 0
      vertex -63.4142 -36.6458 0
    endloop
  endfacet
  facet normal -1 0 0
    outer loop
      vertex -65 -34 0
      vertex -65 -17 4
      vertex -65 -17 0
    endloop
  endfacet
  facet normal -1 0 0
    outer loop
      vertex -65 -17 4
      vertex -65 -17.8991 9.97618
      vertex -65 -17.3535 9.71814
    endloop
  endfacet
  facet normal -1 0 0
    outer loop
      vertex -65 -17 4
      vertex -65 -18.4168 10.2865
      vertex -65 -17.8991 9.97618
    endloop
  endfacet
  facet normal -1 0 0
    outer loop
      vertex -65 -17 4
      vertex -65 -18.9015 10.646
      vertex -65 -18.4168 10.2865
    endloop
  endfacet
  facet normal -1 0 0
    outer loop
      vertex -65 -17 4
      vertex -65 -19.3487 11.0513
      vertex -65 -18.9015 10.646
    endloop
  endfacet
  facet normal -1 -0 0
    outer loop
      vertex -65 -17 4
      vertex -65 -34 0
      vertex -65 -19.3487 11.0513
    endloop
  endfacet
  facet normal -1 -0 0
    outer loop
      vertex -65 -19.3487 11.0513
      vertex -65 -34 0
      vertex -65 -19.754 11.4985
    endloop
  endfacet
  facet normal -1 -0 0
    outer loop
      vertex -65 -19.754 11.4985
      vertex -65 -34 0
      vertex -65 -20.1135 11.9832
    endloop
  endfacet
  facet normal -1 -0 0
    outer loop
      vertex -65 -20.1135 11.9832
      vertex -65 -34 0
      vertex -65 -20.4238 12.5009
    endloop
  endfacet
  facet normal -1 -0 0
    outer loop
      vertex -65 -20.4238 12.5009
      vertex -65 -34 0
      vertex -65 -20.6819 13.0465
    endloop
  endfacet
  facet normal -1 -0 0
    outer loop
      vertex -65 -21.1204 14.7972
      vertex -65 -34 0
      vertex -65 -21.15 15.4
    endloop
  endfacet
  facet normal -1 -0 0
    outer loop
      vertex -65 -21.0318 14.2002
      vertex -65 -34 0
      vertex -65 -21.1204 14.7972
    endloop
  endfacet
  facet normal -1 -0 0
    outer loop
      vertex -65 -20.8852 13.6147
      vertex -65 -34 0
      vertex -65 -21.0318 14.2002
    endloop
  endfacet
  facet normal -1 -0 0
    outer loop
      vertex -65 -20.6819 13.0465
      vertex -65 -34 0
      vertex -65 -20.8852 13.6147
    endloop
  endfacet
  facet normal -1 0 0
    outer loop
      vertex -65 8.87961 14.7972
      vertex -65 -8.87961 14.7972
      vertex -65 -8.85 15.4
    endloop
  endfacet
  facet normal -1 0 0
    outer loop
      vertex -65 -1.15485 4.07835
      vertex -65 -8.96817 14.2002
      vertex -65 -8.87961 14.7972
    endloop
  endfacet
  facet normal -1 0 0
    outer loop
      vertex -65 -1.15485 4.07835
      vertex -65 -9.11482 13.6147
      vertex -65 -8.96817 14.2002
    endloop
  endfacet
  facet normal -1 0 0
    outer loop
      vertex -65 -1.15485 4.07835
      vertex -65 -9.31814 13.0465
      vertex -65 -9.11482 13.6147
    endloop
  endfacet
  facet normal -1 0 0
    outer loop
      vertex -65 -1.15485 4.07835
      vertex -65 -9.57618 12.5009
      vertex -65 -9.31814 13.0465
    endloop
  endfacet
  facet normal -1 0 0
    outer loop
      vertex -65 -1.15485 4.07835
      vertex -65 -9.88646 11.9832
      vertex -65 -9.57618 12.5009
    endloop
  endfacet
  facet normal -1 0 0
    outer loop
      vertex -65 -1.15485 4.07835
      vertex -65 -10.246 11.4985
      vertex -65 -9.88646 11.9832
    endloop
  endfacet
  facet normal -1 0 0
    outer loop
      vertex -65 -1.15485 4.07835
      vertex -65 -10.6513 11.0513
      vertex -65 -10.246 11.4985
    endloop
  endfacet
  facet normal -1 0 0
    outer loop
      vertex -65 -1.15485 4.07835
      vertex -65 -11.0985 10.646
      vertex -65 -10.6513 11.0513
    endloop
  endfacet
  facet normal -1 0 0
    outer loop
      vertex -65 -1.18288 4
      vertex -65 -11.5832 10.2865
      vertex -65 -11.0985 10.646
    endloop
  endfacet
  facet normal -1 0 0
    outer loop
      vertex -65 -1.18288 4
      vertex -65 -12.1009 9.97618
      vertex -65 -11.5832 10.2865
    endloop
  endfacet
  facet normal -1 0 0
    outer loop
      vertex -65 -1.18288 4
      vertex -65 -12.6465 9.71814
      vertex -65 -12.1009 9.97618
    endloop
  endfacet
  facet normal -1 0 0
    outer loop
      vertex -65 -17 4
      vertex -65 -12.6465 9.71814
      vertex -65 -1.18288 4
    endloop
  endfacet
  facet normal -1 0 0
    outer loop
      vertex -65 -12.6465 9.71814
      vertex -65 -17 4
      vertex -65 -13.2147 9.51482
    endloop
  endfacet
  facet normal -1 0 0
    outer loop
      vertex -65 -13.2147 9.51482
      vertex -65 -17 4
      vertex -65 -13.8002 9.36817
    endloop
  endfacet
  facet normal -1 0 0
    outer loop
      vertex -65 -13.8002 9.36817
      vertex -65 -17 4
      vertex -65 -14.3972 9.27961
    endloop
  endfacet
  facet normal -1 0 0
    outer loop
      vertex -65 -14.3972 9.27961
      vertex -65 -17 4
      vertex -65 -15 9.25
    endloop
  endfacet
  facet normal -1 -0 0
    outer loop
      vertex -65 -15 9.25
      vertex -65 -17 4
      vertex -65 -15.6028 9.27961
    endloop
  endfacet
  facet normal -1 -0 0
    outer loop
      vertex -65 -15.6028 9.27961
      vertex -65 -17 4
      vertex -65 -16.1998 9.36817
    endloop
  endfacet
  facet normal -1 -0 0
    outer loop
      vertex -65 -16.1998 9.36817
      vertex -65 -17 4
      vertex -65 -16.7853 9.51482
    endloop
  endfacet
  facet normal -1 -0 0
    outer loop
      vertex -65 -16.7853 9.51482
      vertex -65 -17 4
      vertex -65 -17.3535 9.71814
    endloop
  endfacet
  facet normal -1 0 0
    outer loop
      vertex -65 34 0
      vertex -65 21.15 15.4
      vertex -65 34 32.4
    endloop
  endfacet
  facet normal -1 0 0
    outer loop
      vertex -65 34 0
      vertex -65 21.1204 14.7972
      vertex -65 21.15 15.4
    endloop
  endfacet
  facet normal -1 0 0
    outer loop
      vertex -65 34 0
      vertex -65 21.0318 14.2002
      vertex -65 21.1204 14.7972
    endloop
  endfacet
  facet normal -1 0 0
    outer loop
      vertex -65 34 0
      vertex -65 20.8852 13.6147
      vertex -65 21.0318 14.2002
    endloop
  endfacet
  facet normal -1 0 0
    outer loop
      vertex -65 34 0
      vertex -65 20.6819 13.0465
      vertex -65 20.8852 13.6147
    endloop
  endfacet
  facet normal -1 0 0
    outer loop
      vertex -65 34 0
      vertex -65 20.4238 12.5009
      vertex -65 20.6819 13.0465
    endloop
  endfacet
  facet normal -1 0 0
    outer loop
      vertex -65 34 0
      vertex -65 20.1135 11.9832
      vertex -65 20.4238 12.5009
    endloop
  endfacet
  facet normal -1 0 0
    outer loop
      vertex -65 34 0
      vertex -65 19.754 11.4985
      vertex -65 20.1135 11.9832
    endloop
  endfacet
  facet normal -1 0 0
    outer loop
      vertex -65 34 0
      vertex -65 19.3487 11.0513
      vertex -65 19.754 11.4985
    endloop
  endfacet
  facet normal -1 0 0
    outer loop
      vertex -65 17 4
      vertex -65 19.3487 11.0513
      vertex -65 34 0
    endloop
  endfacet
  facet normal -1 0 0
    outer loop
      vertex -65 19.3487 11.0513
      vertex -65 17 4
      vertex -65 18.9015 10.646
    endloop
  endfacet
  facet normal -1 0 0
    outer loop
      vertex -65 18.9015 10.646
      vertex -65 17 4
      vertex -65 18.4168 10.2865
    endloop
  endfacet
  facet normal -1 0 0
    outer loop
      vertex -65 18.4168 10.2865
      vertex -65 17 4
      vertex -65 17.8991 9.97618
    endloop
  endfacet
  facet normal -1 0 0
    outer loop
      vertex -65 17 4
      vertex -65 34 0
      vertex -65 17 0
    endloop
  endfacet
  facet normal -1 0 0
    outer loop
      vertex -65 17.8991 9.97618
      vertex -65 17 4
      vertex -65 17.3535 9.71814
    endloop
  endfacet
  facet normal -1 0 0
    outer loop
      vertex -65 17 4
      vertex -65 16.7853 9.51482
      vertex -65 17.3535 9.71814
    endloop
  endfacet
  facet normal -1 0 0
    outer loop
      vertex -65 17 4
      vertex -65 16.1998 9.36817
      vertex -65 16.7853 9.51482
    endloop
  endfacet
  facet normal -1 0 0
    outer loop
      vertex -65 17 4
      vertex -65 15.6028 9.27961
      vertex -65 16.1998 9.36817
    endloop
  endfacet
  facet normal -1 0 0
    outer loop
      vertex -65 17 4
      vertex -65 15 9.25
      vertex -65 15.6028 9.27961
    endloop
  endfacet
  facet normal -1 0 0
    outer loop
      vertex -65 17 4
      vertex -65 14.3972 9.27961
      vertex -65 15 9.25
    endloop
  endfacet
  facet normal -1 0 0
    outer loop
      vertex -65 17 4
      vertex -65 13.8002 9.36817
      vertex -65 14.3972 9.27961
    endloop
  endfacet
  facet normal -1 0 0
    outer loop
      vertex -65 17 4
      vertex -65 13.2147 9.51482
      vertex -65 13.8002 9.36817
    endloop
  endfacet
  facet normal -1 0 0
    outer loop
      vertex -65 17 4
      vertex -65 12.6465 9.71814
      vertex -65 13.2147 9.51482
    endloop
  endfacet
  facet normal -1 0 0
    outer loop
      vertex -65 1.18288 4
      vertex -65 12.6465 9.71814
      vertex -65 17 4
    endloop
  endfacet
  facet normal -1 -0 0
    outer loop
      vertex -65 12.6465 9.71814
      vertex -65 1.18288 4
      vertex -65 12.1009 9.97618
    endloop
  endfacet
  facet normal -1 -0 0
    outer loop
      vertex -65 12.1009 9.97618
      vertex -65 1.18288 4
      vertex -65 11.5832 10.2865
    endloop
  endfacet
  facet normal -1 -0 0
    outer loop
      vertex -65 11.5832 10.2865
      vertex -65 1.18288 4
      vertex -65 11.0985 10.646
    endloop
  endfacet
  facet normal -1 0 0
    outer loop
      vertex -65 1.15485 4.07835
      vertex -65 11.0985 10.646
      vertex -65 1.18288 4
    endloop
  endfacet
  facet normal -1 0 0
    outer loop
      vertex -65 0.792991 4.56626
      vertex -65 9.88646 11.9832
      vertex -65 0.883883 4.48388
    endloop
  endfacet
  facet normal -1 0 0
    outer loop
      vertex -65 0.883883 4.48388
      vertex -65 9.88646 11.9832
      vertex -65 0.966263 4.39299
    endloop
  endfacet
  facet normal -1 -0 0
    outer loop
      vertex -65 10.246 11.4985
      vertex -65 0.966263 4.39299
      vertex -65 9.88646 11.9832
    endloop
  endfacet
  facet normal -1 0 0
    outer loop
      vertex -65 0.966263 4.39299
      vertex -65 10.246 11.4985
      vertex -65 1.03934 4.29446
    endloop
  endfacet
  facet normal -1 -0 0
    outer loop
      vertex -65 10.6513 11.0513
      vertex -65 1.03934 4.29446
      vertex -65 10.246 11.4985
    endloop
  endfacet
  facet normal -1 0 0
    outer loop
      vertex -65 1.03934 4.29446
      vertex -65 10.6513 11.0513
      vertex -65 1.1024 4.18925
    endloop
  endfacet
  facet normal -1 0 0
    outer loop
      vertex -65 1.1024 4.18925
      vertex -65 10.6513 11.0513
      vertex -65 1.15485 4.07835
    endloop
  endfacet
  facet normal -1 -0 0
    outer loop
      vertex -65 11.0985 10.646
      vertex -65 1.15485 4.07835
      vertex -65 10.6513 11.0513
    endloop
  endfacet
  facet normal -1 0 0
    outer loop
      vertex -65 21.1204 16.0028
      vertex -65 34 32.4
      vertex -65 21.15 15.4
    endloop
  endfacet
  facet normal -1 0 0
    outer loop
      vertex -65 21.0318 16.5998
      vertex -65 34 32.4
      vertex -65 21.1204 16.0028
    endloop
  endfacet
  facet normal -1 0 0
    outer loop
      vertex -65 20.8852 17.1852
      vertex -65 34 32.4
      vertex -65 21.0318 16.5998
    endloop
  endfacet
  facet normal -1 0 0
    outer loop
      vertex -65 20.6819 17.7535
      vertex -65 34 32.4
      vertex -65 20.8852 17.1852
    endloop
  endfacet
  facet normal -1 0 0
    outer loop
      vertex -65 20.4238 18.2991
      vertex -65 34 32.4
      vertex -65 20.6819 17.7535
    endloop
  endfacet
  facet normal -1 0 0
    outer loop
      vertex -65 20.1135 18.8168
      vertex -65 34 32.4
      vertex -65 20.4238 18.2991
    endloop
  endfacet
  facet normal -1 0 0
    outer loop
      vertex -65 19.754 19.3015
      vertex -65 34 32.4
      vertex -65 20.1135 18.8168
    endloop
  endfacet
  facet normal -1 0 0
    outer loop
      vertex -65 19.3487 19.7487
      vertex -65 34 32.4
      vertex -65 19.754 19.3015
    endloop
  endfacet
  facet normal -1 0 0
    outer loop
      vertex -65 18.9015 20.154
      vertex -65 34 32.4
      vertex -65 19.3487 19.7487
    endloop
  endfacet
  facet normal -1 0 0
    outer loop
      vertex -65 18.4168 20.5135
      vertex -65 34 32.4
      vertex -65 18.9015 20.154
    endloop
  endfacet
  facet normal -1 0 0
    outer loop
      vertex -65 17.8991 20.8238
      vertex -65 34 32.4
      vertex -65 18.4168 20.5135
    endloop
  endfacet
  facet normal -1 0 0
    outer loop
      vertex -65 17.3535 21.0819
      vertex -65 34 32.4
      vertex -65 17.8991 20.8238
    endloop
  endfacet
  facet normal -1 0 0
    outer loop
      vertex -65 16.7853 21.2852
      vertex -65 34 32.4
      vertex -65 17.3535 21.0819
    endloop
  endfacet
  facet normal -1 0 0
    outer loop
      vertex -65 16.1998 21.4318
      vertex -65 34 32.4
      vertex -65 16.7853 21.2852
    endloop
  endfacet
  facet normal -1 0 0
    outer loop
      vertex -65 15.6028 21.5204
      vertex -65 34 32.4
      vertex -65 16.1998 21.4318
    endloop
  endfacet
  facet normal -1 0 0
    outer loop
      vertex -65 15 21.55
      vertex -65 34 32.4
      vertex -65 15.6028 21.5204
    endloop
  endfacet
  facet normal -1 0 0
    outer loop
      vertex -65 14.3972 21.5204
      vertex -65 34 32.4
      vertex -65 15 21.55
    endloop
  endfacet
  facet normal -1 0 0
    outer loop
      vertex -65 13.8002 21.4318
      vertex -65 34 32.4
      vertex -65 14.3972 21.5204
    endloop
  endfacet
  facet normal -1 0 0
    outer loop
      vertex -65 13.2147 21.2852
      vertex -65 34 32.4
      vertex -65 13.8002 21.4318
    endloop
  endfacet
  facet normal -1 0 0
    outer loop
      vertex -65 -13.2147 21.2852
      vertex -65 13.2147 21.2852
      vertex -65 12.6465 21.0819
    endloop
  endfacet
  facet normal -1 0 0
    outer loop
      vertex -65 -12.6465 21.0819
      vertex -65 12.6465 21.0819
      vertex -65 12.1009 20.8238
    endloop
  endfacet
  facet normal -1 -0 0
    outer loop
      vertex -65 9.88646 11.9832
      vertex -65 0.792991 4.56626
      vertex -65 9.57618 12.5009
    endloop
  endfacet
  facet normal -1 0 0
    outer loop
      vertex -65 0.694463 4.63934
      vertex -65 9.57618 12.5009
      vertex -65 0.792991 4.56626
    endloop
  endfacet
  facet normal -1 0 0
    outer loop
      vertex -65 0.589246 4.7024
      vertex -65 9.57618 12.5009
      vertex -65 0.694463 4.63934
    endloop
  endfacet
  facet normal -1 -0 0
    outer loop
      vertex -65 9.57618 12.5009
      vertex -65 0.589246 4.7024
      vertex -65 9.31814 13.0465
    endloop
  endfacet
  facet normal -1 0 0
    outer loop
      vertex -65 0.478354 4.75485
      vertex -65 9.31814 13.0465
      vertex -65 0.589246 4.7024
    endloop
  endfacet
  facet normal -1 -0 0
    outer loop
      vertex -65 9.31814 13.0465
      vertex -65 0.478354 4.75485
      vertex -65 9.11482 13.6147
    endloop
  endfacet
  facet normal -1 0 0
    outer loop
      vertex -65 0.362855 4.79618
      vertex -65 9.11482 13.6147
      vertex -65 0.478354 4.75485
    endloop
  endfacet
  facet normal -1 0 0
    outer loop
      vertex -65 0.243862 4.82598
      vertex -65 9.11482 13.6147
      vertex -65 0.362855 4.79618
    endloop
  endfacet
  facet normal -1 -0 0
    outer loop
      vertex -65 9.11482 13.6147
      vertex -65 0.243862 4.82598
      vertex -65 8.96817 14.2002
    endloop
  endfacet
  facet normal -1 0 0
    outer loop
      vertex -65 0.122521 4.84398
      vertex -65 8.96817 14.2002
      vertex -65 0.243862 4.82598
    endloop
  endfacet
  facet normal -1 -0 0
    outer loop
      vertex -65 8.96817 14.2002
      vertex -65 0.122521 4.84398
      vertex -65 8.87961 14.7972
    endloop
  endfacet
  facet normal -1 0 0
    outer loop
      vertex -65 0 4.85
      vertex -65 8.87961 14.7972
      vertex -65 0.122521 4.84398
    endloop
  endfacet
  facet normal -1 0 0
    outer loop
      vertex -65 -8.87961 14.7972
      vertex -65 8.87961 14.7972
      vertex -65 0 4.85
    endloop
  endfacet
  facet normal -1 0 0
    outer loop
      vertex -65 8.87961 14.7972
      vertex -65 -8.85 15.4
      vertex -65 8.85 15.4
    endloop
  endfacet
  facet normal -1 0 0
    outer loop
      vertex -65 8.85 15.4
      vertex -65 -8.85 15.4
      vertex -65 8.87961 16.0028
    endloop
  endfacet
  facet normal -1 0 0
    outer loop
      vertex -65 -8.87961 16.0028
      vertex -65 8.87961 16.0028
      vertex -65 -8.85 15.4
    endloop
  endfacet
  facet normal -1 0 0
    outer loop
      vertex -65 -8.96817 16.5998
      vertex -65 8.96817 16.5998
      vertex -65 -8.87961 16.0028
    endloop
  endfacet
  facet normal -1 0 0
    outer loop
      vertex -65 8.96817 16.5998
      vertex -65 -8.96817 16.5998
      vertex -65 9.11482 17.1852
    endloop
  endfacet
  facet normal -1 0 0
    outer loop
      vertex -65 8.87961 16.0028
      vertex -65 -8.87961 16.0028
      vertex -65 8.96817 16.5998
    endloop
  endfacet
  facet normal -1 0 0
    outer loop
      vertex -65 -8.87961 14.7972
      vertex -65 0 4.85
      vertex -65 -0.122521 4.84398
    endloop
  endfacet
  facet normal -1 0 0
    outer loop
      vertex -65 -8.87961 14.7972
      vertex -65 -0.122521 4.84398
      vertex -65 -0.243862 4.82598
    endloop
  endfacet
  facet normal -1 0 0
    outer loop
      vertex -65 -8.87961 14.7972
      vertex -65 -0.243862 4.82598
      vertex -65 -0.362855 4.79618
    endloop
  endfacet
  facet normal -1 0 0
    outer loop
      vertex -65 -8.87961 14.7972
      vertex -65 -0.362855 4.79618
      vertex -65 -0.478354 4.75485
    endloop
  endfacet
  facet normal -1 0 0
    outer loop
      vertex -65 -8.87961 14.7972
      vertex -65 -0.478354 4.75485
      vertex -65 -0.589246 4.7024
    endloop
  endfacet
  facet normal -1 0 0
    outer loop
      vertex -65 -9.11482 17.1852
      vertex -65 9.11482 17.1852
      vertex -65 -8.96817 16.5998
    endloop
  endfacet
  facet normal -1 0 0
    outer loop
      vertex -65 -8.87961 14.7972
      vertex -65 -0.589246 4.7024
      vertex -65 -0.694463 4.63934
    endloop
  endfacet
  facet normal -1 0 0
    outer loop
      vertex -65 -8.87961 14.7972
      vertex -65 -0.694463 4.63934
      vertex -65 -0.792991 4.56626
    endloop
  endfacet
  facet normal -1 0 0
    outer loop
      vertex -65 -8.87961 14.7972
      vertex -65 -0.792991 4.56626
      vertex -65 -0.883883 4.48388
    endloop
  endfacet
  facet normal -1 0 0
    outer loop
      vertex -65 -8.87961 14.7972
      vertex -65 -0.883883 4.48388
      vertex -65 -0.966263 4.39299
    endloop
  endfacet
  facet normal -1 0 0
    outer loop
      vertex -65 -11.0985 10.646
      vertex -65 -1.15485 4.07835
      vertex -65 -1.18288 4
    endloop
  endfacet
  facet normal -1 0 0
    outer loop
      vertex -65 -8.87961 14.7972
      vertex -65 -1.1024 4.18925
      vertex -65 -1.15485 4.07835
    endloop
  endfacet
  facet normal -1 0 0
    outer loop
      vertex -65 -8.87961 14.7972
      vertex -65 -1.03934 4.29446
      vertex -65 -1.1024 4.18925
    endloop
  endfacet
  facet normal -1 0 0
    outer loop
      vertex -65 -8.87961 14.7972
      vertex -65 -0.966263 4.39299
      vertex -65 -1.03934 4.29446
    endloop
  endfacet
  facet normal -1 0 0
    outer loop
      vertex -65 9.11482 17.1852
      vertex -65 -9.11482 17.1852
      vertex -65 9.31814 17.7535
    endloop
  endfacet
  facet normal -1 0 0
    outer loop
      vertex -65 -9.31814 17.7535
      vertex -65 9.31814 17.7535
      vertex -65 -9.11482 17.1852
    endloop
  endfacet
  facet normal -1 0 0
    outer loop
      vertex -65 9.31814 17.7535
      vertex -65 -9.31814 17.7535
      vertex -65 9.57618 18.2991
    endloop
  endfacet
  facet normal -1 0 0
    outer loop
      vertex -65 -9.57618 18.2991
      vertex -65 9.57618 18.2991
      vertex -65 -9.31814 17.7535
    endloop
  endfacet
  facet normal -1 0 0
    outer loop
      vertex -65 9.57618 18.2991
      vertex -65 -9.57618 18.2991
      vertex -65 9.88646 18.8168
    endloop
  endfacet
  facet normal -1 0 0
    outer loop
      vertex -65 -9.88646 18.8168
      vertex -65 9.88646 18.8168
      vertex -65 -9.57618 18.2991
    endloop
  endfacet
  facet normal -1 0 0
    outer loop
      vertex -65 9.88646 18.8168
      vertex -65 -9.88646 18.8168
      vertex -65 10.246 19.3015
    endloop
  endfacet
  facet normal -1 0 0
    outer loop
      vertex -65 -10.246 19.3015
      vertex -65 10.246 19.3015
      vertex -65 -9.88646 18.8168
    endloop
  endfacet
  facet normal -1 0 0
    outer loop
      vertex -65 10.246 19.3015
      vertex -65 -10.246 19.3015
      vertex -65 10.6513 19.7487
    endloop
  endfacet
  facet normal -1 0 0
    outer loop
      vertex -65 -10.6513 19.7487
      vertex -65 10.6513 19.7487
      vertex -65 -10.246 19.3015
    endloop
  endfacet
  facet normal -1 0 0
    outer loop
      vertex -65 10.6513 19.7487
      vertex -65 -10.6513 19.7487
      vertex -65 11.0985 20.154
    endloop
  endfacet
  facet normal -1 0 0
    outer loop
      vertex -65 -11.0985 20.154
      vertex -65 11.0985 20.154
      vertex -65 -10.6513 19.7487
    endloop
  endfacet
  facet normal -1 0 0
    outer loop
      vertex -65 11.0985 20.154
      vertex -65 -11.0985 20.154
      vertex -65 11.5832 20.5135
    endloop
  endfacet
  facet normal -1 0 0
    outer loop
      vertex -65 -11.5832 20.5135
      vertex -65 11.5832 20.5135
      vertex -65 -11.0985 20.154
    endloop
  endfacet
  facet normal -1 0 0
    outer loop
      vertex -65 11.5832 20.5135
      vertex -65 -11.5832 20.5135
      vertex -65 12.1009 20.8238
    endloop
  endfacet
  facet normal -1 0 0
    outer loop
      vertex -65 -12.1009 20.8238
      vertex -65 12.1009 20.8238
      vertex -65 -11.5832 20.5135
    endloop
  endfacet
  facet normal -1 0 0
    outer loop
      vertex -65 -12.6465 21.0819
      vertex -65 12.1009 20.8238
      vertex -65 -12.1009 20.8238
    endloop
  endfacet
  facet normal -1 0 0
    outer loop
      vertex -65 12.6465 21.0819
      vertex -65 -12.6465 21.0819
      vertex -65 -13.2147 21.2852
    endloop
  endfacet
  facet normal -1 0 0
    outer loop
      vertex -65 13.2147 21.2852
      vertex -65 -13.2147 21.2852
      vertex -65 34 32.4
    endloop
  endfacet
  facet normal -1 0 0
    outer loop
      vertex -65 -34 32.4
      vertex -65 -13.2147 21.2852
      vertex -65 -13.8002 21.4318
    endloop
  endfacet
  facet normal -1 0 0
    outer loop
      vertex -65 -34 32.4
      vertex -65 -13.8002 21.4318
      vertex -65 -14.3972 21.5204
    endloop
  endfacet
  facet normal -1 0 0
    outer loop
      vertex -65 -34 32.4
      vertex -65 -14.3972 21.5204
      vertex -65 -15 21.55
    endloop
  endfacet
  facet normal -1 0 0
    outer loop
      vertex -65 -34 32.4
      vertex -65 -15 21.55
      vertex -65 -15.6028 21.5204
    endloop
  endfacet
  facet normal -1 0 0
    outer loop
      vertex -65 -34 32.4
      vertex -65 -15.6028 21.5204
      vertex -65 -16.1998 21.4318
    endloop
  endfacet
  facet normal -1 0 0
    outer loop
      vertex -65 -34 32.4
      vertex -65 -21.15 15.4
      vertex -65 -34 0
    endloop
  endfacet
  facet normal -1 0 0
    outer loop
      vertex -65 -21.15 15.4
      vertex -65 -34 32.4
      vertex -65 -21.1204 16.0028
    endloop
  endfacet
  facet normal -1 0 0
    outer loop
      vertex -65 -21.1204 16.0028
      vertex -65 -34 32.4
      vertex -65 -21.0318 16.5998
    endloop
  endfacet
  facet normal -1 0 0
    outer loop
      vertex -65 -21.0318 16.5998
      vertex -65 -34 32.4
      vertex -65 -20.8852 17.1852
    endloop
  endfacet
  facet normal -1 0 0
    outer loop
      vertex -65 -20.8852 17.1852
      vertex -65 -34 32.4
      vertex -65 -20.6819 17.7535
    endloop
  endfacet
  facet normal -1 0 0
    outer loop
      vertex -65 -20.6819 17.7535
      vertex -65 -34 32.4
      vertex -65 -20.4238 18.2991
    endloop
  endfacet
  facet normal -1 0 0
    outer loop
      vertex -65 -13.2147 21.2852
      vertex -65 -34 32.4
      vertex -65 34 32.4
    endloop
  endfacet
  facet normal -1 0 0
    outer loop
      vertex -65 -16.7853 21.2852
      vertex -65 -34 32.4
      vertex -65 -16.1998 21.4318
    endloop
  endfacet
  facet normal -1 0 0
    outer loop
      vertex -65 -17.3535 21.0819
      vertex -65 -34 32.4
      vertex -65 -16.7853 21.2852
    endloop
  endfacet
  facet normal -1 0 0
    outer loop
      vertex -65 -17.8991 20.8238
      vertex -65 -34 32.4
      vertex -65 -17.3535 21.0819
    endloop
  endfacet
  facet normal -1 0 0
    outer loop
      vertex -65 -18.4168 20.5135
      vertex -65 -34 32.4
      vertex -65 -17.8991 20.8238
    endloop
  endfacet
  facet normal -1 0 0
    outer loop
      vertex -65 -18.9015 20.154
      vertex -65 -34 32.4
      vertex -65 -18.4168 20.5135
    endloop
  endfacet
  facet normal -1 0 0
    outer loop
      vertex -65 -19.3487 19.7487
      vertex -65 -34 32.4
      vertex -65 -18.9015 20.154
    endloop
  endfacet
  facet normal -1 0 0
    outer loop
      vertex -65 -19.754 19.3015
      vertex -65 -34 32.4
      vertex -65 -19.3487 19.7487
    endloop
  endfacet
  facet normal -1 0 0
    outer loop
      vertex -65 -20.1135 18.8168
      vertex -65 -34 32.4
      vertex -65 -19.754 19.3015
    endloop
  endfacet
  facet normal -1 0 0
    outer loop
      vertex -65 -20.4238 18.2991
      vertex -65 -34 32.4
      vertex -65 -20.1135 18.8168
    endloop
  endfacet
  facet normal 0.969982 -0.243175 0
    outer loop
      vertex 64.8708 -34.8709 32.4
      vertex 64.9424 -34.5853 0
      vertex 64.9424 -34.5853 32.4
    endloop
  endfacet
  facet normal 0.969982 -0.243175 0
    outer loop
      vertex 64.9424 -34.5853 0
      vertex 64.8708 -34.8709 32.4
      vertex 64.8708 -34.8709 0
    endloop
  endfacet
  facet normal -0.243175 0.969982 0
    outer loop
      vertex -62.5853 36.9424 0
      vertex -62.8709 36.8708 32.4
      vertex -62.5853 36.9424 32.4
    endloop
  endfacet
  facet normal -0.243175 0.969982 0
    outer loop
      vertex -62.8709 36.8708 32.4
      vertex -62.5853 36.9424 0
      vertex -62.8709 36.8708 0
    endloop
  endfacet
  facet normal -0.857643 -0.514246 0
    outer loop
      vertex -64.4944 -35.6667 0
      vertex -64.6458 -35.4142 32.4
      vertex -64.6458 -35.4142 0
    endloop
  endfacet
  facet normal -0.857643 -0.514246 0
    outer loop
      vertex -64.6458 -35.4142 32.4
      vertex -64.4944 -35.6667 0
      vertex -64.4944 -35.6667 32.4
    endloop
  endfacet
  facet normal -0.0489044 0.998803 0
    outer loop
      vertex -62 37 0
      vertex -62.2941 36.9856 32.4
      vertex -62 37 32.4
    endloop
  endfacet
  facet normal -0.0489044 0.998803 0
    outer loop
      vertex -62.2941 36.9856 32.4
      vertex -62 37 0
      vertex -62.2941 36.9856 0
    endloop
  endfacet
  facet normal 0.427269 -0.904125 0
    outer loop
      vertex 63.148 -36.7716 0
      vertex 63.4142 -36.6458 32.4
      vertex 63.148 -36.7716 32.4
    endloop
  endfacet
  facet normal 0.427269 -0.904125 0
    outer loop
      vertex 63.4142 -36.6458 32.4
      vertex 63.148 -36.7716 0
      vertex 63.4142 -36.6458 0
    endloop
  endfacet
  facet normal 0.740908 0.671607 0
    outer loop
      vertex 64.319 35.9032 32.4
      vertex 64.1213 36.1213 0
      vertex 64.1213 36.1213 32.4
    endloop
  endfacet
  facet normal 0.740908 0.671607 0
    outer loop
      vertex 64.1213 36.1213 0
      vertex 64.319 35.9032 32.4
      vertex 64.319 35.9032 0
    endloop
  endfacet
  facet normal 0 -1 0
    outer loop
      vertex -62 -37 0
      vertex 62 -37 32.4
      vertex -62 -37 32.4
    endloop
  endfacet
  facet normal 0 -1 -0
    outer loop
      vertex 62 -37 32.4
      vertex -62 -37 0
      vertex 62 -37 0
    endloop
  endfacet
  facet normal 0.514246 -0.857643 0
    outer loop
      vertex 63.4142 -36.6458 0
      vertex 63.6667 -36.4944 32.4
      vertex 63.4142 -36.6458 32.4
    endloop
  endfacet
  facet normal 0.514246 -0.857643 0
    outer loop
      vertex 63.6667 -36.4944 32.4
      vertex 63.4142 -36.6458 0
      vertex 63.6667 -36.4944 0
    endloop
  endfacet
  facet normal 0.904125 0.427269 0
    outer loop
      vertex 64.7716 35.148 32.4
      vertex 64.6458 35.4142 0
      vertex 64.6458 35.4142 32.4
    endloop
  endfacet
  facet normal 0.904125 0.427269 0
    outer loop
      vertex 64.6458 35.4142 0
      vertex 64.7716 35.148 32.4
      vertex 64.7716 35.148 0
    endloop
  endfacet
  facet normal -0.337047 0.941488 0
    outer loop
      vertex -62.8709 36.8708 0
      vertex -63.148 36.7716 32.4
      vertex -62.8709 36.8708 32.4
    endloop
  endfacet
  facet normal -0.337047 0.941488 0
    outer loop
      vertex -63.148 36.7716 32.4
      vertex -62.8709 36.8708 0
      vertex -63.148 36.7716 0
    endloop
  endfacet
  facet normal 0.595699 0.803208 -0
    outer loop
      vertex 63.9032 36.319 0
      vertex 63.6667 36.4944 32.4
      vertex 63.9032 36.319 32.4
    endloop
  endfacet
  facet normal 0.595699 0.803208 0
    outer loop
      vertex 63.6667 36.4944 32.4
      vertex 63.9032 36.319 0
      vertex 63.6667 36.4944 0
    endloop
  endfacet
  facet normal 0.0489044 0.998803 -0
    outer loop
      vertex 62.2941 36.9856 0
      vertex 62 37 32.4
      vertex 62.2941 36.9856 32.4
    endloop
  endfacet
  facet normal 0.0489044 0.998803 0
    outer loop
      vertex 62 37 32.4
      vertex 62.2941 36.9856 0
      vertex 62 37 0
    endloop
  endfacet
  facet normal 0.803208 -0.595699 0
    outer loop
      vertex 64.319 -35.9032 32.4
      vertex 64.4944 -35.6667 0
      vertex 64.4944 -35.6667 32.4
    endloop
  endfacet
  facet normal 0.803208 -0.595699 0
    outer loop
      vertex 64.4944 -35.6667 0
      vertex 64.319 -35.9032 32.4
      vertex 64.319 -35.9032 0
    endloop
  endfacet
  facet normal -0.146746 0.989174 0
    outer loop
      vertex -62.2941 36.9856 0
      vertex -62.5853 36.9424 32.4
      vertex -62.2941 36.9856 32.4
    endloop
  endfacet
  facet normal -0.146746 0.989174 0
    outer loop
      vertex -62.5853 36.9424 32.4
      vertex -62.2941 36.9856 0
      vertex -62.5853 36.9424 0
    endloop
  endfacet
  facet normal 0.857643 0.514246 0
    outer loop
      vertex 64.6458 35.4142 32.4
      vertex 64.4944 35.6667 0
      vertex 64.4944 35.6667 32.4
    endloop
  endfacet
  facet normal 0.857643 0.514246 0
    outer loop
      vertex 64.4944 35.6667 0
      vertex 64.6458 35.4142 32.4
      vertex 64.6458 35.4142 0
    endloop
  endfacet
  facet normal -0.803208 0.595699 0
    outer loop
      vertex -64.4944 35.6667 0
      vertex -64.319 35.9032 32.4
      vertex -64.319 35.9032 0
    endloop
  endfacet
  facet normal -0.803208 0.595699 0
    outer loop
      vertex -64.319 35.9032 32.4
      vertex -64.4944 35.6667 0
      vertex -64.4944 35.6667 32.4
    endloop
  endfacet
  facet normal -0.803208 -0.595699 0
    outer loop
      vertex -64.319 -35.9032 0
      vertex -64.4944 -35.6667 32.4
      vertex -64.4944 -35.6667 0
    endloop
  endfacet
  facet normal -0.803208 -0.595699 0
    outer loop
      vertex -64.4944 -35.6667 32.4
      vertex -64.319 -35.9032 0
      vertex -64.319 -35.9032 32.4
    endloop
  endfacet
  facet normal 0.941488 -0.337047 0
    outer loop
      vertex 64.7716 -35.148 32.4
      vertex 64.8708 -34.8709 0
      vertex 64.8708 -34.8709 32.4
    endloop
  endfacet
  facet normal 0.941488 -0.337047 0
    outer loop
      vertex 64.8708 -34.8709 0
      vertex 64.7716 -35.148 32.4
      vertex 64.7716 -35.148 0
    endloop
  endfacet
  facet normal 0.904125 -0.427269 0
    outer loop
      vertex 64.6458 -35.4142 32.4
      vertex 64.7716 -35.148 0
      vertex 64.7716 -35.148 32.4
    endloop
  endfacet
  facet normal 0.904125 -0.427269 0
    outer loop
      vertex 64.7716 -35.148 0
      vertex 64.6458 -35.4142 32.4
      vertex 64.6458 -35.4142 0
    endloop
  endfacet
  facet normal 0.146746 -0.989174 0
    outer loop
      vertex 62.2941 -36.9856 0
      vertex 62.5853 -36.9424 32.4
      vertex 62.2941 -36.9856 32.4
    endloop
  endfacet
  facet normal 0.146746 -0.989174 0
    outer loop
      vertex 62.5853 -36.9424 32.4
      vertex 62.2941 -36.9856 0
      vertex 62.5853 -36.9424 0
    endloop
  endfacet
  facet normal -0.337047 -0.941488 0
    outer loop
      vertex -63.148 -36.7716 0
      vertex -62.8709 -36.8708 32.4
      vertex -63.148 -36.7716 32.4
    endloop
  endfacet
  facet normal -0.337047 -0.941488 -0
    outer loop
      vertex -62.8709 -36.8708 32.4
      vertex -63.148 -36.7716 0
      vertex -62.8709 -36.8708 0
    endloop
  endfacet
  facet normal -0.904125 0.427269 0
    outer loop
      vertex -64.7716 35.148 0
      vertex -64.6458 35.4142 32.4
      vertex -64.6458 35.4142 0
    endloop
  endfacet
  facet normal -0.904125 0.427269 0
    outer loop
      vertex -64.6458 35.4142 32.4
      vertex -64.7716 35.148 0
      vertex -64.7716 35.148 32.4
    endloop
  endfacet
  facet normal 1 0 0
    outer loop
      vertex 65 34 32.4
      vertex 65 17 4
      vertex 65 34 0
    endloop
  endfacet
  facet normal 1 0 0
    outer loop
      vertex 65 34 32.4
      vertex 65 -17 4
      vertex 65 17 4
    endloop
  endfacet
  facet normal 1 -0 0
    outer loop
      vertex 65 -34 32.4
      vertex 65 -17 4
      vertex 65 34 32.4
    endloop
  endfacet
  facet normal 1 0 0
    outer loop
      vertex 65 -34 0
      vertex 65 -17 4
      vertex 65 -34 32.4
    endloop
  endfacet
  facet normal 1 0 0
    outer loop
      vertex 65 -17 4
      vertex 65 -34 0
      vertex 65 -17 0
    endloop
  endfacet
  facet normal 1 0 0
    outer loop
      vertex 65 34 0
      vertex 65 17 4
      vertex 65 17 0
    endloop
  endfacet
  facet normal 0.998787 -0.0492431 0
    outer loop
      vertex 64.9855 -34.2941 32.4
      vertex 65 -34 0
      vertex 65 -34 32.4
    endloop
  endfacet
  facet normal 0.998787 -0.0492431 0
    outer loop
      vertex 65 -34 0
      vertex 64.9855 -34.2941 32.4
      vertex 64.9855 -34.2941 0
    endloop
  endfacet
  facet normal -0.146746 -0.989174 0
    outer loop
      vertex -62.5853 -36.9424 0
      vertex -62.2941 -36.9856 32.4
      vertex -62.5853 -36.9424 32.4
    endloop
  endfacet
  facet normal -0.146746 -0.989174 -0
    outer loop
      vertex -62.2941 -36.9856 32.4
      vertex -62.5853 -36.9424 0
      vertex -62.2941 -36.9856 0
    endloop
  endfacet
  facet normal -0.969982 0.243175 0
    outer loop
      vertex -64.9424 34.5853 0
      vertex -64.8708 34.8709 32.4
      vertex -64.8708 34.8709 0
    endloop
  endfacet
  facet normal -0.969982 0.243175 0
    outer loop
      vertex -64.8708 34.8709 32.4
      vertex -64.9424 34.5853 0
      vertex -64.9424 34.5853 32.4
    endloop
  endfacet
  facet normal 0.803208 0.595699 0
    outer loop
      vertex 64.4944 35.6667 32.4
      vertex 64.319 35.9032 0
      vertex 64.319 35.9032 32.4
    endloop
  endfacet
  facet normal 0.803208 0.595699 0
    outer loop
      vertex 64.319 35.9032 0
      vertex 64.4944 35.6667 32.4
      vertex 64.4944 35.6667 0
    endloop
  endfacet
  facet normal -0.740908 -0.671607 0
    outer loop
      vertex -64.1213 -36.1213 0
      vertex -64.319 -35.9032 32.4
      vertex -64.319 -35.9032 0
    endloop
  endfacet
  facet normal -0.740908 -0.671607 0
    outer loop
      vertex -64.319 -35.9032 32.4
      vertex -64.1213 -36.1213 0
      vertex -64.1213 -36.1213 32.4
    endloop
  endfacet
  facet normal 0.337047 0.941488 -0
    outer loop
      vertex 63.148 36.7716 0
      vertex 62.8709 36.8708 32.4
      vertex 63.148 36.7716 32.4
    endloop
  endfacet
  facet normal 0.337047 0.941488 0
    outer loop
      vertex 62.8709 36.8708 32.4
      vertex 63.148 36.7716 0
      vertex 62.8709 36.8708 0
    endloop
  endfacet
  facet normal 0.243175 -0.969982 0
    outer loop
      vertex 62.5853 -36.9424 0
      vertex 62.8709 -36.8708 32.4
      vertex 62.5853 -36.9424 32.4
    endloop
  endfacet
  facet normal 0.243175 -0.969982 0
    outer loop
      vertex 62.8709 -36.8708 32.4
      vertex 62.5853 -36.9424 0
      vertex 62.8709 -36.8708 0
    endloop
  endfacet
  facet normal -0.671607 -0.740908 0
    outer loop
      vertex -64.1213 -36.1213 0
      vertex -63.9032 -36.319 32.4
      vertex -64.1213 -36.1213 32.4
    endloop
  endfacet
  facet normal -0.671607 -0.740908 -0
    outer loop
      vertex -63.9032 -36.319 32.4
      vertex -64.1213 -36.1213 0
      vertex -63.9032 -36.319 0
    endloop
  endfacet
  facet normal -0.243175 -0.969982 0
    outer loop
      vertex -62.8709 -36.8708 0
      vertex -62.5853 -36.9424 32.4
      vertex -62.8709 -36.8708 32.4
    endloop
  endfacet
  facet normal -0.243175 -0.969982 -0
    outer loop
      vertex -62.5853 -36.9424 32.4
      vertex -62.8709 -36.8708 0
      vertex -62.5853 -36.9424 0
    endloop
  endfacet
  facet normal 0.243175 0.969982 -0
    outer loop
      vertex 62.8709 36.8708 0
      vertex 62.5853 36.9424 32.4
      vertex 62.8709 36.8708 32.4
    endloop
  endfacet
  facet normal 0.243175 0.969982 0
    outer loop
      vertex 62.5853 36.9424 32.4
      vertex 62.8709 36.8708 0
      vertex 62.5853 36.9424 0
    endloop
  endfacet
  facet normal -0.427269 -0.904125 0
    outer loop
      vertex -63.4142 -36.6458 0
      vertex -63.148 -36.7716 32.4
      vertex -63.4142 -36.6458 32.4
    endloop
  endfacet
  facet normal -0.427269 -0.904125 -0
    outer loop
      vertex -63.148 -36.7716 32.4
      vertex -63.4142 -36.6458 0
      vertex -63.148 -36.7716 0
    endloop
  endfacet
  facet normal -0.989224 0.146413 0
    outer loop
      vertex -64.9855 34.2941 0
      vertex -64.9424 34.5853 32.4
      vertex -64.9424 34.5853 0
    endloop
  endfacet
  facet normal -0.989224 0.146413 0
    outer loop
      vertex -64.9424 34.5853 32.4
      vertex -64.9855 34.2941 0
      vertex -64.9855 34.2941 32.4
    endloop
  endfacet
  facet normal -0.595699 0.803208 0
    outer loop
      vertex -63.6667 36.4944 0
      vertex -63.9032 36.319 32.4
      vertex -63.6667 36.4944 32.4
    endloop
  endfacet
  facet normal -0.595699 0.803208 0
    outer loop
      vertex -63.9032 36.319 32.4
      vertex -63.6667 36.4944 0
      vertex -63.9032 36.319 0
    endloop
  endfacet
  facet normal 0.989224 -0.146413 0
    outer loop
      vertex 64.9424 -34.5853 32.4
      vertex 64.9855 -34.2941 0
      vertex 64.9855 -34.2941 32.4
    endloop
  endfacet
  facet normal 0.989224 -0.146413 0
    outer loop
      vertex 64.9855 -34.2941 0
      vertex 64.9424 -34.5853 32.4
      vertex 64.9424 -34.5853 0
    endloop
  endfacet
  facet normal 0.427269 0.904125 -0
    outer loop
      vertex 63.4142 36.6458 0
      vertex 63.148 36.7716 32.4
      vertex 63.4142 36.6458 32.4
    endloop
  endfacet
  facet normal 0.427269 0.904125 0
    outer loop
      vertex 63.148 36.7716 32.4
      vertex 63.4142 36.6458 0
      vertex 63.148 36.7716 0
    endloop
  endfacet
  facet normal 0.998787 0.0492431 0
    outer loop
      vertex 65 34 32.4
      vertex 64.9855 34.2941 0
      vertex 64.9855 34.2941 32.4
    endloop
  endfacet
  facet normal 0.998787 0.0492431 0
    outer loop
      vertex 64.9855 34.2941 0
      vertex 65 34 32.4
      vertex 65 34 0
    endloop
  endfacet
  facet normal 0.514246 0.857643 -0
    outer loop
      vertex 63.6667 36.4944 0
      vertex 63.4142 36.6458 32.4
      vertex 63.6667 36.4944 32.4
    endloop
  endfacet
  facet normal 0.514246 0.857643 0
    outer loop
      vertex 63.4142 36.6458 32.4
      vertex 63.6667 36.4944 0
      vertex 63.4142 36.6458 0
    endloop
  endfacet
  facet normal -0.904125 -0.427269 0
    outer loop
      vertex -64.6458 -35.4142 0
      vertex -64.7716 -35.148 32.4
      vertex -64.7716 -35.148 0
    endloop
  endfacet
  facet normal -0.904125 -0.427269 0
    outer loop
      vertex -64.7716 -35.148 32.4
      vertex -64.6458 -35.4142 0
      vertex -64.6458 -35.4142 32.4
    endloop
  endfacet
  facet normal -0.740908 0.671607 0
    outer loop
      vertex -64.319 35.9032 0
      vertex -64.1213 36.1213 32.4
      vertex -64.1213 36.1213 0
    endloop
  endfacet
  facet normal -0.740908 0.671607 0
    outer loop
      vertex -64.1213 36.1213 32.4
      vertex -64.319 35.9032 0
      vertex -64.319 35.9032 32.4
    endloop
  endfacet
  facet normal -0.595699 -0.803208 0
    outer loop
      vertex -63.9032 -36.319 0
      vertex -63.6667 -36.4944 32.4
      vertex -63.9032 -36.319 32.4
    endloop
  endfacet
  facet normal -0.595699 -0.803208 -0
    outer loop
      vertex -63.6667 -36.4944 32.4
      vertex -63.9032 -36.319 0
      vertex -63.6667 -36.4944 0
    endloop
  endfacet
  facet normal -0.514246 0.857643 0
    outer loop
      vertex -63.4142 36.6458 0
      vertex -63.6667 36.4944 32.4
      vertex -63.4142 36.6458 32.4
    endloop
  endfacet
  facet normal -0.514246 0.857643 0
    outer loop
      vertex -63.6667 36.4944 32.4
      vertex -63.4142 36.6458 0
      vertex -63.6667 36.4944 0
    endloop
  endfacet
  facet normal -0.998787 -0.0492431 0
    outer loop
      vertex -64.9855 -34.2941 0
      vertex -65 -34 32.4
      vertex -65 -34 0
    endloop
  endfacet
  facet normal -0.998787 -0.0492431 0
    outer loop
      vertex -65 -34 32.4
      vertex -64.9855 -34.2941 0
      vertex -64.9855 -34.2941 32.4
    endloop
  endfacet
  facet normal 0.941488 0.337047 0
    outer loop
      vertex 64.8708 34.8709 32.4
      vertex 64.7716 35.148 0
      vertex 64.7716 35.148 32.4
    endloop
  endfacet
  facet normal 0.941488 0.337047 0
    outer loop
      vertex 64.7716 35.148 0
      vertex 64.8708 34.8709 32.4
      vertex 64.8708 34.8709 0
    endloop
  endfacet
  facet normal 0 0 1
    outer loop
      vertex 62 37 32.4
      vertex 58.5 34 32.4
      vertex 62 34 32.4
    endloop
  endfacet
  facet normal 0 0 1
    outer loop
      vertex 62 37 32.4
      vertex -58.5 34 32.4
      vertex 58.5 34 32.4
    endloop
  endfacet
  facet normal -0 0 1
    outer loop
      vertex -62 37 32.4
      vertex -58.5 34 32.4
      vertex 62 37 32.4
    endloop
  endfacet
  facet normal 0 0 1
    outer loop
      vertex -62 37 32.4
      vertex -62 34 32.4
      vertex -58.5 34 32.4
    endloop
  endfacet
  facet normal -0 0 1
    outer loop
      vertex -62.2941 36.9856 32.4
      vertex -62 34 32.4
      vertex -62 37 32.4
    endloop
  endfacet
  facet normal 0 0 1
    outer loop
      vertex -62 34 32.4
      vertex -65 34 32.4
      vertex -62 30.5 32.4
    endloop
  endfacet
  facet normal 0 0 1
    outer loop
      vertex -62 30.5 32.4
      vertex -65 34 32.4
      vertex -62 -30.5 32.4
    endloop
  endfacet
  facet normal 0 0 1
    outer loop
      vertex -65 -34 32.4
      vertex -62 -30.5 32.4
      vertex -65 34 32.4
    endloop
  endfacet
  facet normal -0 0 1
    outer loop
      vertex -62.5853 36.9424 32.4
      vertex -62 34 32.4
      vertex -62.2941 36.9856 32.4
    endloop
  endfacet
  facet normal 0 0 1
    outer loop
      vertex -62 -30.5 32.4
      vertex -65 -34 32.4
      vertex -62 -34 32.4
    endloop
  endfacet
  facet normal -0 0 1
    outer loop
      vertex -62.8709 36.8708 32.4
      vertex -62 34 32.4
      vertex -62.5853 36.9424 32.4
    endloop
  endfacet
  facet normal 0 -0 1
    outer loop
      vertex -64.9855 -34.2941 32.4
      vertex -62 -34 32.4
      vertex -65 -34 32.4
    endloop
  endfacet
  facet normal -0 0 1
    outer loop
      vertex -63.148 36.7716 32.4
      vertex -62 34 32.4
      vertex -62.8709 36.8708 32.4
    endloop
  endfacet
  facet normal 0 0 1
    outer loop
      vertex -62 -34 32.4
      vertex -62.2941 -36.9856 32.4
      vertex -62 -37 32.4
    endloop
  endfacet
  facet normal -0 0 1
    outer loop
      vertex -63.4142 36.6458 32.4
      vertex -62 34 32.4
      vertex -63.148 36.7716 32.4
    endloop
  endfacet
  facet normal 0 0 1
    outer loop
      vertex -62 -34 32.4
      vertex -62.5853 -36.9424 32.4
      vertex -62.2941 -36.9856 32.4
    endloop
  endfacet
  facet normal -0 0 1
    outer loop
      vertex -63.6667 36.4944 32.4
      vertex -62 34 32.4
      vertex -63.4142 36.6458 32.4
    endloop
  endfacet
  facet normal 0 0 1
    outer loop
      vertex -62 -34 32.4
      vertex -62.8709 -36.8708 32.4
      vertex -62.5853 -36.9424 32.4
    endloop
  endfacet
  facet normal -0 0 1
    outer loop
      vertex -63.9032 36.319 32.4
      vertex -62 34 32.4
      vertex -63.6667 36.4944 32.4
    endloop
  endfacet
  facet normal 0 0 1
    outer loop
      vertex -62 -34 32.4
      vertex -63.148 -36.7716 32.4
      vertex -62.8709 -36.8708 32.4
    endloop
  endfacet
  facet normal -0 0 1
    outer loop
      vertex -64.1213 36.1213 32.4
      vertex -62 34 32.4
      vertex -63.9032 36.319 32.4
    endloop
  endfacet
  facet normal 0 0 1
    outer loop
      vertex -62 -34 32.4
      vertex -63.4142 -36.6458 32.4
      vertex -63.148 -36.7716 32.4
    endloop
  endfacet
  facet normal -0 0 1
    outer loop
      vertex -64.319 35.9032 32.4
      vertex -62 34 32.4
      vertex -64.1213 36.1213 32.4
    endloop
  endfacet
  facet normal 0 0 1
    outer loop
      vertex -62 -34 32.4
      vertex -63.6667 -36.4944 32.4
      vertex -63.4142 -36.6458 32.4
    endloop
  endfacet
  facet normal -0 0 1
    outer loop
      vertex -64.4944 35.6667 32.4
      vertex -62 34 32.4
      vertex -64.319 35.9032 32.4
    endloop
  endfacet
  facet normal 0 0 1
    outer loop
      vertex -62 -34 32.4
      vertex -63.9032 -36.319 32.4
      vertex -63.6667 -36.4944 32.4
    endloop
  endfacet
  facet normal -0 0 1
    outer loop
      vertex -64.6458 35.4142 32.4
      vertex -62 34 32.4
      vertex -64.4944 35.6667 32.4
    endloop
  endfacet
  facet normal 0 0 1
    outer loop
      vertex -62 -34 32.4
      vertex -64.1213 -36.1213 32.4
      vertex -63.9032 -36.319 32.4
    endloop
  endfacet
  facet normal -0 0 1
    outer loop
      vertex -64.7716 35.148 32.4
      vertex -62 34 32.4
      vertex -64.6458 35.4142 32.4
    endloop
  endfacet
  facet normal 0 0 1
    outer loop
      vertex -62 -34 32.4
      vertex -64.319 -35.9032 32.4
      vertex -64.1213 -36.1213 32.4
    endloop
  endfacet
  facet normal -0 0 1
    outer loop
      vertex -64.8708 34.8709 32.4
      vertex -62 34 32.4
      vertex -64.7716 35.148 32.4
    endloop
  endfacet
  facet normal 0 0 1
    outer loop
      vertex -62 -34 32.4
      vertex -64.4944 -35.6667 32.4
      vertex -64.319 -35.9032 32.4
    endloop
  endfacet
  facet normal -0 0 1
    outer loop
      vertex -64.9424 34.5853 32.4
      vertex -62 34 32.4
      vertex -64.8708 34.8709 32.4
    endloop
  endfacet
  facet normal 0 0 1
    outer loop
      vertex -62 -34 32.4
      vertex -64.6458 -35.4142 32.4
      vertex -64.4944 -35.6667 32.4
    endloop
  endfacet
  facet normal -0 0 1
    outer loop
      vertex -64.9855 34.2941 32.4
      vertex -62 34 32.4
      vertex -64.9424 34.5853 32.4
    endloop
  endfacet
  facet normal 0 0 1
    outer loop
      vertex -62 -34 32.4
      vertex -64.7716 -35.148 32.4
      vertex -64.6458 -35.4142 32.4
    endloop
  endfacet
  facet normal 0 0 1
    outer loop
      vertex -62 34 32.4
      vertex -64.9855 34.2941 32.4
      vertex -65 34 32.4
    endloop
  endfacet
  facet normal 0 0 1
    outer loop
      vertex -62 -34 32.4
      vertex -64.8708 -34.8709 32.4
      vertex -64.7716 -35.148 32.4
    endloop
  endfacet
  facet normal 0 0 1
    outer loop
      vertex -62 -34 32.4
      vertex -64.9424 -34.5853 32.4
      vertex -64.8708 -34.8709 32.4
    endloop
  endfacet
  facet normal 0 0 1
    outer loop
      vertex -62 -34 32.4
      vertex -64.9855 -34.2941 32.4
      vertex -64.9424 -34.5853 32.4
    endloop
  endfacet
  facet normal 0 0 1
    outer loop
      vertex 62 34 32.4
      vertex 65 34 32.4
      vertex 64.9855 34.2941 32.4
    endloop
  endfacet
  facet normal 0 0 1
    outer loop
      vertex 65 34 32.4
      vertex 62 30.5 32.4
      vertex 65 -34 32.4
    endloop
  endfacet
  facet normal 0 0 1
    outer loop
      vertex 62 34 32.4
      vertex 64.9855 34.2941 32.4
      vertex 64.9424 34.5853 32.4
    endloop
  endfacet
  facet normal -0 0 1
    outer loop
      vertex 62 -30.5 32.4
      vertex 65 -34 32.4
      vertex 62 30.5 32.4
    endloop
  endfacet
  facet normal 0 0 1
    outer loop
      vertex 62 34 32.4
      vertex 64.9424 34.5853 32.4
      vertex 64.8708 34.8709 32.4
    endloop
  endfacet
  facet normal 0 0 1
    outer loop
      vertex 62 -34 32.4
      vertex 65 -34 32.4
      vertex 62 -30.5 32.4
    endloop
  endfacet
  facet normal 0 0 1
    outer loop
      vertex 62 34 32.4
      vertex 64.8708 34.8709 32.4
      vertex 64.7716 35.148 32.4
    endloop
  endfacet
  facet normal 0 0 1
    outer loop
      vertex 65 -34 32.4
      vertex 62 -34 32.4
      vertex 64.9855 -34.2941 32.4
    endloop
  endfacet
  facet normal 0 0 1
    outer loop
      vertex 62 34 32.4
      vertex 64.7716 35.148 32.4
      vertex 64.6458 35.4142 32.4
    endloop
  endfacet
  facet normal 0 0 1
    outer loop
      vertex 64.9855 -34.2941 32.4
      vertex 62 -34 32.4
      vertex 64.9424 -34.5853 32.4
    endloop
  endfacet
  facet normal 0 0 1
    outer loop
      vertex 62 34 32.4
      vertex 64.6458 35.4142 32.4
      vertex 64.4944 35.6667 32.4
    endloop
  endfacet
  facet normal 0 0 1
    outer loop
      vertex 64.9424 -34.5853 32.4
      vertex 62 -34 32.4
      vertex 64.8708 -34.8709 32.4
    endloop
  endfacet
  facet normal 0 0 1
    outer loop
      vertex 62 34 32.4
      vertex 64.4944 35.6667 32.4
      vertex 64.319 35.9032 32.4
    endloop
  endfacet
  facet normal 0 0 1
    outer loop
      vertex 64.8708 -34.8709 32.4
      vertex 62 -34 32.4
      vertex 64.7716 -35.148 32.4
    endloop
  endfacet
  facet normal 0 0 1
    outer loop
      vertex 62 34 32.4
      vertex 64.319 35.9032 32.4
      vertex 64.1213 36.1213 32.4
    endloop
  endfacet
  facet normal 0 0 1
    outer loop
      vertex 64.7716 -35.148 32.4
      vertex 62 -34 32.4
      vertex 64.6458 -35.4142 32.4
    endloop
  endfacet
  facet normal 0 0 1
    outer loop
      vertex 62 34 32.4
      vertex 64.1213 36.1213 32.4
      vertex 63.9032 36.319 32.4
    endloop
  endfacet
  facet normal 0 0 1
    outer loop
      vertex 64.6458 -35.4142 32.4
      vertex 62 -34 32.4
      vertex 64.4944 -35.6667 32.4
    endloop
  endfacet
  facet normal 0 0 1
    outer loop
      vertex 62 34 32.4
      vertex 63.9032 36.319 32.4
      vertex 63.6667 36.4944 32.4
    endloop
  endfacet
  facet normal 0 0 1
    outer loop
      vertex 64.4944 -35.6667 32.4
      vertex 62 -34 32.4
      vertex 64.319 -35.9032 32.4
    endloop
  endfacet
  facet normal 0 0 1
    outer loop
      vertex 62 34 32.4
      vertex 63.6667 36.4944 32.4
      vertex 63.4142 36.6458 32.4
    endloop
  endfacet
  facet normal 0 0 1
    outer loop
      vertex 64.319 -35.9032 32.4
      vertex 62 -34 32.4
      vertex 64.1213 -36.1213 32.4
    endloop
  endfacet
  facet normal 0 0 1
    outer loop
      vertex 62 34 32.4
      vertex 63.4142 36.6458 32.4
      vertex 63.148 36.7716 32.4
    endloop
  endfacet
  facet normal 0 0 1
    outer loop
      vertex 64.1213 -36.1213 32.4
      vertex 62 -34 32.4
      vertex 63.9032 -36.319 32.4
    endloop
  endfacet
  facet normal 0 0 1
    outer loop
      vertex 62 34 32.4
      vertex 63.148 36.7716 32.4
      vertex 62.8709 36.8708 32.4
    endloop
  endfacet
  facet normal 0 0 1
    outer loop
      vertex 63.9032 -36.319 32.4
      vertex 62 -34 32.4
      vertex 63.6667 -36.4944 32.4
    endloop
  endfacet
  facet normal 0 0 1
    outer loop
      vertex 62 34 32.4
      vertex 62.8709 36.8708 32.4
      vertex 62.5853 36.9424 32.4
    endloop
  endfacet
  facet normal 0 0 1
    outer loop
      vertex 63.6667 -36.4944 32.4
      vertex 62 -34 32.4
      vertex 63.4142 -36.6458 32.4
    endloop
  endfacet
  facet normal 0 0 1
    outer loop
      vertex 62 34 32.4
      vertex 62.5853 36.9424 32.4
      vertex 62.2941 36.9856 32.4
    endloop
  endfacet
  facet normal 0 0 1
    outer loop
      vertex 63.4142 -36.6458 32.4
      vertex 62 -34 32.4
      vertex 63.148 -36.7716 32.4
    endloop
  endfacet
  facet normal 0 0 1
    outer loop
      vertex 62 34 32.4
      vertex 62.2941 36.9856 32.4
      vertex 62 37 32.4
    endloop
  endfacet
  facet normal 0 0 1
    outer loop
      vertex 65 34 32.4
      vertex 62 34 32.4
      vertex 62 30.5 32.4
    endloop
  endfacet
  facet normal 0 0 1
    outer loop
      vertex 63.148 -36.7716 32.4
      vertex 62 -34 32.4
      vertex 62.8709 -36.8708 32.4
    endloop
  endfacet
  facet normal 0 0 1
    outer loop
      vertex 62.8709 -36.8708 32.4
      vertex 62 -34 32.4
      vertex 62.5853 -36.9424 32.4
    endloop
  endfacet
  facet normal 0 0 1
    outer loop
      vertex 62.5853 -36.9424 32.4
      vertex 62 -34 32.4
      vertex 62.2941 -36.9856 32.4
    endloop
  endfacet
  facet normal 0 0 1
    outer loop
      vertex 62 -34 32.4
      vertex 62 -37 32.4
      vertex 62.2941 -36.9856 32.4
    endloop
  endfacet
  facet normal -0 0 1
    outer loop
      vertex 58.5 -34 32.4
      vertex 62 -37 32.4
      vertex 62 -34 32.4
    endloop
  endfacet
  facet normal -0 0 1
    outer loop
      vertex -58.5 -34 32.4
      vertex 62 -37 32.4
      vertex 58.5 -34 32.4
    endloop
  endfacet
  facet normal 0 0 1
    outer loop
      vertex -62 -37 32.4
      vertex -58.5 -34 32.4
      vertex -62 -34 32.4
    endloop
  endfacet
  facet normal 0 0 1
    outer loop
      vertex -58.5 -34 32.4
      vertex -62 -37 32.4
      vertex 62 -37 32.4
    endloop
  endfacet
  facet normal 0.671607 0.740908 -0
    outer loop
      vertex 64.1213 36.1213 0
      vertex 63.9032 36.319 32.4
      vertex 64.1213 36.1213 32.4
    endloop
  endfacet
  facet normal 0.671607 0.740908 0
    outer loop
      vertex 63.9032 36.319 32.4
      vertex 64.1213 36.1213 0
      vertex 63.9032 36.319 0
    endloop
  endfacet
  facet normal -0.941488 0.337047 0
    outer loop
      vertex -64.8708 34.8709 0
      vertex -64.7716 35.148 32.4
      vertex -64.7716 35.148 0
    endloop
  endfacet
  facet normal -0.941488 0.337047 0
    outer loop
      vertex -64.7716 35.148 32.4
      vertex -64.8708 34.8709 0
      vertex -64.8708 34.8709 32.4
    endloop
  endfacet
  facet normal 0.969982 0.243175 0
    outer loop
      vertex 64.9424 34.5853 32.4
      vertex 64.8708 34.8709 0
      vertex 64.8708 34.8709 32.4
    endloop
  endfacet
  facet normal 0.969982 0.243175 0
    outer loop
      vertex 64.8708 34.8709 0
      vertex 64.9424 34.5853 32.4
      vertex 64.9424 34.5853 0
    endloop
  endfacet
  facet normal 0.989224 0.146413 0
    outer loop
      vertex 64.9855 34.2941 32.4
      vertex 64.9424 34.5853 0
      vertex 64.9424 34.5853 32.4
    endloop
  endfacet
  facet normal 0.989224 0.146413 0
    outer loop
      vertex 64.9424 34.5853 0
      vertex 64.9855 34.2941 32.4
      vertex 64.9855 34.2941 0
    endloop
  endfacet
  facet normal -0.941488 -0.337047 0
    outer loop
      vertex -64.7716 -35.148 0
      vertex -64.8708 -34.8709 32.4
      vertex -64.8708 -34.8709 0
    endloop
  endfacet
  facet normal -0.941488 -0.337047 0
    outer loop
      vertex -64.8708 -34.8709 32.4
      vertex -64.7716 -35.148 0
      vertex -64.7716 -35.148 32.4
    endloop
  endfacet
  facet normal -0.427269 0.904125 0
    outer loop
      vertex -63.148 36.7716 0
      vertex -63.4142 36.6458 32.4
      vertex -63.148 36.7716 32.4
    endloop
  endfacet
  facet normal -0.427269 0.904125 0
    outer loop
      vertex -63.4142 36.6458 32.4
      vertex -63.148 36.7716 0
      vertex -63.4142 36.6458 0
    endloop
  endfacet
  facet normal -0.989224 -0.146413 0
    outer loop
      vertex -64.9424 -34.5853 0
      vertex -64.9855 -34.2941 32.4
      vertex -64.9855 -34.2941 0
    endloop
  endfacet
  facet normal -0.989224 -0.146413 0
    outer loop
      vertex -64.9855 -34.2941 32.4
      vertex -64.9424 -34.5853 0
      vertex -64.9424 -34.5853 32.4
    endloop
  endfacet
  facet normal -0.969982 -0.243175 0
    outer loop
      vertex -64.8708 -34.8709 0
      vertex -64.9424 -34.5853 32.4
      vertex -64.9424 -34.5853 0
    endloop
  endfacet
  facet normal -0.969982 -0.243175 0
    outer loop
      vertex -64.9424 -34.5853 32.4
      vertex -64.8708 -34.8709 0
      vertex -64.8708 -34.8709 32.4
    endloop
  endfacet
  facet normal 0.146746 0.989174 -0
    outer loop
      vertex 62.5853 36.9424 0
      vertex 62.2941 36.9856 32.4
      vertex 62.5853 36.9424 32.4
    endloop
  endfacet
  facet normal 0.146746 0.989174 0
    outer loop
      vertex 62.2941 36.9856 32.4
      vertex 62.5853 36.9424 0
      vertex 62.2941 36.9856 0
    endloop
  endfacet
  facet normal 0 -0.671542 0.740966
    outer loop
      vertex -65 -10.6513 11.0513
      vertex -62 -11.0985 10.646
      vertex -62 -10.6513 11.0513
    endloop
  endfacet
  facet normal 0 -0.671542 0.740966
    outer loop
      vertex -62 -11.0985 10.646
      vertex -65 -10.6513 11.0513
      vertex -65 -11.0985 10.646
    endloop
  endfacet
  facet normal 0 -0.242964 0.970035
    outer loop
      vertex -65 -13.2147 9.51482
      vertex -62 -13.8002 9.36817
      vertex -62 -13.2147 9.51482
    endloop
  endfacet
  facet normal 0 -0.242964 0.970035
    outer loop
      vertex -62 -13.8002 9.36817
      vertex -65 -13.2147 9.51482
      vertex -65 -13.8002 9.36817
    endloop
  endfacet
  facet normal 0 -0.0490616 0.998796
    outer loop
      vertex -65 -14.3972 9.27961
      vertex -62 -15 9.25
      vertex -62 -14.3972 9.27961
    endloop
  endfacet
  facet normal 0 -0.0490616 0.998796
    outer loop
      vertex -62 -15 9.25
      vertex -65 -14.3972 9.27961
      vertex -65 -15 9.25
    endloop
  endfacet
  facet normal -0 0.146736 0.989176
    outer loop
      vertex -65 -15.6028 9.27961
      vertex -62 -16.1998 9.36817
      vertex -62 -15.6028 9.27961
    endloop
  endfacet
  facet normal 0 0.146736 0.989176
    outer loop
      vertex -62 -16.1998 9.36817
      vertex -65 -15.6028 9.27961
      vertex -65 -16.1998 9.36817
    endloop
  endfacet
  facet normal 0 -0.595723 0.80319
    outer loop
      vertex -65 -11.0985 10.646
      vertex -62 -11.5832 10.2865
      vertex -62 -11.0985 10.646
    endloop
  endfacet
  facet normal 0 -0.595723 0.80319
    outer loop
      vertex -62 -11.5832 10.2865
      vertex -65 -11.0985 10.646
      vertex -65 -11.5832 10.2865
    endloop
  endfacet
  facet normal 0 -0.970035 0.242964
    outer loop
      vertex -65 -9.11482 13.6147
      vertex -62 -8.96817 14.2002
      vertex -65 -8.96817 14.2002
    endloop
  endfacet
  facet normal 0 -0.970035 0.242964
    outer loop
      vertex -62 -8.96817 14.2002
      vertex -65 -9.11482 13.6147
      vertex -62 -9.11482 13.6147
    endloop
  endfacet
  facet normal 0 -0.998796 0.0490616
    outer loop
      vertex -65 -8.87961 14.7972
      vertex -62 -8.85 15.4
      vertex -65 -8.85 15.4
    endloop
  endfacet
  facet normal 0 -0.998796 0.0490616
    outer loop
      vertex -62 -8.85 15.4
      vertex -65 -8.87961 14.7972
      vertex -62 -8.87961 14.7972
    endloop
  endfacet
  facet normal 0 0.0490451 -0.998797
    outer loop
      vertex -65 -15.6028 21.5204
      vertex -62 -15 21.55
      vertex -62 -15.6028 21.5204
    endloop
  endfacet
  facet normal 0 0.0490451 -0.998797
    outer loop
      vertex -62 -15 21.55
      vertex -65 -15.6028 21.5204
      vertex -65 -15 21.55
    endloop
  endfacet
  facet normal 0 0.146801 -0.989166
    outer loop
      vertex -65 -16.1998 21.4318
      vertex -62 -15.6028 21.5204
      vertex -62 -16.1998 21.4318
    endloop
  endfacet
  facet normal 0 0.146801 -0.989166
    outer loop
      vertex -62 -15.6028 21.5204
      vertex -65 -16.1998 21.4318
      vertex -65 -15.6028 21.5204
    endloop
  endfacet
  facet normal -0 0.595723 0.80319
    outer loop
      vertex -65 -18.4168 10.2865
      vertex -62 -18.9015 10.646
      vertex -62 -18.4168 10.2865
    endloop
  endfacet
  facet normal 0 0.595723 0.80319
    outer loop
      vertex -62 -18.9015 10.646
      vertex -65 -18.4168 10.2865
      vertex -65 -18.9015 10.646
    endloop
  endfacet
  facet normal 0 0.427623 -0.903957
    outer loop
      vertex -65 -17.8991 20.8238
      vertex -62 -17.3535 21.0819
      vertex -62 -17.8991 20.8238
    endloop
  endfacet
  facet normal 0 0.427623 -0.903957
    outer loop
      vertex -62 -17.3535 21.0819
      vertex -65 -17.8991 20.8238
      vertex -65 -17.3535 21.0819
    endloop
  endfacet
  facet normal 0 -0.903995 -0.427542
    outer loop
      vertex -65 -9.31814 17.7535
      vertex -62 -9.57618 18.2991
      vertex -65 -9.57618 18.2991
    endloop
  endfacet
  facet normal 0 -0.903995 -0.427542
    outer loop
      vertex -62 -9.57618 18.2991
      vertex -65 -9.31814 17.7535
      vertex -62 -9.31814 17.7535
    endloop
  endfacet
  facet normal 0 0.336882 -0.941547
    outer loop
      vertex -65 -17.3535 21.0819
      vertex -62 -16.7853 21.2852
      vertex -62 -17.3535 21.0819
    endloop
  endfacet
  facet normal 0 0.336882 -0.941547
    outer loop
      vertex -62 -16.7853 21.2852
      vertex -65 -17.3535 21.0819
      vertex -65 -16.7853 21.2852
    endloop
  endfacet
  facet normal 0 -0.989176 0.146736
    outer loop
      vertex -65 -8.96817 14.2002
      vertex -62 -8.87961 14.7972
      vertex -65 -8.87961 14.7972
    endloop
  endfacet
  facet normal 0 -0.989176 0.146736
    outer loop
      vertex -62 -8.87961 14.7972
      vertex -65 -8.96817 14.2002
      vertex -62 -8.96817 14.2002
    endloop
  endfacet
  facet normal -0 0.671542 0.740966
    outer loop
      vertex -65 -18.9015 10.646
      vertex -62 -19.3487 11.0513
      vertex -62 -18.9015 10.646
    endloop
  endfacet
  facet normal 0 0.671542 0.740966
    outer loop
      vertex -62 -19.3487 11.0513
      vertex -65 -18.9015 10.646
      vertex -65 -19.3487 11.0513
    endloop
  endfacet
  facet normal 0 -0.941536 0.336912
    outer loop
      vertex -65 -9.31814 13.0465
      vertex -62 -9.11482 13.6147
      vertex -65 -9.11482 13.6147
    endloop
  endfacet
  facet normal 0 -0.941536 0.336912
    outer loop
      vertex -62 -9.11482 13.6147
      vertex -65 -9.31814 13.0465
      vertex -62 -9.31814 13.0465
    endloop
  endfacet
  facet normal 0 -0.903995 0.427542
    outer loop
      vertex -65 -9.57618 12.5009
      vertex -62 -9.31814 13.0465
      vertex -65 -9.31814 13.0465
    endloop
  endfacet
  facet normal 0 -0.903995 0.427542
    outer loop
      vertex -62 -9.31814 13.0465
      vertex -65 -9.57618 12.5009
      vertex -62 -9.57618 12.5009
    endloop
  endfacet
  facet normal 0 -0.514106 -0.857727
    outer loop
      vertex -65 -12.1009 20.8238
      vertex -62 -11.5832 20.5135
      vertex -62 -12.1009 20.8238
    endloop
  endfacet
  facet normal -0 -0.514106 -0.857727
    outer loop
      vertex -62 -11.5832 20.5135
      vertex -65 -12.1009 20.8238
      vertex -65 -11.5832 20.5135
    endloop
  endfacet
  facet normal 0 -0.595723 -0.80319
    outer loop
      vertex -65 -11.5832 20.5135
      vertex -62 -11.0985 20.154
      vertex -62 -11.5832 20.5135
    endloop
  endfacet
  facet normal -0 -0.595723 -0.80319
    outer loop
      vertex -62 -11.0985 20.154
      vertex -65 -11.5832 20.5135
      vertex -65 -11.0985 20.154
    endloop
  endfacet
  facet normal 0 -0.941555 -0.336859
    outer loop
      vertex -65 -9.11482 17.1852
      vertex -62 -9.31814 17.7535
      vertex -65 -9.31814 17.7535
    endloop
  endfacet
  facet normal 0 -0.941555 -0.336859
    outer loop
      vertex -62 -9.31814 17.7535
      vertex -65 -9.11482 17.1852
      vertex -62 -9.11482 17.1852
    endloop
  endfacet
  facet normal 0 0.857727 0.514106
    outer loop
      vertex -62 -20.1135 11.9832
      vertex -65 -20.4238 12.5009
      vertex -62 -20.4238 12.5009
    endloop
  endfacet
  facet normal 0 0.857727 0.514106
    outer loop
      vertex -65 -20.4238 12.5009
      vertex -62 -20.1135 11.9832
      vertex -65 -20.1135 11.9832
    endloop
  endfacet
  facet normal 0 -0.427542 0.903995
    outer loop
      vertex -65 -12.1009 9.97618
      vertex -62 -12.6465 9.71814
      vertex -62 -12.1009 9.97618
    endloop
  endfacet
  facet normal 0 -0.427542 0.903995
    outer loop
      vertex -62 -12.6465 9.71814
      vertex -65 -12.1009 9.97618
      vertex -65 -12.6465 9.71814
    endloop
  endfacet
  facet normal 0 -0.970025 -0.243003
    outer loop
      vertex -65 -8.96817 16.5998
      vertex -62 -9.11482 17.1852
      vertex -65 -9.11482 17.1852
    endloop
  endfacet
  facet normal 0 -0.970025 -0.243003
    outer loop
      vertex -62 -9.11482 17.1852
      vertex -65 -8.96817 16.5998
      vertex -62 -8.96817 16.5998
    endloop
  endfacet
  facet normal 0 0.989166 0.146801
    outer loop
      vertex -62 -21.0318 14.2002
      vertex -65 -21.1204 14.7972
      vertex -62 -21.1204 14.7972
    endloop
  endfacet
  facet normal 0 0.989166 0.146801
    outer loop
      vertex -65 -21.1204 14.7972
      vertex -62 -21.0318 14.2002
      vertex -65 -21.0318 14.2002
    endloop
  endfacet
  facet normal 0 -0.740966 -0.671542
    outer loop
      vertex -65 -10.246 19.3015
      vertex -62 -10.6513 19.7487
      vertex -65 -10.6513 19.7487
    endloop
  endfacet
  facet normal 0 -0.740966 -0.671542
    outer loop
      vertex -62 -10.6513 19.7487
      vertex -65 -10.246 19.3015
      vertex -62 -10.246 19.3015
    endloop
  endfacet
  facet normal 0 0.242886 -0.970055
    outer loop
      vertex -65 -16.7853 21.2852
      vertex -62 -16.1998 21.4318
      vertex -62 -16.7853 21.2852
    endloop
  endfacet
  facet normal 0 0.242886 -0.970055
    outer loop
      vertex -62 -16.1998 21.4318
      vertex -65 -16.7853 21.2852
      vertex -65 -16.1998 21.4318
    endloop
  endfacet
  facet normal -0 0.427542 0.903995
    outer loop
      vertex -65 -17.3535 9.71814
      vertex -62 -17.8991 9.97618
      vertex -62 -17.3535 9.71814
    endloop
  endfacet
  facet normal 0 0.427542 0.903995
    outer loop
      vertex -62 -17.8991 9.97618
      vertex -65 -17.3535 9.71814
      vertex -65 -17.8991 9.97618
    endloop
  endfacet
  facet normal -0 0.0490616 0.998796
    outer loop
      vertex -65 -15 9.25
      vertex -62 -15.6028 9.27961
      vertex -62 -15 9.25
    endloop
  endfacet
  facet normal 0 0.0490616 0.998796
    outer loop
      vertex -62 -15.6028 9.27961
      vertex -65 -15 9.25
      vertex -65 -15.6028 9.27961
    endloop
  endfacet
  facet normal 0 -0.803158 -0.595766
    outer loop
      vertex -65 -9.88646 18.8168
      vertex -62 -10.246 19.3015
      vertex -65 -10.246 19.3015
    endloop
  endfacet
  facet normal 0 -0.803158 -0.595766
    outer loop
      vertex -62 -10.246 19.3015
      vertex -65 -9.88646 18.8168
      vertex -62 -9.88646 18.8168
    endloop
  endfacet
  facet normal -0 0.336912 0.941536
    outer loop
      vertex -65 -16.7853 9.51482
      vertex -62 -17.3535 9.71814
      vertex -62 -16.7853 9.51482
    endloop
  endfacet
  facet normal 0 0.336912 0.941536
    outer loop
      vertex -62 -17.3535 9.71814
      vertex -65 -16.7853 9.51482
      vertex -65 -17.3535 9.71814
    endloop
  endfacet
  facet normal 0 -0.51413 0.857712
    outer loop
      vertex -65 -11.5832 10.2865
      vertex -62 -12.1009 9.97618
      vertex -62 -11.5832 10.2865
    endloop
  endfacet
  facet normal 0 -0.51413 0.857712
    outer loop
      vertex -62 -12.1009 9.97618
      vertex -65 -11.5832 10.2865
      vertex -65 -12.1009 9.97618
    endloop
  endfacet
  facet normal 0 -0.146736 0.989176
    outer loop
      vertex -65 -13.8002 9.36817
      vertex -62 -14.3972 9.27961
      vertex -62 -13.8002 9.36817
    endloop
  endfacet
  facet normal 0 -0.146736 0.989176
    outer loop
      vertex -62 -14.3972 9.27961
      vertex -65 -13.8002 9.36817
      vertex -65 -14.3972 9.27961
    endloop
  endfacet
  facet normal 0 -0.671542 -0.740966
    outer loop
      vertex -65 -11.0985 20.154
      vertex -62 -10.6513 19.7487
      vertex -62 -11.0985 20.154
    endloop
  endfacet
  facet normal -0 -0.671542 -0.740966
    outer loop
      vertex -62 -10.6513 19.7487
      vertex -65 -11.0985 20.154
      vertex -65 -10.6513 19.7487
    endloop
  endfacet
  facet normal 0 -0.146801 -0.989166
    outer loop
      vertex -65 -14.3972 21.5204
      vertex -62 -13.8002 21.4318
      vertex -62 -14.3972 21.5204
    endloop
  endfacet
  facet normal -0 -0.146801 -0.989166
    outer loop
      vertex -62 -13.8002 21.4318
      vertex -65 -14.3972 21.5204
      vertex -65 -13.8002 21.4318
    endloop
  endfacet
  facet normal 0 -0.857741 -0.514081
    outer loop
      vertex -65 -9.57618 18.2991
      vertex -62 -9.88646 18.8168
      vertex -65 -9.88646 18.8168
    endloop
  endfacet
  facet normal 0 -0.857741 -0.514081
    outer loop
      vertex -62 -9.88646 18.8168
      vertex -65 -9.57618 18.2991
      vertex -62 -9.57618 18.2991
    endloop
  endfacet
  facet normal 0 0.740966 -0.671542
    outer loop
      vertex -62 -19.754 19.3015
      vertex -65 -19.3487 19.7487
      vertex -62 -19.3487 19.7487
    endloop
  endfacet
  facet normal 0 0.740966 -0.671542
    outer loop
      vertex -65 -19.3487 19.7487
      vertex -62 -19.754 19.3015
      vertex -65 -19.754 19.3015
    endloop
  endfacet
  facet normal 0 0.903957 0.427623
    outer loop
      vertex -62 -20.4238 12.5009
      vertex -65 -20.6819 13.0465
      vertex -62 -20.6819 13.0465
    endloop
  endfacet
  facet normal 0 0.903957 0.427623
    outer loop
      vertex -65 -20.6819 13.0465
      vertex -62 -20.4238 12.5009
      vertex -65 -20.4238 12.5009
    endloop
  endfacet
  facet normal 0 -0.427623 -0.903957
    outer loop
      vertex -65 -12.6465 21.0819
      vertex -62 -12.1009 20.8238
      vertex -62 -12.6465 21.0819
    endloop
  endfacet
  facet normal -0 -0.427623 -0.903957
    outer loop
      vertex -62 -12.1009 20.8238
      vertex -65 -12.6465 21.0819
      vertex -65 -12.1009 20.8238
    endloop
  endfacet
  facet normal 0 -0.740966 0.671542
    outer loop
      vertex -65 -10.6513 11.0513
      vertex -62 -10.246 11.4985
      vertex -65 -10.246 11.4985
    endloop
  endfacet
  facet normal 0 -0.740966 0.671542
    outer loop
      vertex -62 -10.246 11.4985
      vertex -65 -10.6513 11.0513
      vertex -62 -10.6513 11.0513
    endloop
  endfacet
  facet normal -0 0.242964 0.970035
    outer loop
      vertex -65 -16.1998 9.36817
      vertex -62 -16.7853 9.51482
      vertex -62 -16.1998 9.36817
    endloop
  endfacet
  facet normal 0 0.242964 0.970035
    outer loop
      vertex -62 -16.7853 9.51482
      vertex -65 -16.1998 9.36817
      vertex -65 -16.7853 9.51482
    endloop
  endfacet
  facet normal 0 -0.857741 0.514081
    outer loop
      vertex -65 -9.88646 11.9832
      vertex -62 -9.57618 12.5009
      vertex -65 -9.57618 12.5009
    endloop
  endfacet
  facet normal 0 -0.857741 0.514081
    outer loop
      vertex -62 -9.57618 12.5009
      vertex -65 -9.88646 11.9832
      vertex -62 -9.88646 11.9832
    endloop
  endfacet
  facet normal 0 0.998797 0.0490451
    outer loop
      vertex -62 -21.1204 14.7972
      vertex -65 -21.15 15.4
      vertex -62 -21.15 15.4
    endloop
  endfacet
  facet normal 0 0.998797 0.0490451
    outer loop
      vertex -65 -21.15 15.4
      vertex -62 -21.1204 14.7972
      vertex -65 -21.1204 14.7972
    endloop
  endfacet
  facet normal 0 -0.803158 0.595766
    outer loop
      vertex -65 -10.246 11.4985
      vertex -62 -9.88646 11.9832
      vertex -65 -9.88646 11.9832
    endloop
  endfacet
  facet normal 0 -0.803158 0.595766
    outer loop
      vertex -62 -9.88646 11.9832
      vertex -65 -10.246 11.4985
      vertex -62 -10.246 11.4985
    endloop
  endfacet
  facet normal -0 0.51413 0.857712
    outer loop
      vertex -65 -17.8991 9.97618
      vertex -62 -18.4168 10.2865
      vertex -62 -17.8991 9.97618
    endloop
  endfacet
  facet normal 0 0.51413 0.857712
    outer loop
      vertex -62 -18.4168 10.2865
      vertex -65 -17.8991 9.97618
      vertex -65 -18.4168 10.2865
    endloop
  endfacet
  facet normal 0 -0.336882 -0.941547
    outer loop
      vertex -65 -13.2147 21.2852
      vertex -62 -12.6465 21.0819
      vertex -62 -13.2147 21.2852
    endloop
  endfacet
  facet normal -0 -0.336882 -0.941547
    outer loop
      vertex -62 -12.6465 21.0819
      vertex -65 -13.2147 21.2852
      vertex -65 -12.6465 21.0819
    endloop
  endfacet
  facet normal 0 0.80319 0.595723
    outer loop
      vertex -62 -19.754 11.4985
      vertex -65 -20.1135 11.9832
      vertex -62 -20.1135 11.9832
    endloop
  endfacet
  facet normal 0 0.80319 0.595723
    outer loop
      vertex -65 -20.1135 11.9832
      vertex -62 -19.754 11.4985
      vertex -65 -19.754 11.4985
    endloop
  endfacet
  facet normal 0 -0.336912 0.941536
    outer loop
      vertex -65 -12.6465 9.71814
      vertex -62 -13.2147 9.51482
      vertex -62 -12.6465 9.71814
    endloop
  endfacet
  facet normal 0 -0.336912 0.941536
    outer loop
      vertex -62 -13.2147 9.51482
      vertex -65 -12.6465 9.71814
      vertex -65 -13.2147 9.51482
    endloop
  endfacet
  facet normal 0 0.514106 -0.857727
    outer loop
      vertex -65 -18.4168 20.5135
      vertex -62 -17.8991 20.8238
      vertex -62 -18.4168 20.5135
    endloop
  endfacet
  facet normal 0 0.514106 -0.857727
    outer loop
      vertex -62 -17.8991 20.8238
      vertex -65 -18.4168 20.5135
      vertex -65 -17.8991 20.8238
    endloop
  endfacet
  facet normal 0 0.970045 -0.242926
    outer loop
      vertex -62 -21.0318 16.5998
      vertex -65 -20.8852 17.1852
      vertex -62 -20.8852 17.1852
    endloop
  endfacet
  facet normal 0 0.970045 -0.242926
    outer loop
      vertex -65 -20.8852 17.1852
      vertex -62 -21.0318 16.5998
      vertex -65 -21.0318 16.5998
    endloop
  endfacet
  facet normal 0 0.595723 -0.80319
    outer loop
      vertex -65 -18.9015 20.154
      vertex -62 -18.4168 20.5135
      vertex -62 -18.9015 20.154
    endloop
  endfacet
  facet normal 0 0.595723 -0.80319
    outer loop
      vertex -62 -18.4168 20.5135
      vertex -65 -18.9015 20.154
      vertex -65 -18.4168 20.5135
    endloop
  endfacet
  facet normal 0 -0.998796 -0.0490616
    outer loop
      vertex -65 -8.85 15.4
      vertex -62 -8.87961 16.0028
      vertex -65 -8.87961 16.0028
    endloop
  endfacet
  facet normal 0 -0.998796 -0.0490616
    outer loop
      vertex -62 -8.87961 16.0028
      vertex -65 -8.85 15.4
      vertex -62 -8.85 15.4
    endloop
  endfacet
  facet normal 0 0.903957 -0.427623
    outer loop
      vertex -62 -20.6819 17.7535
      vertex -65 -20.4238 18.2991
      vertex -62 -20.4238 18.2991
    endloop
  endfacet
  facet normal 0 0.903957 -0.427623
    outer loop
      vertex -65 -20.4238 18.2991
      vertex -62 -20.6819 17.7535
      vertex -65 -20.6819 17.7535
    endloop
  endfacet
  facet normal 0 0.857727 -0.514106
    outer loop
      vertex -62 -20.4238 18.2991
      vertex -65 -20.1135 18.8168
      vertex -62 -20.1135 18.8168
    endloop
  endfacet
  facet normal 0 0.857727 -0.514106
    outer loop
      vertex -65 -20.1135 18.8168
      vertex -62 -20.4238 18.2991
      vertex -65 -20.4238 18.2991
    endloop
  endfacet
  facet normal 0 -0.989176 -0.146736
    outer loop
      vertex -65 -8.87961 16.0028
      vertex -62 -8.96817 16.5998
      vertex -65 -8.96817 16.5998
    endloop
  endfacet
  facet normal 0 -0.989176 -0.146736
    outer loop
      vertex -62 -8.96817 16.5998
      vertex -65 -8.87961 16.0028
      vertex -62 -8.87961 16.0028
    endloop
  endfacet
  facet normal 0 0.941547 0.336882
    outer loop
      vertex -62 -20.6819 13.0465
      vertex -65 -20.8852 13.6147
      vertex -62 -20.8852 13.6147
    endloop
  endfacet
  facet normal 0 0.941547 0.336882
    outer loop
      vertex -65 -20.8852 13.6147
      vertex -62 -20.6819 13.0465
      vertex -65 -20.6819 13.0465
    endloop
  endfacet
  facet normal 0 0.970055 0.242886
    outer loop
      vertex -62 -20.8852 13.6147
      vertex -65 -21.0318 14.2002
      vertex -62 -21.0318 14.2002
    endloop
  endfacet
  facet normal 0 0.970055 0.242886
    outer loop
      vertex -65 -21.0318 14.2002
      vertex -62 -20.8852 13.6147
      vertex -65 -20.8852 13.6147
    endloop
  endfacet
  facet normal 0 0.671542 -0.740966
    outer loop
      vertex -65 -19.3487 19.7487
      vertex -62 -18.9015 20.154
      vertex -62 -19.3487 19.7487
    endloop
  endfacet
  facet normal 0 0.671542 -0.740966
    outer loop
      vertex -62 -18.9015 20.154
      vertex -65 -19.3487 19.7487
      vertex -65 -18.9015 20.154
    endloop
  endfacet
  facet normal 0 -0.242886 -0.970055
    outer loop
      vertex -65 -13.8002 21.4318
      vertex -62 -13.2147 21.2852
      vertex -62 -13.8002 21.4318
    endloop
  endfacet
  facet normal -0 -0.242886 -0.970055
    outer loop
      vertex -62 -13.2147 21.2852
      vertex -65 -13.8002 21.4318
      vertex -65 -13.2147 21.2852
    endloop
  endfacet
  facet normal 0 0.80319 -0.595723
    outer loop
      vertex -62 -20.1135 18.8168
      vertex -65 -19.754 19.3015
      vertex -62 -19.754 19.3015
    endloop
  endfacet
  facet normal 0 0.80319 -0.595723
    outer loop
      vertex -65 -19.754 19.3015
      vertex -62 -20.1135 18.8168
      vertex -65 -20.1135 18.8168
    endloop
  endfacet
  facet normal 0 0.998797 -0.0490451
    outer loop
      vertex -62 -21.15 15.4
      vertex -65 -21.1204 16.0028
      vertex -62 -21.1204 16.0028
    endloop
  endfacet
  facet normal 0 0.998797 -0.0490451
    outer loop
      vertex -65 -21.1204 16.0028
      vertex -62 -21.15 15.4
      vertex -65 -21.15 15.4
    endloop
  endfacet
  facet normal 0 0.989166 -0.146801
    outer loop
      vertex -62 -21.1204 16.0028
      vertex -65 -21.0318 16.5998
      vertex -62 -21.0318 16.5998
    endloop
  endfacet
  facet normal 0 0.989166 -0.146801
    outer loop
      vertex -65 -21.0318 16.5998
      vertex -62 -21.1204 16.0028
      vertex -65 -21.1204 16.0028
    endloop
  endfacet
  facet normal 0 -0.0490451 -0.998797
    outer loop
      vertex -65 -15 21.55
      vertex -62 -14.3972 21.5204
      vertex -62 -15 21.55
    endloop
  endfacet
  facet normal -0 -0.0490451 -0.998797
    outer loop
      vertex -62 -14.3972 21.5204
      vertex -65 -15 21.55
      vertex -65 -14.3972 21.5204
    endloop
  endfacet
  facet normal 0 0.941566 -0.33683
    outer loop
      vertex -62 -20.8852 17.1852
      vertex -65 -20.6819 17.7535
      vertex -62 -20.6819 17.7535
    endloop
  endfacet
  facet normal 0 0.941566 -0.33683
    outer loop
      vertex -65 -20.6819 17.7535
      vertex -62 -20.8852 17.1852
      vertex -65 -20.8852 17.1852
    endloop
  endfacet
  facet normal 0 0.740966 0.671542
    outer loop
      vertex -62 -19.3487 11.0513
      vertex -65 -19.754 11.4985
      vertex -62 -19.754 11.4985
    endloop
  endfacet
  facet normal 0 0.740966 0.671542
    outer loop
      vertex -65 -19.754 11.4985
      vertex -62 -19.3487 11.0513
      vertex -65 -19.3487 11.0513
    endloop
  endfacet
  facet normal 0 -0.242964 0.970035
    outer loop
      vertex -65 16.7853 9.51482
      vertex -62 16.1998 9.36817
      vertex -62 16.7853 9.51482
    endloop
  endfacet
  facet normal 0 -0.242964 0.970035
    outer loop
      vertex -62 16.1998 9.36817
      vertex -65 16.7853 9.51482
      vertex -65 16.1998 9.36817
    endloop
  endfacet
  facet normal 0 0.803158 0.595766
    outer loop
      vertex -62 10.246 11.4985
      vertex -65 9.88646 11.9832
      vertex -62 9.88646 11.9832
    endloop
  endfacet
  facet normal 0 0.803158 0.595766
    outer loop
      vertex -65 9.88646 11.9832
      vertex -62 10.246 11.4985
      vertex -65 10.246 11.4985
    endloop
  endfacet
  facet normal -0 0.51413 0.857712
    outer loop
      vertex -65 12.1009 9.97618
      vertex -62 11.5832 10.2865
      vertex -62 12.1009 9.97618
    endloop
  endfacet
  facet normal 0 0.51413 0.857712
    outer loop
      vertex -62 11.5832 10.2865
      vertex -65 12.1009 9.97618
      vertex -65 11.5832 10.2865
    endloop
  endfacet
  facet normal 0 -0.595723 0.80319
    outer loop
      vertex -65 18.9015 10.646
      vertex -62 18.4168 10.2865
      vertex -62 18.9015 10.646
    endloop
  endfacet
  facet normal 0 -0.595723 0.80319
    outer loop
      vertex -62 18.4168 10.2865
      vertex -65 18.9015 10.646
      vertex -65 18.4168 10.2865
    endloop
  endfacet
  facet normal 0 0.803158 -0.595766
    outer loop
      vertex -62 9.88646 18.8168
      vertex -65 10.246 19.3015
      vertex -62 10.246 19.3015
    endloop
  endfacet
  facet normal 0 0.803158 -0.595766
    outer loop
      vertex -65 10.246 19.3015
      vertex -62 9.88646 18.8168
      vertex -65 9.88646 18.8168
    endloop
  endfacet
  facet normal 0 0.970035 0.242964
    outer loop
      vertex -62 9.11482 13.6147
      vertex -65 8.96817 14.2002
      vertex -62 8.96817 14.2002
    endloop
  endfacet
  facet normal 0 0.970035 0.242964
    outer loop
      vertex -65 8.96817 14.2002
      vertex -62 9.11482 13.6147
      vertex -65 9.11482 13.6147
    endloop
  endfacet
  facet normal 0 0.998796 0.0490616
    outer loop
      vertex -62 8.87961 14.7972
      vertex -65 8.85 15.4
      vertex -62 8.85 15.4
    endloop
  endfacet
  facet normal 0 0.998796 0.0490616
    outer loop
      vertex -65 8.85 15.4
      vertex -62 8.87961 14.7972
      vertex -65 8.87961 14.7972
    endloop
  endfacet
  facet normal 0 -0.0490616 0.998796
    outer loop
      vertex -65 15.6028 9.27961
      vertex -62 15 9.25
      vertex -62 15.6028 9.27961
    endloop
  endfacet
  facet normal 0 -0.0490616 0.998796
    outer loop
      vertex -62 15 9.25
      vertex -65 15.6028 9.27961
      vertex -65 15 9.25
    endloop
  endfacet
  facet normal 0 -0.80319 0.595723
    outer loop
      vertex -65 19.754 11.4985
      vertex -62 20.1135 11.9832
      vertex -65 20.1135 11.9832
    endloop
  endfacet
  facet normal 0 -0.80319 0.595723
    outer loop
      vertex -62 20.1135 11.9832
      vertex -65 19.754 11.4985
      vertex -62 19.754 11.4985
    endloop
  endfacet
  facet normal 0 -0.857727 0.514106
    outer loop
      vertex -65 20.1135 11.9832
      vertex -62 20.4238 12.5009
      vertex -65 20.4238 12.5009
    endloop
  endfacet
  facet normal 0 -0.857727 0.514106
    outer loop
      vertex -62 20.4238 12.5009
      vertex -65 20.1135 11.9832
      vertex -62 20.1135 11.9832
    endloop
  endfacet
  facet normal 0 -0.857727 -0.514106
    outer loop
      vertex -65 20.4238 18.2991
      vertex -62 20.1135 18.8168
      vertex -65 20.1135 18.8168
    endloop
  endfacet
  facet normal 0 -0.857727 -0.514106
    outer loop
      vertex -62 20.1135 18.8168
      vertex -65 20.4238 18.2991
      vertex -62 20.4238 18.2991
    endloop
  endfacet
  facet normal 0 -0.970045 -0.242926
    outer loop
      vertex -65 21.0318 16.5998
      vertex -62 20.8852 17.1852
      vertex -65 20.8852 17.1852
    endloop
  endfacet
  facet normal 0 -0.970045 -0.242926
    outer loop
      vertex -62 20.8852 17.1852
      vertex -65 21.0318 16.5998
      vertex -62 21.0318 16.5998
    endloop
  endfacet
  facet normal 0 0.857741 0.514081
    outer loop
      vertex -62 9.88646 11.9832
      vertex -65 9.57618 12.5009
      vertex -62 9.57618 12.5009
    endloop
  endfacet
  facet normal 0 0.857741 0.514081
    outer loop
      vertex -65 9.57618 12.5009
      vertex -62 9.88646 11.9832
      vertex -65 9.88646 11.9832
    endloop
  endfacet
  facet normal 0 -0.514106 -0.857727
    outer loop
      vertex -65 17.8991 20.8238
      vertex -62 18.4168 20.5135
      vertex -62 17.8991 20.8238
    endloop
  endfacet
  facet normal -0 -0.514106 -0.857727
    outer loop
      vertex -62 18.4168 20.5135
      vertex -65 17.8991 20.8238
      vertex -65 18.4168 20.5135
    endloop
  endfacet
  facet normal 0 0.740966 0.671542
    outer loop
      vertex -62 10.6513 11.0513
      vertex -65 10.246 11.4985
      vertex -62 10.246 11.4985
    endloop
  endfacet
  facet normal 0 0.740966 0.671542
    outer loop
      vertex -65 10.246 11.4985
      vertex -62 10.6513 11.0513
      vertex -65 10.6513 11.0513
    endloop
  endfacet
  facet normal 0 -0.146801 -0.989166
    outer loop
      vertex -65 15.6028 21.5204
      vertex -62 16.1998 21.4318
      vertex -62 15.6028 21.5204
    endloop
  endfacet
  facet normal -0 -0.146801 -0.989166
    outer loop
      vertex -62 16.1998 21.4318
      vertex -65 15.6028 21.5204
      vertex -65 16.1998 21.4318
    endloop
  endfacet
  facet normal 0 -0.941566 -0.33683
    outer loop
      vertex -65 20.8852 17.1852
      vertex -62 20.6819 17.7535
      vertex -65 20.6819 17.7535
    endloop
  endfacet
  facet normal 0 -0.941566 -0.33683
    outer loop
      vertex -62 20.6819 17.7535
      vertex -65 20.8852 17.1852
      vertex -62 20.8852 17.1852
    endloop
  endfacet
  facet normal 0 -0.998797 0.0490451
    outer loop
      vertex -65 21.1204 14.7972
      vertex -62 21.15 15.4
      vertex -65 21.15 15.4
    endloop
  endfacet
  facet normal 0 -0.998797 0.0490451
    outer loop
      vertex -62 21.15 15.4
      vertex -65 21.1204 14.7972
      vertex -62 21.1204 14.7972
    endloop
  endfacet
  facet normal -0 0.242964 0.970035
    outer loop
      vertex -65 13.8002 9.36817
      vertex -62 13.2147 9.51482
      vertex -62 13.8002 9.36817
    endloop
  endfacet
  facet normal 0 0.242964 0.970035
    outer loop
      vertex -62 13.2147 9.51482
      vertex -65 13.8002 9.36817
      vertex -65 13.2147 9.51482
    endloop
  endfacet
  facet normal 0 -0.242886 -0.970055
    outer loop
      vertex -65 16.1998 21.4318
      vertex -62 16.7853 21.2852
      vertex -62 16.1998 21.4318
    endloop
  endfacet
  facet normal -0 -0.242886 -0.970055
    outer loop
      vertex -62 16.7853 21.2852
      vertex -65 16.1998 21.4318
      vertex -65 16.7853 21.2852
    endloop
  endfacet
  facet normal 0 0.336882 -0.941547
    outer loop
      vertex -65 12.6465 21.0819
      vertex -62 13.2147 21.2852
      vertex -62 12.6465 21.0819
    endloop
  endfacet
  facet normal 0 0.336882 -0.941547
    outer loop
      vertex -62 13.2147 21.2852
      vertex -65 12.6465 21.0819
      vertex -65 13.2147 21.2852
    endloop
  endfacet
  facet normal 0 0.740966 -0.671542
    outer loop
      vertex -62 10.246 19.3015
      vertex -65 10.6513 19.7487
      vertex -62 10.6513 19.7487
    endloop
  endfacet
  facet normal 0 0.740966 -0.671542
    outer loop
      vertex -65 10.6513 19.7487
      vertex -62 10.246 19.3015
      vertex -65 10.246 19.3015
    endloop
  endfacet
  facet normal 0 -0.941547 0.336882
    outer loop
      vertex -65 20.6819 13.0465
      vertex -62 20.8852 13.6147
      vertex -65 20.8852 13.6147
    endloop
  endfacet
  facet normal 0 -0.941547 0.336882
    outer loop
      vertex -62 20.8852 13.6147
      vertex -65 20.6819 13.0465
      vertex -62 20.6819 13.0465
    endloop
  endfacet
  facet normal 0 0.671542 -0.740966
    outer loop
      vertex -65 10.6513 19.7487
      vertex -62 11.0985 20.154
      vertex -62 10.6513 19.7487
    endloop
  endfacet
  facet normal 0 0.671542 -0.740966
    outer loop
      vertex -62 11.0985 20.154
      vertex -65 10.6513 19.7487
      vertex -65 11.0985 20.154
    endloop
  endfacet
  facet normal 0 -0.146736 0.989176
    outer loop
      vertex -65 16.1998 9.36817
      vertex -62 15.6028 9.27961
      vertex -62 16.1998 9.36817
    endloop
  endfacet
  facet normal 0 -0.146736 0.989176
    outer loop
      vertex -62 15.6028 9.27961
      vertex -65 16.1998 9.36817
      vertex -65 15.6028 9.27961
    endloop
  endfacet
  facet normal 0 -0.80319 -0.595723
    outer loop
      vertex -65 20.1135 18.8168
      vertex -62 19.754 19.3015
      vertex -65 19.754 19.3015
    endloop
  endfacet
  facet normal 0 -0.80319 -0.595723
    outer loop
      vertex -62 19.754 19.3015
      vertex -65 20.1135 18.8168
      vertex -62 20.1135 18.8168
    endloop
  endfacet
  facet normal 0 -0.740966 -0.671542
    outer loop
      vertex -65 19.754 19.3015
      vertex -62 19.3487 19.7487
      vertex -65 19.3487 19.7487
    endloop
  endfacet
  facet normal 0 -0.740966 -0.671542
    outer loop
      vertex -62 19.3487 19.7487
      vertex -65 19.754 19.3015
      vertex -62 19.754 19.3015
    endloop
  endfacet
  facet normal 0 -0.427542 0.903995
    outer loop
      vertex -65 17.8991 9.97618
      vertex -62 17.3535 9.71814
      vertex -62 17.8991 9.97618
    endloop
  endfacet
  facet normal 0 -0.427542 0.903995
    outer loop
      vertex -62 17.3535 9.71814
      vertex -65 17.8991 9.97618
      vertex -65 17.3535 9.71814
    endloop
  endfacet
  facet normal 0 -0.903957 0.427623
    outer loop
      vertex -65 20.4238 12.5009
      vertex -62 20.6819 13.0465
      vertex -65 20.6819 13.0465
    endloop
  endfacet
  facet normal 0 -0.903957 0.427623
    outer loop
      vertex -62 20.6819 13.0465
      vertex -65 20.4238 12.5009
      vertex -62 20.4238 12.5009
    endloop
  endfacet
  facet normal -0 0.336912 0.941536
    outer loop
      vertex -65 13.2147 9.51482
      vertex -62 12.6465 9.71814
      vertex -62 13.2147 9.51482
    endloop
  endfacet
  facet normal 0 0.336912 0.941536
    outer loop
      vertex -62 12.6465 9.71814
      vertex -65 13.2147 9.51482
      vertex -65 12.6465 9.71814
    endloop
  endfacet
  facet normal 0 -0.671542 0.740966
    outer loop
      vertex -65 19.3487 11.0513
      vertex -62 18.9015 10.646
      vertex -62 19.3487 11.0513
    endloop
  endfacet
  facet normal 0 -0.671542 0.740966
    outer loop
      vertex -62 18.9015 10.646
      vertex -65 19.3487 11.0513
      vertex -65 18.9015 10.646
    endloop
  endfacet
  facet normal 0 -0.989166 0.146801
    outer loop
      vertex -65 21.0318 14.2002
      vertex -62 21.1204 14.7972
      vertex -65 21.1204 14.7972
    endloop
  endfacet
  facet normal 0 -0.989166 0.146801
    outer loop
      vertex -62 21.1204 14.7972
      vertex -65 21.0318 14.2002
      vertex -62 21.0318 14.2002
    endloop
  endfacet
  facet normal 0 -0.336912 0.941536
    outer loop
      vertex -65 17.3535 9.71814
      vertex -62 16.7853 9.51482
      vertex -62 17.3535 9.71814
    endloop
  endfacet
  facet normal 0 -0.336912 0.941536
    outer loop
      vertex -62 16.7853 9.51482
      vertex -65 17.3535 9.71814
      vertex -65 16.7853 9.51482
    endloop
  endfacet
  facet normal 0 0.146801 -0.989166
    outer loop
      vertex -65 13.8002 21.4318
      vertex -62 14.3972 21.5204
      vertex -62 13.8002 21.4318
    endloop
  endfacet
  facet normal 0 0.146801 -0.989166
    outer loop
      vertex -62 14.3972 21.5204
      vertex -65 13.8002 21.4318
      vertex -65 14.3972 21.5204
    endloop
  endfacet
  facet normal -0 0.146736 0.989176
    outer loop
      vertex -65 14.3972 9.27961
      vertex -62 13.8002 9.36817
      vertex -62 14.3972 9.27961
    endloop
  endfacet
  facet normal 0 0.146736 0.989176
    outer loop
      vertex -62 13.8002 9.36817
      vertex -65 14.3972 9.27961
      vertex -65 13.8002 9.36817
    endloop
  endfacet
  facet normal -0 0.0490616 0.998796
    outer loop
      vertex -65 15 9.25
      vertex -62 14.3972 9.27961
      vertex -62 15 9.25
    endloop
  endfacet
  facet normal 0 0.0490616 0.998796
    outer loop
      vertex -62 14.3972 9.27961
      vertex -65 15 9.25
      vertex -65 14.3972 9.27961
    endloop
  endfacet
  facet normal 0 0.903995 0.427542
    outer loop
      vertex -62 9.57618 12.5009
      vertex -65 9.31814 13.0465
      vertex -62 9.31814 13.0465
    endloop
  endfacet
  facet normal 0 0.903995 0.427542
    outer loop
      vertex -65 9.31814 13.0465
      vertex -62 9.57618 12.5009
      vertex -65 9.57618 12.5009
    endloop
  endfacet
  facet normal -0 0.595723 0.80319
    outer loop
      vertex -65 11.5832 10.2865
      vertex -62 11.0985 10.646
      vertex -62 11.5832 10.2865
    endloop
  endfacet
  facet normal 0 0.595723 0.80319
    outer loop
      vertex -62 11.0985 10.646
      vertex -65 11.5832 10.2865
      vertex -65 11.0985 10.646
    endloop
  endfacet
  facet normal 0 0.989176 0.146736
    outer loop
      vertex -62 8.96817 14.2002
      vertex -65 8.87961 14.7972
      vertex -62 8.87961 14.7972
    endloop
  endfacet
  facet normal 0 0.989176 0.146736
    outer loop
      vertex -65 8.87961 14.7972
      vertex -62 8.96817 14.2002
      vertex -65 8.96817 14.2002
    endloop
  endfacet
  facet normal 0 -0.989166 -0.146801
    outer loop
      vertex -65 21.1204 16.0028
      vertex -62 21.0318 16.5998
      vertex -65 21.0318 16.5998
    endloop
  endfacet
  facet normal 0 -0.989166 -0.146801
    outer loop
      vertex -62 21.0318 16.5998
      vertex -65 21.1204 16.0028
      vertex -62 21.1204 16.0028
    endloop
  endfacet
  facet normal 0 -0.903957 -0.427623
    outer loop
      vertex -65 20.6819 17.7535
      vertex -62 20.4238 18.2991
      vertex -65 20.4238 18.2991
    endloop
  endfacet
  facet normal 0 -0.903957 -0.427623
    outer loop
      vertex -62 20.4238 18.2991
      vertex -65 20.6819 17.7535
      vertex -62 20.6819 17.7535
    endloop
  endfacet
  facet normal 0 -0.51413 0.857712
    outer loop
      vertex -65 18.4168 10.2865
      vertex -62 17.8991 9.97618
      vertex -62 18.4168 10.2865
    endloop
  endfacet
  facet normal 0 -0.51413 0.857712
    outer loop
      vertex -62 17.8991 9.97618
      vertex -65 18.4168 10.2865
      vertex -65 17.8991 9.97618
    endloop
  endfacet
  facet normal 0 -0.740966 0.671542
    outer loop
      vertex -65 19.3487 11.0513
      vertex -62 19.754 11.4985
      vertex -65 19.754 11.4985
    endloop
  endfacet
  facet normal 0 -0.740966 0.671542
    outer loop
      vertex -62 19.754 11.4985
      vertex -65 19.3487 11.0513
      vertex -62 19.3487 11.0513
    endloop
  endfacet
  facet normal 0 -0.336882 -0.941547
    outer loop
      vertex -65 16.7853 21.2852
      vertex -62 17.3535 21.0819
      vertex -62 16.7853 21.2852
    endloop
  endfacet
  facet normal -0 -0.336882 -0.941547
    outer loop
      vertex -62 17.3535 21.0819
      vertex -65 16.7853 21.2852
      vertex -65 17.3535 21.0819
    endloop
  endfacet
  facet normal 0 0.595723 -0.80319
    outer loop
      vertex -65 11.0985 20.154
      vertex -62 11.5832 20.5135
      vertex -62 11.0985 20.154
    endloop
  endfacet
  facet normal 0 0.595723 -0.80319
    outer loop
      vertex -62 11.5832 20.5135
      vertex -65 11.0985 20.154
      vertex -65 11.5832 20.5135
    endloop
  endfacet
  facet normal 0 -0.671542 -0.740966
    outer loop
      vertex -65 18.9015 20.154
      vertex -62 19.3487 19.7487
      vertex -62 18.9015 20.154
    endloop
  endfacet
  facet normal -0 -0.671542 -0.740966
    outer loop
      vertex -62 19.3487 19.7487
      vertex -65 18.9015 20.154
      vertex -65 19.3487 19.7487
    endloop
  endfacet
  facet normal 0 0.427623 -0.903957
    outer loop
      vertex -65 12.1009 20.8238
      vertex -62 12.6465 21.0819
      vertex -62 12.1009 20.8238
    endloop
  endfacet
  facet normal 0 0.427623 -0.903957
    outer loop
      vertex -62 12.6465 21.0819
      vertex -65 12.1009 20.8238
      vertex -65 12.6465 21.0819
    endloop
  endfacet
  facet normal 0 0.998796 -0.0490616
    outer loop
      vertex -62 8.85 15.4
      vertex -65 8.87961 16.0028
      vertex -62 8.87961 16.0028
    endloop
  endfacet
  facet normal 0 0.998796 -0.0490616
    outer loop
      vertex -65 8.87961 16.0028
      vertex -62 8.85 15.4
      vertex -65 8.85 15.4
    endloop
  endfacet
  facet normal -0 0.671542 0.740966
    outer loop
      vertex -65 11.0985 10.646
      vertex -62 10.6513 11.0513
      vertex -62 11.0985 10.646
    endloop
  endfacet
  facet normal 0 0.671542 0.740966
    outer loop
      vertex -62 10.6513 11.0513
      vertex -65 11.0985 10.646
      vertex -65 10.6513 11.0513
    endloop
  endfacet
  facet normal 0 -0.998797 -0.0490451
    outer loop
      vertex -65 21.15 15.4
      vertex -62 21.1204 16.0028
      vertex -65 21.1204 16.0028
    endloop
  endfacet
  facet normal 0 -0.998797 -0.0490451
    outer loop
      vertex -62 21.1204 16.0028
      vertex -65 21.15 15.4
      vertex -62 21.15 15.4
    endloop
  endfacet
  facet normal 0 0.242886 -0.970055
    outer loop
      vertex -65 13.2147 21.2852
      vertex -62 13.8002 21.4318
      vertex -62 13.2147 21.2852
    endloop
  endfacet
  facet normal 0 0.242886 -0.970055
    outer loop
      vertex -62 13.8002 21.4318
      vertex -65 13.2147 21.2852
      vertex -65 13.8002 21.4318
    endloop
  endfacet
  facet normal 0 0.903995 -0.427542
    outer loop
      vertex -62 9.31814 17.7535
      vertex -65 9.57618 18.2991
      vertex -62 9.57618 18.2991
    endloop
  endfacet
  facet normal 0 0.903995 -0.427542
    outer loop
      vertex -65 9.57618 18.2991
      vertex -62 9.31814 17.7535
      vertex -65 9.31814 17.7535
    endloop
  endfacet
  facet normal 0 -0.970055 0.242886
    outer loop
      vertex -65 20.8852 13.6147
      vertex -62 21.0318 14.2002
      vertex -65 21.0318 14.2002
    endloop
  endfacet
  facet normal 0 -0.970055 0.242886
    outer loop
      vertex -62 21.0318 14.2002
      vertex -65 20.8852 13.6147
      vertex -62 20.8852 13.6147
    endloop
  endfacet
  facet normal -0 0.427542 0.903995
    outer loop
      vertex -65 12.6465 9.71814
      vertex -62 12.1009 9.97618
      vertex -62 12.6465 9.71814
    endloop
  endfacet
  facet normal 0 0.427542 0.903995
    outer loop
      vertex -62 12.1009 9.97618
      vertex -65 12.6465 9.71814
      vertex -65 12.1009 9.97618
    endloop
  endfacet
  facet normal 0 -0.427623 -0.903957
    outer loop
      vertex -65 17.3535 21.0819
      vertex -62 17.8991 20.8238
      vertex -62 17.3535 21.0819
    endloop
  endfacet
  facet normal -0 -0.427623 -0.903957
    outer loop
      vertex -62 17.8991 20.8238
      vertex -65 17.3535 21.0819
      vertex -65 17.8991 20.8238
    endloop
  endfacet
  facet normal 0 0.514106 -0.857727
    outer loop
      vertex -65 11.5832 20.5135
      vertex -62 12.1009 20.8238
      vertex -62 11.5832 20.5135
    endloop
  endfacet
  facet normal 0 0.514106 -0.857727
    outer loop
      vertex -62 12.1009 20.8238
      vertex -65 11.5832 20.5135
      vertex -65 12.1009 20.8238
    endloop
  endfacet
  facet normal 0 -0.0490451 -0.998797
    outer loop
      vertex -65 15 21.55
      vertex -62 15.6028 21.5204
      vertex -62 15 21.55
    endloop
  endfacet
  facet normal -0 -0.0490451 -0.998797
    outer loop
      vertex -62 15.6028 21.5204
      vertex -65 15 21.55
      vertex -65 15.6028 21.5204
    endloop
  endfacet
  facet normal 0 0.0490451 -0.998797
    outer loop
      vertex -65 14.3972 21.5204
      vertex -62 15 21.55
      vertex -62 14.3972 21.5204
    endloop
  endfacet
  facet normal 0 0.0490451 -0.998797
    outer loop
      vertex -62 15 21.55
      vertex -65 14.3972 21.5204
      vertex -65 15 21.55
    endloop
  endfacet
  facet normal 0 0.941536 0.336912
    outer loop
      vertex -62 9.31814 13.0465
      vertex -65 9.11482 13.6147
      vertex -62 9.11482 13.6147
    endloop
  endfacet
  facet normal 0 0.941536 0.336912
    outer loop
      vertex -65 9.11482 13.6147
      vertex -62 9.31814 13.0465
      vertex -65 9.31814 13.0465
    endloop
  endfacet
  facet normal 0 -0.595723 -0.80319
    outer loop
      vertex -65 18.4168 20.5135
      vertex -62 18.9015 20.154
      vertex -62 18.4168 20.5135
    endloop
  endfacet
  facet normal -0 -0.595723 -0.80319
    outer loop
      vertex -62 18.9015 20.154
      vertex -65 18.4168 20.5135
      vertex -65 18.9015 20.154
    endloop
  endfacet
  facet normal 0 0.989176 -0.146736
    outer loop
      vertex -62 8.87961 16.0028
      vertex -65 8.96817 16.5998
      vertex -62 8.96817 16.5998
    endloop
  endfacet
  facet normal 0 0.989176 -0.146736
    outer loop
      vertex -65 8.96817 16.5998
      vertex -62 8.87961 16.0028
      vertex -65 8.87961 16.0028
    endloop
  endfacet
  facet normal 0 0.970025 -0.243003
    outer loop
      vertex -62 8.96817 16.5998
      vertex -65 9.11482 17.1852
      vertex -62 9.11482 17.1852
    endloop
  endfacet
  facet normal 0 0.970025 -0.243003
    outer loop
      vertex -65 9.11482 17.1852
      vertex -62 8.96817 16.5998
      vertex -65 8.96817 16.5998
    endloop
  endfacet
  facet normal 0 0.941555 -0.336859
    outer loop
      vertex -62 9.11482 17.1852
      vertex -65 9.31814 17.7535
      vertex -62 9.31814 17.7535
    endloop
  endfacet
  facet normal 0 0.941555 -0.336859
    outer loop
      vertex -65 9.31814 17.7535
      vertex -62 9.11482 17.1852
      vertex -65 9.11482 17.1852
    endloop
  endfacet
  facet normal 0 0.857741 -0.514081
    outer loop
      vertex -62 9.57618 18.2991
      vertex -65 9.88646 18.8168
      vertex -62 9.88646 18.8168
    endloop
  endfacet
  facet normal 0 0.857741 -0.514081
    outer loop
      vertex -65 9.88646 18.8168
      vertex -62 9.57618 18.2991
      vertex -65 9.57618 18.2991
    endloop
  endfacet
  facet normal -1 0 0
    outer loop
      vertex -70.5 -14 0
      vertex -70.5 -8 4
      vertex -70.5 -8 0
    endloop
  endfacet
  facet normal -1 -0 0
    outer loop
      vertex -70.5 -8 4
      vertex -70.5 -14 0
      vertex -70.5 -14 4
    endloop
  endfacet
  facet normal 1 -0 0
    outer loop
      vertex -73.5 -14 4
      vertex -73.5 -8 0
      vertex -73.5 -8 4
    endloop
  endfacet
  facet normal 1 0 0
    outer loop
      vertex -73.5 -8 0
      vertex -73.5 -14 4
      vertex -73.5 -14 0
    endloop
  endfacet
  facet normal 0 -1 0
    outer loop
      vertex -73.5 -8 0
      vertex -70.5 -8 4
      vertex -73.5 -8 4
    endloop
  endfacet
  facet normal 0 -1 -0
    outer loop
      vertex -70.5 -8 4
      vertex -73.5 -8 0
      vertex -70.5 -8 0
    endloop
  endfacet
  facet normal 0 1 -0
    outer loop
      vertex -70.5 -14 0
      vertex -73.5 -14 4
      vertex -70.5 -14 4
    endloop
  endfacet
  facet normal 0 1 0
    outer loop
      vertex -73.5 -14 4
      vertex -70.5 -14 0
      vertex -73.5 -14 0
    endloop
  endfacet
  facet normal -1 0 0
    outer loop
      vertex -70.5 8 0
      vertex -70.5 14 4
      vertex -70.5 14 0
    endloop
  endfacet
  facet normal -1 -0 0
    outer loop
      vertex -70.5 14 4
      vertex -70.5 8 0
      vertex -70.5 8 4
    endloop
  endfacet
  facet normal 1 -0 0
    outer loop
      vertex -73.5 8 4
      vertex -73.5 14 0
      vertex -73.5 14 4
    endloop
  endfacet
  facet normal 1 0 0
    outer loop
      vertex -73.5 14 0
      vertex -73.5 8 4
      vertex -73.5 8 0
    endloop
  endfacet
  facet normal 0 -1 0
    outer loop
      vertex -73.5 14 0
      vertex -70.5 14 4
      vertex -73.5 14 4
    endloop
  endfacet
  facet normal 0 -1 -0
    outer loop
      vertex -70.5 14 4
      vertex -73.5 14 0
      vertex -70.5 14 0
    endloop
  endfacet
  facet normal 0 1 -0
    outer loop
      vertex -70.5 8 0
      vertex -73.5 8 4
      vertex -70.5 8 4
    endloop
  endfacet
  facet normal 0 1 0
    outer loop
      vertex -73.5 8 4
      vertex -70.5 8 0
      vertex -73.5 8 0
    endloop
  endfacet
  facet normal -1 0 0
    outer loop
      vertex 73.5 -14 0
      vertex 73.5 -8 4
      vertex 73.5 -8 0
    endloop
  endfacet
  facet normal -1 -0 0
    outer loop
      vertex 73.5 -8 4
      vertex 73.5 -14 0
      vertex 73.5 -14 4
    endloop
  endfacet
  facet normal 1 -0 0
    outer loop
      vertex 70.5 -14 4
      vertex 70.5 -8 0
      vertex 70.5 -8 4
    endloop
  endfacet
  facet normal 1 0 0
    outer loop
      vertex 70.5 -8 0
      vertex 70.5 -14 4
      vertex 70.5 -14 0
    endloop
  endfacet
  facet normal 0 -1 0
    outer loop
      vertex 70.5 -8 0
      vertex 73.5 -8 4
      vertex 70.5 -8 4
    endloop
  endfacet
  facet normal 0 -1 -0
    outer loop
      vertex 73.5 -8 4
      vertex 70.5 -8 0
      vertex 73.5 -8 0
    endloop
  endfacet
  facet normal 0 1 -0
    outer loop
      vertex 73.5 -14 0
      vertex 70.5 -14 4
      vertex 73.5 -14 4
    endloop
  endfacet
  facet normal 0 1 0
    outer loop
      vertex 70.5 -14 4
      vertex 73.5 -14 0
      vertex 70.5 -14 0
    endloop
  endfacet
  facet normal -1 0 0
    outer loop
      vertex 73.5 8 0
      vertex 73.5 14 4
      vertex 73.5 14 0
    endloop
  endfacet
  facet normal -1 -0 0
    outer loop
      vertex 73.5 14 4
      vertex 73.5 8 0
      vertex 73.5 8 4
    endloop
  endfacet
  facet normal 1 -0 0
    outer loop
      vertex 70.5 8 4
      vertex 70.5 14 0
      vertex 70.5 14 4
    endloop
  endfacet
  facet normal 1 0 0
    outer loop
      vertex 70.5 14 0
      vertex 70.5 8 4
      vertex 70.5 8 0
    endloop
  endfacet
  facet normal 0 -1 0
    outer loop
      vertex 70.5 14 0
      vertex 73.5 14 4
      vertex 70.5 14 4
    endloop
  endfacet
  facet normal 0 -1 -0
    outer loop
      vertex 73.5 14 4
      vertex 70.5 14 0
      vertex 73.5 14 0
    endloop
  endfacet
  facet normal 0 1 -0
    outer loop
      vertex 73.5 8 0
      vertex 70.5 8 4
      vertex 73.5 8 4
    endloop
  endfacet
  facet normal 0 1 0
    outer loop
      vertex 70.5 8 4
      vertex 73.5 8 0
      vertex 70.5 8 0
    endloop
  endfacet
  facet normal 0.903998 0.427536 0
    outer loop
      vertex -73.9843 -1.06064 4
      vertex -74.0787 -0.861037 0
      vertex -74.0787 -0.861037 4
    endloop
  endfacet
  facet normal 0.903998 0.427536 0
    outer loop
      vertex -74.0787 -0.861037 0
      vertex -73.9843 -1.06064 4
      vertex -73.9843 -1.06064 0
    endloop
  endfacet
  facet normal -0.989176 -0.146736 0
    outer loop
      vertex -69.7608 0.220538 0
      vertex -69.7932 0.438952 4
      vertex -69.7932 0.438952 0
    endloop
  endfacet
  facet normal -0.989176 -0.146736 0
    outer loop
      vertex -69.7932 0.438952 4
      vertex -69.7608 0.220538 0
      vertex -69.7608 0.220538 4
    endloop
  endfacet
  facet normal -0.998803 -0.0489125 0
    outer loop
      vertex -69.75 0 0
      vertex -69.7608 0.220538 4
      vertex -69.7608 0.220538 0
    endloop
  endfacet
  facet normal -0.998803 -0.0489125 0
    outer loop
      vertex -69.7608 0.220538 4
      vertex -69.75 0 0
      vertex -69.75 0 4
    endloop
  endfacet
  facet normal -0.969979 -0.243188 0
    outer loop
      vertex -69.7932 0.438952 0
      vertex -69.8469 0.65314 4
      vertex -69.8469 0.65314 0
    endloop
  endfacet
  facet normal -0.969979 -0.243188 0
    outer loop
      vertex -69.8469 0.65314 4
      vertex -69.7932 0.438952 0
      vertex -69.7932 0.438952 4
    endloop
  endfacet
  facet normal -0.336899 0.941541 0
    outer loop
      vertex -71.139 -2.07873 0
      vertex -71.3469 -2.15312 4
      vertex -71.139 -2.07873 4
    endloop
  endfacet
  facet normal -0.336899 0.941541 0
    outer loop
      vertex -71.3469 -2.15312 4
      vertex -71.139 -2.07873 0
      vertex -71.3469 -2.15312 0
    endloop
  endfacet
  facet normal -0.969979 0.243188 0
    outer loop
      vertex -69.8469 -0.65314 0
      vertex -69.7932 -0.438952 4
      vertex -69.7932 -0.438952 0
    endloop
  endfacet
  facet normal -0.969979 0.243188 0
    outer loop
      vertex -69.7932 -0.438952 4
      vertex -69.8469 -0.65314 0
      vertex -69.8469 -0.65314 4
    endloop
  endfacet
  facet normal 0.595615 -0.80327 0
    outer loop
      vertex -73.4274 1.73927 0
      vertex -73.25 1.87081 4
      vertex -73.4274 1.73927 4
    endloop
  endfacet
  facet normal 0.595615 -0.80327 0
    outer loop
      vertex -73.25 1.87081 4
      vertex -73.4274 1.73927 0
      vertex -73.25 1.87081 0
    endloop
  endfacet
  facet normal -0.941525 -0.336943 0
    outer loop
      vertex -69.8469 0.65314 0
      vertex -69.9213 0.861037 4
      vertex -69.9213 0.861037 0
    endloop
  endfacet
  facet normal -0.941525 -0.336943 0
    outer loop
      vertex -69.9213 0.861037 4
      vertex -69.8469 0.65314 0
      vertex -69.8469 0.65314 4
    endloop
  endfacet
  facet normal 0.146746 0.989174 -0
    outer loop
      vertex -72.2205 -2.23917 0
      vertex -72.4389 -2.20677 4
      vertex -72.2205 -2.23917 4
    endloop
  endfacet
  facet normal 0.146746 0.989174 0
    outer loop
      vertex -72.4389 -2.20677 4
      vertex -72.2205 -2.23917 0
      vertex -72.4389 -2.20677 0
    endloop
  endfacet
  facet normal -0.0490565 0.998796 0
    outer loop
      vertex -71.7795 -2.23917 0
      vertex -72 -2.25 4
      vertex -71.7795 -2.23917 4
    endloop
  endfacet
  facet normal -0.0490565 0.998796 0
    outer loop
      vertex -72 -2.25 4
      vertex -71.7795 -2.23917 0
      vertex -72 -2.25 0
    endloop
  endfacet
  facet normal -0.941525 0.336943 0
    outer loop
      vertex -69.9213 -0.861037 0
      vertex -69.8469 -0.65314 4
      vertex -69.8469 -0.65314 0
    endloop
  endfacet
  facet normal -0.941525 0.336943 0
    outer loop
      vertex -69.8469 -0.65314 4
      vertex -69.9213 -0.861037 0
      vertex -69.9213 -0.861037 4
    endloop
  endfacet
  facet normal -0.242962 0.970036 0
    outer loop
      vertex -71.3469 -2.15312 0
      vertex -71.5611 -2.20677 4
      vertex -71.3469 -2.15312 4
    endloop
  endfacet
  facet normal -0.242962 0.970036 0
    outer loop
      vertex -71.5611 -2.20677 4
      vertex -71.3469 -2.15312 0
      vertex -71.5611 -2.20677 0
    endloop
  endfacet
  facet normal -0.671563 -0.740948 0
    outer loop
      vertex -70.5726 1.73927 0
      vertex -70.409 1.59099 4
      vertex -70.5726 1.73927 4
    endloop
  endfacet
  facet normal -0.671563 -0.740948 -0
    outer loop
      vertex -70.409 1.59099 4
      vertex -70.5726 1.73927 0
      vertex -70.409 1.59099 0
    endloop
  endfacet
  facet normal -0.514063 -0.857753 0
    outer loop
      vertex -70.9394 1.98432 0
      vertex -70.75 1.87081 4
      vertex -70.9394 1.98432 4
    endloop
  endfacet
  facet normal -0.514063 -0.857753 -0
    outer loop
      vertex -70.75 1.87081 4
      vertex -70.9394 1.98432 0
      vertex -70.75 1.87081 0
    endloop
  endfacet
  facet normal 0.803276 -0.595607 0
    outer loop
      vertex -73.8708 1.25003 4
      vertex -73.7393 1.42738 0
      vertex -73.7393 1.42738 4
    endloop
  endfacet
  facet normal 0.803276 -0.595607 0
    outer loop
      vertex -73.7393 1.42738 0
      vertex -73.8708 1.25003 4
      vertex -73.8708 1.25003 0
    endloop
  endfacet
  facet normal 0.242962 0.970036 -0
    outer loop
      vertex -72.4389 -2.20677 0
      vertex -72.6531 -2.15312 4
      vertex -72.4389 -2.20677 4
    endloop
  endfacet
  facet normal 0.242962 0.970036 0
    outer loop
      vertex -72.6531 -2.15312 4
      vertex -72.4389 -2.20677 0
      vertex -72.6531 -2.15312 0
    endloop
  endfacet
  facet normal 0.595615 0.80327 -0
    outer loop
      vertex -73.25 -1.87081 0
      vertex -73.4274 -1.73927 4
      vertex -73.25 -1.87081 4
    endloop
  endfacet
  facet normal 0.595615 0.80327 0
    outer loop
      vertex -73.4274 -1.73927 4
      vertex -73.25 -1.87081 0
      vertex -73.4274 -1.73927 0
    endloop
  endfacet
  facet normal 0.740923 -0.67159 0
    outer loop
      vertex -73.7393 1.42738 4
      vertex -73.591 1.59099 0
      vertex -73.591 1.59099 4
    endloop
  endfacet
  facet normal 0.740923 -0.67159 0
    outer loop
      vertex -73.591 1.59099 0
      vertex -73.7393 1.42738 4
      vertex -73.7393 1.42738 0
    endloop
  endfacet
  facet normal 0.998803 0.0489125 0
    outer loop
      vertex -74.2392 -0.220538 4
      vertex -74.25 0 0
      vertex -74.25 0 4
    endloop
  endfacet
  facet normal 0.998803 0.0489125 0
    outer loop
      vertex -74.25 0 0
      vertex -74.2392 -0.220538 4
      vertex -74.2392 -0.220538 0
    endloop
  endfacet
  facet normal 0.969979 0.243188 0
    outer loop
      vertex -74.1531 -0.65314 4
      vertex -74.2068 -0.438952 0
      vertex -74.2068 -0.438952 4
    endloop
  endfacet
  facet normal 0.969979 0.243188 0
    outer loop
      vertex -74.2068 -0.438952 0
      vertex -74.1531 -0.65314 4
      vertex -74.1531 -0.65314 0
    endloop
  endfacet
  facet normal 0.941525 0.336943 0
    outer loop
      vertex -74.0787 -0.861037 4
      vertex -74.1531 -0.65314 0
      vertex -74.1531 -0.65314 4
    endloop
  endfacet
  facet normal 0.941525 0.336943 0
    outer loop
      vertex -74.1531 -0.65314 0
      vertex -74.0787 -0.861037 4
      vertex -74.0787 -0.861037 0
    endloop
  endfacet
  facet normal -0.903998 -0.427536 0
    outer loop
      vertex -69.9213 0.861037 0
      vertex -70.0157 1.06064 4
      vertex -70.0157 1.06064 0
    endloop
  endfacet
  facet normal -0.903998 -0.427536 0
    outer loop
      vertex -70.0157 1.06064 4
      vertex -69.9213 0.861037 0
      vertex -69.9213 0.861037 4
    endloop
  endfacet
  facet normal -0.998803 0.0489125 0
    outer loop
      vertex -69.7608 -0.220538 0
      vertex -69.75 0 4
      vertex -69.75 0 0
    endloop
  endfacet
  facet normal -0.998803 0.0489125 0
    outer loop
      vertex -69.75 0 4
      vertex -69.7608 -0.220538 0
      vertex -69.7608 -0.220538 4
    endloop
  endfacet
  facet normal -0.595615 -0.80327 0
    outer loop
      vertex -70.75 1.87081 0
      vertex -70.5726 1.73927 4
      vertex -70.75 1.87081 4
    endloop
  endfacet
  facet normal -0.595615 -0.80327 -0
    outer loop
      vertex -70.5726 1.73927 4
      vertex -70.75 1.87081 0
      vertex -70.5726 1.73927 0
    endloop
  endfacet
  facet normal -0.857761 0.514049 0
    outer loop
      vertex -70.1292 -1.25003 0
      vertex -70.0157 -1.06064 4
      vertex -70.0157 -1.06064 0
    endloop
  endfacet
  facet normal -0.857761 0.514049 0
    outer loop
      vertex -70.0157 -1.06064 4
      vertex -70.1292 -1.25003 0
      vertex -70.1292 -1.25003 4
    endloop
  endfacet
  facet normal 0.0490565 -0.998796 0
    outer loop
      vertex -72.2205 2.23917 0
      vertex -72 2.25 4
      vertex -72.2205 2.23917 4
    endloop
  endfacet
  facet normal 0.0490565 -0.998796 0
    outer loop
      vertex -72 2.25 4
      vertex -72.2205 2.23917 0
      vertex -72 2.25 0
    endloop
  endfacet
  facet normal 0.427578 0.903978 -0
    outer loop
      vertex -72.861 -2.07873 0
      vertex -73.0606 -1.98432 4
      vertex -72.861 -2.07873 4
    endloop
  endfacet
  facet normal 0.427578 0.903978 0
    outer loop
      vertex -73.0606 -1.98432 4
      vertex -72.861 -2.07873 0
      vertex -73.0606 -1.98432 0
    endloop
  endfacet
  facet normal 0.857761 -0.514049 0
    outer loop
      vertex -73.9843 1.06064 4
      vertex -73.8708 1.25003 0
      vertex -73.8708 1.25003 4
    endloop
  endfacet
  facet normal 0.857761 -0.514049 0
    outer loop
      vertex -73.8708 1.25003 0
      vertex -73.9843 1.06064 4
      vertex -73.9843 1.06064 0
    endloop
  endfacet
  facet normal 0.989176 -0.146736 0
    outer loop
      vertex -74.2392 0.220538 4
      vertex -74.2068 0.438952 0
      vertex -74.2068 0.438952 4
    endloop
  endfacet
  facet normal 0.989176 -0.146736 0
    outer loop
      vertex -74.2068 0.438952 0
      vertex -74.2392 0.220538 4
      vertex -74.2392 0.220538 0
    endloop
  endfacet
  facet normal 0.514063 -0.857753 0
    outer loop
      vertex -73.25 1.87081 0
      vertex -73.0606 1.98432 4
      vertex -73.25 1.87081 4
    endloop
  endfacet
  facet normal 0.514063 -0.857753 0
    outer loop
      vertex -73.0606 1.98432 4
      vertex -73.25 1.87081 0
      vertex -73.0606 1.98432 0
    endloop
  endfacet
  facet normal -0.803276 -0.595607 0
    outer loop
      vertex -70.1292 1.25003 0
      vertex -70.2607 1.42738 4
      vertex -70.2607 1.42738 0
    endloop
  endfacet
  facet normal -0.803276 -0.595607 0
    outer loop
      vertex -70.2607 1.42738 4
      vertex -70.1292 1.25003 0
      vertex -70.1292 1.25003 4
    endloop
  endfacet
  facet normal -0.427578 0.903978 0
    outer loop
      vertex -70.9394 -1.98432 0
      vertex -71.139 -2.07873 4
      vertex -70.9394 -1.98432 4
    endloop
  endfacet
  facet normal -0.427578 0.903978 0
    outer loop
      vertex -71.139 -2.07873 4
      vertex -70.9394 -1.98432 0
      vertex -71.139 -2.07873 0
    endloop
  endfacet
  facet normal 0.242962 -0.970036 0
    outer loop
      vertex -72.6531 2.15312 0
      vertex -72.4389 2.20677 4
      vertex -72.6531 2.15312 4
    endloop
  endfacet
  facet normal 0.242962 -0.970036 0
    outer loop
      vertex -72.4389 2.20677 4
      vertex -72.6531 2.15312 0
      vertex -72.4389 2.20677 0
    endloop
  endfacet
  facet normal -0.336899 -0.941541 0
    outer loop
      vertex -71.3469 2.15312 0
      vertex -71.139 2.07873 4
      vertex -71.3469 2.15312 4
    endloop
  endfacet
  facet normal -0.336899 -0.941541 -0
    outer loop
      vertex -71.139 2.07873 4
      vertex -71.3469 2.15312 0
      vertex -71.139 2.07873 0
    endloop
  endfacet
  facet normal -0.740923 -0.67159 0
    outer loop
      vertex -70.2607 1.42738 0
      vertex -70.409 1.59099 4
      vertex -70.409 1.59099 0
    endloop
  endfacet
  facet normal -0.740923 -0.67159 0
    outer loop
      vertex -70.409 1.59099 4
      vertex -70.2607 1.42738 0
      vertex -70.2607 1.42738 4
    endloop
  endfacet
  facet normal 0.671563 -0.740948 0
    outer loop
      vertex -73.591 1.59099 0
      vertex -73.4274 1.73927 4
      vertex -73.591 1.59099 4
    endloop
  endfacet
  facet normal 0.671563 -0.740948 0
    outer loop
      vertex -73.4274 1.73927 4
      vertex -73.591 1.59099 0
      vertex -73.4274 1.73927 0
    endloop
  endfacet
  facet normal -0.146746 0.989174 0
    outer loop
      vertex -71.5611 -2.20677 0
      vertex -71.7795 -2.23917 4
      vertex -71.5611 -2.20677 4
    endloop
  endfacet
  facet normal -0.146746 0.989174 0
    outer loop
      vertex -71.7795 -2.23917 4
      vertex -71.5611 -2.20677 0
      vertex -71.7795 -2.23917 0
    endloop
  endfacet
  facet normal 0.146746 -0.989174 0
    outer loop
      vertex -72.4389 2.20677 0
      vertex -72.2205 2.23917 4
      vertex -72.4389 2.20677 4
    endloop
  endfacet
  facet normal 0.146746 -0.989174 0
    outer loop
      vertex -72.2205 2.23917 4
      vertex -72.4389 2.20677 0
      vertex -72.2205 2.23917 0
    endloop
  endfacet
  facet normal -0.740923 0.67159 0
    outer loop
      vertex -70.409 -1.59099 0
      vertex -70.2607 -1.42738 4
      vertex -70.2607 -1.42738 0
    endloop
  endfacet
  facet normal -0.740923 0.67159 0
    outer loop
      vertex -70.2607 -1.42738 4
      vertex -70.409 -1.59099 0
      vertex -70.409 -1.59099 4
    endloop
  endfacet
  facet normal -0.803276 0.595607 0
    outer loop
      vertex -70.2607 -1.42738 0
      vertex -70.1292 -1.25003 4
      vertex -70.1292 -1.25003 0
    endloop
  endfacet
  facet normal -0.803276 0.595607 0
    outer loop
      vertex -70.1292 -1.25003 4
      vertex -70.2607 -1.42738 0
      vertex -70.2607 -1.42738 4
    endloop
  endfacet
  facet normal -0.903998 0.427536 0
    outer loop
      vertex -70.0157 -1.06064 0
      vertex -69.9213 -0.861037 4
      vertex -69.9213 -0.861037 0
    endloop
  endfacet
  facet normal -0.903998 0.427536 0
    outer loop
      vertex -69.9213 -0.861037 4
      vertex -70.0157 -1.06064 0
      vertex -70.0157 -1.06064 4
    endloop
  endfacet
  facet normal -0.857761 -0.514049 0
    outer loop
      vertex -70.0157 1.06064 0
      vertex -70.1292 1.25003 4
      vertex -70.1292 1.25003 0
    endloop
  endfacet
  facet normal -0.857761 -0.514049 0
    outer loop
      vertex -70.1292 1.25003 4
      vertex -70.0157 1.06064 0
      vertex -70.0157 1.06064 4
    endloop
  endfacet
  facet normal 0.941525 -0.336943 0
    outer loop
      vertex -74.1531 0.65314 4
      vertex -74.0787 0.861037 0
      vertex -74.0787 0.861037 4
    endloop
  endfacet
  facet normal 0.941525 -0.336943 0
    outer loop
      vertex -74.0787 0.861037 0
      vertex -74.1531 0.65314 4
      vertex -74.1531 0.65314 0
    endloop
  endfacet
  facet normal 0.427578 -0.903978 0
    outer loop
      vertex -73.0606 1.98432 0
      vertex -72.861 2.07873 4
      vertex -73.0606 1.98432 4
    endloop
  endfacet
  facet normal 0.427578 -0.903978 0
    outer loop
      vertex -72.861 2.07873 4
      vertex -73.0606 1.98432 0
      vertex -72.861 2.07873 0
    endloop
  endfacet
  facet normal -0.427578 -0.903978 0
    outer loop
      vertex -71.139 2.07873 0
      vertex -70.9394 1.98432 4
      vertex -71.139 2.07873 4
    endloop
  endfacet
  facet normal -0.427578 -0.903978 -0
    outer loop
      vertex -70.9394 1.98432 4
      vertex -71.139 2.07873 0
      vertex -70.9394 1.98432 0
    endloop
  endfacet
  facet normal 0.969979 -0.243188 0
    outer loop
      vertex -74.2068 0.438952 4
      vertex -74.1531 0.65314 0
      vertex -74.1531 0.65314 4
    endloop
  endfacet
  facet normal 0.969979 -0.243188 0
    outer loop
      vertex -74.1531 0.65314 0
      vertex -74.2068 0.438952 4
      vertex -74.2068 0.438952 0
    endloop
  endfacet
  facet normal -0.989176 0.146736 0
    outer loop
      vertex -69.7932 -0.438952 0
      vertex -69.7608 -0.220538 4
      vertex -69.7608 -0.220538 0
    endloop
  endfacet
  facet normal -0.989176 0.146736 0
    outer loop
      vertex -69.7608 -0.220538 4
      vertex -69.7932 -0.438952 0
      vertex -69.7932 -0.438952 4
    endloop
  endfacet
  facet normal -0.146746 -0.989174 0
    outer loop
      vertex -71.7795 2.23917 0
      vertex -71.5611 2.20677 4
      vertex -71.7795 2.23917 4
    endloop
  endfacet
  facet normal -0.146746 -0.989174 -0
    outer loop
      vertex -71.5611 2.20677 4
      vertex -71.7795 2.23917 0
      vertex -71.5611 2.20677 0
    endloop
  endfacet
  facet normal -0.0490565 -0.998796 0
    outer loop
      vertex -72 2.25 0
      vertex -71.7795 2.23917 4
      vertex -72 2.25 4
    endloop
  endfacet
  facet normal -0.0490565 -0.998796 -0
    outer loop
      vertex -71.7795 2.23917 4
      vertex -72 2.25 0
      vertex -71.7795 2.23917 0
    endloop
  endfacet
  facet normal 0.740923 0.67159 0
    outer loop
      vertex -73.591 -1.59099 4
      vertex -73.7393 -1.42738 0
      vertex -73.7393 -1.42738 4
    endloop
  endfacet
  facet normal 0.740923 0.67159 0
    outer loop
      vertex -73.7393 -1.42738 0
      vertex -73.591 -1.59099 4
      vertex -73.591 -1.59099 0
    endloop
  endfacet
  facet normal 0.857761 0.514049 0
    outer loop
      vertex -73.8708 -1.25003 4
      vertex -73.9843 -1.06064 0
      vertex -73.9843 -1.06064 4
    endloop
  endfacet
  facet normal 0.857761 0.514049 0
    outer loop
      vertex -73.9843 -1.06064 0
      vertex -73.8708 -1.25003 4
      vertex -73.8708 -1.25003 0
    endloop
  endfacet
  facet normal 0.336899 -0.941541 0
    outer loop
      vertex -72.861 2.07873 0
      vertex -72.6531 2.15312 4
      vertex -72.861 2.07873 4
    endloop
  endfacet
  facet normal 0.336899 -0.941541 0
    outer loop
      vertex -72.6531 2.15312 4
      vertex -72.861 2.07873 0
      vertex -72.6531 2.15312 0
    endloop
  endfacet
  facet normal 0.514063 0.857753 -0
    outer loop
      vertex -73.0606 -1.98432 0
      vertex -73.25 -1.87081 4
      vertex -73.0606 -1.98432 4
    endloop
  endfacet
  facet normal 0.514063 0.857753 0
    outer loop
      vertex -73.25 -1.87081 4
      vertex -73.0606 -1.98432 0
      vertex -73.25 -1.87081 0
    endloop
  endfacet
  facet normal -0.595615 0.80327 0
    outer loop
      vertex -70.5726 -1.73927 0
      vertex -70.75 -1.87081 4
      vertex -70.5726 -1.73927 4
    endloop
  endfacet
  facet normal -0.595615 0.80327 0
    outer loop
      vertex -70.75 -1.87081 4
      vertex -70.5726 -1.73927 0
      vertex -70.75 -1.87081 0
    endloop
  endfacet
  facet normal 0.336899 0.941541 -0
    outer loop
      vertex -72.6531 -2.15312 0
      vertex -72.861 -2.07873 4
      vertex -72.6531 -2.15312 4
    endloop
  endfacet
  facet normal 0.336899 0.941541 0
    outer loop
      vertex -72.861 -2.07873 4
      vertex -72.6531 -2.15312 0
      vertex -72.861 -2.07873 0
    endloop
  endfacet
  facet normal 0.803276 0.595607 0
    outer loop
      vertex -73.7393 -1.42738 4
      vertex -73.8708 -1.25003 0
      vertex -73.8708 -1.25003 4
    endloop
  endfacet
  facet normal 0.803276 0.595607 0
    outer loop
      vertex -73.8708 -1.25003 0
      vertex -73.7393 -1.42738 4
      vertex -73.7393 -1.42738 0
    endloop
  endfacet
  facet normal 0.903998 -0.427536 0
    outer loop
      vertex -74.0787 0.861037 4
      vertex -73.9843 1.06064 0
      vertex -73.9843 1.06064 4
    endloop
  endfacet
  facet normal 0.903998 -0.427536 0
    outer loop
      vertex -73.9843 1.06064 0
      vertex -74.0787 0.861037 4
      vertex -74.0787 0.861037 0
    endloop
  endfacet
  facet normal 0.989176 0.146736 0
    outer loop
      vertex -74.2068 -0.438952 4
      vertex -74.2392 -0.220538 0
      vertex -74.2392 -0.220538 4
    endloop
  endfacet
  facet normal 0.989176 0.146736 0
    outer loop
      vertex -74.2392 -0.220538 0
      vertex -74.2068 -0.438952 4
      vertex -74.2068 -0.438952 0
    endloop
  endfacet
  facet normal -0.242962 -0.970036 0
    outer loop
      vertex -71.5611 2.20677 0
      vertex -71.3469 2.15312 4
      vertex -71.5611 2.20677 4
    endloop
  endfacet
  facet normal -0.242962 -0.970036 -0
    outer loop
      vertex -71.3469 2.15312 4
      vertex -71.5611 2.20677 0
      vertex -71.3469 2.15312 0
    endloop
  endfacet
  facet normal -0.514063 0.857753 0
    outer loop
      vertex -70.75 -1.87081 0
      vertex -70.9394 -1.98432 4
      vertex -70.75 -1.87081 4
    endloop
  endfacet
  facet normal -0.514063 0.857753 0
    outer loop
      vertex -70.9394 -1.98432 4
      vertex -70.75 -1.87081 0
      vertex -70.9394 -1.98432 0
    endloop
  endfacet
  facet normal 0.671563 0.740948 -0
    outer loop
      vertex -73.4274 -1.73927 0
      vertex -73.591 -1.59099 4
      vertex -73.4274 -1.73927 4
    endloop
  endfacet
  facet normal 0.671563 0.740948 0
    outer loop
      vertex -73.591 -1.59099 4
      vertex -73.4274 -1.73927 0
      vertex -73.591 -1.59099 0
    endloop
  endfacet
  facet normal 0.0490565 0.998796 -0
    outer loop
      vertex -72 -2.25 0
      vertex -72.2205 -2.23917 4
      vertex -72 -2.25 4
    endloop
  endfacet
  facet normal 0.0490565 0.998796 0
    outer loop
      vertex -72.2205 -2.23917 4
      vertex -72 -2.25 0
      vertex -72.2205 -2.23917 0
    endloop
  endfacet
  facet normal 0.998803 -0.0489125 0
    outer loop
      vertex -74.25 0 4
      vertex -74.2392 0.220538 0
      vertex -74.2392 0.220538 4
    endloop
  endfacet
  facet normal 0.998803 -0.0489125 0
    outer loop
      vertex -74.2392 0.220538 0
      vertex -74.25 0 4
      vertex -74.25 0 0
    endloop
  endfacet
  facet normal -0.671563 0.740948 0
    outer loop
      vertex -70.409 -1.59099 0
      vertex -70.5726 -1.73927 4
      vertex -70.409 -1.59099 4
    endloop
  endfacet
  facet normal -0.671563 0.740948 0
    outer loop
      vertex -70.5726 -1.73927 4
      vertex -70.409 -1.59099 0
      vertex -70.5726 -1.73927 0
    endloop
  endfacet
  facet normal -0.989176 -0.146736 0
    outer loop
      vertex 74.2392 0.220538 0
      vertex 74.2068 0.438952 4
      vertex 74.2068 0.438952 0
    endloop
  endfacet
  facet normal -0.989176 -0.146736 0
    outer loop
      vertex 74.2068 0.438952 4
      vertex 74.2392 0.220538 0
      vertex 74.2392 0.220538 4
    endloop
  endfacet
  facet normal -0.998803 -0.0489125 0
    outer loop
      vertex 74.25 0 0
      vertex 74.2392 0.220538 4
      vertex 74.2392 0.220538 0
    endloop
  endfacet
  facet normal -0.998803 -0.0489125 0
    outer loop
      vertex 74.2392 0.220538 4
      vertex 74.25 0 0
      vertex 74.25 0 4
    endloop
  endfacet
  facet normal -0.969979 -0.243188 0
    outer loop
      vertex 74.2068 0.438952 0
      vertex 74.1531 0.65314 4
      vertex 74.1531 0.65314 0
    endloop
  endfacet
  facet normal -0.969979 -0.243188 0
    outer loop
      vertex 74.1531 0.65314 4
      vertex 74.2068 0.438952 0
      vertex 74.2068 0.438952 4
    endloop
  endfacet
  facet normal 0.242962 -0.970036 0
    outer loop
      vertex 71.3469 2.15312 0
      vertex 71.5611 2.20677 4
      vertex 71.3469 2.15312 4
    endloop
  endfacet
  facet normal 0.242962 -0.970036 0
    outer loop
      vertex 71.5611 2.20677 4
      vertex 71.3469 2.15312 0
      vertex 71.5611 2.20677 0
    endloop
  endfacet
  facet normal 0.146746 -0.989174 0
    outer loop
      vertex 71.5611 2.20677 0
      vertex 71.7795 2.23917 4
      vertex 71.5611 2.20677 4
    endloop
  endfacet
  facet normal 0.146746 -0.989174 0
    outer loop
      vertex 71.7795 2.23917 4
      vertex 71.5611 2.20677 0
      vertex 71.7795 2.23917 0
    endloop
  endfacet
  facet normal -0.336899 -0.941541 0
    outer loop
      vertex 72.6531 2.15312 0
      vertex 72.861 2.07873 4
      vertex 72.6531 2.15312 4
    endloop
  endfacet
  facet normal -0.336899 -0.941541 -0
    outer loop
      vertex 72.861 2.07873 4
      vertex 72.6531 2.15312 0
      vertex 72.861 2.07873 0
    endloop
  endfacet
  facet normal -0.146746 0.989174 0
    outer loop
      vertex 72.4389 -2.20677 0
      vertex 72.2205 -2.23917 4
      vertex 72.4389 -2.20677 4
    endloop
  endfacet
  facet normal -0.146746 0.989174 0
    outer loop
      vertex 72.2205 -2.23917 4
      vertex 72.4389 -2.20677 0
      vertex 72.2205 -2.23917 0
    endloop
  endfacet
  facet normal -0.514063 -0.857753 0
    outer loop
      vertex 73.0606 1.98432 0
      vertex 73.25 1.87081 4
      vertex 73.0606 1.98432 4
    endloop
  endfacet
  facet normal -0.514063 -0.857753 -0
    outer loop
      vertex 73.25 1.87081 4
      vertex 73.0606 1.98432 0
      vertex 73.25 1.87081 0
    endloop
  endfacet
  facet normal -0.998803 0.0489125 0
    outer loop
      vertex 74.2392 -0.220538 0
      vertex 74.25 0 4
      vertex 74.25 0 0
    endloop
  endfacet
  facet normal -0.998803 0.0489125 0
    outer loop
      vertex 74.25 0 4
      vertex 74.2392 -0.220538 0
      vertex 74.2392 -0.220538 4
    endloop
  endfacet
  facet normal -0.242962 0.970036 0
    outer loop
      vertex 72.6531 -2.15312 0
      vertex 72.4389 -2.20677 4
      vertex 72.6531 -2.15312 4
    endloop
  endfacet
  facet normal -0.242962 0.970036 0
    outer loop
      vertex 72.4389 -2.20677 4
      vertex 72.6531 -2.15312 0
      vertex 72.4389 -2.20677 0
    endloop
  endfacet
  facet normal 0.969979 0.243188 0
    outer loop
      vertex 69.8469 -0.65314 4
      vertex 69.7932 -0.438952 0
      vertex 69.7932 -0.438952 4
    endloop
  endfacet
  facet normal 0.969979 0.243188 0
    outer loop
      vertex 69.7932 -0.438952 0
      vertex 69.8469 -0.65314 4
      vertex 69.8469 -0.65314 0
    endloop
  endfacet
  facet normal -0.803276 0.595607 0
    outer loop
      vertex 73.7393 -1.42738 0
      vertex 73.8708 -1.25003 4
      vertex 73.8708 -1.25003 0
    endloop
  endfacet
  facet normal -0.803276 0.595607 0
    outer loop
      vertex 73.8708 -1.25003 4
      vertex 73.7393 -1.42738 0
      vertex 73.7393 -1.42738 4
    endloop
  endfacet
  facet normal 0.740923 0.67159 0
    outer loop
      vertex 70.409 -1.59099 4
      vertex 70.2607 -1.42738 0
      vertex 70.2607 -1.42738 4
    endloop
  endfacet
  facet normal 0.740923 0.67159 0
    outer loop
      vertex 70.2607 -1.42738 0
      vertex 70.409 -1.59099 4
      vertex 70.409 -1.59099 0
    endloop
  endfacet
  facet normal 0.146746 0.989174 -0
    outer loop
      vertex 71.7795 -2.23917 0
      vertex 71.5611 -2.20677 4
      vertex 71.7795 -2.23917 4
    endloop
  endfacet
  facet normal 0.146746 0.989174 0
    outer loop
      vertex 71.5611 -2.20677 4
      vertex 71.7795 -2.23917 0
      vertex 71.5611 -2.20677 0
    endloop
  endfacet
  facet normal 0.989176 0.146736 0
    outer loop
      vertex 69.7932 -0.438952 4
      vertex 69.7608 -0.220538 0
      vertex 69.7608 -0.220538 4
    endloop
  endfacet
  facet normal 0.989176 0.146736 0
    outer loop
      vertex 69.7608 -0.220538 0
      vertex 69.7932 -0.438952 4
      vertex 69.7932 -0.438952 0
    endloop
  endfacet
  facet normal 0.242962 0.970036 -0
    outer loop
      vertex 71.5611 -2.20677 0
      vertex 71.3469 -2.15312 4
      vertex 71.5611 -2.20677 4
    endloop
  endfacet
  facet normal 0.242962 0.970036 0
    outer loop
      vertex 71.3469 -2.15312 4
      vertex 71.5611 -2.20677 0
      vertex 71.3469 -2.15312 0
    endloop
  endfacet
  facet normal 0.671563 -0.740948 0
    outer loop
      vertex 70.409 1.59099 0
      vertex 70.5726 1.73927 4
      vertex 70.409 1.59099 4
    endloop
  endfacet
  facet normal 0.671563 -0.740948 0
    outer loop
      vertex 70.5726 1.73927 4
      vertex 70.409 1.59099 0
      vertex 70.5726 1.73927 0
    endloop
  endfacet
  facet normal 0.427578 0.903978 -0
    outer loop
      vertex 71.139 -2.07873 0
      vertex 70.9394 -1.98432 4
      vertex 71.139 -2.07873 4
    endloop
  endfacet
  facet normal 0.427578 0.903978 0
    outer loop
      vertex 70.9394 -1.98432 4
      vertex 71.139 -2.07873 0
      vertex 70.9394 -1.98432 0
    endloop
  endfacet
  facet normal -0.514063 0.857753 0
    outer loop
      vertex 73.25 -1.87081 0
      vertex 73.0606 -1.98432 4
      vertex 73.25 -1.87081 4
    endloop
  endfacet
  facet normal -0.514063 0.857753 0
    outer loop
      vertex 73.0606 -1.98432 4
      vertex 73.25 -1.87081 0
      vertex 73.0606 -1.98432 0
    endloop
  endfacet
  facet normal 0.514063 0.857753 -0
    outer loop
      vertex 70.9394 -1.98432 0
      vertex 70.75 -1.87081 4
      vertex 70.9394 -1.98432 4
    endloop
  endfacet
  facet normal 0.514063 0.857753 0
    outer loop
      vertex 70.75 -1.87081 4
      vertex 70.9394 -1.98432 0
      vertex 70.75 -1.87081 0
    endloop
  endfacet
  facet normal -0.740923 -0.67159 0
    outer loop
      vertex 73.7393 1.42738 0
      vertex 73.591 1.59099 4
      vertex 73.591 1.59099 0
    endloop
  endfacet
  facet normal -0.740923 -0.67159 0
    outer loop
      vertex 73.591 1.59099 4
      vertex 73.7393 1.42738 0
      vertex 73.7393 1.42738 4
    endloop
  endfacet
  facet normal 0.595615 -0.80327 0
    outer loop
      vertex 70.5726 1.73927 0
      vertex 70.75 1.87081 4
      vertex 70.5726 1.73927 4
    endloop
  endfacet
  facet normal 0.595615 -0.80327 0
    outer loop
      vertex 70.75 1.87081 4
      vertex 70.5726 1.73927 0
      vertex 70.75 1.87081 0
    endloop
  endfacet
  facet normal 0.903998 -0.427536 0
    outer loop
      vertex 69.9213 0.861037 4
      vertex 70.0157 1.06064 0
      vertex 70.0157 1.06064 4
    endloop
  endfacet
  facet normal 0.903998 -0.427536 0
    outer loop
      vertex 70.0157 1.06064 0
      vertex 69.9213 0.861037 4
      vertex 69.9213 0.861037 0
    endloop
  endfacet
  facet normal -0.427578 0.903978 0
    outer loop
      vertex 73.0606 -1.98432 0
      vertex 72.861 -2.07873 4
      vertex 73.0606 -1.98432 4
    endloop
  endfacet
  facet normal -0.427578 0.903978 0
    outer loop
      vertex 72.861 -2.07873 4
      vertex 73.0606 -1.98432 0
      vertex 72.861 -2.07873 0
    endloop
  endfacet
  facet normal 0.336899 -0.941541 0
    outer loop
      vertex 71.139 2.07873 0
      vertex 71.3469 2.15312 4
      vertex 71.139 2.07873 4
    endloop
  endfacet
  facet normal 0.336899 -0.941541 0
    outer loop
      vertex 71.3469 2.15312 4
      vertex 71.139 2.07873 0
      vertex 71.3469 2.15312 0
    endloop
  endfacet
  facet normal -0.427578 -0.903978 0
    outer loop
      vertex 72.861 2.07873 0
      vertex 73.0606 1.98432 4
      vertex 72.861 2.07873 4
    endloop
  endfacet
  facet normal -0.427578 -0.903978 -0
    outer loop
      vertex 73.0606 1.98432 4
      vertex 72.861 2.07873 0
      vertex 73.0606 1.98432 0
    endloop
  endfacet
  facet normal -0.146746 -0.989174 0
    outer loop
      vertex 72.2205 2.23917 0
      vertex 72.4389 2.20677 4
      vertex 72.2205 2.23917 4
    endloop
  endfacet
  facet normal -0.146746 -0.989174 -0
    outer loop
      vertex 72.4389 2.20677 4
      vertex 72.2205 2.23917 0
      vertex 72.4389 2.20677 0
    endloop
  endfacet
  facet normal -0.803276 -0.595607 0
    outer loop
      vertex 73.8708 1.25003 0
      vertex 73.7393 1.42738 4
      vertex 73.7393 1.42738 0
    endloop
  endfacet
  facet normal -0.803276 -0.595607 0
    outer loop
      vertex 73.7393 1.42738 4
      vertex 73.8708 1.25003 0
      vertex 73.8708 1.25003 4
    endloop
  endfacet
  facet normal 0.0490565 -0.998796 0
    outer loop
      vertex 71.7795 2.23917 0
      vertex 72 2.25 4
      vertex 71.7795 2.23917 4
    endloop
  endfacet
  facet normal 0.0490565 -0.998796 0
    outer loop
      vertex 72 2.25 4
      vertex 71.7795 2.23917 0
      vertex 72 2.25 0
    endloop
  endfacet
  facet normal -0.336899 0.941541 0
    outer loop
      vertex 72.861 -2.07873 0
      vertex 72.6531 -2.15312 4
      vertex 72.861 -2.07873 4
    endloop
  endfacet
  facet normal -0.336899 0.941541 0
    outer loop
      vertex 72.6531 -2.15312 4
      vertex 72.861 -2.07873 0
      vertex 72.6531 -2.15312 0
    endloop
  endfacet
  facet normal 0.0490565 0.998796 -0
    outer loop
      vertex 72 -2.25 0
      vertex 71.7795 -2.23917 4
      vertex 72 -2.25 4
    endloop
  endfacet
  facet normal 0.0490565 0.998796 0
    outer loop
      vertex 71.7795 -2.23917 4
      vertex 72 -2.25 0
      vertex 71.7795 -2.23917 0
    endloop
  endfacet
  facet normal -0.969979 0.243188 0
    outer loop
      vertex 74.1531 -0.65314 0
      vertex 74.2068 -0.438952 4
      vertex 74.2068 -0.438952 0
    endloop
  endfacet
  facet normal -0.969979 0.243188 0
    outer loop
      vertex 74.2068 -0.438952 4
      vertex 74.1531 -0.65314 0
      vertex 74.1531 -0.65314 4
    endloop
  endfacet
  facet normal -0.903998 0.427536 0
    outer loop
      vertex 73.9843 -1.06064 0
      vertex 74.0787 -0.861037 4
      vertex 74.0787 -0.861037 0
    endloop
  endfacet
  facet normal -0.903998 0.427536 0
    outer loop
      vertex 74.0787 -0.861037 4
      vertex 73.9843 -1.06064 0
      vertex 73.9843 -1.06064 4
    endloop
  endfacet
  facet normal 0.336899 0.941541 -0
    outer loop
      vertex 71.3469 -2.15312 0
      vertex 71.139 -2.07873 4
      vertex 71.3469 -2.15312 4
    endloop
  endfacet
  facet normal 0.336899 0.941541 0
    outer loop
      vertex 71.139 -2.07873 4
      vertex 71.3469 -2.15312 0
      vertex 71.139 -2.07873 0
    endloop
  endfacet
  facet normal -0.941525 -0.336943 0
    outer loop
      vertex 74.1531 0.65314 0
      vertex 74.0787 0.861037 4
      vertex 74.0787 0.861037 0
    endloop
  endfacet
  facet normal -0.941525 -0.336943 0
    outer loop
      vertex 74.0787 0.861037 4
      vertex 74.1531 0.65314 0
      vertex 74.1531 0.65314 4
    endloop
  endfacet
  facet normal 0.427578 -0.903978 0
    outer loop
      vertex 70.9394 1.98432 0
      vertex 71.139 2.07873 4
      vertex 70.9394 1.98432 4
    endloop
  endfacet
  facet normal 0.427578 -0.903978 0
    outer loop
      vertex 71.139 2.07873 4
      vertex 70.9394 1.98432 0
      vertex 71.139 2.07873 0
    endloop
  endfacet
  facet normal -0.595615 -0.80327 0
    outer loop
      vertex 73.25 1.87081 0
      vertex 73.4274 1.73927 4
      vertex 73.25 1.87081 4
    endloop
  endfacet
  facet normal -0.595615 -0.80327 -0
    outer loop
      vertex 73.4274 1.73927 4
      vertex 73.25 1.87081 0
      vertex 73.4274 1.73927 0
    endloop
  endfacet
  facet normal -0.903998 -0.427536 0
    outer loop
      vertex 74.0787 0.861037 0
      vertex 73.9843 1.06064 4
      vertex 73.9843 1.06064 0
    endloop
  endfacet
  facet normal -0.903998 -0.427536 0
    outer loop
      vertex 73.9843 1.06064 4
      vertex 74.0787 0.861037 0
      vertex 74.0787 0.861037 4
    endloop
  endfacet
  facet normal -0.671563 -0.740948 0
    outer loop
      vertex 73.4274 1.73927 0
      vertex 73.591 1.59099 4
      vertex 73.4274 1.73927 4
    endloop
  endfacet
  facet normal -0.671563 -0.740948 -0
    outer loop
      vertex 73.591 1.59099 4
      vertex 73.4274 1.73927 0
      vertex 73.591 1.59099 0
    endloop
  endfacet
  facet normal -0.989176 0.146736 0
    outer loop
      vertex 74.2068 -0.438952 0
      vertex 74.2392 -0.220538 4
      vertex 74.2392 -0.220538 0
    endloop
  endfacet
  facet normal -0.989176 0.146736 0
    outer loop
      vertex 74.2392 -0.220538 4
      vertex 74.2068 -0.438952 0
      vertex 74.2068 -0.438952 4
    endloop
  endfacet
  facet normal 0.857761 -0.514049 0
    outer loop
      vertex 70.0157 1.06064 4
      vertex 70.1292 1.25003 0
      vertex 70.1292 1.25003 4
    endloop
  endfacet
  facet normal 0.857761 -0.514049 0
    outer loop
      vertex 70.1292 1.25003 0
      vertex 70.0157 1.06064 4
      vertex 70.0157 1.06064 0
    endloop
  endfacet
  facet normal -0.857761 -0.514049 0
    outer loop
      vertex 73.9843 1.06064 0
      vertex 73.8708 1.25003 4
      vertex 73.8708 1.25003 0
    endloop
  endfacet
  facet normal -0.857761 -0.514049 0
    outer loop
      vertex 73.8708 1.25003 4
      vertex 73.9843 1.06064 0
      vertex 73.9843 1.06064 4
    endloop
  endfacet
  facet normal -0.0490565 -0.998796 0
    outer loop
      vertex 72 2.25 0
      vertex 72.2205 2.23917 4
      vertex 72 2.25 4
    endloop
  endfacet
  facet normal -0.0490565 -0.998796 -0
    outer loop
      vertex 72.2205 2.23917 4
      vertex 72 2.25 0
      vertex 72.2205 2.23917 0
    endloop
  endfacet
  facet normal 0.989176 -0.146736 0
    outer loop
      vertex 69.7608 0.220538 4
      vertex 69.7932 0.438952 0
      vertex 69.7932 0.438952 4
    endloop
  endfacet
  facet normal 0.989176 -0.146736 0
    outer loop
      vertex 69.7932 0.438952 0
      vertex 69.7608 0.220538 4
      vertex 69.7608 0.220538 0
    endloop
  endfacet
  facet normal -0.0490565 0.998796 0
    outer loop
      vertex 72.2205 -2.23917 0
      vertex 72 -2.25 4
      vertex 72.2205 -2.23917 4
    endloop
  endfacet
  facet normal -0.0490565 0.998796 0
    outer loop
      vertex 72 -2.25 4
      vertex 72.2205 -2.23917 0
      vertex 72 -2.25 0
    endloop
  endfacet
  facet normal 0.857761 0.514049 0
    outer loop
      vertex 70.1292 -1.25003 4
      vertex 70.0157 -1.06064 0
      vertex 70.0157 -1.06064 4
    endloop
  endfacet
  facet normal 0.857761 0.514049 0
    outer loop
      vertex 70.0157 -1.06064 0
      vertex 70.1292 -1.25003 4
      vertex 70.1292 -1.25003 0
    endloop
  endfacet
  facet normal 0.740923 -0.67159 0
    outer loop
      vertex 70.2607 1.42738 4
      vertex 70.409 1.59099 0
      vertex 70.409 1.59099 4
    endloop
  endfacet
  facet normal 0.740923 -0.67159 0
    outer loop
      vertex 70.409 1.59099 0
      vertex 70.2607 1.42738 4
      vertex 70.2607 1.42738 0
    endloop
  endfacet
  facet normal 0.595615 0.80327 -0
    outer loop
      vertex 70.75 -1.87081 0
      vertex 70.5726 -1.73927 4
      vertex 70.75 -1.87081 4
    endloop
  endfacet
  facet normal 0.595615 0.80327 0
    outer loop
      vertex 70.5726 -1.73927 4
      vertex 70.75 -1.87081 0
      vertex 70.5726 -1.73927 0
    endloop
  endfacet
  facet normal -0.242962 -0.970036 0
    outer loop
      vertex 72.4389 2.20677 0
      vertex 72.6531 2.15312 4
      vertex 72.4389 2.20677 4
    endloop
  endfacet
  facet normal -0.242962 -0.970036 -0
    outer loop
      vertex 72.6531 2.15312 4
      vertex 72.4389 2.20677 0
      vertex 72.6531 2.15312 0
    endloop
  endfacet
  facet normal -0.740923 0.67159 0
    outer loop
      vertex 73.591 -1.59099 0
      vertex 73.7393 -1.42738 4
      vertex 73.7393 -1.42738 0
    endloop
  endfacet
  facet normal -0.740923 0.67159 0
    outer loop
      vertex 73.7393 -1.42738 4
      vertex 73.591 -1.59099 0
      vertex 73.591 -1.59099 4
    endloop
  endfacet
  facet normal -0.595615 0.80327 0
    outer loop
      vertex 73.4274 -1.73927 0
      vertex 73.25 -1.87081 4
      vertex 73.4274 -1.73927 4
    endloop
  endfacet
  facet normal -0.595615 0.80327 0
    outer loop
      vertex 73.25 -1.87081 4
      vertex 73.4274 -1.73927 0
      vertex 73.25 -1.87081 0
    endloop
  endfacet
  facet normal 0.941525 0.336943 0
    outer loop
      vertex 69.9213 -0.861037 4
      vertex 69.8469 -0.65314 0
      vertex 69.8469 -0.65314 4
    endloop
  endfacet
  facet normal 0.941525 0.336943 0
    outer loop
      vertex 69.8469 -0.65314 0
      vertex 69.9213 -0.861037 4
      vertex 69.9213 -0.861037 0
    endloop
  endfacet
  facet normal 0.903998 0.427536 0
    outer loop
      vertex 70.0157 -1.06064 4
      vertex 69.9213 -0.861037 0
      vertex 69.9213 -0.861037 4
    endloop
  endfacet
  facet normal 0.903998 0.427536 0
    outer loop
      vertex 69.9213 -0.861037 0
      vertex 70.0157 -1.06064 4
      vertex 70.0157 -1.06064 0
    endloop
  endfacet
  facet normal 0.514063 -0.857753 0
    outer loop
      vertex 70.75 1.87081 0
      vertex 70.9394 1.98432 4
      vertex 70.75 1.87081 4
    endloop
  endfacet
  facet normal 0.514063 -0.857753 0
    outer loop
      vertex 70.9394 1.98432 4
      vertex 70.75 1.87081 0
      vertex 70.9394 1.98432 0
    endloop
  endfacet
  facet normal 0.803276 -0.595607 0
    outer loop
      vertex 70.1292 1.25003 4
      vertex 70.2607 1.42738 0
      vertex 70.2607 1.42738 4
    endloop
  endfacet
  facet normal 0.803276 -0.595607 0
    outer loop
      vertex 70.2607 1.42738 0
      vertex 70.1292 1.25003 4
      vertex 70.1292 1.25003 0
    endloop
  endfacet
  facet normal 0.969979 -0.243188 0
    outer loop
      vertex 69.7932 0.438952 4
      vertex 69.8469 0.65314 0
      vertex 69.8469 0.65314 4
    endloop
  endfacet
  facet normal 0.969979 -0.243188 0
    outer loop
      vertex 69.8469 0.65314 0
      vertex 69.7932 0.438952 4
      vertex 69.7932 0.438952 0
    endloop
  endfacet
  facet normal -0.857761 0.514049 0
    outer loop
      vertex 73.8708 -1.25003 0
      vertex 73.9843 -1.06064 4
      vertex 73.9843 -1.06064 0
    endloop
  endfacet
  facet normal -0.857761 0.514049 0
    outer loop
      vertex 73.9843 -1.06064 4
      vertex 73.8708 -1.25003 0
      vertex 73.8708 -1.25003 4
    endloop
  endfacet
  facet normal -0.941525 0.336943 0
    outer loop
      vertex 74.0787 -0.861037 0
      vertex 74.1531 -0.65314 4
      vertex 74.1531 -0.65314 0
    endloop
  endfacet
  facet normal -0.941525 0.336943 0
    outer loop
      vertex 74.1531 -0.65314 4
      vertex 74.0787 -0.861037 0
      vertex 74.0787 -0.861037 4
    endloop
  endfacet
  facet normal -0.671563 0.740948 0
    outer loop
      vertex 73.591 -1.59099 0
      vertex 73.4274 -1.73927 4
      vertex 73.591 -1.59099 4
    endloop
  endfacet
  facet normal -0.671563 0.740948 0
    outer loop
      vertex 73.4274 -1.73927 4
      vertex 73.591 -1.59099 0
      vertex 73.4274 -1.73927 0
    endloop
  endfacet
  facet normal 0.671563 0.740948 -0
    outer loop
      vertex 70.5726 -1.73927 0
      vertex 70.409 -1.59099 4
      vertex 70.5726 -1.73927 4
    endloop
  endfacet
  facet normal 0.671563 0.740948 0
    outer loop
      vertex 70.409 -1.59099 4
      vertex 70.5726 -1.73927 0
      vertex 70.409 -1.59099 0
    endloop
  endfacet
  facet normal 0.998803 -0.0489125 0
    outer loop
      vertex 69.75 0 4
      vertex 69.7608 0.220538 0
      vertex 69.7608 0.220538 4
    endloop
  endfacet
  facet normal 0.998803 -0.0489125 0
    outer loop
      vertex 69.7608 0.220538 0
      vertex 69.75 0 4
      vertex 69.75 0 0
    endloop
  endfacet
  facet normal 0.998803 0.0489125 0
    outer loop
      vertex 69.7608 -0.220538 4
      vertex 69.75 0 0
      vertex 69.75 0 4
    endloop
  endfacet
  facet normal 0.998803 0.0489125 0
    outer loop
      vertex 69.75 0 0
      vertex 69.7608 -0.220538 4
      vertex 69.7608 -0.220538 0
    endloop
  endfacet
  facet normal 0.803276 0.595607 0
    outer loop
      vertex 70.2607 -1.42738 4
      vertex 70.1292 -1.25003 0
      vertex 70.1292 -1.25003 4
    endloop
  endfacet
  facet normal 0.803276 0.595607 0
    outer loop
      vertex 70.1292 -1.25003 0
      vertex 70.2607 -1.42738 4
      vertex 70.2607 -1.42738 0
    endloop
  endfacet
  facet normal 0.941525 -0.336943 0
    outer loop
      vertex 69.8469 0.65314 4
      vertex 69.9213 0.861037 0
      vertex 69.9213 0.861037 4
    endloop
  endfacet
  facet normal 0.941525 -0.336943 0
    outer loop
      vertex 69.9213 0.861037 0
      vertex 69.8469 0.65314 4
      vertex 69.8469 0.65314 0
    endloop
  endfacet
  facet normal -1 0 0
    outer loop
      vertex 62 34 2.4
      vertex 62 30.5 32.4
      vertex 62 34 32.4
    endloop
  endfacet
  facet normal -1 0 0
    outer loop
      vertex 62 34 2.4
      vertex 62 -30.5 32.4
      vertex 62 30.5 32.4
    endloop
  endfacet
  facet normal -1 0 0
    outer loop
      vertex 62 -34 2.4
      vertex 62 -30.5 32.4
      vertex 62 34 2.4
    endloop
  endfacet
  facet normal -1 -0 0
    outer loop
      vertex 62 -30.5 32.4
      vertex 62 -34 2.4
      vertex 62 -34 32.4
    endloop
  endfacet
  facet normal -0 0 1
    outer loop
      vertex -32 28 2.4
      vertex 3.4 5.2 2.4
      vertex 3.4 28 2.4
    endloop
  endfacet
  facet normal 0 0 1
    outer loop
      vertex 3.4 5.2 2.4
      vertex -32 28 2.4
      vertex -32 5.2 2.4
    endloop
  endfacet
  facet normal -0 0 1
    outer loop
      vertex -48 -3.34 2.4
      vertex 52.48 -30 2.4
      vertex 52.48 -3.34 2.4
    endloop
  endfacet
  facet normal 0 0 1
    outer loop
      vertex 52.48 -30 2.4
      vertex -48 -3.34 2.4
      vertex -48 -30 2.4
    endloop
  endfacet
  facet normal 0 0 1
    outer loop
      vertex 62 34 2.4
      vertex 61.22 -2.54 2.4
      vertex 62 -34 2.4
    endloop
  endfacet
  facet normal 0 0 1
    outer loop
      vertex 62 34 2.4
      vertex 59.22 -2.54 2.4
      vertex 61.22 -2.54 2.4
    endloop
  endfacet
  facet normal 0 0 1
    outer loop
      vertex 52.48 -3.34 2.4
      vertex 59.22 -2.54 2.4
      vertex 52.48 -1.34 2.4
    endloop
  endfacet
  facet normal 0 0 1
    outer loop
      vertex 62 34 2.4
      vertex 52.48 -1.34 2.4
      vertex 59.22 -2.54 2.4
    endloop
  endfacet
  facet normal 0 0 1
    outer loop
      vertex 3.4 28 2.4
      vertex 62 34 2.4
      vertex 3.4 30 2.4
    endloop
  endfacet
  facet normal -0 0 1
    outer loop
      vertex -62 34 2.4
      vertex 3.4 30 2.4
      vertex 62 34 2.4
    endloop
  endfacet
  facet normal 0 0 1
    outer loop
      vertex -62 34 2.4
      vertex -32 28 2.4
      vertex -32 30 2.4
    endloop
  endfacet
  facet normal 0 0 1
    outer loop
      vertex -32 28 2.4
      vertex -48 -1.34 2.4
      vertex -32 5.2 2.4
    endloop
  endfacet
  facet normal 0 0 1
    outer loop
      vertex -32 5.2 2.4
      vertex -48 -1.34 2.4
      vertex -32 3.2 2.4
    endloop
  endfacet
  facet normal 0 0 1
    outer loop
      vertex -61 -0.347588 2.4
      vertex -48 -3.34 2.4
      vertex -48 -1.34 2.4
    endloop
  endfacet
  facet normal 0 0 1
    outer loop
      vertex -48 -3.34 2.4
      vertex -61 -0.347588 2.4
      vertex -48 -30 2.4
    endloop
  endfacet
  facet normal -0 0 1
    outer loop
      vertex -61 -0.347588 2.4
      vertex -48 -1.34 2.4
      vertex -61 0.347588 2.4
    endloop
  endfacet
  facet normal 0 0 1
    outer loop
      vertex -32 28 2.4
      vertex -62 34 2.4
      vertex -48 -1.34 2.4
    endloop
  endfacet
  facet normal 0 0 1
    outer loop
      vertex 3.4 30 2.4
      vertex -62 34 2.4
      vertex -32 30 2.4
    endloop
  endfacet
  facet normal 0 0 1
    outer loop
      vertex -48 -1.34 2.4
      vertex -62 34 2.4
      vertex -61 0.347588 2.4
    endloop
  endfacet
  facet normal 0 0 1
    outer loop
      vertex -61 0.347588 2.4
      vertex -62 34 2.4
      vertex -62 0.347588 2.4
    endloop
  endfacet
  facet normal -0 0 1
    outer loop
      vertex 61.22 -32 2.4
      vertex 62 -34 2.4
      vertex 61.22 -2.54 2.4
    endloop
  endfacet
  facet normal -0 0 1
    outer loop
      vertex 59.22 -32 2.4
      vertex 62 -34 2.4
      vertex 61.22 -32 2.4
    endloop
  endfacet
  facet normal 0 0 1
    outer loop
      vertex 52.48 -30 2.4
      vertex 59.22 -2.54 2.4
      vertex 52.48 -3.34 2.4
    endloop
  endfacet
  facet normal 0 0 1
    outer loop
      vertex 59.22 -2.54 2.4
      vertex 52.48 -30 2.4
      vertex 59.22 -32 2.4
    endloop
  endfacet
  facet normal 0 0 1
    outer loop
      vertex 52.48 -32 2.4
      vertex 59.22 -32 2.4
      vertex 52.48 -30 2.4
    endloop
  endfacet
  facet normal 0 0 1
    outer loop
      vertex 59.22 -32 2.4
      vertex 52.48 -32 2.4
      vertex 62 -34 2.4
    endloop
  endfacet
  facet normal -0 0 1
    outer loop
      vertex -48 -32 2.4
      vertex 62 -34 2.4
      vertex 52.48 -32 2.4
    endloop
  endfacet
  facet normal 0 0 1
    outer loop
      vertex -62 -34 2.4
      vertex -48 -30 2.4
      vertex -61 -0.347588 2.4
    endloop
  endfacet
  facet normal 0 0 1
    outer loop
      vertex -62 -34 2.4
      vertex -61 -0.347588 2.4
      vertex -62 -0.347588 2.4
    endloop
  endfacet
  facet normal 0 0 1
    outer loop
      vertex -48 -32 2.4
      vertex -62 -34 2.4
      vertex 62 -34 2.4
    endloop
  endfacet
  facet normal 0 0 1
    outer loop
      vertex -48 -30 2.4
      vertex -62 -34 2.4
      vertex -48 -32 2.4
    endloop
  endfacet
  facet normal 0 0 1
    outer loop
      vertex 62 34 2.4
      vertex 3.4 28 2.4
      vertex 52.48 -1.34 2.4
    endloop
  endfacet
  facet normal -0 0 1
    outer loop
      vertex 3.4 5.2 2.4
      vertex 52.48 -1.34 2.4
      vertex 3.4 28 2.4
    endloop
  endfacet
  facet normal -0 0 1
    outer loop
      vertex 3.4 3.2 2.4
      vertex 52.48 -1.34 2.4
      vertex 3.4 5.2 2.4
    endloop
  endfacet
  facet normal 0 0 1
    outer loop
      vertex -48 -1.34 2.4
      vertex 3.4 3.2 2.4
      vertex -32 3.2 2.4
    endloop
  endfacet
  facet normal 0 0 1
    outer loop
      vertex 3.4 3.2 2.4
      vertex -48 -1.34 2.4
      vertex 52.48 -1.34 2.4
    endloop
  endfacet
  facet normal 1 0 0
    outer loop
      vertex -62 34 2.4
      vertex -62 21.1204 16.0028
      vertex -62 21.15 15.4
    endloop
  endfacet
  facet normal 1 0 0
    outer loop
      vertex -62 34 32.4
      vertex -62 21.0318 16.5998
      vertex -62 21.1204 16.0028
    endloop
  endfacet
  facet normal 1 0 0
    outer loop
      vertex -62 34 32.4
      vertex -62 20.8852 17.1852
      vertex -62 21.0318 16.5998
    endloop
  endfacet
  facet normal 1 0 0
    outer loop
      vertex -62 30.5 32.4
      vertex -62 20.6819 17.7535
      vertex -62 20.8852 17.1852
    endloop
  endfacet
  facet normal 1 0 0
    outer loop
      vertex -62 30.5 32.4
      vertex -62 20.4238 18.2991
      vertex -62 20.6819 17.7535
    endloop
  endfacet
  facet normal 1 0 0
    outer loop
      vertex -62 30.5 32.4
      vertex -62 20.1135 18.8168
      vertex -62 20.4238 18.2991
    endloop
  endfacet
  facet normal 1 0 0
    outer loop
      vertex -62 30.5 32.4
      vertex -62 19.754 19.3015
      vertex -62 20.1135 18.8168
    endloop
  endfacet
  facet normal 1 0 0
    outer loop
      vertex -62 30.5 32.4
      vertex -62 19.3487 19.7487
      vertex -62 19.754 19.3015
    endloop
  endfacet
  facet normal 1 0 0
    outer loop
      vertex -62 30.5 32.4
      vertex -62 18.9015 20.154
      vertex -62 19.3487 19.7487
    endloop
  endfacet
  facet normal 1 0 0
    outer loop
      vertex -62 30.5 32.4
      vertex -62 18.4168 20.5135
      vertex -62 18.9015 20.154
    endloop
  endfacet
  facet normal 1 0 0
    outer loop
      vertex -62 30.5 32.4
      vertex -62 17.8991 20.8238
      vertex -62 18.4168 20.5135
    endloop
  endfacet
  facet normal 1 0 0
    outer loop
      vertex -62 30.5 32.4
      vertex -62 17.3535 21.0819
      vertex -62 17.8991 20.8238
    endloop
  endfacet
  facet normal 1 0 0
    outer loop
      vertex -62 30.5 32.4
      vertex -62 16.7853 21.2852
      vertex -62 17.3535 21.0819
    endloop
  endfacet
  facet normal 1 0 0
    outer loop
      vertex -62 30.5 32.4
      vertex -62 16.1998 21.4318
      vertex -62 16.7853 21.2852
    endloop
  endfacet
  facet normal 1 0 0
    outer loop
      vertex -62 30.5 32.4
      vertex -62 15.6028 21.5204
      vertex -62 16.1998 21.4318
    endloop
  endfacet
  facet normal 1 0 0
    outer loop
      vertex -62 30.5 32.4
      vertex -62 15 21.55
      vertex -62 15.6028 21.5204
    endloop
  endfacet
  facet normal 1 0 0
    outer loop
      vertex -62 30.5 32.4
      vertex -62 14.3972 21.5204
      vertex -62 15 21.55
    endloop
  endfacet
  facet normal 1 0 0
    outer loop
      vertex -62 30.5 32.4
      vertex -62 13.8002 21.4318
      vertex -62 14.3972 21.5204
    endloop
  endfacet
  facet normal 1 0 0
    outer loop
      vertex -62 30.5 32.4
      vertex -62 13.2147 21.2852
      vertex -62 13.8002 21.4318
    endloop
  endfacet
  facet normal 1 0 0
    outer loop
      vertex -62 -13.2147 21.2852
      vertex -62 13.2147 21.2852
      vertex -62 30.5 32.4
    endloop
  endfacet
  facet normal 1 0 0
    outer loop
      vertex -62 13.2147 21.2852
      vertex -62 -13.2147 21.2852
      vertex -62 12.6465 21.0819
    endloop
  endfacet
  facet normal 1 0 -0
    outer loop
      vertex -62 -12.6465 21.0819
      vertex -62 12.6465 21.0819
      vertex -62 -13.2147 21.2852
    endloop
  endfacet
  facet normal 1 0 0
    outer loop
      vertex -62 -8.85 15.4
      vertex -62 8.85 15.4
      vertex -62 8.87961 16.0028
    endloop
  endfacet
  facet normal 1 0 0
    outer loop
      vertex -62 -8.87961 16.0028
      vertex -62 8.87961 16.0028
      vertex -62 8.96817 16.5998
    endloop
  endfacet
  facet normal 1 0 0
    outer loop
      vertex -62 -8.96817 16.5998
      vertex -62 8.96817 16.5998
      vertex -62 9.11482 17.1852
    endloop
  endfacet
  facet normal 1 0 0
    outer loop
      vertex -62 -9.11482 17.1852
      vertex -62 9.11482 17.1852
      vertex -62 9.31814 17.7535
    endloop
  endfacet
  facet normal 1 0 0
    outer loop
      vertex -62 -9.31814 17.7535
      vertex -62 9.31814 17.7535
      vertex -62 9.57618 18.2991
    endloop
  endfacet
  facet normal 1 0 0
    outer loop
      vertex -62 8.85 15.4
      vertex -62 1.24398 3.72252
      vertex -62 1.25 3.6
    endloop
  endfacet
  facet normal 1 0 0
    outer loop
      vertex -62 8.85 15.4
      vertex -62 1.22598 3.84386
      vertex -62 1.24398 3.72252
    endloop
  endfacet
  facet normal 1 0 0
    outer loop
      vertex -62 8.85 15.4
      vertex -62 1.19617 3.96286
      vertex -62 1.22598 3.84386
    endloop
  endfacet
  facet normal 1 0 0
    outer loop
      vertex -62 8.85 15.4
      vertex -62 1.15485 4.07835
      vertex -62 1.19617 3.96286
    endloop
  endfacet
  facet normal 1 0 0
    outer loop
      vertex -62 8.85 15.4
      vertex -62 1.1024 4.18925
      vertex -62 1.15485 4.07835
    endloop
  endfacet
  facet normal 1 0 0
    outer loop
      vertex -62 -9.57618 18.2991
      vertex -62 9.57618 18.2991
      vertex -62 9.88646 18.8168
    endloop
  endfacet
  facet normal 1 0 0
    outer loop
      vertex -62 8.85 15.4
      vertex -62 1.03934 4.29446
      vertex -62 1.1024 4.18925
    endloop
  endfacet
  facet normal 1 0 0
    outer loop
      vertex -62 8.85 15.4
      vertex -62 0.966263 4.39299
      vertex -62 1.03934 4.29446
    endloop
  endfacet
  facet normal 1 0 0
    outer loop
      vertex -62 8.85 15.4
      vertex -62 0.883883 4.48388
      vertex -62 0.966263 4.39299
    endloop
  endfacet
  facet normal 1 0 0
    outer loop
      vertex -62 8.85 15.4
      vertex -62 0.792991 4.56626
      vertex -62 0.883883 4.48388
    endloop
  endfacet
  facet normal 1 0 0
    outer loop
      vertex -62 8.85 15.4
      vertex -62 0.694463 4.63934
      vertex -62 0.792991 4.56626
    endloop
  endfacet
  facet normal 1 0 0
    outer loop
      vertex -62 8.85 15.4
      vertex -62 0.589246 4.7024
      vertex -62 0.694463 4.63934
    endloop
  endfacet
  facet normal 1 0 0
    outer loop
      vertex -62 8.85 15.4
      vertex -62 0.478354 4.75485
      vertex -62 0.589246 4.7024
    endloop
  endfacet
  facet normal 1 0 0
    outer loop
      vertex -62 8.85 15.4
      vertex -62 0.362855 4.79618
      vertex -62 0.478354 4.75485
    endloop
  endfacet
  facet normal 1 0 0
    outer loop
      vertex -62 8.85 15.4
      vertex -62 0.243862 4.82598
      vertex -62 0.362855 4.79618
    endloop
  endfacet
  facet normal 1 0 0
    outer loop
      vertex -62 8.85 15.4
      vertex -62 0.122521 4.84398
      vertex -62 0.243862 4.82598
    endloop
  endfacet
  facet normal 1 0 0
    outer loop
      vertex -62 8.85 15.4
      vertex -62 -8.87961 14.7972
      vertex -62 0 4.85
    endloop
  endfacet
  facet normal 1 0 0
    outer loop
      vertex -62 8.85 15.4
      vertex -62 0 4.85
      vertex -62 0.122521 4.84398
    endloop
  endfacet
  facet normal 1 0 0
    outer loop
      vertex -62 0 4.85
      vertex -62 -8.87961 14.7972
      vertex -62 -0.122521 4.84398
    endloop
  endfacet
  facet normal 1 -0 0
    outer loop
      vertex -62 -8.96817 14.2002
      vertex -62 -0.122521 4.84398
      vertex -62 -8.87961 14.7972
    endloop
  endfacet
  facet normal 1 0 0
    outer loop
      vertex -62 -0.122521 4.84398
      vertex -62 -8.96817 14.2002
      vertex -62 -0.243862 4.82598
    endloop
  endfacet
  facet normal 1 -0 0
    outer loop
      vertex -62 -9.11482 13.6147
      vertex -62 -0.243862 4.82598
      vertex -62 -8.96817 14.2002
    endloop
  endfacet
  facet normal 1 0 0
    outer loop
      vertex -62 -9.88646 18.8168
      vertex -62 9.88646 18.8168
      vertex -62 10.246 19.3015
    endloop
  endfacet
  facet normal 1 0 0
    outer loop
      vertex -62 -0.243862 4.82598
      vertex -62 -9.11482 13.6147
      vertex -62 -0.362855 4.79618
    endloop
  endfacet
  facet normal 1 0 0
    outer loop
      vertex -62 -0.362855 4.79618
      vertex -62 -9.11482 13.6147
      vertex -62 -0.478354 4.75485
    endloop
  endfacet
  facet normal 1 -0 0
    outer loop
      vertex -62 -9.31814 13.0465
      vertex -62 -0.478354 4.75485
      vertex -62 -9.11482 13.6147
    endloop
  endfacet
  facet normal 1 0 0
    outer loop
      vertex -62 -0.478354 4.75485
      vertex -62 -9.31814 13.0465
      vertex -62 -0.589246 4.7024
    endloop
  endfacet
  facet normal 1 -0 0
    outer loop
      vertex -62 -10.246 11.4985
      vertex -62 -0.966263 4.39299
      vertex -62 -9.88646 11.9832
    endloop
  endfacet
  facet normal 1 0 0
    outer loop
      vertex -62 -0.883883 4.48388
      vertex -62 -9.88646 11.9832
      vertex -62 -0.966263 4.39299
    endloop
  endfacet
  facet normal 1 0 0
    outer loop
      vertex -62 -0.792991 4.56626
      vertex -62 -9.88646 11.9832
      vertex -62 -0.883883 4.48388
    endloop
  endfacet
  facet normal 1 -0 0
    outer loop
      vertex -62 -9.88646 11.9832
      vertex -62 -0.792991 4.56626
      vertex -62 -9.57618 12.5009
    endloop
  endfacet
  facet normal 1 0 0
    outer loop
      vertex -62 -0.694463 4.63934
      vertex -62 -9.57618 12.5009
      vertex -62 -0.792991 4.56626
    endloop
  endfacet
  facet normal 1 0 0
    outer loop
      vertex -62 -0.589246 4.7024
      vertex -62 -9.57618 12.5009
      vertex -62 -0.694463 4.63934
    endloop
  endfacet
  facet normal 1 -0 0
    outer loop
      vertex -62 -9.57618 12.5009
      vertex -62 -0.589246 4.7024
      vertex -62 -9.31814 13.0465
    endloop
  endfacet
  facet normal 1 0 0
    outer loop
      vertex -62 8.85 15.4
      vertex -62 -8.85 15.4
      vertex -62 -8.87961 14.7972
    endloop
  endfacet
  facet normal 1 0 0
    outer loop
      vertex -62 -10.246 19.3015
      vertex -62 10.246 19.3015
      vertex -62 10.6513 19.7487
    endloop
  endfacet
  facet normal 1 0 0
    outer loop
      vertex -62 -10.6513 19.7487
      vertex -62 10.6513 19.7487
      vertex -62 11.0985 20.154
    endloop
  endfacet
  facet normal 1 0 0
    outer loop
      vertex -62 -11.0985 20.154
      vertex -62 11.0985 20.154
      vertex -62 11.5832 20.5135
    endloop
  endfacet
  facet normal 1 0 -0
    outer loop
      vertex -62 -12.1009 20.8238
      vertex -62 12.1009 20.8238
      vertex -62 -12.6465 21.0819
    endloop
  endfacet
  facet normal 1 0 0
    outer loop
      vertex -62 8.87961 16.0028
      vertex -62 -8.87961 16.0028
      vertex -62 -8.85 15.4
    endloop
  endfacet
  facet normal 1 0 0
    outer loop
      vertex -62 8.96817 16.5998
      vertex -62 -8.96817 16.5998
      vertex -62 -8.87961 16.0028
    endloop
  endfacet
  facet normal 1 0 0
    outer loop
      vertex -62 9.11482 17.1852
      vertex -62 -9.11482 17.1852
      vertex -62 -8.96817 16.5998
    endloop
  endfacet
  facet normal 1 0 0
    outer loop
      vertex -62 9.31814 17.7535
      vertex -62 -9.31814 17.7535
      vertex -62 -9.11482 17.1852
    endloop
  endfacet
  facet normal 1 0 0
    outer loop
      vertex -62 9.57618 18.2991
      vertex -62 -9.57618 18.2991
      vertex -62 -9.31814 17.7535
    endloop
  endfacet
  facet normal 1 0 0
    outer loop
      vertex -62 9.88646 18.8168
      vertex -62 -9.88646 18.8168
      vertex -62 -9.57618 18.2991
    endloop
  endfacet
  facet normal 1 0 0
    outer loop
      vertex -62 10.246 19.3015
      vertex -62 -10.246 19.3015
      vertex -62 -9.88646 18.8168
    endloop
  endfacet
  facet normal 1 0 0
    outer loop
      vertex -62 10.6513 19.7487
      vertex -62 -10.6513 19.7487
      vertex -62 -10.246 19.3015
    endloop
  endfacet
  facet normal 1 0 0
    outer loop
      vertex -62 11.0985 20.154
      vertex -62 -11.0985 20.154
      vertex -62 -10.6513 19.7487
    endloop
  endfacet
  facet normal 1 0 0
    outer loop
      vertex -62 11.5832 20.5135
      vertex -62 -11.5832 20.5135
      vertex -62 -11.0985 20.154
    endloop
  endfacet
  facet normal 1 0 0
    outer loop
      vertex -62 11.5832 20.5135
      vertex -62 -12.1009 20.8238
      vertex -62 -11.5832 20.5135
    endloop
  endfacet
  facet normal 1 0 0
    outer loop
      vertex -62 12.1009 20.8238
      vertex -62 -12.1009 20.8238
      vertex -62 11.5832 20.5135
    endloop
  endfacet
  facet normal 1 0 0
    outer loop
      vertex -62 12.6465 21.0819
      vertex -62 -12.6465 21.0819
      vertex -62 12.1009 20.8238
    endloop
  endfacet
  facet normal 1 -0 0
    outer loop
      vertex -62 -30.5 32.4
      vertex -62 -13.2147 21.2852
      vertex -62 30.5 32.4
    endloop
  endfacet
  facet normal 1 0 0
    outer loop
      vertex -62 -13.2147 21.2852
      vertex -62 -30.5 32.4
      vertex -62 -13.8002 21.4318
    endloop
  endfacet
  facet normal 1 0 0
    outer loop
      vertex -62 -13.8002 21.4318
      vertex -62 -30.5 32.4
      vertex -62 -14.3972 21.5204
    endloop
  endfacet
  facet normal 1 0 0
    outer loop
      vertex -62 -14.3972 21.5204
      vertex -62 -30.5 32.4
      vertex -62 -15 21.55
    endloop
  endfacet
  facet normal 1 0 0
    outer loop
      vertex -62 -15 21.55
      vertex -62 -30.5 32.4
      vertex -62 -15.6028 21.5204
    endloop
  endfacet
  facet normal 1 0 0
    outer loop
      vertex -62 -21.0318 16.5998
      vertex -62 -34 32.4
      vertex -62 -21.1204 16.0028
    endloop
  endfacet
  facet normal 1 0 0
    outer loop
      vertex -62 -20.8852 17.1852
      vertex -62 -34 32.4
      vertex -62 -21.0318 16.5998
    endloop
  endfacet
  facet normal 1 -0 0
    outer loop
      vertex -62 -34 32.4
      vertex -62 -20.8852 17.1852
      vertex -62 -30.5 32.4
    endloop
  endfacet
  facet normal 1 0 0
    outer loop
      vertex -62 -20.6819 17.7535
      vertex -62 -30.5 32.4
      vertex -62 -20.8852 17.1852
    endloop
  endfacet
  facet normal 1 0 0
    outer loop
      vertex -62 -20.4238 18.2991
      vertex -62 -30.5 32.4
      vertex -62 -20.6819 17.7535
    endloop
  endfacet
  facet normal 1 0 0
    outer loop
      vertex -62 -20.1135 18.8168
      vertex -62 -30.5 32.4
      vertex -62 -20.4238 18.2991
    endloop
  endfacet
  facet normal 1 0 0
    outer loop
      vertex -62 -19.754 19.3015
      vertex -62 -30.5 32.4
      vertex -62 -20.1135 18.8168
    endloop
  endfacet
  facet normal 1 0 0
    outer loop
      vertex -62 -19.3487 19.7487
      vertex -62 -30.5 32.4
      vertex -62 -19.754 19.3015
    endloop
  endfacet
  facet normal 1 0 0
    outer loop
      vertex -62 -18.9015 20.154
      vertex -62 -30.5 32.4
      vertex -62 -19.3487 19.7487
    endloop
  endfacet
  facet normal 1 0 0
    outer loop
      vertex -62 -18.4168 20.5135
      vertex -62 -30.5 32.4
      vertex -62 -18.9015 20.154
    endloop
  endfacet
  facet normal 1 0 0
    outer loop
      vertex -62 -17.8991 20.8238
      vertex -62 -30.5 32.4
      vertex -62 -18.4168 20.5135
    endloop
  endfacet
  facet normal 1 0 0
    outer loop
      vertex -62 -17.3535 21.0819
      vertex -62 -30.5 32.4
      vertex -62 -17.8991 20.8238
    endloop
  endfacet
  facet normal 1 0 0
    outer loop
      vertex -62 -16.7853 21.2852
      vertex -62 -30.5 32.4
      vertex -62 -17.3535 21.0819
    endloop
  endfacet
  facet normal 1 0 0
    outer loop
      vertex -62 -16.1998 21.4318
      vertex -62 -30.5 32.4
      vertex -62 -16.7853 21.2852
    endloop
  endfacet
  facet normal 1 0 0
    outer loop
      vertex -62 -15.6028 21.5204
      vertex -62 -30.5 32.4
      vertex -62 -16.1998 21.4318
    endloop
  endfacet
  facet normal 1 0 0
    outer loop
      vertex -62 20.8852 17.1852
      vertex -62 34 32.4
      vertex -62 30.5 32.4
    endloop
  endfacet
  facet normal 1 -0 0
    outer loop
      vertex -62 21.1204 16.0028
      vertex -62 34 2.4
      vertex -62 34 32.4
    endloop
  endfacet
  facet normal 1 -0 0
    outer loop
      vertex -62 21.1204 14.7972
      vertex -62 34 2.4
      vertex -62 21.15 15.4
    endloop
  endfacet
  facet normal 1 -0 0
    outer loop
      vertex -62 21.0318 14.2002
      vertex -62 34 2.4
      vertex -62 21.1204 14.7972
    endloop
  endfacet
  facet normal 1 -0 0
    outer loop
      vertex -62 20.8852 13.6147
      vertex -62 34 2.4
      vertex -62 21.0318 14.2002
    endloop
  endfacet
  facet normal 1 -0 0
    outer loop
      vertex -62 20.6819 13.0465
      vertex -62 34 2.4
      vertex -62 20.8852 13.6147
    endloop
  endfacet
  facet normal 1 -0 0
    outer loop
      vertex -62 20.4238 12.5009
      vertex -62 34 2.4
      vertex -62 20.6819 13.0465
    endloop
  endfacet
  facet normal 1 -0 0
    outer loop
      vertex -62 20.1135 11.9832
      vertex -62 34 2.4
      vertex -62 20.4238 12.5009
    endloop
  endfacet
  facet normal 1 -0 0
    outer loop
      vertex -62 19.754 11.4985
      vertex -62 34 2.4
      vertex -62 20.1135 11.9832
    endloop
  endfacet
  facet normal 1 -0 0
    outer loop
      vertex -62 19.3487 11.0513
      vertex -62 34 2.4
      vertex -62 19.754 11.4985
    endloop
  endfacet
  facet normal 1 -0 0
    outer loop
      vertex -62 18.9015 10.646
      vertex -62 34 2.4
      vertex -62 19.3487 11.0513
    endloop
  endfacet
  facet normal 1 -0 0
    outer loop
      vertex -62 18.4168 10.2865
      vertex -62 34 2.4
      vertex -62 18.9015 10.646
    endloop
  endfacet
  facet normal 1 -0 0
    outer loop
      vertex -62 17.8991 9.97618
      vertex -62 34 2.4
      vertex -62 18.4168 10.2865
    endloop
  endfacet
  facet normal 1 -0 0
    outer loop
      vertex -62 17.3535 9.71814
      vertex -62 34 2.4
      vertex -62 17.8991 9.97618
    endloop
  endfacet
  facet normal 1 -0 0
    outer loop
      vertex -62 16.7853 9.51482
      vertex -62 34 2.4
      vertex -62 17.3535 9.71814
    endloop
  endfacet
  facet normal 1 -0 0
    outer loop
      vertex -62 16.1998 9.36817
      vertex -62 34 2.4
      vertex -62 16.7853 9.51482
    endloop
  endfacet
  facet normal 1 -0 0
    outer loop
      vertex -62 15.6028 9.27961
      vertex -62 34 2.4
      vertex -62 16.1998 9.36817
    endloop
  endfacet
  facet normal 1 0 0
    outer loop
      vertex -62 0.883883 2.71612
      vertex -62 15.6028 9.27961
      vertex -62 15 9.25
    endloop
  endfacet
  facet normal 1 0 0
    outer loop
      vertex -62 0.966263 2.80701
      vertex -62 15 9.25
      vertex -62 14.3972 9.27961
    endloop
  endfacet
  facet normal 1 0 0
    outer loop
      vertex -62 1.1024 3.01075
      vertex -62 14.3972 9.27961
      vertex -62 13.8002 9.36817
    endloop
  endfacet
  facet normal 1 0 0
    outer loop
      vertex -62 1.15485 3.12164
      vertex -62 13.8002 9.36817
      vertex -62 13.2147 9.51482
    endloop
  endfacet
  facet normal 1 0 0
    outer loop
      vertex -62 1.25 3.6
      vertex -62 8.87961 14.7972
      vertex -62 8.85 15.4
    endloop
  endfacet
  facet normal 1 0 0
    outer loop
      vertex -62 1.25 3.6
      vertex -62 8.96817 14.2002
      vertex -62 8.87961 14.7972
    endloop
  endfacet
  facet normal 1 0 0
    outer loop
      vertex -62 1.25 3.6
      vertex -62 9.11482 13.6147
      vertex -62 8.96817 14.2002
    endloop
  endfacet
  facet normal 1 0 0
    outer loop
      vertex -62 1.25 3.6
      vertex -62 9.31814 13.0465
      vertex -62 9.11482 13.6147
    endloop
  endfacet
  facet normal 1 0 0
    outer loop
      vertex -62 1.25 3.6
      vertex -62 9.57618 12.5009
      vertex -62 9.31814 13.0465
    endloop
  endfacet
  facet normal 1 0 0
    outer loop
      vertex -62 1.25 3.6
      vertex -62 9.88646 11.9832
      vertex -62 9.57618 12.5009
    endloop
  endfacet
  facet normal 1 0 0
    outer loop
      vertex -62 1.25 3.6
      vertex -62 10.246 11.4985
      vertex -62 9.88646 11.9832
    endloop
  endfacet
  facet normal 1 0 0
    outer loop
      vertex -62 1.25 3.6
      vertex -62 10.6513 11.0513
      vertex -62 10.246 11.4985
    endloop
  endfacet
  facet normal 1 0 0
    outer loop
      vertex -62 1.25 3.6
      vertex -62 11.0985 10.646
      vertex -62 10.6513 11.0513
    endloop
  endfacet
  facet normal 1 0 0
    outer loop
      vertex -62 1.25 3.6
      vertex -62 11.5832 10.2865
      vertex -62 11.0985 10.646
    endloop
  endfacet
  facet normal 1 0 0
    outer loop
      vertex -62 1.25 3.6
      vertex -62 12.1009 9.97618
      vertex -62 11.5832 10.2865
    endloop
  endfacet
  facet normal 1 0 0
    outer loop
      vertex -62 1.24398 3.47748
      vertex -62 12.1009 9.97618
      vertex -62 1.25 3.6
    endloop
  endfacet
  facet normal 1 0 0
    outer loop
      vertex -62 12.1009 9.97618
      vertex -62 1.24398 3.47748
      vertex -62 12.6465 9.71814
    endloop
  endfacet
  facet normal 1 0 0
    outer loop
      vertex -62 1.22598 3.35614
      vertex -62 12.6465 9.71814
      vertex -62 1.24398 3.47748
    endloop
  endfacet
  facet normal 1 0 0
    outer loop
      vertex -62 12.6465 9.71814
      vertex -62 1.22598 3.35614
      vertex -62 13.2147 9.51482
    endloop
  endfacet
  facet normal 1 0 0
    outer loop
      vertex -62 1.19617 3.23714
      vertex -62 13.2147 9.51482
      vertex -62 1.22598 3.35614
    endloop
  endfacet
  facet normal 1 0 0
    outer loop
      vertex -62 1.15485 3.12164
      vertex -62 13.2147 9.51482
      vertex -62 1.19617 3.23714
    endloop
  endfacet
  facet normal 1 0 0
    outer loop
      vertex -62 13.8002 9.36817
      vertex -62 1.15485 3.12164
      vertex -62 1.1024 3.01075
    endloop
  endfacet
  facet normal 1 0 0
    outer loop
      vertex -62 14.3972 9.27961
      vertex -62 1.1024 3.01075
      vertex -62 1.03934 2.90554
    endloop
  endfacet
  facet normal 1 0 0
    outer loop
      vertex -62 14.3972 9.27961
      vertex -62 1.03934 2.90554
      vertex -62 0.966263 2.80701
    endloop
  endfacet
  facet normal 1 0 0
    outer loop
      vertex -62 15 9.25
      vertex -62 0.966263 2.80701
      vertex -62 0.883883 2.71612
    endloop
  endfacet
  facet normal 1 0 0
    outer loop
      vertex -62 15.6028 9.27961
      vertex -62 0.883883 2.71612
      vertex -62 34 2.4
    endloop
  endfacet
  facet normal 1 -0 0
    outer loop
      vertex -62 0.792991 2.63374
      vertex -62 34 2.4
      vertex -62 0.883883 2.71612
    endloop
  endfacet
  facet normal 1 -0 0
    outer loop
      vertex -62 0.694463 2.56066
      vertex -62 34 2.4
      vertex -62 0.792991 2.63374
    endloop
  endfacet
  facet normal 1 -0 0
    outer loop
      vertex -62 0.589246 2.4976
      vertex -62 34 2.4
      vertex -62 0.694463 2.56066
    endloop
  endfacet
  facet normal 1 -0 0
    outer loop
      vertex -62 0.478354 2.44515
      vertex -62 34 2.4
      vertex -62 0.589246 2.4976
    endloop
  endfacet
  facet normal 1 -0 0
    outer loop
      vertex -62 0.362855 2.40382
      vertex -62 34 2.4
      vertex -62 0.478354 2.44515
    endloop
  endfacet
  facet normal 1 0 0
    outer loop
      vertex -62 34 2.4
      vertex -62 0.362855 2.40382
      vertex -62 0.347588 2.4
    endloop
  endfacet
  facet normal 1 0 0
    outer loop
      vertex -62 -0.966263 4.39299
      vertex -62 -10.246 11.4985
      vertex -62 -1.03934 4.29446
    endloop
  endfacet
  facet normal 1 -0 0
    outer loop
      vertex -62 -10.6513 11.0513
      vertex -62 -1.03934 4.29446
      vertex -62 -10.246 11.4985
    endloop
  endfacet
  facet normal 1 0 0
    outer loop
      vertex -62 -1.03934 4.29446
      vertex -62 -10.6513 11.0513
      vertex -62 -1.1024 4.18925
    endloop
  endfacet
  facet normal 1 0 0
    outer loop
      vertex -62 -1.1024 4.18925
      vertex -62 -10.6513 11.0513
      vertex -62 -1.15485 4.07835
    endloop
  endfacet
  facet normal 1 -0 0
    outer loop
      vertex -62 -11.0985 10.646
      vertex -62 -1.15485 4.07835
      vertex -62 -10.6513 11.0513
    endloop
  endfacet
  facet normal 1 0 0
    outer loop
      vertex -62 -1.15485 4.07835
      vertex -62 -11.0985 10.646
      vertex -62 -1.19617 3.96286
    endloop
  endfacet
  facet normal 1 0 0
    outer loop
      vertex -62 -1.19617 3.96286
      vertex -62 -11.0985 10.646
      vertex -62 -1.22598 3.84386
    endloop
  endfacet
  facet normal 1 -0 0
    outer loop
      vertex -62 -11.5832 10.2865
      vertex -62 -1.22598 3.84386
      vertex -62 -11.0985 10.646
    endloop
  endfacet
  facet normal 1 0 0
    outer loop
      vertex -62 -1.22598 3.84386
      vertex -62 -11.5832 10.2865
      vertex -62 -1.24398 3.72252
    endloop
  endfacet
  facet normal 1 -0 0
    outer loop
      vertex -62 -12.1009 9.97618
      vertex -62 -1.24398 3.72252
      vertex -62 -11.5832 10.2865
    endloop
  endfacet
  facet normal 1 0 0
    outer loop
      vertex -62 -1.24398 3.72252
      vertex -62 -12.1009 9.97618
      vertex -62 -1.25 3.6
    endloop
  endfacet
  facet normal 1 0 0
    outer loop
      vertex -62 -1.25 3.6
      vertex -62 -12.1009 9.97618
      vertex -62 -1.24398 3.47748
    endloop
  endfacet
  facet normal 1 -0 0
    outer loop
      vertex -62 -12.6465 9.71814
      vertex -62 -1.24398 3.47748
      vertex -62 -12.1009 9.97618
    endloop
  endfacet
  facet normal 1 0 0
    outer loop
      vertex -62 -1.24398 3.47748
      vertex -62 -12.6465 9.71814
      vertex -62 -1.22598 3.35614
    endloop
  endfacet
  facet normal 1 0 0
    outer loop
      vertex -62 -1.22598 3.35614
      vertex -62 -12.6465 9.71814
      vertex -62 -1.19617 3.23714
    endloop
  endfacet
  facet normal 1 -0 0
    outer loop
      vertex -62 -13.2147 9.51482
      vertex -62 -1.19617 3.23714
      vertex -62 -12.6465 9.71814
    endloop
  endfacet
  facet normal 1 0 0
    outer loop
      vertex -62 -1.19617 3.23714
      vertex -62 -13.2147 9.51482
      vertex -62 -1.15485 3.12164
    endloop
  endfacet
  facet normal 1 -0 0
    outer loop
      vertex -62 -13.8002 9.36817
      vertex -62 -1.15485 3.12164
      vertex -62 -13.2147 9.51482
    endloop
  endfacet
  facet normal 1 0 0
    outer loop
      vertex -62 -1.15485 3.12164
      vertex -62 -13.8002 9.36817
      vertex -62 -1.1024 3.01075
    endloop
  endfacet
  facet normal 1 -0 0
    outer loop
      vertex -62 -14.3972 9.27961
      vertex -62 -1.1024 3.01075
      vertex -62 -13.8002 9.36817
    endloop
  endfacet
  facet normal 1 0 0
    outer loop
      vertex -62 -1.1024 3.01075
      vertex -62 -14.3972 9.27961
      vertex -62 -1.03934 2.90554
    endloop
  endfacet
  facet normal 1 0 0
    outer loop
      vertex -62 -1.03934 2.90554
      vertex -62 -14.3972 9.27961
      vertex -62 -0.966263 2.80701
    endloop
  endfacet
  facet normal 1 -0 0
    outer loop
      vertex -62 -15 9.25
      vertex -62 -0.966263 2.80701
      vertex -62 -14.3972 9.27961
    endloop
  endfacet
  facet normal 1 0 0
    outer loop
      vertex -62 -0.966263 2.80701
      vertex -62 -15 9.25
      vertex -62 -0.883883 2.71612
    endloop
  endfacet
  facet normal 1 0 0
    outer loop
      vertex -62 -15.6028 9.27961
      vertex -62 -0.883883 2.71612
      vertex -62 -15 9.25
    endloop
  endfacet
  facet normal 1 0 0
    outer loop
      vertex -62 -34 2.4
      vertex -62 -0.883883 2.71612
      vertex -62 -15.6028 9.27961
    endloop
  endfacet
  facet normal 1 0 0
    outer loop
      vertex -62 -0.883883 2.71612
      vertex -62 -34 2.4
      vertex -62 -0.792991 2.63374
    endloop
  endfacet
  facet normal 1 0 0
    outer loop
      vertex -62 -0.792991 2.63374
      vertex -62 -34 2.4
      vertex -62 -0.694463 2.56066
    endloop
  endfacet
  facet normal 1 0 0
    outer loop
      vertex -62 -0.694463 2.56066
      vertex -62 -34 2.4
      vertex -62 -0.589246 2.4976
    endloop
  endfacet
  facet normal 1 0 0
    outer loop
      vertex -62 -34 2.4
      vertex -62 -15.6028 9.27961
      vertex -62 -16.1998 9.36817
    endloop
  endfacet
  facet normal 1 0 0
    outer loop
      vertex -62 -34 2.4
      vertex -62 -16.1998 9.36817
      vertex -62 -16.7853 9.51482
    endloop
  endfacet
  facet normal 1 0 0
    outer loop
      vertex -62 -34 2.4
      vertex -62 -16.7853 9.51482
      vertex -62 -17.3535 9.71814
    endloop
  endfacet
  facet normal 1 0 0
    outer loop
      vertex -62 -34 2.4
      vertex -62 -21.1204 16.0028
      vertex -62 -34 32.4
    endloop
  endfacet
  facet normal 1 0 0
    outer loop
      vertex -62 -21.1204 16.0028
      vertex -62 -34 2.4
      vertex -62 -21.15 15.4
    endloop
  endfacet
  facet normal 1 0 0
    outer loop
      vertex -62 -21.15 15.4
      vertex -62 -34 2.4
      vertex -62 -21.1204 14.7972
    endloop
  endfacet
  facet normal 1 0 0
    outer loop
      vertex -62 -21.1204 14.7972
      vertex -62 -34 2.4
      vertex -62 -21.0318 14.2002
    endloop
  endfacet
  facet normal 1 0 0
    outer loop
      vertex -62 -21.0318 14.2002
      vertex -62 -34 2.4
      vertex -62 -20.8852 13.6147
    endloop
  endfacet
  facet normal 1 0 0
    outer loop
      vertex -62 -20.8852 13.6147
      vertex -62 -34 2.4
      vertex -62 -20.6819 13.0465
    endloop
  endfacet
  facet normal 1 0 0
    outer loop
      vertex -62 -20.6819 13.0465
      vertex -62 -34 2.4
      vertex -62 -20.4238 12.5009
    endloop
  endfacet
  facet normal 1 0 0
    outer loop
      vertex -62 -0.362855 2.40382
      vertex -62 -34 2.4
      vertex -62 -0.347588 2.4
    endloop
  endfacet
  facet normal 1 0 0
    outer loop
      vertex -62 -0.478354 2.44515
      vertex -62 -34 2.4
      vertex -62 -0.362855 2.40382
    endloop
  endfacet
  facet normal 1 0 0
    outer loop
      vertex -62 -0.589246 2.4976
      vertex -62 -34 2.4
      vertex -62 -0.478354 2.44515
    endloop
  endfacet
  facet normal 1 0 0
    outer loop
      vertex -62 -17.8991 9.97618
      vertex -62 -34 2.4
      vertex -62 -17.3535 9.71814
    endloop
  endfacet
  facet normal 1 0 0
    outer loop
      vertex -62 -18.4168 10.2865
      vertex -62 -34 2.4
      vertex -62 -17.8991 9.97618
    endloop
  endfacet
  facet normal 1 0 0
    outer loop
      vertex -62 -18.9015 10.646
      vertex -62 -34 2.4
      vertex -62 -18.4168 10.2865
    endloop
  endfacet
  facet normal 1 0 0
    outer loop
      vertex -62 -19.3487 11.0513
      vertex -62 -34 2.4
      vertex -62 -18.9015 10.646
    endloop
  endfacet
  facet normal 1 0 0
    outer loop
      vertex -62 -19.754 11.4985
      vertex -62 -34 2.4
      vertex -62 -19.3487 11.0513
    endloop
  endfacet
  facet normal 1 0 0
    outer loop
      vertex -62 -20.1135 11.9832
      vertex -62 -34 2.4
      vertex -62 -19.754 11.4985
    endloop
  endfacet
  facet normal 1 0 0
    outer loop
      vertex -62 -20.4238 12.5009
      vertex -62 -34 2.4
      vertex -62 -20.1135 11.9832
    endloop
  endfacet
  facet normal 0 -1 0
    outer loop
      vertex -62 34 2.4
      vertex -58.5 34 32.4
      vertex -62 34 32.4
    endloop
  endfacet
  facet normal 0 -1 -0
    outer loop
      vertex -58.5 34 32.4
      vertex -62 34 2.4
      vertex 58.5 34 32.4
    endloop
  endfacet
  facet normal 0 -1 0
    outer loop
      vertex 62 34 2.4
      vertex 58.5 34 32.4
      vertex -62 34 2.4
    endloop
  endfacet
  facet normal 0 -1 0
    outer loop
      vertex 58.5 34 32.4
      vertex 62 34 2.4
      vertex 62 34 32.4
    endloop
  endfacet
  facet normal 0 1 -0
    outer loop
      vertex 62 -34 2.4
      vertex 58.5 -34 32.4
      vertex 62 -34 32.4
    endloop
  endfacet
  facet normal 0 1 0
    outer loop
      vertex 58.5 -34 32.4
      vertex 62 -34 2.4
      vertex -58.5 -34 32.4
    endloop
  endfacet
  facet normal 0 1 0
    outer loop
      vertex -62 -34 2.4
      vertex -58.5 -34 32.4
      vertex 62 -34 2.4
    endloop
  endfacet
  facet normal 0 1 0
    outer loop
      vertex -58.5 -34 32.4
      vertex -62 -34 2.4
      vertex -62 -34 32.4
    endloop
  endfacet
  facet normal -0 0.67156 0.74095
    outer loop
      vertex -66 -0.792991 2.63374
      vertex -62 -0.883883 2.71612
      vertex -62 -0.792991 2.63374
    endloop
  endfacet
  facet normal 0 0.67156 0.74095
    outer loop
      vertex -62 -0.883883 2.71612
      vertex -66 -0.792991 2.63374
      vertex -66 -0.883883 2.71612
    endloop
  endfacet
  facet normal 0 -0.24273 0.970094
    outer loop
      vertex -62 0.362855 2.40382
      vertex -66 0.362855 2.40382
      vertex -62 0.347588 2.4
    endloop
  endfacet
  facet normal 0 -0.242962 0.970036
    outer loop
      vertex -62 0.347588 2.4
      vertex -61 0.243862 2.37402
      vertex -61 0.347588 2.4
    endloop
  endfacet
  facet normal -8.22017e-07 -0.242933 0.970043
    outer loop
      vertex -66 0.243862 2.37402
      vertex -62 0.347588 2.4
      vertex -66 0.362855 2.40382
    endloop
  endfacet
  facet normal 0 -0.242962 0.970036
    outer loop
      vertex -62 0.347588 2.4
      vertex -66 0.243862 2.37402
      vertex -61 0.243862 2.37402
    endloop
  endfacet
  facet normal 0 -0.427568 -0.903983
    outer loop
      vertex -65 0.478354 4.75485
      vertex -62 0.589246 4.7024
      vertex -62 0.478354 4.75485
    endloop
  endfacet
  facet normal -0 -0.427568 -0.903983
    outer loop
      vertex -62 0.589246 4.7024
      vertex -65 0.478354 4.75485
      vertex -65 0.589246 4.7024
    endloop
  endfacet
  facet normal 0 -0.336917 0.941534
    outer loop
      vertex -66 0.478354 2.44515
      vertex -62 0.362855 2.40382
      vertex -62 0.478354 2.44515
    endloop
  endfacet
  facet normal 0 -0.336917 0.941534
    outer loop
      vertex -62 0.362855 2.40382
      vertex -66 0.478354 2.44515
      vertex -66 0.362855 2.40382
    endloop
  endfacet
  facet normal 0 0.998795 0.0490756
    outer loop
      vertex -62 -1.24398 3.47748
      vertex -66 -1.25 3.6
      vertex -62 -1.25 3.6
    endloop
  endfacet
  facet normal 0 0.998795 0.0490756
    outer loop
      vertex -66 -1.25 3.6
      vertex -62 -1.24398 3.47748
      vertex -66 -1.24398 3.47748
    endloop
  endfacet
  facet normal 0 -0.0490752 -0.998795
    outer loop
      vertex -65 0 4.85
      vertex -62 0.122521 4.84398
      vertex -62 0 4.85
    endloop
  endfacet
  facet normal -0 -0.0490752 -0.998795
    outer loop
      vertex -62 0.122521 4.84398
      vertex -65 0 4.85
      vertex -65 0.122521 4.84398
    endloop
  endfacet
  facet normal 0 0.146737 -0.989176
    outer loop
      vertex -65 -0.243862 4.82598
      vertex -62 -0.122521 4.84398
      vertex -62 -0.243862 4.82598
    endloop
  endfacet
  facet normal 0 0.146737 -0.989176
    outer loop
      vertex -62 -0.122521 4.84398
      vertex -65 -0.243862 4.82598
      vertex -65 -0.122521 4.84398
    endloop
  endfacet
  facet normal 0 -0.90398 0.427575
    outer loop
      vertex -66 1.1024 3.01075
      vertex -62 1.15485 3.12164
      vertex -66 1.15485 3.12164
    endloop
  endfacet
  facet normal 0 -0.90398 0.427575
    outer loop
      vertex -62 1.15485 3.12164
      vertex -66 1.1024 3.01075
      vertex -62 1.1024 3.01075
    endloop
  endfacet
  facet normal -0 0.514075 0.857745
    outer loop
      vertex -66 -0.589246 2.4976
      vertex -62 -0.694463 2.56066
      vertex -62 -0.589246 2.4976
    endloop
  endfacet
  facet normal 0 0.514075 0.857745
    outer loop
      vertex -62 -0.694463 2.56066
      vertex -66 -0.589246 2.4976
      vertex -66 -0.694463 2.56066
    endloop
  endfacet
  facet normal -0 0.336917 0.941534
    outer loop
      vertex -66 -0.362855 2.40382
      vertex -62 -0.478354 2.44515
      vertex -62 -0.362855 2.40382
    endloop
  endfacet
  facet normal 0 0.336917 0.941534
    outer loop
      vertex -62 -0.478354 2.44515
      vertex -66 -0.362855 2.40382
      vertex -66 -0.478354 2.44515
    endloop
  endfacet
  facet normal -0 0.0490752 0.998795
    outer loop
      vertex -66 0 2.35
      vertex -61 -0.122521 2.35602
      vertex -61 0 2.35
    endloop
  endfacet
  facet normal 0 0.0490752 0.998795
    outer loop
      vertex -61 -0.122521 2.35602
      vertex -66 0 2.35
      vertex -66 -0.122521 2.35602
    endloop
  endfacet
  facet normal 0 -0.0490752 0.998795
    outer loop
      vertex -66 0.122521 2.35602
      vertex -61 0 2.35
      vertex -61 0.122521 2.35602
    endloop
  endfacet
  facet normal 0 -0.0490752 0.998795
    outer loop
      vertex -61 0 2.35
      vertex -66 0.122521 2.35602
      vertex -66 0 2.35
    endloop
  endfacet
  facet normal 0 0.94156 -0.336846
    outer loop
      vertex -62 -1.15485 4.07835
      vertex -65 -1.18288 4
      vertex -65 -1.15485 4.07835
    endloop
  endfacet
  facet normal 6.44876e-07 0.941552 -0.336868
    outer loop
      vertex -62 -1.19617 3.96286
      vertex -65 -1.18288 4
      vertex -62 -1.15485 4.07835
    endloop
  endfacet
  facet normal 0 0.941535 -0.336914
    outer loop
      vertex -66 -1.19617 3.96286
      vertex -65 -1.18288 4
      vertex -62 -1.19617 3.96286
    endloop
  endfacet
  facet normal 0 0.941535 -0.336914
    outer loop
      vertex -65 -1.18288 4
      vertex -66 -1.19617 3.96286
      vertex -66 -1.18288 4
    endloop
  endfacet
  facet normal 0 -0.989175 -0.146738
    outer loop
      vertex -66 1.24398 3.72252
      vertex -62 1.22598 3.84386
      vertex -66 1.22598 3.84386
    endloop
  endfacet
  facet normal 0 -0.989175 -0.146738
    outer loop
      vertex -62 1.22598 3.84386
      vertex -66 1.24398 3.72252
      vertex -62 1.24398 3.72252
    endloop
  endfacet
  facet normal 0 -0.970027 -0.242996
    outer loop
      vertex -66 1.22598 3.84386
      vertex -62 1.19617 3.96286
      vertex -66 1.19617 3.96286
    endloop
  endfacet
  facet normal 0 -0.970027 -0.242996
    outer loop
      vertex -62 1.19617 3.96286
      vertex -66 1.22598 3.84386
      vertex -62 1.22598 3.84386
    endloop
  endfacet
  facet normal 0 -0.941535 -0.336914
    outer loop
      vertex -66 1.18288 4
      vertex -66 1.19617 3.96286
      vertex -65 1.18288 4
    endloop
  endfacet
  facet normal 0 -0.94156 -0.336846
    outer loop
      vertex -65 1.18288 4
      vertex -62 1.15485 4.07835
      vertex -65 1.15485 4.07835
    endloop
  endfacet
  facet normal -0 -0.941535 -0.336914
    outer loop
      vertex -62 1.19617 3.96286
      vertex -65 1.18288 4
      vertex -66 1.19617 3.96286
    endloop
  endfacet
  facet normal 6.44876e-07 -0.941552 -0.336868
    outer loop
      vertex -65 1.18288 4
      vertex -62 1.19617 3.96286
      vertex -62 1.15485 4.07835
    endloop
  endfacet
  facet normal 0 -0.85773 0.5141
    outer loop
      vertex -66 1.03934 2.90554
      vertex -62 1.1024 3.01075
      vertex -66 1.1024 3.01075
    endloop
  endfacet
  facet normal 0 -0.85773 0.5141
    outer loop
      vertex -62 1.1024 3.01075
      vertex -66 1.03934 2.90554
      vertex -62 1.03934 2.90554
    endloop
  endfacet
  facet normal 0 0.989175 0.146738
    outer loop
      vertex -62 -1.22598 3.35614
      vertex -66 -1.24398 3.47748
      vertex -62 -1.24398 3.47748
    endloop
  endfacet
  facet normal 0 0.989175 0.146738
    outer loop
      vertex -66 -1.24398 3.47748
      vertex -62 -1.22598 3.35614
      vertex -66 -1.22598 3.35614
    endloop
  endfacet
  facet normal 0 0.427568 -0.903983
    outer loop
      vertex -65 -0.589246 4.7024
      vertex -62 -0.478354 4.75485
      vertex -62 -0.589246 4.7024
    endloop
  endfacet
  facet normal 0 0.427568 -0.903983
    outer loop
      vertex -62 -0.478354 4.75485
      vertex -65 -0.589246 4.7024
      vertex -65 -0.478354 4.75485
    endloop
  endfacet
  facet normal 0 0.740943 -0.671568
    outer loop
      vertex -62 -0.966263 4.39299
      vertex -65 -0.883883 4.48388
      vertex -62 -0.883883 4.48388
    endloop
  endfacet
  facet normal 0 0.740943 -0.671568
    outer loop
      vertex -65 -0.883883 4.48388
      vertex -62 -0.966263 4.39299
      vertex -65 -0.966263 4.39299
    endloop
  endfacet
  facet normal 0 -0.903995 -0.427543
    outer loop
      vertex -65 1.15485 4.07835
      vertex -62 1.1024 4.18925
      vertex -65 1.1024 4.18925
    endloop
  endfacet
  facet normal 0 -0.903995 -0.427543
    outer loop
      vertex -62 1.1024 4.18925
      vertex -65 1.15485 4.07835
      vertex -62 1.15485 4.07835
    endloop
  endfacet
  facet normal 0 -0.595734 -0.803182
    outer loop
      vertex -65 0.694463 4.63934
      vertex -62 0.792991 4.56626
      vertex -62 0.694463 4.63934
    endloop
  endfacet
  facet normal -0 -0.595734 -0.803182
    outer loop
      vertex -62 0.792991 4.56626
      vertex -65 0.694463 4.63934
      vertex -65 0.792991 4.56626
    endloop
  endfacet
  facet normal 0 0.90398 0.427575
    outer loop
      vertex -62 -1.1024 3.01075
      vertex -66 -1.15485 3.12164
      vertex -62 -1.15485 3.12164
    endloop
  endfacet
  facet normal 0 0.90398 0.427575
    outer loop
      vertex -66 -1.15485 3.12164
      vertex -62 -1.1024 3.01075
      vertex -66 -1.1024 3.01075
    endloop
  endfacet
  facet normal 0 0.242962 0.970036
    outer loop
      vertex -61 -0.243862 2.37402
      vertex -62 -0.347588 2.4
      vertex -61 -0.347588 2.4
    endloop
  endfacet
  facet normal -0 0.242962 0.970036
    outer loop
      vertex -66 -0.243862 2.37402
      vertex -62 -0.347588 2.4
      vertex -61 -0.243862 2.37402
    endloop
  endfacet
  facet normal -8.22017e-07 0.242933 0.970043
    outer loop
      vertex -66 -0.362855 2.40382
      vertex -62 -0.347588 2.4
      vertex -66 -0.243862 2.37402
    endloop
  endfacet
  facet normal 0 0.24273 0.970094
    outer loop
      vertex -62 -0.347588 2.4
      vertex -66 -0.362855 2.40382
      vertex -62 -0.362855 2.40382
    endloop
  endfacet
  facet normal 0 -0.941561 0.336842
    outer loop
      vertex -66 1.15485 3.12164
      vertex -62 1.19617 3.23714
      vertex -66 1.19617 3.23714
    endloop
  endfacet
  facet normal 0 -0.941561 0.336842
    outer loop
      vertex -62 1.19617 3.23714
      vertex -66 1.15485 3.12164
      vertex -62 1.15485 3.12164
    endloop
  endfacet
  facet normal 0 -0.427568 0.903983
    outer loop
      vertex -66 0.589246 2.4976
      vertex -62 0.478354 2.44515
      vertex -62 0.589246 2.4976
    endloop
  endfacet
  facet normal 0 -0.427568 0.903983
    outer loop
      vertex -62 0.478354 2.44515
      vertex -66 0.589246 2.4976
      vertex -66 0.478354 2.44515
    endloop
  endfacet
  facet normal 0 -0.595734 0.803182
    outer loop
      vertex -66 0.792991 2.63374
      vertex -62 0.694463 2.56066
      vertex -62 0.792991 2.63374
    endloop
  endfacet
  facet normal 0 -0.595734 0.803182
    outer loop
      vertex -62 0.694463 2.56066
      vertex -66 0.792991 2.63374
      vertex -66 0.694463 2.56066
    endloop
  endfacet
  facet normal 0 0.595734 -0.803182
    outer loop
      vertex -65 -0.792991 4.56626
      vertex -62 -0.694463 4.63934
      vertex -62 -0.792991 4.56626
    endloop
  endfacet
  facet normal 0 0.595734 -0.803182
    outer loop
      vertex -62 -0.694463 4.63934
      vertex -65 -0.792991 4.56626
      vertex -65 -0.694463 4.63934
    endloop
  endfacet
  facet normal 0 0.803199 -0.595711
    outer loop
      vertex -62 -1.03934 4.29446
      vertex -65 -0.966263 4.39299
      vertex -62 -0.966263 4.39299
    endloop
  endfacet
  facet normal 0 0.803199 -0.595711
    outer loop
      vertex -65 -0.966263 4.39299
      vertex -62 -1.03934 4.29446
      vertex -65 -1.03934 4.29446
    endloop
  endfacet
  facet normal 0 -0.85773 -0.5141
    outer loop
      vertex -65 1.1024 4.18925
      vertex -62 1.03934 4.29446
      vertex -65 1.03934 4.29446
    endloop
  endfacet
  facet normal 0 -0.85773 -0.5141
    outer loop
      vertex -62 1.03934 4.29446
      vertex -65 1.1024 4.18925
      vertex -62 1.1024 4.18925
    endloop
  endfacet
  facet normal 0 -0.242933 -0.970043
    outer loop
      vertex -65 0.243862 4.82598
      vertex -62 0.362855 4.79618
      vertex -62 0.243862 4.82598
    endloop
  endfacet
  facet normal -0 -0.242933 -0.970043
    outer loop
      vertex -62 0.362855 4.79618
      vertex -65 0.243862 4.82598
      vertex -65 0.362855 4.79618
    endloop
  endfacet
  facet normal 0 -0.803199 0.595711
    outer loop
      vertex -66 0.966263 2.80701
      vertex -62 1.03934 2.90554
      vertex -66 1.03934 2.90554
    endloop
  endfacet
  facet normal 0 -0.803199 0.595711
    outer loop
      vertex -62 1.03934 2.90554
      vertex -66 0.966263 2.80701
      vertex -62 0.966263 2.80701
    endloop
  endfacet
  facet normal 0 -0.146737 0.989176
    outer loop
      vertex -66 0.243862 2.37402
      vertex -61 0.122521 2.35602
      vertex -61 0.243862 2.37402
    endloop
  endfacet
  facet normal 0 -0.146737 0.989176
    outer loop
      vertex -61 0.122521 2.35602
      vertex -66 0.243862 2.37402
      vertex -66 0.122521 2.35602
    endloop
  endfacet
  facet normal 0 -0.803199 -0.595711
    outer loop
      vertex -65 1.03934 4.29446
      vertex -62 0.966263 4.39299
      vertex -65 0.966263 4.39299
    endloop
  endfacet
  facet normal 0 -0.803199 -0.595711
    outer loop
      vertex -62 0.966263 4.39299
      vertex -65 1.03934 4.29446
      vertex -62 1.03934 4.29446
    endloop
  endfacet
  facet normal 0 -0.998795 0.0490756
    outer loop
      vertex -66 1.24398 3.47748
      vertex -62 1.25 3.6
      vertex -66 1.25 3.6
    endloop
  endfacet
  facet normal 0 -0.998795 0.0490756
    outer loop
      vertex -62 1.25 3.6
      vertex -66 1.24398 3.47748
      vertex -62 1.24398 3.47748
    endloop
  endfacet
  facet normal 0 0.989175 -0.146738
    outer loop
      vertex -62 -1.24398 3.72252
      vertex -66 -1.22598 3.84386
      vertex -62 -1.22598 3.84386
    endloop
  endfacet
  facet normal 0 0.989175 -0.146738
    outer loop
      vertex -66 -1.22598 3.84386
      vertex -62 -1.24398 3.72252
      vertex -66 -1.24398 3.72252
    endloop
  endfacet
  facet normal 0 -0.146737 -0.989176
    outer loop
      vertex -65 0.122521 4.84398
      vertex -62 0.243862 4.82598
      vertex -62 0.122521 4.84398
    endloop
  endfacet
  facet normal -0 -0.146737 -0.989176
    outer loop
      vertex -62 0.243862 4.82598
      vertex -65 0.122521 4.84398
      vertex -65 0.243862 4.82598
    endloop
  endfacet
  facet normal 0 0.242933 -0.970043
    outer loop
      vertex -65 -0.362855 4.79618
      vertex -62 -0.243862 4.82598
      vertex -62 -0.362855 4.79618
    endloop
  endfacet
  facet normal 0 0.242933 -0.970043
    outer loop
      vertex -62 -0.243862 4.82598
      vertex -65 -0.362855 4.79618
      vertex -65 -0.243862 4.82598
    endloop
  endfacet
  facet normal -0 0.595734 0.803182
    outer loop
      vertex -66 -0.694463 2.56066
      vertex -62 -0.792991 2.63374
      vertex -62 -0.694463 2.56066
    endloop
  endfacet
  facet normal 0 0.595734 0.803182
    outer loop
      vertex -62 -0.792991 2.63374
      vertex -66 -0.694463 2.56066
      vertex -66 -0.792991 2.63374
    endloop
  endfacet
  facet normal 0 0.970027 0.242996
    outer loop
      vertex -62 -1.19617 3.23714
      vertex -66 -1.22598 3.35614
      vertex -62 -1.22598 3.35614
    endloop
  endfacet
  facet normal 0 0.970027 0.242996
    outer loop
      vertex -66 -1.22598 3.35614
      vertex -62 -1.19617 3.23714
      vertex -66 -1.19617 3.23714
    endloop
  endfacet
  facet normal 0 -0.998795 -0.0490756
    outer loop
      vertex -66 1.25 3.6
      vertex -62 1.24398 3.72252
      vertex -66 1.24398 3.72252
    endloop
  endfacet
  facet normal 0 -0.998795 -0.0490756
    outer loop
      vertex -62 1.24398 3.72252
      vertex -66 1.25 3.6
      vertex -62 1.25 3.6
    endloop
  endfacet
  facet normal 0 -0.989175 0.146738
    outer loop
      vertex -66 1.22598 3.35614
      vertex -62 1.24398 3.47748
      vertex -66 1.24398 3.47748
    endloop
  endfacet
  facet normal 0 -0.989175 0.146738
    outer loop
      vertex -62 1.24398 3.47748
      vertex -66 1.22598 3.35614
      vertex -62 1.22598 3.35614
    endloop
  endfacet
  facet normal 0 0.941561 0.336842
    outer loop
      vertex -62 -1.15485 3.12164
      vertex -66 -1.19617 3.23714
      vertex -62 -1.19617 3.23714
    endloop
  endfacet
  facet normal 0 0.941561 0.336842
    outer loop
      vertex -66 -1.19617 3.23714
      vertex -62 -1.15485 3.12164
      vertex -66 -1.15485 3.12164
    endloop
  endfacet
  facet normal 0 -0.67156 -0.74095
    outer loop
      vertex -65 0.792991 4.56626
      vertex -62 0.883883 4.48388
      vertex -62 0.792991 4.56626
    endloop
  endfacet
  facet normal -0 -0.67156 -0.74095
    outer loop
      vertex -62 0.883883 4.48388
      vertex -65 0.792991 4.56626
      vertex -65 0.883883 4.48388
    endloop
  endfacet
  facet normal 0 -0.514075 0.857745
    outer loop
      vertex -66 0.694463 2.56066
      vertex -62 0.589246 2.4976
      vertex -62 0.694463 2.56066
    endloop
  endfacet
  facet normal 0 -0.514075 0.857745
    outer loop
      vertex -62 0.589246 2.4976
      vertex -66 0.694463 2.56066
      vertex -66 0.589246 2.4976
    endloop
  endfacet
  facet normal -0 0.146737 0.989176
    outer loop
      vertex -66 -0.122521 2.35602
      vertex -61 -0.243862 2.37402
      vertex -61 -0.122521 2.35602
    endloop
  endfacet
  facet normal 0 0.146737 0.989176
    outer loop
      vertex -61 -0.243862 2.37402
      vertex -66 -0.122521 2.35602
      vertex -66 -0.243862 2.37402
    endloop
  endfacet
  facet normal 0 -0.740943 -0.671568
    outer loop
      vertex -65 0.966263 4.39299
      vertex -62 0.883883 4.48388
      vertex -65 0.883883 4.48388
    endloop
  endfacet
  facet normal 0 -0.740943 -0.671568
    outer loop
      vertex -62 0.883883 4.48388
      vertex -65 0.966263 4.39299
      vertex -62 0.966263 4.39299
    endloop
  endfacet
  facet normal 0 0.903995 -0.427543
    outer loop
      vertex -62 -1.15485 4.07835
      vertex -65 -1.1024 4.18925
      vertex -62 -1.1024 4.18925
    endloop
  endfacet
  facet normal 0 0.903995 -0.427543
    outer loop
      vertex -65 -1.1024 4.18925
      vertex -62 -1.15485 4.07835
      vertex -65 -1.15485 4.07835
    endloop
  endfacet
  facet normal 0 0.803199 0.595711
    outer loop
      vertex -62 -0.966263 2.80701
      vertex -66 -1.03934 2.90554
      vertex -62 -1.03934 2.90554
    endloop
  endfacet
  facet normal 0 0.803199 0.595711
    outer loop
      vertex -66 -1.03934 2.90554
      vertex -62 -0.966263 2.80701
      vertex -66 -0.966263 2.80701
    endloop
  endfacet
  facet normal 1 0 0
    outer loop
      vertex -66 1.24398 3.72252
      vertex -66 1.24398 3.47748
      vertex -66 1.25 3.6
    endloop
  endfacet
  facet normal 1 0 0
    outer loop
      vertex -66 1.22598 3.84386
      vertex -66 1.24398 3.47748
      vertex -66 1.24398 3.72252
    endloop
  endfacet
  facet normal 1 0 0
    outer loop
      vertex -66 1.22598 3.84386
      vertex -66 1.22598 3.35614
      vertex -66 1.24398 3.47748
    endloop
  endfacet
  facet normal 1 0 0
    outer loop
      vertex -66 1.18288 4
      vertex -66 1.22598 3.84386
      vertex -66 1.19617 3.96286
    endloop
  endfacet
  facet normal 1 0 0
    outer loop
      vertex -66 1.22598 3.84386
      vertex -66 1.18288 4
      vertex -66 1.22598 3.35614
    endloop
  endfacet
  facet normal 1 0 0
    outer loop
      vertex -66 1.22598 3.35614
      vertex -66 1.18288 4
      vertex -66 1.19617 3.23714
    endloop
  endfacet
  facet normal 1 0 0
    outer loop
      vertex -66 1.18288 4
      vertex -66 1.15485 3.12164
      vertex -66 1.19617 3.23714
    endloop
  endfacet
  facet normal 1 0 0
    outer loop
      vertex -66 1.18288 4
      vertex -66 1.1024 3.01075
      vertex -66 1.15485 3.12164
    endloop
  endfacet
  facet normal 1 0 0
    outer loop
      vertex -66 1.18288 4
      vertex -66 1.03934 2.90554
      vertex -66 1.1024 3.01075
    endloop
  endfacet
  facet normal 1 0 0
    outer loop
      vertex -66 1.18288 4
      vertex -66 0.966263 2.80701
      vertex -66 1.03934 2.90554
    endloop
  endfacet
  facet normal 1 0 0
    outer loop
      vertex -66 1.18288 4
      vertex -66 0.883883 2.71612
      vertex -66 0.966263 2.80701
    endloop
  endfacet
  facet normal 1 0 0
    outer loop
      vertex -66 1.18288 4
      vertex -66 0.792991 2.63374
      vertex -66 0.883883 2.71612
    endloop
  endfacet
  facet normal 1 0 0
    outer loop
      vertex -66 1.18288 4
      vertex -66 0.694463 2.56066
      vertex -66 0.792991 2.63374
    endloop
  endfacet
  facet normal 1 0 0
    outer loop
      vertex -66 1.18288 4
      vertex -66 0.589246 2.4976
      vertex -66 0.694463 2.56066
    endloop
  endfacet
  facet normal 1 0 0
    outer loop
      vertex -66 1.18288 4
      vertex -66 0.478354 2.44515
      vertex -66 0.589246 2.4976
    endloop
  endfacet
  facet normal 1 0 0
    outer loop
      vertex -66 1.18288 4
      vertex -66 0.362855 2.40382
      vertex -66 0.478354 2.44515
    endloop
  endfacet
  facet normal 1 0 0
    outer loop
      vertex -66 1.18288 4
      vertex -66 0.243862 2.37402
      vertex -66 0.362855 2.40382
    endloop
  endfacet
  facet normal 1 0 0
    outer loop
      vertex -66 1.18288 4
      vertex -66 0.122521 2.35602
      vertex -66 0.243862 2.37402
    endloop
  endfacet
  facet normal 1 0 0
    outer loop
      vertex -66 1.18288 4
      vertex -66 0 2.35
      vertex -66 0.122521 2.35602
    endloop
  endfacet
  facet normal 1 0 0
    outer loop
      vertex -66 1.18288 4
      vertex -66 -0.122521 2.35602
      vertex -66 0 2.35
    endloop
  endfacet
  facet normal 1 0 0
    outer loop
      vertex -66 1.18288 4
      vertex -66 -0.243862 2.37402
      vertex -66 -0.122521 2.35602
    endloop
  endfacet
  facet normal 1 0 0
    outer loop
      vertex -66 1.18288 4
      vertex -66 -0.362855 2.40382
      vertex -66 -0.243862 2.37402
    endloop
  endfacet
  facet normal 1 0 0
    outer loop
      vertex -66 1.18288 4
      vertex -66 -0.478354 2.44515
      vertex -66 -0.362855 2.40382
    endloop
  endfacet
  facet normal 1 0 0
    outer loop
      vertex -66 1.18288 4
      vertex -66 -0.589246 2.4976
      vertex -66 -0.478354 2.44515
    endloop
  endfacet
  facet normal 1 0 0
    outer loop
      vertex -66 1.18288 4
      vertex -66 -0.694463 2.56066
      vertex -66 -0.589246 2.4976
    endloop
  endfacet
  facet normal 1 0 0
    outer loop
      vertex -66 1.18288 4
      vertex -66 -0.792991 2.63374
      vertex -66 -0.694463 2.56066
    endloop
  endfacet
  facet normal 1 0 0
    outer loop
      vertex -66 1.18288 4
      vertex -66 -0.883883 2.71612
      vertex -66 -0.792991 2.63374
    endloop
  endfacet
  facet normal 1 0 0
    outer loop
      vertex -66 1.18288 4
      vertex -66 -0.966263 2.80701
      vertex -66 -0.883883 2.71612
    endloop
  endfacet
  facet normal 1 0 0
    outer loop
      vertex -66 1.18288 4
      vertex -66 -1.03934 2.90554
      vertex -66 -0.966263 2.80701
    endloop
  endfacet
  facet normal 1 0 0
    outer loop
      vertex -66 1.18288 4
      vertex -66 -1.1024 3.01075
      vertex -66 -1.03934 2.90554
    endloop
  endfacet
  facet normal 1 0 0
    outer loop
      vertex -66 1.18288 4
      vertex -66 -1.15485 3.12164
      vertex -66 -1.1024 3.01075
    endloop
  endfacet
  facet normal 1 -0 0
    outer loop
      vertex -66 -1.18288 4
      vertex -66 -1.15485 3.12164
      vertex -66 1.18288 4
    endloop
  endfacet
  facet normal 1 0 0
    outer loop
      vertex -66 -1.22598 3.84386
      vertex -66 -1.18288 4
      vertex -66 -1.19617 3.96286
    endloop
  endfacet
  facet normal 1 0 0
    outer loop
      vertex -66 -1.18288 4
      vertex -66 -1.19617 3.23714
      vertex -66 -1.15485 3.12164
    endloop
  endfacet
  facet normal 1 0 0
    outer loop
      vertex -66 -1.18288 4
      vertex -66 -1.22598 3.84386
      vertex -66 -1.19617 3.23714
    endloop
  endfacet
  facet normal 1 0 0
    outer loop
      vertex -66 -1.22598 3.84386
      vertex -66 -1.22598 3.35614
      vertex -66 -1.19617 3.23714
    endloop
  endfacet
  facet normal 1 -0 0
    outer loop
      vertex -66 -1.24398 3.72252
      vertex -66 -1.22598 3.35614
      vertex -66 -1.22598 3.84386
    endloop
  endfacet
  facet normal 1 0 0
    outer loop
      vertex -66 -1.24398 3.72252
      vertex -66 -1.24398 3.47748
      vertex -66 -1.22598 3.35614
    endloop
  endfacet
  facet normal 1 0 -0
    outer loop
      vertex -66 -1.24398 3.47748
      vertex -66 -1.24398 3.72252
      vertex -66 -1.25 3.6
    endloop
  endfacet
  facet normal 0 -0.970027 0.242996
    outer loop
      vertex -66 1.19617 3.23714
      vertex -62 1.22598 3.35614
      vertex -66 1.22598 3.35614
    endloop
  endfacet
  facet normal 0 -0.970027 0.242996
    outer loop
      vertex -62 1.22598 3.35614
      vertex -66 1.19617 3.23714
      vertex -62 1.19617 3.23714
    endloop
  endfacet
  facet normal 0 -0.514075 -0.857745
    outer loop
      vertex -65 0.589246 4.7024
      vertex -62 0.694463 4.63934
      vertex -62 0.589246 4.7024
    endloop
  endfacet
  facet normal -0 -0.514075 -0.857745
    outer loop
      vertex -62 0.694463 4.63934
      vertex -65 0.589246 4.7024
      vertex -65 0.694463 4.63934
    endloop
  endfacet
  facet normal 0 0.514075 -0.857745
    outer loop
      vertex -65 -0.694463 4.63934
      vertex -62 -0.589246 4.7024
      vertex -62 -0.694463 4.63934
    endloop
  endfacet
  facet normal 0 0.514075 -0.857745
    outer loop
      vertex -62 -0.589246 4.7024
      vertex -65 -0.694463 4.63934
      vertex -65 -0.589246 4.7024
    endloop
  endfacet
  facet normal 0 -0.740943 0.671568
    outer loop
      vertex -66 0.883883 2.71612
      vertex -62 0.966263 2.80701
      vertex -66 0.966263 2.80701
    endloop
  endfacet
  facet normal 0 -0.740943 0.671568
    outer loop
      vertex -62 0.966263 2.80701
      vertex -66 0.883883 2.71612
      vertex -62 0.883883 2.71612
    endloop
  endfacet
  facet normal 0 -0.67156 0.74095
    outer loop
      vertex -66 0.883883 2.71612
      vertex -62 0.792991 2.63374
      vertex -62 0.883883 2.71612
    endloop
  endfacet
  facet normal 0 -0.67156 0.74095
    outer loop
      vertex -62 0.792991 2.63374
      vertex -66 0.883883 2.71612
      vertex -66 0.792991 2.63374
    endloop
  endfacet
  facet normal 0 0.67156 -0.74095
    outer loop
      vertex -65 -0.883883 4.48388
      vertex -62 -0.792991 4.56626
      vertex -62 -0.883883 4.48388
    endloop
  endfacet
  facet normal 0 0.67156 -0.74095
    outer loop
      vertex -62 -0.792991 4.56626
      vertex -65 -0.883883 4.48388
      vertex -65 -0.792991 4.56626
    endloop
  endfacet
  facet normal 0 0.336917 -0.941534
    outer loop
      vertex -65 -0.478354 4.75485
      vertex -62 -0.362855 4.79618
      vertex -62 -0.478354 4.75485
    endloop
  endfacet
  facet normal 0 0.336917 -0.941534
    outer loop
      vertex -62 -0.362855 4.79618
      vertex -65 -0.478354 4.75485
      vertex -65 -0.362855 4.79618
    endloop
  endfacet
  facet normal -0 0.427568 0.903983
    outer loop
      vertex -66 -0.478354 2.44515
      vertex -62 -0.589246 2.4976
      vertex -62 -0.478354 2.44515
    endloop
  endfacet
  facet normal 0 0.427568 0.903983
    outer loop
      vertex -62 -0.589246 2.4976
      vertex -66 -0.478354 2.44515
      vertex -66 -0.589246 2.4976
    endloop
  endfacet
  facet normal 0 0.998795 -0.0490756
    outer loop
      vertex -62 -1.25 3.6
      vertex -66 -1.24398 3.72252
      vertex -62 -1.24398 3.72252
    endloop
  endfacet
  facet normal 0 0.998795 -0.0490756
    outer loop
      vertex -66 -1.24398 3.72252
      vertex -62 -1.25 3.6
      vertex -66 -1.25 3.6
    endloop
  endfacet
  facet normal 0 0.85773 0.5141
    outer loop
      vertex -62 -1.03934 2.90554
      vertex -66 -1.1024 3.01075
      vertex -62 -1.1024 3.01075
    endloop
  endfacet
  facet normal 0 0.85773 0.5141
    outer loop
      vertex -66 -1.1024 3.01075
      vertex -62 -1.03934 2.90554
      vertex -66 -1.03934 2.90554
    endloop
  endfacet
  facet normal 0 0.0490752 -0.998795
    outer loop
      vertex -65 -0.122521 4.84398
      vertex -62 0 4.85
      vertex -62 -0.122521 4.84398
    endloop
  endfacet
  facet normal 0 0.0490752 -0.998795
    outer loop
      vertex -62 0 4.85
      vertex -65 -0.122521 4.84398
      vertex -65 0 4.85
    endloop
  endfacet
  facet normal 0 0.970027 -0.242996
    outer loop
      vertex -62 -1.22598 3.84386
      vertex -66 -1.19617 3.96286
      vertex -62 -1.19617 3.96286
    endloop
  endfacet
  facet normal 0 0.970027 -0.242996
    outer loop
      vertex -66 -1.19617 3.96286
      vertex -62 -1.22598 3.84386
      vertex -66 -1.22598 3.84386
    endloop
  endfacet
  facet normal 0 -0.336917 -0.941534
    outer loop
      vertex -65 0.362855 4.79618
      vertex -62 0.478354 4.75485
      vertex -62 0.362855 4.79618
    endloop
  endfacet
  facet normal -0 -0.336917 -0.941534
    outer loop
      vertex -62 0.478354 4.75485
      vertex -65 0.362855 4.79618
      vertex -65 0.478354 4.75485
    endloop
  endfacet
  facet normal 0 0.740943 0.671568
    outer loop
      vertex -62 -0.883883 2.71612
      vertex -66 -0.966263 2.80701
      vertex -62 -0.966263 2.80701
    endloop
  endfacet
  facet normal 0 0.740943 0.671568
    outer loop
      vertex -66 -0.966263 2.80701
      vertex -62 -0.883883 2.71612
      vertex -66 -0.883883 2.71612
    endloop
  endfacet
  facet normal 0 0.85773 -0.5141
    outer loop
      vertex -62 -1.1024 4.18925
      vertex -65 -1.03934 4.29446
      vertex -62 -1.03934 4.29446
    endloop
  endfacet
  facet normal 0 0.85773 -0.5141
    outer loop
      vertex -65 -1.03934 4.29446
      vertex -62 -1.1024 4.18925
      vertex -65 -1.1024 4.18925
    endloop
  endfacet
  facet normal -1 0 0
    outer loop
      vertex -61 0.122521 2.35602
      vertex -61 0.347588 2.4
      vertex -61 0.243862 2.37402
    endloop
  endfacet
  facet normal -1 0 0
    outer loop
      vertex -61 0 2.35
      vertex -61 0.347588 2.4
      vertex -61 0.122521 2.35602
    endloop
  endfacet
  facet normal -1 0 0
    outer loop
      vertex -61 -0.122521 2.35602
      vertex -61 0.347588 2.4
      vertex -61 0 2.35
    endloop
  endfacet
  facet normal -1 0 0
    outer loop
      vertex -61 -0.243862 2.37402
      vertex -61 0.347588 2.4
      vertex -61 -0.122521 2.35602
    endloop
  endfacet
  facet normal -1 -0 0
    outer loop
      vertex -61 0.347588 2.4
      vertex -61 -0.243862 2.37402
      vertex -61 -0.347588 2.4
    endloop
  endfacet
  facet normal 0.989172 0.14676 0
    outer loop
      vertex -55.0169 -30.1569 32.4
      vertex -55.0673 -29.8172 2.4
      vertex -55.0673 -29.8172 32.4
    endloop
  endfacet
  facet normal 0.989172 0.14676 0
    outer loop
      vertex -55.0673 -29.8172 2.4
      vertex -55.0169 -30.1569 32.4
      vertex -55.0169 -30.1569 2.4
    endloop
  endfacet
  facet normal 0.998789 0.0491971 0
    outer loop
      vertex -55 -30.5 32.4
      vertex -55.0169 -30.1569 2.4
      vertex -55.0169 -30.1569 32.4
    endloop
  endfacet
  facet normal 0.998789 0.0491971 0
    outer loop
      vertex -55.0169 -30.1569 2.4
      vertex -55 -30.5 32.4
      vertex -55 -30.5 2.4
    endloop
  endfacet
  facet normal 0.970074 0.24281 0
    outer loop
      vertex -55.0673 -29.8172 32.4
      vertex -55.1507 -29.484 2.4
      vertex -55.1507 -29.484 32.4
    endloop
  endfacet
  facet normal 0.970074 0.24281 0
    outer loop
      vertex -55.1507 -29.484 2.4
      vertex -55.0673 -29.8172 32.4
      vertex -55.0673 -29.8172 2.4
    endloop
  endfacet
  facet normal 0.595659 -0.803237 0
    outer loop
      vertex -56.5555 -33.4101 2.4
      vertex -56.2796 -33.2055 32.4
      vertex -56.5555 -33.4101 32.4
    endloop
  endfacet
  facet normal 0.595659 -0.803237 0
    outer loop
      vertex -56.2796 -33.2055 32.4
      vertex -56.5555 -33.4101 2.4
      vertex -56.2796 -33.2055 2.4
    endloop
  endfacet
  facet normal 0.427661 -0.903939 0
    outer loop
      vertex -57.1606 -33.7336 2.4
      vertex -56.8501 -33.5867 32.4
      vertex -57.1606 -33.7336 32.4
    endloop
  endfacet
  facet normal 0.427661 -0.903939 0
    outer loop
      vertex -56.8501 -33.5867 32.4
      vertex -57.1606 -33.7336 2.4
      vertex -56.8501 -33.5867 2.4
    endloop
  endfacet
  facet normal -0.671454 -0.741046 0
    outer loop
      vertex -60.9749 -32.9749 2.4
      vertex -60.7204 -33.2055 32.4
      vertex -60.9749 -32.9749 32.4
    endloop
  endfacet
  facet normal -0.671454 -0.741046 -0
    outer loop
      vertex -60.7204 -33.2055 32.4
      vertex -60.9749 -32.9749 2.4
      vertex -60.7204 -33.2055 2.4
    endloop
  endfacet
  facet normal 0.514153 0.857698 -0
    outer loop
      vertex -56.5555 -27.5899 2.4
      vertex -56.8501 -27.4133 32.4
      vertex -56.5555 -27.5899 32.4
    endloop
  endfacet
  facet normal 0.514153 0.857698 0
    outer loop
      vertex -56.8501 -27.4133 32.4
      vertex -56.5555 -27.5899 2.4
      vertex -56.8501 -27.4133 2.4
    endloop
  endfacet
  facet normal -0.14676 -0.989172 0
    outer loop
      vertex -59.1828 -33.9327 2.4
      vertex -58.8431 -33.9831 32.4
      vertex -59.1828 -33.9327 32.4
    endloop
  endfacet
  facet normal -0.14676 -0.989172 -0
    outer loop
      vertex -58.8431 -33.9831 32.4
      vertex -59.1828 -33.9327 2.4
      vertex -58.8431 -33.9831 2.4
    endloop
  endfacet
  facet normal -0.24281 0.970074 0
    outer loop
      vertex -59.1828 -27.0673 2.4
      vertex -59.516 -27.1507 32.4
      vertex -59.1828 -27.0673 32.4
    endloop
  endfacet
  facet normal -0.24281 0.970074 0
    outer loop
      vertex -59.516 -27.1507 32.4
      vertex -59.1828 -27.0673 2.4
      vertex -59.516 -27.1507 2.4
    endloop
  endfacet
  facet normal 0.741046 0.671454 0
    outer loop
      vertex -55.7945 -28.2796 32.4
      vertex -56.0251 -28.0251 2.4
      vertex -56.0251 -28.0251 32.4
    endloop
  endfacet
  facet normal 0.741046 0.671454 0
    outer loop
      vertex -56.0251 -28.0251 2.4
      vertex -55.7945 -28.2796 32.4
      vertex -55.7945 -28.2796 2.4
    endloop
  endfacet
  facet normal -0.970074 -0.24281 0
    outer loop
      vertex -61.8493 -31.516 2.4
      vertex -61.9327 -31.1828 32.4
      vertex -61.9327 -31.1828 2.4
    endloop
  endfacet
  facet normal -0.970074 -0.24281 0
    outer loop
      vertex -61.9327 -31.1828 32.4
      vertex -61.8493 -31.516 2.4
      vertex -61.8493 -31.516 32.4
    endloop
  endfacet
  facet normal 0.857698 0.514153 0
    outer loop
      vertex -55.4133 -28.8501 32.4
      vertex -55.5899 -28.5555 2.4
      vertex -55.5899 -28.5555 32.4
    endloop
  endfacet
  facet normal 0.857698 0.514153 0
    outer loop
      vertex -55.5899 -28.5555 2.4
      vertex -55.4133 -28.8501 32.4
      vertex -55.4133 -28.8501 2.4
    endloop
  endfacet
  facet normal 0.671454 0.741046 -0
    outer loop
      vertex -56.0251 -28.0251 2.4
      vertex -56.2796 -27.7945 32.4
      vertex -56.0251 -28.0251 32.4
    endloop
  endfacet
  facet normal 0.671454 0.741046 0
    outer loop
      vertex -56.2796 -27.7945 32.4
      vertex -56.0251 -28.0251 2.4
      vertex -56.2796 -27.7945 2.4
    endloop
  endfacet
  facet normal -0.941557 -0.336853 0
    outer loop
      vertex -61.7336 -31.8394 2.4
      vertex -61.8493 -31.516 32.4
      vertex -61.8493 -31.516 2.4
    endloop
  endfacet
  facet normal -0.941557 -0.336853 0
    outer loop
      vertex -61.8493 -31.516 32.4
      vertex -61.7336 -31.8394 2.4
      vertex -61.7336 -31.8394 32.4
    endloop
  endfacet
  facet normal 0.336853 -0.941557 0
    outer loop
      vertex -57.484 -33.8493 2.4
      vertex -57.1606 -33.7336 32.4
      vertex -57.484 -33.8493 32.4
    endloop
  endfacet
  facet normal 0.336853 -0.941557 0
    outer loop
      vertex -57.1606 -33.7336 32.4
      vertex -57.484 -33.8493 2.4
      vertex -57.1606 -33.7336 2.4
    endloop
  endfacet
  facet normal 0.941557 0.336853 0
    outer loop
      vertex -55.1507 -29.484 32.4
      vertex -55.2664 -29.1606 2.4
      vertex -55.2664 -29.1606 32.4
    endloop
  endfacet
  facet normal 0.941557 0.336853 0
    outer loop
      vertex -55.2664 -29.1606 2.4
      vertex -55.1507 -29.484 32.4
      vertex -55.1507 -29.484 2.4
    endloop
  endfacet
  facet normal -0.998789 -0.0491971 0
    outer loop
      vertex -61.9831 -30.8431 2.4
      vertex -62 -30.5 32.4
      vertex -62 -30.5 2.4
    endloop
  endfacet
  facet normal -0.998789 -0.0491971 0
    outer loop
      vertex -62 -30.5 32.4
      vertex -61.9831 -30.8431 2.4
      vertex -61.9831 -30.8431 32.4
    endloop
  endfacet
  facet normal -0.0491971 0.998789 0
    outer loop
      vertex -58.5 -27 2.4
      vertex -58.8431 -27.0169 32.4
      vertex -58.5 -27 32.4
    endloop
  endfacet
  facet normal -0.0491971 0.998789 0
    outer loop
      vertex -58.8431 -27.0169 32.4
      vertex -58.5 -27 2.4
      vertex -58.8431 -27.0169 2.4
    endloop
  endfacet
  facet normal 0.903939 -0.427661 0
    outer loop
      vertex -55.4133 -32.1499 32.4
      vertex -55.2664 -31.8394 2.4
      vertex -55.2664 -31.8394 32.4
    endloop
  endfacet
  facet normal 0.903939 -0.427661 0
    outer loop
      vertex -55.2664 -31.8394 2.4
      vertex -55.4133 -32.1499 32.4
      vertex -55.4133 -32.1499 2.4
    endloop
  endfacet
  facet normal 0.595659 0.803237 -0
    outer loop
      vertex -56.2796 -27.7945 2.4
      vertex -56.5555 -27.5899 32.4
      vertex -56.2796 -27.7945 32.4
    endloop
  endfacet
  facet normal 0.595659 0.803237 0
    outer loop
      vertex -56.5555 -27.5899 32.4
      vertex -56.2796 -27.7945 2.4
      vertex -56.5555 -27.5899 2.4
    endloop
  endfacet
  facet normal 0.998789 -0.0491971 0
    outer loop
      vertex -55.0169 -30.8431 32.4
      vertex -55 -30.5 2.4
      vertex -55 -30.5 32.4
    endloop
  endfacet
  facet normal 0.998789 -0.0491971 0
    outer loop
      vertex -55 -30.5 2.4
      vertex -55.0169 -30.8431 32.4
      vertex -55.0169 -30.8431 2.4
    endloop
  endfacet
  facet normal -0.336853 -0.941557 0
    outer loop
      vertex -59.8394 -33.7336 2.4
      vertex -59.516 -33.8493 32.4
      vertex -59.8394 -33.7336 32.4
    endloop
  endfacet
  facet normal -0.336853 -0.941557 -0
    outer loop
      vertex -59.516 -33.8493 32.4
      vertex -59.8394 -33.7336 2.4
      vertex -59.516 -33.8493 2.4
    endloop
  endfacet
  facet normal -0.0491971 -0.998789 0
    outer loop
      vertex -58.8431 -33.9831 2.4
      vertex -58.5 -34 32.4
      vertex -58.8431 -33.9831 32.4
    endloop
  endfacet
  facet normal -0.0491971 -0.998789 -0
    outer loop
      vertex -58.5 -34 32.4
      vertex -58.8431 -33.9831 2.4
      vertex -58.5 -34 2.4
    endloop
  endfacet
  facet normal 0.0491971 -0.998789 0
    outer loop
      vertex -58.5 -34 2.4
      vertex -58.1569 -33.9831 32.4
      vertex -58.5 -34 32.4
    endloop
  endfacet
  facet normal 0.0491971 -0.998789 0
    outer loop
      vertex -58.1569 -33.9831 32.4
      vertex -58.5 -34 2.4
      vertex -58.1569 -33.9831 2.4
    endloop
  endfacet
  facet normal 0.803237 0.595659 0
    outer loop
      vertex -55.5899 -28.5555 32.4
      vertex -55.7945 -28.2796 2.4
      vertex -55.7945 -28.2796 32.4
    endloop
  endfacet
  facet normal 0.803237 0.595659 0
    outer loop
      vertex -55.7945 -28.2796 2.4
      vertex -55.5899 -28.5555 32.4
      vertex -55.5899 -28.5555 2.4
    endloop
  endfacet
  facet normal -0.671454 0.741046 0
    outer loop
      vertex -60.7204 -27.7945 2.4
      vertex -60.9749 -28.0251 32.4
      vertex -60.7204 -27.7945 32.4
    endloop
  endfacet
  facet normal -0.671454 0.741046 0
    outer loop
      vertex -60.9749 -28.0251 32.4
      vertex -60.7204 -27.7945 2.4
      vertex -60.9749 -28.0251 2.4
    endloop
  endfacet
  facet normal 0.14676 0.989172 -0
    outer loop
      vertex -57.8172 -27.0673 2.4
      vertex -58.1569 -27.0169 32.4
      vertex -57.8172 -27.0673 32.4
    endloop
  endfacet
  facet normal 0.14676 0.989172 0
    outer loop
      vertex -58.1569 -27.0169 32.4
      vertex -57.8172 -27.0673 2.4
      vertex -58.1569 -27.0169 2.4
    endloop
  endfacet
  facet normal 0.14676 -0.989172 0
    outer loop
      vertex -58.1569 -33.9831 2.4
      vertex -57.8172 -33.9327 32.4
      vertex -58.1569 -33.9831 32.4
    endloop
  endfacet
  facet normal 0.14676 -0.989172 0
    outer loop
      vertex -57.8172 -33.9327 32.4
      vertex -58.1569 -33.9831 2.4
      vertex -57.8172 -33.9327 2.4
    endloop
  endfacet
  facet normal 0.427661 0.903939 -0
    outer loop
      vertex -56.8501 -27.4133 2.4
      vertex -57.1606 -27.2664 32.4
      vertex -56.8501 -27.4133 32.4
    endloop
  endfacet
  facet normal 0.427661 0.903939 0
    outer loop
      vertex -57.1606 -27.2664 32.4
      vertex -56.8501 -27.4133 2.4
      vertex -57.1606 -27.2664 2.4
    endloop
  endfacet
  facet normal 0.941557 -0.336853 0
    outer loop
      vertex -55.2664 -31.8394 32.4
      vertex -55.1507 -31.516 2.4
      vertex -55.1507 -31.516 32.4
    endloop
  endfacet
  facet normal 0.941557 -0.336853 0
    outer loop
      vertex -55.1507 -31.516 2.4
      vertex -55.2664 -31.8394 32.4
      vertex -55.2664 -31.8394 2.4
    endloop
  endfacet
  facet normal 0.741046 -0.671454 0
    outer loop
      vertex -56.0251 -32.9749 32.4
      vertex -55.7945 -32.7204 2.4
      vertex -55.7945 -32.7204 32.4
    endloop
  endfacet
  facet normal 0.741046 -0.671454 0
    outer loop
      vertex -55.7945 -32.7204 2.4
      vertex -56.0251 -32.9749 32.4
      vertex -56.0251 -32.9749 2.4
    endloop
  endfacet
  facet normal -0.741046 0.671454 0
    outer loop
      vertex -61.2055 -28.2796 2.4
      vertex -60.9749 -28.0251 32.4
      vertex -60.9749 -28.0251 2.4
    endloop
  endfacet
  facet normal -0.741046 0.671454 0
    outer loop
      vertex -60.9749 -28.0251 32.4
      vertex -61.2055 -28.2796 2.4
      vertex -61.2055 -28.2796 32.4
    endloop
  endfacet
  facet normal -0.857698 0.514153 0
    outer loop
      vertex -61.5867 -28.8501 2.4
      vertex -61.4101 -28.5555 32.4
      vertex -61.4101 -28.5555 2.4
    endloop
  endfacet
  facet normal -0.857698 0.514153 0
    outer loop
      vertex -61.4101 -28.5555 32.4
      vertex -61.5867 -28.8501 2.4
      vertex -61.5867 -28.8501 32.4
    endloop
  endfacet
  facet normal 0.903939 0.427661 0
    outer loop
      vertex -55.2664 -29.1606 32.4
      vertex -55.4133 -28.8501 2.4
      vertex -55.4133 -28.8501 32.4
    endloop
  endfacet
  facet normal 0.903939 0.427661 0
    outer loop
      vertex -55.4133 -28.8501 2.4
      vertex -55.2664 -29.1606 32.4
      vertex -55.2664 -29.1606 2.4
    endloop
  endfacet
  facet normal -0.514153 0.857698 0
    outer loop
      vertex -60.1499 -27.4133 2.4
      vertex -60.4445 -27.5899 32.4
      vertex -60.1499 -27.4133 32.4
    endloop
  endfacet
  facet normal -0.514153 0.857698 0
    outer loop
      vertex -60.4445 -27.5899 32.4
      vertex -60.1499 -27.4133 2.4
      vertex -60.4445 -27.5899 2.4
    endloop
  endfacet
  facet normal 0.989172 -0.14676 0
    outer loop
      vertex -55.0673 -31.1828 32.4
      vertex -55.0169 -30.8431 2.4
      vertex -55.0169 -30.8431 32.4
    endloop
  endfacet
  facet normal 0.989172 -0.14676 0
    outer loop
      vertex -55.0169 -30.8431 2.4
      vertex -55.0673 -31.1828 32.4
      vertex -55.0673 -31.1828 2.4
    endloop
  endfacet
  facet normal 0.514153 -0.857698 0
    outer loop
      vertex -56.8501 -33.5867 2.4
      vertex -56.5555 -33.4101 32.4
      vertex -56.8501 -33.5867 32.4
    endloop
  endfacet
  facet normal 0.514153 -0.857698 0
    outer loop
      vertex -56.5555 -33.4101 32.4
      vertex -56.8501 -33.5867 2.4
      vertex -56.5555 -33.4101 2.4
    endloop
  endfacet
  facet normal -0.941557 0.336853 0
    outer loop
      vertex -61.8493 -29.484 2.4
      vertex -61.7336 -29.1606 32.4
      vertex -61.7336 -29.1606 2.4
    endloop
  endfacet
  facet normal -0.941557 0.336853 0
    outer loop
      vertex -61.7336 -29.1606 32.4
      vertex -61.8493 -29.484 2.4
      vertex -61.8493 -29.484 32.4
    endloop
  endfacet
  facet normal 0.336853 0.941557 -0
    outer loop
      vertex -57.1606 -27.2664 2.4
      vertex -57.484 -27.1507 32.4
      vertex -57.1606 -27.2664 32.4
    endloop
  endfacet
  facet normal 0.336853 0.941557 0
    outer loop
      vertex -57.484 -27.1507 32.4
      vertex -57.1606 -27.2664 2.4
      vertex -57.484 -27.1507 2.4
    endloop
  endfacet
  facet normal 0.24281 0.970074 -0
    outer loop
      vertex -57.484 -27.1507 2.4
      vertex -57.8172 -27.0673 32.4
      vertex -57.484 -27.1507 32.4
    endloop
  endfacet
  facet normal 0.24281 0.970074 0
    outer loop
      vertex -57.8172 -27.0673 32.4
      vertex -57.484 -27.1507 2.4
      vertex -57.8172 -27.0673 2.4
    endloop
  endfacet
  facet normal -0.427661 0.903939 0
    outer loop
      vertex -59.8394 -27.2664 2.4
      vertex -60.1499 -27.4133 32.4
      vertex -59.8394 -27.2664 32.4
    endloop
  endfacet
  facet normal -0.427661 0.903939 0
    outer loop
      vertex -60.1499 -27.4133 32.4
      vertex -59.8394 -27.2664 2.4
      vertex -60.1499 -27.4133 2.4
    endloop
  endfacet
  facet normal -0.595659 0.803237 0
    outer loop
      vertex -60.4445 -27.5899 2.4
      vertex -60.7204 -27.7945 32.4
      vertex -60.4445 -27.5899 32.4
    endloop
  endfacet
  facet normal -0.595659 0.803237 0
    outer loop
      vertex -60.7204 -27.7945 32.4
      vertex -60.4445 -27.5899 2.4
      vertex -60.7204 -27.7945 2.4
    endloop
  endfacet
  facet normal -0.14676 0.989172 0
    outer loop
      vertex -58.8431 -27.0169 2.4
      vertex -59.1828 -27.0673 32.4
      vertex -58.8431 -27.0169 32.4
    endloop
  endfacet
  facet normal -0.14676 0.989172 0
    outer loop
      vertex -59.1828 -27.0673 32.4
      vertex -58.8431 -27.0169 2.4
      vertex -59.1828 -27.0673 2.4
    endloop
  endfacet
  facet normal 0.24281 -0.970074 0
    outer loop
      vertex -57.8172 -33.9327 2.4
      vertex -57.484 -33.8493 32.4
      vertex -57.8172 -33.9327 32.4
    endloop
  endfacet
  facet normal 0.24281 -0.970074 0
    outer loop
      vertex -57.484 -33.8493 32.4
      vertex -57.8172 -33.9327 2.4
      vertex -57.484 -33.8493 2.4
    endloop
  endfacet
  facet normal -0.903939 -0.427661 0
    outer loop
      vertex -61.5867 -32.1499 2.4
      vertex -61.7336 -31.8394 32.4
      vertex -61.7336 -31.8394 2.4
    endloop
  endfacet
  facet normal -0.903939 -0.427661 0
    outer loop
      vertex -61.7336 -31.8394 32.4
      vertex -61.5867 -32.1499 2.4
      vertex -61.5867 -32.1499 32.4
    endloop
  endfacet
  facet normal -0.970074 0.24281 0
    outer loop
      vertex -61.9327 -29.8172 2.4
      vertex -61.8493 -29.484 32.4
      vertex -61.8493 -29.484 2.4
    endloop
  endfacet
  facet normal -0.970074 0.24281 0
    outer loop
      vertex -61.8493 -29.484 32.4
      vertex -61.9327 -29.8172 2.4
      vertex -61.9327 -29.8172 32.4
    endloop
  endfacet
  facet normal -0.741046 -0.671454 0
    outer loop
      vertex -60.9749 -32.9749 2.4
      vertex -61.2055 -32.7204 32.4
      vertex -61.2055 -32.7204 2.4
    endloop
  endfacet
  facet normal -0.741046 -0.671454 0
    outer loop
      vertex -61.2055 -32.7204 32.4
      vertex -60.9749 -32.9749 2.4
      vertex -60.9749 -32.9749 32.4
    endloop
  endfacet
  facet normal -0.336853 0.941557 0
    outer loop
      vertex -59.516 -27.1507 2.4
      vertex -59.8394 -27.2664 32.4
      vertex -59.516 -27.1507 32.4
    endloop
  endfacet
  facet normal -0.336853 0.941557 0
    outer loop
      vertex -59.8394 -27.2664 32.4
      vertex -59.516 -27.1507 2.4
      vertex -59.8394 -27.2664 2.4
    endloop
  endfacet
  facet normal -0.989172 0.14676 0
    outer loop
      vertex -61.9831 -30.1569 2.4
      vertex -61.9327 -29.8172 32.4
      vertex -61.9327 -29.8172 2.4
    endloop
  endfacet
  facet normal -0.989172 0.14676 0
    outer loop
      vertex -61.9327 -29.8172 32.4
      vertex -61.9831 -30.1569 2.4
      vertex -61.9831 -30.1569 32.4
    endloop
  endfacet
  facet normal -0.998789 0.0491971 0
    outer loop
      vertex -62 -30.5 2.4
      vertex -61.9831 -30.1569 32.4
      vertex -61.9831 -30.1569 2.4
    endloop
  endfacet
  facet normal -0.998789 0.0491971 0
    outer loop
      vertex -61.9831 -30.1569 32.4
      vertex -62 -30.5 2.4
      vertex -62 -30.5 32.4
    endloop
  endfacet
  facet normal -0.989172 -0.14676 0
    outer loop
      vertex -61.9327 -31.1828 2.4
      vertex -61.9831 -30.8431 32.4
      vertex -61.9831 -30.8431 2.4
    endloop
  endfacet
  facet normal -0.989172 -0.14676 0
    outer loop
      vertex -61.9831 -30.8431 32.4
      vertex -61.9327 -31.1828 2.4
      vertex -61.9327 -31.1828 32.4
    endloop
  endfacet
  facet normal -0.803237 0.595659 0
    outer loop
      vertex -61.4101 -28.5555 2.4
      vertex -61.2055 -28.2796 32.4
      vertex -61.2055 -28.2796 2.4
    endloop
  endfacet
  facet normal -0.803237 0.595659 0
    outer loop
      vertex -61.2055 -28.2796 32.4
      vertex -61.4101 -28.5555 2.4
      vertex -61.4101 -28.5555 32.4
    endloop
  endfacet
  facet normal 0.970074 -0.24281 0
    outer loop
      vertex -55.1507 -31.516 32.4
      vertex -55.0673 -31.1828 2.4
      vertex -55.0673 -31.1828 32.4
    endloop
  endfacet
  facet normal 0.970074 -0.24281 0
    outer loop
      vertex -55.0673 -31.1828 2.4
      vertex -55.1507 -31.516 32.4
      vertex -55.1507 -31.516 2.4
    endloop
  endfacet
  facet normal -0.803237 -0.595659 0
    outer loop
      vertex -61.2055 -32.7204 2.4
      vertex -61.4101 -32.4445 32.4
      vertex -61.4101 -32.4445 2.4
    endloop
  endfacet
  facet normal -0.803237 -0.595659 0
    outer loop
      vertex -61.4101 -32.4445 32.4
      vertex -61.2055 -32.7204 2.4
      vertex -61.2055 -32.7204 32.4
    endloop
  endfacet
  facet normal 0.0491971 0.998789 -0
    outer loop
      vertex -58.1569 -27.0169 2.4
      vertex -58.5 -27 32.4
      vertex -58.1569 -27.0169 32.4
    endloop
  endfacet
  facet normal 0.0491971 0.998789 0
    outer loop
      vertex -58.5 -27 32.4
      vertex -58.1569 -27.0169 2.4
      vertex -58.5 -27 2.4
    endloop
  endfacet
  facet normal 0.857698 -0.514153 0
    outer loop
      vertex -55.5899 -32.4445 32.4
      vertex -55.4133 -32.1499 2.4
      vertex -55.4133 -32.1499 32.4
    endloop
  endfacet
  facet normal 0.857698 -0.514153 0
    outer loop
      vertex -55.4133 -32.1499 2.4
      vertex -55.5899 -32.4445 32.4
      vertex -55.5899 -32.4445 2.4
    endloop
  endfacet
  facet normal -0.514153 -0.857698 0
    outer loop
      vertex -60.4445 -33.4101 2.4
      vertex -60.1499 -33.5867 32.4
      vertex -60.4445 -33.4101 32.4
    endloop
  endfacet
  facet normal -0.514153 -0.857698 -0
    outer loop
      vertex -60.1499 -33.5867 32.4
      vertex -60.4445 -33.4101 2.4
      vertex -60.1499 -33.5867 2.4
    endloop
  endfacet
  facet normal -0.595659 -0.803237 0
    outer loop
      vertex -60.7204 -33.2055 2.4
      vertex -60.4445 -33.4101 32.4
      vertex -60.7204 -33.2055 32.4
    endloop
  endfacet
  facet normal -0.595659 -0.803237 -0
    outer loop
      vertex -60.4445 -33.4101 32.4
      vertex -60.7204 -33.2055 2.4
      vertex -60.4445 -33.4101 2.4
    endloop
  endfacet
  facet normal -0.427661 -0.903939 0
    outer loop
      vertex -60.1499 -33.5867 2.4
      vertex -59.8394 -33.7336 32.4
      vertex -60.1499 -33.5867 32.4
    endloop
  endfacet
  facet normal -0.427661 -0.903939 -0
    outer loop
      vertex -59.8394 -33.7336 32.4
      vertex -60.1499 -33.5867 2.4
      vertex -59.8394 -33.7336 2.4
    endloop
  endfacet
  facet normal 0.803237 -0.595659 0
    outer loop
      vertex -55.7945 -32.7204 32.4
      vertex -55.5899 -32.4445 2.4
      vertex -55.5899 -32.4445 32.4
    endloop
  endfacet
  facet normal 0.803237 -0.595659 0
    outer loop
      vertex -55.5899 -32.4445 2.4
      vertex -55.7945 -32.7204 32.4
      vertex -55.7945 -32.7204 2.4
    endloop
  endfacet
  facet normal -0.24281 -0.970074 0
    outer loop
      vertex -59.516 -33.8493 2.4
      vertex -59.1828 -33.9327 32.4
      vertex -59.516 -33.8493 32.4
    endloop
  endfacet
  facet normal -0.24281 -0.970074 -0
    outer loop
      vertex -59.1828 -33.9327 32.4
      vertex -59.516 -33.8493 2.4
      vertex -59.1828 -33.9327 2.4
    endloop
  endfacet
  facet normal -0.857698 -0.514153 0
    outer loop
      vertex -61.4101 -32.4445 2.4
      vertex -61.5867 -32.1499 32.4
      vertex -61.5867 -32.1499 2.4
    endloop
  endfacet
  facet normal -0.857698 -0.514153 0
    outer loop
      vertex -61.5867 -32.1499 32.4
      vertex -61.4101 -32.4445 2.4
      vertex -61.4101 -32.4445 32.4
    endloop
  endfacet
  facet normal -0.903939 0.427661 0
    outer loop
      vertex -61.7336 -29.1606 2.4
      vertex -61.5867 -28.8501 32.4
      vertex -61.5867 -28.8501 2.4
    endloop
  endfacet
  facet normal -0.903939 0.427661 0
    outer loop
      vertex -61.5867 -28.8501 32.4
      vertex -61.7336 -29.1606 2.4
      vertex -61.7336 -29.1606 32.4
    endloop
  endfacet
  facet normal 0.671454 -0.741046 0
    outer loop
      vertex -56.2796 -33.2055 2.4
      vertex -56.0251 -32.9749 32.4
      vertex -56.2796 -33.2055 32.4
    endloop
  endfacet
  facet normal 0.671454 -0.741046 0
    outer loop
      vertex -56.0251 -32.9749 32.4
      vertex -56.2796 -33.2055 2.4
      vertex -56.0251 -32.9749 2.4
    endloop
  endfacet
  facet normal 0 0 -1
    outer loop
      vertex -55.0169 -30.8431 2.4
      vertex -55.0169 -30.1569 2.4
      vertex -55 -30.5 2.4
    endloop
  endfacet
  facet normal 0 0 -1
    outer loop
      vertex -55.0673 -31.1828 2.4
      vertex -55.0169 -30.1569 2.4
      vertex -55.0169 -30.8431 2.4
    endloop
  endfacet
  facet normal 0 0 -1
    outer loop
      vertex -55.0673 -31.1828 2.4
      vertex -55.0673 -29.8172 2.4
      vertex -55.0169 -30.1569 2.4
    endloop
  endfacet
  facet normal 0 0 -1
    outer loop
      vertex -55.1507 -31.516 2.4
      vertex -55.0673 -29.8172 2.4
      vertex -55.0673 -31.1828 2.4
    endloop
  endfacet
  facet normal 0 0 -1
    outer loop
      vertex -55.1507 -31.516 2.4
      vertex -55.1507 -29.484 2.4
      vertex -55.0673 -29.8172 2.4
    endloop
  endfacet
  facet normal 0 0 -1
    outer loop
      vertex -55.2664 -31.8394 2.4
      vertex -55.1507 -29.484 2.4
      vertex -55.1507 -31.516 2.4
    endloop
  endfacet
  facet normal 0 0 -1
    outer loop
      vertex -55.2664 -31.8394 2.4
      vertex -55.2664 -29.1606 2.4
      vertex -55.1507 -29.484 2.4
    endloop
  endfacet
  facet normal 0 0 -1
    outer loop
      vertex -55.4133 -32.1499 2.4
      vertex -55.2664 -29.1606 2.4
      vertex -55.2664 -31.8394 2.4
    endloop
  endfacet
  facet normal 0 0 -1
    outer loop
      vertex -55.4133 -32.1499 2.4
      vertex -55.4133 -28.8501 2.4
      vertex -55.2664 -29.1606 2.4
    endloop
  endfacet
  facet normal 0 0 -1
    outer loop
      vertex -55.5899 -32.4445 2.4
      vertex -55.4133 -28.8501 2.4
      vertex -55.4133 -32.1499 2.4
    endloop
  endfacet
  facet normal 0 0 -1
    outer loop
      vertex -55.5899 -32.4445 2.4
      vertex -55.5899 -28.5555 2.4
      vertex -55.4133 -28.8501 2.4
    endloop
  endfacet
  facet normal 0 0 -1
    outer loop
      vertex -55.7945 -32.7204 2.4
      vertex -55.5899 -28.5555 2.4
      vertex -55.5899 -32.4445 2.4
    endloop
  endfacet
  facet normal 0 0 -1
    outer loop
      vertex -55.7945 -32.7204 2.4
      vertex -55.7945 -28.2796 2.4
      vertex -55.5899 -28.5555 2.4
    endloop
  endfacet
  facet normal 0 0 -1
    outer loop
      vertex -56.0251 -32.9749 2.4
      vertex -55.7945 -28.2796 2.4
      vertex -55.7945 -32.7204 2.4
    endloop
  endfacet
  facet normal 0 0 -1
    outer loop
      vertex -56.0251 -32.9749 2.4
      vertex -56.0251 -28.0251 2.4
      vertex -55.7945 -28.2796 2.4
    endloop
  endfacet
  facet normal 0 0 -1
    outer loop
      vertex -56.2796 -33.2055 2.4
      vertex -56.0251 -28.0251 2.4
      vertex -56.0251 -32.9749 2.4
    endloop
  endfacet
  facet normal 0 0 -1
    outer loop
      vertex -56.2796 -33.2055 2.4
      vertex -56.2796 -27.7945 2.4
      vertex -56.0251 -28.0251 2.4
    endloop
  endfacet
  facet normal 0 0 -1
    outer loop
      vertex -56.5555 -33.4101 2.4
      vertex -56.2796 -27.7945 2.4
      vertex -56.2796 -33.2055 2.4
    endloop
  endfacet
  facet normal 0 0 -1
    outer loop
      vertex -56.5555 -33.4101 2.4
      vertex -56.5555 -27.5899 2.4
      vertex -56.2796 -27.7945 2.4
    endloop
  endfacet
  facet normal 0 0 -1
    outer loop
      vertex -56.8501 -33.5867 2.4
      vertex -56.5555 -27.5899 2.4
      vertex -56.5555 -33.4101 2.4
    endloop
  endfacet
  facet normal 0 0 -1
    outer loop
      vertex -56.8501 -33.5867 2.4
      vertex -56.8501 -27.4133 2.4
      vertex -56.5555 -27.5899 2.4
    endloop
  endfacet
  facet normal 0 0 -1
    outer loop
      vertex -57.1606 -33.7336 2.4
      vertex -56.8501 -27.4133 2.4
      vertex -56.8501 -33.5867 2.4
    endloop
  endfacet
  facet normal 0 0 -1
    outer loop
      vertex -57.1606 -33.7336 2.4
      vertex -57.1606 -27.2664 2.4
      vertex -56.8501 -27.4133 2.4
    endloop
  endfacet
  facet normal 0 0 -1
    outer loop
      vertex -57.484 -33.8493 2.4
      vertex -57.1606 -27.2664 2.4
      vertex -57.1606 -33.7336 2.4
    endloop
  endfacet
  facet normal 0 0 -1
    outer loop
      vertex -57.484 -33.8493 2.4
      vertex -57.484 -27.1507 2.4
      vertex -57.1606 -27.2664 2.4
    endloop
  endfacet
  facet normal 0 0 -1
    outer loop
      vertex -57.8172 -33.9327 2.4
      vertex -57.484 -27.1507 2.4
      vertex -57.484 -33.8493 2.4
    endloop
  endfacet
  facet normal 0 0 -1
    outer loop
      vertex -57.8172 -33.9327 2.4
      vertex -57.8172 -27.0673 2.4
      vertex -57.484 -27.1507 2.4
    endloop
  endfacet
  facet normal 0 0 -1
    outer loop
      vertex -58.1569 -33.9831 2.4
      vertex -57.8172 -27.0673 2.4
      vertex -57.8172 -33.9327 2.4
    endloop
  endfacet
  facet normal 0 0 -1
    outer loop
      vertex -58.1569 -33.9831 2.4
      vertex -58.1569 -27.0169 2.4
      vertex -57.8172 -27.0673 2.4
    endloop
  endfacet
  facet normal 0 0 -1
    outer loop
      vertex -58.5 -34 2.4
      vertex -58.1569 -27.0169 2.4
      vertex -58.1569 -33.9831 2.4
    endloop
  endfacet
  facet normal 0 0 -1
    outer loop
      vertex -58.5 -34 2.4
      vertex -58.5 -27 2.4
      vertex -58.1569 -27.0169 2.4
    endloop
  endfacet
  facet normal 0 0 -1
    outer loop
      vertex -58.8431 -33.9831 2.4
      vertex -58.5 -27 2.4
      vertex -58.5 -34 2.4
    endloop
  endfacet
  facet normal 0 0 -1
    outer loop
      vertex -58.8431 -33.9831 2.4
      vertex -58.8431 -27.0169 2.4
      vertex -58.5 -27 2.4
    endloop
  endfacet
  facet normal 0 0 -1
    outer loop
      vertex -59.1828 -33.9327 2.4
      vertex -58.8431 -27.0169 2.4
      vertex -58.8431 -33.9831 2.4
    endloop
  endfacet
  facet normal 0 0 -1
    outer loop
      vertex -59.1828 -33.9327 2.4
      vertex -59.1828 -27.0673 2.4
      vertex -58.8431 -27.0169 2.4
    endloop
  endfacet
  facet normal 0 0 -1
    outer loop
      vertex -59.516 -33.8493 2.4
      vertex -59.1828 -27.0673 2.4
      vertex -59.1828 -33.9327 2.4
    endloop
  endfacet
  facet normal 0 0 -1
    outer loop
      vertex -59.516 -33.8493 2.4
      vertex -59.516 -27.1507 2.4
      vertex -59.1828 -27.0673 2.4
    endloop
  endfacet
  facet normal 0 0 -1
    outer loop
      vertex -59.8394 -33.7336 2.4
      vertex -59.516 -27.1507 2.4
      vertex -59.516 -33.8493 2.4
    endloop
  endfacet
  facet normal 0 0 -1
    outer loop
      vertex -59.8394 -33.7336 2.4
      vertex -59.8394 -27.2664 2.4
      vertex -59.516 -27.1507 2.4
    endloop
  endfacet
  facet normal 0 0 -1
    outer loop
      vertex -60.1499 -33.5867 2.4
      vertex -59.8394 -27.2664 2.4
      vertex -59.8394 -33.7336 2.4
    endloop
  endfacet
  facet normal 0 0 -1
    outer loop
      vertex -60.1499 -33.5867 2.4
      vertex -60.1499 -27.4133 2.4
      vertex -59.8394 -27.2664 2.4
    endloop
  endfacet
  facet normal 0 0 -1
    outer loop
      vertex -60.4445 -33.4101 2.4
      vertex -60.1499 -27.4133 2.4
      vertex -60.1499 -33.5867 2.4
    endloop
  endfacet
  facet normal 0 0 -1
    outer loop
      vertex -60.4445 -33.4101 2.4
      vertex -60.4445 -27.5899 2.4
      vertex -60.1499 -27.4133 2.4
    endloop
  endfacet
  facet normal 0 0 -1
    outer loop
      vertex -60.7204 -33.2055 2.4
      vertex -60.4445 -27.5899 2.4
      vertex -60.4445 -33.4101 2.4
    endloop
  endfacet
  facet normal 0 0 -1
    outer loop
      vertex -60.7204 -33.2055 2.4
      vertex -60.7204 -27.7945 2.4
      vertex -60.4445 -27.5899 2.4
    endloop
  endfacet
  facet normal 0 0 -1
    outer loop
      vertex -60.9749 -32.9749 2.4
      vertex -60.7204 -27.7945 2.4
      vertex -60.7204 -33.2055 2.4
    endloop
  endfacet
  facet normal 0 0 -1
    outer loop
      vertex -60.9749 -32.9749 2.4
      vertex -60.9749 -28.0251 2.4
      vertex -60.7204 -27.7945 2.4
    endloop
  endfacet
  facet normal 0 0 -1
    outer loop
      vertex -61.2055 -32.7204 2.4
      vertex -60.9749 -28.0251 2.4
      vertex -60.9749 -32.9749 2.4
    endloop
  endfacet
  facet normal 0 0 -1
    outer loop
      vertex -61.2055 -32.7204 2.4
      vertex -61.2055 -28.2796 2.4
      vertex -60.9749 -28.0251 2.4
    endloop
  endfacet
  facet normal 0 0 -1
    outer loop
      vertex -61.4101 -32.4445 2.4
      vertex -61.2055 -28.2796 2.4
      vertex -61.2055 -32.7204 2.4
    endloop
  endfacet
  facet normal 0 0 -1
    outer loop
      vertex -61.4101 -32.4445 2.4
      vertex -61.4101 -28.5555 2.4
      vertex -61.2055 -28.2796 2.4
    endloop
  endfacet
  facet normal 0 0 -1
    outer loop
      vertex -61.5867 -32.1499 2.4
      vertex -61.4101 -28.5555 2.4
      vertex -61.4101 -32.4445 2.4
    endloop
  endfacet
  facet normal 0 0 -1
    outer loop
      vertex -61.5867 -32.1499 2.4
      vertex -61.5867 -28.8501 2.4
      vertex -61.4101 -28.5555 2.4
    endloop
  endfacet
  facet normal 0 0 -1
    outer loop
      vertex -61.7336 -31.8394 2.4
      vertex -61.5867 -28.8501 2.4
      vertex -61.5867 -32.1499 2.4
    endloop
  endfacet
  facet normal 0 0 -1
    outer loop
      vertex -61.7336 -31.8394 2.4
      vertex -61.7336 -29.1606 2.4
      vertex -61.5867 -28.8501 2.4
    endloop
  endfacet
  facet normal 0 0 -1
    outer loop
      vertex -61.8493 -31.516 2.4
      vertex -61.7336 -29.1606 2.4
      vertex -61.7336 -31.8394 2.4
    endloop
  endfacet
  facet normal 0 0 -1
    outer loop
      vertex -61.8493 -31.516 2.4
      vertex -61.8493 -29.484 2.4
      vertex -61.7336 -29.1606 2.4
    endloop
  endfacet
  facet normal 0 0 -1
    outer loop
      vertex -61.9327 -31.1828 2.4
      vertex -61.8493 -29.484 2.4
      vertex -61.8493 -31.516 2.4
    endloop
  endfacet
  facet normal 0 0 -1
    outer loop
      vertex -61.9327 -31.1828 2.4
      vertex -61.9327 -29.8172 2.4
      vertex -61.8493 -29.484 2.4
    endloop
  endfacet
  facet normal 0 0 -1
    outer loop
      vertex -61.9831 -30.8431 2.4
      vertex -61.9327 -29.8172 2.4
      vertex -61.9327 -31.1828 2.4
    endloop
  endfacet
  facet normal 0 0 -1
    outer loop
      vertex -61.9831 -30.8431 2.4
      vertex -61.9831 -30.1569 2.4
      vertex -61.9327 -29.8172 2.4
    endloop
  endfacet
  facet normal 0 -0 -1
    outer loop
      vertex -61.9831 -30.1569 2.4
      vertex -61.9831 -30.8431 2.4
      vertex -62 -30.5 2.4
    endloop
  endfacet
  facet normal 0 0 1
    outer loop
      vertex -57.25 -30.5 32.4
      vertex -55 -30.5 32.4
      vertex -55.0169 -30.1569 32.4
    endloop
  endfacet
  facet normal 0 0 1
    outer loop
      vertex -57.256 -30.3775 32.4
      vertex -55.0169 -30.1569 32.4
      vertex -55.0673 -29.8172 32.4
    endloop
  endfacet
  facet normal 0 0 1
    outer loop
      vertex -55 -30.5 32.4
      vertex -57.25 -30.5 32.4
      vertex -55.0169 -30.8431 32.4
    endloop
  endfacet
  facet normal 0 0 1
    outer loop
      vertex -57.274 -30.2561 32.4
      vertex -55.0673 -29.8172 32.4
      vertex -55.1507 -29.484 32.4
    endloop
  endfacet
  facet normal -0 0 1
    outer loop
      vertex -57.256 -30.6225 32.4
      vertex -55.0169 -30.8431 32.4
      vertex -57.25 -30.5 32.4
    endloop
  endfacet
  facet normal 0 0 1
    outer loop
      vertex -57.3038 -30.1371 32.4
      vertex -55.1507 -29.484 32.4
      vertex -55.2664 -29.1606 32.4
    endloop
  endfacet
  facet normal 0 0 1
    outer loop
      vertex -55.0169 -30.8431 32.4
      vertex -57.256 -30.6225 32.4
      vertex -55.0673 -31.1828 32.4
    endloop
  endfacet
  facet normal 0 0 1
    outer loop
      vertex -57.3451 -30.0216 32.4
      vertex -55.2664 -29.1606 32.4
      vertex -55.4133 -28.8501 32.4
    endloop
  endfacet
  facet normal -0 0 1
    outer loop
      vertex -57.274 -30.7439 32.4
      vertex -55.0673 -31.1828 32.4
      vertex -57.256 -30.6225 32.4
    endloop
  endfacet
  facet normal 0 0 1
    outer loop
      vertex -57.3976 -29.9108 32.4
      vertex -55.4133 -28.8501 32.4
      vertex -55.5899 -28.5555 32.4
    endloop
  endfacet
  facet normal 0 0 1
    outer loop
      vertex -55.0673 -31.1828 32.4
      vertex -57.274 -30.7439 32.4
      vertex -55.1507 -31.516 32.4
    endloop
  endfacet
  facet normal 0 0 1
    outer loop
      vertex -57.4607 -29.8055 32.4
      vertex -55.5899 -28.5555 32.4
      vertex -55.7945 -28.2796 32.4
    endloop
  endfacet
  facet normal -0 0 1
    outer loop
      vertex -57.3038 -30.8629 32.4
      vertex -55.1507 -31.516 32.4
      vertex -57.274 -30.7439 32.4
    endloop
  endfacet
  facet normal 0 0 1
    outer loop
      vertex -57.5337 -29.707 32.4
      vertex -55.7945 -28.2796 32.4
      vertex -56.0251 -28.0251 32.4
    endloop
  endfacet
  facet normal 0 0 1
    outer loop
      vertex -55.1507 -31.516 32.4
      vertex -57.3038 -30.8629 32.4
      vertex -55.2664 -31.8394 32.4
    endloop
  endfacet
  facet normal 0 0 1
    outer loop
      vertex -57.6161 -29.6161 32.4
      vertex -56.0251 -28.0251 32.4
      vertex -56.2796 -27.7945 32.4
    endloop
  endfacet
  facet normal -0 0 1
    outer loop
      vertex -57.3451 -30.9784 32.4
      vertex -55.2664 -31.8394 32.4
      vertex -57.3038 -30.8629 32.4
    endloop
  endfacet
  facet normal 0 0 1
    outer loop
      vertex -57.707 -29.5337 32.4
      vertex -56.2796 -27.7945 32.4
      vertex -56.5555 -27.5899 32.4
    endloop
  endfacet
  facet normal 0 0 1
    outer loop
      vertex -55.2664 -31.8394 32.4
      vertex -57.3451 -30.9784 32.4
      vertex -55.4133 -32.1499 32.4
    endloop
  endfacet
  facet normal 0 0 1
    outer loop
      vertex -57.8055 -29.4607 32.4
      vertex -56.5555 -27.5899 32.4
      vertex -56.8501 -27.4133 32.4
    endloop
  endfacet
  facet normal -0 0 1
    outer loop
      vertex -57.3976 -31.0892 32.4
      vertex -55.4133 -32.1499 32.4
      vertex -57.3451 -30.9784 32.4
    endloop
  endfacet
  facet normal 0 0 1
    outer loop
      vertex -57.9108 -29.3976 32.4
      vertex -56.8501 -27.4133 32.4
      vertex -57.1606 -27.2664 32.4
    endloop
  endfacet
  facet normal 0 0 1
    outer loop
      vertex -55.4133 -32.1499 32.4
      vertex -57.3976 -31.0892 32.4
      vertex -55.5899 -32.4445 32.4
    endloop
  endfacet
  facet normal -0 0 1
    outer loop
      vertex -57.4607 -31.1945 32.4
      vertex -55.5899 -32.4445 32.4
      vertex -57.3976 -31.0892 32.4
    endloop
  endfacet
  facet normal 0 0 1
    outer loop
      vertex -55.0169 -30.1569 32.4
      vertex -57.256 -30.3775 32.4
      vertex -57.25 -30.5 32.4
    endloop
  endfacet
  facet normal 0 0 1
    outer loop
      vertex -55.0673 -29.8172 32.4
      vertex -57.274 -30.2561 32.4
      vertex -57.256 -30.3775 32.4
    endloop
  endfacet
  facet normal 0 0 1
    outer loop
      vertex -55.1507 -29.484 32.4
      vertex -57.3038 -30.1371 32.4
      vertex -57.274 -30.2561 32.4
    endloop
  endfacet
  facet normal 0 0 1
    outer loop
      vertex -55.2664 -29.1606 32.4
      vertex -57.3451 -30.0216 32.4
      vertex -57.3038 -30.1371 32.4
    endloop
  endfacet
  facet normal 0 0 1
    outer loop
      vertex -55.4133 -28.8501 32.4
      vertex -57.3976 -29.9108 32.4
      vertex -57.3451 -30.0216 32.4
    endloop
  endfacet
  facet normal 0 0 1
    outer loop
      vertex -55.5899 -28.5555 32.4
      vertex -57.4607 -29.8055 32.4
      vertex -57.3976 -29.9108 32.4
    endloop
  endfacet
  facet normal 0 0 1
    outer loop
      vertex -58.0216 -29.3451 32.4
      vertex -57.1606 -27.2664 32.4
      vertex -57.484 -27.1507 32.4
    endloop
  endfacet
  facet normal 0 0 1
    outer loop
      vertex -55.7945 -28.2796 32.4
      vertex -57.5337 -29.707 32.4
      vertex -57.4607 -29.8055 32.4
    endloop
  endfacet
  facet normal 0 0 1
    outer loop
      vertex -56.0251 -28.0251 32.4
      vertex -57.6161 -29.6161 32.4
      vertex -57.5337 -29.707 32.4
    endloop
  endfacet
  facet normal 0 0 1
    outer loop
      vertex -56.2796 -27.7945 32.4
      vertex -57.707 -29.5337 32.4
      vertex -57.6161 -29.6161 32.4
    endloop
  endfacet
  facet normal 0 0 1
    outer loop
      vertex -56.5555 -27.5899 32.4
      vertex -57.8055 -29.4607 32.4
      vertex -57.707 -29.5337 32.4
    endloop
  endfacet
  facet normal 0 0 1
    outer loop
      vertex -58.1371 -29.3038 32.4
      vertex -57.484 -27.1507 32.4
      vertex -57.8172 -27.0673 32.4
    endloop
  endfacet
  facet normal 0 0 1
    outer loop
      vertex -56.8501 -27.4133 32.4
      vertex -57.9108 -29.3976 32.4
      vertex -57.8055 -29.4607 32.4
    endloop
  endfacet
  facet normal 0 0 1
    outer loop
      vertex -57.1606 -27.2664 32.4
      vertex -58.0216 -29.3451 32.4
      vertex -57.9108 -29.3976 32.4
    endloop
  endfacet
  facet normal 0 0 1
    outer loop
      vertex -57.484 -27.1507 32.4
      vertex -58.1371 -29.3038 32.4
      vertex -58.0216 -29.3451 32.4
    endloop
  endfacet
  facet normal 0 0 1
    outer loop
      vertex -58.2561 -29.274 32.4
      vertex -57.8172 -27.0673 32.4
      vertex -58.1569 -27.0169 32.4
    endloop
  endfacet
  facet normal 0 0 1
    outer loop
      vertex -57.8172 -27.0673 32.4
      vertex -58.2561 -29.274 32.4
      vertex -58.1371 -29.3038 32.4
    endloop
  endfacet
  facet normal 0 0 1
    outer loop
      vertex -58.1569 -27.0169 32.4
      vertex -58.3775 -29.256 32.4
      vertex -58.2561 -29.274 32.4
    endloop
  endfacet
  facet normal 0 0 1
    outer loop
      vertex -58.5 -27 32.4
      vertex -58.3775 -29.256 32.4
      vertex -58.1569 -27.0169 32.4
    endloop
  endfacet
  facet normal 0 0 1
    outer loop
      vertex -58.5 -27 32.4
      vertex -58.5 -29.25 32.4
      vertex -58.3775 -29.256 32.4
    endloop
  endfacet
  facet normal 0 0 1
    outer loop
      vertex -58.5 -27 32.4
      vertex -58.6225 -29.256 32.4
      vertex -58.5 -29.25 32.4
    endloop
  endfacet
  facet normal -0 0 1
    outer loop
      vertex -58.8431 -27.0169 32.4
      vertex -58.6225 -29.256 32.4
      vertex -58.5 -27 32.4
    endloop
  endfacet
  facet normal 0 0 1
    outer loop
      vertex -58.6225 -29.256 32.4
      vertex -58.8431 -27.0169 32.4
      vertex -58.7439 -29.274 32.4
    endloop
  endfacet
  facet normal -0 0 1
    outer loop
      vertex -59.1828 -27.0673 32.4
      vertex -58.7439 -29.274 32.4
      vertex -58.8431 -27.0169 32.4
    endloop
  endfacet
  facet normal 0 0 1
    outer loop
      vertex -58.7439 -29.274 32.4
      vertex -59.1828 -27.0673 32.4
      vertex -58.8629 -29.3038 32.4
    endloop
  endfacet
  facet normal -0 0 1
    outer loop
      vertex -59.516 -27.1507 32.4
      vertex -58.8629 -29.3038 32.4
      vertex -59.1828 -27.0673 32.4
    endloop
  endfacet
  facet normal 0 0 1
    outer loop
      vertex -58.8629 -29.3038 32.4
      vertex -59.516 -27.1507 32.4
      vertex -58.9784 -29.3451 32.4
    endloop
  endfacet
  facet normal -0 0 1
    outer loop
      vertex -59.8394 -27.2664 32.4
      vertex -58.9784 -29.3451 32.4
      vertex -59.516 -27.1507 32.4
    endloop
  endfacet
  facet normal 0 0 1
    outer loop
      vertex -58.9784 -29.3451 32.4
      vertex -59.8394 -27.2664 32.4
      vertex -59.0892 -29.3976 32.4
    endloop
  endfacet
  facet normal -0 0 1
    outer loop
      vertex -60.1499 -27.4133 32.4
      vertex -59.0892 -29.3976 32.4
      vertex -59.8394 -27.2664 32.4
    endloop
  endfacet
  facet normal 0 0 1
    outer loop
      vertex -59.0892 -29.3976 32.4
      vertex -60.1499 -27.4133 32.4
      vertex -59.1945 -29.4607 32.4
    endloop
  endfacet
  facet normal -0 0 1
    outer loop
      vertex -60.4445 -27.5899 32.4
      vertex -59.1945 -29.4607 32.4
      vertex -60.1499 -27.4133 32.4
    endloop
  endfacet
  facet normal 0 0 1
    outer loop
      vertex -59.1945 -29.4607 32.4
      vertex -60.4445 -27.5899 32.4
      vertex -59.293 -29.5337 32.4
    endloop
  endfacet
  facet normal -0 0 1
    outer loop
      vertex -60.7204 -27.7945 32.4
      vertex -59.293 -29.5337 32.4
      vertex -60.4445 -27.5899 32.4
    endloop
  endfacet
  facet normal 0 0 1
    outer loop
      vertex -59.293 -29.5337 32.4
      vertex -60.7204 -27.7945 32.4
      vertex -59.3839 -29.6161 32.4
    endloop
  endfacet
  facet normal -0 0 1
    outer loop
      vertex -60.9749 -28.0251 32.4
      vertex -59.3839 -29.6161 32.4
      vertex -60.7204 -27.7945 32.4
    endloop
  endfacet
  facet normal 0 0 1
    outer loop
      vertex -59.3839 -29.6161 32.4
      vertex -60.9749 -28.0251 32.4
      vertex -59.4663 -29.707 32.4
    endloop
  endfacet
  facet normal -0 0 1
    outer loop
      vertex -61.2055 -28.2796 32.4
      vertex -59.4663 -29.707 32.4
      vertex -60.9749 -28.0251 32.4
    endloop
  endfacet
  facet normal -0 0 1
    outer loop
      vertex -61.4101 -28.5555 32.4
      vertex -59.5393 -29.8055 32.4
      vertex -61.2055 -28.2796 32.4
    endloop
  endfacet
  facet normal 0 0 1
    outer loop
      vertex -59.4663 -29.707 32.4
      vertex -61.2055 -28.2796 32.4
      vertex -59.5393 -29.8055 32.4
    endloop
  endfacet
  facet normal 0 0 1
    outer loop
      vertex -55.5899 -32.4445 32.4
      vertex -57.4607 -31.1945 32.4
      vertex -55.7945 -32.7204 32.4
    endloop
  endfacet
  facet normal -0 0 1
    outer loop
      vertex -57.5337 -31.293 32.4
      vertex -55.7945 -32.7204 32.4
      vertex -57.4607 -31.1945 32.4
    endloop
  endfacet
  facet normal 0 0 1
    outer loop
      vertex -55.7945 -32.7204 32.4
      vertex -57.5337 -31.293 32.4
      vertex -56.0251 -32.9749 32.4
    endloop
  endfacet
  facet normal -0 0 1
    outer loop
      vertex -57.6161 -31.3839 32.4
      vertex -56.0251 -32.9749 32.4
      vertex -57.5337 -31.293 32.4
    endloop
  endfacet
  facet normal 0 0 1
    outer loop
      vertex -56.0251 -32.9749 32.4
      vertex -57.6161 -31.3839 32.4
      vertex -56.2796 -33.2055 32.4
    endloop
  endfacet
  facet normal -0 0 1
    outer loop
      vertex -57.707 -31.4663 32.4
      vertex -56.2796 -33.2055 32.4
      vertex -57.6161 -31.3839 32.4
    endloop
  endfacet
  facet normal 0 0 1
    outer loop
      vertex -56.2796 -33.2055 32.4
      vertex -57.707 -31.4663 32.4
      vertex -56.5555 -33.4101 32.4
    endloop
  endfacet
  facet normal -0 0 1
    outer loop
      vertex -57.8055 -31.5393 32.4
      vertex -56.5555 -33.4101 32.4
      vertex -57.707 -31.4663 32.4
    endloop
  endfacet
  facet normal 0 0 1
    outer loop
      vertex -56.5555 -33.4101 32.4
      vertex -57.8055 -31.5393 32.4
      vertex -56.8501 -33.5867 32.4
    endloop
  endfacet
  facet normal -0 0 1
    outer loop
      vertex -57.9108 -31.6024 32.4
      vertex -56.8501 -33.5867 32.4
      vertex -57.8055 -31.5393 32.4
    endloop
  endfacet
  facet normal 0 0 1
    outer loop
      vertex -56.8501 -33.5867 32.4
      vertex -57.9108 -31.6024 32.4
      vertex -57.1606 -33.7336 32.4
    endloop
  endfacet
  facet normal -0 0 1
    outer loop
      vertex -58.0216 -31.6549 32.4
      vertex -57.1606 -33.7336 32.4
      vertex -57.9108 -31.6024 32.4
    endloop
  endfacet
  facet normal 0 0 1
    outer loop
      vertex -57.1606 -33.7336 32.4
      vertex -58.0216 -31.6549 32.4
      vertex -57.484 -33.8493 32.4
    endloop
  endfacet
  facet normal -0 0 1
    outer loop
      vertex -58.1371 -31.6962 32.4
      vertex -57.484 -33.8493 32.4
      vertex -58.0216 -31.6549 32.4
    endloop
  endfacet
  facet normal 0 0 1
    outer loop
      vertex -57.484 -33.8493 32.4
      vertex -58.1371 -31.6962 32.4
      vertex -57.8172 -33.9327 32.4
    endloop
  endfacet
  facet normal -0 0 1
    outer loop
      vertex -58.2561 -31.726 32.4
      vertex -57.8172 -33.9327 32.4
      vertex -58.1371 -31.6962 32.4
    endloop
  endfacet
  facet normal 0 0 1
    outer loop
      vertex -57.8172 -33.9327 32.4
      vertex -58.2561 -31.726 32.4
      vertex -58.1569 -33.9831 32.4
    endloop
  endfacet
  facet normal -0 0 1
    outer loop
      vertex -58.3775 -31.744 32.4
      vertex -58.1569 -33.9831 32.4
      vertex -58.2561 -31.726 32.4
    endloop
  endfacet
  facet normal -0 0 1
    outer loop
      vertex -58.5 -31.75 32.4
      vertex -58.1569 -33.9831 32.4
      vertex -58.3775 -31.744 32.4
    endloop
  endfacet
  facet normal 0 0 1
    outer loop
      vertex -58.5 -31.75 32.4
      vertex -58.5 -34 32.4
      vertex -58.1569 -33.9831 32.4
    endloop
  endfacet
  facet normal 0 0 1
    outer loop
      vertex -58.6225 -31.744 32.4
      vertex -58.5 -34 32.4
      vertex -58.5 -31.75 32.4
    endloop
  endfacet
  facet normal 0 0 1
    outer loop
      vertex -58.8431 -33.9831 32.4
      vertex -58.6225 -31.744 32.4
      vertex -58.7439 -31.726 32.4
    endloop
  endfacet
  facet normal 0 0 1
    outer loop
      vertex -58.6225 -31.744 32.4
      vertex -58.8431 -33.9831 32.4
      vertex -58.5 -34 32.4
    endloop
  endfacet
  facet normal 0 0 1
    outer loop
      vertex -59.1828 -33.9327 32.4
      vertex -58.7439 -31.726 32.4
      vertex -58.8629 -31.6962 32.4
    endloop
  endfacet
  facet normal 0 0 1
    outer loop
      vertex -59.516 -33.8493 32.4
      vertex -58.8629 -31.6962 32.4
      vertex -58.9784 -31.6549 32.4
    endloop
  endfacet
  facet normal 0 0 1
    outer loop
      vertex -59.8394 -33.7336 32.4
      vertex -58.9784 -31.6549 32.4
      vertex -59.0892 -31.6024 32.4
    endloop
  endfacet
  facet normal 0 0 1
    outer loop
      vertex -58.7439 -31.726 32.4
      vertex -59.1828 -33.9327 32.4
      vertex -58.8431 -33.9831 32.4
    endloop
  endfacet
  facet normal 0 0 1
    outer loop
      vertex -60.1499 -33.5867 32.4
      vertex -59.0892 -31.6024 32.4
      vertex -59.1945 -31.5393 32.4
    endloop
  endfacet
  facet normal 0 0 1
    outer loop
      vertex -60.4445 -33.4101 32.4
      vertex -59.1945 -31.5393 32.4
      vertex -59.293 -31.4663 32.4
    endloop
  endfacet
  facet normal 0 0 1
    outer loop
      vertex -60.7204 -33.2055 32.4
      vertex -59.293 -31.4663 32.4
      vertex -59.3839 -31.3839 32.4
    endloop
  endfacet
  facet normal 0 0 1
    outer loop
      vertex -60.9749 -32.9749 32.4
      vertex -59.3839 -31.3839 32.4
      vertex -59.4663 -31.293 32.4
    endloop
  endfacet
  facet normal 0 0 1
    outer loop
      vertex -58.8629 -31.6962 32.4
      vertex -59.516 -33.8493 32.4
      vertex -59.1828 -33.9327 32.4
    endloop
  endfacet
  facet normal 0 0 1
    outer loop
      vertex -61.2055 -32.7204 32.4
      vertex -59.4663 -31.293 32.4
      vertex -59.5393 -31.1945 32.4
    endloop
  endfacet
  facet normal 0 0 1
    outer loop
      vertex -61.4101 -32.4445 32.4
      vertex -59.5393 -31.1945 32.4
      vertex -59.6024 -31.0892 32.4
    endloop
  endfacet
  facet normal 0 0 1
    outer loop
      vertex -61.5867 -32.1499 32.4
      vertex -59.6024 -31.0892 32.4
      vertex -59.6549 -30.9784 32.4
    endloop
  endfacet
  facet normal 0 0 1
    outer loop
      vertex -61.7336 -31.8394 32.4
      vertex -59.6549 -30.9784 32.4
      vertex -59.6962 -30.8629 32.4
    endloop
  endfacet
  facet normal 0 0 1
    outer loop
      vertex -61.8493 -31.516 32.4
      vertex -59.6962 -30.8629 32.4
      vertex -59.726 -30.7439 32.4
    endloop
  endfacet
  facet normal 0 0 1
    outer loop
      vertex -61.9327 -31.1828 32.4
      vertex -59.726 -30.7439 32.4
      vertex -59.744 -30.6225 32.4
    endloop
  endfacet
  facet normal 0 0 1
    outer loop
      vertex -58.9784 -31.6549 32.4
      vertex -59.8394 -33.7336 32.4
      vertex -59.516 -33.8493 32.4
    endloop
  endfacet
  facet normal 0 0 1
    outer loop
      vertex -61.9831 -30.8431 32.4
      vertex -59.744 -30.6225 32.4
      vertex -59.75 -30.5 32.4
    endloop
  endfacet
  facet normal 0 0 1
    outer loop
      vertex -59.5393 -29.8055 32.4
      vertex -61.4101 -28.5555 32.4
      vertex -59.6024 -29.9108 32.4
    endloop
  endfacet
  facet normal -0 0 1
    outer loop
      vertex -61.5867 -28.8501 32.4
      vertex -59.6024 -29.9108 32.4
      vertex -61.4101 -28.5555 32.4
    endloop
  endfacet
  facet normal 0 0 1
    outer loop
      vertex -59.0892 -31.6024 32.4
      vertex -60.1499 -33.5867 32.4
      vertex -59.8394 -33.7336 32.4
    endloop
  endfacet
  facet normal 0 0 1
    outer loop
      vertex -59.6024 -29.9108 32.4
      vertex -61.5867 -28.8501 32.4
      vertex -59.6549 -30.0216 32.4
    endloop
  endfacet
  facet normal 0 0 1
    outer loop
      vertex -59.1945 -31.5393 32.4
      vertex -60.4445 -33.4101 32.4
      vertex -60.1499 -33.5867 32.4
    endloop
  endfacet
  facet normal -0 0 1
    outer loop
      vertex -61.7336 -29.1606 32.4
      vertex -59.6549 -30.0216 32.4
      vertex -61.5867 -28.8501 32.4
    endloop
  endfacet
  facet normal 0 0 1
    outer loop
      vertex -59.293 -31.4663 32.4
      vertex -60.7204 -33.2055 32.4
      vertex -60.4445 -33.4101 32.4
    endloop
  endfacet
  facet normal 0 0 1
    outer loop
      vertex -59.6549 -30.0216 32.4
      vertex -61.7336 -29.1606 32.4
      vertex -59.6962 -30.1371 32.4
    endloop
  endfacet
  facet normal 0 0 1
    outer loop
      vertex -59.3839 -31.3839 32.4
      vertex -60.9749 -32.9749 32.4
      vertex -60.7204 -33.2055 32.4
    endloop
  endfacet
  facet normal -0 0 1
    outer loop
      vertex -61.8493 -29.484 32.4
      vertex -59.6962 -30.1371 32.4
      vertex -61.7336 -29.1606 32.4
    endloop
  endfacet
  facet normal 0 0 1
    outer loop
      vertex -59.4663 -31.293 32.4
      vertex -61.2055 -32.7204 32.4
      vertex -60.9749 -32.9749 32.4
    endloop
  endfacet
  facet normal 0 0 1
    outer loop
      vertex -59.6962 -30.1371 32.4
      vertex -61.8493 -29.484 32.4
      vertex -59.726 -30.2561 32.4
    endloop
  endfacet
  facet normal 0 0 1
    outer loop
      vertex -59.5393 -31.1945 32.4
      vertex -61.4101 -32.4445 32.4
      vertex -61.2055 -32.7204 32.4
    endloop
  endfacet
  facet normal -0 0 1
    outer loop
      vertex -61.9327 -29.8172 32.4
      vertex -59.726 -30.2561 32.4
      vertex -61.8493 -29.484 32.4
    endloop
  endfacet
  facet normal 0 0 1
    outer loop
      vertex -59.6024 -31.0892 32.4
      vertex -61.5867 -32.1499 32.4
      vertex -61.4101 -32.4445 32.4
    endloop
  endfacet
  facet normal 0 0 1
    outer loop
      vertex -59.726 -30.2561 32.4
      vertex -61.9327 -29.8172 32.4
      vertex -59.744 -30.3775 32.4
    endloop
  endfacet
  facet normal 0 0 1
    outer loop
      vertex -59.6549 -30.9784 32.4
      vertex -61.7336 -31.8394 32.4
      vertex -61.5867 -32.1499 32.4
    endloop
  endfacet
  facet normal -0 0 1
    outer loop
      vertex -61.9831 -30.1569 32.4
      vertex -59.744 -30.3775 32.4
      vertex -61.9327 -29.8172 32.4
    endloop
  endfacet
  facet normal 0 0 1
    outer loop
      vertex -59.6962 -30.8629 32.4
      vertex -61.8493 -31.516 32.4
      vertex -61.7336 -31.8394 32.4
    endloop
  endfacet
  facet normal 0 0 1
    outer loop
      vertex -59.744 -30.3775 32.4
      vertex -61.9831 -30.1569 32.4
      vertex -59.75 -30.5 32.4
    endloop
  endfacet
  facet normal 0 0 1
    outer loop
      vertex -59.726 -30.7439 32.4
      vertex -61.9327 -31.1828 32.4
      vertex -61.8493 -31.516 32.4
    endloop
  endfacet
  facet normal 0 0 1
    outer loop
      vertex -62 -30.5 32.4
      vertex -59.75 -30.5 32.4
      vertex -61.9831 -30.1569 32.4
    endloop
  endfacet
  facet normal 0 0 1
    outer loop
      vertex -59.744 -30.6225 32.4
      vertex -61.9831 -30.8431 32.4
      vertex -61.9327 -31.1828 32.4
    endloop
  endfacet
  facet normal 0 0 1
    outer loop
      vertex -59.75 -30.5 32.4
      vertex -62 -30.5 32.4
      vertex -61.9831 -30.8431 32.4
    endloop
  endfacet
  facet normal -0.989186 -0.146667 0
    outer loop
      vertex -57.256 -30.3775 20.4
      vertex -57.274 -30.2561 32.4
      vertex -57.274 -30.2561 20.4
    endloop
  endfacet
  facet normal -0.989186 -0.146667 0
    outer loop
      vertex -57.274 -30.2561 32.4
      vertex -57.256 -30.3775 20.4
      vertex -57.256 -30.3775 32.4
    endloop
  endfacet
  facet normal -0.998803 -0.0489209 0
    outer loop
      vertex -57.25 -30.5 20.4
      vertex -57.256 -30.3775 32.4
      vertex -57.256 -30.3775 20.4
    endloop
  endfacet
  facet normal -0.998803 -0.0489209 0
    outer loop
      vertex -57.256 -30.3775 32.4
      vertex -57.25 -30.5 20.4
      vertex -57.25 -30.5 32.4
    endloop
  endfacet
  facet normal -0.970047 -0.242919 0
    outer loop
      vertex -57.274 -30.2561 20.4
      vertex -57.3038 -30.1371 32.4
      vertex -57.3038 -30.1371 20.4
    endloop
  endfacet
  facet normal -0.970047 -0.242919 0
    outer loop
      vertex -57.3038 -30.1371 32.4
      vertex -57.274 -30.2561 20.4
      vertex -57.274 -30.2561 32.4
    endloop
  endfacet
  facet normal -0.336698 0.941613 0
    outer loop
      vertex -58.0216 -31.6549 20.4
      vertex -58.1371 -31.6962 32.4
      vertex -58.0216 -31.6549 32.4
    endloop
  endfacet
  facet normal -0.336698 0.941613 0
    outer loop
      vertex -58.1371 -31.6962 32.4
      vertex -58.0216 -31.6549 20.4
      vertex -58.1371 -31.6962 20.4
    endloop
  endfacet
  facet normal -0.671617 -0.740898 0
    outer loop
      vertex -57.707 -29.5337 20.4
      vertex -57.6161 -29.6161 32.4
      vertex -57.707 -29.5337 32.4
    endloop
  endfacet
  facet normal -0.671617 -0.740898 -0
    outer loop
      vertex -57.6161 -29.6161 32.4
      vertex -57.707 -29.5337 20.4
      vertex -57.6161 -29.6161 20.4
    endloop
  endfacet
  facet normal 0.85778 -0.514016 0
    outer loop
      vertex -59.6024 -29.9108 32.4
      vertex -59.5393 -29.8055 20.4
      vertex -59.5393 -29.8055 32.4
    endloop
  endfacet
  facet normal 0.85778 -0.514016 0
    outer loop
      vertex -59.5393 -29.8055 20.4
      vertex -59.6024 -29.9108 32.4
      vertex -59.6024 -29.9108 20.4
    endloop
  endfacet
  facet normal 0.146667 0.989186 -0
    outer loop
      vertex -58.6225 -31.744 20.4
      vertex -58.7439 -31.726 32.4
      vertex -58.6225 -31.744 32.4
    endloop
  endfacet
  facet normal 0.146667 0.989186 0
    outer loop
      vertex -58.7439 -31.726 32.4
      vertex -58.6225 -31.744 20.4
      vertex -58.7439 -31.726 20.4
    endloop
  endfacet
  facet normal -0.941613 -0.336698 0
    outer loop
      vertex -57.3038 -30.1371 20.4
      vertex -57.3451 -30.0216 32.4
      vertex -57.3451 -30.0216 20.4
    endloop
  endfacet
  facet normal -0.941613 -0.336698 0
    outer loop
      vertex -57.3451 -30.0216 32.4
      vertex -57.3038 -30.1371 20.4
      vertex -57.3038 -30.1371 32.4
    endloop
  endfacet
  facet normal 0.0489209 -0.998803 0
    outer loop
      vertex -58.6225 -29.256 20.4
      vertex -58.5 -29.25 32.4
      vertex -58.6225 -29.256 32.4
    endloop
  endfacet
  facet normal 0.0489209 -0.998803 0
    outer loop
      vertex -58.5 -29.25 32.4
      vertex -58.6225 -29.256 20.4
      vertex -58.5 -29.25 20.4
    endloop
  endfacet
  facet normal -0.0489209 0.998803 0
    outer loop
      vertex -58.3775 -31.744 20.4
      vertex -58.5 -31.75 32.4
      vertex -58.3775 -31.744 32.4
    endloop
  endfacet
  facet normal -0.0489209 0.998803 0
    outer loop
      vertex -58.5 -31.75 32.4
      vertex -58.3775 -31.744 20.4
      vertex -58.5 -31.75 20.4
    endloop
  endfacet
  facet normal 0.903688 0.428192 0
    outer loop
      vertex -59.6024 -31.0892 32.4
      vertex -59.6549 -30.9784 20.4
      vertex -59.6549 -30.9784 32.4
    endloop
  endfacet
  facet normal 0.903688 0.428192 0
    outer loop
      vertex -59.6549 -30.9784 20.4
      vertex -59.6024 -31.0892 32.4
      vertex -59.6024 -31.0892 20.4
    endloop
  endfacet
  facet normal 0.595423 0.803413 -0
    outer loop
      vertex -59.1945 -31.5393 20.4
      vertex -59.293 -31.4663 32.4
      vertex -59.1945 -31.5393 32.4
    endloop
  endfacet
  facet normal 0.595423 0.803413 0
    outer loop
      vertex -59.293 -31.4663 32.4
      vertex -59.1945 -31.5393 20.4
      vertex -59.293 -31.4663 20.4
    endloop
  endfacet
  facet normal 0.803413 -0.595423 0
    outer loop
      vertex -59.5393 -29.8055 32.4
      vertex -59.4663 -29.707 20.4
      vertex -59.4663 -29.707 32.4
    endloop
  endfacet
  facet normal 0.803413 -0.595423 0
    outer loop
      vertex -59.4663 -29.707 20.4
      vertex -59.5393 -29.8055 32.4
      vertex -59.5393 -29.8055 20.4
    endloop
  endfacet
  facet normal -0.970047 0.242919 0
    outer loop
      vertex -57.3038 -30.8629 20.4
      vertex -57.274 -30.7439 32.4
      vertex -57.274 -30.7439 20.4
    endloop
  endfacet
  facet normal -0.970047 0.242919 0
    outer loop
      vertex -57.274 -30.7439 32.4
      vertex -57.3038 -30.8629 20.4
      vertex -57.3038 -30.8629 32.4
    endloop
  endfacet
  facet normal -0.85778 -0.514016 0
    outer loop
      vertex -57.3976 -29.9108 20.4
      vertex -57.4607 -29.8055 32.4
      vertex -57.4607 -29.8055 20.4
    endloop
  endfacet
  facet normal -0.85778 -0.514016 0
    outer loop
      vertex -57.4607 -29.8055 32.4
      vertex -57.3976 -29.9108 20.4
      vertex -57.3976 -29.9108 32.4
    endloop
  endfacet
  facet normal 0.998803 0.0489209 0
    outer loop
      vertex -59.744 -30.6225 32.4
      vertex -59.75 -30.5 20.4
      vertex -59.75 -30.5 32.4
    endloop
  endfacet
  facet normal 0.998803 0.0489209 0
    outer loop
      vertex -59.75 -30.5 20.4
      vertex -59.744 -30.6225 32.4
      vertex -59.744 -30.6225 20.4
    endloop
  endfacet
  facet normal -0.903688 -0.428192 0
    outer loop
      vertex -57.3451 -30.0216 20.4
      vertex -57.3976 -29.9108 32.4
      vertex -57.3976 -29.9108 20.4
    endloop
  endfacet
  facet normal -0.903688 -0.428192 0
    outer loop
      vertex -57.3976 -29.9108 32.4
      vertex -57.3451 -30.0216 20.4
      vertex -57.3451 -30.0216 32.4
    endloop
  endfacet
  facet normal -0.941613 0.336698 0
    outer loop
      vertex -57.3451 -30.9784 20.4
      vertex -57.3038 -30.8629 32.4
      vertex -57.3038 -30.8629 20.4
    endloop
  endfacet
  facet normal -0.941613 0.336698 0
    outer loop
      vertex -57.3038 -30.8629 32.4
      vertex -57.3451 -30.9784 20.4
      vertex -57.3451 -30.9784 32.4
    endloop
  endfacet
  facet normal 0.428192 0.903688 -0
    outer loop
      vertex -58.9784 -31.6549 20.4
      vertex -59.0892 -31.6024 32.4
      vertex -58.9784 -31.6549 32.4
    endloop
  endfacet
  facet normal 0.428192 0.903688 0
    outer loop
      vertex -59.0892 -31.6024 32.4
      vertex -58.9784 -31.6549 20.4
      vertex -59.0892 -31.6024 20.4
    endloop
  endfacet
  facet normal 0.970047 0.242919 0
    outer loop
      vertex -59.6962 -30.8629 32.4
      vertex -59.726 -30.7439 20.4
      vertex -59.726 -30.7439 32.4
    endloop
  endfacet
  facet normal 0.970047 0.242919 0
    outer loop
      vertex -59.726 -30.7439 20.4
      vertex -59.6962 -30.8629 32.4
      vertex -59.6962 -30.8629 20.4
    endloop
  endfacet
  facet normal 0.740898 -0.671617 0
    outer loop
      vertex -59.4663 -29.707 32.4
      vertex -59.3839 -29.6161 20.4
      vertex -59.3839 -29.6161 32.4
    endloop
  endfacet
  facet normal 0.740898 -0.671617 0
    outer loop
      vertex -59.3839 -29.6161 20.4
      vertex -59.4663 -29.707 32.4
      vertex -59.4663 -29.707 20.4
    endloop
  endfacet
  facet normal 0.242919 0.970047 -0
    outer loop
      vertex -58.7439 -31.726 20.4
      vertex -58.8629 -31.6962 32.4
      vertex -58.7439 -31.726 32.4
    endloop
  endfacet
  facet normal 0.242919 0.970047 0
    outer loop
      vertex -58.8629 -31.6962 32.4
      vertex -58.7439 -31.726 20.4
      vertex -58.8629 -31.6962 20.4
    endloop
  endfacet
  facet normal 0.514016 -0.85778 0
    outer loop
      vertex -59.1945 -29.4607 20.4
      vertex -59.0892 -29.3976 32.4
      vertex -59.1945 -29.4607 32.4
    endloop
  endfacet
  facet normal 0.514016 -0.85778 0
    outer loop
      vertex -59.0892 -29.3976 32.4
      vertex -59.1945 -29.4607 20.4
      vertex -59.0892 -29.3976 20.4
    endloop
  endfacet
  facet normal -0.803413 -0.595423 0
    outer loop
      vertex -57.4607 -29.8055 20.4
      vertex -57.5337 -29.707 32.4
      vertex -57.5337 -29.707 20.4
    endloop
  endfacet
  facet normal -0.803413 -0.595423 0
    outer loop
      vertex -57.5337 -29.707 32.4
      vertex -57.4607 -29.8055 20.4
      vertex -57.4607 -29.8055 32.4
    endloop
  endfacet
  facet normal 0.146667 -0.989186 0
    outer loop
      vertex -58.7439 -29.274 20.4
      vertex -58.6225 -29.256 32.4
      vertex -58.7439 -29.274 32.4
    endloop
  endfacet
  facet normal 0.146667 -0.989186 0
    outer loop
      vertex -58.6225 -29.256 32.4
      vertex -58.7439 -29.274 20.4
      vertex -58.6225 -29.256 20.4
    endloop
  endfacet
  facet normal -0.428192 0.903688 0
    outer loop
      vertex -57.9108 -31.6024 20.4
      vertex -58.0216 -31.6549 32.4
      vertex -57.9108 -31.6024 32.4
    endloop
  endfacet
  facet normal -0.428192 0.903688 0
    outer loop
      vertex -58.0216 -31.6549 32.4
      vertex -57.9108 -31.6024 20.4
      vertex -58.0216 -31.6549 20.4
    endloop
  endfacet
  facet normal 0.671617 -0.740898 0
    outer loop
      vertex -59.3839 -29.6161 20.4
      vertex -59.293 -29.5337 32.4
      vertex -59.3839 -29.6161 32.4
    endloop
  endfacet
  facet normal 0.671617 -0.740898 0
    outer loop
      vertex -59.293 -29.5337 32.4
      vertex -59.3839 -29.6161 20.4
      vertex -59.293 -29.5337 20.4
    endloop
  endfacet
  facet normal -0.85778 0.514016 0
    outer loop
      vertex -57.4607 -31.1945 20.4
      vertex -57.3976 -31.0892 32.4
      vertex -57.3976 -31.0892 20.4
    endloop
  endfacet
  facet normal -0.85778 0.514016 0
    outer loop
      vertex -57.3976 -31.0892 32.4
      vertex -57.4607 -31.1945 20.4
      vertex -57.4607 -31.1945 32.4
    endloop
  endfacet
  facet normal 0.595423 -0.803413 0
    outer loop
      vertex -59.293 -29.5337 20.4
      vertex -59.1945 -29.4607 32.4
      vertex -59.293 -29.5337 32.4
    endloop
  endfacet
  facet normal 0.595423 -0.803413 0
    outer loop
      vertex -59.1945 -29.4607 32.4
      vertex -59.293 -29.5337 20.4
      vertex -59.1945 -29.4607 20.4
    endloop
  endfacet
  facet normal -0.336698 -0.941613 0
    outer loop
      vertex -58.1371 -29.3038 20.4
      vertex -58.0216 -29.3451 32.4
      vertex -58.1371 -29.3038 32.4
    endloop
  endfacet
  facet normal -0.336698 -0.941613 -0
    outer loop
      vertex -58.0216 -29.3451 32.4
      vertex -58.1371 -29.3038 20.4
      vertex -58.0216 -29.3451 20.4
    endloop
  endfacet
  facet normal -0.740898 -0.671617 0
    outer loop
      vertex -57.5337 -29.707 20.4
      vertex -57.6161 -29.6161 32.4
      vertex -57.6161 -29.6161 20.4
    endloop
  endfacet
  facet normal -0.740898 -0.671617 0
    outer loop
      vertex -57.6161 -29.6161 32.4
      vertex -57.5337 -29.707 20.4
      vertex -57.5337 -29.707 32.4
    endloop
  endfacet
  facet normal -0.998803 0.0489209 0
    outer loop
      vertex -57.256 -30.6225 20.4
      vertex -57.25 -30.5 32.4
      vertex -57.25 -30.5 20.4
    endloop
  endfacet
  facet normal -0.998803 0.0489209 0
    outer loop
      vertex -57.25 -30.5 32.4
      vertex -57.256 -30.6225 20.4
      vertex -57.256 -30.6225 32.4
    endloop
  endfacet
  facet normal 0.941613 0.336698 0
    outer loop
      vertex -59.6549 -30.9784 32.4
      vertex -59.6962 -30.8629 20.4
      vertex -59.6962 -30.8629 32.4
    endloop
  endfacet
  facet normal 0.941613 0.336698 0
    outer loop
      vertex -59.6962 -30.8629 20.4
      vertex -59.6549 -30.9784 32.4
      vertex -59.6549 -30.9784 20.4
    endloop
  endfacet
  facet normal -0.514016 -0.85778 0
    outer loop
      vertex -57.9108 -29.3976 20.4
      vertex -57.8055 -29.4607 32.4
      vertex -57.9108 -29.3976 32.4
    endloop
  endfacet
  facet normal -0.514016 -0.85778 -0
    outer loop
      vertex -57.8055 -29.4607 32.4
      vertex -57.9108 -29.3976 20.4
      vertex -57.8055 -29.4607 20.4
    endloop
  endfacet
  facet normal -0.595423 -0.803413 0
    outer loop
      vertex -57.8055 -29.4607 20.4
      vertex -57.707 -29.5337 32.4
      vertex -57.8055 -29.4607 32.4
    endloop
  endfacet
  facet normal -0.595423 -0.803413 -0
    outer loop
      vertex -57.707 -29.5337 32.4
      vertex -57.8055 -29.4607 20.4
      vertex -57.707 -29.5337 20.4
    endloop
  endfacet
  facet normal -0.146667 0.989186 0
    outer loop
      vertex -58.2561 -31.726 20.4
      vertex -58.3775 -31.744 32.4
      vertex -58.2561 -31.726 32.4
    endloop
  endfacet
  facet normal -0.146667 0.989186 0
    outer loop
      vertex -58.3775 -31.744 32.4
      vertex -58.2561 -31.726 20.4
      vertex -58.3775 -31.744 20.4
    endloop
  endfacet
  facet normal -0.740898 0.671617 0
    outer loop
      vertex -57.6161 -31.3839 20.4
      vertex -57.5337 -31.293 32.4
      vertex -57.5337 -31.293 20.4
    endloop
  endfacet
  facet normal -0.740898 0.671617 0
    outer loop
      vertex -57.5337 -31.293 32.4
      vertex -57.6161 -31.3839 20.4
      vertex -57.6161 -31.3839 32.4
    endloop
  endfacet
  facet normal -0.803413 0.595423 0
    outer loop
      vertex -57.5337 -31.293 20.4
      vertex -57.4607 -31.1945 32.4
      vertex -57.4607 -31.1945 20.4
    endloop
  endfacet
  facet normal -0.803413 0.595423 0
    outer loop
      vertex -57.4607 -31.1945 32.4
      vertex -57.5337 -31.293 20.4
      vertex -57.5337 -31.293 32.4
    endloop
  endfacet
  facet normal -0.242919 0.970047 0
    outer loop
      vertex -58.1371 -31.6962 20.4
      vertex -58.2561 -31.726 32.4
      vertex -58.1371 -31.6962 32.4
    endloop
  endfacet
  facet normal -0.242919 0.970047 0
    outer loop
      vertex -58.2561 -31.726 32.4
      vertex -58.1371 -31.6962 20.4
      vertex -58.2561 -31.726 20.4
    endloop
  endfacet
  facet normal -0.903688 0.428192 0
    outer loop
      vertex -57.3976 -31.0892 20.4
      vertex -57.3451 -30.9784 32.4
      vertex -57.3451 -30.9784 20.4
    endloop
  endfacet
  facet normal -0.903688 0.428192 0
    outer loop
      vertex -57.3451 -30.9784 32.4
      vertex -57.3976 -31.0892 20.4
      vertex -57.3976 -31.0892 32.4
    endloop
  endfacet
  facet normal 0.242919 -0.970047 0
    outer loop
      vertex -58.8629 -29.3038 20.4
      vertex -58.7439 -29.274 32.4
      vertex -58.8629 -29.3038 32.4
    endloop
  endfacet
  facet normal 0.242919 -0.970047 0
    outer loop
      vertex -58.7439 -29.274 32.4
      vertex -58.8629 -29.3038 20.4
      vertex -58.7439 -29.274 20.4
    endloop
  endfacet
  facet normal 0.941613 -0.336698 0
    outer loop
      vertex -59.6962 -30.1371 32.4
      vertex -59.6549 -30.0216 20.4
      vertex -59.6549 -30.0216 32.4
    endloop
  endfacet
  facet normal 0.941613 -0.336698 0
    outer loop
      vertex -59.6549 -30.0216 20.4
      vertex -59.6962 -30.1371 32.4
      vertex -59.6962 -30.1371 20.4
    endloop
  endfacet
  facet normal 0.428192 -0.903688 0
    outer loop
      vertex -59.0892 -29.3976 20.4
      vertex -58.9784 -29.3451 32.4
      vertex -59.0892 -29.3976 32.4
    endloop
  endfacet
  facet normal 0.428192 -0.903688 0
    outer loop
      vertex -58.9784 -29.3451 32.4
      vertex -59.0892 -29.3976 20.4
      vertex -58.9784 -29.3451 20.4
    endloop
  endfacet
  facet normal 0.989186 -0.146667 0
    outer loop
      vertex -59.744 -30.3775 32.4
      vertex -59.726 -30.2561 20.4
      vertex -59.726 -30.2561 32.4
    endloop
  endfacet
  facet normal 0.989186 -0.146667 0
    outer loop
      vertex -59.726 -30.2561 20.4
      vertex -59.744 -30.3775 32.4
      vertex -59.744 -30.3775 20.4
    endloop
  endfacet
  facet normal 0.970047 -0.242919 0
    outer loop
      vertex -59.726 -30.2561 32.4
      vertex -59.6962 -30.1371 20.4
      vertex -59.6962 -30.1371 32.4
    endloop
  endfacet
  facet normal 0.970047 -0.242919 0
    outer loop
      vertex -59.6962 -30.1371 20.4
      vertex -59.726 -30.2561 32.4
      vertex -59.726 -30.2561 20.4
    endloop
  endfacet
  facet normal -0.428192 -0.903688 0
    outer loop
      vertex -58.0216 -29.3451 20.4
      vertex -57.9108 -29.3976 32.4
      vertex -58.0216 -29.3451 32.4
    endloop
  endfacet
  facet normal -0.428192 -0.903688 -0
    outer loop
      vertex -57.9108 -29.3976 32.4
      vertex -58.0216 -29.3451 20.4
      vertex -57.9108 -29.3976 20.4
    endloop
  endfacet
  facet normal 0 0 1
    outer loop
      vertex -57.256 -30.3775 20.4
      vertex -57.256 -30.6225 20.4
      vertex -57.25 -30.5 20.4
    endloop
  endfacet
  facet normal 0 0 1
    outer loop
      vertex -57.274 -30.2561 20.4
      vertex -57.256 -30.6225 20.4
      vertex -57.256 -30.3775 20.4
    endloop
  endfacet
  facet normal 0 0 1
    outer loop
      vertex -57.274 -30.2561 20.4
      vertex -57.274 -30.7439 20.4
      vertex -57.256 -30.6225 20.4
    endloop
  endfacet
  facet normal 0 0 1
    outer loop
      vertex -57.3038 -30.1371 20.4
      vertex -57.274 -30.7439 20.4
      vertex -57.274 -30.2561 20.4
    endloop
  endfacet
  facet normal 0 0 1
    outer loop
      vertex -57.3038 -30.1371 20.4
      vertex -57.3038 -30.8629 20.4
      vertex -57.274 -30.7439 20.4
    endloop
  endfacet
  facet normal 0 0 1
    outer loop
      vertex -57.3451 -30.0216 20.4
      vertex -57.3038 -30.8629 20.4
      vertex -57.3038 -30.1371 20.4
    endloop
  endfacet
  facet normal 0 0 1
    outer loop
      vertex -57.3451 -30.0216 20.4
      vertex -57.3451 -30.9784 20.4
      vertex -57.3038 -30.8629 20.4
    endloop
  endfacet
  facet normal 0 0 1
    outer loop
      vertex -57.3976 -29.9108 20.4
      vertex -57.3451 -30.9784 20.4
      vertex -57.3451 -30.0216 20.4
    endloop
  endfacet
  facet normal 0 0 1
    outer loop
      vertex -57.3976 -29.9108 20.4
      vertex -57.3976 -31.0892 20.4
      vertex -57.3451 -30.9784 20.4
    endloop
  endfacet
  facet normal 0 0 1
    outer loop
      vertex -57.4607 -29.8055 20.4
      vertex -57.3976 -31.0892 20.4
      vertex -57.3976 -29.9108 20.4
    endloop
  endfacet
  facet normal 0 0 1
    outer loop
      vertex -57.4607 -29.8055 20.4
      vertex -57.4607 -31.1945 20.4
      vertex -57.3976 -31.0892 20.4
    endloop
  endfacet
  facet normal 0 0 1
    outer loop
      vertex -57.5337 -29.707 20.4
      vertex -57.4607 -31.1945 20.4
      vertex -57.4607 -29.8055 20.4
    endloop
  endfacet
  facet normal 0 0 1
    outer loop
      vertex -57.5337 -29.707 20.4
      vertex -57.5337 -31.293 20.4
      vertex -57.4607 -31.1945 20.4
    endloop
  endfacet
  facet normal 0 0 1
    outer loop
      vertex -57.6161 -29.6161 20.4
      vertex -57.5337 -31.293 20.4
      vertex -57.5337 -29.707 20.4
    endloop
  endfacet
  facet normal 0 0 1
    outer loop
      vertex -57.6161 -29.6161 20.4
      vertex -57.6161 -31.3839 20.4
      vertex -57.5337 -31.293 20.4
    endloop
  endfacet
  facet normal 0 0 1
    outer loop
      vertex -57.707 -29.5337 20.4
      vertex -57.6161 -31.3839 20.4
      vertex -57.6161 -29.6161 20.4
    endloop
  endfacet
  facet normal 0 0 1
    outer loop
      vertex -57.707 -29.5337 20.4
      vertex -57.707 -31.4663 20.4
      vertex -57.6161 -31.3839 20.4
    endloop
  endfacet
  facet normal 0 0 1
    outer loop
      vertex -57.8055 -29.4607 20.4
      vertex -57.707 -31.4663 20.4
      vertex -57.707 -29.5337 20.4
    endloop
  endfacet
  facet normal 0 0 1
    outer loop
      vertex -57.8055 -29.4607 20.4
      vertex -57.8055 -31.5393 20.4
      vertex -57.707 -31.4663 20.4
    endloop
  endfacet
  facet normal 0 0 1
    outer loop
      vertex -57.9108 -29.3976 20.4
      vertex -57.8055 -31.5393 20.4
      vertex -57.8055 -29.4607 20.4
    endloop
  endfacet
  facet normal 0 0 1
    outer loop
      vertex -57.9108 -29.3976 20.4
      vertex -57.9108 -31.6024 20.4
      vertex -57.8055 -31.5393 20.4
    endloop
  endfacet
  facet normal 0 0 1
    outer loop
      vertex -58.0216 -29.3451 20.4
      vertex -57.9108 -31.6024 20.4
      vertex -57.9108 -29.3976 20.4
    endloop
  endfacet
  facet normal 0 0 1
    outer loop
      vertex -58.0216 -29.3451 20.4
      vertex -58.0216 -31.6549 20.4
      vertex -57.9108 -31.6024 20.4
    endloop
  endfacet
  facet normal 0 0 1
    outer loop
      vertex -58.1371 -29.3038 20.4
      vertex -58.0216 -31.6549 20.4
      vertex -58.0216 -29.3451 20.4
    endloop
  endfacet
  facet normal 0 0 1
    outer loop
      vertex -58.1371 -29.3038 20.4
      vertex -58.1371 -31.6962 20.4
      vertex -58.0216 -31.6549 20.4
    endloop
  endfacet
  facet normal 0 0 1
    outer loop
      vertex -58.2561 -29.274 20.4
      vertex -58.1371 -31.6962 20.4
      vertex -58.1371 -29.3038 20.4
    endloop
  endfacet
  facet normal 0 0 1
    outer loop
      vertex -58.2561 -29.274 20.4
      vertex -58.2561 -31.726 20.4
      vertex -58.1371 -31.6962 20.4
    endloop
  endfacet
  facet normal 0 0 1
    outer loop
      vertex -58.3775 -29.256 20.4
      vertex -58.2561 -31.726 20.4
      vertex -58.2561 -29.274 20.4
    endloop
  endfacet
  facet normal 0 0 1
    outer loop
      vertex -58.3775 -29.256 20.4
      vertex -58.3775 -31.744 20.4
      vertex -58.2561 -31.726 20.4
    endloop
  endfacet
  facet normal 0 0 1
    outer loop
      vertex -58.5 -29.25 20.4
      vertex -58.3775 -31.744 20.4
      vertex -58.3775 -29.256 20.4
    endloop
  endfacet
  facet normal 0 0 1
    outer loop
      vertex -58.5 -29.25 20.4
      vertex -58.5 -31.75 20.4
      vertex -58.3775 -31.744 20.4
    endloop
  endfacet
  facet normal -0 0 1
    outer loop
      vertex -58.6225 -29.256 20.4
      vertex -58.5 -31.75 20.4
      vertex -58.5 -29.25 20.4
    endloop
  endfacet
  facet normal 0 0 1
    outer loop
      vertex -58.6225 -29.256 20.4
      vertex -58.6225 -31.744 20.4
      vertex -58.5 -31.75 20.4
    endloop
  endfacet
  facet normal -0 0 1
    outer loop
      vertex -58.7439 -29.274 20.4
      vertex -58.6225 -31.744 20.4
      vertex -58.6225 -29.256 20.4
    endloop
  endfacet
  facet normal 0 0 1
    outer loop
      vertex -58.7439 -29.274 20.4
      vertex -58.7439 -31.726 20.4
      vertex -58.6225 -31.744 20.4
    endloop
  endfacet
  facet normal -0 0 1
    outer loop
      vertex -58.8629 -29.3038 20.4
      vertex -58.7439 -31.726 20.4
      vertex -58.7439 -29.274 20.4
    endloop
  endfacet
  facet normal 0 0 1
    outer loop
      vertex -58.8629 -29.3038 20.4
      vertex -58.8629 -31.6962 20.4
      vertex -58.7439 -31.726 20.4
    endloop
  endfacet
  facet normal -0 0 1
    outer loop
      vertex -58.9784 -29.3451 20.4
      vertex -58.8629 -31.6962 20.4
      vertex -58.8629 -29.3038 20.4
    endloop
  endfacet
  facet normal 0 0 1
    outer loop
      vertex -58.9784 -29.3451 20.4
      vertex -58.9784 -31.6549 20.4
      vertex -58.8629 -31.6962 20.4
    endloop
  endfacet
  facet normal -0 0 1
    outer loop
      vertex -59.0892 -29.3976 20.4
      vertex -58.9784 -31.6549 20.4
      vertex -58.9784 -29.3451 20.4
    endloop
  endfacet
  facet normal 0 0 1
    outer loop
      vertex -59.0892 -29.3976 20.4
      vertex -59.0892 -31.6024 20.4
      vertex -58.9784 -31.6549 20.4
    endloop
  endfacet
  facet normal -0 0 1
    outer loop
      vertex -59.1945 -29.4607 20.4
      vertex -59.0892 -31.6024 20.4
      vertex -59.0892 -29.3976 20.4
    endloop
  endfacet
  facet normal 0 0 1
    outer loop
      vertex -59.1945 -29.4607 20.4
      vertex -59.1945 -31.5393 20.4
      vertex -59.0892 -31.6024 20.4
    endloop
  endfacet
  facet normal -0 0 1
    outer loop
      vertex -59.293 -29.5337 20.4
      vertex -59.1945 -31.5393 20.4
      vertex -59.1945 -29.4607 20.4
    endloop
  endfacet
  facet normal 0 0 1
    outer loop
      vertex -59.293 -29.5337 20.4
      vertex -59.293 -31.4663 20.4
      vertex -59.1945 -31.5393 20.4
    endloop
  endfacet
  facet normal -0 0 1
    outer loop
      vertex -59.3839 -29.6161 20.4
      vertex -59.293 -31.4663 20.4
      vertex -59.293 -29.5337 20.4
    endloop
  endfacet
  facet normal 0 0 1
    outer loop
      vertex -59.3839 -29.6161 20.4
      vertex -59.3839 -31.3839 20.4
      vertex -59.293 -31.4663 20.4
    endloop
  endfacet
  facet normal -0 0 1
    outer loop
      vertex -59.4663 -29.707 20.4
      vertex -59.3839 -31.3839 20.4
      vertex -59.3839 -29.6161 20.4
    endloop
  endfacet
  facet normal 0 0 1
    outer loop
      vertex -59.4663 -29.707 20.4
      vertex -59.4663 -31.293 20.4
      vertex -59.3839 -31.3839 20.4
    endloop
  endfacet
  facet normal -0 0 1
    outer loop
      vertex -59.5393 -29.8055 20.4
      vertex -59.4663 -31.293 20.4
      vertex -59.4663 -29.707 20.4
    endloop
  endfacet
  facet normal 0 0 1
    outer loop
      vertex -59.5393 -29.8055 20.4
      vertex -59.5393 -31.1945 20.4
      vertex -59.4663 -31.293 20.4
    endloop
  endfacet
  facet normal -0 0 1
    outer loop
      vertex -59.6024 -29.9108 20.4
      vertex -59.5393 -31.1945 20.4
      vertex -59.5393 -29.8055 20.4
    endloop
  endfacet
  facet normal 0 0 1
    outer loop
      vertex -59.6024 -29.9108 20.4
      vertex -59.6024 -31.0892 20.4
      vertex -59.5393 -31.1945 20.4
    endloop
  endfacet
  facet normal -0 0 1
    outer loop
      vertex -59.6549 -30.0216 20.4
      vertex -59.6024 -31.0892 20.4
      vertex -59.6024 -29.9108 20.4
    endloop
  endfacet
  facet normal 0 0 1
    outer loop
      vertex -59.6549 -30.0216 20.4
      vertex -59.6549 -30.9784 20.4
      vertex -59.6024 -31.0892 20.4
    endloop
  endfacet
  facet normal -0 0 1
    outer loop
      vertex -59.6962 -30.1371 20.4
      vertex -59.6549 -30.9784 20.4
      vertex -59.6549 -30.0216 20.4
    endloop
  endfacet
  facet normal 0 0 1
    outer loop
      vertex -59.6962 -30.1371 20.4
      vertex -59.6962 -30.8629 20.4
      vertex -59.6549 -30.9784 20.4
    endloop
  endfacet
  facet normal -0 0 1
    outer loop
      vertex -59.726 -30.2561 20.4
      vertex -59.6962 -30.8629 20.4
      vertex -59.6962 -30.1371 20.4
    endloop
  endfacet
  facet normal 0 0 1
    outer loop
      vertex -59.726 -30.2561 20.4
      vertex -59.726 -30.7439 20.4
      vertex -59.6962 -30.8629 20.4
    endloop
  endfacet
  facet normal -0 0 1
    outer loop
      vertex -59.744 -30.3775 20.4
      vertex -59.726 -30.7439 20.4
      vertex -59.726 -30.2561 20.4
    endloop
  endfacet
  facet normal 0 0 1
    outer loop
      vertex -59.744 -30.3775 20.4
      vertex -59.744 -30.6225 20.4
      vertex -59.726 -30.7439 20.4
    endloop
  endfacet
  facet normal 0 -0 1
    outer loop
      vertex -59.744 -30.6225 20.4
      vertex -59.744 -30.3775 20.4
      vertex -59.75 -30.5 20.4
    endloop
  endfacet
  facet normal -0.989186 0.146667 0
    outer loop
      vertex -57.274 -30.7439 20.4
      vertex -57.256 -30.6225 32.4
      vertex -57.256 -30.6225 20.4
    endloop
  endfacet
  facet normal -0.989186 0.146667 0
    outer loop
      vertex -57.256 -30.6225 32.4
      vertex -57.274 -30.7439 20.4
      vertex -57.274 -30.7439 32.4
    endloop
  endfacet
  facet normal -0.146667 -0.989186 0
    outer loop
      vertex -58.3775 -29.256 20.4
      vertex -58.2561 -29.274 32.4
      vertex -58.3775 -29.256 32.4
    endloop
  endfacet
  facet normal -0.146667 -0.989186 -0
    outer loop
      vertex -58.2561 -29.274 32.4
      vertex -58.3775 -29.256 20.4
      vertex -58.2561 -29.274 20.4
    endloop
  endfacet
  facet normal -0.0489209 -0.998803 0
    outer loop
      vertex -58.5 -29.25 20.4
      vertex -58.3775 -29.256 32.4
      vertex -58.5 -29.25 32.4
    endloop
  endfacet
  facet normal -0.0489209 -0.998803 -0
    outer loop
      vertex -58.3775 -29.256 32.4
      vertex -58.5 -29.25 20.4
      vertex -58.3775 -29.256 20.4
    endloop
  endfacet
  facet normal 0.740898 0.671617 0
    outer loop
      vertex -59.3839 -31.3839 32.4
      vertex -59.4663 -31.293 20.4
      vertex -59.4663 -31.293 32.4
    endloop
  endfacet
  facet normal 0.740898 0.671617 0
    outer loop
      vertex -59.4663 -31.293 20.4
      vertex -59.3839 -31.3839 32.4
      vertex -59.3839 -31.3839 20.4
    endloop
  endfacet
  facet normal 0.85778 0.514016 0
    outer loop
      vertex -59.5393 -31.1945 32.4
      vertex -59.6024 -31.0892 20.4
      vertex -59.6024 -31.0892 32.4
    endloop
  endfacet
  facet normal 0.85778 0.514016 0
    outer loop
      vertex -59.6024 -31.0892 20.4
      vertex -59.5393 -31.1945 32.4
      vertex -59.5393 -31.1945 20.4
    endloop
  endfacet
  facet normal 0.336698 -0.941613 0
    outer loop
      vertex -58.9784 -29.3451 20.4
      vertex -58.8629 -29.3038 32.4
      vertex -58.9784 -29.3451 32.4
    endloop
  endfacet
  facet normal 0.336698 -0.941613 0
    outer loop
      vertex -58.8629 -29.3038 32.4
      vertex -58.9784 -29.3451 20.4
      vertex -58.8629 -29.3038 20.4
    endloop
  endfacet
  facet normal 0.514016 0.85778 -0
    outer loop
      vertex -59.0892 -31.6024 20.4
      vertex -59.1945 -31.5393 32.4
      vertex -59.0892 -31.6024 32.4
    endloop
  endfacet
  facet normal 0.514016 0.85778 0
    outer loop
      vertex -59.1945 -31.5393 32.4
      vertex -59.0892 -31.6024 20.4
      vertex -59.1945 -31.5393 20.4
    endloop
  endfacet
  facet normal -0.595423 0.803413 0
    outer loop
      vertex -57.707 -31.4663 20.4
      vertex -57.8055 -31.5393 32.4
      vertex -57.707 -31.4663 32.4
    endloop
  endfacet
  facet normal -0.595423 0.803413 0
    outer loop
      vertex -57.8055 -31.5393 32.4
      vertex -57.707 -31.4663 20.4
      vertex -57.8055 -31.5393 20.4
    endloop
  endfacet
  facet normal 0.803413 0.595423 0
    outer loop
      vertex -59.4663 -31.293 32.4
      vertex -59.5393 -31.1945 20.4
      vertex -59.5393 -31.1945 32.4
    endloop
  endfacet
  facet normal 0.803413 0.595423 0
    outer loop
      vertex -59.5393 -31.1945 20.4
      vertex -59.4663 -31.293 32.4
      vertex -59.4663 -31.293 20.4
    endloop
  endfacet
  facet normal 0.903688 -0.428192 0
    outer loop
      vertex -59.6549 -30.0216 32.4
      vertex -59.6024 -29.9108 20.4
      vertex -59.6024 -29.9108 32.4
    endloop
  endfacet
  facet normal 0.903688 -0.428192 0
    outer loop
      vertex -59.6024 -29.9108 20.4
      vertex -59.6549 -30.0216 32.4
      vertex -59.6549 -30.0216 20.4
    endloop
  endfacet
  facet normal 0.989186 0.146667 0
    outer loop
      vertex -59.726 -30.7439 32.4
      vertex -59.744 -30.6225 20.4
      vertex -59.744 -30.6225 32.4
    endloop
  endfacet
  facet normal 0.989186 0.146667 0
    outer loop
      vertex -59.744 -30.6225 20.4
      vertex -59.726 -30.7439 32.4
      vertex -59.726 -30.7439 20.4
    endloop
  endfacet
  facet normal -0.242919 -0.970047 0
    outer loop
      vertex -58.2561 -29.274 20.4
      vertex -58.1371 -29.3038 32.4
      vertex -58.2561 -29.274 32.4
    endloop
  endfacet
  facet normal -0.242919 -0.970047 -0
    outer loop
      vertex -58.1371 -29.3038 32.4
      vertex -58.2561 -29.274 20.4
      vertex -58.1371 -29.3038 20.4
    endloop
  endfacet
  facet normal -0.514016 0.85778 0
    outer loop
      vertex -57.8055 -31.5393 20.4
      vertex -57.9108 -31.6024 32.4
      vertex -57.8055 -31.5393 32.4
    endloop
  endfacet
  facet normal -0.514016 0.85778 0
    outer loop
      vertex -57.9108 -31.6024 32.4
      vertex -57.8055 -31.5393 20.4
      vertex -57.9108 -31.6024 20.4
    endloop
  endfacet
  facet normal 0.671617 0.740898 -0
    outer loop
      vertex -59.293 -31.4663 20.4
      vertex -59.3839 -31.3839 32.4
      vertex -59.293 -31.4663 32.4
    endloop
  endfacet
  facet normal 0.671617 0.740898 0
    outer loop
      vertex -59.3839 -31.3839 32.4
      vertex -59.293 -31.4663 20.4
      vertex -59.3839 -31.3839 20.4
    endloop
  endfacet
  facet normal 0.0489209 0.998803 -0
    outer loop
      vertex -58.5 -31.75 20.4
      vertex -58.6225 -31.744 32.4
      vertex -58.5 -31.75 32.4
    endloop
  endfacet
  facet normal 0.0489209 0.998803 0
    outer loop
      vertex -58.6225 -31.744 32.4
      vertex -58.5 -31.75 20.4
      vertex -58.6225 -31.744 20.4
    endloop
  endfacet
  facet normal 0.998803 -0.0489209 0
    outer loop
      vertex -59.75 -30.5 32.4
      vertex -59.744 -30.3775 20.4
      vertex -59.744 -30.3775 32.4
    endloop
  endfacet
  facet normal 0.998803 -0.0489209 0
    outer loop
      vertex -59.744 -30.3775 20.4
      vertex -59.75 -30.5 32.4
      vertex -59.75 -30.5 20.4
    endloop
  endfacet
  facet normal 0.336698 0.941613 -0
    outer loop
      vertex -58.8629 -31.6962 20.4
      vertex -58.9784 -31.6549 32.4
      vertex -58.8629 -31.6962 32.4
    endloop
  endfacet
  facet normal 0.336698 0.941613 0
    outer loop
      vertex -58.9784 -31.6549 32.4
      vertex -58.8629 -31.6962 20.4
      vertex -58.9784 -31.6549 20.4
    endloop
  endfacet
  facet normal -0.671617 0.740898 0
    outer loop
      vertex -57.6161 -31.3839 20.4
      vertex -57.707 -31.4663 32.4
      vertex -57.6161 -31.3839 32.4
    endloop
  endfacet
  facet normal -0.671617 0.740898 0
    outer loop
      vertex -57.707 -31.4663 32.4
      vertex -57.6161 -31.3839 20.4
      vertex -57.707 -31.4663 20.4
    endloop
  endfacet
  facet normal 0.989172 0.14676 0
    outer loop
      vertex -55.0169 30.8431 32.4
      vertex -55.0673 31.1828 2.4
      vertex -55.0673 31.1828 32.4
    endloop
  endfacet
  facet normal 0.989172 0.14676 0
    outer loop
      vertex -55.0673 31.1828 2.4
      vertex -55.0169 30.8431 32.4
      vertex -55.0169 30.8431 2.4
    endloop
  endfacet
  facet normal 0.998789 0.0491971 0
    outer loop
      vertex -55 30.5 32.4
      vertex -55.0169 30.8431 2.4
      vertex -55.0169 30.8431 32.4
    endloop
  endfacet
  facet normal 0.998789 0.0491971 0
    outer loop
      vertex -55.0169 30.8431 2.4
      vertex -55 30.5 32.4
      vertex -55 30.5 2.4
    endloop
  endfacet
  facet normal 0.970074 0.24281 0
    outer loop
      vertex -55.0673 31.1828 32.4
      vertex -55.1507 31.516 2.4
      vertex -55.1507 31.516 32.4
    endloop
  endfacet
  facet normal 0.970074 0.24281 0
    outer loop
      vertex -55.1507 31.516 2.4
      vertex -55.0673 31.1828 32.4
      vertex -55.0673 31.1828 2.4
    endloop
  endfacet
  facet normal 0.595659 -0.803237 0
    outer loop
      vertex -56.5555 27.5899 2.4
      vertex -56.2796 27.7945 32.4
      vertex -56.5555 27.5899 32.4
    endloop
  endfacet
  facet normal 0.595659 -0.803237 0
    outer loop
      vertex -56.2796 27.7945 32.4
      vertex -56.5555 27.5899 2.4
      vertex -56.2796 27.7945 2.4
    endloop
  endfacet
  facet normal 0.427661 -0.903939 0
    outer loop
      vertex -57.1606 27.2664 2.4
      vertex -56.8501 27.4133 32.4
      vertex -57.1606 27.2664 32.4
    endloop
  endfacet
  facet normal 0.427661 -0.903939 0
    outer loop
      vertex -56.8501 27.4133 32.4
      vertex -57.1606 27.2664 2.4
      vertex -56.8501 27.4133 2.4
    endloop
  endfacet
  facet normal -0.671454 -0.741046 0
    outer loop
      vertex -60.9749 28.0251 2.4
      vertex -60.7204 27.7945 32.4
      vertex -60.9749 28.0251 32.4
    endloop
  endfacet
  facet normal -0.671454 -0.741046 -0
    outer loop
      vertex -60.7204 27.7945 32.4
      vertex -60.9749 28.0251 2.4
      vertex -60.7204 27.7945 2.4
    endloop
  endfacet
  facet normal 0.514153 0.857698 -0
    outer loop
      vertex -56.5555 33.4101 2.4
      vertex -56.8501 33.5867 32.4
      vertex -56.5555 33.4101 32.4
    endloop
  endfacet
  facet normal 0.514153 0.857698 0
    outer loop
      vertex -56.8501 33.5867 32.4
      vertex -56.5555 33.4101 2.4
      vertex -56.8501 33.5867 2.4
    endloop
  endfacet
  facet normal -0.14676 -0.989172 0
    outer loop
      vertex -59.1828 27.0673 2.4
      vertex -58.8431 27.0169 32.4
      vertex -59.1828 27.0673 32.4
    endloop
  endfacet
  facet normal -0.14676 -0.989172 -0
    outer loop
      vertex -58.8431 27.0169 32.4
      vertex -59.1828 27.0673 2.4
      vertex -58.8431 27.0169 2.4
    endloop
  endfacet
  facet normal -0.24281 0.970074 0
    outer loop
      vertex -59.1828 33.9327 2.4
      vertex -59.516 33.8493 32.4
      vertex -59.1828 33.9327 32.4
    endloop
  endfacet
  facet normal -0.24281 0.970074 0
    outer loop
      vertex -59.516 33.8493 32.4
      vertex -59.1828 33.9327 2.4
      vertex -59.516 33.8493 2.4
    endloop
  endfacet
  facet normal 0.741046 0.671454 0
    outer loop
      vertex -55.7945 32.7204 32.4
      vertex -56.0251 32.9749 2.4
      vertex -56.0251 32.9749 32.4
    endloop
  endfacet
  facet normal 0.741046 0.671454 0
    outer loop
      vertex -56.0251 32.9749 2.4
      vertex -55.7945 32.7204 32.4
      vertex -55.7945 32.7204 2.4
    endloop
  endfacet
  facet normal -0.970074 -0.24281 0
    outer loop
      vertex -61.8493 29.484 2.4
      vertex -61.9327 29.8172 32.4
      vertex -61.9327 29.8172 2.4
    endloop
  endfacet
  facet normal -0.970074 -0.24281 0
    outer loop
      vertex -61.9327 29.8172 32.4
      vertex -61.8493 29.484 2.4
      vertex -61.8493 29.484 32.4
    endloop
  endfacet
  facet normal 0.857698 0.514153 0
    outer loop
      vertex -55.4133 32.1499 32.4
      vertex -55.5899 32.4445 2.4
      vertex -55.5899 32.4445 32.4
    endloop
  endfacet
  facet normal 0.857698 0.514153 0
    outer loop
      vertex -55.5899 32.4445 2.4
      vertex -55.4133 32.1499 32.4
      vertex -55.4133 32.1499 2.4
    endloop
  endfacet
  facet normal 0.671454 0.741046 -0
    outer loop
      vertex -56.0251 32.9749 2.4
      vertex -56.2796 33.2055 32.4
      vertex -56.0251 32.9749 32.4
    endloop
  endfacet
  facet normal 0.671454 0.741046 0
    outer loop
      vertex -56.2796 33.2055 32.4
      vertex -56.0251 32.9749 2.4
      vertex -56.2796 33.2055 2.4
    endloop
  endfacet
  facet normal -0.941557 -0.336853 0
    outer loop
      vertex -61.7336 29.1606 2.4
      vertex -61.8493 29.484 32.4
      vertex -61.8493 29.484 2.4
    endloop
  endfacet
  facet normal -0.941557 -0.336853 0
    outer loop
      vertex -61.8493 29.484 32.4
      vertex -61.7336 29.1606 2.4
      vertex -61.7336 29.1606 32.4
    endloop
  endfacet
  facet normal 0.336853 -0.941557 0
    outer loop
      vertex -57.484 27.1507 2.4
      vertex -57.1606 27.2664 32.4
      vertex -57.484 27.1507 32.4
    endloop
  endfacet
  facet normal 0.336853 -0.941557 0
    outer loop
      vertex -57.1606 27.2664 32.4
      vertex -57.484 27.1507 2.4
      vertex -57.1606 27.2664 2.4
    endloop
  endfacet
  facet normal 0.941557 0.336853 0
    outer loop
      vertex -55.1507 31.516 32.4
      vertex -55.2664 31.8394 2.4
      vertex -55.2664 31.8394 32.4
    endloop
  endfacet
  facet normal 0.941557 0.336853 0
    outer loop
      vertex -55.2664 31.8394 2.4
      vertex -55.1507 31.516 32.4
      vertex -55.1507 31.516 2.4
    endloop
  endfacet
  facet normal -0.998789 -0.0491971 0
    outer loop
      vertex -61.9831 30.1569 2.4
      vertex -62 30.5 32.4
      vertex -62 30.5 2.4
    endloop
  endfacet
  facet normal -0.998789 -0.0491971 0
    outer loop
      vertex -62 30.5 32.4
      vertex -61.9831 30.1569 2.4
      vertex -61.9831 30.1569 32.4
    endloop
  endfacet
  facet normal -0.0491971 0.998789 0
    outer loop
      vertex -58.5 34 2.4
      vertex -58.8431 33.9831 32.4
      vertex -58.5 34 32.4
    endloop
  endfacet
  facet normal -0.0491971 0.998789 0
    outer loop
      vertex -58.8431 33.9831 32.4
      vertex -58.5 34 2.4
      vertex -58.8431 33.9831 2.4
    endloop
  endfacet
  facet normal 0.903939 -0.427661 0
    outer loop
      vertex -55.4133 28.8501 32.4
      vertex -55.2664 29.1606 2.4
      vertex -55.2664 29.1606 32.4
    endloop
  endfacet
  facet normal 0.903939 -0.427661 0
    outer loop
      vertex -55.2664 29.1606 2.4
      vertex -55.4133 28.8501 32.4
      vertex -55.4133 28.8501 2.4
    endloop
  endfacet
  facet normal 0.595659 0.803237 -0
    outer loop
      vertex -56.2796 33.2055 2.4
      vertex -56.5555 33.4101 32.4
      vertex -56.2796 33.2055 32.4
    endloop
  endfacet
  facet normal 0.595659 0.803237 0
    outer loop
      vertex -56.5555 33.4101 32.4
      vertex -56.2796 33.2055 2.4
      vertex -56.5555 33.4101 2.4
    endloop
  endfacet
  facet normal 0.998789 -0.0491971 0
    outer loop
      vertex -55.0169 30.1569 32.4
      vertex -55 30.5 2.4
      vertex -55 30.5 32.4
    endloop
  endfacet
  facet normal 0.998789 -0.0491971 0
    outer loop
      vertex -55 30.5 2.4
      vertex -55.0169 30.1569 32.4
      vertex -55.0169 30.1569 2.4
    endloop
  endfacet
  facet normal -0.336853 -0.941557 0
    outer loop
      vertex -59.8394 27.2664 2.4
      vertex -59.516 27.1507 32.4
      vertex -59.8394 27.2664 32.4
    endloop
  endfacet
  facet normal -0.336853 -0.941557 -0
    outer loop
      vertex -59.516 27.1507 32.4
      vertex -59.8394 27.2664 2.4
      vertex -59.516 27.1507 2.4
    endloop
  endfacet
  facet normal -0.0491971 -0.998789 0
    outer loop
      vertex -58.8431 27.0169 2.4
      vertex -58.5 27 32.4
      vertex -58.8431 27.0169 32.4
    endloop
  endfacet
  facet normal -0.0491971 -0.998789 -0
    outer loop
      vertex -58.5 27 32.4
      vertex -58.8431 27.0169 2.4
      vertex -58.5 27 2.4
    endloop
  endfacet
  facet normal 0.0491971 -0.998789 0
    outer loop
      vertex -58.5 27 2.4
      vertex -58.1569 27.0169 32.4
      vertex -58.5 27 32.4
    endloop
  endfacet
  facet normal 0.0491971 -0.998789 0
    outer loop
      vertex -58.1569 27.0169 32.4
      vertex -58.5 27 2.4
      vertex -58.1569 27.0169 2.4
    endloop
  endfacet
  facet normal 0.803237 0.595659 0
    outer loop
      vertex -55.5899 32.4445 32.4
      vertex -55.7945 32.7204 2.4
      vertex -55.7945 32.7204 32.4
    endloop
  endfacet
  facet normal 0.803237 0.595659 0
    outer loop
      vertex -55.7945 32.7204 2.4
      vertex -55.5899 32.4445 32.4
      vertex -55.5899 32.4445 2.4
    endloop
  endfacet
  facet normal -0.671454 0.741046 0
    outer loop
      vertex -60.7204 33.2055 2.4
      vertex -60.9749 32.9749 32.4
      vertex -60.7204 33.2055 32.4
    endloop
  endfacet
  facet normal -0.671454 0.741046 0
    outer loop
      vertex -60.9749 32.9749 32.4
      vertex -60.7204 33.2055 2.4
      vertex -60.9749 32.9749 2.4
    endloop
  endfacet
  facet normal 0.14676 0.989172 -0
    outer loop
      vertex -57.8172 33.9327 2.4
      vertex -58.1569 33.9831 32.4
      vertex -57.8172 33.9327 32.4
    endloop
  endfacet
  facet normal 0.14676 0.989172 0
    outer loop
      vertex -58.1569 33.9831 32.4
      vertex -57.8172 33.9327 2.4
      vertex -58.1569 33.9831 2.4
    endloop
  endfacet
  facet normal 0.14676 -0.989172 0
    outer loop
      vertex -58.1569 27.0169 2.4
      vertex -57.8172 27.0673 32.4
      vertex -58.1569 27.0169 32.4
    endloop
  endfacet
  facet normal 0.14676 -0.989172 0
    outer loop
      vertex -57.8172 27.0673 32.4
      vertex -58.1569 27.0169 2.4
      vertex -57.8172 27.0673 2.4
    endloop
  endfacet
  facet normal 0.427661 0.903939 -0
    outer loop
      vertex -56.8501 33.5867 2.4
      vertex -57.1606 33.7336 32.4
      vertex -56.8501 33.5867 32.4
    endloop
  endfacet
  facet normal 0.427661 0.903939 0
    outer loop
      vertex -57.1606 33.7336 32.4
      vertex -56.8501 33.5867 2.4
      vertex -57.1606 33.7336 2.4
    endloop
  endfacet
  facet normal 0.941557 -0.336853 0
    outer loop
      vertex -55.2664 29.1606 32.4
      vertex -55.1507 29.484 2.4
      vertex -55.1507 29.484 32.4
    endloop
  endfacet
  facet normal 0.941557 -0.336853 0
    outer loop
      vertex -55.1507 29.484 2.4
      vertex -55.2664 29.1606 32.4
      vertex -55.2664 29.1606 2.4
    endloop
  endfacet
  facet normal 0.741046 -0.671454 0
    outer loop
      vertex -56.0251 28.0251 32.4
      vertex -55.7945 28.2796 2.4
      vertex -55.7945 28.2796 32.4
    endloop
  endfacet
  facet normal 0.741046 -0.671454 0
    outer loop
      vertex -55.7945 28.2796 2.4
      vertex -56.0251 28.0251 32.4
      vertex -56.0251 28.0251 2.4
    endloop
  endfacet
  facet normal -0.741046 0.671454 0
    outer loop
      vertex -61.2055 32.7204 2.4
      vertex -60.9749 32.9749 32.4
      vertex -60.9749 32.9749 2.4
    endloop
  endfacet
  facet normal -0.741046 0.671454 0
    outer loop
      vertex -60.9749 32.9749 32.4
      vertex -61.2055 32.7204 2.4
      vertex -61.2055 32.7204 32.4
    endloop
  endfacet
  facet normal -0.857698 0.514153 0
    outer loop
      vertex -61.5867 32.1499 2.4
      vertex -61.4101 32.4445 32.4
      vertex -61.4101 32.4445 2.4
    endloop
  endfacet
  facet normal -0.857698 0.514153 0
    outer loop
      vertex -61.4101 32.4445 32.4
      vertex -61.5867 32.1499 2.4
      vertex -61.5867 32.1499 32.4
    endloop
  endfacet
  facet normal 0.903939 0.427661 0
    outer loop
      vertex -55.2664 31.8394 32.4
      vertex -55.4133 32.1499 2.4
      vertex -55.4133 32.1499 32.4
    endloop
  endfacet
  facet normal 0.903939 0.427661 0
    outer loop
      vertex -55.4133 32.1499 2.4
      vertex -55.2664 31.8394 32.4
      vertex -55.2664 31.8394 2.4
    endloop
  endfacet
  facet normal -0.514153 0.857698 0
    outer loop
      vertex -60.1499 33.5867 2.4
      vertex -60.4445 33.4101 32.4
      vertex -60.1499 33.5867 32.4
    endloop
  endfacet
  facet normal -0.514153 0.857698 0
    outer loop
      vertex -60.4445 33.4101 32.4
      vertex -60.1499 33.5867 2.4
      vertex -60.4445 33.4101 2.4
    endloop
  endfacet
  facet normal 0.989172 -0.14676 0
    outer loop
      vertex -55.0673 29.8172 32.4
      vertex -55.0169 30.1569 2.4
      vertex -55.0169 30.1569 32.4
    endloop
  endfacet
  facet normal 0.989172 -0.14676 0
    outer loop
      vertex -55.0169 30.1569 2.4
      vertex -55.0673 29.8172 32.4
      vertex -55.0673 29.8172 2.4
    endloop
  endfacet
  facet normal 0.514153 -0.857698 0
    outer loop
      vertex -56.8501 27.4133 2.4
      vertex -56.5555 27.5899 32.4
      vertex -56.8501 27.4133 32.4
    endloop
  endfacet
  facet normal 0.514153 -0.857698 0
    outer loop
      vertex -56.5555 27.5899 32.4
      vertex -56.8501 27.4133 2.4
      vertex -56.5555 27.5899 2.4
    endloop
  endfacet
  facet normal -0.941557 0.336853 0
    outer loop
      vertex -61.8493 31.516 2.4
      vertex -61.7336 31.8394 32.4
      vertex -61.7336 31.8394 2.4
    endloop
  endfacet
  facet normal -0.941557 0.336853 0
    outer loop
      vertex -61.7336 31.8394 32.4
      vertex -61.8493 31.516 2.4
      vertex -61.8493 31.516 32.4
    endloop
  endfacet
  facet normal 0.336853 0.941557 -0
    outer loop
      vertex -57.1606 33.7336 2.4
      vertex -57.484 33.8493 32.4
      vertex -57.1606 33.7336 32.4
    endloop
  endfacet
  facet normal 0.336853 0.941557 0
    outer loop
      vertex -57.484 33.8493 32.4
      vertex -57.1606 33.7336 2.4
      vertex -57.484 33.8493 2.4
    endloop
  endfacet
  facet normal 0.24281 0.970074 -0
    outer loop
      vertex -57.484 33.8493 2.4
      vertex -57.8172 33.9327 32.4
      vertex -57.484 33.8493 32.4
    endloop
  endfacet
  facet normal 0.24281 0.970074 0
    outer loop
      vertex -57.8172 33.9327 32.4
      vertex -57.484 33.8493 2.4
      vertex -57.8172 33.9327 2.4
    endloop
  endfacet
  facet normal -0.427661 0.903939 0
    outer loop
      vertex -59.8394 33.7336 2.4
      vertex -60.1499 33.5867 32.4
      vertex -59.8394 33.7336 32.4
    endloop
  endfacet
  facet normal -0.427661 0.903939 0
    outer loop
      vertex -60.1499 33.5867 32.4
      vertex -59.8394 33.7336 2.4
      vertex -60.1499 33.5867 2.4
    endloop
  endfacet
  facet normal -0.595659 0.803237 0
    outer loop
      vertex -60.4445 33.4101 2.4
      vertex -60.7204 33.2055 32.4
      vertex -60.4445 33.4101 32.4
    endloop
  endfacet
  facet normal -0.595659 0.803237 0
    outer loop
      vertex -60.7204 33.2055 32.4
      vertex -60.4445 33.4101 2.4
      vertex -60.7204 33.2055 2.4
    endloop
  endfacet
  facet normal -0.14676 0.989172 0
    outer loop
      vertex -58.8431 33.9831 2.4
      vertex -59.1828 33.9327 32.4
      vertex -58.8431 33.9831 32.4
    endloop
  endfacet
  facet normal -0.14676 0.989172 0
    outer loop
      vertex -59.1828 33.9327 32.4
      vertex -58.8431 33.9831 2.4
      vertex -59.1828 33.9327 2.4
    endloop
  endfacet
  facet normal 0.24281 -0.970074 0
    outer loop
      vertex -57.8172 27.0673 2.4
      vertex -57.484 27.1507 32.4
      vertex -57.8172 27.0673 32.4
    endloop
  endfacet
  facet normal 0.24281 -0.970074 0
    outer loop
      vertex -57.484 27.1507 32.4
      vertex -57.8172 27.0673 2.4
      vertex -57.484 27.1507 2.4
    endloop
  endfacet
  facet normal -0.903939 -0.427661 0
    outer loop
      vertex -61.5867 28.8501 2.4
      vertex -61.7336 29.1606 32.4
      vertex -61.7336 29.1606 2.4
    endloop
  endfacet
  facet normal -0.903939 -0.427661 0
    outer loop
      vertex -61.7336 29.1606 32.4
      vertex -61.5867 28.8501 2.4
      vertex -61.5867 28.8501 32.4
    endloop
  endfacet
  facet normal -0.970074 0.24281 0
    outer loop
      vertex -61.9327 31.1828 2.4
      vertex -61.8493 31.516 32.4
      vertex -61.8493 31.516 2.4
    endloop
  endfacet
  facet normal -0.970074 0.24281 0
    outer loop
      vertex -61.8493 31.516 32.4
      vertex -61.9327 31.1828 2.4
      vertex -61.9327 31.1828 32.4
    endloop
  endfacet
  facet normal -0.741046 -0.671454 0
    outer loop
      vertex -60.9749 28.0251 2.4
      vertex -61.2055 28.2796 32.4
      vertex -61.2055 28.2796 2.4
    endloop
  endfacet
  facet normal -0.741046 -0.671454 0
    outer loop
      vertex -61.2055 28.2796 32.4
      vertex -60.9749 28.0251 2.4
      vertex -60.9749 28.0251 32.4
    endloop
  endfacet
  facet normal -0.336853 0.941557 0
    outer loop
      vertex -59.516 33.8493 2.4
      vertex -59.8394 33.7336 32.4
      vertex -59.516 33.8493 32.4
    endloop
  endfacet
  facet normal -0.336853 0.941557 0
    outer loop
      vertex -59.8394 33.7336 32.4
      vertex -59.516 33.8493 2.4
      vertex -59.8394 33.7336 2.4
    endloop
  endfacet
  facet normal -0.989172 0.14676 0
    outer loop
      vertex -61.9831 30.8431 2.4
      vertex -61.9327 31.1828 32.4
      vertex -61.9327 31.1828 2.4
    endloop
  endfacet
  facet normal -0.989172 0.14676 0
    outer loop
      vertex -61.9327 31.1828 32.4
      vertex -61.9831 30.8431 2.4
      vertex -61.9831 30.8431 32.4
    endloop
  endfacet
  facet normal -0.998789 0.0491971 0
    outer loop
      vertex -62 30.5 2.4
      vertex -61.9831 30.8431 32.4
      vertex -61.9831 30.8431 2.4
    endloop
  endfacet
  facet normal -0.998789 0.0491971 0
    outer loop
      vertex -61.9831 30.8431 32.4
      vertex -62 30.5 2.4
      vertex -62 30.5 32.4
    endloop
  endfacet
  facet normal -0.989172 -0.14676 0
    outer loop
      vertex -61.9327 29.8172 2.4
      vertex -61.9831 30.1569 32.4
      vertex -61.9831 30.1569 2.4
    endloop
  endfacet
  facet normal -0.989172 -0.14676 0
    outer loop
      vertex -61.9831 30.1569 32.4
      vertex -61.9327 29.8172 2.4
      vertex -61.9327 29.8172 32.4
    endloop
  endfacet
  facet normal -0.803237 0.595659 0
    outer loop
      vertex -61.4101 32.4445 2.4
      vertex -61.2055 32.7204 32.4
      vertex -61.2055 32.7204 2.4
    endloop
  endfacet
  facet normal -0.803237 0.595659 0
    outer loop
      vertex -61.2055 32.7204 32.4
      vertex -61.4101 32.4445 2.4
      vertex -61.4101 32.4445 32.4
    endloop
  endfacet
  facet normal 0.970074 -0.24281 0
    outer loop
      vertex -55.1507 29.484 32.4
      vertex -55.0673 29.8172 2.4
      vertex -55.0673 29.8172 32.4
    endloop
  endfacet
  facet normal 0.970074 -0.24281 0
    outer loop
      vertex -55.0673 29.8172 2.4
      vertex -55.1507 29.484 32.4
      vertex -55.1507 29.484 2.4
    endloop
  endfacet
  facet normal -0.803237 -0.595659 0
    outer loop
      vertex -61.2055 28.2796 2.4
      vertex -61.4101 28.5555 32.4
      vertex -61.4101 28.5555 2.4
    endloop
  endfacet
  facet normal -0.803237 -0.595659 0
    outer loop
      vertex -61.4101 28.5555 32.4
      vertex -61.2055 28.2796 2.4
      vertex -61.2055 28.2796 32.4
    endloop
  endfacet
  facet normal 0.0491971 0.998789 -0
    outer loop
      vertex -58.1569 33.9831 2.4
      vertex -58.5 34 32.4
      vertex -58.1569 33.9831 32.4
    endloop
  endfacet
  facet normal 0.0491971 0.998789 0
    outer loop
      vertex -58.5 34 32.4
      vertex -58.1569 33.9831 2.4
      vertex -58.5 34 2.4
    endloop
  endfacet
  facet normal 0.857698 -0.514153 0
    outer loop
      vertex -55.5899 28.5555 32.4
      vertex -55.4133 28.8501 2.4
      vertex -55.4133 28.8501 32.4
    endloop
  endfacet
  facet normal 0.857698 -0.514153 0
    outer loop
      vertex -55.4133 28.8501 2.4
      vertex -55.5899 28.5555 32.4
      vertex -55.5899 28.5555 2.4
    endloop
  endfacet
  facet normal -0.514153 -0.857698 0
    outer loop
      vertex -60.4445 27.5899 2.4
      vertex -60.1499 27.4133 32.4
      vertex -60.4445 27.5899 32.4
    endloop
  endfacet
  facet normal -0.514153 -0.857698 -0
    outer loop
      vertex -60.1499 27.4133 32.4
      vertex -60.4445 27.5899 2.4
      vertex -60.1499 27.4133 2.4
    endloop
  endfacet
  facet normal -0.595659 -0.803237 0
    outer loop
      vertex -60.7204 27.7945 2.4
      vertex -60.4445 27.5899 32.4
      vertex -60.7204 27.7945 32.4
    endloop
  endfacet
  facet normal -0.595659 -0.803237 -0
    outer loop
      vertex -60.4445 27.5899 32.4
      vertex -60.7204 27.7945 2.4
      vertex -60.4445 27.5899 2.4
    endloop
  endfacet
  facet normal -0.427661 -0.903939 0
    outer loop
      vertex -60.1499 27.4133 2.4
      vertex -59.8394 27.2664 32.4
      vertex -60.1499 27.4133 32.4
    endloop
  endfacet
  facet normal -0.427661 -0.903939 -0
    outer loop
      vertex -59.8394 27.2664 32.4
      vertex -60.1499 27.4133 2.4
      vertex -59.8394 27.2664 2.4
    endloop
  endfacet
  facet normal 0.803237 -0.595659 0
    outer loop
      vertex -55.7945 28.2796 32.4
      vertex -55.5899 28.5555 2.4
      vertex -55.5899 28.5555 32.4
    endloop
  endfacet
  facet normal 0.803237 -0.595659 0
    outer loop
      vertex -55.5899 28.5555 2.4
      vertex -55.7945 28.2796 32.4
      vertex -55.7945 28.2796 2.4
    endloop
  endfacet
  facet normal -0.24281 -0.970074 0
    outer loop
      vertex -59.516 27.1507 2.4
      vertex -59.1828 27.0673 32.4
      vertex -59.516 27.1507 32.4
    endloop
  endfacet
  facet normal -0.24281 -0.970074 -0
    outer loop
      vertex -59.1828 27.0673 32.4
      vertex -59.516 27.1507 2.4
      vertex -59.1828 27.0673 2.4
    endloop
  endfacet
  facet normal -0.857698 -0.514153 0
    outer loop
      vertex -61.4101 28.5555 2.4
      vertex -61.5867 28.8501 32.4
      vertex -61.5867 28.8501 2.4
    endloop
  endfacet
  facet normal -0.857698 -0.514153 0
    outer loop
      vertex -61.5867 28.8501 32.4
      vertex -61.4101 28.5555 2.4
      vertex -61.4101 28.5555 32.4
    endloop
  endfacet
  facet normal -0.903939 0.427661 0
    outer loop
      vertex -61.7336 31.8394 2.4
      vertex -61.5867 32.1499 32.4
      vertex -61.5867 32.1499 2.4
    endloop
  endfacet
  facet normal -0.903939 0.427661 0
    outer loop
      vertex -61.5867 32.1499 32.4
      vertex -61.7336 31.8394 2.4
      vertex -61.7336 31.8394 32.4
    endloop
  endfacet
  facet normal 0.671454 -0.741046 0
    outer loop
      vertex -56.2796 27.7945 2.4
      vertex -56.0251 28.0251 32.4
      vertex -56.2796 27.7945 32.4
    endloop
  endfacet
  facet normal 0.671454 -0.741046 0
    outer loop
      vertex -56.0251 28.0251 32.4
      vertex -56.2796 27.7945 2.4
      vertex -56.0251 28.0251 2.4
    endloop
  endfacet
  facet normal 0 0 -1
    outer loop
      vertex -55.0169 30.1569 2.4
      vertex -55.0169 30.8431 2.4
      vertex -55 30.5 2.4
    endloop
  endfacet
  facet normal 0 0 -1
    outer loop
      vertex -55.0673 29.8172 2.4
      vertex -55.0169 30.8431 2.4
      vertex -55.0169 30.1569 2.4
    endloop
  endfacet
  facet normal 0 0 -1
    outer loop
      vertex -55.0673 29.8172 2.4
      vertex -55.0673 31.1828 2.4
      vertex -55.0169 30.8431 2.4
    endloop
  endfacet
  facet normal 0 0 -1
    outer loop
      vertex -55.1507 29.484 2.4
      vertex -55.0673 31.1828 2.4
      vertex -55.0673 29.8172 2.4
    endloop
  endfacet
  facet normal 0 0 -1
    outer loop
      vertex -55.1507 29.484 2.4
      vertex -55.1507 31.516 2.4
      vertex -55.0673 31.1828 2.4
    endloop
  endfacet
  facet normal 0 0 -1
    outer loop
      vertex -55.2664 29.1606 2.4
      vertex -55.1507 31.516 2.4
      vertex -55.1507 29.484 2.4
    endloop
  endfacet
  facet normal 0 0 -1
    outer loop
      vertex -55.2664 29.1606 2.4
      vertex -55.2664 31.8394 2.4
      vertex -55.1507 31.516 2.4
    endloop
  endfacet
  facet normal 0 0 -1
    outer loop
      vertex -55.4133 28.8501 2.4
      vertex -55.2664 31.8394 2.4
      vertex -55.2664 29.1606 2.4
    endloop
  endfacet
  facet normal 0 0 -1
    outer loop
      vertex -55.4133 28.8501 2.4
      vertex -55.4133 32.1499 2.4
      vertex -55.2664 31.8394 2.4
    endloop
  endfacet
  facet normal 0 0 -1
    outer loop
      vertex -55.5899 28.5555 2.4
      vertex -55.4133 32.1499 2.4
      vertex -55.4133 28.8501 2.4
    endloop
  endfacet
  facet normal 0 0 -1
    outer loop
      vertex -55.5899 28.5555 2.4
      vertex -55.5899 32.4445 2.4
      vertex -55.4133 32.1499 2.4
    endloop
  endfacet
  facet normal 0 0 -1
    outer loop
      vertex -55.7945 28.2796 2.4
      vertex -55.5899 32.4445 2.4
      vertex -55.5899 28.5555 2.4
    endloop
  endfacet
  facet normal 0 0 -1
    outer loop
      vertex -55.7945 28.2796 2.4
      vertex -55.7945 32.7204 2.4
      vertex -55.5899 32.4445 2.4
    endloop
  endfacet
  facet normal 0 0 -1
    outer loop
      vertex -56.0251 28.0251 2.4
      vertex -55.7945 32.7204 2.4
      vertex -55.7945 28.2796 2.4
    endloop
  endfacet
  facet normal 0 0 -1
    outer loop
      vertex -56.0251 28.0251 2.4
      vertex -56.0251 32.9749 2.4
      vertex -55.7945 32.7204 2.4
    endloop
  endfacet
  facet normal 0 0 -1
    outer loop
      vertex -56.2796 27.7945 2.4
      vertex -56.0251 32.9749 2.4
      vertex -56.0251 28.0251 2.4
    endloop
  endfacet
  facet normal 0 0 -1
    outer loop
      vertex -56.2796 27.7945 2.4
      vertex -56.2796 33.2055 2.4
      vertex -56.0251 32.9749 2.4
    endloop
  endfacet
  facet normal 0 0 -1
    outer loop
      vertex -56.5555 27.5899 2.4
      vertex -56.2796 33.2055 2.4
      vertex -56.2796 27.7945 2.4
    endloop
  endfacet
  facet normal 0 0 -1
    outer loop
      vertex -56.5555 27.5899 2.4
      vertex -56.5555 33.4101 2.4
      vertex -56.2796 33.2055 2.4
    endloop
  endfacet
  facet normal 0 0 -1
    outer loop
      vertex -56.8501 27.4133 2.4
      vertex -56.5555 33.4101 2.4
      vertex -56.5555 27.5899 2.4
    endloop
  endfacet
  facet normal 0 0 -1
    outer loop
      vertex -56.8501 27.4133 2.4
      vertex -56.8501 33.5867 2.4
      vertex -56.5555 33.4101 2.4
    endloop
  endfacet
  facet normal 0 0 -1
    outer loop
      vertex -57.1606 27.2664 2.4
      vertex -56.8501 33.5867 2.4
      vertex -56.8501 27.4133 2.4
    endloop
  endfacet
  facet normal 0 0 -1
    outer loop
      vertex -57.1606 27.2664 2.4
      vertex -57.1606 33.7336 2.4
      vertex -56.8501 33.5867 2.4
    endloop
  endfacet
  facet normal 0 0 -1
    outer loop
      vertex -57.484 27.1507 2.4
      vertex -57.1606 33.7336 2.4
      vertex -57.1606 27.2664 2.4
    endloop
  endfacet
  facet normal 0 0 -1
    outer loop
      vertex -57.484 27.1507 2.4
      vertex -57.484 33.8493 2.4
      vertex -57.1606 33.7336 2.4
    endloop
  endfacet
  facet normal 0 0 -1
    outer loop
      vertex -57.8172 27.0673 2.4
      vertex -57.484 33.8493 2.4
      vertex -57.484 27.1507 2.4
    endloop
  endfacet
  facet normal 0 0 -1
    outer loop
      vertex -57.8172 27.0673 2.4
      vertex -57.8172 33.9327 2.4
      vertex -57.484 33.8493 2.4
    endloop
  endfacet
  facet normal 0 0 -1
    outer loop
      vertex -58.1569 27.0169 2.4
      vertex -57.8172 33.9327 2.4
      vertex -57.8172 27.0673 2.4
    endloop
  endfacet
  facet normal 0 0 -1
    outer loop
      vertex -58.1569 27.0169 2.4
      vertex -58.1569 33.9831 2.4
      vertex -57.8172 33.9327 2.4
    endloop
  endfacet
  facet normal 0 0 -1
    outer loop
      vertex -58.5 27 2.4
      vertex -58.1569 33.9831 2.4
      vertex -58.1569 27.0169 2.4
    endloop
  endfacet
  facet normal 0 0 -1
    outer loop
      vertex -58.5 27 2.4
      vertex -58.5 34 2.4
      vertex -58.1569 33.9831 2.4
    endloop
  endfacet
  facet normal 0 0 -1
    outer loop
      vertex -58.8431 27.0169 2.4
      vertex -58.5 34 2.4
      vertex -58.5 27 2.4
    endloop
  endfacet
  facet normal 0 0 -1
    outer loop
      vertex -58.8431 27.0169 2.4
      vertex -58.8431 33.9831 2.4
      vertex -58.5 34 2.4
    endloop
  endfacet
  facet normal 0 0 -1
    outer loop
      vertex -59.1828 27.0673 2.4
      vertex -58.8431 33.9831 2.4
      vertex -58.8431 27.0169 2.4
    endloop
  endfacet
  facet normal 0 0 -1
    outer loop
      vertex -59.1828 27.0673 2.4
      vertex -59.1828 33.9327 2.4
      vertex -58.8431 33.9831 2.4
    endloop
  endfacet
  facet normal 0 0 -1
    outer loop
      vertex -59.516 27.1507 2.4
      vertex -59.1828 33.9327 2.4
      vertex -59.1828 27.0673 2.4
    endloop
  endfacet
  facet normal 0 0 -1
    outer loop
      vertex -59.516 27.1507 2.4
      vertex -59.516 33.8493 2.4
      vertex -59.1828 33.9327 2.4
    endloop
  endfacet
  facet normal 0 0 -1
    outer loop
      vertex -59.8394 27.2664 2.4
      vertex -59.516 33.8493 2.4
      vertex -59.516 27.1507 2.4
    endloop
  endfacet
  facet normal 0 0 -1
    outer loop
      vertex -59.8394 27.2664 2.4
      vertex -59.8394 33.7336 2.4
      vertex -59.516 33.8493 2.4
    endloop
  endfacet
  facet normal 0 0 -1
    outer loop
      vertex -60.1499 27.4133 2.4
      vertex -59.8394 33.7336 2.4
      vertex -59.8394 27.2664 2.4
    endloop
  endfacet
  facet normal 0 0 -1
    outer loop
      vertex -60.1499 27.4133 2.4
      vertex -60.1499 33.5867 2.4
      vertex -59.8394 33.7336 2.4
    endloop
  endfacet
  facet normal 0 0 -1
    outer loop
      vertex -60.4445 27.5899 2.4
      vertex -60.1499 33.5867 2.4
      vertex -60.1499 27.4133 2.4
    endloop
  endfacet
  facet normal 0 0 -1
    outer loop
      vertex -60.4445 27.5899 2.4
      vertex -60.4445 33.4101 2.4
      vertex -60.1499 33.5867 2.4
    endloop
  endfacet
  facet normal 0 0 -1
    outer loop
      vertex -60.7204 27.7945 2.4
      vertex -60.4445 33.4101 2.4
      vertex -60.4445 27.5899 2.4
    endloop
  endfacet
  facet normal 0 0 -1
    outer loop
      vertex -60.7204 27.7945 2.4
      vertex -60.7204 33.2055 2.4
      vertex -60.4445 33.4101 2.4
    endloop
  endfacet
  facet normal 0 0 -1
    outer loop
      vertex -60.9749 28.0251 2.4
      vertex -60.7204 33.2055 2.4
      vertex -60.7204 27.7945 2.4
    endloop
  endfacet
  facet normal 0 0 -1
    outer loop
      vertex -60.9749 28.0251 2.4
      vertex -60.9749 32.9749 2.4
      vertex -60.7204 33.2055 2.4
    endloop
  endfacet
  facet normal 0 0 -1
    outer loop
      vertex -61.2055 28.2796 2.4
      vertex -60.9749 32.9749 2.4
      vertex -60.9749 28.0251 2.4
    endloop
  endfacet
  facet normal 0 0 -1
    outer loop
      vertex -61.2055 28.2796 2.4
      vertex -61.2055 32.7204 2.4
      vertex -60.9749 32.9749 2.4
    endloop
  endfacet
  facet normal 0 0 -1
    outer loop
      vertex -61.4101 28.5555 2.4
      vertex -61.2055 32.7204 2.4
      vertex -61.2055 28.2796 2.4
    endloop
  endfacet
  facet normal 0 0 -1
    outer loop
      vertex -61.4101 28.5555 2.4
      vertex -61.4101 32.4445 2.4
      vertex -61.2055 32.7204 2.4
    endloop
  endfacet
  facet normal 0 0 -1
    outer loop
      vertex -61.5867 28.8501 2.4
      vertex -61.4101 32.4445 2.4
      vertex -61.4101 28.5555 2.4
    endloop
  endfacet
  facet normal 0 0 -1
    outer loop
      vertex -61.5867 28.8501 2.4
      vertex -61.5867 32.1499 2.4
      vertex -61.4101 32.4445 2.4
    endloop
  endfacet
  facet normal 0 0 -1
    outer loop
      vertex -61.7336 29.1606 2.4
      vertex -61.5867 32.1499 2.4
      vertex -61.5867 28.8501 2.4
    endloop
  endfacet
  facet normal 0 0 -1
    outer loop
      vertex -61.7336 29.1606 2.4
      vertex -61.7336 31.8394 2.4
      vertex -61.5867 32.1499 2.4
    endloop
  endfacet
  facet normal 0 0 -1
    outer loop
      vertex -61.8493 29.484 2.4
      vertex -61.7336 31.8394 2.4
      vertex -61.7336 29.1606 2.4
    endloop
  endfacet
  facet normal 0 0 -1
    outer loop
      vertex -61.8493 29.484 2.4
      vertex -61.8493 31.516 2.4
      vertex -61.7336 31.8394 2.4
    endloop
  endfacet
  facet normal 0 0 -1
    outer loop
      vertex -61.9327 29.8172 2.4
      vertex -61.8493 31.516 2.4
      vertex -61.8493 29.484 2.4
    endloop
  endfacet
  facet normal 0 0 -1
    outer loop
      vertex -61.9327 29.8172 2.4
      vertex -61.9327 31.1828 2.4
      vertex -61.8493 31.516 2.4
    endloop
  endfacet
  facet normal 0 0 -1
    outer loop
      vertex -61.9831 30.1569 2.4
      vertex -61.9327 31.1828 2.4
      vertex -61.9327 29.8172 2.4
    endloop
  endfacet
  facet normal 0 0 -1
    outer loop
      vertex -61.9831 30.1569 2.4
      vertex -61.9831 30.8431 2.4
      vertex -61.9327 31.1828 2.4
    endloop
  endfacet
  facet normal 0 -0 -1
    outer loop
      vertex -61.9831 30.8431 2.4
      vertex -61.9831 30.1569 2.4
      vertex -62 30.5 2.4
    endloop
  endfacet
  facet normal 0 0 1
    outer loop
      vertex -57.25 30.5 32.4
      vertex -55 30.5 32.4
      vertex -55.0169 30.8431 32.4
    endloop
  endfacet
  facet normal 0 0 1
    outer loop
      vertex -57.256 30.6225 32.4
      vertex -55.0169 30.8431 32.4
      vertex -55.0673 31.1828 32.4
    endloop
  endfacet
  facet normal 0 0 1
    outer loop
      vertex -55 30.5 32.4
      vertex -57.25 30.5 32.4
      vertex -55.0169 30.1569 32.4
    endloop
  endfacet
  facet normal 0 0 1
    outer loop
      vertex -57.274 30.7439 32.4
      vertex -55.0673 31.1828 32.4
      vertex -55.1507 31.516 32.4
    endloop
  endfacet
  facet normal -0 0 1
    outer loop
      vertex -57.256 30.3775 32.4
      vertex -55.0169 30.1569 32.4
      vertex -57.25 30.5 32.4
    endloop
  endfacet
  facet normal 0 0 1
    outer loop
      vertex -57.3038 30.8629 32.4
      vertex -55.1507 31.516 32.4
      vertex -55.2664 31.8394 32.4
    endloop
  endfacet
  facet normal 0 0 1
    outer loop
      vertex -55.0169 30.1569 32.4
      vertex -57.256 30.3775 32.4
      vertex -55.0673 29.8172 32.4
    endloop
  endfacet
  facet normal 0 0 1
    outer loop
      vertex -57.3451 30.9784 32.4
      vertex -55.2664 31.8394 32.4
      vertex -55.4133 32.1499 32.4
    endloop
  endfacet
  facet normal -0 0 1
    outer loop
      vertex -57.274 30.2561 32.4
      vertex -55.0673 29.8172 32.4
      vertex -57.256 30.3775 32.4
    endloop
  endfacet
  facet normal 0 0 1
    outer loop
      vertex -57.3976 31.0892 32.4
      vertex -55.4133 32.1499 32.4
      vertex -55.5899 32.4445 32.4
    endloop
  endfacet
  facet normal 0 0 1
    outer loop
      vertex -55.0673 29.8172 32.4
      vertex -57.274 30.2561 32.4
      vertex -55.1507 29.484 32.4
    endloop
  endfacet
  facet normal 0 0 1
    outer loop
      vertex -57.4607 31.1945 32.4
      vertex -55.5899 32.4445 32.4
      vertex -55.7945 32.7204 32.4
    endloop
  endfacet
  facet normal -0 0 1
    outer loop
      vertex -57.3038 30.1371 32.4
      vertex -55.1507 29.484 32.4
      vertex -57.274 30.2561 32.4
    endloop
  endfacet
  facet normal 0 0 1
    outer loop
      vertex -57.5337 31.293 32.4
      vertex -55.7945 32.7204 32.4
      vertex -56.0251 32.9749 32.4
    endloop
  endfacet
  facet normal 0 0 1
    outer loop
      vertex -55.1507 29.484 32.4
      vertex -57.3038 30.1371 32.4
      vertex -55.2664 29.1606 32.4
    endloop
  endfacet
  facet normal 0 0 1
    outer loop
      vertex -57.6161 31.3839 32.4
      vertex -56.0251 32.9749 32.4
      vertex -56.2796 33.2055 32.4
    endloop
  endfacet
  facet normal -0 0 1
    outer loop
      vertex -57.3451 30.0216 32.4
      vertex -55.2664 29.1606 32.4
      vertex -57.3038 30.1371 32.4
    endloop
  endfacet
  facet normal 0 0 1
    outer loop
      vertex -57.707 31.4663 32.4
      vertex -56.2796 33.2055 32.4
      vertex -56.5555 33.4101 32.4
    endloop
  endfacet
  facet normal 0 0 1
    outer loop
      vertex -55.2664 29.1606 32.4
      vertex -57.3451 30.0216 32.4
      vertex -55.4133 28.8501 32.4
    endloop
  endfacet
  facet normal 0 0 1
    outer loop
      vertex -57.8055 31.5393 32.4
      vertex -56.5555 33.4101 32.4
      vertex -56.8501 33.5867 32.4
    endloop
  endfacet
  facet normal -0 0 1
    outer loop
      vertex -57.3976 29.9108 32.4
      vertex -55.4133 28.8501 32.4
      vertex -57.3451 30.0216 32.4
    endloop
  endfacet
  facet normal 0 0 1
    outer loop
      vertex -57.9108 31.6024 32.4
      vertex -56.8501 33.5867 32.4
      vertex -57.1606 33.7336 32.4
    endloop
  endfacet
  facet normal 0 0 1
    outer loop
      vertex -55.4133 28.8501 32.4
      vertex -57.3976 29.9108 32.4
      vertex -55.5899 28.5555 32.4
    endloop
  endfacet
  facet normal -0 0 1
    outer loop
      vertex -57.4607 29.8055 32.4
      vertex -55.5899 28.5555 32.4
      vertex -57.3976 29.9108 32.4
    endloop
  endfacet
  facet normal 0 0 1
    outer loop
      vertex -55.0169 30.8431 32.4
      vertex -57.256 30.6225 32.4
      vertex -57.25 30.5 32.4
    endloop
  endfacet
  facet normal 0 0 1
    outer loop
      vertex -55.0673 31.1828 32.4
      vertex -57.274 30.7439 32.4
      vertex -57.256 30.6225 32.4
    endloop
  endfacet
  facet normal 0 0 1
    outer loop
      vertex -55.1507 31.516 32.4
      vertex -57.3038 30.8629 32.4
      vertex -57.274 30.7439 32.4
    endloop
  endfacet
  facet normal 0 0 1
    outer loop
      vertex -55.2664 31.8394 32.4
      vertex -57.3451 30.9784 32.4
      vertex -57.3038 30.8629 32.4
    endloop
  endfacet
  facet normal 0 0 1
    outer loop
      vertex -55.4133 32.1499 32.4
      vertex -57.3976 31.0892 32.4
      vertex -57.3451 30.9784 32.4
    endloop
  endfacet
  facet normal 0 0 1
    outer loop
      vertex -55.5899 32.4445 32.4
      vertex -57.4607 31.1945 32.4
      vertex -57.3976 31.0892 32.4
    endloop
  endfacet
  facet normal 0 0 1
    outer loop
      vertex -58.0216 31.6549 32.4
      vertex -57.1606 33.7336 32.4
      vertex -57.484 33.8493 32.4
    endloop
  endfacet
  facet normal 0 0 1
    outer loop
      vertex -55.7945 32.7204 32.4
      vertex -57.5337 31.293 32.4
      vertex -57.4607 31.1945 32.4
    endloop
  endfacet
  facet normal 0 0 1
    outer loop
      vertex -56.0251 32.9749 32.4
      vertex -57.6161 31.3839 32.4
      vertex -57.5337 31.293 32.4
    endloop
  endfacet
  facet normal 0 0 1
    outer loop
      vertex -56.2796 33.2055 32.4
      vertex -57.707 31.4663 32.4
      vertex -57.6161 31.3839 32.4
    endloop
  endfacet
  facet normal 0 0 1
    outer loop
      vertex -56.5555 33.4101 32.4
      vertex -57.8055 31.5393 32.4
      vertex -57.707 31.4663 32.4
    endloop
  endfacet
  facet normal 0 0 1
    outer loop
      vertex -58.1371 31.6962 32.4
      vertex -57.484 33.8493 32.4
      vertex -57.8172 33.9327 32.4
    endloop
  endfacet
  facet normal 0 0 1
    outer loop
      vertex -56.8501 33.5867 32.4
      vertex -57.9108 31.6024 32.4
      vertex -57.8055 31.5393 32.4
    endloop
  endfacet
  facet normal 0 0 1
    outer loop
      vertex -57.1606 33.7336 32.4
      vertex -58.0216 31.6549 32.4
      vertex -57.9108 31.6024 32.4
    endloop
  endfacet
  facet normal 0 0 1
    outer loop
      vertex -57.484 33.8493 32.4
      vertex -58.1371 31.6962 32.4
      vertex -58.0216 31.6549 32.4
    endloop
  endfacet
  facet normal 0 0 1
    outer loop
      vertex -58.2561 31.726 32.4
      vertex -57.8172 33.9327 32.4
      vertex -58.1569 33.9831 32.4
    endloop
  endfacet
  facet normal 0 0 1
    outer loop
      vertex -57.8172 33.9327 32.4
      vertex -58.2561 31.726 32.4
      vertex -58.1371 31.6962 32.4
    endloop
  endfacet
  facet normal 0 0 1
    outer loop
      vertex -58.1569 33.9831 32.4
      vertex -58.3775 31.744 32.4
      vertex -58.2561 31.726 32.4
    endloop
  endfacet
  facet normal 0 0 1
    outer loop
      vertex -58.5 34 32.4
      vertex -58.3775 31.744 32.4
      vertex -58.1569 33.9831 32.4
    endloop
  endfacet
  facet normal 0 0 1
    outer loop
      vertex -58.5 34 32.4
      vertex -58.5 31.75 32.4
      vertex -58.3775 31.744 32.4
    endloop
  endfacet
  facet normal 0 0 1
    outer loop
      vertex -58.5 34 32.4
      vertex -58.6225 31.744 32.4
      vertex -58.5 31.75 32.4
    endloop
  endfacet
  facet normal -0 0 1
    outer loop
      vertex -58.8431 33.9831 32.4
      vertex -58.6225 31.744 32.4
      vertex -58.5 34 32.4
    endloop
  endfacet
  facet normal 0 0 1
    outer loop
      vertex -58.6225 31.744 32.4
      vertex -58.8431 33.9831 32.4
      vertex -58.7439 31.726 32.4
    endloop
  endfacet
  facet normal -0 0 1
    outer loop
      vertex -59.1828 33.9327 32.4
      vertex -58.7439 31.726 32.4
      vertex -58.8431 33.9831 32.4
    endloop
  endfacet
  facet normal 0 0 1
    outer loop
      vertex -58.7439 31.726 32.4
      vertex -59.1828 33.9327 32.4
      vertex -58.8629 31.6962 32.4
    endloop
  endfacet
  facet normal -0 0 1
    outer loop
      vertex -59.516 33.8493 32.4
      vertex -58.8629 31.6962 32.4
      vertex -59.1828 33.9327 32.4
    endloop
  endfacet
  facet normal 0 0 1
    outer loop
      vertex -58.8629 31.6962 32.4
      vertex -59.516 33.8493 32.4
      vertex -58.9784 31.6549 32.4
    endloop
  endfacet
  facet normal -0 0 1
    outer loop
      vertex -59.8394 33.7336 32.4
      vertex -58.9784 31.6549 32.4
      vertex -59.516 33.8493 32.4
    endloop
  endfacet
  facet normal 0 0 1
    outer loop
      vertex -58.9784 31.6549 32.4
      vertex -59.8394 33.7336 32.4
      vertex -59.0892 31.6024 32.4
    endloop
  endfacet
  facet normal -0 0 1
    outer loop
      vertex -60.1499 33.5867 32.4
      vertex -59.0892 31.6024 32.4
      vertex -59.8394 33.7336 32.4
    endloop
  endfacet
  facet normal 0 0 1
    outer loop
      vertex -59.0892 31.6024 32.4
      vertex -60.1499 33.5867 32.4
      vertex -59.1945 31.5393 32.4
    endloop
  endfacet
  facet normal -0 0 1
    outer loop
      vertex -60.4445 33.4101 32.4
      vertex -59.1945 31.5393 32.4
      vertex -60.1499 33.5867 32.4
    endloop
  endfacet
  facet normal 0 0 1
    outer loop
      vertex -59.1945 31.5393 32.4
      vertex -60.4445 33.4101 32.4
      vertex -59.293 31.4663 32.4
    endloop
  endfacet
  facet normal -0 0 1
    outer loop
      vertex -60.7204 33.2055 32.4
      vertex -59.293 31.4663 32.4
      vertex -60.4445 33.4101 32.4
    endloop
  endfacet
  facet normal 0 0 1
    outer loop
      vertex -59.293 31.4663 32.4
      vertex -60.7204 33.2055 32.4
      vertex -59.3839 31.3839 32.4
    endloop
  endfacet
  facet normal -0 0 1
    outer loop
      vertex -60.9749 32.9749 32.4
      vertex -59.3839 31.3839 32.4
      vertex -60.7204 33.2055 32.4
    endloop
  endfacet
  facet normal 0 0 1
    outer loop
      vertex -59.3839 31.3839 32.4
      vertex -60.9749 32.9749 32.4
      vertex -59.4663 31.293 32.4
    endloop
  endfacet
  facet normal -0 0 1
    outer loop
      vertex -61.2055 32.7204 32.4
      vertex -59.4663 31.293 32.4
      vertex -60.9749 32.9749 32.4
    endloop
  endfacet
  facet normal -0 0 1
    outer loop
      vertex -61.4101 32.4445 32.4
      vertex -59.5393 31.1945 32.4
      vertex -61.2055 32.7204 32.4
    endloop
  endfacet
  facet normal 0 0 1
    outer loop
      vertex -59.4663 31.293 32.4
      vertex -61.2055 32.7204 32.4
      vertex -59.5393 31.1945 32.4
    endloop
  endfacet
  facet normal 0 0 1
    outer loop
      vertex -55.5899 28.5555 32.4
      vertex -57.4607 29.8055 32.4
      vertex -55.7945 28.2796 32.4
    endloop
  endfacet
  facet normal -0 0 1
    outer loop
      vertex -57.5337 29.707 32.4
      vertex -55.7945 28.2796 32.4
      vertex -57.4607 29.8055 32.4
    endloop
  endfacet
  facet normal 0 0 1
    outer loop
      vertex -55.7945 28.2796 32.4
      vertex -57.5337 29.707 32.4
      vertex -56.0251 28.0251 32.4
    endloop
  endfacet
  facet normal -0 0 1
    outer loop
      vertex -57.6161 29.6161 32.4
      vertex -56.0251 28.0251 32.4
      vertex -57.5337 29.707 32.4
    endloop
  endfacet
  facet normal 0 0 1
    outer loop
      vertex -56.0251 28.0251 32.4
      vertex -57.6161 29.6161 32.4
      vertex -56.2796 27.7945 32.4
    endloop
  endfacet
  facet normal -0 0 1
    outer loop
      vertex -57.707 29.5337 32.4
      vertex -56.2796 27.7945 32.4
      vertex -57.6161 29.6161 32.4
    endloop
  endfacet
  facet normal 0 0 1
    outer loop
      vertex -56.2796 27.7945 32.4
      vertex -57.707 29.5337 32.4
      vertex -56.5555 27.5899 32.4
    endloop
  endfacet
  facet normal -0 0 1
    outer loop
      vertex -57.8055 29.4607 32.4
      vertex -56.5555 27.5899 32.4
      vertex -57.707 29.5337 32.4
    endloop
  endfacet
  facet normal 0 0 1
    outer loop
      vertex -56.5555 27.5899 32.4
      vertex -57.8055 29.4607 32.4
      vertex -56.8501 27.4133 32.4
    endloop
  endfacet
  facet normal -0 0 1
    outer loop
      vertex -57.9108 29.3976 32.4
      vertex -56.8501 27.4133 32.4
      vertex -57.8055 29.4607 32.4
    endloop
  endfacet
  facet normal 0 0 1
    outer loop
      vertex -56.8501 27.4133 32.4
      vertex -57.9108 29.3976 32.4
      vertex -57.1606 27.2664 32.4
    endloop
  endfacet
  facet normal -0 0 1
    outer loop
      vertex -58.0216 29.3451 32.4
      vertex -57.1606 27.2664 32.4
      vertex -57.9108 29.3976 32.4
    endloop
  endfacet
  facet normal 0 0 1
    outer loop
      vertex -57.1606 27.2664 32.4
      vertex -58.0216 29.3451 32.4
      vertex -57.484 27.1507 32.4
    endloop
  endfacet
  facet normal -0 0 1
    outer loop
      vertex -58.1371 29.3038 32.4
      vertex -57.484 27.1507 32.4
      vertex -58.0216 29.3451 32.4
    endloop
  endfacet
  facet normal 0 0 1
    outer loop
      vertex -57.484 27.1507 32.4
      vertex -58.1371 29.3038 32.4
      vertex -57.8172 27.0673 32.4
    endloop
  endfacet
  facet normal -0 0 1
    outer loop
      vertex -58.2561 29.274 32.4
      vertex -57.8172 27.0673 32.4
      vertex -58.1371 29.3038 32.4
    endloop
  endfacet
  facet normal 0 0 1
    outer loop
      vertex -57.8172 27.0673 32.4
      vertex -58.2561 29.274 32.4
      vertex -58.1569 27.0169 32.4
    endloop
  endfacet
  facet normal -0 0 1
    outer loop
      vertex -58.3775 29.256 32.4
      vertex -58.1569 27.0169 32.4
      vertex -58.2561 29.274 32.4
    endloop
  endfacet
  facet normal -0 0 1
    outer loop
      vertex -58.5 29.25 32.4
      vertex -58.1569 27.0169 32.4
      vertex -58.3775 29.256 32.4
    endloop
  endfacet
  facet normal 0 0 1
    outer loop
      vertex -58.5 29.25 32.4
      vertex -58.5 27 32.4
      vertex -58.1569 27.0169 32.4
    endloop
  endfacet
  facet normal 0 0 1
    outer loop
      vertex -58.6225 29.256 32.4
      vertex -58.5 27 32.4
      vertex -58.5 29.25 32.4
    endloop
  endfacet
  facet normal 0 0 1
    outer loop
      vertex -58.8431 27.0169 32.4
      vertex -58.6225 29.256 32.4
      vertex -58.7439 29.274 32.4
    endloop
  endfacet
  facet normal 0 0 1
    outer loop
      vertex -58.6225 29.256 32.4
      vertex -58.8431 27.0169 32.4
      vertex -58.5 27 32.4
    endloop
  endfacet
  facet normal 0 0 1
    outer loop
      vertex -59.1828 27.0673 32.4
      vertex -58.7439 29.274 32.4
      vertex -58.8629 29.3038 32.4
    endloop
  endfacet
  facet normal 0 0 1
    outer loop
      vertex -59.516 27.1507 32.4
      vertex -58.8629 29.3038 32.4
      vertex -58.9784 29.3451 32.4
    endloop
  endfacet
  facet normal 0 0 1
    outer loop
      vertex -59.8394 27.2664 32.4
      vertex -58.9784 29.3451 32.4
      vertex -59.0892 29.3976 32.4
    endloop
  endfacet
  facet normal 0 0 1
    outer loop
      vertex -58.7439 29.274 32.4
      vertex -59.1828 27.0673 32.4
      vertex -58.8431 27.0169 32.4
    endloop
  endfacet
  facet normal 0 0 1
    outer loop
      vertex -60.1499 27.4133 32.4
      vertex -59.0892 29.3976 32.4
      vertex -59.1945 29.4607 32.4
    endloop
  endfacet
  facet normal 0 0 1
    outer loop
      vertex -60.4445 27.5899 32.4
      vertex -59.1945 29.4607 32.4
      vertex -59.293 29.5337 32.4
    endloop
  endfacet
  facet normal 0 0 1
    outer loop
      vertex -60.7204 27.7945 32.4
      vertex -59.293 29.5337 32.4
      vertex -59.3839 29.6161 32.4
    endloop
  endfacet
  facet normal 0 0 1
    outer loop
      vertex -60.9749 28.0251 32.4
      vertex -59.3839 29.6161 32.4
      vertex -59.4663 29.707 32.4
    endloop
  endfacet
  facet normal 0 0 1
    outer loop
      vertex -58.8629 29.3038 32.4
      vertex -59.516 27.1507 32.4
      vertex -59.1828 27.0673 32.4
    endloop
  endfacet
  facet normal 0 0 1
    outer loop
      vertex -61.2055 28.2796 32.4
      vertex -59.4663 29.707 32.4
      vertex -59.5393 29.8055 32.4
    endloop
  endfacet
  facet normal 0 0 1
    outer loop
      vertex -61.4101 28.5555 32.4
      vertex -59.5393 29.8055 32.4
      vertex -59.6024 29.9108 32.4
    endloop
  endfacet
  facet normal 0 0 1
    outer loop
      vertex -61.5867 28.8501 32.4
      vertex -59.6024 29.9108 32.4
      vertex -59.6549 30.0216 32.4
    endloop
  endfacet
  facet normal 0 0 1
    outer loop
      vertex -61.7336 29.1606 32.4
      vertex -59.6549 30.0216 32.4
      vertex -59.6962 30.1371 32.4
    endloop
  endfacet
  facet normal 0 0 1
    outer loop
      vertex -61.8493 29.484 32.4
      vertex -59.6962 30.1371 32.4
      vertex -59.726 30.2561 32.4
    endloop
  endfacet
  facet normal 0 0 1
    outer loop
      vertex -61.9327 29.8172 32.4
      vertex -59.726 30.2561 32.4
      vertex -59.744 30.3775 32.4
    endloop
  endfacet
  facet normal 0 0 1
    outer loop
      vertex -58.9784 29.3451 32.4
      vertex -59.8394 27.2664 32.4
      vertex -59.516 27.1507 32.4
    endloop
  endfacet
  facet normal 0 0 1
    outer loop
      vertex -61.9831 30.1569 32.4
      vertex -59.744 30.3775 32.4
      vertex -59.75 30.5 32.4
    endloop
  endfacet
  facet normal 0 0 1
    outer loop
      vertex -59.5393 31.1945 32.4
      vertex -61.4101 32.4445 32.4
      vertex -59.6024 31.0892 32.4
    endloop
  endfacet
  facet normal -0 0 1
    outer loop
      vertex -61.5867 32.1499 32.4
      vertex -59.6024 31.0892 32.4
      vertex -61.4101 32.4445 32.4
    endloop
  endfacet
  facet normal 0 0 1
    outer loop
      vertex -59.0892 29.3976 32.4
      vertex -60.1499 27.4133 32.4
      vertex -59.8394 27.2664 32.4
    endloop
  endfacet
  facet normal 0 0 1
    outer loop
      vertex -59.6024 31.0892 32.4
      vertex -61.5867 32.1499 32.4
      vertex -59.6549 30.9784 32.4
    endloop
  endfacet
  facet normal 0 0 1
    outer loop
      vertex -59.1945 29.4607 32.4
      vertex -60.4445 27.5899 32.4
      vertex -60.1499 27.4133 32.4
    endloop
  endfacet
  facet normal -0 0 1
    outer loop
      vertex -61.7336 31.8394 32.4
      vertex -59.6549 30.9784 32.4
      vertex -61.5867 32.1499 32.4
    endloop
  endfacet
  facet normal 0 0 1
    outer loop
      vertex -59.293 29.5337 32.4
      vertex -60.7204 27.7945 32.4
      vertex -60.4445 27.5899 32.4
    endloop
  endfacet
  facet normal 0 0 1
    outer loop
      vertex -59.6549 30.9784 32.4
      vertex -61.7336 31.8394 32.4
      vertex -59.6962 30.8629 32.4
    endloop
  endfacet
  facet normal 0 0 1
    outer loop
      vertex -59.3839 29.6161 32.4
      vertex -60.9749 28.0251 32.4
      vertex -60.7204 27.7945 32.4
    endloop
  endfacet
  facet normal -0 0 1
    outer loop
      vertex -61.8493 31.516 32.4
      vertex -59.6962 30.8629 32.4
      vertex -61.7336 31.8394 32.4
    endloop
  endfacet
  facet normal 0 0 1
    outer loop
      vertex -59.4663 29.707 32.4
      vertex -61.2055 28.2796 32.4
      vertex -60.9749 28.0251 32.4
    endloop
  endfacet
  facet normal 0 0 1
    outer loop
      vertex -59.6962 30.8629 32.4
      vertex -61.8493 31.516 32.4
      vertex -59.726 30.7439 32.4
    endloop
  endfacet
  facet normal 0 0 1
    outer loop
      vertex -59.5393 29.8055 32.4
      vertex -61.4101 28.5555 32.4
      vertex -61.2055 28.2796 32.4
    endloop
  endfacet
  facet normal -0 0 1
    outer loop
      vertex -61.9327 31.1828 32.4
      vertex -59.726 30.7439 32.4
      vertex -61.8493 31.516 32.4
    endloop
  endfacet
  facet normal 0 0 1
    outer loop
      vertex -59.6024 29.9108 32.4
      vertex -61.5867 28.8501 32.4
      vertex -61.4101 28.5555 32.4
    endloop
  endfacet
  facet normal 0 0 1
    outer loop
      vertex -59.726 30.7439 32.4
      vertex -61.9327 31.1828 32.4
      vertex -59.744 30.6225 32.4
    endloop
  endfacet
  facet normal 0 0 1
    outer loop
      vertex -59.6549 30.0216 32.4
      vertex -61.7336 29.1606 32.4
      vertex -61.5867 28.8501 32.4
    endloop
  endfacet
  facet normal -0 0 1
    outer loop
      vertex -61.9831 30.8431 32.4
      vertex -59.744 30.6225 32.4
      vertex -61.9327 31.1828 32.4
    endloop
  endfacet
  facet normal 0 0 1
    outer loop
      vertex -59.6962 30.1371 32.4
      vertex -61.8493 29.484 32.4
      vertex -61.7336 29.1606 32.4
    endloop
  endfacet
  facet normal 0 0 1
    outer loop
      vertex -59.744 30.6225 32.4
      vertex -61.9831 30.8431 32.4
      vertex -59.75 30.5 32.4
    endloop
  endfacet
  facet normal 0 0 1
    outer loop
      vertex -59.726 30.2561 32.4
      vertex -61.9327 29.8172 32.4
      vertex -61.8493 29.484 32.4
    endloop
  endfacet
  facet normal 0 0 1
    outer loop
      vertex -62 30.5 32.4
      vertex -59.75 30.5 32.4
      vertex -61.9831 30.8431 32.4
    endloop
  endfacet
  facet normal 0 0 1
    outer loop
      vertex -59.744 30.3775 32.4
      vertex -61.9831 30.1569 32.4
      vertex -61.9327 29.8172 32.4
    endloop
  endfacet
  facet normal 0 0 1
    outer loop
      vertex -59.75 30.5 32.4
      vertex -62 30.5 32.4
      vertex -61.9831 30.1569 32.4
    endloop
  endfacet
  facet normal -0.989186 -0.146667 0
    outer loop
      vertex -57.256 30.6225 20.4
      vertex -57.274 30.7439 32.4
      vertex -57.274 30.7439 20.4
    endloop
  endfacet
  facet normal -0.989186 -0.146667 0
    outer loop
      vertex -57.274 30.7439 32.4
      vertex -57.256 30.6225 20.4
      vertex -57.256 30.6225 32.4
    endloop
  endfacet
  facet normal -0.998803 -0.0489209 0
    outer loop
      vertex -57.25 30.5 20.4
      vertex -57.256 30.6225 32.4
      vertex -57.256 30.6225 20.4
    endloop
  endfacet
  facet normal -0.998803 -0.0489209 0
    outer loop
      vertex -57.256 30.6225 32.4
      vertex -57.25 30.5 20.4
      vertex -57.25 30.5 32.4
    endloop
  endfacet
  facet normal -0.970047 -0.242919 0
    outer loop
      vertex -57.274 30.7439 20.4
      vertex -57.3038 30.8629 32.4
      vertex -57.3038 30.8629 20.4
    endloop
  endfacet
  facet normal -0.970047 -0.242919 0
    outer loop
      vertex -57.3038 30.8629 32.4
      vertex -57.274 30.7439 20.4
      vertex -57.274 30.7439 32.4
    endloop
  endfacet
  facet normal -0.336698 0.941613 0
    outer loop
      vertex -58.0216 29.3451 20.4
      vertex -58.1371 29.3038 32.4
      vertex -58.0216 29.3451 32.4
    endloop
  endfacet
  facet normal -0.336698 0.941613 0
    outer loop
      vertex -58.1371 29.3038 32.4
      vertex -58.0216 29.3451 20.4
      vertex -58.1371 29.3038 20.4
    endloop
  endfacet
  facet normal -0.671617 -0.740898 0
    outer loop
      vertex -57.707 31.4663 20.4
      vertex -57.6161 31.3839 32.4
      vertex -57.707 31.4663 32.4
    endloop
  endfacet
  facet normal -0.671617 -0.740898 -0
    outer loop
      vertex -57.6161 31.3839 32.4
      vertex -57.707 31.4663 20.4
      vertex -57.6161 31.3839 20.4
    endloop
  endfacet
  facet normal 0.85778 -0.514016 0
    outer loop
      vertex -59.6024 31.0892 32.4
      vertex -59.5393 31.1945 20.4
      vertex -59.5393 31.1945 32.4
    endloop
  endfacet
  facet normal 0.85778 -0.514016 0
    outer loop
      vertex -59.5393 31.1945 20.4
      vertex -59.6024 31.0892 32.4
      vertex -59.6024 31.0892 20.4
    endloop
  endfacet
  facet normal 0.146667 0.989186 -0
    outer loop
      vertex -58.6225 29.256 20.4
      vertex -58.7439 29.274 32.4
      vertex -58.6225 29.256 32.4
    endloop
  endfacet
  facet normal 0.146667 0.989186 0
    outer loop
      vertex -58.7439 29.274 32.4
      vertex -58.6225 29.256 20.4
      vertex -58.7439 29.274 20.4
    endloop
  endfacet
  facet normal -0.941613 -0.336698 0
    outer loop
      vertex -57.3038 30.8629 20.4
      vertex -57.3451 30.9784 32.4
      vertex -57.3451 30.9784 20.4
    endloop
  endfacet
  facet normal -0.941613 -0.336698 0
    outer loop
      vertex -57.3451 30.9784 32.4
      vertex -57.3038 30.8629 20.4
      vertex -57.3038 30.8629 32.4
    endloop
  endfacet
  facet normal 0.0489209 -0.998803 0
    outer loop
      vertex -58.6225 31.744 20.4
      vertex -58.5 31.75 32.4
      vertex -58.6225 31.744 32.4
    endloop
  endfacet
  facet normal 0.0489209 -0.998803 0
    outer loop
      vertex -58.5 31.75 32.4
      vertex -58.6225 31.744 20.4
      vertex -58.5 31.75 20.4
    endloop
  endfacet
  facet normal -0.0489209 0.998803 0
    outer loop
      vertex -58.3775 29.256 20.4
      vertex -58.5 29.25 32.4
      vertex -58.3775 29.256 32.4
    endloop
  endfacet
  facet normal -0.0489209 0.998803 0
    outer loop
      vertex -58.5 29.25 32.4
      vertex -58.3775 29.256 20.4
      vertex -58.5 29.25 20.4
    endloop
  endfacet
  facet normal 0.903688 0.428192 0
    outer loop
      vertex -59.6024 29.9108 32.4
      vertex -59.6549 30.0216 20.4
      vertex -59.6549 30.0216 32.4
    endloop
  endfacet
  facet normal 0.903688 0.428192 0
    outer loop
      vertex -59.6549 30.0216 20.4
      vertex -59.6024 29.9108 32.4
      vertex -59.6024 29.9108 20.4
    endloop
  endfacet
  facet normal 0.595423 0.803413 -0
    outer loop
      vertex -59.1945 29.4607 20.4
      vertex -59.293 29.5337 32.4
      vertex -59.1945 29.4607 32.4
    endloop
  endfacet
  facet normal 0.595423 0.803413 0
    outer loop
      vertex -59.293 29.5337 32.4
      vertex -59.1945 29.4607 20.4
      vertex -59.293 29.5337 20.4
    endloop
  endfacet
  facet normal 0.803413 -0.595423 0
    outer loop
      vertex -59.5393 31.1945 32.4
      vertex -59.4663 31.293 20.4
      vertex -59.4663 31.293 32.4
    endloop
  endfacet
  facet normal 0.803413 -0.595423 0
    outer loop
      vertex -59.4663 31.293 20.4
      vertex -59.5393 31.1945 32.4
      vertex -59.5393 31.1945 20.4
    endloop
  endfacet
  facet normal -0.970047 0.242919 0
    outer loop
      vertex -57.3038 30.1371 20.4
      vertex -57.274 30.2561 32.4
      vertex -57.274 30.2561 20.4
    endloop
  endfacet
  facet normal -0.970047 0.242919 0
    outer loop
      vertex -57.274 30.2561 32.4
      vertex -57.3038 30.1371 20.4
      vertex -57.3038 30.1371 32.4
    endloop
  endfacet
  facet normal -0.85778 -0.514016 0
    outer loop
      vertex -57.3976 31.0892 20.4
      vertex -57.4607 31.1945 32.4
      vertex -57.4607 31.1945 20.4
    endloop
  endfacet
  facet normal -0.85778 -0.514016 0
    outer loop
      vertex -57.4607 31.1945 32.4
      vertex -57.3976 31.0892 20.4
      vertex -57.3976 31.0892 32.4
    endloop
  endfacet
  facet normal 0.998803 0.0489209 0
    outer loop
      vertex -59.744 30.3775 32.4
      vertex -59.75 30.5 20.4
      vertex -59.75 30.5 32.4
    endloop
  endfacet
  facet normal 0.998803 0.0489209 0
    outer loop
      vertex -59.75 30.5 20.4
      vertex -59.744 30.3775 32.4
      vertex -59.744 30.3775 20.4
    endloop
  endfacet
  facet normal -0.903688 -0.428192 0
    outer loop
      vertex -57.3451 30.9784 20.4
      vertex -57.3976 31.0892 32.4
      vertex -57.3976 31.0892 20.4
    endloop
  endfacet
  facet normal -0.903688 -0.428192 0
    outer loop
      vertex -57.3976 31.0892 32.4
      vertex -57.3451 30.9784 20.4
      vertex -57.3451 30.9784 32.4
    endloop
  endfacet
  facet normal -0.941613 0.336698 0
    outer loop
      vertex -57.3451 30.0216 20.4
      vertex -57.3038 30.1371 32.4
      vertex -57.3038 30.1371 20.4
    endloop
  endfacet
  facet normal -0.941613 0.336698 0
    outer loop
      vertex -57.3038 30.1371 32.4
      vertex -57.3451 30.0216 20.4
      vertex -57.3451 30.0216 32.4
    endloop
  endfacet
  facet normal 0.428192 0.903688 -0
    outer loop
      vertex -58.9784 29.3451 20.4
      vertex -59.0892 29.3976 32.4
      vertex -58.9784 29.3451 32.4
    endloop
  endfacet
  facet normal 0.428192 0.903688 0
    outer loop
      vertex -59.0892 29.3976 32.4
      vertex -58.9784 29.3451 20.4
      vertex -59.0892 29.3976 20.4
    endloop
  endfacet
  facet normal 0.970047 0.242919 0
    outer loop
      vertex -59.6962 30.1371 32.4
      vertex -59.726 30.2561 20.4
      vertex -59.726 30.2561 32.4
    endloop
  endfacet
  facet normal 0.970047 0.242919 0
    outer loop
      vertex -59.726 30.2561 20.4
      vertex -59.6962 30.1371 32.4
      vertex -59.6962 30.1371 20.4
    endloop
  endfacet
  facet normal 0.740898 -0.671617 0
    outer loop
      vertex -59.4663 31.293 32.4
      vertex -59.3839 31.3839 20.4
      vertex -59.3839 31.3839 32.4
    endloop
  endfacet
  facet normal 0.740898 -0.671617 0
    outer loop
      vertex -59.3839 31.3839 20.4
      vertex -59.4663 31.293 32.4
      vertex -59.4663 31.293 20.4
    endloop
  endfacet
  facet normal 0.242919 0.970047 -0
    outer loop
      vertex -58.7439 29.274 20.4
      vertex -58.8629 29.3038 32.4
      vertex -58.7439 29.274 32.4
    endloop
  endfacet
  facet normal 0.242919 0.970047 0
    outer loop
      vertex -58.8629 29.3038 32.4
      vertex -58.7439 29.274 20.4
      vertex -58.8629 29.3038 20.4
    endloop
  endfacet
  facet normal 0.514016 -0.85778 0
    outer loop
      vertex -59.1945 31.5393 20.4
      vertex -59.0892 31.6024 32.4
      vertex -59.1945 31.5393 32.4
    endloop
  endfacet
  facet normal 0.514016 -0.85778 0
    outer loop
      vertex -59.0892 31.6024 32.4
      vertex -59.1945 31.5393 20.4
      vertex -59.0892 31.6024 20.4
    endloop
  endfacet
  facet normal -0.803413 -0.595423 0
    outer loop
      vertex -57.4607 31.1945 20.4
      vertex -57.5337 31.293 32.4
      vertex -57.5337 31.293 20.4
    endloop
  endfacet
  facet normal -0.803413 -0.595423 0
    outer loop
      vertex -57.5337 31.293 32.4
      vertex -57.4607 31.1945 20.4
      vertex -57.4607 31.1945 32.4
    endloop
  endfacet
  facet normal 0.146667 -0.989186 0
    outer loop
      vertex -58.7439 31.726 20.4
      vertex -58.6225 31.744 32.4
      vertex -58.7439 31.726 32.4
    endloop
  endfacet
  facet normal 0.146667 -0.989186 0
    outer loop
      vertex -58.6225 31.744 32.4
      vertex -58.7439 31.726 20.4
      vertex -58.6225 31.744 20.4
    endloop
  endfacet
  facet normal -0.428192 0.903688 0
    outer loop
      vertex -57.9108 29.3976 20.4
      vertex -58.0216 29.3451 32.4
      vertex -57.9108 29.3976 32.4
    endloop
  endfacet
  facet normal -0.428192 0.903688 0
    outer loop
      vertex -58.0216 29.3451 32.4
      vertex -57.9108 29.3976 20.4
      vertex -58.0216 29.3451 20.4
    endloop
  endfacet
  facet normal 0.671617 -0.740898 0
    outer loop
      vertex -59.3839 31.3839 20.4
      vertex -59.293 31.4663 32.4
      vertex -59.3839 31.3839 32.4
    endloop
  endfacet
  facet normal 0.671617 -0.740898 0
    outer loop
      vertex -59.293 31.4663 32.4
      vertex -59.3839 31.3839 20.4
      vertex -59.293 31.4663 20.4
    endloop
  endfacet
  facet normal -0.85778 0.514016 0
    outer loop
      vertex -57.4607 29.8055 20.4
      vertex -57.3976 29.9108 32.4
      vertex -57.3976 29.9108 20.4
    endloop
  endfacet
  facet normal -0.85778 0.514016 0
    outer loop
      vertex -57.3976 29.9108 32.4
      vertex -57.4607 29.8055 20.4
      vertex -57.4607 29.8055 32.4
    endloop
  endfacet
  facet normal 0.595423 -0.803413 0
    outer loop
      vertex -59.293 31.4663 20.4
      vertex -59.1945 31.5393 32.4
      vertex -59.293 31.4663 32.4
    endloop
  endfacet
  facet normal 0.595423 -0.803413 0
    outer loop
      vertex -59.1945 31.5393 32.4
      vertex -59.293 31.4663 20.4
      vertex -59.1945 31.5393 20.4
    endloop
  endfacet
  facet normal -0.336698 -0.941613 0
    outer loop
      vertex -58.1371 31.6962 20.4
      vertex -58.0216 31.6549 32.4
      vertex -58.1371 31.6962 32.4
    endloop
  endfacet
  facet normal -0.336698 -0.941613 -0
    outer loop
      vertex -58.0216 31.6549 32.4
      vertex -58.1371 31.6962 20.4
      vertex -58.0216 31.6549 20.4
    endloop
  endfacet
  facet normal -0.740898 -0.671617 0
    outer loop
      vertex -57.5337 31.293 20.4
      vertex -57.6161 31.3839 32.4
      vertex -57.6161 31.3839 20.4
    endloop
  endfacet
  facet normal -0.740898 -0.671617 0
    outer loop
      vertex -57.6161 31.3839 32.4
      vertex -57.5337 31.293 20.4
      vertex -57.5337 31.293 32.4
    endloop
  endfacet
  facet normal -0.998803 0.0489209 0
    outer loop
      vertex -57.256 30.3775 20.4
      vertex -57.25 30.5 32.4
      vertex -57.25 30.5 20.4
    endloop
  endfacet
  facet normal -0.998803 0.0489209 0
    outer loop
      vertex -57.25 30.5 32.4
      vertex -57.256 30.3775 20.4
      vertex -57.256 30.3775 32.4
    endloop
  endfacet
  facet normal 0.941613 0.336698 0
    outer loop
      vertex -59.6549 30.0216 32.4
      vertex -59.6962 30.1371 20.4
      vertex -59.6962 30.1371 32.4
    endloop
  endfacet
  facet normal 0.941613 0.336698 0
    outer loop
      vertex -59.6962 30.1371 20.4
      vertex -59.6549 30.0216 32.4
      vertex -59.6549 30.0216 20.4
    endloop
  endfacet
  facet normal -0.514016 -0.85778 0
    outer loop
      vertex -57.9108 31.6024 20.4
      vertex -57.8055 31.5393 32.4
      vertex -57.9108 31.6024 32.4
    endloop
  endfacet
  facet normal -0.514016 -0.85778 -0
    outer loop
      vertex -57.8055 31.5393 32.4
      vertex -57.9108 31.6024 20.4
      vertex -57.8055 31.5393 20.4
    endloop
  endfacet
  facet normal -0.595423 -0.803413 0
    outer loop
      vertex -57.8055 31.5393 20.4
      vertex -57.707 31.4663 32.4
      vertex -57.8055 31.5393 32.4
    endloop
  endfacet
  facet normal -0.595423 -0.803413 -0
    outer loop
      vertex -57.707 31.4663 32.4
      vertex -57.8055 31.5393 20.4
      vertex -57.707 31.4663 20.4
    endloop
  endfacet
  facet normal -0.146667 0.989186 0
    outer loop
      vertex -58.2561 29.274 20.4
      vertex -58.3775 29.256 32.4
      vertex -58.2561 29.274 32.4
    endloop
  endfacet
  facet normal -0.146667 0.989186 0
    outer loop
      vertex -58.3775 29.256 32.4
      vertex -58.2561 29.274 20.4
      vertex -58.3775 29.256 20.4
    endloop
  endfacet
  facet normal -0.740898 0.671617 0
    outer loop
      vertex -57.6161 29.6161 20.4
      vertex -57.5337 29.707 32.4
      vertex -57.5337 29.707 20.4
    endloop
  endfacet
  facet normal -0.740898 0.671617 0
    outer loop
      vertex -57.5337 29.707 32.4
      vertex -57.6161 29.6161 20.4
      vertex -57.6161 29.6161 32.4
    endloop
  endfacet
  facet normal -0.803413 0.595423 0
    outer loop
      vertex -57.5337 29.707 20.4
      vertex -57.4607 29.8055 32.4
      vertex -57.4607 29.8055 20.4
    endloop
  endfacet
  facet normal -0.803413 0.595423 0
    outer loop
      vertex -57.4607 29.8055 32.4
      vertex -57.5337 29.707 20.4
      vertex -57.5337 29.707 32.4
    endloop
  endfacet
  facet normal -0.242919 0.970047 0
    outer loop
      vertex -58.1371 29.3038 20.4
      vertex -58.2561 29.274 32.4
      vertex -58.1371 29.3038 32.4
    endloop
  endfacet
  facet normal -0.242919 0.970047 0
    outer loop
      vertex -58.2561 29.274 32.4
      vertex -58.1371 29.3038 20.4
      vertex -58.2561 29.274 20.4
    endloop
  endfacet
  facet normal -0.903688 0.428192 0
    outer loop
      vertex -57.3976 29.9108 20.4
      vertex -57.3451 30.0216 32.4
      vertex -57.3451 30.0216 20.4
    endloop
  endfacet
  facet normal -0.903688 0.428192 0
    outer loop
      vertex -57.3451 30.0216 32.4
      vertex -57.3976 29.9108 20.4
      vertex -57.3976 29.9108 32.4
    endloop
  endfacet
  facet normal 0.242919 -0.970047 0
    outer loop
      vertex -58.8629 31.6962 20.4
      vertex -58.7439 31.726 32.4
      vertex -58.8629 31.6962 32.4
    endloop
  endfacet
  facet normal 0.242919 -0.970047 0
    outer loop
      vertex -58.7439 31.726 32.4
      vertex -58.8629 31.6962 20.4
      vertex -58.7439 31.726 20.4
    endloop
  endfacet
  facet normal 0.941613 -0.336698 0
    outer loop
      vertex -59.6962 30.8629 32.4
      vertex -59.6549 30.9784 20.4
      vertex -59.6549 30.9784 32.4
    endloop
  endfacet
  facet normal 0.941613 -0.336698 0
    outer loop
      vertex -59.6549 30.9784 20.4
      vertex -59.6962 30.8629 32.4
      vertex -59.6962 30.8629 20.4
    endloop
  endfacet
  facet normal 0.428192 -0.903688 0
    outer loop
      vertex -59.0892 31.6024 20.4
      vertex -58.9784 31.6549 32.4
      vertex -59.0892 31.6024 32.4
    endloop
  endfacet
  facet normal 0.428192 -0.903688 0
    outer loop
      vertex -58.9784 31.6549 32.4
      vertex -59.0892 31.6024 20.4
      vertex -58.9784 31.6549 20.4
    endloop
  endfacet
  facet normal 0.989186 -0.146667 0
    outer loop
      vertex -59.744 30.6225 32.4
      vertex -59.726 30.7439 20.4
      vertex -59.726 30.7439 32.4
    endloop
  endfacet
  facet normal 0.989186 -0.146667 0
    outer loop
      vertex -59.726 30.7439 20.4
      vertex -59.744 30.6225 32.4
      vertex -59.744 30.6225 20.4
    endloop
  endfacet
  facet normal 0.970047 -0.242919 0
    outer loop
      vertex -59.726 30.7439 32.4
      vertex -59.6962 30.8629 20.4
      vertex -59.6962 30.8629 32.4
    endloop
  endfacet
  facet normal 0.970047 -0.242919 0
    outer loop
      vertex -59.6962 30.8629 20.4
      vertex -59.726 30.7439 32.4
      vertex -59.726 30.7439 20.4
    endloop
  endfacet
  facet normal -0.428192 -0.903688 0
    outer loop
      vertex -58.0216 31.6549 20.4
      vertex -57.9108 31.6024 32.4
      vertex -58.0216 31.6549 32.4
    endloop
  endfacet
  facet normal -0.428192 -0.903688 -0
    outer loop
      vertex -57.9108 31.6024 32.4
      vertex -58.0216 31.6549 20.4
      vertex -57.9108 31.6024 20.4
    endloop
  endfacet
  facet normal 0 0 1
    outer loop
      vertex -57.256 30.6225 20.4
      vertex -57.256 30.3775 20.4
      vertex -57.25 30.5 20.4
    endloop
  endfacet
  facet normal 0 0 1
    outer loop
      vertex -57.274 30.7439 20.4
      vertex -57.256 30.3775 20.4
      vertex -57.256 30.6225 20.4
    endloop
  endfacet
  facet normal 0 0 1
    outer loop
      vertex -57.274 30.7439 20.4
      vertex -57.274 30.2561 20.4
      vertex -57.256 30.3775 20.4
    endloop
  endfacet
  facet normal 0 0 1
    outer loop
      vertex -57.3038 30.8629 20.4
      vertex -57.274 30.2561 20.4
      vertex -57.274 30.7439 20.4
    endloop
  endfacet
  facet normal 0 0 1
    outer loop
      vertex -57.3038 30.8629 20.4
      vertex -57.3038 30.1371 20.4
      vertex -57.274 30.2561 20.4
    endloop
  endfacet
  facet normal 0 0 1
    outer loop
      vertex -57.3451 30.9784 20.4
      vertex -57.3038 30.1371 20.4
      vertex -57.3038 30.8629 20.4
    endloop
  endfacet
  facet normal 0 0 1
    outer loop
      vertex -57.3451 30.9784 20.4
      vertex -57.3451 30.0216 20.4
      vertex -57.3038 30.1371 20.4
    endloop
  endfacet
  facet normal 0 0 1
    outer loop
      vertex -57.3976 31.0892 20.4
      vertex -57.3451 30.0216 20.4
      vertex -57.3451 30.9784 20.4
    endloop
  endfacet
  facet normal 0 0 1
    outer loop
      vertex -57.3976 31.0892 20.4
      vertex -57.3976 29.9108 20.4
      vertex -57.3451 30.0216 20.4
    endloop
  endfacet
  facet normal 0 0 1
    outer loop
      vertex -57.4607 31.1945 20.4
      vertex -57.3976 29.9108 20.4
      vertex -57.3976 31.0892 20.4
    endloop
  endfacet
  facet normal 0 0 1
    outer loop
      vertex -57.4607 31.1945 20.4
      vertex -57.4607 29.8055 20.4
      vertex -57.3976 29.9108 20.4
    endloop
  endfacet
  facet normal 0 0 1
    outer loop
      vertex -57.5337 31.293 20.4
      vertex -57.4607 29.8055 20.4
      vertex -57.4607 31.1945 20.4
    endloop
  endfacet
  facet normal 0 0 1
    outer loop
      vertex -57.5337 31.293 20.4
      vertex -57.5337 29.707 20.4
      vertex -57.4607 29.8055 20.4
    endloop
  endfacet
  facet normal 0 0 1
    outer loop
      vertex -57.6161 31.3839 20.4
      vertex -57.5337 29.707 20.4
      vertex -57.5337 31.293 20.4
    endloop
  endfacet
  facet normal 0 0 1
    outer loop
      vertex -57.6161 31.3839 20.4
      vertex -57.6161 29.6161 20.4
      vertex -57.5337 29.707 20.4
    endloop
  endfacet
  facet normal 0 0 1
    outer loop
      vertex -57.707 31.4663 20.4
      vertex -57.6161 29.6161 20.4
      vertex -57.6161 31.3839 20.4
    endloop
  endfacet
  facet normal 0 0 1
    outer loop
      vertex -57.707 31.4663 20.4
      vertex -57.707 29.5337 20.4
      vertex -57.6161 29.6161 20.4
    endloop
  endfacet
  facet normal 0 0 1
    outer loop
      vertex -57.8055 31.5393 20.4
      vertex -57.707 29.5337 20.4
      vertex -57.707 31.4663 20.4
    endloop
  endfacet
  facet normal 0 0 1
    outer loop
      vertex -57.8055 31.5393 20.4
      vertex -57.8055 29.4607 20.4
      vertex -57.707 29.5337 20.4
    endloop
  endfacet
  facet normal 0 0 1
    outer loop
      vertex -57.9108 31.6024 20.4
      vertex -57.8055 29.4607 20.4
      vertex -57.8055 31.5393 20.4
    endloop
  endfacet
  facet normal 0 0 1
    outer loop
      vertex -57.9108 31.6024 20.4
      vertex -57.9108 29.3976 20.4
      vertex -57.8055 29.4607 20.4
    endloop
  endfacet
  facet normal 0 0 1
    outer loop
      vertex -58.0216 31.6549 20.4
      vertex -57.9108 29.3976 20.4
      vertex -57.9108 31.6024 20.4
    endloop
  endfacet
  facet normal 0 0 1
    outer loop
      vertex -58.0216 31.6549 20.4
      vertex -58.0216 29.3451 20.4
      vertex -57.9108 29.3976 20.4
    endloop
  endfacet
  facet normal 0 0 1
    outer loop
      vertex -58.1371 31.6962 20.4
      vertex -58.0216 29.3451 20.4
      vertex -58.0216 31.6549 20.4
    endloop
  endfacet
  facet normal 0 0 1
    outer loop
      vertex -58.1371 31.6962 20.4
      vertex -58.1371 29.3038 20.4
      vertex -58.0216 29.3451 20.4
    endloop
  endfacet
  facet normal 0 0 1
    outer loop
      vertex -58.2561 31.726 20.4
      vertex -58.1371 29.3038 20.4
      vertex -58.1371 31.6962 20.4
    endloop
  endfacet
  facet normal 0 0 1
    outer loop
      vertex -58.2561 31.726 20.4
      vertex -58.2561 29.274 20.4
      vertex -58.1371 29.3038 20.4
    endloop
  endfacet
  facet normal 0 0 1
    outer loop
      vertex -58.3775 31.744 20.4
      vertex -58.2561 29.274 20.4
      vertex -58.2561 31.726 20.4
    endloop
  endfacet
  facet normal 0 0 1
    outer loop
      vertex -58.3775 31.744 20.4
      vertex -58.3775 29.256 20.4
      vertex -58.2561 29.274 20.4
    endloop
  endfacet
  facet normal 0 0 1
    outer loop
      vertex -58.5 31.75 20.4
      vertex -58.3775 29.256 20.4
      vertex -58.3775 31.744 20.4
    endloop
  endfacet
  facet normal 0 0 1
    outer loop
      vertex -58.5 31.75 20.4
      vertex -58.5 29.25 20.4
      vertex -58.3775 29.256 20.4
    endloop
  endfacet
  facet normal -0 0 1
    outer loop
      vertex -58.6225 31.744 20.4
      vertex -58.5 29.25 20.4
      vertex -58.5 31.75 20.4
    endloop
  endfacet
  facet normal 0 0 1
    outer loop
      vertex -58.6225 31.744 20.4
      vertex -58.6225 29.256 20.4
      vertex -58.5 29.25 20.4
    endloop
  endfacet
  facet normal -0 0 1
    outer loop
      vertex -58.7439 31.726 20.4
      vertex -58.6225 29.256 20.4
      vertex -58.6225 31.744 20.4
    endloop
  endfacet
  facet normal 0 0 1
    outer loop
      vertex -58.7439 31.726 20.4
      vertex -58.7439 29.274 20.4
      vertex -58.6225 29.256 20.4
    endloop
  endfacet
  facet normal -0 0 1
    outer loop
      vertex -58.8629 31.6962 20.4
      vertex -58.7439 29.274 20.4
      vertex -58.7439 31.726 20.4
    endloop
  endfacet
  facet normal 0 0 1
    outer loop
      vertex -58.8629 31.6962 20.4
      vertex -58.8629 29.3038 20.4
      vertex -58.7439 29.274 20.4
    endloop
  endfacet
  facet normal -0 0 1
    outer loop
      vertex -58.9784 31.6549 20.4
      vertex -58.8629 29.3038 20.4
      vertex -58.8629 31.6962 20.4
    endloop
  endfacet
  facet normal 0 0 1
    outer loop
      vertex -58.9784 31.6549 20.4
      vertex -58.9784 29.3451 20.4
      vertex -58.8629 29.3038 20.4
    endloop
  endfacet
  facet normal -0 0 1
    outer loop
      vertex -59.0892 31.6024 20.4
      vertex -58.9784 29.3451 20.4
      vertex -58.9784 31.6549 20.4
    endloop
  endfacet
  facet normal 0 0 1
    outer loop
      vertex -59.0892 31.6024 20.4
      vertex -59.0892 29.3976 20.4
      vertex -58.9784 29.3451 20.4
    endloop
  endfacet
  facet normal -0 0 1
    outer loop
      vertex -59.1945 31.5393 20.4
      vertex -59.0892 29.3976 20.4
      vertex -59.0892 31.6024 20.4
    endloop
  endfacet
  facet normal 0 0 1
    outer loop
      vertex -59.1945 31.5393 20.4
      vertex -59.1945 29.4607 20.4
      vertex -59.0892 29.3976 20.4
    endloop
  endfacet
  facet normal -0 0 1
    outer loop
      vertex -59.293 31.4663 20.4
      vertex -59.1945 29.4607 20.4
      vertex -59.1945 31.5393 20.4
    endloop
  endfacet
  facet normal 0 0 1
    outer loop
      vertex -59.293 31.4663 20.4
      vertex -59.293 29.5337 20.4
      vertex -59.1945 29.4607 20.4
    endloop
  endfacet
  facet normal -0 0 1
    outer loop
      vertex -59.3839 31.3839 20.4
      vertex -59.293 29.5337 20.4
      vertex -59.293 31.4663 20.4
    endloop
  endfacet
  facet normal 0 0 1
    outer loop
      vertex -59.3839 31.3839 20.4
      vertex -59.3839 29.6161 20.4
      vertex -59.293 29.5337 20.4
    endloop
  endfacet
  facet normal -0 0 1
    outer loop
      vertex -59.4663 31.293 20.4
      vertex -59.3839 29.6161 20.4
      vertex -59.3839 31.3839 20.4
    endloop
  endfacet
  facet normal 0 0 1
    outer loop
      vertex -59.4663 31.293 20.4
      vertex -59.4663 29.707 20.4
      vertex -59.3839 29.6161 20.4
    endloop
  endfacet
  facet normal -0 0 1
    outer loop
      vertex -59.5393 31.1945 20.4
      vertex -59.4663 29.707 20.4
      vertex -59.4663 31.293 20.4
    endloop
  endfacet
  facet normal 0 0 1
    outer loop
      vertex -59.5393 31.1945 20.4
      vertex -59.5393 29.8055 20.4
      vertex -59.4663 29.707 20.4
    endloop
  endfacet
  facet normal -0 0 1
    outer loop
      vertex -59.6024 31.0892 20.4
      vertex -59.5393 29.8055 20.4
      vertex -59.5393 31.1945 20.4
    endloop
  endfacet
  facet normal 0 0 1
    outer loop
      vertex -59.6024 31.0892 20.4
      vertex -59.6024 29.9108 20.4
      vertex -59.5393 29.8055 20.4
    endloop
  endfacet
  facet normal -0 0 1
    outer loop
      vertex -59.6549 30.9784 20.4
      vertex -59.6024 29.9108 20.4
      vertex -59.6024 31.0892 20.4
    endloop
  endfacet
  facet normal 0 0 1
    outer loop
      vertex -59.6549 30.9784 20.4
      vertex -59.6549 30.0216 20.4
      vertex -59.6024 29.9108 20.4
    endloop
  endfacet
  facet normal -0 0 1
    outer loop
      vertex -59.6962 30.8629 20.4
      vertex -59.6549 30.0216 20.4
      vertex -59.6549 30.9784 20.4
    endloop
  endfacet
  facet normal 0 0 1
    outer loop
      vertex -59.6962 30.8629 20.4
      vertex -59.6962 30.1371 20.4
      vertex -59.6549 30.0216 20.4
    endloop
  endfacet
  facet normal -0 0 1
    outer loop
      vertex -59.726 30.7439 20.4
      vertex -59.6962 30.1371 20.4
      vertex -59.6962 30.8629 20.4
    endloop
  endfacet
  facet normal 0 0 1
    outer loop
      vertex -59.726 30.7439 20.4
      vertex -59.726 30.2561 20.4
      vertex -59.6962 30.1371 20.4
    endloop
  endfacet
  facet normal -0 0 1
    outer loop
      vertex -59.744 30.6225 20.4
      vertex -59.726 30.2561 20.4
      vertex -59.726 30.7439 20.4
    endloop
  endfacet
  facet normal 0 0 1
    outer loop
      vertex -59.744 30.6225 20.4
      vertex -59.744 30.3775 20.4
      vertex -59.726 30.2561 20.4
    endloop
  endfacet
  facet normal 0 -0 1
    outer loop
      vertex -59.744 30.3775 20.4
      vertex -59.744 30.6225 20.4
      vertex -59.75 30.5 20.4
    endloop
  endfacet
  facet normal -0.989186 0.146667 0
    outer loop
      vertex -57.274 30.2561 20.4
      vertex -57.256 30.3775 32.4
      vertex -57.256 30.3775 20.4
    endloop
  endfacet
  facet normal -0.989186 0.146667 0
    outer loop
      vertex -57.256 30.3775 32.4
      vertex -57.274 30.2561 20.4
      vertex -57.274 30.2561 32.4
    endloop
  endfacet
  facet normal -0.146667 -0.989186 0
    outer loop
      vertex -58.3775 31.744 20.4
      vertex -58.2561 31.726 32.4
      vertex -58.3775 31.744 32.4
    endloop
  endfacet
  facet normal -0.146667 -0.989186 -0
    outer loop
      vertex -58.2561 31.726 32.4
      vertex -58.3775 31.744 20.4
      vertex -58.2561 31.726 20.4
    endloop
  endfacet
  facet normal -0.0489209 -0.998803 0
    outer loop
      vertex -58.5 31.75 20.4
      vertex -58.3775 31.744 32.4
      vertex -58.5 31.75 32.4
    endloop
  endfacet
  facet normal -0.0489209 -0.998803 -0
    outer loop
      vertex -58.3775 31.744 32.4
      vertex -58.5 31.75 20.4
      vertex -58.3775 31.744 20.4
    endloop
  endfacet
  facet normal 0.740898 0.671617 0
    outer loop
      vertex -59.3839 29.6161 32.4
      vertex -59.4663 29.707 20.4
      vertex -59.4663 29.707 32.4
    endloop
  endfacet
  facet normal 0.740898 0.671617 0
    outer loop
      vertex -59.4663 29.707 20.4
      vertex -59.3839 29.6161 32.4
      vertex -59.3839 29.6161 20.4
    endloop
  endfacet
  facet normal 0.85778 0.514016 0
    outer loop
      vertex -59.5393 29.8055 32.4
      vertex -59.6024 29.9108 20.4
      vertex -59.6024 29.9108 32.4
    endloop
  endfacet
  facet normal 0.85778 0.514016 0
    outer loop
      vertex -59.6024 29.9108 20.4
      vertex -59.5393 29.8055 32.4
      vertex -59.5393 29.8055 20.4
    endloop
  endfacet
  facet normal 0.336698 -0.941613 0
    outer loop
      vertex -58.9784 31.6549 20.4
      vertex -58.8629 31.6962 32.4
      vertex -58.9784 31.6549 32.4
    endloop
  endfacet
  facet normal 0.336698 -0.941613 0
    outer loop
      vertex -58.8629 31.6962 32.4
      vertex -58.9784 31.6549 20.4
      vertex -58.8629 31.6962 20.4
    endloop
  endfacet
  facet normal 0.514016 0.85778 -0
    outer loop
      vertex -59.0892 29.3976 20.4
      vertex -59.1945 29.4607 32.4
      vertex -59.0892 29.3976 32.4
    endloop
  endfacet
  facet normal 0.514016 0.85778 0
    outer loop
      vertex -59.1945 29.4607 32.4
      vertex -59.0892 29.3976 20.4
      vertex -59.1945 29.4607 20.4
    endloop
  endfacet
  facet normal -0.595423 0.803413 0
    outer loop
      vertex -57.707 29.5337 20.4
      vertex -57.8055 29.4607 32.4
      vertex -57.707 29.5337 32.4
    endloop
  endfacet
  facet normal -0.595423 0.803413 0
    outer loop
      vertex -57.8055 29.4607 32.4
      vertex -57.707 29.5337 20.4
      vertex -57.8055 29.4607 20.4
    endloop
  endfacet
  facet normal 0.803413 0.595423 0
    outer loop
      vertex -59.4663 29.707 32.4
      vertex -59.5393 29.8055 20.4
      vertex -59.5393 29.8055 32.4
    endloop
  endfacet
  facet normal 0.803413 0.595423 0
    outer loop
      vertex -59.5393 29.8055 20.4
      vertex -59.4663 29.707 32.4
      vertex -59.4663 29.707 20.4
    endloop
  endfacet
  facet normal 0.903688 -0.428192 0
    outer loop
      vertex -59.6549 30.9784 32.4
      vertex -59.6024 31.0892 20.4
      vertex -59.6024 31.0892 32.4
    endloop
  endfacet
  facet normal 0.903688 -0.428192 0
    outer loop
      vertex -59.6024 31.0892 20.4
      vertex -59.6549 30.9784 32.4
      vertex -59.6549 30.9784 20.4
    endloop
  endfacet
  facet normal 0.989186 0.146667 0
    outer loop
      vertex -59.726 30.2561 32.4
      vertex -59.744 30.3775 20.4
      vertex -59.744 30.3775 32.4
    endloop
  endfacet
  facet normal 0.989186 0.146667 0
    outer loop
      vertex -59.744 30.3775 20.4
      vertex -59.726 30.2561 32.4
      vertex -59.726 30.2561 20.4
    endloop
  endfacet
  facet normal -0.242919 -0.970047 0
    outer loop
      vertex -58.2561 31.726 20.4
      vertex -58.1371 31.6962 32.4
      vertex -58.2561 31.726 32.4
    endloop
  endfacet
  facet normal -0.242919 -0.970047 -0
    outer loop
      vertex -58.1371 31.6962 32.4
      vertex -58.2561 31.726 20.4
      vertex -58.1371 31.6962 20.4
    endloop
  endfacet
  facet normal -0.514016 0.85778 0
    outer loop
      vertex -57.8055 29.4607 20.4
      vertex -57.9108 29.3976 32.4
      vertex -57.8055 29.4607 32.4
    endloop
  endfacet
  facet normal -0.514016 0.85778 0
    outer loop
      vertex -57.9108 29.3976 32.4
      vertex -57.8055 29.4607 20.4
      vertex -57.9108 29.3976 20.4
    endloop
  endfacet
  facet normal 0.671617 0.740898 -0
    outer loop
      vertex -59.293 29.5337 20.4
      vertex -59.3839 29.6161 32.4
      vertex -59.293 29.5337 32.4
    endloop
  endfacet
  facet normal 0.671617 0.740898 0
    outer loop
      vertex -59.3839 29.6161 32.4
      vertex -59.293 29.5337 20.4
      vertex -59.3839 29.6161 20.4
    endloop
  endfacet
  facet normal 0.0489209 0.998803 -0
    outer loop
      vertex -58.5 29.25 20.4
      vertex -58.6225 29.256 32.4
      vertex -58.5 29.25 32.4
    endloop
  endfacet
  facet normal 0.0489209 0.998803 0
    outer loop
      vertex -58.6225 29.256 32.4
      vertex -58.5 29.25 20.4
      vertex -58.6225 29.256 20.4
    endloop
  endfacet
  facet normal 0.998803 -0.0489209 0
    outer loop
      vertex -59.75 30.5 32.4
      vertex -59.744 30.6225 20.4
      vertex -59.744 30.6225 32.4
    endloop
  endfacet
  facet normal 0.998803 -0.0489209 0
    outer loop
      vertex -59.744 30.6225 20.4
      vertex -59.75 30.5 32.4
      vertex -59.75 30.5 20.4
    endloop
  endfacet
  facet normal 0.336698 0.941613 -0
    outer loop
      vertex -58.8629 29.3038 20.4
      vertex -58.9784 29.3451 32.4
      vertex -58.8629 29.3038 32.4
    endloop
  endfacet
  facet normal 0.336698 0.941613 0
    outer loop
      vertex -58.9784 29.3451 32.4
      vertex -58.8629 29.3038 20.4
      vertex -58.9784 29.3451 20.4
    endloop
  endfacet
  facet normal -0.671617 0.740898 0
    outer loop
      vertex -57.6161 29.6161 20.4
      vertex -57.707 29.5337 32.4
      vertex -57.6161 29.6161 32.4
    endloop
  endfacet
  facet normal -0.671617 0.740898 0
    outer loop
      vertex -57.707 29.5337 32.4
      vertex -57.6161 29.6161 20.4
      vertex -57.707 29.5337 20.4
    endloop
  endfacet
  facet normal 0.989172 0.14676 0
    outer loop
      vertex 61.9831 -30.1569 32.4
      vertex 61.9327 -29.8172 2.4
      vertex 61.9327 -29.8172 32.4
    endloop
  endfacet
  facet normal 0.989172 0.14676 0
    outer loop
      vertex 61.9327 -29.8172 2.4
      vertex 61.9831 -30.1569 32.4
      vertex 61.9831 -30.1569 2.4
    endloop
  endfacet
  facet normal 0.998789 0.0491971 0
    outer loop
      vertex 62 -30.5 32.4
      vertex 61.9831 -30.1569 2.4
      vertex 61.9831 -30.1569 32.4
    endloop
  endfacet
  facet normal 0.998789 0.0491971 0
    outer loop
      vertex 61.9831 -30.1569 2.4
      vertex 62 -30.5 32.4
      vertex 62 -30.5 2.4
    endloop
  endfacet
  facet normal 0.970074 0.24281 0
    outer loop
      vertex 61.9327 -29.8172 32.4
      vertex 61.8493 -29.484 2.4
      vertex 61.8493 -29.484 32.4
    endloop
  endfacet
  facet normal 0.970074 0.24281 0
    outer loop
      vertex 61.8493 -29.484 2.4
      vertex 61.9327 -29.8172 32.4
      vertex 61.9327 -29.8172 2.4
    endloop
  endfacet
  facet normal 0.595659 -0.803237 0
    outer loop
      vertex 60.4445 -33.4101 2.4
      vertex 60.7204 -33.2055 32.4
      vertex 60.4445 -33.4101 32.4
    endloop
  endfacet
  facet normal 0.595659 -0.803237 0
    outer loop
      vertex 60.7204 -33.2055 32.4
      vertex 60.4445 -33.4101 2.4
      vertex 60.7204 -33.2055 2.4
    endloop
  endfacet
  facet normal 0.427661 -0.903939 0
    outer loop
      vertex 59.8394 -33.7336 2.4
      vertex 60.1499 -33.5867 32.4
      vertex 59.8394 -33.7336 32.4
    endloop
  endfacet
  facet normal 0.427661 -0.903939 0
    outer loop
      vertex 60.1499 -33.5867 32.4
      vertex 59.8394 -33.7336 2.4
      vertex 60.1499 -33.5867 2.4
    endloop
  endfacet
  facet normal -0.671454 -0.741046 0
    outer loop
      vertex 56.0251 -32.9749 2.4
      vertex 56.2796 -33.2055 32.4
      vertex 56.0251 -32.9749 32.4
    endloop
  endfacet
  facet normal -0.671454 -0.741046 -0
    outer loop
      vertex 56.2796 -33.2055 32.4
      vertex 56.0251 -32.9749 2.4
      vertex 56.2796 -33.2055 2.4
    endloop
  endfacet
  facet normal 0.514153 0.857698 -0
    outer loop
      vertex 60.4445 -27.5899 8.4
      vertex 60.1499 -27.4133 32.4
      vertex 60.4445 -27.5899 32.4
    endloop
  endfacet
  facet normal 0.514153 0.857698 0
    outer loop
      vertex 60.1499 -27.4133 32.4
      vertex 60.4445 -27.5899 8.4
      vertex 60.1499 -27.4133 8.4
    endloop
  endfacet
  facet normal -0.14676 -0.989172 0
    outer loop
      vertex 57.8172 -33.9327 2.4
      vertex 58.1569 -33.9831 32.4
      vertex 57.8172 -33.9327 32.4
    endloop
  endfacet
  facet normal -0.14676 -0.989172 -0
    outer loop
      vertex 58.1569 -33.9831 32.4
      vertex 57.8172 -33.9327 2.4
      vertex 58.1569 -33.9831 2.4
    endloop
  endfacet
  facet normal -0.24281 0.970074 0
    outer loop
      vertex 57.8172 -27.0673 2.4
      vertex 57.484 -27.1507 32.4
      vertex 57.8172 -27.0673 32.4
    endloop
  endfacet
  facet normal -0.24281 0.970074 0
    outer loop
      vertex 57.484 -27.1507 32.4
      vertex 57.8172 -27.0673 2.4
      vertex 57.484 -27.1507 2.4
    endloop
  endfacet
  facet normal 0.741046 0.671454 0
    outer loop
      vertex 61.2055 -28.2796 32.4
      vertex 60.9749 -28.0251 8.4
      vertex 60.9749 -28.0251 32.4
    endloop
  endfacet
  facet normal 0.741046 0.671454 0
    outer loop
      vertex 60.9749 -28.0251 8.4
      vertex 61.2055 -28.2796 32.4
      vertex 61.2055 -28.2796 8.4
    endloop
  endfacet
  facet normal -0.970074 -0.24281 0
    outer loop
      vertex 55.1507 -31.516 2.4
      vertex 55.0673 -31.1828 32.4
      vertex 55.0673 -31.1828 2.4
    endloop
  endfacet
  facet normal -0.970074 -0.24281 0
    outer loop
      vertex 55.0673 -31.1828 32.4
      vertex 55.1507 -31.516 2.4
      vertex 55.1507 -31.516 32.4
    endloop
  endfacet
  facet normal 0.857698 0.514153 0
    outer loop
      vertex 61.5867 -28.8501 32.4
      vertex 61.4101 -28.5555 2.4
      vertex 61.4101 -28.5555 32.4
    endloop
  endfacet
  facet normal 0.857698 0.514153 0
    outer loop
      vertex 61.4101 -28.5555 2.4
      vertex 61.5867 -28.8501 32.4
      vertex 61.5867 -28.8501 2.4
    endloop
  endfacet
  facet normal 0.671454 0.741046 -0
    outer loop
      vertex 60.9749 -28.0251 8.4
      vertex 60.7204 -27.7945 32.4
      vertex 60.9749 -28.0251 32.4
    endloop
  endfacet
  facet normal 0.671454 0.741046 0
    outer loop
      vertex 60.7204 -27.7945 32.4
      vertex 60.9749 -28.0251 8.4
      vertex 60.7204 -27.7945 8.4
    endloop
  endfacet
  facet normal -0.941557 -0.336853 0
    outer loop
      vertex 55.2664 -31.8394 2.4
      vertex 55.1507 -31.516 32.4
      vertex 55.1507 -31.516 2.4
    endloop
  endfacet
  facet normal -0.941557 -0.336853 0
    outer loop
      vertex 55.1507 -31.516 32.4
      vertex 55.2664 -31.8394 2.4
      vertex 55.2664 -31.8394 32.4
    endloop
  endfacet
  facet normal 0.336853 -0.941557 0
    outer loop
      vertex 59.516 -33.8493 2.4
      vertex 59.8394 -33.7336 32.4
      vertex 59.516 -33.8493 32.4
    endloop
  endfacet
  facet normal 0.336853 -0.941557 0
    outer loop
      vertex 59.8394 -33.7336 32.4
      vertex 59.516 -33.8493 2.4
      vertex 59.8394 -33.7336 2.4
    endloop
  endfacet
  facet normal 0.941557 0.336853 0
    outer loop
      vertex 61.8493 -29.484 32.4
      vertex 61.7336 -29.1606 2.4
      vertex 61.7336 -29.1606 32.4
    endloop
  endfacet
  facet normal 0.941557 0.336853 0
    outer loop
      vertex 61.7336 -29.1606 2.4
      vertex 61.8493 -29.484 32.4
      vertex 61.8493 -29.484 2.4
    endloop
  endfacet
  facet normal -0.998789 -0.0491971 0
    outer loop
      vertex 55.0169 -30.8431 2.4
      vertex 55 -30.5 32.4
      vertex 55 -30.5 2.4
    endloop
  endfacet
  facet normal -0.998789 -0.0491971 0
    outer loop
      vertex 55 -30.5 32.4
      vertex 55.0169 -30.8431 2.4
      vertex 55.0169 -30.8431 32.4
    endloop
  endfacet
  facet normal -0.0491971 0.998789 0
    outer loop
      vertex 58.5 -27 2.4
      vertex 58.1569 -27.0169 32.4
      vertex 58.5 -27 32.4
    endloop
  endfacet
  facet normal -0.0491971 0.998789 0
    outer loop
      vertex 58.1569 -27.0169 32.4
      vertex 58.5 -27 2.4
      vertex 58.1569 -27.0169 2.4
    endloop
  endfacet
  facet normal 0.903939 -0.427661 0
    outer loop
      vertex 61.5867 -32.1499 32.4
      vertex 61.7336 -31.8394 2.4
      vertex 61.7336 -31.8394 32.4
    endloop
  endfacet
  facet normal 0.903939 -0.427661 0
    outer loop
      vertex 61.7336 -31.8394 2.4
      vertex 61.5867 -32.1499 32.4
      vertex 61.5867 -32.1499 2.4
    endloop
  endfacet
  facet normal 0.595659 0.803237 -0
    outer loop
      vertex 60.7204 -27.7945 8.4
      vertex 60.4445 -27.5899 32.4
      vertex 60.7204 -27.7945 32.4
    endloop
  endfacet
  facet normal 0.595659 0.803237 0
    outer loop
      vertex 60.4445 -27.5899 32.4
      vertex 60.7204 -27.7945 8.4
      vertex 60.4445 -27.5899 8.4
    endloop
  endfacet
  facet normal 0.998789 -0.0491971 0
    outer loop
      vertex 61.9831 -30.8431 32.4
      vertex 62 -30.5 2.4
      vertex 62 -30.5 32.4
    endloop
  endfacet
  facet normal 0.998789 -0.0491971 0
    outer loop
      vertex 62 -30.5 2.4
      vertex 61.9831 -30.8431 32.4
      vertex 61.9831 -30.8431 2.4
    endloop
  endfacet
  facet normal -0.336853 -0.941557 0
    outer loop
      vertex 57.1606 -33.7336 2.4
      vertex 57.484 -33.8493 32.4
      vertex 57.1606 -33.7336 32.4
    endloop
  endfacet
  facet normal -0.336853 -0.941557 -0
    outer loop
      vertex 57.484 -33.8493 32.4
      vertex 57.1606 -33.7336 2.4
      vertex 57.484 -33.8493 2.4
    endloop
  endfacet
  facet normal -0.0491971 -0.998789 0
    outer loop
      vertex 58.1569 -33.9831 2.4
      vertex 58.5 -34 32.4
      vertex 58.1569 -33.9831 32.4
    endloop
  endfacet
  facet normal -0.0491971 -0.998789 -0
    outer loop
      vertex 58.5 -34 32.4
      vertex 58.1569 -33.9831 2.4
      vertex 58.5 -34 2.4
    endloop
  endfacet
  facet normal 0.0491971 -0.998789 0
    outer loop
      vertex 58.5 -34 2.4
      vertex 58.8431 -33.9831 32.4
      vertex 58.5 -34 32.4
    endloop
  endfacet
  facet normal 0.0491971 -0.998789 0
    outer loop
      vertex 58.8431 -33.9831 32.4
      vertex 58.5 -34 2.4
      vertex 58.8431 -33.9831 2.4
    endloop
  endfacet
  facet normal 0.802462 0.596703 0
    outer loop
      vertex 61.2055 -28.2796 32.4
      vertex 61.22 -28.2991 8.4
      vertex 61.2055 -28.2796 8.4
    endloop
  endfacet
  facet normal 0.803237 0.595659 1.31617e-06
    outer loop
      vertex 61.4101 -28.5555 32.4
      vertex 61.22 -28.2991 8.4
      vertex 61.2055 -28.2796 32.4
    endloop
  endfacet
  facet normal 0.803296 0.59558 -0
    outer loop
      vertex 61.4101 -28.5555 2.4
      vertex 61.22 -28.2991 8.4
      vertex 61.4101 -28.5555 32.4
    endloop
  endfacet
  facet normal 0.803296 0.59558 0
    outer loop
      vertex 61.22 -28.2991 8.4
      vertex 61.4101 -28.5555 2.4
      vertex 61.22 -28.2991 2.4
    endloop
  endfacet
  facet normal -0.671454 0.741046 0
    outer loop
      vertex 56.2796 -27.7945 2.4
      vertex 56.0251 -28.0251 32.4
      vertex 56.2796 -27.7945 32.4
    endloop
  endfacet
  facet normal -0.671454 0.741046 0
    outer loop
      vertex 56.0251 -28.0251 32.4
      vertex 56.2796 -27.7945 2.4
      vertex 56.0251 -28.0251 2.4
    endloop
  endfacet
  facet normal 0.14676 0.989172 -0
    outer loop
      vertex 59.1828 -27.0673 2.4
      vertex 58.8431 -27.0169 32.4
      vertex 59.1828 -27.0673 32.4
    endloop
  endfacet
  facet normal 0.14676 0.989172 0
    outer loop
      vertex 58.8431 -27.0169 32.4
      vertex 59.1828 -27.0673 2.4
      vertex 58.8431 -27.0169 2.4
    endloop
  endfacet
  facet normal 0.14676 -0.989172 0
    outer loop
      vertex 58.8431 -33.9831 2.4
      vertex 59.1828 -33.9327 32.4
      vertex 58.8431 -33.9831 32.4
    endloop
  endfacet
  facet normal 0.14676 -0.989172 0
    outer loop
      vertex 59.1828 -33.9327 32.4
      vertex 58.8431 -33.9831 2.4
      vertex 59.1828 -33.9327 2.4
    endloop
  endfacet
  facet normal 0.427661 0.903939 -0
    outer loop
      vertex 60.1499 -27.4133 8.4
      vertex 59.8394 -27.2664 32.4
      vertex 60.1499 -27.4133 32.4
    endloop
  endfacet
  facet normal 0.427661 0.903939 0
    outer loop
      vertex 59.8394 -27.2664 32.4
      vertex 60.1499 -27.4133 8.4
      vertex 59.8394 -27.2664 8.4
    endloop
  endfacet
  facet normal 0.941557 -0.336853 0
    outer loop
      vertex 61.7336 -31.8394 32.4
      vertex 61.8493 -31.516 2.4
      vertex 61.8493 -31.516 32.4
    endloop
  endfacet
  facet normal 0.941557 -0.336853 0
    outer loop
      vertex 61.8493 -31.516 2.4
      vertex 61.7336 -31.8394 32.4
      vertex 61.7336 -31.8394 2.4
    endloop
  endfacet
  facet normal 0.741046 -0.671454 0
    outer loop
      vertex 60.9749 -32.9749 32.4
      vertex 61.2055 -32.7204 2.4
      vertex 61.2055 -32.7204 32.4
    endloop
  endfacet
  facet normal 0.741046 -0.671454 0
    outer loop
      vertex 61.2055 -32.7204 2.4
      vertex 60.9749 -32.9749 32.4
      vertex 60.9749 -32.9749 2.4
    endloop
  endfacet
  facet normal -0.741046 0.671454 0
    outer loop
      vertex 55.7945 -28.2796 2.4
      vertex 56.0251 -28.0251 32.4
      vertex 56.0251 -28.0251 2.4
    endloop
  endfacet
  facet normal -0.741046 0.671454 0
    outer loop
      vertex 56.0251 -28.0251 32.4
      vertex 55.7945 -28.2796 2.4
      vertex 55.7945 -28.2796 32.4
    endloop
  endfacet
  facet normal -0.857698 0.514153 0
    outer loop
      vertex 55.4133 -28.8501 2.4
      vertex 55.5899 -28.5555 32.4
      vertex 55.5899 -28.5555 2.4
    endloop
  endfacet
  facet normal -0.857698 0.514153 0
    outer loop
      vertex 55.5899 -28.5555 32.4
      vertex 55.4133 -28.8501 2.4
      vertex 55.4133 -28.8501 32.4
    endloop
  endfacet
  facet normal 0.903939 0.427661 0
    outer loop
      vertex 61.7336 -29.1606 32.4
      vertex 61.5867 -28.8501 2.4
      vertex 61.5867 -28.8501 32.4
    endloop
  endfacet
  facet normal 0.903939 0.427661 0
    outer loop
      vertex 61.5867 -28.8501 2.4
      vertex 61.7336 -29.1606 32.4
      vertex 61.7336 -29.1606 2.4
    endloop
  endfacet
  facet normal -0.514153 0.857698 0
    outer loop
      vertex 56.8501 -27.4133 2.4
      vertex 56.5555 -27.5899 32.4
      vertex 56.8501 -27.4133 32.4
    endloop
  endfacet
  facet normal -0.514153 0.857698 0
    outer loop
      vertex 56.5555 -27.5899 32.4
      vertex 56.8501 -27.4133 2.4
      vertex 56.5555 -27.5899 2.4
    endloop
  endfacet
  facet normal 0.989172 -0.14676 0
    outer loop
      vertex 61.9327 -31.1828 32.4
      vertex 61.9831 -30.8431 2.4
      vertex 61.9831 -30.8431 32.4
    endloop
  endfacet
  facet normal 0.989172 -0.14676 0
    outer loop
      vertex 61.9831 -30.8431 2.4
      vertex 61.9327 -31.1828 32.4
      vertex 61.9327 -31.1828 2.4
    endloop
  endfacet
  facet normal 0.514153 -0.857698 0
    outer loop
      vertex 60.1499 -33.5867 2.4
      vertex 60.4445 -33.4101 32.4
      vertex 60.1499 -33.5867 32.4
    endloop
  endfacet
  facet normal 0.514153 -0.857698 0
    outer loop
      vertex 60.4445 -33.4101 32.4
      vertex 60.1499 -33.5867 2.4
      vertex 60.4445 -33.4101 2.4
    endloop
  endfacet
  facet normal -0.941557 0.336853 0
    outer loop
      vertex 55.1507 -29.484 2.4
      vertex 55.2664 -29.1606 32.4
      vertex 55.2664 -29.1606 2.4
    endloop
  endfacet
  facet normal -0.941557 0.336853 0
    outer loop
      vertex 55.2664 -29.1606 32.4
      vertex 55.1507 -29.484 2.4
      vertex 55.1507 -29.484 32.4
    endloop
  endfacet
  facet normal 0.336853 0.941557 -0
    outer loop
      vertex 59.8394 -27.2664 8.4
      vertex 59.516 -27.1507 32.4
      vertex 59.8394 -27.2664 32.4
    endloop
  endfacet
  facet normal 0.336853 0.941557 0
    outer loop
      vertex 59.516 -27.1507 32.4
      vertex 59.8394 -27.2664 8.4
      vertex 59.516 -27.1507 8.4
    endloop
  endfacet
  facet normal 0.24281 0.970074 -0
    outer loop
      vertex 59.516 -27.1507 8.4
      vertex 59.1828 -27.0673 32.4
      vertex 59.516 -27.1507 32.4
    endloop
  endfacet
  facet normal 0.242844 0.970065 5.07973e-07
    outer loop
      vertex 59.22 -27.0766 8.4
      vertex 59.1828 -27.0673 32.4
      vertex 59.516 -27.1507 8.4
    endloop
  endfacet
  facet normal 0.242536 0.970143 0
    outer loop
      vertex 59.1828 -27.0673 2.4
      vertex 59.22 -27.0766 8.4
      vertex 59.22 -27.0766 2.4
    endloop
  endfacet
  facet normal 0.242536 0.970143 0
    outer loop
      vertex 59.22 -27.0766 8.4
      vertex 59.1828 -27.0673 2.4
      vertex 59.1828 -27.0673 32.4
    endloop
  endfacet
  facet normal -0.427661 0.903939 0
    outer loop
      vertex 57.1606 -27.2664 2.4
      vertex 56.8501 -27.4133 32.4
      vertex 57.1606 -27.2664 32.4
    endloop
  endfacet
  facet normal -0.427661 0.903939 0
    outer loop
      vertex 56.8501 -27.4133 32.4
      vertex 57.1606 -27.2664 2.4
      vertex 56.8501 -27.4133 2.4
    endloop
  endfacet
  facet normal -0.595659 0.803237 0
    outer loop
      vertex 56.5555 -27.5899 2.4
      vertex 56.2796 -27.7945 32.4
      vertex 56.5555 -27.5899 32.4
    endloop
  endfacet
  facet normal -0.595659 0.803237 0
    outer loop
      vertex 56.2796 -27.7945 32.4
      vertex 56.5555 -27.5899 2.4
      vertex 56.2796 -27.7945 2.4
    endloop
  endfacet
  facet normal -0.14676 0.989172 0
    outer loop
      vertex 58.1569 -27.0169 2.4
      vertex 57.8172 -27.0673 32.4
      vertex 58.1569 -27.0169 32.4
    endloop
  endfacet
  facet normal -0.14676 0.989172 0
    outer loop
      vertex 57.8172 -27.0673 32.4
      vertex 58.1569 -27.0169 2.4
      vertex 57.8172 -27.0673 2.4
    endloop
  endfacet
  facet normal 0.24281 -0.970074 0
    outer loop
      vertex 59.1828 -33.9327 2.4
      vertex 59.516 -33.8493 32.4
      vertex 59.1828 -33.9327 32.4
    endloop
  endfacet
  facet normal 0.24281 -0.970074 0
    outer loop
      vertex 59.516 -33.8493 32.4
      vertex 59.1828 -33.9327 2.4
      vertex 59.516 -33.8493 2.4
    endloop
  endfacet
  facet normal -0.903939 -0.427661 0
    outer loop
      vertex 55.4133 -32.1499 2.4
      vertex 55.2664 -31.8394 32.4
      vertex 55.2664 -31.8394 2.4
    endloop
  endfacet
  facet normal -0.903939 -0.427661 0
    outer loop
      vertex 55.2664 -31.8394 32.4
      vertex 55.4133 -32.1499 2.4
      vertex 55.4133 -32.1499 32.4
    endloop
  endfacet
  facet normal -0.970074 0.24281 0
    outer loop
      vertex 55.0673 -29.8172 2.4
      vertex 55.1507 -29.484 32.4
      vertex 55.1507 -29.484 2.4
    endloop
  endfacet
  facet normal -0.970074 0.24281 0
    outer loop
      vertex 55.1507 -29.484 32.4
      vertex 55.0673 -29.8172 2.4
      vertex 55.0673 -29.8172 32.4
    endloop
  endfacet
  facet normal -0.741046 -0.671454 0
    outer loop
      vertex 56.0251 -32.9749 2.4
      vertex 55.7945 -32.7204 32.4
      vertex 55.7945 -32.7204 2.4
    endloop
  endfacet
  facet normal -0.741046 -0.671454 0
    outer loop
      vertex 55.7945 -32.7204 32.4
      vertex 56.0251 -32.9749 2.4
      vertex 56.0251 -32.9749 32.4
    endloop
  endfacet
  facet normal -0.336853 0.941557 0
    outer loop
      vertex 57.484 -27.1507 2.4
      vertex 57.1606 -27.2664 32.4
      vertex 57.484 -27.1507 32.4
    endloop
  endfacet
  facet normal -0.336853 0.941557 0
    outer loop
      vertex 57.1606 -27.2664 32.4
      vertex 57.484 -27.1507 2.4
      vertex 57.1606 -27.2664 2.4
    endloop
  endfacet
  facet normal -0.989172 0.14676 0
    outer loop
      vertex 55.0169 -30.1569 2.4
      vertex 55.0673 -29.8172 32.4
      vertex 55.0673 -29.8172 2.4
    endloop
  endfacet
  facet normal -0.989172 0.14676 0
    outer loop
      vertex 55.0673 -29.8172 32.4
      vertex 55.0169 -30.1569 2.4
      vertex 55.0169 -30.1569 32.4
    endloop
  endfacet
  facet normal -0.998789 0.0491971 0
    outer loop
      vertex 55 -30.5 2.4
      vertex 55.0169 -30.1569 32.4
      vertex 55.0169 -30.1569 2.4
    endloop
  endfacet
  facet normal -0.998789 0.0491971 0
    outer loop
      vertex 55.0169 -30.1569 32.4
      vertex 55 -30.5 2.4
      vertex 55 -30.5 32.4
    endloop
  endfacet
  facet normal -0.989172 -0.14676 0
    outer loop
      vertex 55.0673 -31.1828 2.4
      vertex 55.0169 -30.8431 32.4
      vertex 55.0169 -30.8431 2.4
    endloop
  endfacet
  facet normal -0.989172 -0.14676 0
    outer loop
      vertex 55.0169 -30.8431 32.4
      vertex 55.0673 -31.1828 2.4
      vertex 55.0673 -31.1828 32.4
    endloop
  endfacet
  facet normal -0.803237 0.595659 0
    outer loop
      vertex 55.5899 -28.5555 2.4
      vertex 55.7945 -28.2796 32.4
      vertex 55.7945 -28.2796 2.4
    endloop
  endfacet
  facet normal -0.803237 0.595659 0
    outer loop
      vertex 55.7945 -28.2796 32.4
      vertex 55.5899 -28.5555 2.4
      vertex 55.5899 -28.5555 32.4
    endloop
  endfacet
  facet normal 0.970074 -0.24281 0
    outer loop
      vertex 61.8493 -31.516 32.4
      vertex 61.9327 -31.1828 2.4
      vertex 61.9327 -31.1828 32.4
    endloop
  endfacet
  facet normal 0.970074 -0.24281 0
    outer loop
      vertex 61.9327 -31.1828 2.4
      vertex 61.8493 -31.516 32.4
      vertex 61.8493 -31.516 2.4
    endloop
  endfacet
  facet normal -0.803237 -0.595659 0
    outer loop
      vertex 55.7945 -32.7204 2.4
      vertex 55.5899 -32.4445 32.4
      vertex 55.5899 -32.4445 2.4
    endloop
  endfacet
  facet normal -0.803237 -0.595659 0
    outer loop
      vertex 55.5899 -32.4445 32.4
      vertex 55.7945 -32.7204 2.4
      vertex 55.7945 -32.7204 32.4
    endloop
  endfacet
  facet normal 0.0491971 0.998789 -0
    outer loop
      vertex 58.8431 -27.0169 2.4
      vertex 58.5 -27 32.4
      vertex 58.8431 -27.0169 32.4
    endloop
  endfacet
  facet normal 0.0491971 0.998789 0
    outer loop
      vertex 58.5 -27 32.4
      vertex 58.8431 -27.0169 2.4
      vertex 58.5 -27 2.4
    endloop
  endfacet
  facet normal 0.857698 -0.514153 0
    outer loop
      vertex 61.4101 -32.4445 32.4
      vertex 61.5867 -32.1499 2.4
      vertex 61.5867 -32.1499 32.4
    endloop
  endfacet
  facet normal 0.857698 -0.514153 0
    outer loop
      vertex 61.5867 -32.1499 2.4
      vertex 61.4101 -32.4445 32.4
      vertex 61.4101 -32.4445 2.4
    endloop
  endfacet
  facet normal -0.514153 -0.857698 0
    outer loop
      vertex 56.5555 -33.4101 2.4
      vertex 56.8501 -33.5867 32.4
      vertex 56.5555 -33.4101 32.4
    endloop
  endfacet
  facet normal -0.514153 -0.857698 -0
    outer loop
      vertex 56.8501 -33.5867 32.4
      vertex 56.5555 -33.4101 2.4
      vertex 56.8501 -33.5867 2.4
    endloop
  endfacet
  facet normal -0.595659 -0.803237 0
    outer loop
      vertex 56.2796 -33.2055 2.4
      vertex 56.5555 -33.4101 32.4
      vertex 56.2796 -33.2055 32.4
    endloop
  endfacet
  facet normal -0.595659 -0.803237 -0
    outer loop
      vertex 56.5555 -33.4101 32.4
      vertex 56.2796 -33.2055 2.4
      vertex 56.5555 -33.4101 2.4
    endloop
  endfacet
  facet normal -0.427661 -0.903939 0
    outer loop
      vertex 56.8501 -33.5867 2.4
      vertex 57.1606 -33.7336 32.4
      vertex 56.8501 -33.5867 32.4
    endloop
  endfacet
  facet normal -0.427661 -0.903939 -0
    outer loop
      vertex 57.1606 -33.7336 32.4
      vertex 56.8501 -33.5867 2.4
      vertex 57.1606 -33.7336 2.4
    endloop
  endfacet
  facet normal 0.803237 -0.595659 0
    outer loop
      vertex 61.2055 -32.7204 32.4
      vertex 61.4101 -32.4445 2.4
      vertex 61.4101 -32.4445 32.4
    endloop
  endfacet
  facet normal 0.803237 -0.595659 0
    outer loop
      vertex 61.4101 -32.4445 2.4
      vertex 61.2055 -32.7204 32.4
      vertex 61.2055 -32.7204 2.4
    endloop
  endfacet
  facet normal -0.24281 -0.970074 0
    outer loop
      vertex 57.484 -33.8493 2.4
      vertex 57.8172 -33.9327 32.4
      vertex 57.484 -33.8493 32.4
    endloop
  endfacet
  facet normal -0.24281 -0.970074 -0
    outer loop
      vertex 57.8172 -33.9327 32.4
      vertex 57.484 -33.8493 2.4
      vertex 57.8172 -33.9327 2.4
    endloop
  endfacet
  facet normal -0.857698 -0.514153 0
    outer loop
      vertex 55.5899 -32.4445 2.4
      vertex 55.4133 -32.1499 32.4
      vertex 55.4133 -32.1499 2.4
    endloop
  endfacet
  facet normal -0.857698 -0.514153 0
    outer loop
      vertex 55.4133 -32.1499 32.4
      vertex 55.5899 -32.4445 2.4
      vertex 55.5899 -32.4445 32.4
    endloop
  endfacet
  facet normal -0.903939 0.427661 0
    outer loop
      vertex 55.2664 -29.1606 2.4
      vertex 55.4133 -28.8501 32.4
      vertex 55.4133 -28.8501 2.4
    endloop
  endfacet
  facet normal -0.903939 0.427661 0
    outer loop
      vertex 55.4133 -28.8501 32.4
      vertex 55.2664 -29.1606 2.4
      vertex 55.2664 -29.1606 32.4
    endloop
  endfacet
  facet normal 0.671454 -0.741046 0
    outer loop
      vertex 60.7204 -33.2055 2.4
      vertex 60.9749 -32.9749 32.4
      vertex 60.7204 -33.2055 32.4
    endloop
  endfacet
  facet normal 0.671454 -0.741046 0
    outer loop
      vertex 60.9749 -32.9749 32.4
      vertex 60.7204 -33.2055 2.4
      vertex 60.9749 -32.9749 2.4
    endloop
  endfacet
  facet normal 0 0 -1
    outer loop
      vertex 61.22 -32 2.4
      vertex 62 -30.5 2.4
      vertex 61.9831 -30.8431 2.4
    endloop
  endfacet
  facet normal 0 0 -1
    outer loop
      vertex 61.22 -32 2.4
      vertex 61.9831 -30.8431 2.4
      vertex 61.9327 -31.1828 2.4
    endloop
  endfacet
  facet normal -0 0 -1
    outer loop
      vertex 62 -30.5 2.4
      vertex 61.22 -32 2.4
      vertex 61.9831 -30.1569 2.4
    endloop
  endfacet
  facet normal 0 0 -1
    outer loop
      vertex 61.22 -32 2.4
      vertex 61.9327 -31.1828 2.4
      vertex 61.8493 -31.516 2.4
    endloop
  endfacet
  facet normal -0 0 -1
    outer loop
      vertex 61.9831 -30.1569 2.4
      vertex 61.22 -32 2.4
      vertex 61.9327 -29.8172 2.4
    endloop
  endfacet
  facet normal 0 0 -1
    outer loop
      vertex 61.22 -32 2.4
      vertex 61.8493 -31.516 2.4
      vertex 61.7336 -31.8394 2.4
    endloop
  endfacet
  facet normal -0 0 -1
    outer loop
      vertex 61.9327 -29.8172 2.4
      vertex 61.22 -32 2.4
      vertex 61.8493 -29.484 2.4
    endloop
  endfacet
  facet normal 0 0 -1
    outer loop
      vertex 61.22 -32 2.4
      vertex 61.7336 -31.8394 2.4
      vertex 61.5867 -32.1499 2.4
    endloop
  endfacet
  facet normal -0 0 -1
    outer loop
      vertex 61.8493 -29.484 2.4
      vertex 61.22 -32 2.4
      vertex 61.7336 -29.1606 2.4
    endloop
  endfacet
  facet normal 0 0 -1
    outer loop
      vertex 61.22 -32 2.4
      vertex 61.5867 -32.1499 2.4
      vertex 61.4101 -32.4445 2.4
    endloop
  endfacet
  facet normal -0 0 -1
    outer loop
      vertex 61.7336 -29.1606 2.4
      vertex 61.22 -32 2.4
      vertex 61.5867 -28.8501 2.4
    endloop
  endfacet
  facet normal -0 0 -1
    outer loop
      vertex 61.5867 -28.8501 2.4
      vertex 61.22 -32 2.4
      vertex 61.4101 -28.5555 2.4
    endloop
  endfacet
  facet normal 0 0 -1
    outer loop
      vertex 61.2055 -32.7204 2.4
      vertex 61.22 -32 2.4
      vertex 61.4101 -32.4445 2.4
    endloop
  endfacet
  facet normal 0 0 -1
    outer loop
      vertex 60.9749 -32.9749 2.4
      vertex 61.22 -32 2.4
      vertex 61.2055 -32.7204 2.4
    endloop
  endfacet
  facet normal 0 0 -1
    outer loop
      vertex 59.22 -32 2.4
      vertex 60.9749 -32.9749 2.4
      vertex 60.7204 -33.2055 2.4
    endloop
  endfacet
  facet normal 0 0 -1
    outer loop
      vertex 59.22 -32 2.4
      vertex 60.7204 -33.2055 2.4
      vertex 60.4445 -33.4101 2.4
    endloop
  endfacet
  facet normal 0 0 -1
    outer loop
      vertex 59.22 -32 2.4
      vertex 60.4445 -33.4101 2.4
      vertex 60.1499 -33.5867 2.4
    endloop
  endfacet
  facet normal 0 0 -1
    outer loop
      vertex 59.22 -32 2.4
      vertex 60.1499 -33.5867 2.4
      vertex 59.8394 -33.7336 2.4
    endloop
  endfacet
  facet normal 0 0 -1
    outer loop
      vertex 59.22 -32 2.4
      vertex 59.8394 -33.7336 2.4
      vertex 59.516 -33.8493 2.4
    endloop
  endfacet
  facet normal 0 0 -1
    outer loop
      vertex 60.9749 -32.9749 2.4
      vertex 59.22 -32 2.4
      vertex 61.22 -32 2.4
    endloop
  endfacet
  facet normal 0 0 -1
    outer loop
      vertex 59.1828 -33.9327 2.4
      vertex 59.22 -32 2.4
      vertex 59.516 -33.8493 2.4
    endloop
  endfacet
  facet normal 0 0 -1
    outer loop
      vertex 58.8431 -33.9831 2.4
      vertex 59.22 -32 2.4
      vertex 59.1828 -33.9327 2.4
    endloop
  endfacet
  facet normal 0 0 -1
    outer loop
      vertex 58.5 -34 2.4
      vertex 59.22 -32 2.4
      vertex 58.8431 -33.9831 2.4
    endloop
  endfacet
  facet normal 0 0 -1
    outer loop
      vertex 59.22 -32 2.4
      vertex 58.8431 -27.0169 2.4
      vertex 59.22 -27.0766 2.4
    endloop
  endfacet
  facet normal 0 0 -1
    outer loop
      vertex 59.22 -27.0766 2.4
      vertex 58.8431 -27.0169 2.4
      vertex 59.1828 -27.0673 2.4
    endloop
  endfacet
  facet normal 0 0 -1
    outer loop
      vertex 58.1569 -33.9831 2.4
      vertex 59.22 -32 2.4
      vertex 58.5 -34 2.4
    endloop
  endfacet
  facet normal 0 0 -1
    outer loop
      vertex 59.22 -32 2.4
      vertex 58.5 -27 2.4
      vertex 58.8431 -27.0169 2.4
    endloop
  endfacet
  facet normal 0 0 -1
    outer loop
      vertex 57.8172 -33.9327 2.4
      vertex 59.22 -32 2.4
      vertex 58.1569 -33.9831 2.4
    endloop
  endfacet
  facet normal 0 0 -1
    outer loop
      vertex 59.22 -32 2.4
      vertex 58.1569 -27.0169 2.4
      vertex 58.5 -27 2.4
    endloop
  endfacet
  facet normal 0 0 -1
    outer loop
      vertex 57.484 -33.8493 2.4
      vertex 59.22 -32 2.4
      vertex 57.8172 -33.9327 2.4
    endloop
  endfacet
  facet normal 0 0 -1
    outer loop
      vertex 59.22 -32 2.4
      vertex 57.8172 -27.0673 2.4
      vertex 58.1569 -27.0169 2.4
    endloop
  endfacet
  facet normal 0 0 -1
    outer loop
      vertex 57.1606 -33.7336 2.4
      vertex 59.22 -32 2.4
      vertex 57.484 -33.8493 2.4
    endloop
  endfacet
  facet normal 0 0 -1
    outer loop
      vertex 59.22 -32 2.4
      vertex 57.484 -27.1507 2.4
      vertex 57.8172 -27.0673 2.4
    endloop
  endfacet
  facet normal 0 0 -1
    outer loop
      vertex 56.8501 -33.5867 2.4
      vertex 59.22 -32 2.4
      vertex 57.1606 -33.7336 2.4
    endloop
  endfacet
  facet normal 0 0 -1
    outer loop
      vertex 59.22 -32 2.4
      vertex 57.1606 -27.2664 2.4
      vertex 57.484 -27.1507 2.4
    endloop
  endfacet
  facet normal 0 0 -1
    outer loop
      vertex 56.5555 -33.4101 2.4
      vertex 59.22 -32 2.4
      vertex 56.8501 -33.5867 2.4
    endloop
  endfacet
  facet normal 0 0 -1
    outer loop
      vertex 59.22 -32 2.4
      vertex 56.8501 -27.4133 2.4
      vertex 57.1606 -27.2664 2.4
    endloop
  endfacet
  facet normal 0 0 -1
    outer loop
      vertex 56.2796 -33.2055 2.4
      vertex 59.22 -32 2.4
      vertex 56.5555 -33.4101 2.4
    endloop
  endfacet
  facet normal 0 0 -1
    outer loop
      vertex 59.22 -32 2.4
      vertex 56.5555 -27.5899 2.4
      vertex 56.8501 -27.4133 2.4
    endloop
  endfacet
  facet normal 0 0 -1
    outer loop
      vertex 56.0251 -32.9749 2.4
      vertex 59.22 -32 2.4
      vertex 56.2796 -33.2055 2.4
    endloop
  endfacet
  facet normal 0 0 -1
    outer loop
      vertex 59.22 -32 2.4
      vertex 56.2796 -27.7945 2.4
      vertex 56.5555 -27.5899 2.4
    endloop
  endfacet
  facet normal 0 0 -1
    outer loop
      vertex 55.7945 -32.7204 2.4
      vertex 59.22 -32 2.4
      vertex 56.0251 -32.9749 2.4
    endloop
  endfacet
  facet normal 0 0 -1
    outer loop
      vertex 59.22 -32 2.4
      vertex 56.0251 -28.0251 2.4
      vertex 56.2796 -27.7945 2.4
    endloop
  endfacet
  facet normal 0 0 -1
    outer loop
      vertex 55.5899 -32.4445 2.4
      vertex 59.22 -32 2.4
      vertex 55.7945 -32.7204 2.4
    endloop
  endfacet
  facet normal 0 0 -1
    outer loop
      vertex 59.22 -32 2.4
      vertex 55.7945 -28.2796 2.4
      vertex 56.0251 -28.0251 2.4
    endloop
  endfacet
  facet normal 0 0 -1
    outer loop
      vertex 55.4133 -32.1499 2.4
      vertex 59.22 -32 2.4
      vertex 55.5899 -32.4445 2.4
    endloop
  endfacet
  facet normal 0 0 -1
    outer loop
      vertex 59.22 -32 2.4
      vertex 55.5899 -28.5555 2.4
      vertex 55.7945 -28.2796 2.4
    endloop
  endfacet
  facet normal 0 0 -1
    outer loop
      vertex 55.2664 -31.8394 2.4
      vertex 59.22 -32 2.4
      vertex 55.4133 -32.1499 2.4
    endloop
  endfacet
  facet normal 0 0 -1
    outer loop
      vertex 59.22 -32 2.4
      vertex 55.4133 -28.8501 2.4
      vertex 55.5899 -28.5555 2.4
    endloop
  endfacet
  facet normal 0 0 -1
    outer loop
      vertex 55.1507 -31.516 2.4
      vertex 59.22 -32 2.4
      vertex 55.2664 -31.8394 2.4
    endloop
  endfacet
  facet normal 0 0 -1
    outer loop
      vertex 59.22 -32 2.4
      vertex 55.2664 -29.1606 2.4
      vertex 55.4133 -28.8501 2.4
    endloop
  endfacet
  facet normal 0 0 -1
    outer loop
      vertex 55.0673 -31.1828 2.4
      vertex 59.22 -32 2.4
      vertex 55.1507 -31.516 2.4
    endloop
  endfacet
  facet normal 0 0 -1
    outer loop
      vertex 59.22 -32 2.4
      vertex 55.1507 -29.484 2.4
      vertex 55.2664 -29.1606 2.4
    endloop
  endfacet
  facet normal 0 0 -1
    outer loop
      vertex 55.0169 -30.8431 2.4
      vertex 59.22 -32 2.4
      vertex 55.0673 -31.1828 2.4
    endloop
  endfacet
  facet normal 0 0 -1
    outer loop
      vertex 59.22 -32 2.4
      vertex 55.0673 -29.8172 2.4
      vertex 55.1507 -29.484 2.4
    endloop
  endfacet
  facet normal 0 0 -1
    outer loop
      vertex 55 -30.5 2.4
      vertex 59.22 -32 2.4
      vertex 55.0169 -30.8431 2.4
    endloop
  endfacet
  facet normal 0 0 -1
    outer loop
      vertex 59.22 -32 2.4
      vertex 55.0169 -30.1569 2.4
      vertex 55.0673 -29.8172 2.4
    endloop
  endfacet
  facet normal 0 0 -1
    outer loop
      vertex 59.22 -32 2.4
      vertex 55 -30.5 2.4
      vertex 55.0169 -30.1569 2.4
    endloop
  endfacet
  facet normal -0 0 -1
    outer loop
      vertex 61.4101 -28.5555 2.4
      vertex 61.22 -32 2.4
      vertex 61.22 -28.2991 2.4
    endloop
  endfacet
  facet normal 0 0 1
    outer loop
      vertex 59.75 -30.5 32.4
      vertex 62 -30.5 32.4
      vertex 61.9831 -30.1569 32.4
    endloop
  endfacet
  facet normal 0 0 1
    outer loop
      vertex 59.744 -30.3775 32.4
      vertex 61.9831 -30.1569 32.4
      vertex 61.9327 -29.8172 32.4
    endloop
  endfacet
  facet normal 0 0 1
    outer loop
      vertex 62 -30.5 32.4
      vertex 59.75 -30.5 32.4
      vertex 61.9831 -30.8431 32.4
    endloop
  endfacet
  facet normal 0 0 1
    outer loop
      vertex 59.726 -30.2561 32.4
      vertex 61.9327 -29.8172 32.4
      vertex 61.8493 -29.484 32.4
    endloop
  endfacet
  facet normal -0 0 1
    outer loop
      vertex 59.744 -30.6225 32.4
      vertex 61.9831 -30.8431 32.4
      vertex 59.75 -30.5 32.4
    endloop
  endfacet
  facet normal 0 0 1
    outer loop
      vertex 59.6962 -30.1371 32.4
      vertex 61.8493 -29.484 32.4
      vertex 61.7336 -29.1606 32.4
    endloop
  endfacet
  facet normal 0 0 1
    outer loop
      vertex 61.9831 -30.8431 32.4
      vertex 59.744 -30.6225 32.4
      vertex 61.9327 -31.1828 32.4
    endloop
  endfacet
  facet normal 0 0 1
    outer loop
      vertex 59.6549 -30.0216 32.4
      vertex 61.7336 -29.1606 32.4
      vertex 61.5867 -28.8501 32.4
    endloop
  endfacet
  facet normal -0 0 1
    outer loop
      vertex 59.726 -30.7439 32.4
      vertex 61.9327 -31.1828 32.4
      vertex 59.744 -30.6225 32.4
    endloop
  endfacet
  facet normal 0 0 1
    outer loop
      vertex 59.6024 -29.9108 32.4
      vertex 61.5867 -28.8501 32.4
      vertex 61.4101 -28.5555 32.4
    endloop
  endfacet
  facet normal 0 0 1
    outer loop
      vertex 61.9327 -31.1828 32.4
      vertex 59.726 -30.7439 32.4
      vertex 61.8493 -31.516 32.4
    endloop
  endfacet
  facet normal 0 0 1
    outer loop
      vertex 59.5393 -29.8055 32.4
      vertex 61.4101 -28.5555 32.4
      vertex 61.2055 -28.2796 32.4
    endloop
  endfacet
  facet normal -0 0 1
    outer loop
      vertex 59.6962 -30.8629 32.4
      vertex 61.8493 -31.516 32.4
      vertex 59.726 -30.7439 32.4
    endloop
  endfacet
  facet normal 0 0 1
    outer loop
      vertex 59.4663 -29.707 32.4
      vertex 61.2055 -28.2796 32.4
      vertex 60.9749 -28.0251 32.4
    endloop
  endfacet
  facet normal 0 0 1
    outer loop
      vertex 61.8493 -31.516 32.4
      vertex 59.6962 -30.8629 32.4
      vertex 61.7336 -31.8394 32.4
    endloop
  endfacet
  facet normal 0 0 1
    outer loop
      vertex 59.3839 -29.6161 32.4
      vertex 60.9749 -28.0251 32.4
      vertex 60.7204 -27.7945 32.4
    endloop
  endfacet
  facet normal -0 0 1
    outer loop
      vertex 59.6549 -30.9784 32.4
      vertex 61.7336 -31.8394 32.4
      vertex 59.6962 -30.8629 32.4
    endloop
  endfacet
  facet normal 0 0 1
    outer loop
      vertex 59.293 -29.5337 32.4
      vertex 60.7204 -27.7945 32.4
      vertex 60.4445 -27.5899 32.4
    endloop
  endfacet
  facet normal 0 0 1
    outer loop
      vertex 61.7336 -31.8394 32.4
      vertex 59.6549 -30.9784 32.4
      vertex 61.5867 -32.1499 32.4
    endloop
  endfacet
  facet normal 0 0 1
    outer loop
      vertex 59.1945 -29.4607 32.4
      vertex 60.4445 -27.5899 32.4
      vertex 60.1499 -27.4133 32.4
    endloop
  endfacet
  facet normal -0 0 1
    outer loop
      vertex 59.6024 -31.0892 32.4
      vertex 61.5867 -32.1499 32.4
      vertex 59.6549 -30.9784 32.4
    endloop
  endfacet
  facet normal 0 0 1
    outer loop
      vertex 59.0892 -29.3976 32.4
      vertex 60.1499 -27.4133 32.4
      vertex 59.8394 -27.2664 32.4
    endloop
  endfacet
  facet normal 0 0 1
    outer loop
      vertex 61.5867 -32.1499 32.4
      vertex 59.6024 -31.0892 32.4
      vertex 61.4101 -32.4445 32.4
    endloop
  endfacet
  facet normal -0 0 1
    outer loop
      vertex 59.5393 -31.1945 32.4
      vertex 61.4101 -32.4445 32.4
      vertex 59.6024 -31.0892 32.4
    endloop
  endfacet
  facet normal 0 0 1
    outer loop
      vertex 61.9831 -30.1569 32.4
      vertex 59.744 -30.3775 32.4
      vertex 59.75 -30.5 32.4
    endloop
  endfacet
  facet normal 0 0 1
    outer loop
      vertex 61.9327 -29.8172 32.4
      vertex 59.726 -30.2561 32.4
      vertex 59.744 -30.3775 32.4
    endloop
  endfacet
  facet normal 0 0 1
    outer loop
      vertex 61.8493 -29.484 32.4
      vertex 59.6962 -30.1371 32.4
      vertex 59.726 -30.2561 32.4
    endloop
  endfacet
  facet normal 0 0 1
    outer loop
      vertex 61.7336 -29.1606 32.4
      vertex 59.6549 -30.0216 32.4
      vertex 59.6962 -30.1371 32.4
    endloop
  endfacet
  facet normal 0 0 1
    outer loop
      vertex 61.5867 -28.8501 32.4
      vertex 59.6024 -29.9108 32.4
      vertex 59.6549 -30.0216 32.4
    endloop
  endfacet
  facet normal 0 0 1
    outer loop
      vertex 61.4101 -28.5555 32.4
      vertex 59.5393 -29.8055 32.4
      vertex 59.6024 -29.9108 32.4
    endloop
  endfacet
  facet normal 0 0 1
    outer loop
      vertex 58.9784 -29.3451 32.4
      vertex 59.8394 -27.2664 32.4
      vertex 59.516 -27.1507 32.4
    endloop
  endfacet
  facet normal 0 0 1
    outer loop
      vertex 61.2055 -28.2796 32.4
      vertex 59.4663 -29.707 32.4
      vertex 59.5393 -29.8055 32.4
    endloop
  endfacet
  facet normal 0 0 1
    outer loop
      vertex 60.9749 -28.0251 32.4
      vertex 59.3839 -29.6161 32.4
      vertex 59.4663 -29.707 32.4
    endloop
  endfacet
  facet normal 0 0 1
    outer loop
      vertex 60.7204 -27.7945 32.4
      vertex 59.293 -29.5337 32.4
      vertex 59.3839 -29.6161 32.4
    endloop
  endfacet
  facet normal 0 0 1
    outer loop
      vertex 60.4445 -27.5899 32.4
      vertex 59.1945 -29.4607 32.4
      vertex 59.293 -29.5337 32.4
    endloop
  endfacet
  facet normal 0 0 1
    outer loop
      vertex 58.8629 -29.3038 32.4
      vertex 59.516 -27.1507 32.4
      vertex 59.1828 -27.0673 32.4
    endloop
  endfacet
  facet normal 0 0 1
    outer loop
      vertex 60.1499 -27.4133 32.4
      vertex 59.0892 -29.3976 32.4
      vertex 59.1945 -29.4607 32.4
    endloop
  endfacet
  facet normal 0 0 1
    outer loop
      vertex 59.8394 -27.2664 32.4
      vertex 58.9784 -29.3451 32.4
      vertex 59.0892 -29.3976 32.4
    endloop
  endfacet
  facet normal 0 0 1
    outer loop
      vertex 59.516 -27.1507 32.4
      vertex 58.8629 -29.3038 32.4
      vertex 58.9784 -29.3451 32.4
    endloop
  endfacet
  facet normal 0 0 1
    outer loop
      vertex 58.7439 -29.274 32.4
      vertex 59.1828 -27.0673 32.4
      vertex 58.8431 -27.0169 32.4
    endloop
  endfacet
  facet normal 0 0 1
    outer loop
      vertex 59.1828 -27.0673 32.4
      vertex 58.7439 -29.274 32.4
      vertex 58.8629 -29.3038 32.4
    endloop
  endfacet
  facet normal 0 0 1
    outer loop
      vertex 58.8431 -27.0169 32.4
      vertex 58.6225 -29.256 32.4
      vertex 58.7439 -29.274 32.4
    endloop
  endfacet
  facet normal 0 0 1
    outer loop
      vertex 58.5 -27 32.4
      vertex 58.6225 -29.256 32.4
      vertex 58.8431 -27.0169 32.4
    endloop
  endfacet
  facet normal 0 0 1
    outer loop
      vertex 58.5 -27 32.4
      vertex 58.5 -29.25 32.4
      vertex 58.6225 -29.256 32.4
    endloop
  endfacet
  facet normal 0 0 1
    outer loop
      vertex 58.5 -27 32.4
      vertex 58.3775 -29.256 32.4
      vertex 58.5 -29.25 32.4
    endloop
  endfacet
  facet normal -0 0 1
    outer loop
      vertex 58.1569 -27.0169 32.4
      vertex 58.3775 -29.256 32.4
      vertex 58.5 -27 32.4
    endloop
  endfacet
  facet normal 0 0 1
    outer loop
      vertex 58.3775 -29.256 32.4
      vertex 58.1569 -27.0169 32.4
      vertex 58.2561 -29.274 32.4
    endloop
  endfacet
  facet normal -0 0 1
    outer loop
      vertex 57.8172 -27.0673 32.4
      vertex 58.2561 -29.274 32.4
      vertex 58.1569 -27.0169 32.4
    endloop
  endfacet
  facet normal 0 0 1
    outer loop
      vertex 58.2561 -29.274 32.4
      vertex 57.8172 -27.0673 32.4
      vertex 58.1371 -29.3038 32.4
    endloop
  endfacet
  facet normal -0 0 1
    outer loop
      vertex 57.484 -27.1507 32.4
      vertex 58.1371 -29.3038 32.4
      vertex 57.8172 -27.0673 32.4
    endloop
  endfacet
  facet normal 0 0 1
    outer loop
      vertex 58.1371 -29.3038 32.4
      vertex 57.484 -27.1507 32.4
      vertex 58.0216 -29.3451 32.4
    endloop
  endfacet
  facet normal -0 0 1
    outer loop
      vertex 57.1606 -27.2664 32.4
      vertex 58.0216 -29.3451 32.4
      vertex 57.484 -27.1507 32.4
    endloop
  endfacet
  facet normal 0 0 1
    outer loop
      vertex 58.0216 -29.3451 32.4
      vertex 57.1606 -27.2664 32.4
      vertex 57.9108 -29.3976 32.4
    endloop
  endfacet
  facet normal -0 0 1
    outer loop
      vertex 56.8501 -27.4133 32.4
      vertex 57.9108 -29.3976 32.4
      vertex 57.1606 -27.2664 32.4
    endloop
  endfacet
  facet normal 0 0 1
    outer loop
      vertex 57.9108 -29.3976 32.4
      vertex 56.8501 -27.4133 32.4
      vertex 57.8055 -29.4607 32.4
    endloop
  endfacet
  facet normal -0 0 1
    outer loop
      vertex 56.5555 -27.5899 32.4
      vertex 57.8055 -29.4607 32.4
      vertex 56.8501 -27.4133 32.4
    endloop
  endfacet
  facet normal 0 0 1
    outer loop
      vertex 57.8055 -29.4607 32.4
      vertex 56.5555 -27.5899 32.4
      vertex 57.707 -29.5337 32.4
    endloop
  endfacet
  facet normal -0 0 1
    outer loop
      vertex 56.2796 -27.7945 32.4
      vertex 57.707 -29.5337 32.4
      vertex 56.5555 -27.5899 32.4
    endloop
  endfacet
  facet normal 0 0 1
    outer loop
      vertex 57.707 -29.5337 32.4
      vertex 56.2796 -27.7945 32.4
      vertex 57.6161 -29.6161 32.4
    endloop
  endfacet
  facet normal -0 0 1
    outer loop
      vertex 56.0251 -28.0251 32.4
      vertex 57.6161 -29.6161 32.4
      vertex 56.2796 -27.7945 32.4
    endloop
  endfacet
  facet normal 0 0 1
    outer loop
      vertex 57.6161 -29.6161 32.4
      vertex 56.0251 -28.0251 32.4
      vertex 57.5337 -29.707 32.4
    endloop
  endfacet
  facet normal -0 0 1
    outer loop
      vertex 55.7945 -28.2796 32.4
      vertex 57.5337 -29.707 32.4
      vertex 56.0251 -28.0251 32.4
    endloop
  endfacet
  facet normal -0 0 1
    outer loop
      vertex 55.5899 -28.5555 32.4
      vertex 57.4607 -29.8055 32.4
      vertex 55.7945 -28.2796 32.4
    endloop
  endfacet
  facet normal 0 0 1
    outer loop
      vertex 57.5337 -29.707 32.4
      vertex 55.7945 -28.2796 32.4
      vertex 57.4607 -29.8055 32.4
    endloop
  endfacet
  facet normal 0 0 1
    outer loop
      vertex 61.4101 -32.4445 32.4
      vertex 59.5393 -31.1945 32.4
      vertex 61.2055 -32.7204 32.4
    endloop
  endfacet
  facet normal -0 0 1
    outer loop
      vertex 59.4663 -31.293 32.4
      vertex 61.2055 -32.7204 32.4
      vertex 59.5393 -31.1945 32.4
    endloop
  endfacet
  facet normal 0 0 1
    outer loop
      vertex 61.2055 -32.7204 32.4
      vertex 59.4663 -31.293 32.4
      vertex 60.9749 -32.9749 32.4
    endloop
  endfacet
  facet normal -0 0 1
    outer loop
      vertex 59.3839 -31.3839 32.4
      vertex 60.9749 -32.9749 32.4
      vertex 59.4663 -31.293 32.4
    endloop
  endfacet
  facet normal 0 0 1
    outer loop
      vertex 60.9749 -32.9749 32.4
      vertex 59.3839 -31.3839 32.4
      vertex 60.7204 -33.2055 32.4
    endloop
  endfacet
  facet normal -0 0 1
    outer loop
      vertex 59.293 -31.4663 32.4
      vertex 60.7204 -33.2055 32.4
      vertex 59.3839 -31.3839 32.4
    endloop
  endfacet
  facet normal 0 0 1
    outer loop
      vertex 60.7204 -33.2055 32.4
      vertex 59.293 -31.4663 32.4
      vertex 60.4445 -33.4101 32.4
    endloop
  endfacet
  facet normal -0 0 1
    outer loop
      vertex 59.1945 -31.5393 32.4
      vertex 60.4445 -33.4101 32.4
      vertex 59.293 -31.4663 32.4
    endloop
  endfacet
  facet normal 0 0 1
    outer loop
      vertex 60.4445 -33.4101 32.4
      vertex 59.1945 -31.5393 32.4
      vertex 60.1499 -33.5867 32.4
    endloop
  endfacet
  facet normal -0 0 1
    outer loop
      vertex 59.0892 -31.6024 32.4
      vertex 60.1499 -33.5867 32.4
      vertex 59.1945 -31.5393 32.4
    endloop
  endfacet
  facet normal 0 0 1
    outer loop
      vertex 60.1499 -33.5867 32.4
      vertex 59.0892 -31.6024 32.4
      vertex 59.8394 -33.7336 32.4
    endloop
  endfacet
  facet normal -0 0 1
    outer loop
      vertex 58.9784 -31.6549 32.4
      vertex 59.8394 -33.7336 32.4
      vertex 59.0892 -31.6024 32.4
    endloop
  endfacet
  facet normal 0 0 1
    outer loop
      vertex 59.8394 -33.7336 32.4
      vertex 58.9784 -31.6549 32.4
      vertex 59.516 -33.8493 32.4
    endloop
  endfacet
  facet normal -0 0 1
    outer loop
      vertex 58.8629 -31.6962 32.4
      vertex 59.516 -33.8493 32.4
      vertex 58.9784 -31.6549 32.4
    endloop
  endfacet
  facet normal 0 0 1
    outer loop
      vertex 59.516 -33.8493 32.4
      vertex 58.8629 -31.6962 32.4
      vertex 59.1828 -33.9327 32.4
    endloop
  endfacet
  facet normal -0 0 1
    outer loop
      vertex 58.7439 -31.726 32.4
      vertex 59.1828 -33.9327 32.4
      vertex 58.8629 -31.6962 32.4
    endloop
  endfacet
  facet normal 0 0 1
    outer loop
      vertex 59.1828 -33.9327 32.4
      vertex 58.7439 -31.726 32.4
      vertex 58.8431 -33.9831 32.4
    endloop
  endfacet
  facet normal -0 0 1
    outer loop
      vertex 58.6225 -31.744 32.4
      vertex 58.8431 -33.9831 32.4
      vertex 58.7439 -31.726 32.4
    endloop
  endfacet
  facet normal -0 0 1
    outer loop
      vertex 58.5 -31.75 32.4
      vertex 58.8431 -33.9831 32.4
      vertex 58.6225 -31.744 32.4
    endloop
  endfacet
  facet normal 0 0 1
    outer loop
      vertex 58.5 -31.75 32.4
      vertex 58.5 -34 32.4
      vertex 58.8431 -33.9831 32.4
    endloop
  endfacet
  facet normal 0 0 1
    outer loop
      vertex 58.3775 -31.744 32.4
      vertex 58.5 -34 32.4
      vertex 58.5 -31.75 32.4
    endloop
  endfacet
  facet normal 0 0 1
    outer loop
      vertex 58.1569 -33.9831 32.4
      vertex 58.3775 -31.744 32.4
      vertex 58.2561 -31.726 32.4
    endloop
  endfacet
  facet normal 0 0 1
    outer loop
      vertex 58.3775 -31.744 32.4
      vertex 58.1569 -33.9831 32.4
      vertex 58.5 -34 32.4
    endloop
  endfacet
  facet normal 0 0 1
    outer loop
      vertex 57.8172 -33.9327 32.4
      vertex 58.2561 -31.726 32.4
      vertex 58.1371 -31.6962 32.4
    endloop
  endfacet
  facet normal 0 0 1
    outer loop
      vertex 57.484 -33.8493 32.4
      vertex 58.1371 -31.6962 32.4
      vertex 58.0216 -31.6549 32.4
    endloop
  endfacet
  facet normal 0 0 1
    outer loop
      vertex 57.1606 -33.7336 32.4
      vertex 58.0216 -31.6549 32.4
      vertex 57.9108 -31.6024 32.4
    endloop
  endfacet
  facet normal 0 0 1
    outer loop
      vertex 58.2561 -31.726 32.4
      vertex 57.8172 -33.9327 32.4
      vertex 58.1569 -33.9831 32.4
    endloop
  endfacet
  facet normal 0 0 1
    outer loop
      vertex 56.8501 -33.5867 32.4
      vertex 57.9108 -31.6024 32.4
      vertex 57.8055 -31.5393 32.4
    endloop
  endfacet
  facet normal 0 0 1
    outer loop
      vertex 56.5555 -33.4101 32.4
      vertex 57.8055 -31.5393 32.4
      vertex 57.707 -31.4663 32.4
    endloop
  endfacet
  facet normal 0 0 1
    outer loop
      vertex 56.2796 -33.2055 32.4
      vertex 57.707 -31.4663 32.4
      vertex 57.6161 -31.3839 32.4
    endloop
  endfacet
  facet normal 0 0 1
    outer loop
      vertex 56.0251 -32.9749 32.4
      vertex 57.6161 -31.3839 32.4
      vertex 57.5337 -31.293 32.4
    endloop
  endfacet
  facet normal 0 0 1
    outer loop
      vertex 58.1371 -31.6962 32.4
      vertex 57.484 -33.8493 32.4
      vertex 57.8172 -33.9327 32.4
    endloop
  endfacet
  facet normal 0 0 1
    outer loop
      vertex 55.7945 -32.7204 32.4
      vertex 57.5337 -31.293 32.4
      vertex 57.4607 -31.1945 32.4
    endloop
  endfacet
  facet normal 0 0 1
    outer loop
      vertex 55.5899 -32.4445 32.4
      vertex 57.4607 -31.1945 32.4
      vertex 57.3976 -31.0892 32.4
    endloop
  endfacet
  facet normal 0 0 1
    outer loop
      vertex 55.4133 -32.1499 32.4
      vertex 57.3976 -31.0892 32.4
      vertex 57.3451 -30.9784 32.4
    endloop
  endfacet
  facet normal 0 0 1
    outer loop
      vertex 55.2664 -31.8394 32.4
      vertex 57.3451 -30.9784 32.4
      vertex 57.3038 -30.8629 32.4
    endloop
  endfacet
  facet normal 0 0 1
    outer loop
      vertex 55.1507 -31.516 32.4
      vertex 57.3038 -30.8629 32.4
      vertex 57.274 -30.7439 32.4
    endloop
  endfacet
  facet normal 0 0 1
    outer loop
      vertex 55.0673 -31.1828 32.4
      vertex 57.274 -30.7439 32.4
      vertex 57.256 -30.6225 32.4
    endloop
  endfacet
  facet normal 0 0 1
    outer loop
      vertex 58.0216 -31.6549 32.4
      vertex 57.1606 -33.7336 32.4
      vertex 57.484 -33.8493 32.4
    endloop
  endfacet
  facet normal 0 0 1
    outer loop
      vertex 55.0169 -30.8431 32.4
      vertex 57.256 -30.6225 32.4
      vertex 57.25 -30.5 32.4
    endloop
  endfacet
  facet normal 0 0 1
    outer loop
      vertex 57.4607 -29.8055 32.4
      vertex 55.5899 -28.5555 32.4
      vertex 57.3976 -29.9108 32.4
    endloop
  endfacet
  facet normal -0 0 1
    outer loop
      vertex 55.4133 -28.8501 32.4
      vertex 57.3976 -29.9108 32.4
      vertex 55.5899 -28.5555 32.4
    endloop
  endfacet
  facet normal 0 0 1
    outer loop
      vertex 57.9108 -31.6024 32.4
      vertex 56.8501 -33.5867 32.4
      vertex 57.1606 -33.7336 32.4
    endloop
  endfacet
  facet normal 0 0 1
    outer loop
      vertex 57.3976 -29.9108 32.4
      vertex 55.4133 -28.8501 32.4
      vertex 57.3451 -30.0216 32.4
    endloop
  endfacet
  facet normal 0 0 1
    outer loop
      vertex 57.8055 -31.5393 32.4
      vertex 56.5555 -33.4101 32.4
      vertex 56.8501 -33.5867 32.4
    endloop
  endfacet
  facet normal -0 0 1
    outer loop
      vertex 55.2664 -29.1606 32.4
      vertex 57.3451 -30.0216 32.4
      vertex 55.4133 -28.8501 32.4
    endloop
  endfacet
  facet normal 0 0 1
    outer loop
      vertex 57.707 -31.4663 32.4
      vertex 56.2796 -33.2055 32.4
      vertex 56.5555 -33.4101 32.4
    endloop
  endfacet
  facet normal 0 0 1
    outer loop
      vertex 57.3451 -30.0216 32.4
      vertex 55.2664 -29.1606 32.4
      vertex 57.3038 -30.1371 32.4
    endloop
  endfacet
  facet normal 0 0 1
    outer loop
      vertex 57.6161 -31.3839 32.4
      vertex 56.0251 -32.9749 32.4
      vertex 56.2796 -33.2055 32.4
    endloop
  endfacet
  facet normal -0 0 1
    outer loop
      vertex 55.1507 -29.484 32.4
      vertex 57.3038 -30.1371 32.4
      vertex 55.2664 -29.1606 32.4
    endloop
  endfacet
  facet normal 0 0 1
    outer loop
      vertex 57.5337 -31.293 32.4
      vertex 55.7945 -32.7204 32.4
      vertex 56.0251 -32.9749 32.4
    endloop
  endfacet
  facet normal 0 0 1
    outer loop
      vertex 57.3038 -30.1371 32.4
      vertex 55.1507 -29.484 32.4
      vertex 57.274 -30.2561 32.4
    endloop
  endfacet
  facet normal 0 0 1
    outer loop
      vertex 57.4607 -31.1945 32.4
      vertex 55.5899 -32.4445 32.4
      vertex 55.7945 -32.7204 32.4
    endloop
  endfacet
  facet normal -0 0 1
    outer loop
      vertex 55.0673 -29.8172 32.4
      vertex 57.274 -30.2561 32.4
      vertex 55.1507 -29.484 32.4
    endloop
  endfacet
  facet normal 0 0 1
    outer loop
      vertex 57.3976 -31.0892 32.4
      vertex 55.4133 -32.1499 32.4
      vertex 55.5899 -32.4445 32.4
    endloop
  endfacet
  facet normal 0 0 1
    outer loop
      vertex 57.274 -30.2561 32.4
      vertex 55.0673 -29.8172 32.4
      vertex 57.256 -30.3775 32.4
    endloop
  endfacet
  facet normal 0 0 1
    outer loop
      vertex 57.3451 -30.9784 32.4
      vertex 55.2664 -31.8394 32.4
      vertex 55.4133 -32.1499 32.4
    endloop
  endfacet
  facet normal -0 0 1
    outer loop
      vertex 55.0169 -30.1569 32.4
      vertex 57.256 -30.3775 32.4
      vertex 55.0673 -29.8172 32.4
    endloop
  endfacet
  facet normal 0 0 1
    outer loop
      vertex 57.3038 -30.8629 32.4
      vertex 55.1507 -31.516 32.4
      vertex 55.2664 -31.8394 32.4
    endloop
  endfacet
  facet normal 0 0 1
    outer loop
      vertex 57.256 -30.3775 32.4
      vertex 55.0169 -30.1569 32.4
      vertex 57.25 -30.5 32.4
    endloop
  endfacet
  facet normal 0 0 1
    outer loop
      vertex 57.274 -30.7439 32.4
      vertex 55.0673 -31.1828 32.4
      vertex 55.1507 -31.516 32.4
    endloop
  endfacet
  facet normal 0 0 1
    outer loop
      vertex 55 -30.5 32.4
      vertex 57.25 -30.5 32.4
      vertex 55.0169 -30.1569 32.4
    endloop
  endfacet
  facet normal 0 0 1
    outer loop
      vertex 57.256 -30.6225 32.4
      vertex 55.0169 -30.8431 32.4
      vertex 55.0673 -31.1828 32.4
    endloop
  endfacet
  facet normal 0 0 1
    outer loop
      vertex 57.25 -30.5 32.4
      vertex 55 -30.5 32.4
      vertex 55.0169 -30.8431 32.4
    endloop
  endfacet
  facet normal -0.989186 -0.146667 0
    outer loop
      vertex 59.744 -30.3775 20.4
      vertex 59.726 -30.2561 32.4
      vertex 59.726 -30.2561 20.4
    endloop
  endfacet
  facet normal -0.989186 -0.146667 0
    outer loop
      vertex 59.726 -30.2561 32.4
      vertex 59.744 -30.3775 20.4
      vertex 59.744 -30.3775 32.4
    endloop
  endfacet
  facet normal -0.998803 -0.0489209 0
    outer loop
      vertex 59.75 -30.5 20.4
      vertex 59.744 -30.3775 32.4
      vertex 59.744 -30.3775 20.4
    endloop
  endfacet
  facet normal -0.998803 -0.0489209 0
    outer loop
      vertex 59.744 -30.3775 32.4
      vertex 59.75 -30.5 20.4
      vertex 59.75 -30.5 32.4
    endloop
  endfacet
  facet normal -0.970047 -0.242919 0
    outer loop
      vertex 59.726 -30.2561 20.4
      vertex 59.6962 -30.1371 32.4
      vertex 59.6962 -30.1371 20.4
    endloop
  endfacet
  facet normal -0.970047 -0.242919 0
    outer loop
      vertex 59.6962 -30.1371 32.4
      vertex 59.726 -30.2561 20.4
      vertex 59.726 -30.2561 32.4
    endloop
  endfacet
  facet normal -0.336698 0.941613 0
    outer loop
      vertex 58.9784 -31.6549 20.4
      vertex 58.8629 -31.6962 32.4
      vertex 58.9784 -31.6549 32.4
    endloop
  endfacet
  facet normal -0.336698 0.941613 0
    outer loop
      vertex 58.8629 -31.6962 32.4
      vertex 58.9784 -31.6549 20.4
      vertex 58.8629 -31.6962 20.4
    endloop
  endfacet
  facet normal -0.671617 -0.740898 0
    outer loop
      vertex 59.293 -29.5337 20.4
      vertex 59.3839 -29.6161 32.4
      vertex 59.293 -29.5337 32.4
    endloop
  endfacet
  facet normal -0.671617 -0.740898 -0
    outer loop
      vertex 59.3839 -29.6161 32.4
      vertex 59.293 -29.5337 20.4
      vertex 59.3839 -29.6161 20.4
    endloop
  endfacet
  facet normal 0.85778 -0.514016 0
    outer loop
      vertex 57.3976 -29.9108 32.4
      vertex 57.4607 -29.8055 20.4
      vertex 57.4607 -29.8055 32.4
    endloop
  endfacet
  facet normal 0.85778 -0.514016 0
    outer loop
      vertex 57.4607 -29.8055 20.4
      vertex 57.3976 -29.9108 32.4
      vertex 57.3976 -29.9108 20.4
    endloop
  endfacet
  facet normal 0.146667 0.989186 -0
    outer loop
      vertex 58.3775 -31.744 20.4
      vertex 58.2561 -31.726 32.4
      vertex 58.3775 -31.744 32.4
    endloop
  endfacet
  facet normal 0.146667 0.989186 0
    outer loop
      vertex 58.2561 -31.726 32.4
      vertex 58.3775 -31.744 20.4
      vertex 58.2561 -31.726 20.4
    endloop
  endfacet
  facet normal -0.941613 -0.336698 0
    outer loop
      vertex 59.6962 -30.1371 20.4
      vertex 59.6549 -30.0216 32.4
      vertex 59.6549 -30.0216 20.4
    endloop
  endfacet
  facet normal -0.941613 -0.336698 0
    outer loop
      vertex 59.6549 -30.0216 32.4
      vertex 59.6962 -30.1371 20.4
      vertex 59.6962 -30.1371 32.4
    endloop
  endfacet
  facet normal 0.0489209 -0.998803 0
    outer loop
      vertex 58.3775 -29.256 20.4
      vertex 58.5 -29.25 32.4
      vertex 58.3775 -29.256 32.4
    endloop
  endfacet
  facet normal 0.0489209 -0.998803 0
    outer loop
      vertex 58.5 -29.25 32.4
      vertex 58.3775 -29.256 20.4
      vertex 58.5 -29.25 20.4
    endloop
  endfacet
  facet normal -0.0489209 0.998803 0
    outer loop
      vertex 58.6225 -31.744 20.4
      vertex 58.5 -31.75 32.4
      vertex 58.6225 -31.744 32.4
    endloop
  endfacet
  facet normal -0.0489209 0.998803 0
    outer loop
      vertex 58.5 -31.75 32.4
      vertex 58.6225 -31.744 20.4
      vertex 58.5 -31.75 20.4
    endloop
  endfacet
  facet normal 0.903688 0.428192 0
    outer loop
      vertex 57.3976 -31.0892 32.4
      vertex 57.3451 -30.9784 20.4
      vertex 57.3451 -30.9784 32.4
    endloop
  endfacet
  facet normal 0.903688 0.428192 0
    outer loop
      vertex 57.3451 -30.9784 20.4
      vertex 57.3976 -31.0892 32.4
      vertex 57.3976 -31.0892 20.4
    endloop
  endfacet
  facet normal 0.595423 0.803413 -0
    outer loop
      vertex 57.8055 -31.5393 20.4
      vertex 57.707 -31.4663 32.4
      vertex 57.8055 -31.5393 32.4
    endloop
  endfacet
  facet normal 0.595423 0.803413 0
    outer loop
      vertex 57.707 -31.4663 32.4
      vertex 57.8055 -31.5393 20.4
      vertex 57.707 -31.4663 20.4
    endloop
  endfacet
  facet normal 0.803413 -0.595423 0
    outer loop
      vertex 57.4607 -29.8055 32.4
      vertex 57.5337 -29.707 20.4
      vertex 57.5337 -29.707 32.4
    endloop
  endfacet
  facet normal 0.803413 -0.595423 0
    outer loop
      vertex 57.5337 -29.707 20.4
      vertex 57.4607 -29.8055 32.4
      vertex 57.4607 -29.8055 20.4
    endloop
  endfacet
  facet normal -0.970047 0.242919 0
    outer loop
      vertex 59.6962 -30.8629 20.4
      vertex 59.726 -30.7439 32.4
      vertex 59.726 -30.7439 20.4
    endloop
  endfacet
  facet normal -0.970047 0.242919 0
    outer loop
      vertex 59.726 -30.7439 32.4
      vertex 59.6962 -30.8629 20.4
      vertex 59.6962 -30.8629 32.4
    endloop
  endfacet
  facet normal -0.85778 -0.514016 0
    outer loop
      vertex 59.6024 -29.9108 20.4
      vertex 59.5393 -29.8055 32.4
      vertex 59.5393 -29.8055 20.4
    endloop
  endfacet
  facet normal -0.85778 -0.514016 0
    outer loop
      vertex 59.5393 -29.8055 32.4
      vertex 59.6024 -29.9108 20.4
      vertex 59.6024 -29.9108 32.4
    endloop
  endfacet
  facet normal 0.998803 0.0489209 0
    outer loop
      vertex 57.256 -30.6225 32.4
      vertex 57.25 -30.5 20.4
      vertex 57.25 -30.5 32.4
    endloop
  endfacet
  facet normal 0.998803 0.0489209 0
    outer loop
      vertex 57.25 -30.5 20.4
      vertex 57.256 -30.6225 32.4
      vertex 57.256 -30.6225 20.4
    endloop
  endfacet
  facet normal -0.903688 -0.428192 0
    outer loop
      vertex 59.6549 -30.0216 20.4
      vertex 59.6024 -29.9108 32.4
      vertex 59.6024 -29.9108 20.4
    endloop
  endfacet
  facet normal -0.903688 -0.428192 0
    outer loop
      vertex 59.6024 -29.9108 32.4
      vertex 59.6549 -30.0216 20.4
      vertex 59.6549 -30.0216 32.4
    endloop
  endfacet
  facet normal -0.941613 0.336698 0
    outer loop
      vertex 59.6549 -30.9784 20.4
      vertex 59.6962 -30.8629 32.4
      vertex 59.6962 -30.8629 20.4
    endloop
  endfacet
  facet normal -0.941613 0.336698 0
    outer loop
      vertex 59.6962 -30.8629 32.4
      vertex 59.6549 -30.9784 20.4
      vertex 59.6549 -30.9784 32.4
    endloop
  endfacet
  facet normal 0.428192 0.903688 -0
    outer loop
      vertex 58.0216 -31.6549 20.4
      vertex 57.9108 -31.6024 32.4
      vertex 58.0216 -31.6549 32.4
    endloop
  endfacet
  facet normal 0.428192 0.903688 0
    outer loop
      vertex 57.9108 -31.6024 32.4
      vertex 58.0216 -31.6549 20.4
      vertex 57.9108 -31.6024 20.4
    endloop
  endfacet
  facet normal 0.970047 0.242919 0
    outer loop
      vertex 57.3038 -30.8629 32.4
      vertex 57.274 -30.7439 20.4
      vertex 57.274 -30.7439 32.4
    endloop
  endfacet
  facet normal 0.970047 0.242919 0
    outer loop
      vertex 57.274 -30.7439 20.4
      vertex 57.3038 -30.8629 32.4
      vertex 57.3038 -30.8629 20.4
    endloop
  endfacet
  facet normal 0.740898 -0.671617 0
    outer loop
      vertex 57.5337 -29.707 32.4
      vertex 57.6161 -29.6161 20.4
      vertex 57.6161 -29.6161 32.4
    endloop
  endfacet
  facet normal 0.740898 -0.671617 0
    outer loop
      vertex 57.6161 -29.6161 20.4
      vertex 57.5337 -29.707 32.4
      vertex 57.5337 -29.707 20.4
    endloop
  endfacet
  facet normal 0.242919 0.970047 -0
    outer loop
      vertex 58.2561 -31.726 20.4
      vertex 58.1371 -31.6962 32.4
      vertex 58.2561 -31.726 32.4
    endloop
  endfacet
  facet normal 0.242919 0.970047 0
    outer loop
      vertex 58.1371 -31.6962 32.4
      vertex 58.2561 -31.726 20.4
      vertex 58.1371 -31.6962 20.4
    endloop
  endfacet
  facet normal 0.514016 -0.85778 0
    outer loop
      vertex 57.8055 -29.4607 20.4
      vertex 57.9108 -29.3976 32.4
      vertex 57.8055 -29.4607 32.4
    endloop
  endfacet
  facet normal 0.514016 -0.85778 0
    outer loop
      vertex 57.9108 -29.3976 32.4
      vertex 57.8055 -29.4607 20.4
      vertex 57.9108 -29.3976 20.4
    endloop
  endfacet
  facet normal -0.803413 -0.595423 0
    outer loop
      vertex 59.5393 -29.8055 20.4
      vertex 59.4663 -29.707 32.4
      vertex 59.4663 -29.707 20.4
    endloop
  endfacet
  facet normal -0.803413 -0.595423 0
    outer loop
      vertex 59.4663 -29.707 32.4
      vertex 59.5393 -29.8055 20.4
      vertex 59.5393 -29.8055 32.4
    endloop
  endfacet
  facet normal 0.146667 -0.989186 0
    outer loop
      vertex 58.2561 -29.274 20.4
      vertex 58.3775 -29.256 32.4
      vertex 58.2561 -29.274 32.4
    endloop
  endfacet
  facet normal 0.146667 -0.989186 0
    outer loop
      vertex 58.3775 -29.256 32.4
      vertex 58.2561 -29.274 20.4
      vertex 58.3775 -29.256 20.4
    endloop
  endfacet
  facet normal -0.428192 0.903688 0
    outer loop
      vertex 59.0892 -31.6024 20.4
      vertex 58.9784 -31.6549 32.4
      vertex 59.0892 -31.6024 32.4
    endloop
  endfacet
  facet normal -0.428192 0.903688 0
    outer loop
      vertex 58.9784 -31.6549 32.4
      vertex 59.0892 -31.6024 20.4
      vertex 58.9784 -31.6549 20.4
    endloop
  endfacet
  facet normal 0.671617 -0.740898 0
    outer loop
      vertex 57.6161 -29.6161 20.4
      vertex 57.707 -29.5337 32.4
      vertex 57.6161 -29.6161 32.4
    endloop
  endfacet
  facet normal 0.671617 -0.740898 0
    outer loop
      vertex 57.707 -29.5337 32.4
      vertex 57.6161 -29.6161 20.4
      vertex 57.707 -29.5337 20.4
    endloop
  endfacet
  facet normal -0.85778 0.514016 0
    outer loop
      vertex 59.5393 -31.1945 20.4
      vertex 59.6024 -31.0892 32.4
      vertex 59.6024 -31.0892 20.4
    endloop
  endfacet
  facet normal -0.85778 0.514016 0
    outer loop
      vertex 59.6024 -31.0892 32.4
      vertex 59.5393 -31.1945 20.4
      vertex 59.5393 -31.1945 32.4
    endloop
  endfacet
  facet normal 0.595423 -0.803413 0
    outer loop
      vertex 57.707 -29.5337 20.4
      vertex 57.8055 -29.4607 32.4
      vertex 57.707 -29.5337 32.4
    endloop
  endfacet
  facet normal 0.595423 -0.803413 0
    outer loop
      vertex 57.8055 -29.4607 32.4
      vertex 57.707 -29.5337 20.4
      vertex 57.8055 -29.4607 20.4
    endloop
  endfacet
  facet normal -0.336698 -0.941613 0
    outer loop
      vertex 58.8629 -29.3038 20.4
      vertex 58.9784 -29.3451 32.4
      vertex 58.8629 -29.3038 32.4
    endloop
  endfacet
  facet normal -0.336698 -0.941613 -0
    outer loop
      vertex 58.9784 -29.3451 32.4
      vertex 58.8629 -29.3038 20.4
      vertex 58.9784 -29.3451 20.4
    endloop
  endfacet
  facet normal -0.740898 -0.671617 0
    outer loop
      vertex 59.4663 -29.707 20.4
      vertex 59.3839 -29.6161 32.4
      vertex 59.3839 -29.6161 20.4
    endloop
  endfacet
  facet normal -0.740898 -0.671617 0
    outer loop
      vertex 59.3839 -29.6161 32.4
      vertex 59.4663 -29.707 20.4
      vertex 59.4663 -29.707 32.4
    endloop
  endfacet
  facet normal -0.998803 0.0489209 0
    outer loop
      vertex 59.744 -30.6225 20.4
      vertex 59.75 -30.5 32.4
      vertex 59.75 -30.5 20.4
    endloop
  endfacet
  facet normal -0.998803 0.0489209 0
    outer loop
      vertex 59.75 -30.5 32.4
      vertex 59.744 -30.6225 20.4
      vertex 59.744 -30.6225 32.4
    endloop
  endfacet
  facet normal 0.941613 0.336698 0
    outer loop
      vertex 57.3451 -30.9784 32.4
      vertex 57.3038 -30.8629 20.4
      vertex 57.3038 -30.8629 32.4
    endloop
  endfacet
  facet normal 0.941613 0.336698 0
    outer loop
      vertex 57.3038 -30.8629 20.4
      vertex 57.3451 -30.9784 32.4
      vertex 57.3451 -30.9784 20.4
    endloop
  endfacet
  facet normal -0.514016 -0.85778 0
    outer loop
      vertex 59.0892 -29.3976 20.4
      vertex 59.1945 -29.4607 32.4
      vertex 59.0892 -29.3976 32.4
    endloop
  endfacet
  facet normal -0.514016 -0.85778 -0
    outer loop
      vertex 59.1945 -29.4607 32.4
      vertex 59.0892 -29.3976 20.4
      vertex 59.1945 -29.4607 20.4
    endloop
  endfacet
  facet normal -0.595423 -0.803413 0
    outer loop
      vertex 59.1945 -29.4607 20.4
      vertex 59.293 -29.5337 32.4
      vertex 59.1945 -29.4607 32.4
    endloop
  endfacet
  facet normal -0.595423 -0.803413 -0
    outer loop
      vertex 59.293 -29.5337 32.4
      vertex 59.1945 -29.4607 20.4
      vertex 59.293 -29.5337 20.4
    endloop
  endfacet
  facet normal -0.146667 0.989186 0
    outer loop
      vertex 58.7439 -31.726 20.4
      vertex 58.6225 -31.744 32.4
      vertex 58.7439 -31.726 32.4
    endloop
  endfacet
  facet normal -0.146667 0.989186 0
    outer loop
      vertex 58.6225 -31.744 32.4
      vertex 58.7439 -31.726 20.4
      vertex 58.6225 -31.744 20.4
    endloop
  endfacet
  facet normal -0.740898 0.671617 0
    outer loop
      vertex 59.3839 -31.3839 20.4
      vertex 59.4663 -31.293 32.4
      vertex 59.4663 -31.293 20.4
    endloop
  endfacet
  facet normal -0.740898 0.671617 0
    outer loop
      vertex 59.4663 -31.293 32.4
      vertex 59.3839 -31.3839 20.4
      vertex 59.3839 -31.3839 32.4
    endloop
  endfacet
  facet normal -0.803413 0.595423 0
    outer loop
      vertex 59.4663 -31.293 20.4
      vertex 59.5393 -31.1945 32.4
      vertex 59.5393 -31.1945 20.4
    endloop
  endfacet
  facet normal -0.803413 0.595423 0
    outer loop
      vertex 59.5393 -31.1945 32.4
      vertex 59.4663 -31.293 20.4
      vertex 59.4663 -31.293 32.4
    endloop
  endfacet
  facet normal -0.242919 0.970047 0
    outer loop
      vertex 58.8629 -31.6962 20.4
      vertex 58.7439 -31.726 32.4
      vertex 58.8629 -31.6962 32.4
    endloop
  endfacet
  facet normal -0.242919 0.970047 0
    outer loop
      vertex 58.7439 -31.726 32.4
      vertex 58.8629 -31.6962 20.4
      vertex 58.7439 -31.726 20.4
    endloop
  endfacet
  facet normal -0.903688 0.428192 0
    outer loop
      vertex 59.6024 -31.0892 20.4
      vertex 59.6549 -30.9784 32.4
      vertex 59.6549 -30.9784 20.4
    endloop
  endfacet
  facet normal -0.903688 0.428192 0
    outer loop
      vertex 59.6549 -30.9784 32.4
      vertex 59.6024 -31.0892 20.4
      vertex 59.6024 -31.0892 32.4
    endloop
  endfacet
  facet normal 0.242919 -0.970047 0
    outer loop
      vertex 58.1371 -29.3038 20.4
      vertex 58.2561 -29.274 32.4
      vertex 58.1371 -29.3038 32.4
    endloop
  endfacet
  facet normal 0.242919 -0.970047 0
    outer loop
      vertex 58.2561 -29.274 32.4
      vertex 58.1371 -29.3038 20.4
      vertex 58.2561 -29.274 20.4
    endloop
  endfacet
  facet normal 0.941613 -0.336698 0
    outer loop
      vertex 57.3038 -30.1371 32.4
      vertex 57.3451 -30.0216 20.4
      vertex 57.3451 -30.0216 32.4
    endloop
  endfacet
  facet normal 0.941613 -0.336698 0
    outer loop
      vertex 57.3451 -30.0216 20.4
      vertex 57.3038 -30.1371 32.4
      vertex 57.3038 -30.1371 20.4
    endloop
  endfacet
  facet normal 0.428192 -0.903688 0
    outer loop
      vertex 57.9108 -29.3976 20.4
      vertex 58.0216 -29.3451 32.4
      vertex 57.9108 -29.3976 32.4
    endloop
  endfacet
  facet normal 0.428192 -0.903688 0
    outer loop
      vertex 58.0216 -29.3451 32.4
      vertex 57.9108 -29.3976 20.4
      vertex 58.0216 -29.3451 20.4
    endloop
  endfacet
  facet normal 0.989186 -0.146667 0
    outer loop
      vertex 57.256 -30.3775 32.4
      vertex 57.274 -30.2561 20.4
      vertex 57.274 -30.2561 32.4
    endloop
  endfacet
  facet normal 0.989186 -0.146667 0
    outer loop
      vertex 57.274 -30.2561 20.4
      vertex 57.256 -30.3775 32.4
      vertex 57.256 -30.3775 20.4
    endloop
  endfacet
  facet normal 0.970047 -0.242919 0
    outer loop
      vertex 57.274 -30.2561 32.4
      vertex 57.3038 -30.1371 20.4
      vertex 57.3038 -30.1371 32.4
    endloop
  endfacet
  facet normal 0.970047 -0.242919 0
    outer loop
      vertex 57.3038 -30.1371 20.4
      vertex 57.274 -30.2561 32.4
      vertex 57.274 -30.2561 20.4
    endloop
  endfacet
  facet normal -0.428192 -0.903688 0
    outer loop
      vertex 58.9784 -29.3451 20.4
      vertex 59.0892 -29.3976 32.4
      vertex 58.9784 -29.3451 32.4
    endloop
  endfacet
  facet normal -0.428192 -0.903688 -0
    outer loop
      vertex 59.0892 -29.3976 32.4
      vertex 58.9784 -29.3451 20.4
      vertex 59.0892 -29.3976 20.4
    endloop
  endfacet
  facet normal 0 0 1
    outer loop
      vertex 59.744 -30.3775 20.4
      vertex 59.744 -30.6225 20.4
      vertex 59.75 -30.5 20.4
    endloop
  endfacet
  facet normal 0 0 1
    outer loop
      vertex 59.726 -30.2561 20.4
      vertex 59.744 -30.6225 20.4
      vertex 59.744 -30.3775 20.4
    endloop
  endfacet
  facet normal 0 0 1
    outer loop
      vertex 59.726 -30.2561 20.4
      vertex 59.726 -30.7439 20.4
      vertex 59.744 -30.6225 20.4
    endloop
  endfacet
  facet normal 0 0 1
    outer loop
      vertex 59.6962 -30.1371 20.4
      vertex 59.726 -30.7439 20.4
      vertex 59.726 -30.2561 20.4
    endloop
  endfacet
  facet normal 0 0 1
    outer loop
      vertex 59.6962 -30.1371 20.4
      vertex 59.6962 -30.8629 20.4
      vertex 59.726 -30.7439 20.4
    endloop
  endfacet
  facet normal 0 0 1
    outer loop
      vertex 59.6549 -30.0216 20.4
      vertex 59.6962 -30.8629 20.4
      vertex 59.6962 -30.1371 20.4
    endloop
  endfacet
  facet normal 0 0 1
    outer loop
      vertex 59.6549 -30.0216 20.4
      vertex 59.6549 -30.9784 20.4
      vertex 59.6962 -30.8629 20.4
    endloop
  endfacet
  facet normal 0 0 1
    outer loop
      vertex 59.6024 -29.9108 20.4
      vertex 59.6549 -30.9784 20.4
      vertex 59.6549 -30.0216 20.4
    endloop
  endfacet
  facet normal 0 0 1
    outer loop
      vertex 59.6024 -29.9108 20.4
      vertex 59.6024 -31.0892 20.4
      vertex 59.6549 -30.9784 20.4
    endloop
  endfacet
  facet normal 0 0 1
    outer loop
      vertex 59.5393 -29.8055 20.4
      vertex 59.6024 -31.0892 20.4
      vertex 59.6024 -29.9108 20.4
    endloop
  endfacet
  facet normal 0 0 1
    outer loop
      vertex 59.5393 -29.8055 20.4
      vertex 59.5393 -31.1945 20.4
      vertex 59.6024 -31.0892 20.4
    endloop
  endfacet
  facet normal 0 0 1
    outer loop
      vertex 59.4663 -29.707 20.4
      vertex 59.5393 -31.1945 20.4
      vertex 59.5393 -29.8055 20.4
    endloop
  endfacet
  facet normal 0 0 1
    outer loop
      vertex 59.4663 -29.707 20.4
      vertex 59.4663 -31.293 20.4
      vertex 59.5393 -31.1945 20.4
    endloop
  endfacet
  facet normal 0 0 1
    outer loop
      vertex 59.3839 -29.6161 20.4
      vertex 59.4663 -31.293 20.4
      vertex 59.4663 -29.707 20.4
    endloop
  endfacet
  facet normal 0 0 1
    outer loop
      vertex 59.3839 -29.6161 20.4
      vertex 59.3839 -31.3839 20.4
      vertex 59.4663 -31.293 20.4
    endloop
  endfacet
  facet normal 0 0 1
    outer loop
      vertex 59.293 -29.5337 20.4
      vertex 59.3839 -31.3839 20.4
      vertex 59.3839 -29.6161 20.4
    endloop
  endfacet
  facet normal 0 0 1
    outer loop
      vertex 59.293 -29.5337 20.4
      vertex 59.293 -31.4663 20.4
      vertex 59.3839 -31.3839 20.4
    endloop
  endfacet
  facet normal 0 0 1
    outer loop
      vertex 59.1945 -29.4607 20.4
      vertex 59.293 -31.4663 20.4
      vertex 59.293 -29.5337 20.4
    endloop
  endfacet
  facet normal 0 0 1
    outer loop
      vertex 59.1945 -29.4607 20.4
      vertex 59.1945 -31.5393 20.4
      vertex 59.293 -31.4663 20.4
    endloop
  endfacet
  facet normal 0 0 1
    outer loop
      vertex 59.0892 -29.3976 20.4
      vertex 59.1945 -31.5393 20.4
      vertex 59.1945 -29.4607 20.4
    endloop
  endfacet
  facet normal 0 0 1
    outer loop
      vertex 59.0892 -29.3976 20.4
      vertex 59.0892 -31.6024 20.4
      vertex 59.1945 -31.5393 20.4
    endloop
  endfacet
  facet normal 0 0 1
    outer loop
      vertex 58.9784 -29.3451 20.4
      vertex 59.0892 -31.6024 20.4
      vertex 59.0892 -29.3976 20.4
    endloop
  endfacet
  facet normal 0 0 1
    outer loop
      vertex 58.9784 -29.3451 20.4
      vertex 58.9784 -31.6549 20.4
      vertex 59.0892 -31.6024 20.4
    endloop
  endfacet
  facet normal 0 0 1
    outer loop
      vertex 58.8629 -29.3038 20.4
      vertex 58.9784 -31.6549 20.4
      vertex 58.9784 -29.3451 20.4
    endloop
  endfacet
  facet normal 0 0 1
    outer loop
      vertex 58.8629 -29.3038 20.4
      vertex 58.8629 -31.6962 20.4
      vertex 58.9784 -31.6549 20.4
    endloop
  endfacet
  facet normal 0 0 1
    outer loop
      vertex 58.7439 -29.274 20.4
      vertex 58.8629 -31.6962 20.4
      vertex 58.8629 -29.3038 20.4
    endloop
  endfacet
  facet normal 0 0 1
    outer loop
      vertex 58.7439 -29.274 20.4
      vertex 58.7439 -31.726 20.4
      vertex 58.8629 -31.6962 20.4
    endloop
  endfacet
  facet normal 0 0 1
    outer loop
      vertex 58.6225 -29.256 20.4
      vertex 58.7439 -31.726 20.4
      vertex 58.7439 -29.274 20.4
    endloop
  endfacet
  facet normal 0 0 1
    outer loop
      vertex 58.6225 -29.256 20.4
      vertex 58.6225 -31.744 20.4
      vertex 58.7439 -31.726 20.4
    endloop
  endfacet
  facet normal 0 0 1
    outer loop
      vertex 58.5 -29.25 20.4
      vertex 58.6225 -31.744 20.4
      vertex 58.6225 -29.256 20.4
    endloop
  endfacet
  facet normal 0 0 1
    outer loop
      vertex 58.5 -29.25 20.4
      vertex 58.5 -31.75 20.4
      vertex 58.6225 -31.744 20.4
    endloop
  endfacet
  facet normal -0 0 1
    outer loop
      vertex 58.3775 -29.256 20.4
      vertex 58.5 -31.75 20.4
      vertex 58.5 -29.25 20.4
    endloop
  endfacet
  facet normal 0 0 1
    outer loop
      vertex 58.3775 -29.256 20.4
      vertex 58.3775 -31.744 20.4
      vertex 58.5 -31.75 20.4
    endloop
  endfacet
  facet normal -0 0 1
    outer loop
      vertex 58.2561 -29.274 20.4
      vertex 58.3775 -31.744 20.4
      vertex 58.3775 -29.256 20.4
    endloop
  endfacet
  facet normal 0 0 1
    outer loop
      vertex 58.2561 -29.274 20.4
      vertex 58.2561 -31.726 20.4
      vertex 58.3775 -31.744 20.4
    endloop
  endfacet
  facet normal -0 0 1
    outer loop
      vertex 58.1371 -29.3038 20.4
      vertex 58.2561 -31.726 20.4
      vertex 58.2561 -29.274 20.4
    endloop
  endfacet
  facet normal 0 0 1
    outer loop
      vertex 58.1371 -29.3038 20.4
      vertex 58.1371 -31.6962 20.4
      vertex 58.2561 -31.726 20.4
    endloop
  endfacet
  facet normal -0 0 1
    outer loop
      vertex 58.0216 -29.3451 20.4
      vertex 58.1371 -31.6962 20.4
      vertex 58.1371 -29.3038 20.4
    endloop
  endfacet
  facet normal 0 0 1
    outer loop
      vertex 58.0216 -29.3451 20.4
      vertex 58.0216 -31.6549 20.4
      vertex 58.1371 -31.6962 20.4
    endloop
  endfacet
  facet normal -0 0 1
    outer loop
      vertex 57.9108 -29.3976 20.4
      vertex 58.0216 -31.6549 20.4
      vertex 58.0216 -29.3451 20.4
    endloop
  endfacet
  facet normal 0 0 1
    outer loop
      vertex 57.9108 -29.3976 20.4
      vertex 57.9108 -31.6024 20.4
      vertex 58.0216 -31.6549 20.4
    endloop
  endfacet
  facet normal -0 0 1
    outer loop
      vertex 57.8055 -29.4607 20.4
      vertex 57.9108 -31.6024 20.4
      vertex 57.9108 -29.3976 20.4
    endloop
  endfacet
  facet normal 0 0 1
    outer loop
      vertex 57.8055 -29.4607 20.4
      vertex 57.8055 -31.5393 20.4
      vertex 57.9108 -31.6024 20.4
    endloop
  endfacet
  facet normal -0 0 1
    outer loop
      vertex 57.707 -29.5337 20.4
      vertex 57.8055 -31.5393 20.4
      vertex 57.8055 -29.4607 20.4
    endloop
  endfacet
  facet normal 0 0 1
    outer loop
      vertex 57.707 -29.5337 20.4
      vertex 57.707 -31.4663 20.4
      vertex 57.8055 -31.5393 20.4
    endloop
  endfacet
  facet normal -0 0 1
    outer loop
      vertex 57.6161 -29.6161 20.4
      vertex 57.707 -31.4663 20.4
      vertex 57.707 -29.5337 20.4
    endloop
  endfacet
  facet normal 0 0 1
    outer loop
      vertex 57.6161 -29.6161 20.4
      vertex 57.6161 -31.3839 20.4
      vertex 57.707 -31.4663 20.4
    endloop
  endfacet
  facet normal -0 0 1
    outer loop
      vertex 57.5337 -29.707 20.4
      vertex 57.6161 -31.3839 20.4
      vertex 57.6161 -29.6161 20.4
    endloop
  endfacet
  facet normal 0 0 1
    outer loop
      vertex 57.5337 -29.707 20.4
      vertex 57.5337 -31.293 20.4
      vertex 57.6161 -31.3839 20.4
    endloop
  endfacet
  facet normal -0 0 1
    outer loop
      vertex 57.4607 -29.8055 20.4
      vertex 57.5337 -31.293 20.4
      vertex 57.5337 -29.707 20.4
    endloop
  endfacet
  facet normal 0 0 1
    outer loop
      vertex 57.4607 -29.8055 20.4
      vertex 57.4607 -31.1945 20.4
      vertex 57.5337 -31.293 20.4
    endloop
  endfacet
  facet normal -0 0 1
    outer loop
      vertex 57.3976 -29.9108 20.4
      vertex 57.4607 -31.1945 20.4
      vertex 57.4607 -29.8055 20.4
    endloop
  endfacet
  facet normal 0 0 1
    outer loop
      vertex 57.3976 -29.9108 20.4
      vertex 57.3976 -31.0892 20.4
      vertex 57.4607 -31.1945 20.4
    endloop
  endfacet
  facet normal -0 0 1
    outer loop
      vertex 57.3451 -30.0216 20.4
      vertex 57.3976 -31.0892 20.4
      vertex 57.3976 -29.9108 20.4
    endloop
  endfacet
  facet normal 0 0 1
    outer loop
      vertex 57.3451 -30.0216 20.4
      vertex 57.3451 -30.9784 20.4
      vertex 57.3976 -31.0892 20.4
    endloop
  endfacet
  facet normal -0 0 1
    outer loop
      vertex 57.3038 -30.1371 20.4
      vertex 57.3451 -30.9784 20.4
      vertex 57.3451 -30.0216 20.4
    endloop
  endfacet
  facet normal 0 0 1
    outer loop
      vertex 57.3038 -30.1371 20.4
      vertex 57.3038 -30.8629 20.4
      vertex 57.3451 -30.9784 20.4
    endloop
  endfacet
  facet normal -0 0 1
    outer loop
      vertex 57.274 -30.2561 20.4
      vertex 57.3038 -30.8629 20.4
      vertex 57.3038 -30.1371 20.4
    endloop
  endfacet
  facet normal 0 0 1
    outer loop
      vertex 57.274 -30.2561 20.4
      vertex 57.274 -30.7439 20.4
      vertex 57.3038 -30.8629 20.4
    endloop
  endfacet
  facet normal -0 0 1
    outer loop
      vertex 57.256 -30.3775 20.4
      vertex 57.274 -30.7439 20.4
      vertex 57.274 -30.2561 20.4
    endloop
  endfacet
  facet normal 0 0 1
    outer loop
      vertex 57.256 -30.3775 20.4
      vertex 57.256 -30.6225 20.4
      vertex 57.274 -30.7439 20.4
    endloop
  endfacet
  facet normal 0 -0 1
    outer loop
      vertex 57.256 -30.6225 20.4
      vertex 57.256 -30.3775 20.4
      vertex 57.25 -30.5 20.4
    endloop
  endfacet
  facet normal -0.989186 0.146667 0
    outer loop
      vertex 59.726 -30.7439 20.4
      vertex 59.744 -30.6225 32.4
      vertex 59.744 -30.6225 20.4
    endloop
  endfacet
  facet normal -0.989186 0.146667 0
    outer loop
      vertex 59.744 -30.6225 32.4
      vertex 59.726 -30.7439 20.4
      vertex 59.726 -30.7439 32.4
    endloop
  endfacet
  facet normal -0.146667 -0.989186 0
    outer loop
      vertex 58.6225 -29.256 20.4
      vertex 58.7439 -29.274 32.4
      vertex 58.6225 -29.256 32.4
    endloop
  endfacet
  facet normal -0.146667 -0.989186 -0
    outer loop
      vertex 58.7439 -29.274 32.4
      vertex 58.6225 -29.256 20.4
      vertex 58.7439 -29.274 20.4
    endloop
  endfacet
  facet normal -0.0489209 -0.998803 0
    outer loop
      vertex 58.5 -29.25 20.4
      vertex 58.6225 -29.256 32.4
      vertex 58.5 -29.25 32.4
    endloop
  endfacet
  facet normal -0.0489209 -0.998803 -0
    outer loop
      vertex 58.6225 -29.256 32.4
      vertex 58.5 -29.25 20.4
      vertex 58.6225 -29.256 20.4
    endloop
  endfacet
  facet normal 0.740898 0.671617 0
    outer loop
      vertex 57.6161 -31.3839 32.4
      vertex 57.5337 -31.293 20.4
      vertex 57.5337 -31.293 32.4
    endloop
  endfacet
  facet normal 0.740898 0.671617 0
    outer loop
      vertex 57.5337 -31.293 20.4
      vertex 57.6161 -31.3839 32.4
      vertex 57.6161 -31.3839 20.4
    endloop
  endfacet
  facet normal 0.85778 0.514016 0
    outer loop
      vertex 57.4607 -31.1945 32.4
      vertex 57.3976 -31.0892 20.4
      vertex 57.3976 -31.0892 32.4
    endloop
  endfacet
  facet normal 0.85778 0.514016 0
    outer loop
      vertex 57.3976 -31.0892 20.4
      vertex 57.4607 -31.1945 32.4
      vertex 57.4607 -31.1945 20.4
    endloop
  endfacet
  facet normal 0.336698 -0.941613 0
    outer loop
      vertex 58.0216 -29.3451 20.4
      vertex 58.1371 -29.3038 32.4
      vertex 58.0216 -29.3451 32.4
    endloop
  endfacet
  facet normal 0.336698 -0.941613 0
    outer loop
      vertex 58.1371 -29.3038 32.4
      vertex 58.0216 -29.3451 20.4
      vertex 58.1371 -29.3038 20.4
    endloop
  endfacet
  facet normal 0.514016 0.85778 -0
    outer loop
      vertex 57.9108 -31.6024 20.4
      vertex 57.8055 -31.5393 32.4
      vertex 57.9108 -31.6024 32.4
    endloop
  endfacet
  facet normal 0.514016 0.85778 0
    outer loop
      vertex 57.8055 -31.5393 32.4
      vertex 57.9108 -31.6024 20.4
      vertex 57.8055 -31.5393 20.4
    endloop
  endfacet
  facet normal -0.595423 0.803413 0
    outer loop
      vertex 59.293 -31.4663 20.4
      vertex 59.1945 -31.5393 32.4
      vertex 59.293 -31.4663 32.4
    endloop
  endfacet
  facet normal -0.595423 0.803413 0
    outer loop
      vertex 59.1945 -31.5393 32.4
      vertex 59.293 -31.4663 20.4
      vertex 59.1945 -31.5393 20.4
    endloop
  endfacet
  facet normal 0.803413 0.595423 0
    outer loop
      vertex 57.5337 -31.293 32.4
      vertex 57.4607 -31.1945 20.4
      vertex 57.4607 -31.1945 32.4
    endloop
  endfacet
  facet normal 0.803413 0.595423 0
    outer loop
      vertex 57.4607 -31.1945 20.4
      vertex 57.5337 -31.293 32.4
      vertex 57.5337 -31.293 20.4
    endloop
  endfacet
  facet normal 0.903688 -0.428192 0
    outer loop
      vertex 57.3451 -30.0216 32.4
      vertex 57.3976 -29.9108 20.4
      vertex 57.3976 -29.9108 32.4
    endloop
  endfacet
  facet normal 0.903688 -0.428192 0
    outer loop
      vertex 57.3976 -29.9108 20.4
      vertex 57.3451 -30.0216 32.4
      vertex 57.3451 -30.0216 20.4
    endloop
  endfacet
  facet normal 0.989186 0.146667 0
    outer loop
      vertex 57.274 -30.7439 32.4
      vertex 57.256 -30.6225 20.4
      vertex 57.256 -30.6225 32.4
    endloop
  endfacet
  facet normal 0.989186 0.146667 0
    outer loop
      vertex 57.256 -30.6225 20.4
      vertex 57.274 -30.7439 32.4
      vertex 57.274 -30.7439 20.4
    endloop
  endfacet
  facet normal -0.242919 -0.970047 0
    outer loop
      vertex 58.7439 -29.274 20.4
      vertex 58.8629 -29.3038 32.4
      vertex 58.7439 -29.274 32.4
    endloop
  endfacet
  facet normal -0.242919 -0.970047 -0
    outer loop
      vertex 58.8629 -29.3038 32.4
      vertex 58.7439 -29.274 20.4
      vertex 58.8629 -29.3038 20.4
    endloop
  endfacet
  facet normal -0.514016 0.85778 0
    outer loop
      vertex 59.1945 -31.5393 20.4
      vertex 59.0892 -31.6024 32.4
      vertex 59.1945 -31.5393 32.4
    endloop
  endfacet
  facet normal -0.514016 0.85778 0
    outer loop
      vertex 59.0892 -31.6024 32.4
      vertex 59.1945 -31.5393 20.4
      vertex 59.0892 -31.6024 20.4
    endloop
  endfacet
  facet normal 0.671617 0.740898 -0
    outer loop
      vertex 57.707 -31.4663 20.4
      vertex 57.6161 -31.3839 32.4
      vertex 57.707 -31.4663 32.4
    endloop
  endfacet
  facet normal 0.671617 0.740898 0
    outer loop
      vertex 57.6161 -31.3839 32.4
      vertex 57.707 -31.4663 20.4
      vertex 57.6161 -31.3839 20.4
    endloop
  endfacet
  facet normal 0.0489209 0.998803 -0
    outer loop
      vertex 58.5 -31.75 20.4
      vertex 58.3775 -31.744 32.4
      vertex 58.5 -31.75 32.4
    endloop
  endfacet
  facet normal 0.0489209 0.998803 0
    outer loop
      vertex 58.3775 -31.744 32.4
      vertex 58.5 -31.75 20.4
      vertex 58.3775 -31.744 20.4
    endloop
  endfacet
  facet normal 0.998803 -0.0489209 0
    outer loop
      vertex 57.25 -30.5 32.4
      vertex 57.256 -30.3775 20.4
      vertex 57.256 -30.3775 32.4
    endloop
  endfacet
  facet normal 0.998803 -0.0489209 0
    outer loop
      vertex 57.256 -30.3775 20.4
      vertex 57.25 -30.5 32.4
      vertex 57.25 -30.5 20.4
    endloop
  endfacet
  facet normal 0.336698 0.941613 -0
    outer loop
      vertex 58.1371 -31.6962 20.4
      vertex 58.0216 -31.6549 32.4
      vertex 58.1371 -31.6962 32.4
    endloop
  endfacet
  facet normal 0.336698 0.941613 0
    outer loop
      vertex 58.0216 -31.6549 32.4
      vertex 58.1371 -31.6962 20.4
      vertex 58.0216 -31.6549 20.4
    endloop
  endfacet
  facet normal -0.671617 0.740898 0
    outer loop
      vertex 59.3839 -31.3839 20.4
      vertex 59.293 -31.4663 32.4
      vertex 59.3839 -31.3839 32.4
    endloop
  endfacet
  facet normal -0.671617 0.740898 0
    outer loop
      vertex 59.293 -31.4663 32.4
      vertex 59.3839 -31.3839 20.4
      vertex 59.293 -31.4663 20.4
    endloop
  endfacet
  facet normal 0.989172 0.14676 0
    outer loop
      vertex 61.9831 30.8431 32.4
      vertex 61.9327 31.1828 2.4
      vertex 61.9327 31.1828 32.4
    endloop
  endfacet
  facet normal 0.989172 0.14676 0
    outer loop
      vertex 61.9327 31.1828 2.4
      vertex 61.9831 30.8431 32.4
      vertex 61.9831 30.8431 2.4
    endloop
  endfacet
  facet normal 0.998789 0.0491971 0
    outer loop
      vertex 62 30.5 32.4
      vertex 61.9831 30.8431 2.4
      vertex 61.9831 30.8431 32.4
    endloop
  endfacet
  facet normal 0.998789 0.0491971 0
    outer loop
      vertex 61.9831 30.8431 2.4
      vertex 62 30.5 32.4
      vertex 62 30.5 2.4
    endloop
  endfacet
  facet normal 0.970074 0.24281 0
    outer loop
      vertex 61.9327 31.1828 32.4
      vertex 61.8493 31.516 2.4
      vertex 61.8493 31.516 32.4
    endloop
  endfacet
  facet normal 0.970074 0.24281 0
    outer loop
      vertex 61.8493 31.516 2.4
      vertex 61.9327 31.1828 32.4
      vertex 61.9327 31.1828 2.4
    endloop
  endfacet
  facet normal 0.595659 -0.803237 0
    outer loop
      vertex 60.4445 27.5899 2.4
      vertex 60.7204 27.7945 32.4
      vertex 60.4445 27.5899 32.4
    endloop
  endfacet
  facet normal 0.595659 -0.803237 0
    outer loop
      vertex 60.7204 27.7945 32.4
      vertex 60.4445 27.5899 2.4
      vertex 60.7204 27.7945 2.4
    endloop
  endfacet
  facet normal 0.427661 -0.903939 0
    outer loop
      vertex 59.8394 27.2664 2.4
      vertex 60.1499 27.4133 32.4
      vertex 59.8394 27.2664 32.4
    endloop
  endfacet
  facet normal 0.427661 -0.903939 0
    outer loop
      vertex 60.1499 27.4133 32.4
      vertex 59.8394 27.2664 2.4
      vertex 60.1499 27.4133 2.4
    endloop
  endfacet
  facet normal -0.671454 -0.741046 0
    outer loop
      vertex 56.0251 28.0251 2.4
      vertex 56.2796 27.7945 32.4
      vertex 56.0251 28.0251 32.4
    endloop
  endfacet
  facet normal -0.671454 -0.741046 -0
    outer loop
      vertex 56.2796 27.7945 32.4
      vertex 56.0251 28.0251 2.4
      vertex 56.2796 27.7945 2.4
    endloop
  endfacet
  facet normal 0.514153 0.857698 -0
    outer loop
      vertex 60.4445 33.4101 2.4
      vertex 60.1499 33.5867 32.4
      vertex 60.4445 33.4101 32.4
    endloop
  endfacet
  facet normal 0.514153 0.857698 0
    outer loop
      vertex 60.1499 33.5867 32.4
      vertex 60.4445 33.4101 2.4
      vertex 60.1499 33.5867 2.4
    endloop
  endfacet
  facet normal -0.14676 -0.989172 0
    outer loop
      vertex 57.8172 27.0673 2.4
      vertex 58.1569 27.0169 32.4
      vertex 57.8172 27.0673 32.4
    endloop
  endfacet
  facet normal -0.14676 -0.989172 -0
    outer loop
      vertex 58.1569 27.0169 32.4
      vertex 57.8172 27.0673 2.4
      vertex 58.1569 27.0169 2.4
    endloop
  endfacet
  facet normal -0.24281 0.970074 0
    outer loop
      vertex 57.8172 33.9327 2.4
      vertex 57.484 33.8493 32.4
      vertex 57.8172 33.9327 32.4
    endloop
  endfacet
  facet normal -0.24281 0.970074 0
    outer loop
      vertex 57.484 33.8493 32.4
      vertex 57.8172 33.9327 2.4
      vertex 57.484 33.8493 2.4
    endloop
  endfacet
  facet normal 0.741046 0.671454 0
    outer loop
      vertex 61.2055 32.7204 32.4
      vertex 60.9749 32.9749 2.4
      vertex 60.9749 32.9749 32.4
    endloop
  endfacet
  facet normal 0.741046 0.671454 0
    outer loop
      vertex 60.9749 32.9749 2.4
      vertex 61.2055 32.7204 32.4
      vertex 61.2055 32.7204 2.4
    endloop
  endfacet
  facet normal -0.970074 -0.24281 0
    outer loop
      vertex 55.1507 29.484 2.4
      vertex 55.0673 29.8172 32.4
      vertex 55.0673 29.8172 2.4
    endloop
  endfacet
  facet normal -0.970074 -0.24281 0
    outer loop
      vertex 55.0673 29.8172 32.4
      vertex 55.1507 29.484 2.4
      vertex 55.1507 29.484 32.4
    endloop
  endfacet
  facet normal 0.857698 0.514153 0
    outer loop
      vertex 61.5867 32.1499 32.4
      vertex 61.4101 32.4445 2.4
      vertex 61.4101 32.4445 32.4
    endloop
  endfacet
  facet normal 0.857698 0.514153 0
    outer loop
      vertex 61.4101 32.4445 2.4
      vertex 61.5867 32.1499 32.4
      vertex 61.5867 32.1499 2.4
    endloop
  endfacet
  facet normal 0.671454 0.741046 -0
    outer loop
      vertex 60.9749 32.9749 2.4
      vertex 60.7204 33.2055 32.4
      vertex 60.9749 32.9749 32.4
    endloop
  endfacet
  facet normal 0.671454 0.741046 0
    outer loop
      vertex 60.7204 33.2055 32.4
      vertex 60.9749 32.9749 2.4
      vertex 60.7204 33.2055 2.4
    endloop
  endfacet
  facet normal -0.941557 -0.336853 0
    outer loop
      vertex 55.2664 29.1606 2.4
      vertex 55.1507 29.484 32.4
      vertex 55.1507 29.484 2.4
    endloop
  endfacet
  facet normal -0.941557 -0.336853 0
    outer loop
      vertex 55.1507 29.484 32.4
      vertex 55.2664 29.1606 2.4
      vertex 55.2664 29.1606 32.4
    endloop
  endfacet
  facet normal 0.336853 -0.941557 0
    outer loop
      vertex 59.516 27.1507 2.4
      vertex 59.8394 27.2664 32.4
      vertex 59.516 27.1507 32.4
    endloop
  endfacet
  facet normal 0.336853 -0.941557 0
    outer loop
      vertex 59.8394 27.2664 32.4
      vertex 59.516 27.1507 2.4
      vertex 59.8394 27.2664 2.4
    endloop
  endfacet
  facet normal 0.941557 0.336853 0
    outer loop
      vertex 61.8493 31.516 32.4
      vertex 61.7336 31.8394 2.4
      vertex 61.7336 31.8394 32.4
    endloop
  endfacet
  facet normal 0.941557 0.336853 0
    outer loop
      vertex 61.7336 31.8394 2.4
      vertex 61.8493 31.516 32.4
      vertex 61.8493 31.516 2.4
    endloop
  endfacet
  facet normal -0.998789 -0.0491971 0
    outer loop
      vertex 55.0169 30.1569 2.4
      vertex 55 30.5 32.4
      vertex 55 30.5 2.4
    endloop
  endfacet
  facet normal -0.998789 -0.0491971 0
    outer loop
      vertex 55 30.5 32.4
      vertex 55.0169 30.1569 2.4
      vertex 55.0169 30.1569 32.4
    endloop
  endfacet
  facet normal -0.0491971 0.998789 0
    outer loop
      vertex 58.5 34 2.4
      vertex 58.1569 33.9831 32.4
      vertex 58.5 34 32.4
    endloop
  endfacet
  facet normal -0.0491971 0.998789 0
    outer loop
      vertex 58.1569 33.9831 32.4
      vertex 58.5 34 2.4
      vertex 58.1569 33.9831 2.4
    endloop
  endfacet
  facet normal 0.903939 -0.427661 0
    outer loop
      vertex 61.5867 28.8501 32.4
      vertex 61.7336 29.1606 2.4
      vertex 61.7336 29.1606 32.4
    endloop
  endfacet
  facet normal 0.903939 -0.427661 0
    outer loop
      vertex 61.7336 29.1606 2.4
      vertex 61.5867 28.8501 32.4
      vertex 61.5867 28.8501 2.4
    endloop
  endfacet
  facet normal 0.595659 0.803237 -0
    outer loop
      vertex 60.7204 33.2055 2.4
      vertex 60.4445 33.4101 32.4
      vertex 60.7204 33.2055 32.4
    endloop
  endfacet
  facet normal 0.595659 0.803237 0
    outer loop
      vertex 60.4445 33.4101 32.4
      vertex 60.7204 33.2055 2.4
      vertex 60.4445 33.4101 2.4
    endloop
  endfacet
  facet normal 0.998789 -0.0491971 0
    outer loop
      vertex 61.9831 30.1569 32.4
      vertex 62 30.5 2.4
      vertex 62 30.5 32.4
    endloop
  endfacet
  facet normal 0.998789 -0.0491971 0
    outer loop
      vertex 62 30.5 2.4
      vertex 61.9831 30.1569 32.4
      vertex 61.9831 30.1569 2.4
    endloop
  endfacet
  facet normal -0.336853 -0.941557 0
    outer loop
      vertex 57.1606 27.2664 2.4
      vertex 57.484 27.1507 32.4
      vertex 57.1606 27.2664 32.4
    endloop
  endfacet
  facet normal -0.336853 -0.941557 -0
    outer loop
      vertex 57.484 27.1507 32.4
      vertex 57.1606 27.2664 2.4
      vertex 57.484 27.1507 2.4
    endloop
  endfacet
  facet normal -0.0491971 -0.998789 0
    outer loop
      vertex 58.1569 27.0169 2.4
      vertex 58.5 27 32.4
      vertex 58.1569 27.0169 32.4
    endloop
  endfacet
  facet normal -0.0491971 -0.998789 -0
    outer loop
      vertex 58.5 27 32.4
      vertex 58.1569 27.0169 2.4
      vertex 58.5 27 2.4
    endloop
  endfacet
  facet normal 0.0491971 -0.998789 0
    outer loop
      vertex 58.5 27 2.4
      vertex 58.8431 27.0169 32.4
      vertex 58.5 27 32.4
    endloop
  endfacet
  facet normal 0.0491971 -0.998789 0
    outer loop
      vertex 58.8431 27.0169 32.4
      vertex 58.5 27 2.4
      vertex 58.8431 27.0169 2.4
    endloop
  endfacet
  facet normal 0.803237 0.595659 0
    outer loop
      vertex 61.4101 32.4445 32.4
      vertex 61.2055 32.7204 2.4
      vertex 61.2055 32.7204 32.4
    endloop
  endfacet
  facet normal 0.803237 0.595659 0
    outer loop
      vertex 61.2055 32.7204 2.4
      vertex 61.4101 32.4445 32.4
      vertex 61.4101 32.4445 2.4
    endloop
  endfacet
  facet normal -0.671454 0.741046 0
    outer loop
      vertex 56.2796 33.2055 2.4
      vertex 56.0251 32.9749 32.4
      vertex 56.2796 33.2055 32.4
    endloop
  endfacet
  facet normal -0.671454 0.741046 0
    outer loop
      vertex 56.0251 32.9749 32.4
      vertex 56.2796 33.2055 2.4
      vertex 56.0251 32.9749 2.4
    endloop
  endfacet
  facet normal 0.14676 0.989172 -0
    outer loop
      vertex 59.1828 33.9327 2.4
      vertex 58.8431 33.9831 32.4
      vertex 59.1828 33.9327 32.4
    endloop
  endfacet
  facet normal 0.14676 0.989172 0
    outer loop
      vertex 58.8431 33.9831 32.4
      vertex 59.1828 33.9327 2.4
      vertex 58.8431 33.9831 2.4
    endloop
  endfacet
  facet normal 0.14676 -0.989172 0
    outer loop
      vertex 58.8431 27.0169 2.4
      vertex 59.1828 27.0673 32.4
      vertex 58.8431 27.0169 32.4
    endloop
  endfacet
  facet normal 0.14676 -0.989172 0
    outer loop
      vertex 59.1828 27.0673 32.4
      vertex 58.8431 27.0169 2.4
      vertex 59.1828 27.0673 2.4
    endloop
  endfacet
  facet normal 0.427661 0.903939 -0
    outer loop
      vertex 60.1499 33.5867 2.4
      vertex 59.8394 33.7336 32.4
      vertex 60.1499 33.5867 32.4
    endloop
  endfacet
  facet normal 0.427661 0.903939 0
    outer loop
      vertex 59.8394 33.7336 32.4
      vertex 60.1499 33.5867 2.4
      vertex 59.8394 33.7336 2.4
    endloop
  endfacet
  facet normal 0.941557 -0.336853 0
    outer loop
      vertex 61.7336 29.1606 32.4
      vertex 61.8493 29.484 2.4
      vertex 61.8493 29.484 32.4
    endloop
  endfacet
  facet normal 0.941557 -0.336853 0
    outer loop
      vertex 61.8493 29.484 2.4
      vertex 61.7336 29.1606 32.4
      vertex 61.7336 29.1606 2.4
    endloop
  endfacet
  facet normal 0.741046 -0.671454 0
    outer loop
      vertex 60.9749 28.0251 32.4
      vertex 61.2055 28.2796 2.4
      vertex 61.2055 28.2796 32.4
    endloop
  endfacet
  facet normal 0.741046 -0.671454 0
    outer loop
      vertex 61.2055 28.2796 2.4
      vertex 60.9749 28.0251 32.4
      vertex 60.9749 28.0251 2.4
    endloop
  endfacet
  facet normal -0.741046 0.671454 0
    outer loop
      vertex 55.7945 32.7204 2.4
      vertex 56.0251 32.9749 32.4
      vertex 56.0251 32.9749 2.4
    endloop
  endfacet
  facet normal -0.741046 0.671454 0
    outer loop
      vertex 56.0251 32.9749 32.4
      vertex 55.7945 32.7204 2.4
      vertex 55.7945 32.7204 32.4
    endloop
  endfacet
  facet normal -0.857698 0.514153 0
    outer loop
      vertex 55.4133 32.1499 2.4
      vertex 55.5899 32.4445 32.4
      vertex 55.5899 32.4445 2.4
    endloop
  endfacet
  facet normal -0.857698 0.514153 0
    outer loop
      vertex 55.5899 32.4445 32.4
      vertex 55.4133 32.1499 2.4
      vertex 55.4133 32.1499 32.4
    endloop
  endfacet
  facet normal 0.903939 0.427661 0
    outer loop
      vertex 61.7336 31.8394 32.4
      vertex 61.5867 32.1499 2.4
      vertex 61.5867 32.1499 32.4
    endloop
  endfacet
  facet normal 0.903939 0.427661 0
    outer loop
      vertex 61.5867 32.1499 2.4
      vertex 61.7336 31.8394 32.4
      vertex 61.7336 31.8394 2.4
    endloop
  endfacet
  facet normal -0.514153 0.857698 0
    outer loop
      vertex 56.8501 33.5867 2.4
      vertex 56.5555 33.4101 32.4
      vertex 56.8501 33.5867 32.4
    endloop
  endfacet
  facet normal -0.514153 0.857698 0
    outer loop
      vertex 56.5555 33.4101 32.4
      vertex 56.8501 33.5867 2.4
      vertex 56.5555 33.4101 2.4
    endloop
  endfacet
  facet normal 0.989172 -0.14676 0
    outer loop
      vertex 61.9327 29.8172 32.4
      vertex 61.9831 30.1569 2.4
      vertex 61.9831 30.1569 32.4
    endloop
  endfacet
  facet normal 0.989172 -0.14676 0
    outer loop
      vertex 61.9831 30.1569 2.4
      vertex 61.9327 29.8172 32.4
      vertex 61.9327 29.8172 2.4
    endloop
  endfacet
  facet normal 0.514153 -0.857698 0
    outer loop
      vertex 60.1499 27.4133 2.4
      vertex 60.4445 27.5899 32.4
      vertex 60.1499 27.4133 32.4
    endloop
  endfacet
  facet normal 0.514153 -0.857698 0
    outer loop
      vertex 60.4445 27.5899 32.4
      vertex 60.1499 27.4133 2.4
      vertex 60.4445 27.5899 2.4
    endloop
  endfacet
  facet normal -0.941557 0.336853 0
    outer loop
      vertex 55.1507 31.516 2.4
      vertex 55.2664 31.8394 32.4
      vertex 55.2664 31.8394 2.4
    endloop
  endfacet
  facet normal -0.941557 0.336853 0
    outer loop
      vertex 55.2664 31.8394 32.4
      vertex 55.1507 31.516 2.4
      vertex 55.1507 31.516 32.4
    endloop
  endfacet
  facet normal 0.336853 0.941557 -0
    outer loop
      vertex 59.8394 33.7336 2.4
      vertex 59.516 33.8493 32.4
      vertex 59.8394 33.7336 32.4
    endloop
  endfacet
  facet normal 0.336853 0.941557 0
    outer loop
      vertex 59.516 33.8493 32.4
      vertex 59.8394 33.7336 2.4
      vertex 59.516 33.8493 2.4
    endloop
  endfacet
  facet normal 0.24281 0.970074 -0
    outer loop
      vertex 59.516 33.8493 2.4
      vertex 59.1828 33.9327 32.4
      vertex 59.516 33.8493 32.4
    endloop
  endfacet
  facet normal 0.24281 0.970074 0
    outer loop
      vertex 59.1828 33.9327 32.4
      vertex 59.516 33.8493 2.4
      vertex 59.1828 33.9327 2.4
    endloop
  endfacet
  facet normal -0.427661 0.903939 0
    outer loop
      vertex 57.1606 33.7336 2.4
      vertex 56.8501 33.5867 32.4
      vertex 57.1606 33.7336 32.4
    endloop
  endfacet
  facet normal -0.427661 0.903939 0
    outer loop
      vertex 56.8501 33.5867 32.4
      vertex 57.1606 33.7336 2.4
      vertex 56.8501 33.5867 2.4
    endloop
  endfacet
  facet normal -0.595659 0.803237 0
    outer loop
      vertex 56.5555 33.4101 2.4
      vertex 56.2796 33.2055 32.4
      vertex 56.5555 33.4101 32.4
    endloop
  endfacet
  facet normal -0.595659 0.803237 0
    outer loop
      vertex 56.2796 33.2055 32.4
      vertex 56.5555 33.4101 2.4
      vertex 56.2796 33.2055 2.4
    endloop
  endfacet
  facet normal -0.14676 0.989172 0
    outer loop
      vertex 58.1569 33.9831 2.4
      vertex 57.8172 33.9327 32.4
      vertex 58.1569 33.9831 32.4
    endloop
  endfacet
  facet normal -0.14676 0.989172 0
    outer loop
      vertex 57.8172 33.9327 32.4
      vertex 58.1569 33.9831 2.4
      vertex 57.8172 33.9327 2.4
    endloop
  endfacet
  facet normal 0.24281 -0.970074 0
    outer loop
      vertex 59.1828 27.0673 2.4
      vertex 59.516 27.1507 32.4
      vertex 59.1828 27.0673 32.4
    endloop
  endfacet
  facet normal 0.24281 -0.970074 0
    outer loop
      vertex 59.516 27.1507 32.4
      vertex 59.1828 27.0673 2.4
      vertex 59.516 27.1507 2.4
    endloop
  endfacet
  facet normal -0.903939 -0.427661 0
    outer loop
      vertex 55.4133 28.8501 2.4
      vertex 55.2664 29.1606 32.4
      vertex 55.2664 29.1606 2.4
    endloop
  endfacet
  facet normal -0.903939 -0.427661 0
    outer loop
      vertex 55.2664 29.1606 32.4
      vertex 55.4133 28.8501 2.4
      vertex 55.4133 28.8501 32.4
    endloop
  endfacet
  facet normal -0.970074 0.24281 0
    outer loop
      vertex 55.0673 31.1828 2.4
      vertex 55.1507 31.516 32.4
      vertex 55.1507 31.516 2.4
    endloop
  endfacet
  facet normal -0.970074 0.24281 0
    outer loop
      vertex 55.1507 31.516 32.4
      vertex 55.0673 31.1828 2.4
      vertex 55.0673 31.1828 32.4
    endloop
  endfacet
  facet normal -0.741046 -0.671454 0
    outer loop
      vertex 56.0251 28.0251 2.4
      vertex 55.7945 28.2796 32.4
      vertex 55.7945 28.2796 2.4
    endloop
  endfacet
  facet normal -0.741046 -0.671454 0
    outer loop
      vertex 55.7945 28.2796 32.4
      vertex 56.0251 28.0251 2.4
      vertex 56.0251 28.0251 32.4
    endloop
  endfacet
  facet normal -0.336853 0.941557 0
    outer loop
      vertex 57.484 33.8493 2.4
      vertex 57.1606 33.7336 32.4
      vertex 57.484 33.8493 32.4
    endloop
  endfacet
  facet normal -0.336853 0.941557 0
    outer loop
      vertex 57.1606 33.7336 32.4
      vertex 57.484 33.8493 2.4
      vertex 57.1606 33.7336 2.4
    endloop
  endfacet
  facet normal -0.989172 0.14676 0
    outer loop
      vertex 55.0169 30.8431 2.4
      vertex 55.0673 31.1828 32.4
      vertex 55.0673 31.1828 2.4
    endloop
  endfacet
  facet normal -0.989172 0.14676 0
    outer loop
      vertex 55.0673 31.1828 32.4
      vertex 55.0169 30.8431 2.4
      vertex 55.0169 30.8431 32.4
    endloop
  endfacet
  facet normal -0.998789 0.0491971 0
    outer loop
      vertex 55 30.5 2.4
      vertex 55.0169 30.8431 32.4
      vertex 55.0169 30.8431 2.4
    endloop
  endfacet
  facet normal -0.998789 0.0491971 0
    outer loop
      vertex 55.0169 30.8431 32.4
      vertex 55 30.5 2.4
      vertex 55 30.5 32.4
    endloop
  endfacet
  facet normal -0.989172 -0.14676 0
    outer loop
      vertex 55.0673 29.8172 2.4
      vertex 55.0169 30.1569 32.4
      vertex 55.0169 30.1569 2.4
    endloop
  endfacet
  facet normal -0.989172 -0.14676 0
    outer loop
      vertex 55.0169 30.1569 32.4
      vertex 55.0673 29.8172 2.4
      vertex 55.0673 29.8172 32.4
    endloop
  endfacet
  facet normal -0.803237 0.595659 0
    outer loop
      vertex 55.5899 32.4445 2.4
      vertex 55.7945 32.7204 32.4
      vertex 55.7945 32.7204 2.4
    endloop
  endfacet
  facet normal -0.803237 0.595659 0
    outer loop
      vertex 55.7945 32.7204 32.4
      vertex 55.5899 32.4445 2.4
      vertex 55.5899 32.4445 32.4
    endloop
  endfacet
  facet normal 0.970074 -0.24281 0
    outer loop
      vertex 61.8493 29.484 32.4
      vertex 61.9327 29.8172 2.4
      vertex 61.9327 29.8172 32.4
    endloop
  endfacet
  facet normal 0.970074 -0.24281 0
    outer loop
      vertex 61.9327 29.8172 2.4
      vertex 61.8493 29.484 32.4
      vertex 61.8493 29.484 2.4
    endloop
  endfacet
  facet normal -0.803237 -0.595659 0
    outer loop
      vertex 55.7945 28.2796 2.4
      vertex 55.5899 28.5555 32.4
      vertex 55.5899 28.5555 2.4
    endloop
  endfacet
  facet normal -0.803237 -0.595659 0
    outer loop
      vertex 55.5899 28.5555 32.4
      vertex 55.7945 28.2796 2.4
      vertex 55.7945 28.2796 32.4
    endloop
  endfacet
  facet normal 0.0491971 0.998789 -0
    outer loop
      vertex 58.8431 33.9831 2.4
      vertex 58.5 34 32.4
      vertex 58.8431 33.9831 32.4
    endloop
  endfacet
  facet normal 0.0491971 0.998789 0
    outer loop
      vertex 58.5 34 32.4
      vertex 58.8431 33.9831 2.4
      vertex 58.5 34 2.4
    endloop
  endfacet
  facet normal 0.857698 -0.514153 0
    outer loop
      vertex 61.4101 28.5555 32.4
      vertex 61.5867 28.8501 2.4
      vertex 61.5867 28.8501 32.4
    endloop
  endfacet
  facet normal 0.857698 -0.514153 0
    outer loop
      vertex 61.5867 28.8501 2.4
      vertex 61.4101 28.5555 32.4
      vertex 61.4101 28.5555 2.4
    endloop
  endfacet
  facet normal -0.514153 -0.857698 0
    outer loop
      vertex 56.5555 27.5899 2.4
      vertex 56.8501 27.4133 32.4
      vertex 56.5555 27.5899 32.4
    endloop
  endfacet
  facet normal -0.514153 -0.857698 -0
    outer loop
      vertex 56.8501 27.4133 32.4
      vertex 56.5555 27.5899 2.4
      vertex 56.8501 27.4133 2.4
    endloop
  endfacet
  facet normal -0.595659 -0.803237 0
    outer loop
      vertex 56.2796 27.7945 2.4
      vertex 56.5555 27.5899 32.4
      vertex 56.2796 27.7945 32.4
    endloop
  endfacet
  facet normal -0.595659 -0.803237 -0
    outer loop
      vertex 56.5555 27.5899 32.4
      vertex 56.2796 27.7945 2.4
      vertex 56.5555 27.5899 2.4
    endloop
  endfacet
  facet normal -0.427661 -0.903939 0
    outer loop
      vertex 56.8501 27.4133 2.4
      vertex 57.1606 27.2664 32.4
      vertex 56.8501 27.4133 32.4
    endloop
  endfacet
  facet normal -0.427661 -0.903939 -0
    outer loop
      vertex 57.1606 27.2664 32.4
      vertex 56.8501 27.4133 2.4
      vertex 57.1606 27.2664 2.4
    endloop
  endfacet
  facet normal 0.803237 -0.595659 0
    outer loop
      vertex 61.2055 28.2796 32.4
      vertex 61.4101 28.5555 2.4
      vertex 61.4101 28.5555 32.4
    endloop
  endfacet
  facet normal 0.803237 -0.595659 0
    outer loop
      vertex 61.4101 28.5555 2.4
      vertex 61.2055 28.2796 32.4
      vertex 61.2055 28.2796 2.4
    endloop
  endfacet
  facet normal -0.24281 -0.970074 0
    outer loop
      vertex 57.484 27.1507 2.4
      vertex 57.8172 27.0673 32.4
      vertex 57.484 27.1507 32.4
    endloop
  endfacet
  facet normal -0.24281 -0.970074 -0
    outer loop
      vertex 57.8172 27.0673 32.4
      vertex 57.484 27.1507 2.4
      vertex 57.8172 27.0673 2.4
    endloop
  endfacet
  facet normal -0.857698 -0.514153 0
    outer loop
      vertex 55.5899 28.5555 2.4
      vertex 55.4133 28.8501 32.4
      vertex 55.4133 28.8501 2.4
    endloop
  endfacet
  facet normal -0.857698 -0.514153 0
    outer loop
      vertex 55.4133 28.8501 32.4
      vertex 55.5899 28.5555 2.4
      vertex 55.5899 28.5555 32.4
    endloop
  endfacet
  facet normal -0.903939 0.427661 0
    outer loop
      vertex 55.2664 31.8394 2.4
      vertex 55.4133 32.1499 32.4
      vertex 55.4133 32.1499 2.4
    endloop
  endfacet
  facet normal -0.903939 0.427661 0
    outer loop
      vertex 55.4133 32.1499 32.4
      vertex 55.2664 31.8394 2.4
      vertex 55.2664 31.8394 32.4
    endloop
  endfacet
  facet normal 0.671454 -0.741046 0
    outer loop
      vertex 60.7204 27.7945 2.4
      vertex 60.9749 28.0251 32.4
      vertex 60.7204 27.7945 32.4
    endloop
  endfacet
  facet normal 0.671454 -0.741046 0
    outer loop
      vertex 60.9749 28.0251 32.4
      vertex 60.7204 27.7945 2.4
      vertex 60.9749 28.0251 2.4
    endloop
  endfacet
  facet normal 0 0 -1
    outer loop
      vertex 61.9831 30.1569 2.4
      vertex 61.9831 30.8431 2.4
      vertex 62 30.5 2.4
    endloop
  endfacet
  facet normal 0 0 -1
    outer loop
      vertex 61.9327 29.8172 2.4
      vertex 61.9831 30.8431 2.4
      vertex 61.9831 30.1569 2.4
    endloop
  endfacet
  facet normal 0 0 -1
    outer loop
      vertex 61.9327 29.8172 2.4
      vertex 61.9327 31.1828 2.4
      vertex 61.9831 30.8431 2.4
    endloop
  endfacet
  facet normal 0 0 -1
    outer loop
      vertex 61.8493 29.484 2.4
      vertex 61.9327 31.1828 2.4
      vertex 61.9327 29.8172 2.4
    endloop
  endfacet
  facet normal 0 0 -1
    outer loop
      vertex 61.8493 29.484 2.4
      vertex 61.8493 31.516 2.4
      vertex 61.9327 31.1828 2.4
    endloop
  endfacet
  facet normal 0 0 -1
    outer loop
      vertex 61.7336 29.1606 2.4
      vertex 61.8493 31.516 2.4
      vertex 61.8493 29.484 2.4
    endloop
  endfacet
  facet normal 0 0 -1
    outer loop
      vertex 61.7336 29.1606 2.4
      vertex 61.7336 31.8394 2.4
      vertex 61.8493 31.516 2.4
    endloop
  endfacet
  facet normal 0 0 -1
    outer loop
      vertex 61.5867 28.8501 2.4
      vertex 61.7336 31.8394 2.4
      vertex 61.7336 29.1606 2.4
    endloop
  endfacet
  facet normal 0 0 -1
    outer loop
      vertex 61.5867 28.8501 2.4
      vertex 61.5867 32.1499 2.4
      vertex 61.7336 31.8394 2.4
    endloop
  endfacet
  facet normal 0 0 -1
    outer loop
      vertex 61.4101 28.5555 2.4
      vertex 61.5867 32.1499 2.4
      vertex 61.5867 28.8501 2.4
    endloop
  endfacet
  facet normal 0 0 -1
    outer loop
      vertex 61.4101 28.5555 2.4
      vertex 61.4101 32.4445 2.4
      vertex 61.5867 32.1499 2.4
    endloop
  endfacet
  facet normal 0 0 -1
    outer loop
      vertex 61.2055 28.2796 2.4
      vertex 61.4101 32.4445 2.4
      vertex 61.4101 28.5555 2.4
    endloop
  endfacet
  facet normal 0 0 -1
    outer loop
      vertex 61.2055 28.2796 2.4
      vertex 61.2055 32.7204 2.4
      vertex 61.4101 32.4445 2.4
    endloop
  endfacet
  facet normal 0 0 -1
    outer loop
      vertex 60.9749 28.0251 2.4
      vertex 61.2055 32.7204 2.4
      vertex 61.2055 28.2796 2.4
    endloop
  endfacet
  facet normal 0 0 -1
    outer loop
      vertex 60.9749 28.0251 2.4
      vertex 60.9749 32.9749 2.4
      vertex 61.2055 32.7204 2.4
    endloop
  endfacet
  facet normal 0 0 -1
    outer loop
      vertex 60.7204 27.7945 2.4
      vertex 60.9749 32.9749 2.4
      vertex 60.9749 28.0251 2.4
    endloop
  endfacet
  facet normal 0 0 -1
    outer loop
      vertex 60.7204 27.7945 2.4
      vertex 60.7204 33.2055 2.4
      vertex 60.9749 32.9749 2.4
    endloop
  endfacet
  facet normal 0 0 -1
    outer loop
      vertex 60.4445 27.5899 2.4
      vertex 60.7204 33.2055 2.4
      vertex 60.7204 27.7945 2.4
    endloop
  endfacet
  facet normal 0 0 -1
    outer loop
      vertex 60.4445 27.5899 2.4
      vertex 60.4445 33.4101 2.4
      vertex 60.7204 33.2055 2.4
    endloop
  endfacet
  facet normal 0 0 -1
    outer loop
      vertex 60.1499 27.4133 2.4
      vertex 60.4445 33.4101 2.4
      vertex 60.4445 27.5899 2.4
    endloop
  endfacet
  facet normal 0 0 -1
    outer loop
      vertex 60.1499 27.4133 2.4
      vertex 60.1499 33.5867 2.4
      vertex 60.4445 33.4101 2.4
    endloop
  endfacet
  facet normal 0 0 -1
    outer loop
      vertex 59.8394 27.2664 2.4
      vertex 60.1499 33.5867 2.4
      vertex 60.1499 27.4133 2.4
    endloop
  endfacet
  facet normal 0 0 -1
    outer loop
      vertex 59.8394 27.2664 2.4
      vertex 59.8394 33.7336 2.4
      vertex 60.1499 33.5867 2.4
    endloop
  endfacet
  facet normal 0 0 -1
    outer loop
      vertex 59.516 27.1507 2.4
      vertex 59.8394 33.7336 2.4
      vertex 59.8394 27.2664 2.4
    endloop
  endfacet
  facet normal 0 0 -1
    outer loop
      vertex 59.516 27.1507 2.4
      vertex 59.516 33.8493 2.4
      vertex 59.8394 33.7336 2.4
    endloop
  endfacet
  facet normal 0 0 -1
    outer loop
      vertex 59.1828 27.0673 2.4
      vertex 59.516 33.8493 2.4
      vertex 59.516 27.1507 2.4
    endloop
  endfacet
  facet normal 0 0 -1
    outer loop
      vertex 59.1828 27.0673 2.4
      vertex 59.1828 33.9327 2.4
      vertex 59.516 33.8493 2.4
    endloop
  endfacet
  facet normal 0 0 -1
    outer loop
      vertex 58.8431 27.0169 2.4
      vertex 59.1828 33.9327 2.4
      vertex 59.1828 27.0673 2.4
    endloop
  endfacet
  facet normal 0 0 -1
    outer loop
      vertex 58.8431 27.0169 2.4
      vertex 58.8431 33.9831 2.4
      vertex 59.1828 33.9327 2.4
    endloop
  endfacet
  facet normal 0 0 -1
    outer loop
      vertex 58.5 27 2.4
      vertex 58.8431 33.9831 2.4
      vertex 58.8431 27.0169 2.4
    endloop
  endfacet
  facet normal 0 0 -1
    outer loop
      vertex 58.5 27 2.4
      vertex 58.5 34 2.4
      vertex 58.8431 33.9831 2.4
    endloop
  endfacet
  facet normal 0 0 -1
    outer loop
      vertex 58.1569 27.0169 2.4
      vertex 58.5 34 2.4
      vertex 58.5 27 2.4
    endloop
  endfacet
  facet normal 0 0 -1
    outer loop
      vertex 58.1569 27.0169 2.4
      vertex 58.1569 33.9831 2.4
      vertex 58.5 34 2.4
    endloop
  endfacet
  facet normal 0 0 -1
    outer loop
      vertex 57.8172 27.0673 2.4
      vertex 58.1569 33.9831 2.4
      vertex 58.1569 27.0169 2.4
    endloop
  endfacet
  facet normal 0 0 -1
    outer loop
      vertex 57.8172 27.0673 2.4
      vertex 57.8172 33.9327 2.4
      vertex 58.1569 33.9831 2.4
    endloop
  endfacet
  facet normal 0 0 -1
    outer loop
      vertex 57.484 27.1507 2.4
      vertex 57.8172 33.9327 2.4
      vertex 57.8172 27.0673 2.4
    endloop
  endfacet
  facet normal 0 0 -1
    outer loop
      vertex 57.484 27.1507 2.4
      vertex 57.484 33.8493 2.4
      vertex 57.8172 33.9327 2.4
    endloop
  endfacet
  facet normal 0 0 -1
    outer loop
      vertex 57.1606 27.2664 2.4
      vertex 57.484 33.8493 2.4
      vertex 57.484 27.1507 2.4
    endloop
  endfacet
  facet normal 0 0 -1
    outer loop
      vertex 57.1606 27.2664 2.4
      vertex 57.1606 33.7336 2.4
      vertex 57.484 33.8493 2.4
    endloop
  endfacet
  facet normal 0 0 -1
    outer loop
      vertex 56.8501 27.4133 2.4
      vertex 57.1606 33.7336 2.4
      vertex 57.1606 27.2664 2.4
    endloop
  endfacet
  facet normal 0 0 -1
    outer loop
      vertex 56.8501 27.4133 2.4
      vertex 56.8501 33.5867 2.4
      vertex 57.1606 33.7336 2.4
    endloop
  endfacet
  facet normal 0 0 -1
    outer loop
      vertex 56.5555 27.5899 2.4
      vertex 56.8501 33.5867 2.4
      vertex 56.8501 27.4133 2.4
    endloop
  endfacet
  facet normal 0 0 -1
    outer loop
      vertex 56.5555 27.5899 2.4
      vertex 56.5555 33.4101 2.4
      vertex 56.8501 33.5867 2.4
    endloop
  endfacet
  facet normal 0 0 -1
    outer loop
      vertex 56.2796 27.7945 2.4
      vertex 56.5555 33.4101 2.4
      vertex 56.5555 27.5899 2.4
    endloop
  endfacet
  facet normal 0 0 -1
    outer loop
      vertex 56.2796 27.7945 2.4
      vertex 56.2796 33.2055 2.4
      vertex 56.5555 33.4101 2.4
    endloop
  endfacet
  facet normal 0 0 -1
    outer loop
      vertex 56.0251 28.0251 2.4
      vertex 56.2796 33.2055 2.4
      vertex 56.2796 27.7945 2.4
    endloop
  endfacet
  facet normal 0 0 -1
    outer loop
      vertex 56.0251 28.0251 2.4
      vertex 56.0251 32.9749 2.4
      vertex 56.2796 33.2055 2.4
    endloop
  endfacet
  facet normal 0 0 -1
    outer loop
      vertex 55.7945 28.2796 2.4
      vertex 56.0251 32.9749 2.4
      vertex 56.0251 28.0251 2.4
    endloop
  endfacet
  facet normal 0 0 -1
    outer loop
      vertex 55.7945 28.2796 2.4
      vertex 55.7945 32.7204 2.4
      vertex 56.0251 32.9749 2.4
    endloop
  endfacet
  facet normal 0 0 -1
    outer loop
      vertex 55.5899 28.5555 2.4
      vertex 55.7945 32.7204 2.4
      vertex 55.7945 28.2796 2.4
    endloop
  endfacet
  facet normal 0 0 -1
    outer loop
      vertex 55.5899 28.5555 2.4
      vertex 55.5899 32.4445 2.4
      vertex 55.7945 32.7204 2.4
    endloop
  endfacet
  facet normal 0 0 -1
    outer loop
      vertex 55.4133 28.8501 2.4
      vertex 55.5899 32.4445 2.4
      vertex 55.5899 28.5555 2.4
    endloop
  endfacet
  facet normal 0 0 -1
    outer loop
      vertex 55.4133 28.8501 2.4
      vertex 55.4133 32.1499 2.4
      vertex 55.5899 32.4445 2.4
    endloop
  endfacet
  facet normal 0 0 -1
    outer loop
      vertex 55.2664 29.1606 2.4
      vertex 55.4133 32.1499 2.4
      vertex 55.4133 28.8501 2.4
    endloop
  endfacet
  facet normal 0 0 -1
    outer loop
      vertex 55.2664 29.1606 2.4
      vertex 55.2664 31.8394 2.4
      vertex 55.4133 32.1499 2.4
    endloop
  endfacet
  facet normal 0 0 -1
    outer loop
      vertex 55.1507 29.484 2.4
      vertex 55.2664 31.8394 2.4
      vertex 55.2664 29.1606 2.4
    endloop
  endfacet
  facet normal 0 0 -1
    outer loop
      vertex 55.1507 29.484 2.4
      vertex 55.1507 31.516 2.4
      vertex 55.2664 31.8394 2.4
    endloop
  endfacet
  facet normal 0 0 -1
    outer loop
      vertex 55.0673 29.8172 2.4
      vertex 55.1507 31.516 2.4
      vertex 55.1507 29.484 2.4
    endloop
  endfacet
  facet normal 0 0 -1
    outer loop
      vertex 55.0673 29.8172 2.4
      vertex 55.0673 31.1828 2.4
      vertex 55.1507 31.516 2.4
    endloop
  endfacet
  facet normal 0 0 -1
    outer loop
      vertex 55.0169 30.1569 2.4
      vertex 55.0673 31.1828 2.4
      vertex 55.0673 29.8172 2.4
    endloop
  endfacet
  facet normal 0 0 -1
    outer loop
      vertex 55.0169 30.1569 2.4
      vertex 55.0169 30.8431 2.4
      vertex 55.0673 31.1828 2.4
    endloop
  endfacet
  facet normal 0 -0 -1
    outer loop
      vertex 55.0169 30.8431 2.4
      vertex 55.0169 30.1569 2.4
      vertex 55 30.5 2.4
    endloop
  endfacet
  facet normal 0 0 1
    outer loop
      vertex 59.75 30.5 32.4
      vertex 62 30.5 32.4
      vertex 61.9831 30.8431 32.4
    endloop
  endfacet
  facet normal 0 0 1
    outer loop
      vertex 59.744 30.6225 32.4
      vertex 61.9831 30.8431 32.4
      vertex 61.9327 31.1828 32.4
    endloop
  endfacet
  facet normal 0 0 1
    outer loop
      vertex 62 30.5 32.4
      vertex 59.75 30.5 32.4
      vertex 61.9831 30.1569 32.4
    endloop
  endfacet
  facet normal 0 0 1
    outer loop
      vertex 59.726 30.7439 32.4
      vertex 61.9327 31.1828 32.4
      vertex 61.8493 31.516 32.4
    endloop
  endfacet
  facet normal -0 0 1
    outer loop
      vertex 59.744 30.3775 32.4
      vertex 61.9831 30.1569 32.4
      vertex 59.75 30.5 32.4
    endloop
  endfacet
  facet normal 0 0 1
    outer loop
      vertex 59.6962 30.8629 32.4
      vertex 61.8493 31.516 32.4
      vertex 61.7336 31.8394 32.4
    endloop
  endfacet
  facet normal 0 0 1
    outer loop
      vertex 61.9831 30.1569 32.4
      vertex 59.744 30.3775 32.4
      vertex 61.9327 29.8172 32.4
    endloop
  endfacet
  facet normal 0 0 1
    outer loop
      vertex 59.6549 30.9784 32.4
      vertex 61.7336 31.8394 32.4
      vertex 61.5867 32.1499 32.4
    endloop
  endfacet
  facet normal -0 0 1
    outer loop
      vertex 59.726 30.2561 32.4
      vertex 61.9327 29.8172 32.4
      vertex 59.744 30.3775 32.4
    endloop
  endfacet
  facet normal 0 0 1
    outer loop
      vertex 59.6024 31.0892 32.4
      vertex 61.5867 32.1499 32.4
      vertex 61.4101 32.4445 32.4
    endloop
  endfacet
  facet normal 0 0 1
    outer loop
      vertex 61.9327 29.8172 32.4
      vertex 59.726 30.2561 32.4
      vertex 61.8493 29.484 32.4
    endloop
  endfacet
  facet normal 0 0 1
    outer loop
      vertex 59.5393 31.1945 32.4
      vertex 61.4101 32.4445 32.4
      vertex 61.2055 32.7204 32.4
    endloop
  endfacet
  facet normal -0 0 1
    outer loop
      vertex 59.6962 30.1371 32.4
      vertex 61.8493 29.484 32.4
      vertex 59.726 30.2561 32.4
    endloop
  endfacet
  facet normal 0 0 1
    outer loop
      vertex 59.4663 31.293 32.4
      vertex 61.2055 32.7204 32.4
      vertex 60.9749 32.9749 32.4
    endloop
  endfacet
  facet normal 0 0 1
    outer loop
      vertex 61.8493 29.484 32.4
      vertex 59.6962 30.1371 32.4
      vertex 61.7336 29.1606 32.4
    endloop
  endfacet
  facet normal 0 0 1
    outer loop
      vertex 59.3839 31.3839 32.4
      vertex 60.9749 32.9749 32.4
      vertex 60.7204 33.2055 32.4
    endloop
  endfacet
  facet normal -0 0 1
    outer loop
      vertex 59.6549 30.0216 32.4
      vertex 61.7336 29.1606 32.4
      vertex 59.6962 30.1371 32.4
    endloop
  endfacet
  facet normal 0 0 1
    outer loop
      vertex 59.293 31.4663 32.4
      vertex 60.7204 33.2055 32.4
      vertex 60.4445 33.4101 32.4
    endloop
  endfacet
  facet normal 0 0 1
    outer loop
      vertex 61.7336 29.1606 32.4
      vertex 59.6549 30.0216 32.4
      vertex 61.5867 28.8501 32.4
    endloop
  endfacet
  facet normal 0 0 1
    outer loop
      vertex 59.1945 31.5393 32.4
      vertex 60.4445 33.4101 32.4
      vertex 60.1499 33.5867 32.4
    endloop
  endfacet
  facet normal -0 0 1
    outer loop
      vertex 59.6024 29.9108 32.4
      vertex 61.5867 28.8501 32.4
      vertex 59.6549 30.0216 32.4
    endloop
  endfacet
  facet normal 0 0 1
    outer loop
      vertex 59.0892 31.6024 32.4
      vertex 60.1499 33.5867 32.4
      vertex 59.8394 33.7336 32.4
    endloop
  endfacet
  facet normal 0 0 1
    outer loop
      vertex 61.5867 28.8501 32.4
      vertex 59.6024 29.9108 32.4
      vertex 61.4101 28.5555 32.4
    endloop
  endfacet
  facet normal -0 0 1
    outer loop
      vertex 59.5393 29.8055 32.4
      vertex 61.4101 28.5555 32.4
      vertex 59.6024 29.9108 32.4
    endloop
  endfacet
  facet normal 0 0 1
    outer loop
      vertex 61.9831 30.8431 32.4
      vertex 59.744 30.6225 32.4
      vertex 59.75 30.5 32.4
    endloop
  endfacet
  facet normal 0 0 1
    outer loop
      vertex 61.9327 31.1828 32.4
      vertex 59.726 30.7439 32.4
      vertex 59.744 30.6225 32.4
    endloop
  endfacet
  facet normal 0 0 1
    outer loop
      vertex 61.8493 31.516 32.4
      vertex 59.6962 30.8629 32.4
      vertex 59.726 30.7439 32.4
    endloop
  endfacet
  facet normal 0 0 1
    outer loop
      vertex 61.7336 31.8394 32.4
      vertex 59.6549 30.9784 32.4
      vertex 59.6962 30.8629 32.4
    endloop
  endfacet
  facet normal 0 0 1
    outer loop
      vertex 61.5867 32.1499 32.4
      vertex 59.6024 31.0892 32.4
      vertex 59.6549 30.9784 32.4
    endloop
  endfacet
  facet normal 0 0 1
    outer loop
      vertex 61.4101 32.4445 32.4
      vertex 59.5393 31.1945 32.4
      vertex 59.6024 31.0892 32.4
    endloop
  endfacet
  facet normal 0 0 1
    outer loop
      vertex 58.9784 31.6549 32.4
      vertex 59.8394 33.7336 32.4
      vertex 59.516 33.8493 32.4
    endloop
  endfacet
  facet normal 0 0 1
    outer loop
      vertex 61.2055 32.7204 32.4
      vertex 59.4663 31.293 32.4
      vertex 59.5393 31.1945 32.4
    endloop
  endfacet
  facet normal 0 0 1
    outer loop
      vertex 60.9749 32.9749 32.4
      vertex 59.3839 31.3839 32.4
      vertex 59.4663 31.293 32.4
    endloop
  endfacet
  facet normal 0 0 1
    outer loop
      vertex 60.7204 33.2055 32.4
      vertex 59.293 31.4663 32.4
      vertex 59.3839 31.3839 32.4
    endloop
  endfacet
  facet normal 0 0 1
    outer loop
      vertex 60.4445 33.4101 32.4
      vertex 59.1945 31.5393 32.4
      vertex 59.293 31.4663 32.4
    endloop
  endfacet
  facet normal 0 0 1
    outer loop
      vertex 58.8629 31.6962 32.4
      vertex 59.516 33.8493 32.4
      vertex 59.1828 33.9327 32.4
    endloop
  endfacet
  facet normal 0 0 1
    outer loop
      vertex 60.1499 33.5867 32.4
      vertex 59.0892 31.6024 32.4
      vertex 59.1945 31.5393 32.4
    endloop
  endfacet
  facet normal 0 0 1
    outer loop
      vertex 59.8394 33.7336 32.4
      vertex 58.9784 31.6549 32.4
      vertex 59.0892 31.6024 32.4
    endloop
  endfacet
  facet normal 0 0 1
    outer loop
      vertex 59.516 33.8493 32.4
      vertex 58.8629 31.6962 32.4
      vertex 58.9784 31.6549 32.4
    endloop
  endfacet
  facet normal 0 0 1
    outer loop
      vertex 58.7439 31.726 32.4
      vertex 59.1828 33.9327 32.4
      vertex 58.8431 33.9831 32.4
    endloop
  endfacet
  facet normal 0 0 1
    outer loop
      vertex 59.1828 33.9327 32.4
      vertex 58.7439 31.726 32.4
      vertex 58.8629 31.6962 32.4
    endloop
  endfacet
  facet normal 0 0 1
    outer loop
      vertex 58.8431 33.9831 32.4
      vertex 58.6225 31.744 32.4
      vertex 58.7439 31.726 32.4
    endloop
  endfacet
  facet normal 0 0 1
    outer loop
      vertex 58.5 34 32.4
      vertex 58.6225 31.744 32.4
      vertex 58.8431 33.9831 32.4
    endloop
  endfacet
  facet normal 0 0 1
    outer loop
      vertex 58.5 34 32.4
      vertex 58.5 31.75 32.4
      vertex 58.6225 31.744 32.4
    endloop
  endfacet
  facet normal 0 0 1
    outer loop
      vertex 58.5 34 32.4
      vertex 58.3775 31.744 32.4
      vertex 58.5 31.75 32.4
    endloop
  endfacet
  facet normal -0 0 1
    outer loop
      vertex 58.1569 33.9831 32.4
      vertex 58.3775 31.744 32.4
      vertex 58.5 34 32.4
    endloop
  endfacet
  facet normal 0 0 1
    outer loop
      vertex 58.3775 31.744 32.4
      vertex 58.1569 33.9831 32.4
      vertex 58.2561 31.726 32.4
    endloop
  endfacet
  facet normal -0 0 1
    outer loop
      vertex 57.8172 33.9327 32.4
      vertex 58.2561 31.726 32.4
      vertex 58.1569 33.9831 32.4
    endloop
  endfacet
  facet normal 0 0 1
    outer loop
      vertex 58.2561 31.726 32.4
      vertex 57.8172 33.9327 32.4
      vertex 58.1371 31.6962 32.4
    endloop
  endfacet
  facet normal -0 0 1
    outer loop
      vertex 57.484 33.8493 32.4
      vertex 58.1371 31.6962 32.4
      vertex 57.8172 33.9327 32.4
    endloop
  endfacet
  facet normal 0 0 1
    outer loop
      vertex 58.1371 31.6962 32.4
      vertex 57.484 33.8493 32.4
      vertex 58.0216 31.6549 32.4
    endloop
  endfacet
  facet normal -0 0 1
    outer loop
      vertex 57.1606 33.7336 32.4
      vertex 58.0216 31.6549 32.4
      vertex 57.484 33.8493 32.4
    endloop
  endfacet
  facet normal 0 0 1
    outer loop
      vertex 58.0216 31.6549 32.4
      vertex 57.1606 33.7336 32.4
      vertex 57.9108 31.6024 32.4
    endloop
  endfacet
  facet normal -0 0 1
    outer loop
      vertex 56.8501 33.5867 32.4
      vertex 57.9108 31.6024 32.4
      vertex 57.1606 33.7336 32.4
    endloop
  endfacet
  facet normal 0 0 1
    outer loop
      vertex 57.9108 31.6024 32.4
      vertex 56.8501 33.5867 32.4
      vertex 57.8055 31.5393 32.4
    endloop
  endfacet
  facet normal -0 0 1
    outer loop
      vertex 56.5555 33.4101 32.4
      vertex 57.8055 31.5393 32.4
      vertex 56.8501 33.5867 32.4
    endloop
  endfacet
  facet normal 0 0 1
    outer loop
      vertex 57.8055 31.5393 32.4
      vertex 56.5555 33.4101 32.4
      vertex 57.707 31.4663 32.4
    endloop
  endfacet
  facet normal -0 0 1
    outer loop
      vertex 56.2796 33.2055 32.4
      vertex 57.707 31.4663 32.4
      vertex 56.5555 33.4101 32.4
    endloop
  endfacet
  facet normal 0 0 1
    outer loop
      vertex 57.707 31.4663 32.4
      vertex 56.2796 33.2055 32.4
      vertex 57.6161 31.3839 32.4
    endloop
  endfacet
  facet normal -0 0 1
    outer loop
      vertex 56.0251 32.9749 32.4
      vertex 57.6161 31.3839 32.4
      vertex 56.2796 33.2055 32.4
    endloop
  endfacet
  facet normal 0 0 1
    outer loop
      vertex 57.6161 31.3839 32.4
      vertex 56.0251 32.9749 32.4
      vertex 57.5337 31.293 32.4
    endloop
  endfacet
  facet normal -0 0 1
    outer loop
      vertex 55.7945 32.7204 32.4
      vertex 57.5337 31.293 32.4
      vertex 56.0251 32.9749 32.4
    endloop
  endfacet
  facet normal -0 0 1
    outer loop
      vertex 55.5899 32.4445 32.4
      vertex 57.4607 31.1945 32.4
      vertex 55.7945 32.7204 32.4
    endloop
  endfacet
  facet normal 0 0 1
    outer loop
      vertex 57.5337 31.293 32.4
      vertex 55.7945 32.7204 32.4
      vertex 57.4607 31.1945 32.4
    endloop
  endfacet
  facet normal 0 0 1
    outer loop
      vertex 61.4101 28.5555 32.4
      vertex 59.5393 29.8055 32.4
      vertex 61.2055 28.2796 32.4
    endloop
  endfacet
  facet normal -0 0 1
    outer loop
      vertex 59.4663 29.707 32.4
      vertex 61.2055 28.2796 32.4
      vertex 59.5393 29.8055 32.4
    endloop
  endfacet
  facet normal 0 0 1
    outer loop
      vertex 61.2055 28.2796 32.4
      vertex 59.4663 29.707 32.4
      vertex 60.9749 28.0251 32.4
    endloop
  endfacet
  facet normal -0 0 1
    outer loop
      vertex 59.3839 29.6161 32.4
      vertex 60.9749 28.0251 32.4
      vertex 59.4663 29.707 32.4
    endloop
  endfacet
  facet normal 0 0 1
    outer loop
      vertex 60.9749 28.0251 32.4
      vertex 59.3839 29.6161 32.4
      vertex 60.7204 27.7945 32.4
    endloop
  endfacet
  facet normal -0 0 1
    outer loop
      vertex 59.293 29.5337 32.4
      vertex 60.7204 27.7945 32.4
      vertex 59.3839 29.6161 32.4
    endloop
  endfacet
  facet normal 0 0 1
    outer loop
      vertex 60.7204 27.7945 32.4
      vertex 59.293 29.5337 32.4
      vertex 60.4445 27.5899 32.4
    endloop
  endfacet
  facet normal -0 0 1
    outer loop
      vertex 59.1945 29.4607 32.4
      vertex 60.4445 27.5899 32.4
      vertex 59.293 29.5337 32.4
    endloop
  endfacet
  facet normal 0 0 1
    outer loop
      vertex 60.4445 27.5899 32.4
      vertex 59.1945 29.4607 32.4
      vertex 60.1499 27.4133 32.4
    endloop
  endfacet
  facet normal -0 0 1
    outer loop
      vertex 59.0892 29.3976 32.4
      vertex 60.1499 27.4133 32.4
      vertex 59.1945 29.4607 32.4
    endloop
  endfacet
  facet normal 0 0 1
    outer loop
      vertex 60.1499 27.4133 32.4
      vertex 59.0892 29.3976 32.4
      vertex 59.8394 27.2664 32.4
    endloop
  endfacet
  facet normal -0 0 1
    outer loop
      vertex 58.9784 29.3451 32.4
      vertex 59.8394 27.2664 32.4
      vertex 59.0892 29.3976 32.4
    endloop
  endfacet
  facet normal 0 0 1
    outer loop
      vertex 59.8394 27.2664 32.4
      vertex 58.9784 29.3451 32.4
      vertex 59.516 27.1507 32.4
    endloop
  endfacet
  facet normal -0 0 1
    outer loop
      vertex 58.8629 29.3038 32.4
      vertex 59.516 27.1507 32.4
      vertex 58.9784 29.3451 32.4
    endloop
  endfacet
  facet normal 0 0 1
    outer loop
      vertex 59.516 27.1507 32.4
      vertex 58.8629 29.3038 32.4
      vertex 59.1828 27.0673 32.4
    endloop
  endfacet
  facet normal -0 0 1
    outer loop
      vertex 58.7439 29.274 32.4
      vertex 59.1828 27.0673 32.4
      vertex 58.8629 29.3038 32.4
    endloop
  endfacet
  facet normal 0 0 1
    outer loop
      vertex 59.1828 27.0673 32.4
      vertex 58.7439 29.274 32.4
      vertex 58.8431 27.0169 32.4
    endloop
  endfacet
  facet normal -0 0 1
    outer loop
      vertex 58.6225 29.256 32.4
      vertex 58.8431 27.0169 32.4
      vertex 58.7439 29.274 32.4
    endloop
  endfacet
  facet normal -0 0 1
    outer loop
      vertex 58.5 29.25 32.4
      vertex 58.8431 27.0169 32.4
      vertex 58.6225 29.256 32.4
    endloop
  endfacet
  facet normal 0 0 1
    outer loop
      vertex 58.5 29.25 32.4
      vertex 58.5 27 32.4
      vertex 58.8431 27.0169 32.4
    endloop
  endfacet
  facet normal 0 0 1
    outer loop
      vertex 58.3775 29.256 32.4
      vertex 58.5 27 32.4
      vertex 58.5 29.25 32.4
    endloop
  endfacet
  facet normal 0 0 1
    outer loop
      vertex 58.1569 27.0169 32.4
      vertex 58.3775 29.256 32.4
      vertex 58.2561 29.274 32.4
    endloop
  endfacet
  facet normal 0 0 1
    outer loop
      vertex 58.3775 29.256 32.4
      vertex 58.1569 27.0169 32.4
      vertex 58.5 27 32.4
    endloop
  endfacet
  facet normal 0 0 1
    outer loop
      vertex 57.8172 27.0673 32.4
      vertex 58.2561 29.274 32.4
      vertex 58.1371 29.3038 32.4
    endloop
  endfacet
  facet normal 0 0 1
    outer loop
      vertex 57.484 27.1507 32.4
      vertex 58.1371 29.3038 32.4
      vertex 58.0216 29.3451 32.4
    endloop
  endfacet
  facet normal 0 0 1
    outer loop
      vertex 57.1606 27.2664 32.4
      vertex 58.0216 29.3451 32.4
      vertex 57.9108 29.3976 32.4
    endloop
  endfacet
  facet normal 0 0 1
    outer loop
      vertex 58.2561 29.274 32.4
      vertex 57.8172 27.0673 32.4
      vertex 58.1569 27.0169 32.4
    endloop
  endfacet
  facet normal 0 0 1
    outer loop
      vertex 56.8501 27.4133 32.4
      vertex 57.9108 29.3976 32.4
      vertex 57.8055 29.4607 32.4
    endloop
  endfacet
  facet normal 0 0 1
    outer loop
      vertex 56.5555 27.5899 32.4
      vertex 57.8055 29.4607 32.4
      vertex 57.707 29.5337 32.4
    endloop
  endfacet
  facet normal 0 0 1
    outer loop
      vertex 56.2796 27.7945 32.4
      vertex 57.707 29.5337 32.4
      vertex 57.6161 29.6161 32.4
    endloop
  endfacet
  facet normal 0 0 1
    outer loop
      vertex 56.0251 28.0251 32.4
      vertex 57.6161 29.6161 32.4
      vertex 57.5337 29.707 32.4
    endloop
  endfacet
  facet normal 0 0 1
    outer loop
      vertex 58.1371 29.3038 32.4
      vertex 57.484 27.1507 32.4
      vertex 57.8172 27.0673 32.4
    endloop
  endfacet
  facet normal 0 0 1
    outer loop
      vertex 55.7945 28.2796 32.4
      vertex 57.5337 29.707 32.4
      vertex 57.4607 29.8055 32.4
    endloop
  endfacet
  facet normal 0 0 1
    outer loop
      vertex 55.5899 28.5555 32.4
      vertex 57.4607 29.8055 32.4
      vertex 57.3976 29.9108 32.4
    endloop
  endfacet
  facet normal 0 0 1
    outer loop
      vertex 55.4133 28.8501 32.4
      vertex 57.3976 29.9108 32.4
      vertex 57.3451 30.0216 32.4
    endloop
  endfacet
  facet normal 0 0 1
    outer loop
      vertex 55.2664 29.1606 32.4
      vertex 57.3451 30.0216 32.4
      vertex 57.3038 30.1371 32.4
    endloop
  endfacet
  facet normal 0 0 1
    outer loop
      vertex 55.1507 29.484 32.4
      vertex 57.3038 30.1371 32.4
      vertex 57.274 30.2561 32.4
    endloop
  endfacet
  facet normal 0 0 1
    outer loop
      vertex 55.0673 29.8172 32.4
      vertex 57.274 30.2561 32.4
      vertex 57.256 30.3775 32.4
    endloop
  endfacet
  facet normal 0 0 1
    outer loop
      vertex 58.0216 29.3451 32.4
      vertex 57.1606 27.2664 32.4
      vertex 57.484 27.1507 32.4
    endloop
  endfacet
  facet normal 0 0 1
    outer loop
      vertex 55.0169 30.1569 32.4
      vertex 57.256 30.3775 32.4
      vertex 57.25 30.5 32.4
    endloop
  endfacet
  facet normal 0 0 1
    outer loop
      vertex 57.4607 31.1945 32.4
      vertex 55.5899 32.4445 32.4
      vertex 57.3976 31.0892 32.4
    endloop
  endfacet
  facet normal -0 0 1
    outer loop
      vertex 55.4133 32.1499 32.4
      vertex 57.3976 31.0892 32.4
      vertex 55.5899 32.4445 32.4
    endloop
  endfacet
  facet normal 0 0 1
    outer loop
      vertex 57.9108 29.3976 32.4
      vertex 56.8501 27.4133 32.4
      vertex 57.1606 27.2664 32.4
    endloop
  endfacet
  facet normal 0 0 1
    outer loop
      vertex 57.3976 31.0892 32.4
      vertex 55.4133 32.1499 32.4
      vertex 57.3451 30.9784 32.4
    endloop
  endfacet
  facet normal 0 0 1
    outer loop
      vertex 57.8055 29.4607 32.4
      vertex 56.5555 27.5899 32.4
      vertex 56.8501 27.4133 32.4
    endloop
  endfacet
  facet normal -0 0 1
    outer loop
      vertex 55.2664 31.8394 32.4
      vertex 57.3451 30.9784 32.4
      vertex 55.4133 32.1499 32.4
    endloop
  endfacet
  facet normal 0 0 1
    outer loop
      vertex 57.707 29.5337 32.4
      vertex 56.2796 27.7945 32.4
      vertex 56.5555 27.5899 32.4
    endloop
  endfacet
  facet normal 0 0 1
    outer loop
      vertex 57.3451 30.9784 32.4
      vertex 55.2664 31.8394 32.4
      vertex 57.3038 30.8629 32.4
    endloop
  endfacet
  facet normal 0 0 1
    outer loop
      vertex 57.6161 29.6161 32.4
      vertex 56.0251 28.0251 32.4
      vertex 56.2796 27.7945 32.4
    endloop
  endfacet
  facet normal -0 0 1
    outer loop
      vertex 55.1507 31.516 32.4
      vertex 57.3038 30.8629 32.4
      vertex 55.2664 31.8394 32.4
    endloop
  endfacet
  facet normal 0 0 1
    outer loop
      vertex 57.5337 29.707 32.4
      vertex 55.7945 28.2796 32.4
      vertex 56.0251 28.0251 32.4
    endloop
  endfacet
  facet normal 0 0 1
    outer loop
      vertex 57.3038 30.8629 32.4
      vertex 55.1507 31.516 32.4
      vertex 57.274 30.7439 32.4
    endloop
  endfacet
  facet normal 0 0 1
    outer loop
      vertex 57.4607 29.8055 32.4
      vertex 55.5899 28.5555 32.4
      vertex 55.7945 28.2796 32.4
    endloop
  endfacet
  facet normal -0 0 1
    outer loop
      vertex 55.0673 31.1828 32.4
      vertex 57.274 30.7439 32.4
      vertex 55.1507 31.516 32.4
    endloop
  endfacet
  facet normal 0 0 1
    outer loop
      vertex 57.3976 29.9108 32.4
      vertex 55.4133 28.8501 32.4
      vertex 55.5899 28.5555 32.4
    endloop
  endfacet
  facet normal 0 0 1
    outer loop
      vertex 57.274 30.7439 32.4
      vertex 55.0673 31.1828 32.4
      vertex 57.256 30.6225 32.4
    endloop
  endfacet
  facet normal 0 0 1
    outer loop
      vertex 57.3451 30.0216 32.4
      vertex 55.2664 29.1606 32.4
      vertex 55.4133 28.8501 32.4
    endloop
  endfacet
  facet normal -0 0 1
    outer loop
      vertex 55.0169 30.8431 32.4
      vertex 57.256 30.6225 32.4
      vertex 55.0673 31.1828 32.4
    endloop
  endfacet
  facet normal 0 0 1
    outer loop
      vertex 57.3038 30.1371 32.4
      vertex 55.1507 29.484 32.4
      vertex 55.2664 29.1606 32.4
    endloop
  endfacet
  facet normal 0 0 1
    outer loop
      vertex 57.256 30.6225 32.4
      vertex 55.0169 30.8431 32.4
      vertex 57.25 30.5 32.4
    endloop
  endfacet
  facet normal 0 0 1
    outer loop
      vertex 57.274 30.2561 32.4
      vertex 55.0673 29.8172 32.4
      vertex 55.1507 29.484 32.4
    endloop
  endfacet
  facet normal 0 0 1
    outer loop
      vertex 55 30.5 32.4
      vertex 57.25 30.5 32.4
      vertex 55.0169 30.8431 32.4
    endloop
  endfacet
  facet normal 0 0 1
    outer loop
      vertex 57.256 30.3775 32.4
      vertex 55.0169 30.1569 32.4
      vertex 55.0673 29.8172 32.4
    endloop
  endfacet
  facet normal 0 0 1
    outer loop
      vertex 57.25 30.5 32.4
      vertex 55 30.5 32.4
      vertex 55.0169 30.1569 32.4
    endloop
  endfacet
  facet normal -0.989186 -0.146667 0
    outer loop
      vertex 59.744 30.6225 20.4
      vertex 59.726 30.7439 32.4
      vertex 59.726 30.7439 20.4
    endloop
  endfacet
  facet normal -0.989186 -0.146667 0
    outer loop
      vertex 59.726 30.7439 32.4
      vertex 59.744 30.6225 20.4
      vertex 59.744 30.6225 32.4
    endloop
  endfacet
  facet normal -0.998803 -0.0489209 0
    outer loop
      vertex 59.75 30.5 20.4
      vertex 59.744 30.6225 32.4
      vertex 59.744 30.6225 20.4
    endloop
  endfacet
  facet normal -0.998803 -0.0489209 0
    outer loop
      vertex 59.744 30.6225 32.4
      vertex 59.75 30.5 20.4
      vertex 59.75 30.5 32.4
    endloop
  endfacet
  facet normal -0.970047 -0.242919 0
    outer loop
      vertex 59.726 30.7439 20.4
      vertex 59.6962 30.8629 32.4
      vertex 59.6962 30.8629 20.4
    endloop
  endfacet
  facet normal -0.970047 -0.242919 0
    outer loop
      vertex 59.6962 30.8629 32.4
      vertex 59.726 30.7439 20.4
      vertex 59.726 30.7439 32.4
    endloop
  endfacet
  facet normal -0.336698 0.941613 0
    outer loop
      vertex 58.9784 29.3451 20.4
      vertex 58.8629 29.3038 32.4
      vertex 58.9784 29.3451 32.4
    endloop
  endfacet
  facet normal -0.336698 0.941613 0
    outer loop
      vertex 58.8629 29.3038 32.4
      vertex 58.9784 29.3451 20.4
      vertex 58.8629 29.3038 20.4
    endloop
  endfacet
  facet normal -0.671617 -0.740898 0
    outer loop
      vertex 59.293 31.4663 20.4
      vertex 59.3839 31.3839 32.4
      vertex 59.293 31.4663 32.4
    endloop
  endfacet
  facet normal -0.671617 -0.740898 -0
    outer loop
      vertex 59.3839 31.3839 32.4
      vertex 59.293 31.4663 20.4
      vertex 59.3839 31.3839 20.4
    endloop
  endfacet
  facet normal 0.85778 -0.514016 0
    outer loop
      vertex 57.3976 31.0892 32.4
      vertex 57.4607 31.1945 20.4
      vertex 57.4607 31.1945 32.4
    endloop
  endfacet
  facet normal 0.85778 -0.514016 0
    outer loop
      vertex 57.4607 31.1945 20.4
      vertex 57.3976 31.0892 32.4
      vertex 57.3976 31.0892 20.4
    endloop
  endfacet
  facet normal 0.146667 0.989186 -0
    outer loop
      vertex 58.3775 29.256 20.4
      vertex 58.2561 29.274 32.4
      vertex 58.3775 29.256 32.4
    endloop
  endfacet
  facet normal 0.146667 0.989186 0
    outer loop
      vertex 58.2561 29.274 32.4
      vertex 58.3775 29.256 20.4
      vertex 58.2561 29.274 20.4
    endloop
  endfacet
  facet normal -0.941613 -0.336698 0
    outer loop
      vertex 59.6962 30.8629 20.4
      vertex 59.6549 30.9784 32.4
      vertex 59.6549 30.9784 20.4
    endloop
  endfacet
  facet normal -0.941613 -0.336698 0
    outer loop
      vertex 59.6549 30.9784 32.4
      vertex 59.6962 30.8629 20.4
      vertex 59.6962 30.8629 32.4
    endloop
  endfacet
  facet normal 0.0489209 -0.998803 0
    outer loop
      vertex 58.3775 31.744 20.4
      vertex 58.5 31.75 32.4
      vertex 58.3775 31.744 32.4
    endloop
  endfacet
  facet normal 0.0489209 -0.998803 0
    outer loop
      vertex 58.5 31.75 32.4
      vertex 58.3775 31.744 20.4
      vertex 58.5 31.75 20.4
    endloop
  endfacet
  facet normal -0.0489209 0.998803 0
    outer loop
      vertex 58.6225 29.256 20.4
      vertex 58.5 29.25 32.4
      vertex 58.6225 29.256 32.4
    endloop
  endfacet
  facet normal -0.0489209 0.998803 0
    outer loop
      vertex 58.5 29.25 32.4
      vertex 58.6225 29.256 20.4
      vertex 58.5 29.25 20.4
    endloop
  endfacet
  facet normal 0.903688 0.428192 0
    outer loop
      vertex 57.3976 29.9108 32.4
      vertex 57.3451 30.0216 20.4
      vertex 57.3451 30.0216 32.4
    endloop
  endfacet
  facet normal 0.903688 0.428192 0
    outer loop
      vertex 57.3451 30.0216 20.4
      vertex 57.3976 29.9108 32.4
      vertex 57.3976 29.9108 20.4
    endloop
  endfacet
  facet normal 0.595423 0.803413 -0
    outer loop
      vertex 57.8055 29.4607 20.4
      vertex 57.707 29.5337 32.4
      vertex 57.8055 29.4607 32.4
    endloop
  endfacet
  facet normal 0.595423 0.803413 0
    outer loop
      vertex 57.707 29.5337 32.4
      vertex 57.8055 29.4607 20.4
      vertex 57.707 29.5337 20.4
    endloop
  endfacet
  facet normal 0.803413 -0.595423 0
    outer loop
      vertex 57.4607 31.1945 32.4
      vertex 57.5337 31.293 20.4
      vertex 57.5337 31.293 32.4
    endloop
  endfacet
  facet normal 0.803413 -0.595423 0
    outer loop
      vertex 57.5337 31.293 20.4
      vertex 57.4607 31.1945 32.4
      vertex 57.4607 31.1945 20.4
    endloop
  endfacet
  facet normal -0.970047 0.242919 0
    outer loop
      vertex 59.6962 30.1371 20.4
      vertex 59.726 30.2561 32.4
      vertex 59.726 30.2561 20.4
    endloop
  endfacet
  facet normal -0.970047 0.242919 0
    outer loop
      vertex 59.726 30.2561 32.4
      vertex 59.6962 30.1371 20.4
      vertex 59.6962 30.1371 32.4
    endloop
  endfacet
  facet normal -0.85778 -0.514016 0
    outer loop
      vertex 59.6024 31.0892 20.4
      vertex 59.5393 31.1945 32.4
      vertex 59.5393 31.1945 20.4
    endloop
  endfacet
  facet normal -0.85778 -0.514016 0
    outer loop
      vertex 59.5393 31.1945 32.4
      vertex 59.6024 31.0892 20.4
      vertex 59.6024 31.0892 32.4
    endloop
  endfacet
  facet normal 0.998803 0.0489209 0
    outer loop
      vertex 57.256 30.3775 32.4
      vertex 57.25 30.5 20.4
      vertex 57.25 30.5 32.4
    endloop
  endfacet
  facet normal 0.998803 0.0489209 0
    outer loop
      vertex 57.25 30.5 20.4
      vertex 57.256 30.3775 32.4
      vertex 57.256 30.3775 20.4
    endloop
  endfacet
  facet normal -0.903688 -0.428192 0
    outer loop
      vertex 59.6549 30.9784 20.4
      vertex 59.6024 31.0892 32.4
      vertex 59.6024 31.0892 20.4
    endloop
  endfacet
  facet normal -0.903688 -0.428192 0
    outer loop
      vertex 59.6024 31.0892 32.4
      vertex 59.6549 30.9784 20.4
      vertex 59.6549 30.9784 32.4
    endloop
  endfacet
  facet normal -0.941613 0.336698 0
    outer loop
      vertex 59.6549 30.0216 20.4
      vertex 59.6962 30.1371 32.4
      vertex 59.6962 30.1371 20.4
    endloop
  endfacet
  facet normal -0.941613 0.336698 0
    outer loop
      vertex 59.6962 30.1371 32.4
      vertex 59.6549 30.0216 20.4
      vertex 59.6549 30.0216 32.4
    endloop
  endfacet
  facet normal 0.428192 0.903688 -0
    outer loop
      vertex 58.0216 29.3451 20.4
      vertex 57.9108 29.3976 32.4
      vertex 58.0216 29.3451 32.4
    endloop
  endfacet
  facet normal 0.428192 0.903688 0
    outer loop
      vertex 57.9108 29.3976 32.4
      vertex 58.0216 29.3451 20.4
      vertex 57.9108 29.3976 20.4
    endloop
  endfacet
  facet normal 0.970047 0.242919 0
    outer loop
      vertex 57.3038 30.1371 32.4
      vertex 57.274 30.2561 20.4
      vertex 57.274 30.2561 32.4
    endloop
  endfacet
  facet normal 0.970047 0.242919 0
    outer loop
      vertex 57.274 30.2561 20.4
      vertex 57.3038 30.1371 32.4
      vertex 57.3038 30.1371 20.4
    endloop
  endfacet
  facet normal 0.740898 -0.671617 0
    outer loop
      vertex 57.5337 31.293 32.4
      vertex 57.6161 31.3839 20.4
      vertex 57.6161 31.3839 32.4
    endloop
  endfacet
  facet normal 0.740898 -0.671617 0
    outer loop
      vertex 57.6161 31.3839 20.4
      vertex 57.5337 31.293 32.4
      vertex 57.5337 31.293 20.4
    endloop
  endfacet
  facet normal 0.242919 0.970047 -0
    outer loop
      vertex 58.2561 29.274 20.4
      vertex 58.1371 29.3038 32.4
      vertex 58.2561 29.274 32.4
    endloop
  endfacet
  facet normal 0.242919 0.970047 0
    outer loop
      vertex 58.1371 29.3038 32.4
      vertex 58.2561 29.274 20.4
      vertex 58.1371 29.3038 20.4
    endloop
  endfacet
  facet normal 0.514016 -0.85778 0
    outer loop
      vertex 57.8055 31.5393 20.4
      vertex 57.9108 31.6024 32.4
      vertex 57.8055 31.5393 32.4
    endloop
  endfacet
  facet normal 0.514016 -0.85778 0
    outer loop
      vertex 57.9108 31.6024 32.4
      vertex 57.8055 31.5393 20.4
      vertex 57.9108 31.6024 20.4
    endloop
  endfacet
  facet normal -0.803413 -0.595423 0
    outer loop
      vertex 59.5393 31.1945 20.4
      vertex 59.4663 31.293 32.4
      vertex 59.4663 31.293 20.4
    endloop
  endfacet
  facet normal -0.803413 -0.595423 0
    outer loop
      vertex 59.4663 31.293 32.4
      vertex 59.5393 31.1945 20.4
      vertex 59.5393 31.1945 32.4
    endloop
  endfacet
  facet normal 0.146667 -0.989186 0
    outer loop
      vertex 58.2561 31.726 20.4
      vertex 58.3775 31.744 32.4
      vertex 58.2561 31.726 32.4
    endloop
  endfacet
  facet normal 0.146667 -0.989186 0
    outer loop
      vertex 58.3775 31.744 32.4
      vertex 58.2561 31.726 20.4
      vertex 58.3775 31.744 20.4
    endloop
  endfacet
  facet normal -0.428192 0.903688 0
    outer loop
      vertex 59.0892 29.3976 20.4
      vertex 58.9784 29.3451 32.4
      vertex 59.0892 29.3976 32.4
    endloop
  endfacet
  facet normal -0.428192 0.903688 0
    outer loop
      vertex 58.9784 29.3451 32.4
      vertex 59.0892 29.3976 20.4
      vertex 58.9784 29.3451 20.4
    endloop
  endfacet
  facet normal 0.671617 -0.740898 0
    outer loop
      vertex 57.6161 31.3839 20.4
      vertex 57.707 31.4663 32.4
      vertex 57.6161 31.3839 32.4
    endloop
  endfacet
  facet normal 0.671617 -0.740898 0
    outer loop
      vertex 57.707 31.4663 32.4
      vertex 57.6161 31.3839 20.4
      vertex 57.707 31.4663 20.4
    endloop
  endfacet
  facet normal -0.85778 0.514016 0
    outer loop
      vertex 59.5393 29.8055 20.4
      vertex 59.6024 29.9108 32.4
      vertex 59.6024 29.9108 20.4
    endloop
  endfacet
  facet normal -0.85778 0.514016 0
    outer loop
      vertex 59.6024 29.9108 32.4
      vertex 59.5393 29.8055 20.4
      vertex 59.5393 29.8055 32.4
    endloop
  endfacet
  facet normal 0.595423 -0.803413 0
    outer loop
      vertex 57.707 31.4663 20.4
      vertex 57.8055 31.5393 32.4
      vertex 57.707 31.4663 32.4
    endloop
  endfacet
  facet normal 0.595423 -0.803413 0
    outer loop
      vertex 57.8055 31.5393 32.4
      vertex 57.707 31.4663 20.4
      vertex 57.8055 31.5393 20.4
    endloop
  endfacet
  facet normal -0.336698 -0.941613 0
    outer loop
      vertex 58.8629 31.6962 20.4
      vertex 58.9784 31.6549 32.4
      vertex 58.8629 31.6962 32.4
    endloop
  endfacet
  facet normal -0.336698 -0.941613 -0
    outer loop
      vertex 58.9784 31.6549 32.4
      vertex 58.8629 31.6962 20.4
      vertex 58.9784 31.6549 20.4
    endloop
  endfacet
  facet normal -0.740898 -0.671617 0
    outer loop
      vertex 59.4663 31.293 20.4
      vertex 59.3839 31.3839 32.4
      vertex 59.3839 31.3839 20.4
    endloop
  endfacet
  facet normal -0.740898 -0.671617 0
    outer loop
      vertex 59.3839 31.3839 32.4
      vertex 59.4663 31.293 20.4
      vertex 59.4663 31.293 32.4
    endloop
  endfacet
  facet normal -0.998803 0.0489209 0
    outer loop
      vertex 59.744 30.3775 20.4
      vertex 59.75 30.5 32.4
      vertex 59.75 30.5 20.4
    endloop
  endfacet
  facet normal -0.998803 0.0489209 0
    outer loop
      vertex 59.75 30.5 32.4
      vertex 59.744 30.3775 20.4
      vertex 59.744 30.3775 32.4
    endloop
  endfacet
  facet normal 0.941613 0.336698 0
    outer loop
      vertex 57.3451 30.0216 32.4
      vertex 57.3038 30.1371 20.4
      vertex 57.3038 30.1371 32.4
    endloop
  endfacet
  facet normal 0.941613 0.336698 0
    outer loop
      vertex 57.3038 30.1371 20.4
      vertex 57.3451 30.0216 32.4
      vertex 57.3451 30.0216 20.4
    endloop
  endfacet
  facet normal -0.514016 -0.85778 0
    outer loop
      vertex 59.0892 31.6024 20.4
      vertex 59.1945 31.5393 32.4
      vertex 59.0892 31.6024 32.4
    endloop
  endfacet
  facet normal -0.514016 -0.85778 -0
    outer loop
      vertex 59.1945 31.5393 32.4
      vertex 59.0892 31.6024 20.4
      vertex 59.1945 31.5393 20.4
    endloop
  endfacet
  facet normal -0.595423 -0.803413 0
    outer loop
      vertex 59.1945 31.5393 20.4
      vertex 59.293 31.4663 32.4
      vertex 59.1945 31.5393 32.4
    endloop
  endfacet
  facet normal -0.595423 -0.803413 -0
    outer loop
      vertex 59.293 31.4663 32.4
      vertex 59.1945 31.5393 20.4
      vertex 59.293 31.4663 20.4
    endloop
  endfacet
  facet normal -0.146667 0.989186 0
    outer loop
      vertex 58.7439 29.274 20.4
      vertex 58.6225 29.256 32.4
      vertex 58.7439 29.274 32.4
    endloop
  endfacet
  facet normal -0.146667 0.989186 0
    outer loop
      vertex 58.6225 29.256 32.4
      vertex 58.7439 29.274 20.4
      vertex 58.6225 29.256 20.4
    endloop
  endfacet
  facet normal -0.740898 0.671617 0
    outer loop
      vertex 59.3839 29.6161 20.4
      vertex 59.4663 29.707 32.4
      vertex 59.4663 29.707 20.4
    endloop
  endfacet
  facet normal -0.740898 0.671617 0
    outer loop
      vertex 59.4663 29.707 32.4
      vertex 59.3839 29.6161 20.4
      vertex 59.3839 29.6161 32.4
    endloop
  endfacet
  facet normal -0.803413 0.595423 0
    outer loop
      vertex 59.4663 29.707 20.4
      vertex 59.5393 29.8055 32.4
      vertex 59.5393 29.8055 20.4
    endloop
  endfacet
  facet normal -0.803413 0.595423 0
    outer loop
      vertex 59.5393 29.8055 32.4
      vertex 59.4663 29.707 20.4
      vertex 59.4663 29.707 32.4
    endloop
  endfacet
  facet normal -0.242919 0.970047 0
    outer loop
      vertex 58.8629 29.3038 20.4
      vertex 58.7439 29.274 32.4
      vertex 58.8629 29.3038 32.4
    endloop
  endfacet
  facet normal -0.242919 0.970047 0
    outer loop
      vertex 58.7439 29.274 32.4
      vertex 58.8629 29.3038 20.4
      vertex 58.7439 29.274 20.4
    endloop
  endfacet
  facet normal -0.903688 0.428192 0
    outer loop
      vertex 59.6024 29.9108 20.4
      vertex 59.6549 30.0216 32.4
      vertex 59.6549 30.0216 20.4
    endloop
  endfacet
  facet normal -0.903688 0.428192 0
    outer loop
      vertex 59.6549 30.0216 32.4
      vertex 59.6024 29.9108 20.4
      vertex 59.6024 29.9108 32.4
    endloop
  endfacet
  facet normal 0.242919 -0.970047 0
    outer loop
      vertex 58.1371 31.6962 20.4
      vertex 58.2561 31.726 32.4
      vertex 58.1371 31.6962 32.4
    endloop
  endfacet
  facet normal 0.242919 -0.970047 0
    outer loop
      vertex 58.2561 31.726 32.4
      vertex 58.1371 31.6962 20.4
      vertex 58.2561 31.726 20.4
    endloop
  endfacet
  facet normal 0.941613 -0.336698 0
    outer loop
      vertex 57.3038 30.8629 32.4
      vertex 57.3451 30.9784 20.4
      vertex 57.3451 30.9784 32.4
    endloop
  endfacet
  facet normal 0.941613 -0.336698 0
    outer loop
      vertex 57.3451 30.9784 20.4
      vertex 57.3038 30.8629 32.4
      vertex 57.3038 30.8629 20.4
    endloop
  endfacet
  facet normal 0.428192 -0.903688 0
    outer loop
      vertex 57.9108 31.6024 20.4
      vertex 58.0216 31.6549 32.4
      vertex 57.9108 31.6024 32.4
    endloop
  endfacet
  facet normal 0.428192 -0.903688 0
    outer loop
      vertex 58.0216 31.6549 32.4
      vertex 57.9108 31.6024 20.4
      vertex 58.0216 31.6549 20.4
    endloop
  endfacet
  facet normal 0.989186 -0.146667 0
    outer loop
      vertex 57.256 30.6225 32.4
      vertex 57.274 30.7439 20.4
      vertex 57.274 30.7439 32.4
    endloop
  endfacet
  facet normal 0.989186 -0.146667 0
    outer loop
      vertex 57.274 30.7439 20.4
      vertex 57.256 30.6225 32.4
      vertex 57.256 30.6225 20.4
    endloop
  endfacet
  facet normal 0.970047 -0.242919 0
    outer loop
      vertex 57.274 30.7439 32.4
      vertex 57.3038 30.8629 20.4
      vertex 57.3038 30.8629 32.4
    endloop
  endfacet
  facet normal 0.970047 -0.242919 0
    outer loop
      vertex 57.3038 30.8629 20.4
      vertex 57.274 30.7439 32.4
      vertex 57.274 30.7439 20.4
    endloop
  endfacet
  facet normal -0.428192 -0.903688 0
    outer loop
      vertex 58.9784 31.6549 20.4
      vertex 59.0892 31.6024 32.4
      vertex 58.9784 31.6549 32.4
    endloop
  endfacet
  facet normal -0.428192 -0.903688 -0
    outer loop
      vertex 59.0892 31.6024 32.4
      vertex 58.9784 31.6549 20.4
      vertex 59.0892 31.6024 20.4
    endloop
  endfacet
  facet normal 0 0 1
    outer loop
      vertex 59.744 30.6225 20.4
      vertex 59.744 30.3775 20.4
      vertex 59.75 30.5 20.4
    endloop
  endfacet
  facet normal 0 0 1
    outer loop
      vertex 59.726 30.7439 20.4
      vertex 59.744 30.3775 20.4
      vertex 59.744 30.6225 20.4
    endloop
  endfacet
  facet normal 0 0 1
    outer loop
      vertex 59.726 30.7439 20.4
      vertex 59.726 30.2561 20.4
      vertex 59.744 30.3775 20.4
    endloop
  endfacet
  facet normal 0 0 1
    outer loop
      vertex 59.6962 30.8629 20.4
      vertex 59.726 30.2561 20.4
      vertex 59.726 30.7439 20.4
    endloop
  endfacet
  facet normal 0 0 1
    outer loop
      vertex 59.6962 30.8629 20.4
      vertex 59.6962 30.1371 20.4
      vertex 59.726 30.2561 20.4
    endloop
  endfacet
  facet normal 0 0 1
    outer loop
      vertex 59.6549 30.9784 20.4
      vertex 59.6962 30.1371 20.4
      vertex 59.6962 30.8629 20.4
    endloop
  endfacet
  facet normal 0 0 1
    outer loop
      vertex 59.6549 30.9784 20.4
      vertex 59.6549 30.0216 20.4
      vertex 59.6962 30.1371 20.4
    endloop
  endfacet
  facet normal 0 0 1
    outer loop
      vertex 59.6024 31.0892 20.4
      vertex 59.6549 30.0216 20.4
      vertex 59.6549 30.9784 20.4
    endloop
  endfacet
  facet normal 0 0 1
    outer loop
      vertex 59.6024 31.0892 20.4
      vertex 59.6024 29.9108 20.4
      vertex 59.6549 30.0216 20.4
    endloop
  endfacet
  facet normal 0 0 1
    outer loop
      vertex 59.5393 31.1945 20.4
      vertex 59.6024 29.9108 20.4
      vertex 59.6024 31.0892 20.4
    endloop
  endfacet
  facet normal 0 0 1
    outer loop
      vertex 59.5393 31.1945 20.4
      vertex 59.5393 29.8055 20.4
      vertex 59.6024 29.9108 20.4
    endloop
  endfacet
  facet normal 0 0 1
    outer loop
      vertex 59.4663 31.293 20.4
      vertex 59.5393 29.8055 20.4
      vertex 59.5393 31.1945 20.4
    endloop
  endfacet
  facet normal 0 0 1
    outer loop
      vertex 59.4663 31.293 20.4
      vertex 59.4663 29.707 20.4
      vertex 59.5393 29.8055 20.4
    endloop
  endfacet
  facet normal 0 0 1
    outer loop
      vertex 59.3839 31.3839 20.4
      vertex 59.4663 29.707 20.4
      vertex 59.4663 31.293 20.4
    endloop
  endfacet
  facet normal 0 0 1
    outer loop
      vertex 59.3839 31.3839 20.4
      vertex 59.3839 29.6161 20.4
      vertex 59.4663 29.707 20.4
    endloop
  endfacet
  facet normal 0 0 1
    outer loop
      vertex 59.293 31.4663 20.4
      vertex 59.3839 29.6161 20.4
      vertex 59.3839 31.3839 20.4
    endloop
  endfacet
  facet normal 0 0 1
    outer loop
      vertex 59.293 31.4663 20.4
      vertex 59.293 29.5337 20.4
      vertex 59.3839 29.6161 20.4
    endloop
  endfacet
  facet normal 0 0 1
    outer loop
      vertex 59.1945 31.5393 20.4
      vertex 59.293 29.5337 20.4
      vertex 59.293 31.4663 20.4
    endloop
  endfacet
  facet normal 0 0 1
    outer loop
      vertex 59.1945 31.5393 20.4
      vertex 59.1945 29.4607 20.4
      vertex 59.293 29.5337 20.4
    endloop
  endfacet
  facet normal 0 0 1
    outer loop
      vertex 59.0892 31.6024 20.4
      vertex 59.1945 29.4607 20.4
      vertex 59.1945 31.5393 20.4
    endloop
  endfacet
  facet normal 0 0 1
    outer loop
      vertex 59.0892 31.6024 20.4
      vertex 59.0892 29.3976 20.4
      vertex 59.1945 29.4607 20.4
    endloop
  endfacet
  facet normal 0 0 1
    outer loop
      vertex 58.9784 31.6549 20.4
      vertex 59.0892 29.3976 20.4
      vertex 59.0892 31.6024 20.4
    endloop
  endfacet
  facet normal 0 0 1
    outer loop
      vertex 58.9784 31.6549 20.4
      vertex 58.9784 29.3451 20.4
      vertex 59.0892 29.3976 20.4
    endloop
  endfacet
  facet normal 0 0 1
    outer loop
      vertex 58.8629 31.6962 20.4
      vertex 58.9784 29.3451 20.4
      vertex 58.9784 31.6549 20.4
    endloop
  endfacet
  facet normal 0 0 1
    outer loop
      vertex 58.8629 31.6962 20.4
      vertex 58.8629 29.3038 20.4
      vertex 58.9784 29.3451 20.4
    endloop
  endfacet
  facet normal 0 0 1
    outer loop
      vertex 58.7439 31.726 20.4
      vertex 58.8629 29.3038 20.4
      vertex 58.8629 31.6962 20.4
    endloop
  endfacet
  facet normal 0 0 1
    outer loop
      vertex 58.7439 31.726 20.4
      vertex 58.7439 29.274 20.4
      vertex 58.8629 29.3038 20.4
    endloop
  endfacet
  facet normal 0 0 1
    outer loop
      vertex 58.6225 31.744 20.4
      vertex 58.7439 29.274 20.4
      vertex 58.7439 31.726 20.4
    endloop
  endfacet
  facet normal 0 0 1
    outer loop
      vertex 58.6225 31.744 20.4
      vertex 58.6225 29.256 20.4
      vertex 58.7439 29.274 20.4
    endloop
  endfacet
  facet normal 0 0 1
    outer loop
      vertex 58.5 31.75 20.4
      vertex 58.6225 29.256 20.4
      vertex 58.6225 31.744 20.4
    endloop
  endfacet
  facet normal 0 0 1
    outer loop
      vertex 58.5 31.75 20.4
      vertex 58.5 29.25 20.4
      vertex 58.6225 29.256 20.4
    endloop
  endfacet
  facet normal -0 0 1
    outer loop
      vertex 58.3775 31.744 20.4
      vertex 58.5 29.25 20.4
      vertex 58.5 31.75 20.4
    endloop
  endfacet
  facet normal 0 0 1
    outer loop
      vertex 58.3775 31.744 20.4
      vertex 58.3775 29.256 20.4
      vertex 58.5 29.25 20.4
    endloop
  endfacet
  facet normal -0 0 1
    outer loop
      vertex 58.2561 31.726 20.4
      vertex 58.3775 29.256 20.4
      vertex 58.3775 31.744 20.4
    endloop
  endfacet
  facet normal 0 0 1
    outer loop
      vertex 58.2561 31.726 20.4
      vertex 58.2561 29.274 20.4
      vertex 58.3775 29.256 20.4
    endloop
  endfacet
  facet normal -0 0 1
    outer loop
      vertex 58.1371 31.6962 20.4
      vertex 58.2561 29.274 20.4
      vertex 58.2561 31.726 20.4
    endloop
  endfacet
  facet normal 0 0 1
    outer loop
      vertex 58.1371 31.6962 20.4
      vertex 58.1371 29.3038 20.4
      vertex 58.2561 29.274 20.4
    endloop
  endfacet
  facet normal -0 0 1
    outer loop
      vertex 58.0216 31.6549 20.4
      vertex 58.1371 29.3038 20.4
      vertex 58.1371 31.6962 20.4
    endloop
  endfacet
  facet normal 0 0 1
    outer loop
      vertex 58.0216 31.6549 20.4
      vertex 58.0216 29.3451 20.4
      vertex 58.1371 29.3038 20.4
    endloop
  endfacet
  facet normal -0 0 1
    outer loop
      vertex 57.9108 31.6024 20.4
      vertex 58.0216 29.3451 20.4
      vertex 58.0216 31.6549 20.4
    endloop
  endfacet
  facet normal 0 0 1
    outer loop
      vertex 57.9108 31.6024 20.4
      vertex 57.9108 29.3976 20.4
      vertex 58.0216 29.3451 20.4
    endloop
  endfacet
  facet normal -0 0 1
    outer loop
      vertex 57.8055 31.5393 20.4
      vertex 57.9108 29.3976 20.4
      vertex 57.9108 31.6024 20.4
    endloop
  endfacet
  facet normal 0 0 1
    outer loop
      vertex 57.8055 31.5393 20.4
      vertex 57.8055 29.4607 20.4
      vertex 57.9108 29.3976 20.4
    endloop
  endfacet
  facet normal -0 0 1
    outer loop
      vertex 57.707 31.4663 20.4
      vertex 57.8055 29.4607 20.4
      vertex 57.8055 31.5393 20.4
    endloop
  endfacet
  facet normal 0 0 1
    outer loop
      vertex 57.707 31.4663 20.4
      vertex 57.707 29.5337 20.4
      vertex 57.8055 29.4607 20.4
    endloop
  endfacet
  facet normal -0 0 1
    outer loop
      vertex 57.6161 31.3839 20.4
      vertex 57.707 29.5337 20.4
      vertex 57.707 31.4663 20.4
    endloop
  endfacet
  facet normal 0 0 1
    outer loop
      vertex 57.6161 31.3839 20.4
      vertex 57.6161 29.6161 20.4
      vertex 57.707 29.5337 20.4
    endloop
  endfacet
  facet normal -0 0 1
    outer loop
      vertex 57.5337 31.293 20.4
      vertex 57.6161 29.6161 20.4
      vertex 57.6161 31.3839 20.4
    endloop
  endfacet
  facet normal 0 0 1
    outer loop
      vertex 57.5337 31.293 20.4
      vertex 57.5337 29.707 20.4
      vertex 57.6161 29.6161 20.4
    endloop
  endfacet
  facet normal -0 0 1
    outer loop
      vertex 57.4607 31.1945 20.4
      vertex 57.5337 29.707 20.4
      vertex 57.5337 31.293 20.4
    endloop
  endfacet
  facet normal 0 0 1
    outer loop
      vertex 57.4607 31.1945 20.4
      vertex 57.4607 29.8055 20.4
      vertex 57.5337 29.707 20.4
    endloop
  endfacet
  facet normal -0 0 1
    outer loop
      vertex 57.3976 31.0892 20.4
      vertex 57.4607 29.8055 20.4
      vertex 57.4607 31.1945 20.4
    endloop
  endfacet
  facet normal 0 0 1
    outer loop
      vertex 57.3976 31.0892 20.4
      vertex 57.3976 29.9108 20.4
      vertex 57.4607 29.8055 20.4
    endloop
  endfacet
  facet normal -0 0 1
    outer loop
      vertex 57.3451 30.9784 20.4
      vertex 57.3976 29.9108 20.4
      vertex 57.3976 31.0892 20.4
    endloop
  endfacet
  facet normal 0 0 1
    outer loop
      vertex 57.3451 30.9784 20.4
      vertex 57.3451 30.0216 20.4
      vertex 57.3976 29.9108 20.4
    endloop
  endfacet
  facet normal -0 0 1
    outer loop
      vertex 57.3038 30.8629 20.4
      vertex 57.3451 30.0216 20.4
      vertex 57.3451 30.9784 20.4
    endloop
  endfacet
  facet normal 0 0 1
    outer loop
      vertex 57.3038 30.8629 20.4
      vertex 57.3038 30.1371 20.4
      vertex 57.3451 30.0216 20.4
    endloop
  endfacet
  facet normal -0 0 1
    outer loop
      vertex 57.274 30.7439 20.4
      vertex 57.3038 30.1371 20.4
      vertex 57.3038 30.8629 20.4
    endloop
  endfacet
  facet normal 0 0 1
    outer loop
      vertex 57.274 30.7439 20.4
      vertex 57.274 30.2561 20.4
      vertex 57.3038 30.1371 20.4
    endloop
  endfacet
  facet normal -0 0 1
    outer loop
      vertex 57.256 30.6225 20.4
      vertex 57.274 30.2561 20.4
      vertex 57.274 30.7439 20.4
    endloop
  endfacet
  facet normal 0 0 1
    outer loop
      vertex 57.256 30.6225 20.4
      vertex 57.256 30.3775 20.4
      vertex 57.274 30.2561 20.4
    endloop
  endfacet
  facet normal 0 -0 1
    outer loop
      vertex 57.256 30.3775 20.4
      vertex 57.256 30.6225 20.4
      vertex 57.25 30.5 20.4
    endloop
  endfacet
  facet normal -0.989186 0.146667 0
    outer loop
      vertex 59.726 30.2561 20.4
      vertex 59.744 30.3775 32.4
      vertex 59.744 30.3775 20.4
    endloop
  endfacet
  facet normal -0.989186 0.146667 0
    outer loop
      vertex 59.744 30.3775 32.4
      vertex 59.726 30.2561 20.4
      vertex 59.726 30.2561 32.4
    endloop
  endfacet
  facet normal -0.146667 -0.989186 0
    outer loop
      vertex 58.6225 31.744 20.4
      vertex 58.7439 31.726 32.4
      vertex 58.6225 31.744 32.4
    endloop
  endfacet
  facet normal -0.146667 -0.989186 -0
    outer loop
      vertex 58.7439 31.726 32.4
      vertex 58.6225 31.744 20.4
      vertex 58.7439 31.726 20.4
    endloop
  endfacet
  facet normal -0.0489209 -0.998803 0
    outer loop
      vertex 58.5 31.75 20.4
      vertex 58.6225 31.744 32.4
      vertex 58.5 31.75 32.4
    endloop
  endfacet
  facet normal -0.0489209 -0.998803 -0
    outer loop
      vertex 58.6225 31.744 32.4
      vertex 58.5 31.75 20.4
      vertex 58.6225 31.744 20.4
    endloop
  endfacet
  facet normal 0.740898 0.671617 0
    outer loop
      vertex 57.6161 29.6161 32.4
      vertex 57.5337 29.707 20.4
      vertex 57.5337 29.707 32.4
    endloop
  endfacet
  facet normal 0.740898 0.671617 0
    outer loop
      vertex 57.5337 29.707 20.4
      vertex 57.6161 29.6161 32.4
      vertex 57.6161 29.6161 20.4
    endloop
  endfacet
  facet normal 0.85778 0.514016 0
    outer loop
      vertex 57.4607 29.8055 32.4
      vertex 57.3976 29.9108 20.4
      vertex 57.3976 29.9108 32.4
    endloop
  endfacet
  facet normal 0.85778 0.514016 0
    outer loop
      vertex 57.3976 29.9108 20.4
      vertex 57.4607 29.8055 32.4
      vertex 57.4607 29.8055 20.4
    endloop
  endfacet
  facet normal 0.336698 -0.941613 0
    outer loop
      vertex 58.0216 31.6549 20.4
      vertex 58.1371 31.6962 32.4
      vertex 58.0216 31.6549 32.4
    endloop
  endfacet
  facet normal 0.336698 -0.941613 0
    outer loop
      vertex 58.1371 31.6962 32.4
      vertex 58.0216 31.6549 20.4
      vertex 58.1371 31.6962 20.4
    endloop
  endfacet
  facet normal 0.514016 0.85778 -0
    outer loop
      vertex 57.9108 29.3976 20.4
      vertex 57.8055 29.4607 32.4
      vertex 57.9108 29.3976 32.4
    endloop
  endfacet
  facet normal 0.514016 0.85778 0
    outer loop
      vertex 57.8055 29.4607 32.4
      vertex 57.9108 29.3976 20.4
      vertex 57.8055 29.4607 20.4
    endloop
  endfacet
  facet normal -0.595423 0.803413 0
    outer loop
      vertex 59.293 29.5337 20.4
      vertex 59.1945 29.4607 32.4
      vertex 59.293 29.5337 32.4
    endloop
  endfacet
  facet normal -0.595423 0.803413 0
    outer loop
      vertex 59.1945 29.4607 32.4
      vertex 59.293 29.5337 20.4
      vertex 59.1945 29.4607 20.4
    endloop
  endfacet
  facet normal 0.803413 0.595423 0
    outer loop
      vertex 57.5337 29.707 32.4
      vertex 57.4607 29.8055 20.4
      vertex 57.4607 29.8055 32.4
    endloop
  endfacet
  facet normal 0.803413 0.595423 0
    outer loop
      vertex 57.4607 29.8055 20.4
      vertex 57.5337 29.707 32.4
      vertex 57.5337 29.707 20.4
    endloop
  endfacet
  facet normal 0.903688 -0.428192 0
    outer loop
      vertex 57.3451 30.9784 32.4
      vertex 57.3976 31.0892 20.4
      vertex 57.3976 31.0892 32.4
    endloop
  endfacet
  facet normal 0.903688 -0.428192 0
    outer loop
      vertex 57.3976 31.0892 20.4
      vertex 57.3451 30.9784 32.4
      vertex 57.3451 30.9784 20.4
    endloop
  endfacet
  facet normal 0.989186 0.146667 0
    outer loop
      vertex 57.274 30.2561 32.4
      vertex 57.256 30.3775 20.4
      vertex 57.256 30.3775 32.4
    endloop
  endfacet
  facet normal 0.989186 0.146667 0
    outer loop
      vertex 57.256 30.3775 20.4
      vertex 57.274 30.2561 32.4
      vertex 57.274 30.2561 20.4
    endloop
  endfacet
  facet normal -0.242919 -0.970047 0
    outer loop
      vertex 58.7439 31.726 20.4
      vertex 58.8629 31.6962 32.4
      vertex 58.7439 31.726 32.4
    endloop
  endfacet
  facet normal -0.242919 -0.970047 -0
    outer loop
      vertex 58.8629 31.6962 32.4
      vertex 58.7439 31.726 20.4
      vertex 58.8629 31.6962 20.4
    endloop
  endfacet
  facet normal -0.514016 0.85778 0
    outer loop
      vertex 59.1945 29.4607 20.4
      vertex 59.0892 29.3976 32.4
      vertex 59.1945 29.4607 32.4
    endloop
  endfacet
  facet normal -0.514016 0.85778 0
    outer loop
      vertex 59.0892 29.3976 32.4
      vertex 59.1945 29.4607 20.4
      vertex 59.0892 29.3976 20.4
    endloop
  endfacet
  facet normal 0.671617 0.740898 -0
    outer loop
      vertex 57.707 29.5337 20.4
      vertex 57.6161 29.6161 32.4
      vertex 57.707 29.5337 32.4
    endloop
  endfacet
  facet normal 0.671617 0.740898 0
    outer loop
      vertex 57.6161 29.6161 32.4
      vertex 57.707 29.5337 20.4
      vertex 57.6161 29.6161 20.4
    endloop
  endfacet
  facet normal 0.0489209 0.998803 -0
    outer loop
      vertex 58.5 29.25 20.4
      vertex 58.3775 29.256 32.4
      vertex 58.5 29.25 32.4
    endloop
  endfacet
  facet normal 0.0489209 0.998803 0
    outer loop
      vertex 58.3775 29.256 32.4
      vertex 58.5 29.25 20.4
      vertex 58.3775 29.256 20.4
    endloop
  endfacet
  facet normal 0.998803 -0.0489209 0
    outer loop
      vertex 57.25 30.5 32.4
      vertex 57.256 30.6225 20.4
      vertex 57.256 30.6225 32.4
    endloop
  endfacet
  facet normal 0.998803 -0.0489209 0
    outer loop
      vertex 57.256 30.6225 20.4
      vertex 57.25 30.5 32.4
      vertex 57.25 30.5 20.4
    endloop
  endfacet
  facet normal 0.336698 0.941613 -0
    outer loop
      vertex 58.1371 29.3038 20.4
      vertex 58.0216 29.3451 32.4
      vertex 58.1371 29.3038 32.4
    endloop
  endfacet
  facet normal 0.336698 0.941613 0
    outer loop
      vertex 58.0216 29.3451 32.4
      vertex 58.1371 29.3038 20.4
      vertex 58.0216 29.3451 20.4
    endloop
  endfacet
  facet normal -0.671617 0.740898 0
    outer loop
      vertex 59.3839 29.6161 20.4
      vertex 59.293 29.5337 32.4
      vertex 59.3839 29.6161 32.4
    endloop
  endfacet
  facet normal -0.671617 0.740898 0
    outer loop
      vertex 59.293 29.5337 32.4
      vertex 59.3839 29.6161 20.4
      vertex 59.293 29.5337 20.4
    endloop
  endfacet
  facet normal 1 -0 0
    outer loop
      vertex 52.48 -32 5.4
      vertex 52.48 -30 2.4
      vertex 52.48 -30 5.4
    endloop
  endfacet
  facet normal 1 0 0
    outer loop
      vertex 52.48 -30 2.4
      vertex 52.48 -32 5.4
      vertex 52.48 -32 2.4
    endloop
  endfacet
  facet normal -0 0 1
    outer loop
      vertex -48 -30 5.4
      vertex 52.48 -32 5.4
      vertex 52.48 -30 5.4
    endloop
  endfacet
  facet normal 0 0 1
    outer loop
      vertex 52.48 -32 5.4
      vertex -48 -30 5.4
      vertex -48 -32 5.4
    endloop
  endfacet
  facet normal -1 0 0
    outer loop
      vertex -48 -32 2.4
      vertex -48 -30 5.4
      vertex -48 -30 2.4
    endloop
  endfacet
  facet normal -1 -0 0
    outer loop
      vertex -48 -30 5.4
      vertex -48 -32 2.4
      vertex -48 -32 5.4
    endloop
  endfacet
  facet normal 0 1 -0
    outer loop
      vertex 52.48 -30 2.4
      vertex -48 -30 5.4
      vertex 52.48 -30 5.4
    endloop
  endfacet
  facet normal 0 1 0
    outer loop
      vertex -48 -30 5.4
      vertex 52.48 -30 2.4
      vertex -48 -30 2.4
    endloop
  endfacet
  facet normal 0 -1 0
    outer loop
      vertex -48 -32 2.4
      vertex 52.48 -32 5.4
      vertex -48 -32 5.4
    endloop
  endfacet
  facet normal 0 -1 -0
    outer loop
      vertex 52.48 -32 5.4
      vertex -48 -32 2.4
      vertex 52.48 -32 2.4
    endloop
  endfacet
  facet normal 1 -0 0
    outer loop
      vertex 52.48 -3.34 5.4
      vertex 52.48 -1.34 2.4
      vertex 52.48 -1.34 5.4
    endloop
  endfacet
  facet normal 1 0 0
    outer loop
      vertex 52.48 -1.34 2.4
      vertex 52.48 -3.34 5.4
      vertex 52.48 -3.34 2.4
    endloop
  endfacet
  facet normal -0 0 1
    outer loop
      vertex -48 -1.34 5.4
      vertex 52.48 -3.34 5.4
      vertex 52.48 -1.34 5.4
    endloop
  endfacet
  facet normal 0 0 1
    outer loop
      vertex 52.48 -3.34 5.4
      vertex -48 -1.34 5.4
      vertex -48 -3.34 5.4
    endloop
  endfacet
  facet normal -1 0 0
    outer loop
      vertex -48 -3.34 2.4
      vertex -48 -1.34 5.4
      vertex -48 -1.34 2.4
    endloop
  endfacet
  facet normal -1 -0 0
    outer loop
      vertex -48 -1.34 5.4
      vertex -48 -3.34 2.4
      vertex -48 -3.34 5.4
    endloop
  endfacet
  facet normal 0 1 -0
    outer loop
      vertex 52.48 -1.34 2.4
      vertex -48 -1.34 5.4
      vertex 52.48 -1.34 5.4
    endloop
  endfacet
  facet normal 0 1 0
    outer loop
      vertex -48 -1.34 5.4
      vertex 52.48 -1.34 2.4
      vertex -48 -1.34 2.4
    endloop
  endfacet
  facet normal 0 -1 0
    outer loop
      vertex -48 -3.34 2.4
      vertex 52.48 -3.34 5.4
      vertex -48 -3.34 5.4
    endloop
  endfacet
  facet normal 0 -1 -0
    outer loop
      vertex 52.48 -3.34 5.4
      vertex -48 -3.34 2.4
      vertex 52.48 -3.34 2.4
    endloop
  endfacet
  facet normal 1 -0 0
    outer loop
      vertex 3.4 3.2 5.4
      vertex 3.4 5.2 2.4
      vertex 3.4 5.2 5.4
    endloop
  endfacet
  facet normal 1 0 0
    outer loop
      vertex 3.4 5.2 2.4
      vertex 3.4 3.2 5.4
      vertex 3.4 3.2 2.4
    endloop
  endfacet
  facet normal -0 0 1
    outer loop
      vertex -32 5.2 5.4
      vertex 3.4 3.2 5.4
      vertex 3.4 5.2 5.4
    endloop
  endfacet
  facet normal 0 0 1
    outer loop
      vertex 3.4 3.2 5.4
      vertex -32 5.2 5.4
      vertex -32 3.2 5.4
    endloop
  endfacet
  facet normal -1 0 0
    outer loop
      vertex -32 3.2 2.4
      vertex -32 5.2 5.4
      vertex -32 5.2 2.4
    endloop
  endfacet
  facet normal -1 -0 0
    outer loop
      vertex -32 5.2 5.4
      vertex -32 3.2 2.4
      vertex -32 3.2 5.4
    endloop
  endfacet
  facet normal 0 1 -0
    outer loop
      vertex 3.4 5.2 2.4
      vertex -32 5.2 5.4
      vertex 3.4 5.2 5.4
    endloop
  endfacet
  facet normal 0 1 0
    outer loop
      vertex -32 5.2 5.4
      vertex 3.4 5.2 2.4
      vertex -32 5.2 2.4
    endloop
  endfacet
  facet normal 0 -1 0
    outer loop
      vertex -32 3.2 2.4
      vertex 3.4 3.2 5.4
      vertex -32 3.2 5.4
    endloop
  endfacet
  facet normal 0 -1 -0
    outer loop
      vertex 3.4 3.2 5.4
      vertex -32 3.2 2.4
      vertex 3.4 3.2 2.4
    endloop
  endfacet
  facet normal 1 -0 0
    outer loop
      vertex 3.4 28 5.4
      vertex 3.4 30 2.4
      vertex 3.4 30 5.4
    endloop
  endfacet
  facet normal 1 0 0
    outer loop
      vertex 3.4 30 2.4
      vertex 3.4 28 5.4
      vertex 3.4 28 2.4
    endloop
  endfacet
  facet normal -0 0 1
    outer loop
      vertex -32 30 5.4
      vertex 3.4 28 5.4
      vertex 3.4 30 5.4
    endloop
  endfacet
  facet normal 0 0 1
    outer loop
      vertex 3.4 28 5.4
      vertex -32 30 5.4
      vertex -32 28 5.4
    endloop
  endfacet
  facet normal -1 0 0
    outer loop
      vertex -32 28 2.4
      vertex -32 30 5.4
      vertex -32 30 2.4
    endloop
  endfacet
  facet normal -1 -0 0
    outer loop
      vertex -32 30 5.4
      vertex -32 28 2.4
      vertex -32 28 5.4
    endloop
  endfacet
  facet normal 0 1 -0
    outer loop
      vertex 3.4 30 2.4
      vertex -32 30 5.4
      vertex 3.4 30 5.4
    endloop
  endfacet
  facet normal 0 1 0
    outer loop
      vertex -32 30 5.4
      vertex 3.4 30 2.4
      vertex -32 30 2.4
    endloop
  endfacet
  facet normal 0 -1 0
    outer loop
      vertex -32 28 2.4
      vertex 3.4 28 5.4
      vertex -32 28 5.4
    endloop
  endfacet
  facet normal 0 -1 -0
    outer loop
      vertex 3.4 28 5.4
      vertex -32 28 2.4
      vertex 3.4 28 2.4
    endloop
  endfacet
  facet normal -0 0 1
    outer loop
      vertex 10.2 11.8 4.9
      vertex 22.2 10.6 4.9
      vertex 22.2 11.8 4.9
    endloop
  endfacet
  facet normal 0 0 1
    outer loop
      vertex 22.2 10.6 4.9
      vertex 10.2 11.8 4.9
      vertex 10.2 10.6 4.9
    endloop
  endfacet
  facet normal 0 -1 0
    outer loop
      vertex 10.2 11.8 4.9
      vertex 22.2 11.8 7.4
      vertex 10.2 11.8 7.4
    endloop
  endfacet
  facet normal 0 -1 -0
    outer loop
      vertex 22.2 11.8 7.4
      vertex 10.2 11.8 4.9
      vertex 22.2 11.8 4.9
    endloop
  endfacet
  facet normal 0 1 -0
    outer loop
      vertex 22.2 10.6 4.9
      vertex 10.2 10.6 7.4
      vertex 22.2 10.6 7.4
    endloop
  endfacet
  facet normal 0 1 0
    outer loop
      vertex 10.2 10.6 7.4
      vertex 22.2 10.6 4.9
      vertex 10.2 10.6 4.9
    endloop
  endfacet
  facet normal -0 0 1
    outer loop
      vertex 10.2 21.8 4.9
      vertex 22.2 20.6 4.9
      vertex 22.2 21.8 4.9
    endloop
  endfacet
  facet normal 0 0 1
    outer loop
      vertex 22.2 20.6 4.9
      vertex 10.2 21.8 4.9
      vertex 10.2 20.6 4.9
    endloop
  endfacet
  facet normal 0 -1 0
    outer loop
      vertex 10.2 21.8 4.9
      vertex 22.2 21.8 7.4
      vertex 10.2 21.8 7.4
    endloop
  endfacet
  facet normal 0 -1 -0
    outer loop
      vertex 22.2 21.8 7.4
      vertex 10.2 21.8 4.9
      vertex 22.2 21.8 4.9
    endloop
  endfacet
  facet normal 0 1 -0
    outer loop
      vertex 22.2 20.6 4.9
      vertex 10.2 20.6 7.4
      vertex 22.2 20.6 7.4
    endloop
  endfacet
  facet normal 0 1 0
    outer loop
      vertex 10.2 20.6 7.4
      vertex 22.2 20.6 4.9
      vertex 10.2 20.6 4.9
    endloop
  endfacet
  facet normal 1 0 0
    outer loop
      vertex 22.2 10.6 7.4
      vertex 22.2 7.2 7.4
      vertex 22.2 10.6 4.9
    endloop
  endfacet
  facet normal 1 0 0
    outer loop
      vertex 22.2 20.6 7.4
      vertex 22.2 11.8 7.4
      vertex 22.2 20.6 4.9
    endloop
  endfacet
  facet normal 1 0 0
    outer loop
      vertex 22.2 21.8 4.9
      vertex 22.2 25.2 7.4
      vertex 22.2 21.8 7.4
    endloop
  endfacet
  facet normal 1 0 0
    outer loop
      vertex 22.2 25.2 7.4
      vertex 22.2 21.8 4.9
      vertex 22.2 25.2 2.4
    endloop
  endfacet
  facet normal 1 -0 0
    outer loop
      vertex 22.2 20.6 4.9
      vertex 22.2 25.2 2.4
      vertex 22.2 21.8 4.9
    endloop
  endfacet
  facet normal 1 0 0
    outer loop
      vertex 22.2 11.8 4.9
      vertex 22.2 20.6 4.9
      vertex 22.2 11.8 7.4
    endloop
  endfacet
  facet normal 1 0 0
    outer loop
      vertex 22.2 20.6 4.9
      vertex 22.2 11.8 4.9
      vertex 22.2 25.2 2.4
    endloop
  endfacet
  facet normal 1 0 0
    outer loop
      vertex 22.2 7.2 2.4
      vertex 22.2 11.8 4.9
      vertex 22.2 10.6 4.9
    endloop
  endfacet
  facet normal 1 0 0
    outer loop
      vertex 22.2 11.8 4.9
      vertex 22.2 7.2 2.4
      vertex 22.2 25.2 2.4
    endloop
  endfacet
  facet normal 1 0 0
    outer loop
      vertex 22.2 7.2 2.4
      vertex 22.2 10.6 4.9
      vertex 22.2 7.2 7.4
    endloop
  endfacet
  facet normal -0 0 1
    outer loop
      vertex 10.2 25.2 7.4
      vertex 22.2 21.8 7.4
      vertex 22.2 25.2 7.4
    endloop
  endfacet
  facet normal 0 0 1
    outer loop
      vertex 22.2 21.8 7.4
      vertex 10.2 25.2 7.4
      vertex 10.2 21.8 7.4
    endloop
  endfacet
  facet normal -0 0 1
    outer loop
      vertex 10.2 10.6 7.4
      vertex 22.2 7.2 7.4
      vertex 22.2 10.6 7.4
    endloop
  endfacet
  facet normal 0 0 1
    outer loop
      vertex 22.2 7.2 7.4
      vertex 10.2 10.6 7.4
      vertex 10.2 7.2 7.4
    endloop
  endfacet
  facet normal -0 0 1
    outer loop
      vertex 10.2 20.6 7.4
      vertex 22.2 11.8 7.4
      vertex 22.2 20.6 7.4
    endloop
  endfacet
  facet normal 0 0 1
    outer loop
      vertex 22.2 11.8 7.4
      vertex 10.2 20.6 7.4
      vertex 10.2 11.8 7.4
    endloop
  endfacet
  facet normal 0 0 -1
    outer loop
      vertex 10.2 7.2 2.4
      vertex 22.2 25.2 2.4
      vertex 22.2 7.2 2.4
    endloop
  endfacet
  facet normal -0 0 -1
    outer loop
      vertex 22.2 25.2 2.4
      vertex 10.2 7.2 2.4
      vertex 10.2 25.2 2.4
    endloop
  endfacet
  facet normal -1 0 0
    outer loop
      vertex 10.2 25.2 2.4
      vertex 10.2 21.8 4.9
      vertex 10.2 25.2 7.4
    endloop
  endfacet
  facet normal -1 0 0
    outer loop
      vertex 10.2 25.2 2.4
      vertex 10.2 20.6 4.9
      vertex 10.2 21.8 4.9
    endloop
  endfacet
  facet normal -1 0 0
    outer loop
      vertex 10.2 20.6 4.9
      vertex 10.2 11.8 4.9
      vertex 10.2 20.6 7.4
    endloop
  endfacet
  facet normal -1 0 0
    outer loop
      vertex 10.2 25.2 2.4
      vertex 10.2 11.8 4.9
      vertex 10.2 20.6 4.9
    endloop
  endfacet
  facet normal -1 0 0
    outer loop
      vertex 10.2 7.2 2.4
      vertex 10.2 11.8 4.9
      vertex 10.2 25.2 2.4
    endloop
  endfacet
  facet normal -1 -0 0
    outer loop
      vertex 10.2 11.8 4.9
      vertex 10.2 7.2 2.4
      vertex 10.2 10.6 4.9
    endloop
  endfacet
  facet normal -1 0 0
    outer loop
      vertex 10.2 7.2 7.4
      vertex 10.2 10.6 4.9
      vertex 10.2 7.2 2.4
    endloop
  endfacet
  facet normal -1 0 0
    outer loop
      vertex 10.2 10.6 4.9
      vertex 10.2 7.2 7.4
      vertex 10.2 10.6 7.4
    endloop
  endfacet
  facet normal -1 -0 0
    outer loop
      vertex 10.2 25.2 7.4
      vertex 10.2 21.8 4.9
      vertex 10.2 21.8 7.4
    endloop
  endfacet
  facet normal -1 -0 0
    outer loop
      vertex 10.2 20.6 7.4
      vertex 10.2 11.8 4.9
      vertex 10.2 11.8 7.4
    endloop
  endfacet
  facet normal 0 1 -0
    outer loop
      vertex 22.2 25.2 2.4
      vertex 10.2 25.2 7.4
      vertex 22.2 25.2 7.4
    endloop
  endfacet
  facet normal 0 1 0
    outer loop
      vertex 10.2 25.2 7.4
      vertex 22.2 25.2 2.4
      vertex 10.2 25.2 2.4
    endloop
  endfacet
  facet normal 0 -1 0
    outer loop
      vertex 10.2 7.2 2.4
      vertex 22.2 7.2 7.4
      vertex 10.2 7.2 7.4
    endloop
  endfacet
  facet normal 0 -1 -0
    outer loop
      vertex 22.2 7.2 7.4
      vertex 10.2 7.2 2.4
      vertex 22.2 7.2 2.4
    endloop
  endfacet
  facet normal 1 -0 0
    outer loop
      vertex 61.22 -28.2991 8.4
      vertex 61.22 -2.54 2.4
      vertex 61.22 -2.54 8.4
    endloop
  endfacet
  facet normal 1 0 0
    outer loop
      vertex 61.22 -28.2991 2.4
      vertex 61.22 -2.54 2.4
      vertex 61.22 -28.2991 8.4
    endloop
  endfacet
  facet normal -0 0 0
    outer loop
      vertex 61.22 -28.2991 2.4
      vertex 61.22 -32 2.4
      vertex 61.22 -2.54 2.4
    endloop
  endfacet
  facet normal 0 0 1
    outer loop
      vertex 61.22 -2.54 8.4
      vertex 61.2055 -28.2796 8.4
      vertex 61.22 -28.2991 8.4
    endloop
  endfacet
  facet normal 0 0 1
    outer loop
      vertex 61.22 -2.54 8.4
      vertex 60.9749 -28.0251 8.4
      vertex 61.2055 -28.2796 8.4
    endloop
  endfacet
  facet normal 0 0 1
    outer loop
      vertex 61.22 -2.54 8.4
      vertex 60.7204 -27.7945 8.4
      vertex 60.9749 -28.0251 8.4
    endloop
  endfacet
  facet normal 0 0 1
    outer loop
      vertex 61.22 -2.54 8.4
      vertex 60.4445 -27.5899 8.4
      vertex 60.7204 -27.7945 8.4
    endloop
  endfacet
  facet normal 0 0 1
    outer loop
      vertex 61.22 -2.54 8.4
      vertex 60.1499 -27.4133 8.4
      vertex 60.4445 -27.5899 8.4
    endloop
  endfacet
  facet normal 0 0 1
    outer loop
      vertex 61.22 -2.54 8.4
      vertex 59.8394 -27.2664 8.4
      vertex 60.1499 -27.4133 8.4
    endloop
  endfacet
  facet normal 0 0 1
    outer loop
      vertex 61.22 -2.54 8.4
      vertex 59.516 -27.1507 8.4
      vertex 59.8394 -27.2664 8.4
    endloop
  endfacet
  facet normal 0 0 1
    outer loop
      vertex 59.22 -27.0766 8.4
      vertex 61.22 -2.54 8.4
      vertex 59.22 -2.54 8.4
    endloop
  endfacet
  facet normal 0 0 1
    outer loop
      vertex 61.22 -2.54 8.4
      vertex 59.22 -27.0766 8.4
      vertex 59.516 -27.1507 8.4
    endloop
  endfacet
  facet normal -1 0 0
    outer loop
      vertex 59.22 -2.54 2.4
      vertex 59.22 -27.0766 2.4
      vertex 59.22 -2.54 8.4
    endloop
  endfacet
  facet normal 0 0 0
    outer loop
      vertex 59.22 -32 2.4
      vertex 59.22 -27.0766 2.4
      vertex 59.22 -2.54 2.4
    endloop
  endfacet
  facet normal -1 -0 0
    outer loop
      vertex 59.22 -2.54 8.4
      vertex 59.22 -27.0766 2.4
      vertex 59.22 -27.0766 8.4
    endloop
  endfacet
  facet normal 0 1 -0
    outer loop
      vertex 61.22 -2.54 2.4
      vertex 59.22 -2.54 8.4
      vertex 61.22 -2.54 8.4
    endloop
  endfacet
  facet normal 0 1 0
    outer loop
      vertex 59.22 -2.54 8.4
      vertex 61.22 -2.54 2.4
      vertex 59.22 -2.54 2.4
    endloop
  endfacet
endsolid OpenSCAD_Model
