solid OpenSCAD_Model
  facet normal 0.514231 -0.857652 0
    outer loop
      vertex -46.4145 18.9435 -2.4
      vertex -46.2714 19.0293 0
      vertex -46.4145 18.9435 0
    endloop
  endfacet
  facet normal 0.514231 -0.857652 0
    outer loop
      vertex -46.2714 19.0293 0
      vertex -46.4145 18.9435 -2.4
      vertex -46.2714 19.0293 -2.4
    endloop
  endfacet
  facet normal -0.33683 0.941566 0
    outer loop
      vertex -44.8194 15.9594 -2.4
      vertex -44.9765 15.9032 0
      vertex -44.8194 15.9594 0
    endloop
  endfacet
  facet normal -0.33683 0.941566 0
    outer loop
      vertex -44.9765 15.9032 0
      vertex -44.8194 15.9594 -2.4
      vertex -44.9765 15.9032 -2.4
    endloop
  endfacet
  facet normal -0.989168 0.146788 0
    outer loop
      vertex -43.8027 17.1983 -2.4
      vertex -43.7782 17.3634 0
      vertex -43.7782 17.3634 -2.4
    endloop
  endfacet
  facet normal -0.989168 0.146788 0
    outer loop
      vertex -43.7782 17.3634 0
      vertex -43.8027 17.1983 -2.4
      vertex -43.8027 17.1983 0
    endloop
  endfacet
  facet normal -0.998791 0.0491602 0
    outer loop
      vertex -43.7782 17.3634 -2.4
      vertex -43.77 17.53 0
      vertex -43.77 17.53 -2.4
    endloop
  endfacet
  facet normal -0.998791 0.0491602 0
    outer loop
      vertex -43.77 17.53 0
      vertex -43.7782 17.3634 -2.4
      vertex -43.7782 17.3634 0
    endloop
  endfacet
  facet normal -0.970072 0.242818 0
    outer loop
      vertex -43.8432 17.0365 -2.4
      vertex -43.8027 17.1983 0
      vertex -43.8027 17.1983 -2.4
    endloop
  endfacet
  facet normal -0.970072 0.242818 0
    outer loop
      vertex -43.8027 17.1983 0
      vertex -43.8432 17.0365 -2.4
      vertex -43.8432 17.0365 0
    endloop
  endfacet
  facet normal -0.0491602 0.998791 0
    outer loop
      vertex -45.3034 15.8382 -2.4
      vertex -45.47 15.83 0
      vertex -45.3034 15.8382 0
    endloop
  endfacet
  facet normal -0.0491602 0.998791 0
    outer loop
      vertex -45.47 15.83 0
      vertex -45.3034 15.8382 -2.4
      vertex -45.47 15.83 -2.4
    endloop
  endfacet
  facet normal -0.0491602 -0.998791 0
    outer loop
      vertex -45.47 19.23 -2.4
      vertex -45.3034 19.2218 0
      vertex -45.47 19.23 0
    endloop
  endfacet
  facet normal -0.0491602 -0.998791 -0
    outer loop
      vertex -45.3034 19.2218 0
      vertex -45.47 19.23 -2.4
      vertex -45.3034 19.2218 -2.4
    endloop
  endfacet
  facet normal -0.803154 0.595772 0
    outer loop
      vertex -44.1559 16.4515 -2.4
      vertex -44.0565 16.5855 0
      vertex -44.0565 16.5855 -2.4
    endloop
  endfacet
  facet normal -0.803154 0.595772 0
    outer loop
      vertex -44.0565 16.5855 0
      vertex -44.1559 16.4515 -2.4
      vertex -44.1559 16.4515 0
    endloop
  endfacet
  facet normal -0.741024 0.671478 0
    outer loop
      vertex -44.2679 16.3279 -2.4
      vertex -44.1559 16.4515 0
      vertex -44.1559 16.4515 -2.4
    endloop
  endfacet
  facet normal -0.741024 0.671478 0
    outer loop
      vertex -44.1559 16.4515 0
      vertex -44.2679 16.3279 -2.4
      vertex -44.2679 16.3279 0
    endloop
  endfacet
  facet normal -0.998791 -0.0491602 0
    outer loop
      vertex -43.77 17.53 -2.4
      vertex -43.7782 17.6966 0
      vertex -43.7782 17.6966 -2.4
    endloop
  endfacet
  facet normal -0.998791 -0.0491602 0
    outer loop
      vertex -43.7782 17.6966 0
      vertex -43.77 17.53 -2.4
      vertex -43.77 17.53 0
    endloop
  endfacet
  facet normal -0.671478 -0.741024 0
    outer loop
      vertex -44.3915 18.8441 -2.4
      vertex -44.2679 18.7321 0
      vertex -44.3915 18.8441 0
    endloop
  endfacet
  facet normal -0.671478 -0.741024 -0
    outer loop
      vertex -44.2679 18.7321 0
      vertex -44.3915 18.8441 -2.4
      vertex -44.2679 18.7321 -2.4
    endloop
  endfacet
  facet normal -0.514231 -0.857652 0
    outer loop
      vertex -44.6686 19.0293 -2.4
      vertex -44.5255 18.9435 0
      vertex -44.6686 19.0293 0
    endloop
  endfacet
  facet normal -0.514231 -0.857652 -0
    outer loop
      vertex -44.5255 18.9435 0
      vertex -44.6686 19.0293 -2.4
      vertex -44.5255 18.9435 -2.4
    endloop
  endfacet
  facet normal -0.941566 0.33683 0
    outer loop
      vertex -43.8994 16.8794 -2.4
      vertex -43.8432 17.0365 0
      vertex -43.8432 17.0365 -2.4
    endloop
  endfacet
  facet normal -0.941566 0.33683 0
    outer loop
      vertex -43.8432 17.0365 0
      vertex -43.8994 16.8794 -2.4
      vertex -43.8994 16.8794 0
    endloop
  endfacet
  facet normal 0.0491602 0.998791 -0
    outer loop
      vertex -45.47 15.83 -2.4
      vertex -45.6366 15.8382 0
      vertex -45.47 15.83 0
    endloop
  endfacet
  facet normal 0.0491602 0.998791 0
    outer loop
      vertex -45.6366 15.8382 0
      vertex -45.47 15.83 -2.4
      vertex -45.6366 15.8382 -2.4
    endloop
  endfacet
  facet normal -0.803154 -0.595772 0
    outer loop
      vertex -44.0565 18.4745 -2.4
      vertex -44.1559 18.6085 0
      vertex -44.1559 18.6085 -2.4
    endloop
  endfacet
  facet normal -0.803154 -0.595772 0
    outer loop
      vertex -44.1559 18.6085 0
      vertex -44.0565 18.4745 -2.4
      vertex -44.0565 18.4745 0
    endloop
  endfacet
  facet normal 0.242818 0.970072 -0
    outer loop
      vertex -45.8017 15.8627 -2.4
      vertex -45.9635 15.9032 0
      vertex -45.8017 15.8627 0
    endloop
  endfacet
  facet normal 0.242818 0.970072 0
    outer loop
      vertex -45.9635 15.9032 0
      vertex -45.8017 15.8627 -2.4
      vertex -45.9635 15.9032 -2.4
    endloop
  endfacet
  facet normal -0.514231 0.857652 0
    outer loop
      vertex -44.5255 16.1165 -2.4
      vertex -44.6686 16.0307 0
      vertex -44.5255 16.1165 0
    endloop
  endfacet
  facet normal -0.514231 0.857652 0
    outer loop
      vertex -44.6686 16.0307 0
      vertex -44.5255 16.1165 -2.4
      vertex -44.6686 16.0307 -2.4
    endloop
  endfacet
  facet normal -0.595772 0.803154 0
    outer loop
      vertex -44.3915 16.2159 -2.4
      vertex -44.5255 16.1165 0
      vertex -44.3915 16.2159 0
    endloop
  endfacet
  facet normal -0.595772 0.803154 0
    outer loop
      vertex -44.5255 16.1165 0
      vertex -44.3915 16.2159 -2.4
      vertex -44.5255 16.1165 -2.4
    endloop
  endfacet
  facet normal -0.970072 -0.242818 0
    outer loop
      vertex -43.8027 17.8617 -2.4
      vertex -43.8432 18.0235 0
      vertex -43.8432 18.0235 -2.4
    endloop
  endfacet
  facet normal -0.970072 -0.242818 0
    outer loop
      vertex -43.8432 18.0235 0
      vertex -43.8027 17.8617 -2.4
      vertex -43.8027 17.8617 0
    endloop
  endfacet
  facet normal 0.970072 0.242818 0
    outer loop
      vertex -47.0968 17.0365 0
      vertex -47.1373 17.1983 -2.4
      vertex -47.1373 17.1983 0
    endloop
  endfacet
  facet normal 0.970072 0.242818 0
    outer loop
      vertex -47.1373 17.1983 -2.4
      vertex -47.0968 17.0365 0
      vertex -47.0968 17.0365 -2.4
    endloop
  endfacet
  facet normal 0.904043 -0.427442 0
    outer loop
      vertex -47.0406 18.1806 0
      vertex -46.9693 18.3314 -2.4
      vertex -46.9693 18.3314 0
    endloop
  endfacet
  facet normal 0.904043 -0.427442 0
    outer loop
      vertex -46.9693 18.3314 -2.4
      vertex -47.0406 18.1806 0
      vertex -47.0406 18.1806 -2.4
    endloop
  endfacet
  facet normal -0.146788 -0.989168 0
    outer loop
      vertex -45.3034 19.2218 -2.4
      vertex -45.1383 19.1973 0
      vertex -45.3034 19.2218 0
    endloop
  endfacet
  facet normal -0.146788 -0.989168 -0
    outer loop
      vertex -45.1383 19.1973 0
      vertex -45.3034 19.2218 -2.4
      vertex -45.1383 19.1973 -2.4
    endloop
  endfacet
  facet normal -0.33683 -0.941566 0
    outer loop
      vertex -44.9765 19.1568 -2.4
      vertex -44.8194 19.1006 0
      vertex -44.9765 19.1568 0
    endloop
  endfacet
  facet normal -0.33683 -0.941566 -0
    outer loop
      vertex -44.8194 19.1006 0
      vertex -44.9765 19.1568 -2.4
      vertex -44.8194 19.1006 -2.4
    endloop
  endfacet
  facet normal -0.242818 0.970072 0
    outer loop
      vertex -44.9765 15.9032 -2.4
      vertex -45.1383 15.8627 0
      vertex -44.9765 15.9032 0
    endloop
  endfacet
  facet normal -0.242818 0.970072 0
    outer loop
      vertex -45.1383 15.8627 0
      vertex -44.9765 15.9032 -2.4
      vertex -45.1383 15.8627 -2.4
    endloop
  endfacet
  facet normal 0.595772 0.803154 -0
    outer loop
      vertex -46.4145 16.1165 -2.4
      vertex -46.5485 16.2159 0
      vertex -46.4145 16.1165 0
    endloop
  endfacet
  facet normal 0.595772 0.803154 0
    outer loop
      vertex -46.5485 16.2159 0
      vertex -46.4145 16.1165 -2.4
      vertex -46.5485 16.2159 -2.4
    endloop
  endfacet
  facet normal 0.671478 0.741024 -0
    outer loop
      vertex -46.5485 16.2159 -2.4
      vertex -46.6721 16.3279 0
      vertex -46.5485 16.2159 0
    endloop
  endfacet
  facet normal 0.671478 0.741024 0
    outer loop
      vertex -46.6721 16.3279 0
      vertex -46.5485 16.2159 -2.4
      vertex -46.6721 16.3279 -2.4
    endloop
  endfacet
  facet normal -0.904043 0.427442 0
    outer loop
      vertex -43.9707 16.7286 -2.4
      vertex -43.8994 16.8794 0
      vertex -43.8994 16.8794 -2.4
    endloop
  endfacet
  facet normal -0.904043 0.427442 0
    outer loop
      vertex -43.8994 16.8794 0
      vertex -43.9707 16.7286 -2.4
      vertex -43.9707 16.7286 0
    endloop
  endfacet
  facet normal 0.857652 -0.514231 0
    outer loop
      vertex -46.9693 18.3314 0
      vertex -46.8835 18.4745 -2.4
      vertex -46.8835 18.4745 0
    endloop
  endfacet
  facet normal 0.857652 -0.514231 0
    outer loop
      vertex -46.8835 18.4745 -2.4
      vertex -46.9693 18.3314 0
      vertex -46.9693 18.3314 -2.4
    endloop
  endfacet
  facet normal 0.33683 -0.941566 0
    outer loop
      vertex -46.1206 19.1006 -2.4
      vertex -45.9635 19.1568 0
      vertex -46.1206 19.1006 0
    endloop
  endfacet
  facet normal 0.33683 -0.941566 0
    outer loop
      vertex -45.9635 19.1568 0
      vertex -46.1206 19.1006 -2.4
      vertex -45.9635 19.1568 -2.4
    endloop
  endfacet
  facet normal -0.427442 -0.904043 0
    outer loop
      vertex -44.8194 19.1006 -2.4
      vertex -44.6686 19.0293 0
      vertex -44.8194 19.1006 0
    endloop
  endfacet
  facet normal -0.427442 -0.904043 -0
    outer loop
      vertex -44.6686 19.0293 0
      vertex -44.8194 19.1006 -2.4
      vertex -44.6686 19.0293 -2.4
    endloop
  endfacet
  facet normal -0.427442 0.904043 0
    outer loop
      vertex -44.6686 16.0307 -2.4
      vertex -44.8194 15.9594 0
      vertex -44.6686 16.0307 0
    endloop
  endfacet
  facet normal -0.427442 0.904043 0
    outer loop
      vertex -44.8194 15.9594 0
      vertex -44.6686 16.0307 -2.4
      vertex -44.8194 15.9594 -2.4
    endloop
  endfacet
  facet normal -0.857652 -0.514231 0
    outer loop
      vertex -43.9707 18.3314 -2.4
      vertex -44.0565 18.4745 0
      vertex -44.0565 18.4745 -2.4
    endloop
  endfacet
  facet normal -0.857652 -0.514231 0
    outer loop
      vertex -44.0565 18.4745 0
      vertex -43.9707 18.3314 -2.4
      vertex -43.9707 18.3314 0
    endloop
  endfacet
  facet normal 0.970072 -0.242818 0
    outer loop
      vertex -47.1373 17.8617 0
      vertex -47.0968 18.0235 -2.4
      vertex -47.0968 18.0235 0
    endloop
  endfacet
  facet normal 0.970072 -0.242818 0
    outer loop
      vertex -47.0968 18.0235 -2.4
      vertex -47.1373 17.8617 0
      vertex -47.1373 17.8617 -2.4
    endloop
  endfacet
  facet normal -0.989168 -0.146788 0
    outer loop
      vertex -43.7782 17.6966 -2.4
      vertex -43.8027 17.8617 0
      vertex -43.8027 17.8617 -2.4
    endloop
  endfacet
  facet normal -0.989168 -0.146788 0
    outer loop
      vertex -43.8027 17.8617 0
      vertex -43.7782 17.6966 -2.4
      vertex -43.7782 17.6966 0
    endloop
  endfacet
  facet normal -0.595772 -0.803154 0
    outer loop
      vertex -44.5255 18.9435 -2.4
      vertex -44.3915 18.8441 0
      vertex -44.5255 18.9435 0
    endloop
  endfacet
  facet normal -0.595772 -0.803154 -0
    outer loop
      vertex -44.3915 18.8441 0
      vertex -44.5255 18.9435 -2.4
      vertex -44.3915 18.8441 -2.4
    endloop
  endfacet
  facet normal 0.33683 0.941566 -0
    outer loop
      vertex -45.9635 15.9032 -2.4
      vertex -46.1206 15.9594 0
      vertex -45.9635 15.9032 0
    endloop
  endfacet
  facet normal 0.33683 0.941566 0
    outer loop
      vertex -46.1206 15.9594 0
      vertex -45.9635 15.9032 -2.4
      vertex -46.1206 15.9594 -2.4
    endloop
  endfacet
  facet normal 0.989168 0.146788 0
    outer loop
      vertex -47.1373 17.1983 0
      vertex -47.1618 17.3634 -2.4
      vertex -47.1618 17.3634 0
    endloop
  endfacet
  facet normal 0.989168 0.146788 0
    outer loop
      vertex -47.1618 17.3634 -2.4
      vertex -47.1373 17.1983 0
      vertex -47.1373 17.1983 -2.4
    endloop
  endfacet
  facet normal -0.941566 -0.33683 0
    outer loop
      vertex -43.8432 18.0235 -2.4
      vertex -43.8994 18.1806 0
      vertex -43.8994 18.1806 -2.4
    endloop
  endfacet
  facet normal -0.941566 -0.33683 0
    outer loop
      vertex -43.8994 18.1806 0
      vertex -43.8432 18.0235 -2.4
      vertex -43.8432 18.0235 0
    endloop
  endfacet
  facet normal 0.146788 0.989168 -0
    outer loop
      vertex -45.6366 15.8382 -2.4
      vertex -45.8017 15.8627 0
      vertex -45.6366 15.8382 0
    endloop
  endfacet
  facet normal 0.146788 0.989168 0
    outer loop
      vertex -45.8017 15.8627 0
      vertex -45.6366 15.8382 -2.4
      vertex -45.8017 15.8627 -2.4
    endloop
  endfacet
  facet normal 0.514231 0.857652 -0
    outer loop
      vertex -46.2714 16.0307 -2.4
      vertex -46.4145 16.1165 0
      vertex -46.2714 16.0307 0
    endloop
  endfacet
  facet normal 0.514231 0.857652 0
    outer loop
      vertex -46.4145 16.1165 0
      vertex -46.2714 16.0307 -2.4
      vertex -46.4145 16.1165 -2.4
    endloop
  endfacet
  facet normal 0.427442 0.904043 -0
    outer loop
      vertex -46.1206 15.9594 -2.4
      vertex -46.2714 16.0307 0
      vertex -46.1206 15.9594 0
    endloop
  endfacet
  facet normal 0.427442 0.904043 0
    outer loop
      vertex -46.2714 16.0307 0
      vertex -46.1206 15.9594 -2.4
      vertex -46.2714 16.0307 -2.4
    endloop
  endfacet
  facet normal -0.904043 -0.427442 0
    outer loop
      vertex -43.8994 18.1806 -2.4
      vertex -43.9707 18.3314 0
      vertex -43.9707 18.3314 -2.4
    endloop
  endfacet
  facet normal -0.904043 -0.427442 0
    outer loop
      vertex -43.9707 18.3314 0
      vertex -43.8994 18.1806 -2.4
      vertex -43.8994 18.1806 0
    endloop
  endfacet
  facet normal 0.741024 -0.671478 0
    outer loop
      vertex -46.7841 18.6085 0
      vertex -46.6721 18.7321 -2.4
      vertex -46.6721 18.7321 0
    endloop
  endfacet
  facet normal 0.741024 -0.671478 0
    outer loop
      vertex -46.6721 18.7321 -2.4
      vertex -46.7841 18.6085 0
      vertex -46.7841 18.6085 -2.4
    endloop
  endfacet
  facet normal 0.998791 0.0491602 0
    outer loop
      vertex -47.1618 17.3634 0
      vertex -47.17 17.53 -2.4
      vertex -47.17 17.53 0
    endloop
  endfacet
  facet normal 0.998791 0.0491602 0
    outer loop
      vertex -47.17 17.53 -2.4
      vertex -47.1618 17.3634 0
      vertex -47.1618 17.3634 -2.4
    endloop
  endfacet
  facet normal -0.857652 0.514231 0
    outer loop
      vertex -44.0565 16.5855 -2.4
      vertex -43.9707 16.7286 0
      vertex -43.9707 16.7286 -2.4
    endloop
  endfacet
  facet normal -0.857652 0.514231 0
    outer loop
      vertex -43.9707 16.7286 0
      vertex -44.0565 16.5855 -2.4
      vertex -44.0565 16.5855 0
    endloop
  endfacet
  facet normal -0.741024 -0.671478 0
    outer loop
      vertex -44.1559 18.6085 -2.4
      vertex -44.2679 18.7321 0
      vertex -44.2679 18.7321 -2.4
    endloop
  endfacet
  facet normal -0.741024 -0.671478 0
    outer loop
      vertex -44.2679 18.7321 0
      vertex -44.1559 18.6085 -2.4
      vertex -44.1559 18.6085 0
    endloop
  endfacet
  facet normal -0.671478 0.741024 0
    outer loop
      vertex -44.2679 16.3279 -2.4
      vertex -44.3915 16.2159 0
      vertex -44.2679 16.3279 0
    endloop
  endfacet
  facet normal -0.671478 0.741024 0
    outer loop
      vertex -44.3915 16.2159 0
      vertex -44.2679 16.3279 -2.4
      vertex -44.3915 16.2159 -2.4
    endloop
  endfacet
  facet normal 0.941566 -0.33683 0
    outer loop
      vertex -47.0968 18.0235 0
      vertex -47.0406 18.1806 -2.4
      vertex -47.0406 18.1806 0
    endloop
  endfacet
  facet normal 0.941566 -0.33683 0
    outer loop
      vertex -47.0406 18.1806 -2.4
      vertex -47.0968 18.0235 0
      vertex -47.0968 18.0235 -2.4
    endloop
  endfacet
  facet normal 0.741024 0.671478 0
    outer loop
      vertex -46.6721 16.3279 0
      vertex -46.7841 16.4515 -2.4
      vertex -46.7841 16.4515 0
    endloop
  endfacet
  facet normal 0.741024 0.671478 0
    outer loop
      vertex -46.7841 16.4515 -2.4
      vertex -46.6721 16.3279 0
      vertex -46.6721 16.3279 -2.4
    endloop
  endfacet
  facet normal 0.242818 -0.970072 0
    outer loop
      vertex -45.9635 19.1568 -2.4
      vertex -45.8017 19.1973 0
      vertex -45.9635 19.1568 0
    endloop
  endfacet
  facet normal 0.242818 -0.970072 0
    outer loop
      vertex -45.8017 19.1973 0
      vertex -45.9635 19.1568 -2.4
      vertex -45.8017 19.1973 -2.4
    endloop
  endfacet
  facet normal -0.242818 -0.970072 0
    outer loop
      vertex -45.1383 19.1973 -2.4
      vertex -44.9765 19.1568 0
      vertex -45.1383 19.1973 0
    endloop
  endfacet
  facet normal -0.242818 -0.970072 -0
    outer loop
      vertex -44.9765 19.1568 0
      vertex -45.1383 19.1973 -2.4
      vertex -44.9765 19.1568 -2.4
    endloop
  endfacet
  facet normal 0.146788 -0.989168 0
    outer loop
      vertex -45.8017 19.1973 -2.4
      vertex -45.6366 19.2218 0
      vertex -45.8017 19.1973 0
    endloop
  endfacet
  facet normal 0.146788 -0.989168 0
    outer loop
      vertex -45.6366 19.2218 0
      vertex -45.8017 19.1973 -2.4
      vertex -45.6366 19.2218 -2.4
    endloop
  endfacet
  facet normal 0.595772 -0.803154 0
    outer loop
      vertex -46.5485 18.8441 -2.4
      vertex -46.4145 18.9435 0
      vertex -46.5485 18.8441 0
    endloop
  endfacet
  facet normal 0.595772 -0.803154 0
    outer loop
      vertex -46.4145 18.9435 0
      vertex -46.5485 18.8441 -2.4
      vertex -46.4145 18.9435 -2.4
    endloop
  endfacet
  facet normal 0.857652 0.514231 0
    outer loop
      vertex -46.8835 16.5855 0
      vertex -46.9693 16.7286 -2.4
      vertex -46.9693 16.7286 0
    endloop
  endfacet
  facet normal 0.857652 0.514231 0
    outer loop
      vertex -46.9693 16.7286 -2.4
      vertex -46.8835 16.5855 0
      vertex -46.8835 16.5855 -2.4
    endloop
  endfacet
  facet normal 0.0491602 -0.998791 0
    outer loop
      vertex -45.6366 19.2218 -2.4
      vertex -45.47 19.23 0
      vertex -45.6366 19.2218 0
    endloop
  endfacet
  facet normal 0.0491602 -0.998791 0
    outer loop
      vertex -45.47 19.23 0
      vertex -45.6366 19.2218 -2.4
      vertex -45.47 19.23 -2.4
    endloop
  endfacet
  facet normal 0.989168 -0.146788 0
    outer loop
      vertex -47.1618 17.6966 0
      vertex -47.1373 17.8617 -2.4
      vertex -47.1373 17.8617 0
    endloop
  endfacet
  facet normal 0.989168 -0.146788 0
    outer loop
      vertex -47.1373 17.8617 -2.4
      vertex -47.1618 17.6966 0
      vertex -47.1618 17.6966 -2.4
    endloop
  endfacet
  facet normal 0.671478 -0.741024 0
    outer loop
      vertex -46.6721 18.7321 -2.4
      vertex -46.5485 18.8441 0
      vertex -46.6721 18.7321 0
    endloop
  endfacet
  facet normal 0.671478 -0.741024 0
    outer loop
      vertex -46.5485 18.8441 0
      vertex -46.6721 18.7321 -2.4
      vertex -46.5485 18.8441 -2.4
    endloop
  endfacet
  facet normal 0.998791 -0.0491602 0
    outer loop
      vertex -47.17 17.53 0
      vertex -47.1618 17.6966 -2.4
      vertex -47.1618 17.6966 0
    endloop
  endfacet
  facet normal 0.998791 -0.0491602 0
    outer loop
      vertex -47.1618 17.6966 -2.4
      vertex -47.17 17.53 0
      vertex -47.17 17.53 -2.4
    endloop
  endfacet
  facet normal 0.904043 0.427442 0
    outer loop
      vertex -46.9693 16.7286 0
      vertex -47.0406 16.8794 -2.4
      vertex -47.0406 16.8794 0
    endloop
  endfacet
  facet normal 0.904043 0.427442 0
    outer loop
      vertex -47.0406 16.8794 -2.4
      vertex -46.9693 16.7286 0
      vertex -46.9693 16.7286 -2.4
    endloop
  endfacet
  facet normal 0.803154 -0.595772 0
    outer loop
      vertex -46.8835 18.4745 0
      vertex -46.7841 18.6085 -2.4
      vertex -46.7841 18.6085 0
    endloop
  endfacet
  facet normal 0.803154 -0.595772 0
    outer loop
      vertex -46.7841 18.6085 -2.4
      vertex -46.8835 18.4745 0
      vertex -46.8835 18.4745 -2.4
    endloop
  endfacet
  facet normal 0.427442 -0.904043 0
    outer loop
      vertex -46.2714 19.0293 -2.4
      vertex -46.1206 19.1006 0
      vertex -46.2714 19.0293 0
    endloop
  endfacet
  facet normal 0.427442 -0.904043 0
    outer loop
      vertex -46.1206 19.1006 0
      vertex -46.2714 19.0293 -2.4
      vertex -46.1206 19.1006 -2.4
    endloop
  endfacet
  facet normal 0.941566 0.33683 0
    outer loop
      vertex -47.0406 16.8794 0
      vertex -47.0968 17.0365 -2.4
      vertex -47.0968 17.0365 0
    endloop
  endfacet
  facet normal 0.941566 0.33683 0
    outer loop
      vertex -47.0968 17.0365 -2.4
      vertex -47.0406 16.8794 0
      vertex -47.0406 16.8794 -2.4
    endloop
  endfacet
  facet normal -0.146788 0.989168 0
    outer loop
      vertex -45.1383 15.8627 -2.4
      vertex -45.3034 15.8382 0
      vertex -45.1383 15.8627 0
    endloop
  endfacet
  facet normal -0.146788 0.989168 0
    outer loop
      vertex -45.3034 15.8382 0
      vertex -45.1383 15.8627 -2.4
      vertex -45.3034 15.8382 -2.4
    endloop
  endfacet
  facet normal 0.803154 0.595772 0
    outer loop
      vertex -46.7841 16.4515 0
      vertex -46.8835 16.5855 -2.4
      vertex -46.8835 16.5855 0
    endloop
  endfacet
  facet normal 0.803154 0.595772 0
    outer loop
      vertex -46.8835 16.5855 -2.4
      vertex -46.7841 16.4515 0
      vertex -46.7841 16.4515 -2.4
    endloop
  endfacet
  facet normal 0.33683 -0.941566 0
    outer loop
      vertex -46.1206 -60.1594 -2.4
      vertex -45.9635 -60.1032 0
      vertex -46.1206 -60.1594 0
    endloop
  endfacet
  facet normal 0.33683 -0.941566 0
    outer loop
      vertex -45.9635 -60.1032 0
      vertex -46.1206 -60.1594 -2.4
      vertex -45.9635 -60.1032 -2.4
    endloop
  endfacet
  facet normal -0.989168 0.146788 0
    outer loop
      vertex -43.8027 -62.0617 -2.4
      vertex -43.7782 -61.8966 0
      vertex -43.7782 -61.8966 -2.4
    endloop
  endfacet
  facet normal -0.989168 0.146788 0
    outer loop
      vertex -43.7782 -61.8966 0
      vertex -43.8027 -62.0617 -2.4
      vertex -43.8027 -62.0617 0
    endloop
  endfacet
  facet normal -0.998791 0.0491602 0
    outer loop
      vertex -43.7782 -61.8966 -2.4
      vertex -43.77 -61.73 0
      vertex -43.77 -61.73 -2.4
    endloop
  endfacet
  facet normal -0.998791 0.0491602 0
    outer loop
      vertex -43.77 -61.73 0
      vertex -43.7782 -61.8966 -2.4
      vertex -43.7782 -61.8966 0
    endloop
  endfacet
  facet normal -0.970072 0.242818 0
    outer loop
      vertex -43.8432 -62.2235 -2.4
      vertex -43.8027 -62.0617 0
      vertex -43.8027 -62.0617 -2.4
    endloop
  endfacet
  facet normal -0.970072 0.242818 0
    outer loop
      vertex -43.8027 -62.0617 0
      vertex -43.8432 -62.2235 -2.4
      vertex -43.8432 -62.2235 0
    endloop
  endfacet
  facet normal 0.989168 0.146788 0
    outer loop
      vertex -47.1373 -62.0617 0
      vertex -47.1618 -61.8966 -2.4
      vertex -47.1618 -61.8966 0
    endloop
  endfacet
  facet normal 0.989168 0.146788 0
    outer loop
      vertex -47.1618 -61.8966 -2.4
      vertex -47.1373 -62.0617 0
      vertex -47.1373 -62.0617 -2.4
    endloop
  endfacet
  facet normal 0.242818 -0.970072 0
    outer loop
      vertex -45.9635 -60.1032 -2.4
      vertex -45.8017 -60.0627 0
      vertex -45.9635 -60.1032 0
    endloop
  endfacet
  facet normal 0.242818 -0.970072 0
    outer loop
      vertex -45.8017 -60.0627 0
      vertex -45.9635 -60.1032 -2.4
      vertex -45.8017 -60.0627 -2.4
    endloop
  endfacet
  facet normal -0.33683 0.941566 0
    outer loop
      vertex -44.8194 -63.3006 -2.4
      vertex -44.9765 -63.3568 0
      vertex -44.8194 -63.3006 0
    endloop
  endfacet
  facet normal -0.33683 0.941566 0
    outer loop
      vertex -44.9765 -63.3568 0
      vertex -44.8194 -63.3006 -2.4
      vertex -44.9765 -63.3568 -2.4
    endloop
  endfacet
  facet normal 0.514231 0.857652 -0
    outer loop
      vertex -46.2714 -63.2293 -2.4
      vertex -46.4145 -63.1435 0
      vertex -46.2714 -63.2293 0
    endloop
  endfacet
  facet normal 0.514231 0.857652 0
    outer loop
      vertex -46.4145 -63.1435 0
      vertex -46.2714 -63.2293 -2.4
      vertex -46.4145 -63.1435 -2.4
    endloop
  endfacet
  facet normal 0.904043 -0.427442 0
    outer loop
      vertex -47.0406 -61.0794 0
      vertex -46.9693 -60.9286 -2.4
      vertex -46.9693 -60.9286 0
    endloop
  endfacet
  facet normal 0.904043 -0.427442 0
    outer loop
      vertex -46.9693 -60.9286 -2.4
      vertex -47.0406 -61.0794 0
      vertex -47.0406 -61.0794 -2.4
    endloop
  endfacet
  facet normal 0.242818 0.970072 -0
    outer loop
      vertex -45.8017 -63.3973 -2.4
      vertex -45.9635 -63.3568 0
      vertex -45.8017 -63.3973 0
    endloop
  endfacet
  facet normal 0.242818 0.970072 0
    outer loop
      vertex -45.9635 -63.3568 0
      vertex -45.8017 -63.3973 -2.4
      vertex -45.9635 -63.3568 -2.4
    endloop
  endfacet
  facet normal 0.857652 -0.514231 0
    outer loop
      vertex -46.9693 -60.9286 0
      vertex -46.8835 -60.7855 -2.4
      vertex -46.8835 -60.7855 0
    endloop
  endfacet
  facet normal 0.857652 -0.514231 0
    outer loop
      vertex -46.8835 -60.7855 -2.4
      vertex -46.9693 -60.9286 0
      vertex -46.9693 -60.9286 -2.4
    endloop
  endfacet
  facet normal -0.242818 -0.970072 0
    outer loop
      vertex -45.1383 -60.0627 -2.4
      vertex -44.9765 -60.1032 0
      vertex -45.1383 -60.0627 0
    endloop
  endfacet
  facet normal -0.242818 -0.970072 -0
    outer loop
      vertex -44.9765 -60.1032 0
      vertex -45.1383 -60.0627 -2.4
      vertex -44.9765 -60.1032 -2.4
    endloop
  endfacet
  facet normal 0.595772 -0.803154 0
    outer loop
      vertex -46.5485 -60.4159 -2.4
      vertex -46.4145 -60.3165 0
      vertex -46.5485 -60.4159 0
    endloop
  endfacet
  facet normal 0.595772 -0.803154 0
    outer loop
      vertex -46.4145 -60.3165 0
      vertex -46.5485 -60.4159 -2.4
      vertex -46.4145 -60.3165 -2.4
    endloop
  endfacet
  facet normal -0.514231 -0.857652 0
    outer loop
      vertex -44.6686 -60.2307 -2.4
      vertex -44.5255 -60.3165 0
      vertex -44.6686 -60.2307 0
    endloop
  endfacet
  facet normal -0.514231 -0.857652 -0
    outer loop
      vertex -44.5255 -60.3165 0
      vertex -44.6686 -60.2307 -2.4
      vertex -44.5255 -60.3165 -2.4
    endloop
  endfacet
  facet normal -0.803154 -0.595772 0
    outer loop
      vertex -44.0565 -60.7855 -2.4
      vertex -44.1559 -60.6515 0
      vertex -44.1559 -60.6515 -2.4
    endloop
  endfacet
  facet normal -0.803154 -0.595772 0
    outer loop
      vertex -44.1559 -60.6515 0
      vertex -44.0565 -60.7855 -2.4
      vertex -44.0565 -60.7855 0
    endloop
  endfacet
  facet normal -0.146788 0.989168 0
    outer loop
      vertex -45.1383 -63.3973 -2.4
      vertex -45.3034 -63.4218 0
      vertex -45.1383 -63.3973 0
    endloop
  endfacet
  facet normal -0.146788 0.989168 0
    outer loop
      vertex -45.3034 -63.4218 0
      vertex -45.1383 -63.3973 -2.4
      vertex -45.3034 -63.4218 -2.4
    endloop
  endfacet
  facet normal 0.595772 0.803154 -0
    outer loop
      vertex -46.4145 -63.1435 -2.4
      vertex -46.5485 -63.0441 0
      vertex -46.4145 -63.1435 0
    endloop
  endfacet
  facet normal 0.595772 0.803154 0
    outer loop
      vertex -46.5485 -63.0441 0
      vertex -46.4145 -63.1435 -2.4
      vertex -46.5485 -63.0441 -2.4
    endloop
  endfacet
  facet normal -0.427442 -0.904043 0
    outer loop
      vertex -44.8194 -60.1594 -2.4
      vertex -44.6686 -60.2307 0
      vertex -44.8194 -60.1594 0
    endloop
  endfacet
  facet normal -0.427442 -0.904043 -0
    outer loop
      vertex -44.6686 -60.2307 0
      vertex -44.8194 -60.1594 -2.4
      vertex -44.6686 -60.2307 -2.4
    endloop
  endfacet
  facet normal 0.803154 0.595772 0
    outer loop
      vertex -46.7841 -62.8085 0
      vertex -46.8835 -62.6745 -2.4
      vertex -46.8835 -62.6745 0
    endloop
  endfacet
  facet normal 0.803154 0.595772 0
    outer loop
      vertex -46.8835 -62.6745 -2.4
      vertex -46.7841 -62.8085 0
      vertex -46.7841 -62.8085 -2.4
    endloop
  endfacet
  facet normal -0.989168 -0.146788 0
    outer loop
      vertex -43.7782 -61.5634 -2.4
      vertex -43.8027 -61.3983 0
      vertex -43.8027 -61.3983 -2.4
    endloop
  endfacet
  facet normal -0.989168 -0.146788 0
    outer loop
      vertex -43.8027 -61.3983 0
      vertex -43.7782 -61.5634 -2.4
      vertex -43.7782 -61.5634 0
    endloop
  endfacet
  facet normal 0.941566 0.33683 0
    outer loop
      vertex -47.0406 -62.3806 0
      vertex -47.0968 -62.2235 -2.4
      vertex -47.0968 -62.2235 0
    endloop
  endfacet
  facet normal 0.941566 0.33683 0
    outer loop
      vertex -47.0968 -62.2235 -2.4
      vertex -47.0406 -62.3806 0
      vertex -47.0406 -62.3806 -2.4
    endloop
  endfacet
  facet normal -0.427442 0.904043 0
    outer loop
      vertex -44.6686 -63.2293 -2.4
      vertex -44.8194 -63.3006 0
      vertex -44.6686 -63.2293 0
    endloop
  endfacet
  facet normal -0.427442 0.904043 0
    outer loop
      vertex -44.8194 -63.3006 0
      vertex -44.6686 -63.2293 -2.4
      vertex -44.8194 -63.3006 -2.4
    endloop
  endfacet
  facet normal 0.941566 -0.33683 0
    outer loop
      vertex -47.0968 -61.2365 0
      vertex -47.0406 -61.0794 -2.4
      vertex -47.0406 -61.0794 0
    endloop
  endfacet
  facet normal 0.941566 -0.33683 0
    outer loop
      vertex -47.0406 -61.0794 -2.4
      vertex -47.0968 -61.2365 0
      vertex -47.0968 -61.2365 -2.4
    endloop
  endfacet
  facet normal -0.970072 -0.242818 0
    outer loop
      vertex -43.8027 -61.3983 -2.4
      vertex -43.8432 -61.2365 0
      vertex -43.8432 -61.2365 -2.4
    endloop
  endfacet
  facet normal -0.970072 -0.242818 0
    outer loop
      vertex -43.8432 -61.2365 0
      vertex -43.8027 -61.3983 -2.4
      vertex -43.8027 -61.3983 0
    endloop
  endfacet
  facet normal 0.0491602 0.998791 -0
    outer loop
      vertex -45.47 -63.43 -2.4
      vertex -45.6366 -63.4218 0
      vertex -45.47 -63.43 0
    endloop
  endfacet
  facet normal 0.0491602 0.998791 0
    outer loop
      vertex -45.6366 -63.4218 0
      vertex -45.47 -63.43 -2.4
      vertex -45.6366 -63.4218 -2.4
    endloop
  endfacet
  facet normal -0.671478 0.741024 0
    outer loop
      vertex -44.2679 -62.9321 -2.4
      vertex -44.3915 -63.0441 0
      vertex -44.2679 -62.9321 0
    endloop
  endfacet
  facet normal -0.671478 0.741024 0
    outer loop
      vertex -44.3915 -63.0441 0
      vertex -44.2679 -62.9321 -2.4
      vertex -44.3915 -63.0441 -2.4
    endloop
  endfacet
  facet normal 0.427442 0.904043 -0
    outer loop
      vertex -46.1206 -63.3006 -2.4
      vertex -46.2714 -63.2293 0
      vertex -46.1206 -63.3006 0
    endloop
  endfacet
  facet normal 0.427442 0.904043 0
    outer loop
      vertex -46.2714 -63.2293 0
      vertex -46.1206 -63.3006 -2.4
      vertex -46.2714 -63.2293 -2.4
    endloop
  endfacet
  facet normal 0.671478 0.741024 -0
    outer loop
      vertex -46.5485 -63.0441 -2.4
      vertex -46.6721 -62.9321 0
      vertex -46.5485 -63.0441 0
    endloop
  endfacet
  facet normal 0.671478 0.741024 0
    outer loop
      vertex -46.6721 -62.9321 0
      vertex -46.5485 -63.0441 -2.4
      vertex -46.6721 -62.9321 -2.4
    endloop
  endfacet
  facet normal -0.33683 -0.941566 0
    outer loop
      vertex -44.9765 -60.1032 -2.4
      vertex -44.8194 -60.1594 0
      vertex -44.9765 -60.1032 0
    endloop
  endfacet
  facet normal -0.33683 -0.941566 -0
    outer loop
      vertex -44.8194 -60.1594 0
      vertex -44.9765 -60.1032 -2.4
      vertex -44.8194 -60.1594 -2.4
    endloop
  endfacet
  facet normal 0.33683 0.941566 -0
    outer loop
      vertex -45.9635 -63.3568 -2.4
      vertex -46.1206 -63.3006 0
      vertex -45.9635 -63.3568 0
    endloop
  endfacet
  facet normal 0.33683 0.941566 0
    outer loop
      vertex -46.1206 -63.3006 0
      vertex -45.9635 -63.3568 -2.4
      vertex -46.1206 -63.3006 -2.4
    endloop
  endfacet
  facet normal -0.803154 0.595772 0
    outer loop
      vertex -44.1559 -62.8085 -2.4
      vertex -44.0565 -62.6745 0
      vertex -44.0565 -62.6745 -2.4
    endloop
  endfacet
  facet normal -0.803154 0.595772 0
    outer loop
      vertex -44.0565 -62.6745 0
      vertex -44.1559 -62.8085 -2.4
      vertex -44.1559 -62.8085 0
    endloop
  endfacet
  facet normal 0.857652 0.514231 0
    outer loop
      vertex -46.8835 -62.6745 0
      vertex -46.9693 -62.5314 -2.4
      vertex -46.9693 -62.5314 0
    endloop
  endfacet
  facet normal 0.857652 0.514231 0
    outer loop
      vertex -46.9693 -62.5314 -2.4
      vertex -46.8835 -62.6745 0
      vertex -46.8835 -62.6745 -2.4
    endloop
  endfacet
  facet normal -0.998791 -0.0491602 0
    outer loop
      vertex -43.77 -61.73 -2.4
      vertex -43.7782 -61.5634 0
      vertex -43.7782 -61.5634 -2.4
    endloop
  endfacet
  facet normal -0.998791 -0.0491602 0
    outer loop
      vertex -43.7782 -61.5634 0
      vertex -43.77 -61.73 -2.4
      vertex -43.77 -61.73 0
    endloop
  endfacet
  facet normal -0.904043 -0.427442 0
    outer loop
      vertex -43.8994 -61.0794 -2.4
      vertex -43.9707 -60.9286 0
      vertex -43.9707 -60.9286 -2.4
    endloop
  endfacet
  facet normal -0.904043 -0.427442 0
    outer loop
      vertex -43.9707 -60.9286 0
      vertex -43.8994 -61.0794 -2.4
      vertex -43.8994 -61.0794 0
    endloop
  endfacet
  facet normal 0.671478 -0.741024 0
    outer loop
      vertex -46.6721 -60.5279 -2.4
      vertex -46.5485 -60.4159 0
      vertex -46.6721 -60.5279 0
    endloop
  endfacet
  facet normal 0.671478 -0.741024 0
    outer loop
      vertex -46.5485 -60.4159 0
      vertex -46.6721 -60.5279 -2.4
      vertex -46.5485 -60.4159 -2.4
    endloop
  endfacet
  facet normal -0.595772 0.803154 0
    outer loop
      vertex -44.3915 -63.0441 -2.4
      vertex -44.5255 -63.1435 0
      vertex -44.3915 -63.0441 0
    endloop
  endfacet
  facet normal -0.595772 0.803154 0
    outer loop
      vertex -44.5255 -63.1435 0
      vertex -44.3915 -63.0441 -2.4
      vertex -44.5255 -63.1435 -2.4
    endloop
  endfacet
  facet normal 0.514231 -0.857652 0
    outer loop
      vertex -46.4145 -60.3165 -2.4
      vertex -46.2714 -60.2307 0
      vertex -46.4145 -60.3165 0
    endloop
  endfacet
  facet normal 0.514231 -0.857652 0
    outer loop
      vertex -46.2714 -60.2307 0
      vertex -46.4145 -60.3165 -2.4
      vertex -46.2714 -60.2307 -2.4
    endloop
  endfacet
  facet normal -0.514231 0.857652 0
    outer loop
      vertex -44.5255 -63.1435 -2.4
      vertex -44.6686 -63.2293 0
      vertex -44.5255 -63.1435 0
    endloop
  endfacet
  facet normal -0.514231 0.857652 0
    outer loop
      vertex -44.6686 -63.2293 0
      vertex -44.5255 -63.1435 -2.4
      vertex -44.6686 -63.2293 -2.4
    endloop
  endfacet
  facet normal -0.146788 -0.989168 0
    outer loop
      vertex -45.3034 -60.0382 -2.4
      vertex -45.1383 -60.0627 0
      vertex -45.3034 -60.0382 0
    endloop
  endfacet
  facet normal -0.146788 -0.989168 -0
    outer loop
      vertex -45.1383 -60.0627 0
      vertex -45.3034 -60.0382 -2.4
      vertex -45.1383 -60.0627 -2.4
    endloop
  endfacet
  facet normal -0.941566 0.33683 0
    outer loop
      vertex -43.8994 -62.3806 -2.4
      vertex -43.8432 -62.2235 0
      vertex -43.8432 -62.2235 -2.4
    endloop
  endfacet
  facet normal -0.941566 0.33683 0
    outer loop
      vertex -43.8432 -62.2235 0
      vertex -43.8994 -62.3806 -2.4
      vertex -43.8994 -62.3806 0
    endloop
  endfacet
  facet normal -0.857652 -0.514231 0
    outer loop
      vertex -43.9707 -60.9286 -2.4
      vertex -44.0565 -60.7855 0
      vertex -44.0565 -60.7855 -2.4
    endloop
  endfacet
  facet normal -0.857652 -0.514231 0
    outer loop
      vertex -44.0565 -60.7855 0
      vertex -43.9707 -60.9286 -2.4
      vertex -43.9707 -60.9286 0
    endloop
  endfacet
  facet normal 0.998791 -0.0491602 0
    outer loop
      vertex -47.17 -61.73 0
      vertex -47.1618 -61.5634 -2.4
      vertex -47.1618 -61.5634 0
    endloop
  endfacet
  facet normal 0.998791 -0.0491602 0
    outer loop
      vertex -47.1618 -61.5634 -2.4
      vertex -47.17 -61.73 0
      vertex -47.17 -61.73 -2.4
    endloop
  endfacet
  facet normal -0.941566 -0.33683 0
    outer loop
      vertex -43.8432 -61.2365 -2.4
      vertex -43.8994 -61.0794 0
      vertex -43.8994 -61.0794 -2.4
    endloop
  endfacet
  facet normal -0.941566 -0.33683 0
    outer loop
      vertex -43.8994 -61.0794 0
      vertex -43.8432 -61.2365 -2.4
      vertex -43.8432 -61.2365 0
    endloop
  endfacet
  facet normal 0.146788 0.989168 -0
    outer loop
      vertex -45.6366 -63.4218 -2.4
      vertex -45.8017 -63.3973 0
      vertex -45.6366 -63.4218 0
    endloop
  endfacet
  facet normal 0.146788 0.989168 0
    outer loop
      vertex -45.8017 -63.3973 0
      vertex -45.6366 -63.4218 -2.4
      vertex -45.8017 -63.3973 -2.4
    endloop
  endfacet
  facet normal -0.741024 0.671478 0
    outer loop
      vertex -44.2679 -62.9321 -2.4
      vertex -44.1559 -62.8085 0
      vertex -44.1559 -62.8085 -2.4
    endloop
  endfacet
  facet normal -0.741024 0.671478 0
    outer loop
      vertex -44.1559 -62.8085 0
      vertex -44.2679 -62.9321 -2.4
      vertex -44.2679 -62.9321 0
    endloop
  endfacet
  facet normal -0.0491602 0.998791 0
    outer loop
      vertex -45.3034 -63.4218 -2.4
      vertex -45.47 -63.43 0
      vertex -45.3034 -63.4218 0
    endloop
  endfacet
  facet normal -0.0491602 0.998791 0
    outer loop
      vertex -45.47 -63.43 0
      vertex -45.3034 -63.4218 -2.4
      vertex -45.47 -63.43 -2.4
    endloop
  endfacet
  facet normal -0.904043 0.427442 0
    outer loop
      vertex -43.9707 -62.5314 -2.4
      vertex -43.8994 -62.3806 0
      vertex -43.8994 -62.3806 -2.4
    endloop
  endfacet
  facet normal -0.904043 0.427442 0
    outer loop
      vertex -43.8994 -62.3806 0
      vertex -43.9707 -62.5314 -2.4
      vertex -43.9707 -62.5314 0
    endloop
  endfacet
  facet normal 0.146788 -0.989168 0
    outer loop
      vertex -45.8017 -60.0627 -2.4
      vertex -45.6366 -60.0382 0
      vertex -45.8017 -60.0627 0
    endloop
  endfacet
  facet normal 0.146788 -0.989168 0
    outer loop
      vertex -45.6366 -60.0382 0
      vertex -45.8017 -60.0627 -2.4
      vertex -45.6366 -60.0382 -2.4
    endloop
  endfacet
  facet normal -0.671478 -0.741024 0
    outer loop
      vertex -44.3915 -60.4159 -2.4
      vertex -44.2679 -60.5279 0
      vertex -44.3915 -60.4159 0
    endloop
  endfacet
  facet normal -0.671478 -0.741024 -0
    outer loop
      vertex -44.2679 -60.5279 0
      vertex -44.3915 -60.4159 -2.4
      vertex -44.2679 -60.5279 -2.4
    endloop
  endfacet
  facet normal -0.857652 0.514231 0
    outer loop
      vertex -44.0565 -62.6745 -2.4
      vertex -43.9707 -62.5314 0
      vertex -43.9707 -62.5314 -2.4
    endloop
  endfacet
  facet normal -0.857652 0.514231 0
    outer loop
      vertex -43.9707 -62.5314 0
      vertex -44.0565 -62.6745 -2.4
      vertex -44.0565 -62.6745 0
    endloop
  endfacet
  facet normal 0.0491602 -0.998791 0
    outer loop
      vertex -45.6366 -60.0382 -2.4
      vertex -45.47 -60.03 0
      vertex -45.6366 -60.0382 0
    endloop
  endfacet
  facet normal 0.0491602 -0.998791 0
    outer loop
      vertex -45.47 -60.03 0
      vertex -45.6366 -60.0382 -2.4
      vertex -45.47 -60.03 -2.4
    endloop
  endfacet
  facet normal 0.741024 0.671478 0
    outer loop
      vertex -46.6721 -62.9321 0
      vertex -46.7841 -62.8085 -2.4
      vertex -46.7841 -62.8085 0
    endloop
  endfacet
  facet normal 0.741024 0.671478 0
    outer loop
      vertex -46.7841 -62.8085 -2.4
      vertex -46.6721 -62.9321 0
      vertex -46.6721 -62.9321 -2.4
    endloop
  endfacet
  facet normal 0.904043 0.427442 0
    outer loop
      vertex -46.9693 -62.5314 0
      vertex -47.0406 -62.3806 -2.4
      vertex -47.0406 -62.3806 0
    endloop
  endfacet
  facet normal 0.904043 0.427442 0
    outer loop
      vertex -47.0406 -62.3806 -2.4
      vertex -46.9693 -62.5314 0
      vertex -46.9693 -62.5314 -2.4
    endloop
  endfacet
  facet normal 0.970072 0.242818 0
    outer loop
      vertex -47.0968 -62.2235 0
      vertex -47.1373 -62.0617 -2.4
      vertex -47.1373 -62.0617 0
    endloop
  endfacet
  facet normal 0.970072 0.242818 0
    outer loop
      vertex -47.1373 -62.0617 -2.4
      vertex -47.0968 -62.2235 0
      vertex -47.0968 -62.2235 -2.4
    endloop
  endfacet
  facet normal -0.242818 0.970072 0
    outer loop
      vertex -44.9765 -63.3568 -2.4
      vertex -45.1383 -63.3973 0
      vertex -44.9765 -63.3568 0
    endloop
  endfacet
  facet normal -0.242818 0.970072 0
    outer loop
      vertex -45.1383 -63.3973 0
      vertex -44.9765 -63.3568 -2.4
      vertex -45.1383 -63.3973 -2.4
    endloop
  endfacet
  facet normal 0.970072 -0.242818 0
    outer loop
      vertex -47.1373 -61.3983 0
      vertex -47.0968 -61.2365 -2.4
      vertex -47.0968 -61.2365 0
    endloop
  endfacet
  facet normal 0.970072 -0.242818 0
    outer loop
      vertex -47.0968 -61.2365 -2.4
      vertex -47.1373 -61.3983 0
      vertex -47.1373 -61.3983 -2.4
    endloop
  endfacet
  facet normal 0.427442 -0.904043 0
    outer loop
      vertex -46.2714 -60.2307 -2.4
      vertex -46.1206 -60.1594 0
      vertex -46.2714 -60.2307 0
    endloop
  endfacet
  facet normal 0.427442 -0.904043 0
    outer loop
      vertex -46.1206 -60.1594 0
      vertex -46.2714 -60.2307 -2.4
      vertex -46.1206 -60.1594 -2.4
    endloop
  endfacet
  facet normal 0.741024 -0.671478 0
    outer loop
      vertex -46.7841 -60.6515 0
      vertex -46.6721 -60.5279 -2.4
      vertex -46.6721 -60.5279 0
    endloop
  endfacet
  facet normal 0.741024 -0.671478 0
    outer loop
      vertex -46.6721 -60.5279 -2.4
      vertex -46.7841 -60.6515 0
      vertex -46.7841 -60.6515 -2.4
    endloop
  endfacet
  facet normal -0.0491602 -0.998791 0
    outer loop
      vertex -45.47 -60.03 -2.4
      vertex -45.3034 -60.0382 0
      vertex -45.47 -60.03 0
    endloop
  endfacet
  facet normal -0.0491602 -0.998791 -0
    outer loop
      vertex -45.3034 -60.0382 0
      vertex -45.47 -60.03 -2.4
      vertex -45.3034 -60.0382 -2.4
    endloop
  endfacet
  facet normal 0.989168 -0.146788 0
    outer loop
      vertex -47.1618 -61.5634 0
      vertex -47.1373 -61.3983 -2.4
      vertex -47.1373 -61.3983 0
    endloop
  endfacet
  facet normal 0.989168 -0.146788 0
    outer loop
      vertex -47.1373 -61.3983 -2.4
      vertex -47.1618 -61.5634 0
      vertex -47.1618 -61.5634 -2.4
    endloop
  endfacet
  facet normal -0.595772 -0.803154 0
    outer loop
      vertex -44.5255 -60.3165 -2.4
      vertex -44.3915 -60.4159 0
      vertex -44.5255 -60.3165 0
    endloop
  endfacet
  facet normal -0.595772 -0.803154 -0
    outer loop
      vertex -44.3915 -60.4159 0
      vertex -44.5255 -60.3165 -2.4
      vertex -44.3915 -60.4159 -2.4
    endloop
  endfacet
  facet normal 0.803154 -0.595772 0
    outer loop
      vertex -46.8835 -60.7855 0
      vertex -46.7841 -60.6515 -2.4
      vertex -46.7841 -60.6515 0
    endloop
  endfacet
  facet normal 0.803154 -0.595772 0
    outer loop
      vertex -46.7841 -60.6515 -2.4
      vertex -46.8835 -60.7855 0
      vertex -46.8835 -60.7855 -2.4
    endloop
  endfacet
  facet normal 0.998791 0.0491602 0
    outer loop
      vertex -47.1618 -61.8966 0
      vertex -47.17 -61.73 -2.4
      vertex -47.17 -61.73 0
    endloop
  endfacet
  facet normal 0.998791 0.0491602 0
    outer loop
      vertex -47.17 -61.73 -2.4
      vertex -47.1618 -61.8966 0
      vertex -47.1618 -61.8966 -2.4
    endloop
  endfacet
  facet normal -0.741024 -0.671478 0
    outer loop
      vertex -44.1559 -60.6515 -2.4
      vertex -44.2679 -60.5279 0
      vertex -44.2679 -60.5279 -2.4
    endloop
  endfacet
  facet normal -0.741024 -0.671478 0
    outer loop
      vertex -44.2679 -60.5279 0
      vertex -44.1559 -60.6515 -2.4
      vertex -44.1559 -60.6515 0
    endloop
  endfacet
  facet normal -0.989168 0.146788 0
    outer loop
      vertex 47.1373 17.1983 -2.4
      vertex 47.1618 17.3634 0
      vertex 47.1618 17.3634 -2.4
    endloop
  endfacet
  facet normal -0.989168 0.146788 0
    outer loop
      vertex 47.1618 17.3634 0
      vertex 47.1373 17.1983 -2.4
      vertex 47.1373 17.1983 0
    endloop
  endfacet
  facet normal -0.998791 0.0491602 0
    outer loop
      vertex 47.1618 17.3634 -2.4
      vertex 47.17 17.53 0
      vertex 47.17 17.53 -2.4
    endloop
  endfacet
  facet normal -0.998791 0.0491602 0
    outer loop
      vertex 47.17 17.53 0
      vertex 47.1618 17.3634 -2.4
      vertex 47.1618 17.3634 0
    endloop
  endfacet
  facet normal -0.970072 0.242818 0
    outer loop
      vertex 47.0968 17.0365 -2.4
      vertex 47.1373 17.1983 0
      vertex 47.1373 17.1983 -2.4
    endloop
  endfacet
  facet normal -0.970072 0.242818 0
    outer loop
      vertex 47.1373 17.1983 0
      vertex 47.0968 17.0365 -2.4
      vertex 47.0968 17.0365 0
    endloop
  endfacet
  facet normal -0.514231 0.857652 0
    outer loop
      vertex 46.4145 16.1165 -2.4
      vertex 46.2714 16.0307 0
      vertex 46.4145 16.1165 0
    endloop
  endfacet
  facet normal -0.514231 0.857652 0
    outer loop
      vertex 46.2714 16.0307 0
      vertex 46.4145 16.1165 -2.4
      vertex 46.2714 16.0307 -2.4
    endloop
  endfacet
  facet normal 0.671478 -0.741024 0
    outer loop
      vertex 44.2679 18.7321 -2.4
      vertex 44.3915 18.8441 0
      vertex 44.2679 18.7321 0
    endloop
  endfacet
  facet normal 0.671478 -0.741024 0
    outer loop
      vertex 44.3915 18.8441 0
      vertex 44.2679 18.7321 -2.4
      vertex 44.3915 18.8441 -2.4
    endloop
  endfacet
  facet normal 0.427442 -0.904043 0
    outer loop
      vertex 44.6686 19.0293 -2.4
      vertex 44.8194 19.1006 0
      vertex 44.6686 19.0293 0
    endloop
  endfacet
  facet normal 0.427442 -0.904043 0
    outer loop
      vertex 44.8194 19.1006 0
      vertex 44.6686 19.0293 -2.4
      vertex 44.8194 19.1006 -2.4
    endloop
  endfacet
  facet normal 0.941566 0.33683 0
    outer loop
      vertex 43.8994 16.8794 0
      vertex 43.8432 17.0365 -2.4
      vertex 43.8432 17.0365 0
    endloop
  endfacet
  facet normal 0.941566 0.33683 0
    outer loop
      vertex 43.8432 17.0365 -2.4
      vertex 43.8994 16.8794 0
      vertex 43.8994 16.8794 -2.4
    endloop
  endfacet
  facet normal 0.595772 0.803154 -0
    outer loop
      vertex 44.5255 16.1165 -2.4
      vertex 44.3915 16.2159 0
      vertex 44.5255 16.1165 0
    endloop
  endfacet
  facet normal 0.595772 0.803154 0
    outer loop
      vertex 44.3915 16.2159 0
      vertex 44.5255 16.1165 -2.4
      vertex 44.3915 16.2159 -2.4
    endloop
  endfacet
  facet normal -0.0491602 -0.998791 0
    outer loop
      vertex 45.47 19.23 -2.4
      vertex 45.6366 19.2218 0
      vertex 45.47 19.23 0
    endloop
  endfacet
  facet normal -0.0491602 -0.998791 -0
    outer loop
      vertex 45.6366 19.2218 0
      vertex 45.47 19.23 -2.4
      vertex 45.6366 19.2218 -2.4
    endloop
  endfacet
  facet normal -0.427442 -0.904043 0
    outer loop
      vertex 46.1206 19.1006 -2.4
      vertex 46.2714 19.0293 0
      vertex 46.1206 19.1006 0
    endloop
  endfacet
  facet normal -0.427442 -0.904043 -0
    outer loop
      vertex 46.2714 19.0293 0
      vertex 46.1206 19.1006 -2.4
      vertex 46.2714 19.0293 -2.4
    endloop
  endfacet
  facet normal -0.514231 -0.857652 0
    outer loop
      vertex 46.2714 19.0293 -2.4
      vertex 46.4145 18.9435 0
      vertex 46.2714 19.0293 0
    endloop
  endfacet
  facet normal -0.514231 -0.857652 -0
    outer loop
      vertex 46.4145 18.9435 0
      vertex 46.2714 19.0293 -2.4
      vertex 46.4145 18.9435 -2.4
    endloop
  endfacet
  facet normal 0.146788 0.989168 -0
    outer loop
      vertex 45.3034 15.8382 -2.4
      vertex 45.1383 15.8627 0
      vertex 45.3034 15.8382 0
    endloop
  endfacet
  facet normal 0.146788 0.989168 0
    outer loop
      vertex 45.1383 15.8627 0
      vertex 45.3034 15.8382 -2.4
      vertex 45.1383 15.8627 -2.4
    endloop
  endfacet
  facet normal -0.904043 0.427442 0
    outer loop
      vertex 46.9693 16.7286 -2.4
      vertex 47.0406 16.8794 0
      vertex 47.0406 16.8794 -2.4
    endloop
  endfacet
  facet normal -0.904043 0.427442 0
    outer loop
      vertex 47.0406 16.8794 0
      vertex 46.9693 16.7286 -2.4
      vertex 46.9693 16.7286 0
    endloop
  endfacet
  facet normal -0.146788 0.989168 0
    outer loop
      vertex 45.8017 15.8627 -2.4
      vertex 45.6366 15.8382 0
      vertex 45.8017 15.8627 0
    endloop
  endfacet
  facet normal -0.146788 0.989168 0
    outer loop
      vertex 45.6366 15.8382 0
      vertex 45.8017 15.8627 -2.4
      vertex 45.6366 15.8382 -2.4
    endloop
  endfacet
  facet normal -0.595772 0.803154 0
    outer loop
      vertex 46.5485 16.2159 -2.4
      vertex 46.4145 16.1165 0
      vertex 46.5485 16.2159 0
    endloop
  endfacet
  facet normal -0.595772 0.803154 0
    outer loop
      vertex 46.4145 16.1165 0
      vertex 46.5485 16.2159 -2.4
      vertex 46.4145 16.1165 -2.4
    endloop
  endfacet
  facet normal 0.33683 -0.941566 0
    outer loop
      vertex 44.8194 19.1006 -2.4
      vertex 44.9765 19.1568 0
      vertex 44.8194 19.1006 0
    endloop
  endfacet
  facet normal 0.33683 -0.941566 0
    outer loop
      vertex 44.9765 19.1568 0
      vertex 44.8194 19.1006 -2.4
      vertex 44.9765 19.1568 -2.4
    endloop
  endfacet
  facet normal -0.803154 -0.595772 0
    outer loop
      vertex 46.8835 18.4745 -2.4
      vertex 46.7841 18.6085 0
      vertex 46.7841 18.6085 -2.4
    endloop
  endfacet
  facet normal -0.803154 -0.595772 0
    outer loop
      vertex 46.7841 18.6085 0
      vertex 46.8835 18.4745 -2.4
      vertex 46.8835 18.4745 0
    endloop
  endfacet
  facet normal 0.970072 -0.242818 0
    outer loop
      vertex 43.8027 17.8617 0
      vertex 43.8432 18.0235 -2.4
      vertex 43.8432 18.0235 0
    endloop
  endfacet
  facet normal 0.970072 -0.242818 0
    outer loop
      vertex 43.8432 18.0235 -2.4
      vertex 43.8027 17.8617 0
      vertex 43.8027 17.8617 -2.4
    endloop
  endfacet
  facet normal 0.970072 0.242818 0
    outer loop
      vertex 43.8432 17.0365 0
      vertex 43.8027 17.1983 -2.4
      vertex 43.8027 17.1983 0
    endloop
  endfacet
  facet normal 0.970072 0.242818 0
    outer loop
      vertex 43.8027 17.1983 -2.4
      vertex 43.8432 17.0365 0
      vertex 43.8432 17.0365 -2.4
    endloop
  endfacet
  facet normal 0.514231 0.857652 -0
    outer loop
      vertex 44.6686 16.0307 -2.4
      vertex 44.5255 16.1165 0
      vertex 44.6686 16.0307 0
    endloop
  endfacet
  facet normal 0.514231 0.857652 0
    outer loop
      vertex 44.5255 16.1165 0
      vertex 44.6686 16.0307 -2.4
      vertex 44.5255 16.1165 -2.4
    endloop
  endfacet
  facet normal -0.803154 0.595772 0
    outer loop
      vertex 46.7841 16.4515 -2.4
      vertex 46.8835 16.5855 0
      vertex 46.8835 16.5855 -2.4
    endloop
  endfacet
  facet normal -0.803154 0.595772 0
    outer loop
      vertex 46.8835 16.5855 0
      vertex 46.7841 16.4515 -2.4
      vertex 46.7841 16.4515 0
    endloop
  endfacet
  facet normal -0.0491602 0.998791 0
    outer loop
      vertex 45.6366 15.8382 -2.4
      vertex 45.47 15.83 0
      vertex 45.6366 15.8382 0
    endloop
  endfacet
  facet normal -0.0491602 0.998791 0
    outer loop
      vertex 45.47 15.83 0
      vertex 45.6366 15.8382 -2.4
      vertex 45.47 15.83 -2.4
    endloop
  endfacet
  facet normal -0.242818 -0.970072 0
    outer loop
      vertex 45.8017 19.1973 -2.4
      vertex 45.9635 19.1568 0
      vertex 45.8017 19.1973 0
    endloop
  endfacet
  facet normal -0.242818 -0.970072 -0
    outer loop
      vertex 45.9635 19.1568 0
      vertex 45.8017 19.1973 -2.4
      vertex 45.9635 19.1568 -2.4
    endloop
  endfacet
  facet normal 0.514231 -0.857652 0
    outer loop
      vertex 44.5255 18.9435 -2.4
      vertex 44.6686 19.0293 0
      vertex 44.5255 18.9435 0
    endloop
  endfacet
  facet normal 0.514231 -0.857652 0
    outer loop
      vertex 44.6686 19.0293 0
      vertex 44.5255 18.9435 -2.4
      vertex 44.6686 19.0293 -2.4
    endloop
  endfacet
  facet normal 0.595772 -0.803154 0
    outer loop
      vertex 44.3915 18.8441 -2.4
      vertex 44.5255 18.9435 0
      vertex 44.3915 18.8441 0
    endloop
  endfacet
  facet normal 0.595772 -0.803154 0
    outer loop
      vertex 44.5255 18.9435 0
      vertex 44.3915 18.8441 -2.4
      vertex 44.5255 18.9435 -2.4
    endloop
  endfacet
  facet normal 0.741024 -0.671478 0
    outer loop
      vertex 44.1559 18.6085 0
      vertex 44.2679 18.7321 -2.4
      vertex 44.2679 18.7321 0
    endloop
  endfacet
  facet normal 0.741024 -0.671478 0
    outer loop
      vertex 44.2679 18.7321 -2.4
      vertex 44.1559 18.6085 0
      vertex 44.1559 18.6085 -2.4
    endloop
  endfacet
  facet normal -0.904043 -0.427442 0
    outer loop
      vertex 47.0406 18.1806 -2.4
      vertex 46.9693 18.3314 0
      vertex 46.9693 18.3314 -2.4
    endloop
  endfacet
  facet normal -0.904043 -0.427442 0
    outer loop
      vertex 46.9693 18.3314 0
      vertex 47.0406 18.1806 -2.4
      vertex 47.0406 18.1806 0
    endloop
  endfacet
  facet normal 0.242818 -0.970072 0
    outer loop
      vertex 44.9765 19.1568 -2.4
      vertex 45.1383 19.1973 0
      vertex 44.9765 19.1568 0
    endloop
  endfacet
  facet normal 0.242818 -0.970072 0
    outer loop
      vertex 45.1383 19.1973 0
      vertex 44.9765 19.1568 -2.4
      vertex 45.1383 19.1973 -2.4
    endloop
  endfacet
  facet normal 0.33683 0.941566 -0
    outer loop
      vertex 44.9765 15.9032 -2.4
      vertex 44.8194 15.9594 0
      vertex 44.9765 15.9032 0
    endloop
  endfacet
  facet normal 0.33683 0.941566 0
    outer loop
      vertex 44.8194 15.9594 0
      vertex 44.9765 15.9032 -2.4
      vertex 44.8194 15.9594 -2.4
    endloop
  endfacet
  facet normal 0.741024 0.671478 0
    outer loop
      vertex 44.2679 16.3279 0
      vertex 44.1559 16.4515 -2.4
      vertex 44.1559 16.4515 0
    endloop
  endfacet
  facet normal 0.741024 0.671478 0
    outer loop
      vertex 44.1559 16.4515 -2.4
      vertex 44.2679 16.3279 0
      vertex 44.2679 16.3279 -2.4
    endloop
  endfacet
  facet normal -0.998791 -0.0491602 0
    outer loop
      vertex 47.17 17.53 -2.4
      vertex 47.1618 17.6966 0
      vertex 47.1618 17.6966 -2.4
    endloop
  endfacet
  facet normal -0.998791 -0.0491602 0
    outer loop
      vertex 47.1618 17.6966 0
      vertex 47.17 17.53 -2.4
      vertex 47.17 17.53 0
    endloop
  endfacet
  facet normal -0.146788 -0.989168 0
    outer loop
      vertex 45.6366 19.2218 -2.4
      vertex 45.8017 19.1973 0
      vertex 45.6366 19.2218 0
    endloop
  endfacet
  facet normal -0.146788 -0.989168 -0
    outer loop
      vertex 45.8017 19.1973 0
      vertex 45.6366 19.2218 -2.4
      vertex 45.8017 19.1973 -2.4
    endloop
  endfacet
  facet normal 0.998791 -0.0491602 0
    outer loop
      vertex 43.77 17.53 0
      vertex 43.7782 17.6966 -2.4
      vertex 43.7782 17.6966 0
    endloop
  endfacet
  facet normal 0.998791 -0.0491602 0
    outer loop
      vertex 43.7782 17.6966 -2.4
      vertex 43.77 17.53 0
      vertex 43.77 17.53 -2.4
    endloop
  endfacet
  facet normal -0.941566 0.33683 0
    outer loop
      vertex 47.0406 16.8794 -2.4
      vertex 47.0968 17.0365 0
      vertex 47.0968 17.0365 -2.4
    endloop
  endfacet
  facet normal -0.941566 0.33683 0
    outer loop
      vertex 47.0968 17.0365 0
      vertex 47.0406 16.8794 -2.4
      vertex 47.0406 16.8794 0
    endloop
  endfacet
  facet normal 0.998791 0.0491602 0
    outer loop
      vertex 43.7782 17.3634 0
      vertex 43.77 17.53 -2.4
      vertex 43.77 17.53 0
    endloop
  endfacet
  facet normal 0.998791 0.0491602 0
    outer loop
      vertex 43.77 17.53 -2.4
      vertex 43.7782 17.3634 0
      vertex 43.7782 17.3634 -2.4
    endloop
  endfacet
  facet normal -0.970072 -0.242818 0
    outer loop
      vertex 47.1373 17.8617 -2.4
      vertex 47.0968 18.0235 0
      vertex 47.0968 18.0235 -2.4
    endloop
  endfacet
  facet normal -0.970072 -0.242818 0
    outer loop
      vertex 47.0968 18.0235 0
      vertex 47.1373 17.8617 -2.4
      vertex 47.1373 17.8617 0
    endloop
  endfacet
  facet normal 0.0491602 -0.998791 0
    outer loop
      vertex 45.3034 19.2218 -2.4
      vertex 45.47 19.23 0
      vertex 45.3034 19.2218 0
    endloop
  endfacet
  facet normal 0.0491602 -0.998791 0
    outer loop
      vertex 45.47 19.23 0
      vertex 45.3034 19.2218 -2.4
      vertex 45.47 19.23 -2.4
    endloop
  endfacet
  facet normal -0.671478 0.741024 0
    outer loop
      vertex 46.6721 16.3279 -2.4
      vertex 46.5485 16.2159 0
      vertex 46.6721 16.3279 0
    endloop
  endfacet
  facet normal -0.671478 0.741024 0
    outer loop
      vertex 46.5485 16.2159 0
      vertex 46.6721 16.3279 -2.4
      vertex 46.5485 16.2159 -2.4
    endloop
  endfacet
  facet normal -0.33683 0.941566 0
    outer loop
      vertex 46.1206 15.9594 -2.4
      vertex 45.9635 15.9032 0
      vertex 46.1206 15.9594 0
    endloop
  endfacet
  facet normal -0.33683 0.941566 0
    outer loop
      vertex 45.9635 15.9032 0
      vertex 46.1206 15.9594 -2.4
      vertex 45.9635 15.9032 -2.4
    endloop
  endfacet
  facet normal 0.146788 -0.989168 0
    outer loop
      vertex 45.1383 19.1973 -2.4
      vertex 45.3034 19.2218 0
      vertex 45.1383 19.1973 0
    endloop
  endfacet
  facet normal 0.146788 -0.989168 0
    outer loop
      vertex 45.3034 19.2218 0
      vertex 45.1383 19.1973 -2.4
      vertex 45.3034 19.2218 -2.4
    endloop
  endfacet
  facet normal 0.803154 0.595772 0
    outer loop
      vertex 44.1559 16.4515 0
      vertex 44.0565 16.5855 -2.4
      vertex 44.0565 16.5855 0
    endloop
  endfacet
  facet normal 0.803154 0.595772 0
    outer loop
      vertex 44.0565 16.5855 -2.4
      vertex 44.1559 16.4515 0
      vertex 44.1559 16.4515 -2.4
    endloop
  endfacet
  facet normal -0.857652 -0.514231 0
    outer loop
      vertex 46.9693 18.3314 -2.4
      vertex 46.8835 18.4745 0
      vertex 46.8835 18.4745 -2.4
    endloop
  endfacet
  facet normal -0.857652 -0.514231 0
    outer loop
      vertex 46.8835 18.4745 0
      vertex 46.9693 18.3314 -2.4
      vertex 46.9693 18.3314 0
    endloop
  endfacet
  facet normal -0.427442 0.904043 0
    outer loop
      vertex 46.2714 16.0307 -2.4
      vertex 46.1206 15.9594 0
      vertex 46.2714 16.0307 0
    endloop
  endfacet
  facet normal -0.427442 0.904043 0
    outer loop
      vertex 46.1206 15.9594 0
      vertex 46.2714 16.0307 -2.4
      vertex 46.1206 15.9594 -2.4
    endloop
  endfacet
  facet normal -0.857652 0.514231 0
    outer loop
      vertex 46.8835 16.5855 -2.4
      vertex 46.9693 16.7286 0
      vertex 46.9693 16.7286 -2.4
    endloop
  endfacet
  facet normal -0.857652 0.514231 0
    outer loop
      vertex 46.9693 16.7286 0
      vertex 46.8835 16.5855 -2.4
      vertex 46.8835 16.5855 0
    endloop
  endfacet
  facet normal 0.0491602 0.998791 -0
    outer loop
      vertex 45.47 15.83 -2.4
      vertex 45.3034 15.8382 0
      vertex 45.47 15.83 0
    endloop
  endfacet
  facet normal 0.0491602 0.998791 0
    outer loop
      vertex 45.3034 15.8382 0
      vertex 45.47 15.83 -2.4
      vertex 45.3034 15.8382 -2.4
    endloop
  endfacet
  facet normal -0.989168 -0.146788 0
    outer loop
      vertex 47.1618 17.6966 -2.4
      vertex 47.1373 17.8617 0
      vertex 47.1373 17.8617 -2.4
    endloop
  endfacet
  facet normal -0.989168 -0.146788 0
    outer loop
      vertex 47.1373 17.8617 0
      vertex 47.1618 17.6966 -2.4
      vertex 47.1618 17.6966 0
    endloop
  endfacet
  facet normal 0.857652 0.514231 0
    outer loop
      vertex 44.0565 16.5855 0
      vertex 43.9707 16.7286 -2.4
      vertex 43.9707 16.7286 0
    endloop
  endfacet
  facet normal 0.857652 0.514231 0
    outer loop
      vertex 43.9707 16.7286 -2.4
      vertex 44.0565 16.5855 0
      vertex 44.0565 16.5855 -2.4
    endloop
  endfacet
  facet normal 0.671478 0.741024 -0
    outer loop
      vertex 44.3915 16.2159 -2.4
      vertex 44.2679 16.3279 0
      vertex 44.3915 16.2159 0
    endloop
  endfacet
  facet normal 0.671478 0.741024 0
    outer loop
      vertex 44.2679 16.3279 0
      vertex 44.3915 16.2159 -2.4
      vertex 44.2679 16.3279 -2.4
    endloop
  endfacet
  facet normal 0.427442 0.904043 -0
    outer loop
      vertex 44.8194 15.9594 -2.4
      vertex 44.6686 16.0307 0
      vertex 44.8194 15.9594 0
    endloop
  endfacet
  facet normal 0.427442 0.904043 0
    outer loop
      vertex 44.6686 16.0307 0
      vertex 44.8194 15.9594 -2.4
      vertex 44.6686 16.0307 -2.4
    endloop
  endfacet
  facet normal 0.941566 -0.33683 0
    outer loop
      vertex 43.8432 18.0235 0
      vertex 43.8994 18.1806 -2.4
      vertex 43.8994 18.1806 0
    endloop
  endfacet
  facet normal 0.941566 -0.33683 0
    outer loop
      vertex 43.8994 18.1806 -2.4
      vertex 43.8432 18.0235 0
      vertex 43.8432 18.0235 -2.4
    endloop
  endfacet
  facet normal 0.904043 -0.427442 0
    outer loop
      vertex 43.8994 18.1806 0
      vertex 43.9707 18.3314 -2.4
      vertex 43.9707 18.3314 0
    endloop
  endfacet
  facet normal 0.904043 -0.427442 0
    outer loop
      vertex 43.9707 18.3314 -2.4
      vertex 43.8994 18.1806 0
      vertex 43.8994 18.1806 -2.4
    endloop
  endfacet
  facet normal -0.33683 -0.941566 0
    outer loop
      vertex 45.9635 19.1568 -2.4
      vertex 46.1206 19.1006 0
      vertex 45.9635 19.1568 0
    endloop
  endfacet
  facet normal -0.33683 -0.941566 -0
    outer loop
      vertex 46.1206 19.1006 0
      vertex 45.9635 19.1568 -2.4
      vertex 46.1206 19.1006 -2.4
    endloop
  endfacet
  facet normal 0.242818 0.970072 -0
    outer loop
      vertex 45.1383 15.8627 -2.4
      vertex 44.9765 15.9032 0
      vertex 45.1383 15.8627 0
    endloop
  endfacet
  facet normal 0.242818 0.970072 0
    outer loop
      vertex 44.9765 15.9032 0
      vertex 45.1383 15.8627 -2.4
      vertex 44.9765 15.9032 -2.4
    endloop
  endfacet
  facet normal 0.803154 -0.595772 0
    outer loop
      vertex 44.0565 18.4745 0
      vertex 44.1559 18.6085 -2.4
      vertex 44.1559 18.6085 0
    endloop
  endfacet
  facet normal 0.803154 -0.595772 0
    outer loop
      vertex 44.1559 18.6085 -2.4
      vertex 44.0565 18.4745 0
      vertex 44.0565 18.4745 -2.4
    endloop
  endfacet
  facet normal 0.989168 -0.146788 0
    outer loop
      vertex 43.7782 17.6966 0
      vertex 43.8027 17.8617 -2.4
      vertex 43.8027 17.8617 0
    endloop
  endfacet
  facet normal 0.989168 -0.146788 0
    outer loop
      vertex 43.8027 17.8617 -2.4
      vertex 43.7782 17.6966 0
      vertex 43.7782 17.6966 -2.4
    endloop
  endfacet
  facet normal -0.741024 0.671478 0
    outer loop
      vertex 46.6721 16.3279 -2.4
      vertex 46.7841 16.4515 0
      vertex 46.7841 16.4515 -2.4
    endloop
  endfacet
  facet normal -0.741024 0.671478 0
    outer loop
      vertex 46.7841 16.4515 0
      vertex 46.6721 16.3279 -2.4
      vertex 46.6721 16.3279 0
    endloop
  endfacet
  facet normal -0.242818 0.970072 0
    outer loop
      vertex 45.9635 15.9032 -2.4
      vertex 45.8017 15.8627 0
      vertex 45.9635 15.9032 0
    endloop
  endfacet
  facet normal -0.242818 0.970072 0
    outer loop
      vertex 45.8017 15.8627 0
      vertex 45.9635 15.9032 -2.4
      vertex 45.8017 15.8627 -2.4
    endloop
  endfacet
  facet normal -0.941566 -0.33683 0
    outer loop
      vertex 47.0968 18.0235 -2.4
      vertex 47.0406 18.1806 0
      vertex 47.0406 18.1806 -2.4
    endloop
  endfacet
  facet normal -0.941566 -0.33683 0
    outer loop
      vertex 47.0406 18.1806 0
      vertex 47.0968 18.0235 -2.4
      vertex 47.0968 18.0235 0
    endloop
  endfacet
  facet normal -0.671478 -0.741024 0
    outer loop
      vertex 46.5485 18.8441 -2.4
      vertex 46.6721 18.7321 0
      vertex 46.5485 18.8441 0
    endloop
  endfacet
  facet normal -0.671478 -0.741024 -0
    outer loop
      vertex 46.6721 18.7321 0
      vertex 46.5485 18.8441 -2.4
      vertex 46.6721 18.7321 -2.4
    endloop
  endfacet
  facet normal -0.595772 -0.803154 0
    outer loop
      vertex 46.4145 18.9435 -2.4
      vertex 46.5485 18.8441 0
      vertex 46.4145 18.9435 0
    endloop
  endfacet
  facet normal -0.595772 -0.803154 -0
    outer loop
      vertex 46.5485 18.8441 0
      vertex 46.4145 18.9435 -2.4
      vertex 46.5485 18.8441 -2.4
    endloop
  endfacet
  facet normal 0.857652 -0.514231 0
    outer loop
      vertex 43.9707 18.3314 0
      vertex 44.0565 18.4745 -2.4
      vertex 44.0565 18.4745 0
    endloop
  endfacet
  facet normal 0.857652 -0.514231 0
    outer loop
      vertex 44.0565 18.4745 -2.4
      vertex 43.9707 18.3314 0
      vertex 43.9707 18.3314 -2.4
    endloop
  endfacet
  facet normal 0.989168 0.146788 0
    outer loop
      vertex 43.8027 17.1983 0
      vertex 43.7782 17.3634 -2.4
      vertex 43.7782 17.3634 0
    endloop
  endfacet
  facet normal 0.989168 0.146788 0
    outer loop
      vertex 43.7782 17.3634 -2.4
      vertex 43.8027 17.1983 0
      vertex 43.8027 17.1983 -2.4
    endloop
  endfacet
  facet normal 0.904043 0.427442 0
    outer loop
      vertex 43.9707 16.7286 0
      vertex 43.8994 16.8794 -2.4
      vertex 43.8994 16.8794 0
    endloop
  endfacet
  facet normal 0.904043 0.427442 0
    outer loop
      vertex 43.8994 16.8794 -2.4
      vertex 43.9707 16.7286 0
      vertex 43.9707 16.7286 -2.4
    endloop
  endfacet
  facet normal -0.741024 -0.671478 0
    outer loop
      vertex 46.7841 18.6085 -2.4
      vertex 46.6721 18.7321 0
      vertex 46.6721 18.7321 -2.4
    endloop
  endfacet
  facet normal -0.741024 -0.671478 0
    outer loop
      vertex 46.6721 18.7321 0
      vertex 46.7841 18.6085 -2.4
      vertex 46.7841 18.6085 0
    endloop
  endfacet
  facet normal -0.989168 0.146788 0
    outer loop
      vertex 47.1373 -62.0617 -2.4
      vertex 47.1618 -61.8966 0
      vertex 47.1618 -61.8966 -2.4
    endloop
  endfacet
  facet normal -0.989168 0.146788 0
    outer loop
      vertex 47.1618 -61.8966 0
      vertex 47.1373 -62.0617 -2.4
      vertex 47.1373 -62.0617 0
    endloop
  endfacet
  facet normal -0.998791 0.0491602 0
    outer loop
      vertex 47.1618 -61.8966 -2.4
      vertex 47.17 -61.73 0
      vertex 47.17 -61.73 -2.4
    endloop
  endfacet
  facet normal -0.998791 0.0491602 0
    outer loop
      vertex 47.17 -61.73 0
      vertex 47.1618 -61.8966 -2.4
      vertex 47.1618 -61.8966 0
    endloop
  endfacet
  facet normal -0.970072 0.242818 0
    outer loop
      vertex 47.0968 -62.2235 -2.4
      vertex 47.1373 -62.0617 0
      vertex 47.1373 -62.0617 -2.4
    endloop
  endfacet
  facet normal -0.970072 0.242818 0
    outer loop
      vertex 47.1373 -62.0617 0
      vertex 47.0968 -62.2235 -2.4
      vertex 47.0968 -62.2235 0
    endloop
  endfacet
  facet normal 0.970072 0.242818 0
    outer loop
      vertex 43.8432 -62.2235 0
      vertex 43.8027 -62.0617 -2.4
      vertex 43.8027 -62.0617 0
    endloop
  endfacet
  facet normal 0.970072 0.242818 0
    outer loop
      vertex 43.8027 -62.0617 -2.4
      vertex 43.8432 -62.2235 0
      vertex 43.8432 -62.2235 -2.4
    endloop
  endfacet
  facet normal -0.514231 0.857652 0
    outer loop
      vertex 46.4145 -63.1435 -2.4
      vertex 46.2714 -63.2293 0
      vertex 46.4145 -63.1435 0
    endloop
  endfacet
  facet normal -0.514231 0.857652 0
    outer loop
      vertex 46.2714 -63.2293 0
      vertex 46.4145 -63.1435 -2.4
      vertex 46.2714 -63.2293 -2.4
    endloop
  endfacet
  facet normal -0.741024 -0.671478 0
    outer loop
      vertex 46.7841 -60.6515 -2.4
      vertex 46.6721 -60.5279 0
      vertex 46.6721 -60.5279 -2.4
    endloop
  endfacet
  facet normal -0.741024 -0.671478 0
    outer loop
      vertex 46.6721 -60.5279 0
      vertex 46.7841 -60.6515 -2.4
      vertex 46.7841 -60.6515 0
    endloop
  endfacet
  facet normal -0.857652 -0.514231 0
    outer loop
      vertex 46.9693 -60.9286 -2.4
      vertex 46.8835 -60.7855 0
      vertex 46.8835 -60.7855 -2.4
    endloop
  endfacet
  facet normal -0.857652 -0.514231 0
    outer loop
      vertex 46.8835 -60.7855 0
      vertex 46.9693 -60.9286 -2.4
      vertex 46.9693 -60.9286 0
    endloop
  endfacet
  facet normal 0.803154 -0.595772 0
    outer loop
      vertex 44.0565 -60.7855 0
      vertex 44.1559 -60.6515 -2.4
      vertex 44.1559 -60.6515 0
    endloop
  endfacet
  facet normal 0.803154 -0.595772 0
    outer loop
      vertex 44.1559 -60.6515 -2.4
      vertex 44.0565 -60.7855 0
      vertex 44.0565 -60.7855 -2.4
    endloop
  endfacet
  facet normal -0.941566 0.33683 0
    outer loop
      vertex 47.0406 -62.3806 -2.4
      vertex 47.0968 -62.2235 0
      vertex 47.0968 -62.2235 -2.4
    endloop
  endfacet
  facet normal -0.941566 0.33683 0
    outer loop
      vertex 47.0968 -62.2235 0
      vertex 47.0406 -62.3806 -2.4
      vertex 47.0406 -62.3806 0
    endloop
  endfacet
  facet normal -0.146788 0.989168 0
    outer loop
      vertex 45.8017 -63.3973 -2.4
      vertex 45.6366 -63.4218 0
      vertex 45.8017 -63.3973 0
    endloop
  endfacet
  facet normal -0.146788 0.989168 0
    outer loop
      vertex 45.6366 -63.4218 0
      vertex 45.8017 -63.3973 -2.4
      vertex 45.6366 -63.4218 -2.4
    endloop
  endfacet
  facet normal -0.671478 -0.741024 0
    outer loop
      vertex 46.5485 -60.4159 -2.4
      vertex 46.6721 -60.5279 0
      vertex 46.5485 -60.4159 0
    endloop
  endfacet
  facet normal -0.671478 -0.741024 -0
    outer loop
      vertex 46.6721 -60.5279 0
      vertex 46.5485 -60.4159 -2.4
      vertex 46.6721 -60.5279 -2.4
    endloop
  endfacet
  facet normal 0.941566 -0.33683 0
    outer loop
      vertex 43.8432 -61.2365 0
      vertex 43.8994 -61.0794 -2.4
      vertex 43.8994 -61.0794 0
    endloop
  endfacet
  facet normal 0.941566 -0.33683 0
    outer loop
      vertex 43.8994 -61.0794 -2.4
      vertex 43.8432 -61.2365 0
      vertex 43.8432 -61.2365 -2.4
    endloop
  endfacet
  facet normal -0.671478 0.741024 0
    outer loop
      vertex 46.6721 -62.9321 -2.4
      vertex 46.5485 -63.0441 0
      vertex 46.6721 -62.9321 0
    endloop
  endfacet
  facet normal -0.671478 0.741024 0
    outer loop
      vertex 46.5485 -63.0441 0
      vertex 46.6721 -62.9321 -2.4
      vertex 46.5485 -63.0441 -2.4
    endloop
  endfacet
  facet normal -0.803154 -0.595772 0
    outer loop
      vertex 46.8835 -60.7855 -2.4
      vertex 46.7841 -60.6515 0
      vertex 46.7841 -60.6515 -2.4
    endloop
  endfacet
  facet normal -0.803154 -0.595772 0
    outer loop
      vertex 46.7841 -60.6515 0
      vertex 46.8835 -60.7855 -2.4
      vertex 46.8835 -60.7855 0
    endloop
  endfacet
  facet normal 0.595772 0.803154 -0
    outer loop
      vertex 44.5255 -63.1435 -2.4
      vertex 44.3915 -63.0441 0
      vertex 44.5255 -63.1435 0
    endloop
  endfacet
  facet normal 0.595772 0.803154 0
    outer loop
      vertex 44.3915 -63.0441 0
      vertex 44.5255 -63.1435 -2.4
      vertex 44.3915 -63.0441 -2.4
    endloop
  endfacet
  facet normal -0.595772 0.803154 0
    outer loop
      vertex 46.5485 -63.0441 -2.4
      vertex 46.4145 -63.1435 0
      vertex 46.5485 -63.0441 0
    endloop
  endfacet
  facet normal -0.595772 0.803154 0
    outer loop
      vertex 46.4145 -63.1435 0
      vertex 46.5485 -63.0441 -2.4
      vertex 46.4145 -63.1435 -2.4
    endloop
  endfacet
  facet normal -0.904043 -0.427442 0
    outer loop
      vertex 47.0406 -61.0794 -2.4
      vertex 46.9693 -60.9286 0
      vertex 46.9693 -60.9286 -2.4
    endloop
  endfacet
  facet normal -0.904043 -0.427442 0
    outer loop
      vertex 46.9693 -60.9286 0
      vertex 47.0406 -61.0794 -2.4
      vertex 47.0406 -61.0794 0
    endloop
  endfacet
  facet normal 0.427442 0.904043 -0
    outer loop
      vertex 44.8194 -63.3006 -2.4
      vertex 44.6686 -63.2293 0
      vertex 44.8194 -63.3006 0
    endloop
  endfacet
  facet normal 0.427442 0.904043 0
    outer loop
      vertex 44.6686 -63.2293 0
      vertex 44.8194 -63.3006 -2.4
      vertex 44.6686 -63.2293 -2.4
    endloop
  endfacet
  facet normal -0.242818 -0.970072 0
    outer loop
      vertex 45.8017 -60.0627 -2.4
      vertex 45.9635 -60.1032 0
      vertex 45.8017 -60.0627 0
    endloop
  endfacet
  facet normal -0.242818 -0.970072 -0
    outer loop
      vertex 45.9635 -60.1032 0
      vertex 45.8017 -60.0627 -2.4
      vertex 45.9635 -60.1032 -2.4
    endloop
  endfacet
  facet normal 0.427442 -0.904043 0
    outer loop
      vertex 44.6686 -60.2307 -2.4
      vertex 44.8194 -60.1594 0
      vertex 44.6686 -60.2307 0
    endloop
  endfacet
  facet normal 0.427442 -0.904043 0
    outer loop
      vertex 44.8194 -60.1594 0
      vertex 44.6686 -60.2307 -2.4
      vertex 44.8194 -60.1594 -2.4
    endloop
  endfacet
  facet normal 0.741024 0.671478 0
    outer loop
      vertex 44.2679 -62.9321 0
      vertex 44.1559 -62.8085 -2.4
      vertex 44.1559 -62.8085 0
    endloop
  endfacet
  facet normal 0.741024 0.671478 0
    outer loop
      vertex 44.1559 -62.8085 -2.4
      vertex 44.2679 -62.9321 0
      vertex 44.2679 -62.9321 -2.4
    endloop
  endfacet
  facet normal -0.427442 0.904043 0
    outer loop
      vertex 46.2714 -63.2293 -2.4
      vertex 46.1206 -63.3006 0
      vertex 46.2714 -63.2293 0
    endloop
  endfacet
  facet normal -0.427442 0.904043 0
    outer loop
      vertex 46.1206 -63.3006 0
      vertex 46.2714 -63.2293 -2.4
      vertex 46.1206 -63.3006 -2.4
    endloop
  endfacet
  facet normal 0.514231 0.857652 -0
    outer loop
      vertex 44.6686 -63.2293 -2.4
      vertex 44.5255 -63.1435 0
      vertex 44.6686 -63.2293 0
    endloop
  endfacet
  facet normal 0.514231 0.857652 0
    outer loop
      vertex 44.5255 -63.1435 0
      vertex 44.6686 -63.2293 -2.4
      vertex 44.5255 -63.1435 -2.4
    endloop
  endfacet
  facet normal 0.33683 0.941566 -0
    outer loop
      vertex 44.9765 -63.3568 -2.4
      vertex 44.8194 -63.3006 0
      vertex 44.9765 -63.3568 0
    endloop
  endfacet
  facet normal 0.33683 0.941566 0
    outer loop
      vertex 44.8194 -63.3006 0
      vertex 44.9765 -63.3568 -2.4
      vertex 44.8194 -63.3006 -2.4
    endloop
  endfacet
  facet normal 0.998791 -0.0491602 0
    outer loop
      vertex 43.77 -61.73 0
      vertex 43.7782 -61.5634 -2.4
      vertex 43.7782 -61.5634 0
    endloop
  endfacet
  facet normal 0.998791 -0.0491602 0
    outer loop
      vertex 43.7782 -61.5634 -2.4
      vertex 43.77 -61.73 0
      vertex 43.77 -61.73 -2.4
    endloop
  endfacet
  facet normal 0.741024 -0.671478 0
    outer loop
      vertex 44.1559 -60.6515 0
      vertex 44.2679 -60.5279 -2.4
      vertex 44.2679 -60.5279 0
    endloop
  endfacet
  facet normal 0.741024 -0.671478 0
    outer loop
      vertex 44.2679 -60.5279 -2.4
      vertex 44.1559 -60.6515 0
      vertex 44.1559 -60.6515 -2.4
    endloop
  endfacet
  facet normal 0.146788 -0.989168 0
    outer loop
      vertex 45.1383 -60.0627 -2.4
      vertex 45.3034 -60.0382 0
      vertex 45.1383 -60.0627 0
    endloop
  endfacet
  facet normal 0.146788 -0.989168 0
    outer loop
      vertex 45.3034 -60.0382 0
      vertex 45.1383 -60.0627 -2.4
      vertex 45.3034 -60.0382 -2.4
    endloop
  endfacet
  facet normal 0.0491602 -0.998791 0
    outer loop
      vertex 45.3034 -60.0382 -2.4
      vertex 45.47 -60.03 0
      vertex 45.3034 -60.0382 0
    endloop
  endfacet
  facet normal 0.0491602 -0.998791 0
    outer loop
      vertex 45.47 -60.03 0
      vertex 45.3034 -60.0382 -2.4
      vertex 45.47 -60.03 -2.4
    endloop
  endfacet
  facet normal 0.595772 -0.803154 0
    outer loop
      vertex 44.3915 -60.4159 -2.4
      vertex 44.5255 -60.3165 0
      vertex 44.3915 -60.4159 0
    endloop
  endfacet
  facet normal 0.595772 -0.803154 0
    outer loop
      vertex 44.5255 -60.3165 0
      vertex 44.3915 -60.4159 -2.4
      vertex 44.5255 -60.3165 -2.4
    endloop
  endfacet
  facet normal -0.803154 0.595772 0
    outer loop
      vertex 46.7841 -62.8085 -2.4
      vertex 46.8835 -62.6745 0
      vertex 46.8835 -62.6745 -2.4
    endloop
  endfacet
  facet normal -0.803154 0.595772 0
    outer loop
      vertex 46.8835 -62.6745 0
      vertex 46.7841 -62.8085 -2.4
      vertex 46.7841 -62.8085 0
    endloop
  endfacet
  facet normal 0.857652 -0.514231 0
    outer loop
      vertex 43.9707 -60.9286 0
      vertex 44.0565 -60.7855 -2.4
      vertex 44.0565 -60.7855 0
    endloop
  endfacet
  facet normal 0.857652 -0.514231 0
    outer loop
      vertex 44.0565 -60.7855 -2.4
      vertex 43.9707 -60.9286 0
      vertex 43.9707 -60.9286 -2.4
    endloop
  endfacet
  facet normal 0.671478 0.741024 -0
    outer loop
      vertex 44.3915 -63.0441 -2.4
      vertex 44.2679 -62.9321 0
      vertex 44.3915 -63.0441 0
    endloop
  endfacet
  facet normal 0.671478 0.741024 0
    outer loop
      vertex 44.2679 -62.9321 0
      vertex 44.3915 -63.0441 -2.4
      vertex 44.2679 -62.9321 -2.4
    endloop
  endfacet
  facet normal -0.33683 -0.941566 0
    outer loop
      vertex 45.9635 -60.1032 -2.4
      vertex 46.1206 -60.1594 0
      vertex 45.9635 -60.1032 0
    endloop
  endfacet
  facet normal -0.33683 -0.941566 -0
    outer loop
      vertex 46.1206 -60.1594 0
      vertex 45.9635 -60.1032 -2.4
      vertex 46.1206 -60.1594 -2.4
    endloop
  endfacet
  facet normal -0.989168 -0.146788 0
    outer loop
      vertex 47.1618 -61.5634 -2.4
      vertex 47.1373 -61.3983 0
      vertex 47.1373 -61.3983 -2.4
    endloop
  endfacet
  facet normal -0.989168 -0.146788 0
    outer loop
      vertex 47.1373 -61.3983 0
      vertex 47.1618 -61.5634 -2.4
      vertex 47.1618 -61.5634 0
    endloop
  endfacet
  facet normal -0.998791 -0.0491602 0
    outer loop
      vertex 47.17 -61.73 -2.4
      vertex 47.1618 -61.5634 0
      vertex 47.1618 -61.5634 -2.4
    endloop
  endfacet
  facet normal -0.998791 -0.0491602 0
    outer loop
      vertex 47.1618 -61.5634 0
      vertex 47.17 -61.73 -2.4
      vertex 47.17 -61.73 0
    endloop
  endfacet
  facet normal 0.242818 -0.970072 0
    outer loop
      vertex 44.9765 -60.1032 -2.4
      vertex 45.1383 -60.0627 0
      vertex 44.9765 -60.1032 0
    endloop
  endfacet
  facet normal 0.242818 -0.970072 0
    outer loop
      vertex 45.1383 -60.0627 0
      vertex 44.9765 -60.1032 -2.4
      vertex 45.1383 -60.0627 -2.4
    endloop
  endfacet
  facet normal -0.904043 0.427442 0
    outer loop
      vertex 46.9693 -62.5314 -2.4
      vertex 47.0406 -62.3806 0
      vertex 47.0406 -62.3806 -2.4
    endloop
  endfacet
  facet normal -0.904043 0.427442 0
    outer loop
      vertex 47.0406 -62.3806 0
      vertex 46.9693 -62.5314 -2.4
      vertex 46.9693 -62.5314 0
    endloop
  endfacet
  facet normal -0.242818 0.970072 0
    outer loop
      vertex 45.9635 -63.3568 -2.4
      vertex 45.8017 -63.3973 0
      vertex 45.9635 -63.3568 0
    endloop
  endfacet
  facet normal -0.242818 0.970072 0
    outer loop
      vertex 45.8017 -63.3973 0
      vertex 45.9635 -63.3568 -2.4
      vertex 45.8017 -63.3973 -2.4
    endloop
  endfacet
  facet normal -0.33683 0.941566 0
    outer loop
      vertex 46.1206 -63.3006 -2.4
      vertex 45.9635 -63.3568 0
      vertex 46.1206 -63.3006 0
    endloop
  endfacet
  facet normal -0.33683 0.941566 0
    outer loop
      vertex 45.9635 -63.3568 0
      vertex 46.1206 -63.3006 -2.4
      vertex 45.9635 -63.3568 -2.4
    endloop
  endfacet
  facet normal -0.427442 -0.904043 0
    outer loop
      vertex 46.1206 -60.1594 -2.4
      vertex 46.2714 -60.2307 0
      vertex 46.1206 -60.1594 0
    endloop
  endfacet
  facet normal -0.427442 -0.904043 -0
    outer loop
      vertex 46.2714 -60.2307 0
      vertex 46.1206 -60.1594 -2.4
      vertex 46.2714 -60.2307 -2.4
    endloop
  endfacet
  facet normal 0.33683 -0.941566 0
    outer loop
      vertex 44.8194 -60.1594 -2.4
      vertex 44.9765 -60.1032 0
      vertex 44.8194 -60.1594 0
    endloop
  endfacet
  facet normal 0.33683 -0.941566 0
    outer loop
      vertex 44.9765 -60.1032 0
      vertex 44.8194 -60.1594 -2.4
      vertex 44.9765 -60.1032 -2.4
    endloop
  endfacet
  facet normal 0.242818 0.970072 -0
    outer loop
      vertex 45.1383 -63.3973 -2.4
      vertex 44.9765 -63.3568 0
      vertex 45.1383 -63.3973 0
    endloop
  endfacet
  facet normal 0.242818 0.970072 0
    outer loop
      vertex 44.9765 -63.3568 0
      vertex 45.1383 -63.3973 -2.4
      vertex 44.9765 -63.3568 -2.4
    endloop
  endfacet
  facet normal 0.989168 0.146788 0
    outer loop
      vertex 43.8027 -62.0617 0
      vertex 43.7782 -61.8966 -2.4
      vertex 43.7782 -61.8966 0
    endloop
  endfacet
  facet normal 0.989168 0.146788 0
    outer loop
      vertex 43.7782 -61.8966 -2.4
      vertex 43.8027 -62.0617 0
      vertex 43.8027 -62.0617 -2.4
    endloop
  endfacet
  facet normal -0.0491602 -0.998791 0
    outer loop
      vertex 45.47 -60.03 -2.4
      vertex 45.6366 -60.0382 0
      vertex 45.47 -60.03 0
    endloop
  endfacet
  facet normal -0.0491602 -0.998791 -0
    outer loop
      vertex 45.6366 -60.0382 0
      vertex 45.47 -60.03 -2.4
      vertex 45.6366 -60.0382 -2.4
    endloop
  endfacet
  facet normal 0.0491602 0.998791 -0
    outer loop
      vertex 45.47 -63.43 -2.4
      vertex 45.3034 -63.4218 0
      vertex 45.47 -63.43 0
    endloop
  endfacet
  facet normal 0.0491602 0.998791 0
    outer loop
      vertex 45.3034 -63.4218 0
      vertex 45.47 -63.43 -2.4
      vertex 45.3034 -63.4218 -2.4
    endloop
  endfacet
  facet normal 0.803154 0.595772 0
    outer loop
      vertex 44.1559 -62.8085 0
      vertex 44.0565 -62.6745 -2.4
      vertex 44.0565 -62.6745 0
    endloop
  endfacet
  facet normal 0.803154 0.595772 0
    outer loop
      vertex 44.0565 -62.6745 -2.4
      vertex 44.1559 -62.8085 0
      vertex 44.1559 -62.8085 -2.4
    endloop
  endfacet
  facet normal -0.970072 -0.242818 0
    outer loop
      vertex 47.1373 -61.3983 -2.4
      vertex 47.0968 -61.2365 0
      vertex 47.0968 -61.2365 -2.4
    endloop
  endfacet
  facet normal -0.970072 -0.242818 0
    outer loop
      vertex 47.0968 -61.2365 0
      vertex 47.1373 -61.3983 -2.4
      vertex 47.1373 -61.3983 0
    endloop
  endfacet
  facet normal -0.941566 -0.33683 0
    outer loop
      vertex 47.0968 -61.2365 -2.4
      vertex 47.0406 -61.0794 0
      vertex 47.0406 -61.0794 -2.4
    endloop
  endfacet
  facet normal -0.941566 -0.33683 0
    outer loop
      vertex 47.0406 -61.0794 0
      vertex 47.0968 -61.2365 -2.4
      vertex 47.0968 -61.2365 0
    endloop
  endfacet
  facet normal 0.857652 0.514231 0
    outer loop
      vertex 44.0565 -62.6745 0
      vertex 43.9707 -62.5314 -2.4
      vertex 43.9707 -62.5314 0
    endloop
  endfacet
  facet normal 0.857652 0.514231 0
    outer loop
      vertex 43.9707 -62.5314 -2.4
      vertex 44.0565 -62.6745 0
      vertex 44.0565 -62.6745 -2.4
    endloop
  endfacet
  facet normal -0.857652 0.514231 0
    outer loop
      vertex 46.8835 -62.6745 -2.4
      vertex 46.9693 -62.5314 0
      vertex 46.9693 -62.5314 -2.4
    endloop
  endfacet
  facet normal -0.857652 0.514231 0
    outer loop
      vertex 46.9693 -62.5314 0
      vertex 46.8835 -62.6745 -2.4
      vertex 46.8835 -62.6745 0
    endloop
  endfacet
  facet normal 0.941566 0.33683 0
    outer loop
      vertex 43.8994 -62.3806 0
      vertex 43.8432 -62.2235 -2.4
      vertex 43.8432 -62.2235 0
    endloop
  endfacet
  facet normal 0.941566 0.33683 0
    outer loop
      vertex 43.8432 -62.2235 -2.4
      vertex 43.8994 -62.3806 0
      vertex 43.8994 -62.3806 -2.4
    endloop
  endfacet
  facet normal -0.146788 -0.989168 0
    outer loop
      vertex 45.6366 -60.0382 -2.4
      vertex 45.8017 -60.0627 0
      vertex 45.6366 -60.0382 0
    endloop
  endfacet
  facet normal -0.146788 -0.989168 -0
    outer loop
      vertex 45.8017 -60.0627 0
      vertex 45.6366 -60.0382 -2.4
      vertex 45.8017 -60.0627 -2.4
    endloop
  endfacet
  facet normal -0.514231 -0.857652 0
    outer loop
      vertex 46.2714 -60.2307 -2.4
      vertex 46.4145 -60.3165 0
      vertex 46.2714 -60.2307 0
    endloop
  endfacet
  facet normal -0.514231 -0.857652 -0
    outer loop
      vertex 46.4145 -60.3165 0
      vertex 46.2714 -60.2307 -2.4
      vertex 46.4145 -60.3165 -2.4
    endloop
  endfacet
  facet normal -0.0491602 0.998791 0
    outer loop
      vertex 45.6366 -63.4218 -2.4
      vertex 45.47 -63.43 0
      vertex 45.6366 -63.4218 0
    endloop
  endfacet
  facet normal -0.0491602 0.998791 0
    outer loop
      vertex 45.47 -63.43 0
      vertex 45.6366 -63.4218 -2.4
      vertex 45.47 -63.43 -2.4
    endloop
  endfacet
  facet normal 0.146788 0.989168 -0
    outer loop
      vertex 45.3034 -63.4218 -2.4
      vertex 45.1383 -63.3973 0
      vertex 45.3034 -63.4218 0
    endloop
  endfacet
  facet normal 0.146788 0.989168 0
    outer loop
      vertex 45.1383 -63.3973 0
      vertex 45.3034 -63.4218 -2.4
      vertex 45.1383 -63.3973 -2.4
    endloop
  endfacet
  facet normal 0.970072 -0.242818 0
    outer loop
      vertex 43.8027 -61.3983 0
      vertex 43.8432 -61.2365 -2.4
      vertex 43.8432 -61.2365 0
    endloop
  endfacet
  facet normal 0.970072 -0.242818 0
    outer loop
      vertex 43.8432 -61.2365 -2.4
      vertex 43.8027 -61.3983 0
      vertex 43.8027 -61.3983 -2.4
    endloop
  endfacet
  facet normal -0.741024 0.671478 0
    outer loop
      vertex 46.6721 -62.9321 -2.4
      vertex 46.7841 -62.8085 0
      vertex 46.7841 -62.8085 -2.4
    endloop
  endfacet
  facet normal -0.741024 0.671478 0
    outer loop
      vertex 46.7841 -62.8085 0
      vertex 46.6721 -62.9321 -2.4
      vertex 46.6721 -62.9321 0
    endloop
  endfacet
  facet normal 0.989168 -0.146788 0
    outer loop
      vertex 43.7782 -61.5634 0
      vertex 43.8027 -61.3983 -2.4
      vertex 43.8027 -61.3983 0
    endloop
  endfacet
  facet normal 0.989168 -0.146788 0
    outer loop
      vertex 43.8027 -61.3983 -2.4
      vertex 43.7782 -61.5634 0
      vertex 43.7782 -61.5634 -2.4
    endloop
  endfacet
  facet normal 0.904043 0.427442 0
    outer loop
      vertex 43.9707 -62.5314 0
      vertex 43.8994 -62.3806 -2.4
      vertex 43.8994 -62.3806 0
    endloop
  endfacet
  facet normal 0.904043 0.427442 0
    outer loop
      vertex 43.8994 -62.3806 -2.4
      vertex 43.9707 -62.5314 0
      vertex 43.9707 -62.5314 -2.4
    endloop
  endfacet
  facet normal -0.595772 -0.803154 0
    outer loop
      vertex 46.4145 -60.3165 -2.4
      vertex 46.5485 -60.4159 0
      vertex 46.4145 -60.3165 0
    endloop
  endfacet
  facet normal -0.595772 -0.803154 -0
    outer loop
      vertex 46.5485 -60.4159 0
      vertex 46.4145 -60.3165 -2.4
      vertex 46.5485 -60.4159 -2.4
    endloop
  endfacet
  facet normal 0.671478 -0.741024 0
    outer loop
      vertex 44.2679 -60.5279 -2.4
      vertex 44.3915 -60.4159 0
      vertex 44.2679 -60.5279 0
    endloop
  endfacet
  facet normal 0.671478 -0.741024 0
    outer loop
      vertex 44.3915 -60.4159 0
      vertex 44.2679 -60.5279 -2.4
      vertex 44.3915 -60.4159 -2.4
    endloop
  endfacet
  facet normal 0.514231 -0.857652 0
    outer loop
      vertex 44.5255 -60.3165 -2.4
      vertex 44.6686 -60.2307 0
      vertex 44.5255 -60.3165 0
    endloop
  endfacet
  facet normal 0.514231 -0.857652 0
    outer loop
      vertex 44.6686 -60.2307 0
      vertex 44.5255 -60.3165 -2.4
      vertex 44.6686 -60.2307 -2.4
    endloop
  endfacet
  facet normal 0.998791 0.0491602 0
    outer loop
      vertex 43.7782 -61.8966 0
      vertex 43.77 -61.73 -2.4
      vertex 43.77 -61.73 0
    endloop
  endfacet
  facet normal 0.998791 0.0491602 0
    outer loop
      vertex 43.77 -61.73 -2.4
      vertex 43.7782 -61.8966 0
      vertex 43.7782 -61.8966 -2.4
    endloop
  endfacet
  facet normal 0.904043 -0.427442 0
    outer loop
      vertex 43.8994 -61.0794 0
      vertex 43.9707 -60.9286 -2.4
      vertex 43.9707 -60.9286 0
    endloop
  endfacet
  facet normal 0.904043 -0.427442 0
    outer loop
      vertex 43.9707 -60.9286 -2.4
      vertex 43.8994 -61.0794 0
      vertex 43.8994 -61.0794 -2.4
    endloop
  endfacet
  facet normal -0.904044 0.42744 0
    outer loop
      vertex -49.1655 19.0607 -2.4
      vertex -48.9977 19.4156 0
      vertex -48.9977 19.4156 -2.4
    endloop
  endfacet
  facet normal -0.904044 0.42744 0
    outer loop
      vertex -48.9977 19.4156 0
      vertex -49.1655 19.0607 -2.4
      vertex -49.1655 19.0607 0
    endloop
  endfacet
  facet normal -0.595794 -0.803137 0
    outer loop
      vertex -48.0076 -64.822 -2.4
      vertex -47.6923 -65.0559 0
      vertex -48.0076 -64.822 0
    endloop
  endfacet
  facet normal -0.595794 -0.803137 -0
    outer loop
      vertex -47.6923 -65.0559 0
      vertex -48.0076 -64.822 -2.4
      vertex -47.6923 -65.0559 -2.4
    endloop
  endfacet
  facet normal 0 1 -0
    outer loop
      vertex 45.47 21.53 -2.4
      vertex -45.47 21.53 0
      vertex 45.47 21.53 0
    endloop
  endfacet
  facet normal 0 1 0
    outer loop
      vertex -45.47 21.53 0
      vertex 45.47 21.53 -2.4
      vertex -45.47 21.53 -2.4
    endloop
  endfacet
  facet normal 0.970068 -0.242835 0
    outer loop
      vertex 49.2978 -62.8911 0
      vertex 49.3931 -62.5104 -2.4
      vertex 49.3931 -62.5104 0
    endloop
  endfacet
  facet normal 0.970068 -0.242835 0
    outer loop
      vertex 49.3931 -62.5104 -2.4
      vertex 49.2978 -62.8911 0
      vertex 49.2978 -62.8911 -2.4
    endloop
  endfacet
  facet normal -1 0 0
    outer loop
      vertex -49.47 -61.73 -2.4
      vertex -49.47 17.53 0
      vertex -49.47 17.53 -2.4
    endloop
  endfacet
  facet normal -1 -0 0
    outer loop
      vertex -49.47 17.53 0
      vertex -49.47 -61.73 -2.4
      vertex -49.47 -61.73 0
    endloop
  endfacet
  facet normal 0.803137 -0.595794 0
    outer loop
      vertex 48.562 -64.2676 0
      vertex 48.7959 -63.9523 -2.4
      vertex 48.7959 -63.9523 0
    endloop
  endfacet
  facet normal 0.803137 -0.595794 0
    outer loop
      vertex 48.7959 -63.9523 -2.4
      vertex 48.562 -64.2676 0
      vertex 48.562 -64.2676 -2.4
    endloop
  endfacet
  facet normal 0.514084 0.85774 -0
    outer loop
      vertex 47.6923 20.8559 -2.4
      vertex 47.3556 21.0577 0
      vertex 47.6923 20.8559 0
    endloop
  endfacet
  facet normal 0.514084 0.85774 0
    outer loop
      vertex 47.3556 21.0577 0
      vertex 47.6923 20.8559 -2.4
      vertex 47.3556 21.0577 -2.4
    endloop
  endfacet
  facet normal -0.970068 0.242835 0
    outer loop
      vertex -49.3931 18.3104 -2.4
      vertex -49.2978 18.6911 0
      vertex -49.2978 18.6911 -2.4
    endloop
  endfacet
  facet normal -0.970068 0.242835 0
    outer loop
      vertex -49.2978 18.6911 0
      vertex -49.3931 18.3104 -2.4
      vertex -49.3931 18.3104 0
    endloop
  endfacet
  facet normal 0.989176 -0.146733 0
    outer loop
      vertex 49.3931 -62.5104 0
      vertex 49.4507 -62.1221 -2.4
      vertex 49.4507 -62.1221 0
    endloop
  endfacet
  facet normal 0.989176 -0.146733 0
    outer loop
      vertex 49.4507 -62.1221 -2.4
      vertex 49.3931 -62.5104 0
      vertex 49.3931 -62.5104 -2.4
    endloop
  endfacet
  facet normal 0.740908 -0.671607 0
    outer loop
      vertex 48.2984 -64.5584 0
      vertex 48.562 -64.2676 -2.4
      vertex 48.562 -64.2676 0
    endloop
  endfacet
  facet normal 0.740908 -0.671607 0
    outer loop
      vertex 48.562 -64.2676 -2.4
      vertex 48.2984 -64.5584 0
      vertex 48.2984 -64.5584 -2.4
    endloop
  endfacet
  facet normal -0.337014 0.9415 0
    outer loop
      vertex -46.6311 21.3578 -2.4
      vertex -47.0007 21.2255 0
      vertex -46.6311 21.3578 0
    endloop
  endfacet
  facet normal -0.337014 0.9415 0
    outer loop
      vertex -47.0007 21.2255 0
      vertex -46.6311 21.3578 -2.4
      vertex -47.0007 21.2255 -2.4
    endloop
  endfacet
  facet normal 0.242835 0.970068 -0
    outer loop
      vertex 46.6311 21.3578 -2.4
      vertex 46.2504 21.4531 0
      vertex 46.6311 21.3578 0
    endloop
  endfacet
  facet normal 0.242835 0.970068 0
    outer loop
      vertex 46.2504 21.4531 0
      vertex 46.6311 21.3578 -2.4
      vertex 46.2504 21.4531 -2.4
    endloop
  endfacet
  facet normal -0.989176 -0.146733 0
    outer loop
      vertex -49.3931 -62.5104 -2.4
      vertex -49.4507 -62.1221 0
      vertex -49.4507 -62.1221 -2.4
    endloop
  endfacet
  facet normal -0.989176 -0.146733 0
    outer loop
      vertex -49.4507 -62.1221 0
      vertex -49.3931 -62.5104 -2.4
      vertex -49.3931 -62.5104 0
    endloop
  endfacet
  facet normal 0.904044 -0.42744 0
    outer loop
      vertex 48.9977 -63.6156 0
      vertex 49.1655 -63.2607 -2.4
      vertex 49.1655 -63.2607 0
    endloop
  endfacet
  facet normal 0.904044 -0.42744 0
    outer loop
      vertex 49.1655 -63.2607 -2.4
      vertex 48.9977 -63.6156 0
      vertex 48.9977 -63.6156 -2.4
    endloop
  endfacet
  facet normal 0 -1 0
    outer loop
      vertex -45.47 -65.73 -2.4
      vertex 45.47 -65.73 0
      vertex -45.47 -65.73 0
    endloop
  endfacet
  facet normal 0 -1 -0
    outer loop
      vertex 45.47 -65.73 0
      vertex -45.47 -65.73 -2.4
      vertex 45.47 -65.73 -2.4
    endloop
  endfacet
  facet normal -0.85774 0.514084 0
    outer loop
      vertex -48.9977 19.4156 -2.4
      vertex -48.7959 19.7523 0
      vertex -48.7959 19.7523 -2.4
    endloop
  endfacet
  facet normal -0.85774 0.514084 0
    outer loop
      vertex -48.7959 19.7523 0
      vertex -48.9977 19.4156 -2.4
      vertex -48.9977 19.4156 0
    endloop
  endfacet
  facet normal -0.242835 0.970068 0
    outer loop
      vertex -46.2504 21.4531 -2.4
      vertex -46.6311 21.3578 0
      vertex -46.2504 21.4531 0
    endloop
  endfacet
  facet normal -0.242835 0.970068 0
    outer loop
      vertex -46.6311 21.3578 0
      vertex -46.2504 21.4531 -2.4
      vertex -46.6311 21.3578 -2.4
    endloop
  endfacet
  facet normal 1 -0 0
    outer loop
      vertex 49.47 -61.73 0
      vertex 49.47 17.53 -2.4
      vertex 49.47 17.53 0
    endloop
  endfacet
  facet normal 1 0 0
    outer loop
      vertex 49.47 17.53 -2.4
      vertex 49.47 -61.73 0
      vertex 49.47 -61.73 -2.4
    endloop
  endfacet
  facet normal 0.0491626 -0.998791 0
    outer loop
      vertex 45.47 -65.73 -2.4
      vertex 45.8621 -65.7107 0
      vertex 45.47 -65.73 0
    endloop
  endfacet
  facet normal 0.0491626 -0.998791 0
    outer loop
      vertex 45.8621 -65.7107 0
      vertex 45.47 -65.73 -2.4
      vertex 45.8621 -65.7107 -2.4
    endloop
  endfacet
  facet normal -0.146733 -0.989176 0
    outer loop
      vertex -46.2504 -65.6531 -2.4
      vertex -45.8621 -65.7107 0
      vertex -46.2504 -65.6531 0
    endloop
  endfacet
  facet normal -0.146733 -0.989176 -0
    outer loop
      vertex -45.8621 -65.7107 0
      vertex -46.2504 -65.6531 -2.4
      vertex -45.8621 -65.7107 -2.4
    endloop
  endfacet
  facet normal -0.42744 -0.904044 0
    outer loop
      vertex -47.3556 -65.2577 -2.4
      vertex -47.0007 -65.4255 0
      vertex -47.3556 -65.2577 0
    endloop
  endfacet
  facet normal -0.42744 -0.904044 -0
    outer loop
      vertex -47.0007 -65.4255 0
      vertex -47.3556 -65.2577 -2.4
      vertex -47.0007 -65.4255 -2.4
    endloop
  endfacet
  facet normal -0.146733 0.989176 0
    outer loop
      vertex -45.8621 21.5107 -2.4
      vertex -46.2504 21.4531 0
      vertex -45.8621 21.5107 0
    endloop
  endfacet
  facet normal -0.146733 0.989176 0
    outer loop
      vertex -46.2504 21.4531 0
      vertex -45.8621 21.5107 -2.4
      vertex -46.2504 21.4531 -2.4
    endloop
  endfacet
  facet normal 0.0491626 0.998791 -0
    outer loop
      vertex 45.8621 21.5107 -2.4
      vertex 45.47 21.53 0
      vertex 45.8621 21.5107 0
    endloop
  endfacet
  facet normal 0.0491626 0.998791 0
    outer loop
      vertex 45.47 21.53 0
      vertex 45.8621 21.5107 -2.4
      vertex 45.47 21.53 -2.4
    endloop
  endfacet
  facet normal -0.9415 0.337014 0
    outer loop
      vertex -49.2978 18.6911 -2.4
      vertex -49.1655 19.0607 0
      vertex -49.1655 19.0607 -2.4
    endloop
  endfacet
  facet normal -0.9415 0.337014 0
    outer loop
      vertex -49.1655 19.0607 0
      vertex -49.2978 18.6911 -2.4
      vertex -49.2978 18.6911 0
    endloop
  endfacet
  facet normal 0.42744 0.904044 -0
    outer loop
      vertex 47.3556 21.0577 -2.4
      vertex 47.0007 21.2255 0
      vertex 47.3556 21.0577 0
    endloop
  endfacet
  facet normal 0.42744 0.904044 0
    outer loop
      vertex 47.0007 21.2255 0
      vertex 47.3556 21.0577 -2.4
      vertex 47.0007 21.2255 -2.4
    endloop
  endfacet
  facet normal 0.337014 -0.9415 0
    outer loop
      vertex 46.6311 -65.5578 -2.4
      vertex 47.0007 -65.4255 0
      vertex 46.6311 -65.5578 0
    endloop
  endfacet
  facet normal 0.337014 -0.9415 0
    outer loop
      vertex 47.0007 -65.4255 0
      vertex 46.6311 -65.5578 -2.4
      vertex 47.0007 -65.4255 -2.4
    endloop
  endfacet
  facet normal -0.514084 -0.85774 0
    outer loop
      vertex -47.6923 -65.0559 -2.4
      vertex -47.3556 -65.2577 0
      vertex -47.6923 -65.0559 0
    endloop
  endfacet
  facet normal -0.514084 -0.85774 -0
    outer loop
      vertex -47.3556 -65.2577 0
      vertex -47.6923 -65.0559 -2.4
      vertex -47.3556 -65.2577 -2.4
    endloop
  endfacet
  facet normal -0.740908 0.671607 0
    outer loop
      vertex -48.562 20.0676 -2.4
      vertex -48.2984 20.3584 0
      vertex -48.2984 20.3584 -2.4
    endloop
  endfacet
  facet normal -0.740908 0.671607 0
    outer loop
      vertex -48.2984 20.3584 0
      vertex -48.562 20.0676 -2.4
      vertex -48.562 20.0676 0
    endloop
  endfacet
  facet normal -0.85774 -0.514084 0
    outer loop
      vertex -48.7959 -63.9523 -2.4
      vertex -48.9977 -63.6156 0
      vertex -48.9977 -63.6156 -2.4
    endloop
  endfacet
  facet normal -0.85774 -0.514084 0
    outer loop
      vertex -48.9977 -63.6156 0
      vertex -48.7959 -63.9523 -2.4
      vertex -48.7959 -63.9523 0
    endloop
  endfacet
  facet normal -0.595794 0.803137 0
    outer loop
      vertex -47.6923 20.8559 -2.4
      vertex -48.0076 20.622 0
      vertex -47.6923 20.8559 0
    endloop
  endfacet
  facet normal -0.595794 0.803137 0
    outer loop
      vertex -48.0076 20.622 0
      vertex -47.6923 20.8559 -2.4
      vertex -48.0076 20.622 -2.4
    endloop
  endfacet
  facet normal -0.514084 0.85774 0
    outer loop
      vertex -47.3556 21.0577 -2.4
      vertex -47.6923 20.8559 0
      vertex -47.3556 21.0577 0
    endloop
  endfacet
  facet normal -0.514084 0.85774 0
    outer loop
      vertex -47.6923 20.8559 0
      vertex -47.3556 21.0577 -2.4
      vertex -47.6923 20.8559 -2.4
    endloop
  endfacet
  facet normal 0 0 1
    outer loop
      vertex 21 -12.13 0
      vertex 41.32 13.38 0
      vertex 21 12.13 0
    endloop
  endfacet
  facet normal 0 0 1
    outer loop
      vertex 41.32 13.38 0
      vertex 19 12.13 0
      vertex 21 12.13 0
    endloop
  endfacet
  facet normal 0 0 1
    outer loop
      vertex 19 12.13 0
      vertex -19 12.13 0
      vertex 19 -12.13 0
    endloop
  endfacet
  facet normal 0 0 1
    outer loop
      vertex 41.32 13.38 0
      vertex -19 12.13 0
      vertex 19 12.13 0
    endloop
  endfacet
  facet normal -0 0 1
    outer loop
      vertex -41.32 13.38 0
      vertex -19 12.13 0
      vertex 41.32 13.38 0
    endloop
  endfacet
  facet normal 0 0 1
    outer loop
      vertex -21 12.13 0
      vertex -41.32 13.38 0
      vertex -21 -12.13 0
    endloop
  endfacet
  facet normal 0 0 1
    outer loop
      vertex -19 12.13 0
      vertex -41.32 13.38 0
      vertex -21 12.13 0
    endloop
  endfacet
  facet normal 0 0 1
    outer loop
      vertex 41.32 13.38 0
      vertex 21 -12.13 0
      vertex 41.32 -57.58 0
    endloop
  endfacet
  facet normal -0 0 1
    outer loop
      vertex 19 -12.13 0
      vertex 41.32 -57.58 0
      vertex 21 -12.13 0
    endloop
  endfacet
  facet normal 0 0 1
    outer loop
      vertex -19 -12.13 0
      vertex 19 -12.13 0
      vertex -19 12.13 0
    endloop
  endfacet
  facet normal 0 0 1
    outer loop
      vertex 19 -12.13 0
      vertex -19 -12.13 0
      vertex 41.32 -57.58 0
    endloop
  endfacet
  facet normal 0 0 1
    outer loop
      vertex -41.32 -57.58 0
      vertex -19 -12.13 0
      vertex -21 -12.13 0
    endloop
  endfacet
  facet normal 0 0 1
    outer loop
      vertex -19 -12.13 0
      vertex -41.32 -57.58 0
      vertex 41.32 -57.58 0
    endloop
  endfacet
  facet normal 0 0 1
    outer loop
      vertex -41.32 -57.58 0
      vertex -21 -12.13 0
      vertex -41.32 13.38 0
    endloop
  endfacet
  facet normal -0 0 1
    outer loop
      vertex -43.8432 17.0365 0
      vertex -42.72 14.78 0
      vertex -43.8027 17.1983 0
    endloop
  endfacet
  facet normal 0 0 1
    outer loop
      vertex -42.72 -58.98 0
      vertex -43.7782 -61.5634 0
      vertex -43.77 -61.73 0
    endloop
  endfacet
  facet normal -0 0 1
    outer loop
      vertex -43.8994 16.8794 0
      vertex -42.72 14.78 0
      vertex -43.8432 17.0365 0
    endloop
  endfacet
  facet normal 0 0 1
    outer loop
      vertex -42.72 -58.98 0
      vertex -43.8027 -61.3983 0
      vertex -43.7782 -61.5634 0
    endloop
  endfacet
  facet normal -0 0 1
    outer loop
      vertex -43.9707 16.7286 0
      vertex -42.72 14.78 0
      vertex -43.8994 16.8794 0
    endloop
  endfacet
  facet normal 0 0 1
    outer loop
      vertex -42.72 -58.98 0
      vertex -43.8432 -61.2365 0
      vertex -43.8027 -61.3983 0
    endloop
  endfacet
  facet normal -0 0 1
    outer loop
      vertex -44.0565 16.5855 0
      vertex -42.72 14.78 0
      vertex -43.9707 16.7286 0
    endloop
  endfacet
  facet normal 0 0 1
    outer loop
      vertex -42.72 -58.98 0
      vertex -43.8994 -61.0794 0
      vertex -43.8432 -61.2365 0
    endloop
  endfacet
  facet normal -0 0 1
    outer loop
      vertex -44.1559 16.4515 0
      vertex -42.72 14.78 0
      vertex -44.0565 16.5855 0
    endloop
  endfacet
  facet normal 0 0 1
    outer loop
      vertex -42.72 -58.98 0
      vertex -43.9707 -60.9286 0
      vertex -43.8994 -61.0794 0
    endloop
  endfacet
  facet normal -0 0 1
    outer loop
      vertex -44.2679 16.3279 0
      vertex -42.72 14.78 0
      vertex -44.1559 16.4515 0
    endloop
  endfacet
  facet normal 0 0 1
    outer loop
      vertex -42.72 -58.98 0
      vertex -44.0565 -60.7855 0
      vertex -43.9707 -60.9286 0
    endloop
  endfacet
  facet normal -0 0 1
    outer loop
      vertex -44.3915 16.2159 0
      vertex -42.72 14.78 0
      vertex -44.2679 16.3279 0
    endloop
  endfacet
  facet normal 0 0 1
    outer loop
      vertex -42.72 -58.98 0
      vertex -44.1559 -60.6515 0
      vertex -44.0565 -60.7855 0
    endloop
  endfacet
  facet normal -0 0 1
    outer loop
      vertex -44.5255 16.1165 0
      vertex -42.72 14.78 0
      vertex -44.3915 16.2159 0
    endloop
  endfacet
  facet normal 0 0 1
    outer loop
      vertex -42.72 -58.98 0
      vertex -44.2679 -60.5279 0
      vertex -44.1559 -60.6515 0
    endloop
  endfacet
  facet normal -0 0 1
    outer loop
      vertex -44.6686 16.0307 0
      vertex -42.72 14.78 0
      vertex -44.5255 16.1165 0
    endloop
  endfacet
  facet normal 0 0 1
    outer loop
      vertex -42.72 -58.98 0
      vertex -44.3915 -60.4159 0
      vertex -44.2679 -60.5279 0
    endloop
  endfacet
  facet normal -0 0 1
    outer loop
      vertex -44.8194 15.9594 0
      vertex -42.72 14.78 0
      vertex -44.6686 16.0307 0
    endloop
  endfacet
  facet normal 0 0 1
    outer loop
      vertex -42.72 -58.98 0
      vertex -44.5255 -60.3165 0
      vertex -44.3915 -60.4159 0
    endloop
  endfacet
  facet normal -0 0 1
    outer loop
      vertex -44.9765 15.9032 0
      vertex -42.72 14.78 0
      vertex -44.8194 15.9594 0
    endloop
  endfacet
  facet normal 0 0 1
    outer loop
      vertex -42.72 -58.98 0
      vertex -44.6686 -60.2307 0
      vertex -44.5255 -60.3165 0
    endloop
  endfacet
  facet normal -0 0 1
    outer loop
      vertex -45.1383 15.8627 0
      vertex -42.72 14.78 0
      vertex -44.9765 15.9032 0
    endloop
  endfacet
  facet normal 0 0 1
    outer loop
      vertex -42.72 -58.98 0
      vertex -44.8194 -60.1594 0
      vertex -44.6686 -60.2307 0
    endloop
  endfacet
  facet normal -0 0 1
    outer loop
      vertex -45.3034 15.8382 0
      vertex -42.72 14.78 0
      vertex -45.1383 15.8627 0
    endloop
  endfacet
  facet normal 0 0 1
    outer loop
      vertex -42.72 -58.98 0
      vertex -44.9765 -60.1032 0
      vertex -44.8194 -60.1594 0
    endloop
  endfacet
  facet normal -0 0 1
    outer loop
      vertex -45.47 15.83 0
      vertex -42.72 14.78 0
      vertex -45.3034 15.8382 0
    endloop
  endfacet
  facet normal 0 0 1
    outer loop
      vertex -42.72 -58.98 0
      vertex -45.1383 -60.0627 0
      vertex -44.9765 -60.1032 0
    endloop
  endfacet
  facet normal 0 0 1
    outer loop
      vertex -45.6366 15.8382 0
      vertex -42.72 14.78 0
      vertex -45.47 15.83 0
    endloop
  endfacet
  facet normal 0 0 1
    outer loop
      vertex -42.72 -58.98 0
      vertex -45.3034 -60.0382 0
      vertex -45.1383 -60.0627 0
    endloop
  endfacet
  facet normal 0 0 1
    outer loop
      vertex -45.8017 15.8627 0
      vertex -42.72 14.78 0
      vertex -45.6366 15.8382 0
    endloop
  endfacet
  facet normal 0 0 1
    outer loop
      vertex -42.72 -58.98 0
      vertex -45.47 -60.03 0
      vertex -45.3034 -60.0382 0
    endloop
  endfacet
  facet normal 0 0 1
    outer loop
      vertex -45.9635 15.9032 0
      vertex -42.72 14.78 0
      vertex -45.8017 15.8627 0
    endloop
  endfacet
  facet normal 0 0 1
    outer loop
      vertex -42.72 -58.98 0
      vertex -45.6366 -60.0382 0
      vertex -45.47 -60.03 0
    endloop
  endfacet
  facet normal 0 0 1
    outer loop
      vertex -42.72 14.78 0
      vertex -45.9635 15.9032 0
      vertex -42.72 -58.98 0
    endloop
  endfacet
  facet normal 0 0 1
    outer loop
      vertex -42.72 -58.98 0
      vertex -45.8017 -60.0627 0
      vertex -45.6366 -60.0382 0
    endloop
  endfacet
  facet normal 0 0 1
    outer loop
      vertex -45.9635 -60.1032 0
      vertex -42.72 -58.98 0
      vertex -45.9635 15.9032 0
    endloop
  endfacet
  facet normal 0 0 1
    outer loop
      vertex -42.72 -58.98 0
      vertex -45.9635 -60.1032 0
      vertex -45.8017 -60.0627 0
    endloop
  endfacet
  facet normal 0 0 1
    outer loop
      vertex -46.1206 15.9594 0
      vertex -45.9635 -60.1032 0
      vertex -45.9635 15.9032 0
    endloop
  endfacet
  facet normal 0 0 1
    outer loop
      vertex -46.1206 15.9594 0
      vertex -46.1206 -60.1594 0
      vertex -45.9635 -60.1032 0
    endloop
  endfacet
  facet normal 0 0 1
    outer loop
      vertex -46.2714 16.0307 0
      vertex -46.1206 -60.1594 0
      vertex -46.1206 15.9594 0
    endloop
  endfacet
  facet normal 0 0 1
    outer loop
      vertex -46.2714 16.0307 0
      vertex -46.2714 -60.2307 0
      vertex -46.1206 -60.1594 0
    endloop
  endfacet
  facet normal 0 0 1
    outer loop
      vertex -49.47 17.53 0
      vertex -46.2714 16.0307 0
      vertex -46.4145 16.1165 0
    endloop
  endfacet
  facet normal 0 0 1
    outer loop
      vertex -46.2714 16.0307 0
      vertex -49.47 17.53 0
      vertex -46.2714 -60.2307 0
    endloop
  endfacet
  facet normal 0 0 1
    outer loop
      vertex -49.47 17.53 0
      vertex -46.4145 16.1165 0
      vertex -46.5485 16.2159 0
    endloop
  endfacet
  facet normal 0 0 1
    outer loop
      vertex -49.47 -61.73 0
      vertex -46.2714 -60.2307 0
      vertex -49.47 17.53 0
    endloop
  endfacet
  facet normal 0 0 1
    outer loop
      vertex -49.47 17.53 0
      vertex -46.5485 16.2159 0
      vertex -46.6721 16.3279 0
    endloop
  endfacet
  facet normal 0 0 1
    outer loop
      vertex -46.2714 -60.2307 0
      vertex -49.47 -61.73 0
      vertex -46.4145 -60.3165 0
    endloop
  endfacet
  facet normal 0 0 1
    outer loop
      vertex -49.47 17.53 0
      vertex -46.6721 16.3279 0
      vertex -46.7841 16.4515 0
    endloop
  endfacet
  facet normal 0 0 1
    outer loop
      vertex -46.4145 -60.3165 0
      vertex -49.47 -61.73 0
      vertex -46.5485 -60.4159 0
    endloop
  endfacet
  facet normal 0 0 1
    outer loop
      vertex -49.47 17.53 0
      vertex -46.7841 16.4515 0
      vertex -46.8835 16.5855 0
    endloop
  endfacet
  facet normal 0 0 1
    outer loop
      vertex -46.5485 -60.4159 0
      vertex -49.47 -61.73 0
      vertex -46.6721 -60.5279 0
    endloop
  endfacet
  facet normal 0 0 1
    outer loop
      vertex -49.47 17.53 0
      vertex -46.8835 16.5855 0
      vertex -46.9693 16.7286 0
    endloop
  endfacet
  facet normal 0 0 1
    outer loop
      vertex -46.6721 -60.5279 0
      vertex -49.47 -61.73 0
      vertex -46.7841 -60.6515 0
    endloop
  endfacet
  facet normal 0 0 1
    outer loop
      vertex -49.47 17.53 0
      vertex -46.9693 16.7286 0
      vertex -47.0406 16.8794 0
    endloop
  endfacet
  facet normal 0 0 1
    outer loop
      vertex -46.7841 -60.6515 0
      vertex -49.47 -61.73 0
      vertex -46.8835 -60.7855 0
    endloop
  endfacet
  facet normal 0 0 1
    outer loop
      vertex -49.47 17.53 0
      vertex -47.0406 16.8794 0
      vertex -47.0968 17.0365 0
    endloop
  endfacet
  facet normal 0 0 1
    outer loop
      vertex -46.8835 -60.7855 0
      vertex -49.47 -61.73 0
      vertex -46.9693 -60.9286 0
    endloop
  endfacet
  facet normal 0 0 1
    outer loop
      vertex -49.47 17.53 0
      vertex -47.0968 17.0365 0
      vertex -47.1373 17.1983 0
    endloop
  endfacet
  facet normal 0 0 1
    outer loop
      vertex -46.9693 -60.9286 0
      vertex -49.47 -61.73 0
      vertex -47.0406 -61.0794 0
    endloop
  endfacet
  facet normal 0 0 1
    outer loop
      vertex -49.47 17.53 0
      vertex -47.1373 17.1983 0
      vertex -47.1618 17.3634 0
    endloop
  endfacet
  facet normal 0 0 1
    outer loop
      vertex -47.0406 -61.0794 0
      vertex -49.47 -61.73 0
      vertex -47.0968 -61.2365 0
    endloop
  endfacet
  facet normal -0 0 1
    outer loop
      vertex -49.47 17.53 0
      vertex -47.1618 17.3634 0
      vertex -47.17 17.53 0
    endloop
  endfacet
  facet normal 0 0 1
    outer loop
      vertex -47.0968 -61.2365 0
      vertex -49.47 -61.73 0
      vertex -47.1373 -61.3983 0
    endloop
  endfacet
  facet normal 0 0 1
    outer loop
      vertex 47.0968 17.0365 0
      vertex 49.47 17.53 0
      vertex 47.1373 17.1983 0
    endloop
  endfacet
  facet normal 0 0 1
    outer loop
      vertex 49.47 -61.73 0
      vertex 47.1618 -61.5634 0
      vertex 47.17 -61.73 0
    endloop
  endfacet
  facet normal 0 0 1
    outer loop
      vertex 47.0406 16.8794 0
      vertex 49.47 17.53 0
      vertex 47.0968 17.0365 0
    endloop
  endfacet
  facet normal 0 0 1
    outer loop
      vertex 49.47 -61.73 0
      vertex 47.1373 -61.3983 0
      vertex 47.1618 -61.5634 0
    endloop
  endfacet
  facet normal 0 0 1
    outer loop
      vertex 46.9693 16.7286 0
      vertex 49.47 17.53 0
      vertex 47.0406 16.8794 0
    endloop
  endfacet
  facet normal 0 0 1
    outer loop
      vertex 49.47 -61.73 0
      vertex 47.0968 -61.2365 0
      vertex 47.1373 -61.3983 0
    endloop
  endfacet
  facet normal 0 0 1
    outer loop
      vertex 46.8835 16.5855 0
      vertex 49.47 17.53 0
      vertex 46.9693 16.7286 0
    endloop
  endfacet
  facet normal 0 0 1
    outer loop
      vertex 49.47 -61.73 0
      vertex 47.0406 -61.0794 0
      vertex 47.0968 -61.2365 0
    endloop
  endfacet
  facet normal 0 0 1
    outer loop
      vertex 46.7841 16.4515 0
      vertex 49.47 17.53 0
      vertex 46.8835 16.5855 0
    endloop
  endfacet
  facet normal 0 0 1
    outer loop
      vertex 49.47 -61.73 0
      vertex 46.9693 -60.9286 0
      vertex 47.0406 -61.0794 0
    endloop
  endfacet
  facet normal 0 0 1
    outer loop
      vertex 46.6721 16.3279 0
      vertex 49.47 17.53 0
      vertex 46.7841 16.4515 0
    endloop
  endfacet
  facet normal 0 0 1
    outer loop
      vertex 49.47 -61.73 0
      vertex 46.8835 -60.7855 0
      vertex 46.9693 -60.9286 0
    endloop
  endfacet
  facet normal 0 0 1
    outer loop
      vertex 46.5485 16.2159 0
      vertex 49.47 17.53 0
      vertex 46.6721 16.3279 0
    endloop
  endfacet
  facet normal 0 0 1
    outer loop
      vertex 49.47 -61.73 0
      vertex 46.7841 -60.6515 0
      vertex 46.8835 -60.7855 0
    endloop
  endfacet
  facet normal 0 0 1
    outer loop
      vertex 46.4145 16.1165 0
      vertex 49.47 17.53 0
      vertex 46.5485 16.2159 0
    endloop
  endfacet
  facet normal 0 0 1
    outer loop
      vertex 49.47 -61.73 0
      vertex 46.6721 -60.5279 0
      vertex 46.7841 -60.6515 0
    endloop
  endfacet
  facet normal 0 0 1
    outer loop
      vertex 46.2714 16.0307 0
      vertex 49.47 17.53 0
      vertex 46.4145 16.1165 0
    endloop
  endfacet
  facet normal 0 0 1
    outer loop
      vertex 49.47 -61.73 0
      vertex 46.5485 -60.4159 0
      vertex 46.6721 -60.5279 0
    endloop
  endfacet
  facet normal 0 0 1
    outer loop
      vertex 49.47 17.53 0
      vertex 46.2714 16.0307 0
      vertex 49.47 -61.73 0
    endloop
  endfacet
  facet normal 0 0 1
    outer loop
      vertex 49.47 -61.73 0
      vertex 46.4145 -60.3165 0
      vertex 46.5485 -60.4159 0
    endloop
  endfacet
  facet normal -0 0 1
    outer loop
      vertex 46.2714 -60.2307 0
      vertex 49.47 -61.73 0
      vertex 46.2714 16.0307 0
    endloop
  endfacet
  facet normal 0 0 1
    outer loop
      vertex 49.47 -61.73 0
      vertex 46.2714 -60.2307 0
      vertex 46.4145 -60.3165 0
    endloop
  endfacet
  facet normal -0 0 1
    outer loop
      vertex 46.1206 15.9594 0
      vertex 46.2714 -60.2307 0
      vertex 46.2714 16.0307 0
    endloop
  endfacet
  facet normal 0 0 1
    outer loop
      vertex 46.1206 15.9594 0
      vertex 46.1206 -60.1594 0
      vertex 46.2714 -60.2307 0
    endloop
  endfacet
  facet normal -0 0 1
    outer loop
      vertex 45.9635 15.9032 0
      vertex 46.1206 -60.1594 0
      vertex 46.1206 15.9594 0
    endloop
  endfacet
  facet normal 0 0 1
    outer loop
      vertex 45.9635 15.9032 0
      vertex 45.9635 -60.1032 0
      vertex 46.1206 -60.1594 0
    endloop
  endfacet
  facet normal 0 0 1
    outer loop
      vertex 42.72 14.78 0
      vertex 45.9635 15.9032 0
      vertex 45.8017 15.8627 0
    endloop
  endfacet
  facet normal 0 0 1
    outer loop
      vertex 45.9635 15.9032 0
      vertex 42.72 14.78 0
      vertex 45.9635 -60.1032 0
    endloop
  endfacet
  facet normal 0 0 1
    outer loop
      vertex 42.72 14.78 0
      vertex 45.8017 15.8627 0
      vertex 45.6366 15.8382 0
    endloop
  endfacet
  facet normal -0 0 1
    outer loop
      vertex 42.72 -58.98 0
      vertex 45.9635 -60.1032 0
      vertex 42.72 14.78 0
    endloop
  endfacet
  facet normal 0 0 1
    outer loop
      vertex 42.72 14.78 0
      vertex 45.6366 15.8382 0
      vertex 45.47 15.83 0
    endloop
  endfacet
  facet normal 0 0 1
    outer loop
      vertex 45.9635 -60.1032 0
      vertex 42.72 -58.98 0
      vertex 45.8017 -60.0627 0
    endloop
  endfacet
  facet normal 0 0 1
    outer loop
      vertex 42.72 14.78 0
      vertex 45.47 15.83 0
      vertex 45.3034 15.8382 0
    endloop
  endfacet
  facet normal 0 0 1
    outer loop
      vertex 45.8017 -60.0627 0
      vertex 42.72 -58.98 0
      vertex 45.6366 -60.0382 0
    endloop
  endfacet
  facet normal 0 0 1
    outer loop
      vertex 42.72 14.78 0
      vertex 45.3034 15.8382 0
      vertex 45.1383 15.8627 0
    endloop
  endfacet
  facet normal 0 0 1
    outer loop
      vertex 45.6366 -60.0382 0
      vertex 42.72 -58.98 0
      vertex 45.47 -60.03 0
    endloop
  endfacet
  facet normal 0 0 1
    outer loop
      vertex 42.72 14.78 0
      vertex 45.1383 15.8627 0
      vertex 44.9765 15.9032 0
    endloop
  endfacet
  facet normal 0 0 1
    outer loop
      vertex 45.47 -60.03 0
      vertex 42.72 -58.98 0
      vertex 45.3034 -60.0382 0
    endloop
  endfacet
  facet normal 0 0 1
    outer loop
      vertex 42.72 14.78 0
      vertex 44.9765 15.9032 0
      vertex 44.8194 15.9594 0
    endloop
  endfacet
  facet normal 0 0 1
    outer loop
      vertex 45.3034 -60.0382 0
      vertex 42.72 -58.98 0
      vertex 45.1383 -60.0627 0
    endloop
  endfacet
  facet normal 0 0 1
    outer loop
      vertex 42.72 14.78 0
      vertex 44.8194 15.9594 0
      vertex 44.6686 16.0307 0
    endloop
  endfacet
  facet normal 0 0 1
    outer loop
      vertex 45.1383 -60.0627 0
      vertex 42.72 -58.98 0
      vertex 44.9765 -60.1032 0
    endloop
  endfacet
  facet normal 0 0 1
    outer loop
      vertex 42.72 14.78 0
      vertex 44.6686 16.0307 0
      vertex 44.5255 16.1165 0
    endloop
  endfacet
  facet normal 0 0 1
    outer loop
      vertex 44.9765 -60.1032 0
      vertex 42.72 -58.98 0
      vertex 44.8194 -60.1594 0
    endloop
  endfacet
  facet normal 0 0 1
    outer loop
      vertex 42.72 14.78 0
      vertex 44.5255 16.1165 0
      vertex 44.3915 16.2159 0
    endloop
  endfacet
  facet normal 0 0 1
    outer loop
      vertex 44.8194 -60.1594 0
      vertex 42.72 -58.98 0
      vertex 44.6686 -60.2307 0
    endloop
  endfacet
  facet normal 0 0 1
    outer loop
      vertex 42.72 14.78 0
      vertex 44.3915 16.2159 0
      vertex 44.2679 16.3279 0
    endloop
  endfacet
  facet normal 0 0 1
    outer loop
      vertex 44.6686 -60.2307 0
      vertex 42.72 -58.98 0
      vertex 44.5255 -60.3165 0
    endloop
  endfacet
  facet normal 0 0 1
    outer loop
      vertex 42.72 14.78 0
      vertex 44.2679 16.3279 0
      vertex 44.1559 16.4515 0
    endloop
  endfacet
  facet normal 0 0 1
    outer loop
      vertex 44.5255 -60.3165 0
      vertex 42.72 -58.98 0
      vertex 44.3915 -60.4159 0
    endloop
  endfacet
  facet normal 0 0 1
    outer loop
      vertex 42.72 14.78 0
      vertex 44.1559 16.4515 0
      vertex 44.0565 16.5855 0
    endloop
  endfacet
  facet normal 0 0 1
    outer loop
      vertex 44.3915 -60.4159 0
      vertex 42.72 -58.98 0
      vertex 44.2679 -60.5279 0
    endloop
  endfacet
  facet normal 0 0 1
    outer loop
      vertex 42.72 14.78 0
      vertex 44.0565 16.5855 0
      vertex 43.9707 16.7286 0
    endloop
  endfacet
  facet normal 0 0 1
    outer loop
      vertex 44.2679 -60.5279 0
      vertex 42.72 -58.98 0
      vertex 44.1559 -60.6515 0
    endloop
  endfacet
  facet normal 0 0 1
    outer loop
      vertex 42.72 14.78 0
      vertex 43.9707 16.7286 0
      vertex 43.8994 16.8794 0
    endloop
  endfacet
  facet normal 0 0 1
    outer loop
      vertex 44.1559 -60.6515 0
      vertex 42.72 -58.98 0
      vertex 44.0565 -60.7855 0
    endloop
  endfacet
  facet normal 0 0 1
    outer loop
      vertex 42.72 14.78 0
      vertex 43.8994 16.8794 0
      vertex 43.8432 17.0365 0
    endloop
  endfacet
  facet normal 0 0 1
    outer loop
      vertex 44.0565 -60.7855 0
      vertex 42.72 -58.98 0
      vertex 43.9707 -60.9286 0
    endloop
  endfacet
  facet normal 0 0 1
    outer loop
      vertex 42.72 14.78 0
      vertex 43.8432 17.0365 0
      vertex 43.8027 17.1983 0
    endloop
  endfacet
  facet normal 0 0 1
    outer loop
      vertex 43.9707 -60.9286 0
      vertex 42.72 -58.98 0
      vertex 43.8994 -61.0794 0
    endloop
  endfacet
  facet normal 0 0 1
    outer loop
      vertex 42.72 14.78 0
      vertex 43.8027 17.1983 0
      vertex 43.7782 17.3634 0
    endloop
  endfacet
  facet normal 0 0 1
    outer loop
      vertex 43.8994 -61.0794 0
      vertex 42.72 -58.98 0
      vertex 43.8432 -61.2365 0
    endloop
  endfacet
  facet normal 0 0 1
    outer loop
      vertex 42.72 14.78 0
      vertex 43.7782 17.3634 0
      vertex 43.77 17.53 0
    endloop
  endfacet
  facet normal 0 0 1
    outer loop
      vertex 43.8432 -61.2365 0
      vertex 42.72 -58.98 0
      vertex 43.8027 -61.3983 0
    endloop
  endfacet
  facet normal 0 0 1
    outer loop
      vertex 47.17 17.53 0
      vertex 49.47 17.53 0
      vertex 49.4507 17.9221 0
    endloop
  endfacet
  facet normal 0 0 1
    outer loop
      vertex 47.1618 17.3634 0
      vertex 49.47 17.53 0
      vertex 47.17 17.53 0
    endloop
  endfacet
  facet normal 0 0 1
    outer loop
      vertex 47.1618 17.6966 0
      vertex 49.4507 17.9221 0
      vertex 49.3931 18.3104 0
    endloop
  endfacet
  facet normal 0 0 1
    outer loop
      vertex 47.1373 17.1983 0
      vertex 49.47 17.53 0
      vertex 47.1618 17.3634 0
    endloop
  endfacet
  facet normal 0 0 1
    outer loop
      vertex 47.1373 17.8617 0
      vertex 49.3931 18.3104 0
      vertex 49.2978 18.6911 0
    endloop
  endfacet
  facet normal 0 0 1
    outer loop
      vertex 49.47 -61.73 0
      vertex 47.17 -61.73 0
      vertex 49.4507 -62.1221 0
    endloop
  endfacet
  facet normal 0 0 1
    outer loop
      vertex 47.0968 18.0235 0
      vertex 49.2978 18.6911 0
      vertex 49.1655 19.0607 0
    endloop
  endfacet
  facet normal -0 0 1
    outer loop
      vertex 47.1618 -61.8966 0
      vertex 49.4507 -62.1221 0
      vertex 47.17 -61.73 0
    endloop
  endfacet
  facet normal 0 0 1
    outer loop
      vertex 47.0406 18.1806 0
      vertex 49.1655 19.0607 0
      vertex 48.9977 19.4156 0
    endloop
  endfacet
  facet normal 0 0 1
    outer loop
      vertex 49.4507 -62.1221 0
      vertex 47.1618 -61.8966 0
      vertex 49.3931 -62.5104 0
    endloop
  endfacet
  facet normal 0 0 1
    outer loop
      vertex 46.9693 18.3314 0
      vertex 48.9977 19.4156 0
      vertex 48.7959 19.7523 0
    endloop
  endfacet
  facet normal -0 0 1
    outer loop
      vertex 47.1373 -62.0617 0
      vertex 49.3931 -62.5104 0
      vertex 47.1618 -61.8966 0
    endloop
  endfacet
  facet normal 0 0 1
    outer loop
      vertex 46.8835 18.4745 0
      vertex 48.7959 19.7523 0
      vertex 48.562 20.0676 0
    endloop
  endfacet
  facet normal 0 0 1
    outer loop
      vertex 49.3931 -62.5104 0
      vertex 47.1373 -62.0617 0
      vertex 49.2978 -62.8911 0
    endloop
  endfacet
  facet normal 0 0 1
    outer loop
      vertex 46.7841 18.6085 0
      vertex 48.562 20.0676 0
      vertex 48.2984 20.3584 0
    endloop
  endfacet
  facet normal -0 0 1
    outer loop
      vertex 47.0968 -62.2235 0
      vertex 49.2978 -62.8911 0
      vertex 47.1373 -62.0617 0
    endloop
  endfacet
  facet normal 0 0 1
    outer loop
      vertex 46.6721 18.7321 0
      vertex 48.2984 20.3584 0
      vertex 48.0076 20.622 0
    endloop
  endfacet
  facet normal 0 0 1
    outer loop
      vertex 49.2978 -62.8911 0
      vertex 47.0968 -62.2235 0
      vertex 49.1655 -63.2607 0
    endloop
  endfacet
  facet normal 0 0 1
    outer loop
      vertex 46.5485 18.8441 0
      vertex 48.0076 20.622 0
      vertex 47.6923 20.8559 0
    endloop
  endfacet
  facet normal -0 0 1
    outer loop
      vertex 47.0406 -62.3806 0
      vertex 49.1655 -63.2607 0
      vertex 47.0968 -62.2235 0
    endloop
  endfacet
  facet normal 0 0 1
    outer loop
      vertex 46.4145 18.9435 0
      vertex 47.6923 20.8559 0
      vertex 47.3556 21.0577 0
    endloop
  endfacet
  facet normal 0 0 1
    outer loop
      vertex 49.1655 -63.2607 0
      vertex 47.0406 -62.3806 0
      vertex 48.9977 -63.6156 0
    endloop
  endfacet
  facet normal -0 0 1
    outer loop
      vertex 46.9693 -62.5314 0
      vertex 48.9977 -63.6156 0
      vertex 47.0406 -62.3806 0
    endloop
  endfacet
  facet normal 0 0 1
    outer loop
      vertex 49.4507 17.9221 0
      vertex 47.1618 17.6966 0
      vertex 47.17 17.53 0
    endloop
  endfacet
  facet normal 0 0 1
    outer loop
      vertex 49.3931 18.3104 0
      vertex 47.1373 17.8617 0
      vertex 47.1618 17.6966 0
    endloop
  endfacet
  facet normal 0 0 1
    outer loop
      vertex 49.2978 18.6911 0
      vertex 47.0968 18.0235 0
      vertex 47.1373 17.8617 0
    endloop
  endfacet
  facet normal 0 0 1
    outer loop
      vertex 49.1655 19.0607 0
      vertex 47.0406 18.1806 0
      vertex 47.0968 18.0235 0
    endloop
  endfacet
  facet normal 0 0 1
    outer loop
      vertex 46.2714 19.0293 0
      vertex 47.3556 21.0577 0
      vertex 47.0007 21.2255 0
    endloop
  endfacet
  facet normal 0 0 1
    outer loop
      vertex 48.9977 19.4156 0
      vertex 46.9693 18.3314 0
      vertex 47.0406 18.1806 0
    endloop
  endfacet
  facet normal 0 0 1
    outer loop
      vertex 48.7959 19.7523 0
      vertex 46.8835 18.4745 0
      vertex 46.9693 18.3314 0
    endloop
  endfacet
  facet normal 0 0 1
    outer loop
      vertex 48.562 20.0676 0
      vertex 46.7841 18.6085 0
      vertex 46.8835 18.4745 0
    endloop
  endfacet
  facet normal 0 0 1
    outer loop
      vertex 48.2984 20.3584 0
      vertex 46.6721 18.7321 0
      vertex 46.7841 18.6085 0
    endloop
  endfacet
  facet normal 0 0 1
    outer loop
      vertex 46.1206 19.1006 0
      vertex 47.0007 21.2255 0
      vertex 46.6311 21.3578 0
    endloop
  endfacet
  facet normal 0 0 1
    outer loop
      vertex 48.0076 20.622 0
      vertex 46.5485 18.8441 0
      vertex 46.6721 18.7321 0
    endloop
  endfacet
  facet normal 0 0 1
    outer loop
      vertex 47.6923 20.8559 0
      vertex 46.4145 18.9435 0
      vertex 46.5485 18.8441 0
    endloop
  endfacet
  facet normal 0 0 1
    outer loop
      vertex 47.3556 21.0577 0
      vertex 46.2714 19.0293 0
      vertex 46.4145 18.9435 0
    endloop
  endfacet
  facet normal 0 0 1
    outer loop
      vertex 45.9635 19.1568 0
      vertex 46.6311 21.3578 0
      vertex 46.2504 21.4531 0
    endloop
  endfacet
  facet normal 0 0 1
    outer loop
      vertex 47.0007 21.2255 0
      vertex 46.1206 19.1006 0
      vertex 46.2714 19.0293 0
    endloop
  endfacet
  facet normal 0 0 1
    outer loop
      vertex 46.6311 21.3578 0
      vertex 45.9635 19.1568 0
      vertex 46.1206 19.1006 0
    endloop
  endfacet
  facet normal 0 0 1
    outer loop
      vertex 45.8017 19.1973 0
      vertex 46.2504 21.4531 0
      vertex 45.8621 21.5107 0
    endloop
  endfacet
  facet normal 0 0 1
    outer loop
      vertex 46.2504 21.4531 0
      vertex 45.8017 19.1973 0
      vertex 45.9635 19.1568 0
    endloop
  endfacet
  facet normal 0 0 1
    outer loop
      vertex 45.8621 21.5107 0
      vertex 45.6366 19.2218 0
      vertex 45.8017 19.1973 0
    endloop
  endfacet
  facet normal 0 0 1
    outer loop
      vertex 45.47 21.53 0
      vertex 45.6366 19.2218 0
      vertex 45.8621 21.5107 0
    endloop
  endfacet
  facet normal 0 0 1
    outer loop
      vertex 45.47 21.53 0
      vertex 45.47 19.23 0
      vertex 45.6366 19.2218 0
    endloop
  endfacet
  facet normal 0 0 1
    outer loop
      vertex 45.47 21.53 0
      vertex 45.3034 19.2218 0
      vertex 45.47 19.23 0
    endloop
  endfacet
  facet normal 0 0 1
    outer loop
      vertex 45.47 21.53 0
      vertex 45.1383 19.1973 0
      vertex 45.3034 19.2218 0
    endloop
  endfacet
  facet normal 0 0 1
    outer loop
      vertex 45.47 21.53 0
      vertex 44.9765 19.1568 0
      vertex 45.1383 19.1973 0
    endloop
  endfacet
  facet normal 0 0 1
    outer loop
      vertex 45.47 21.53 0
      vertex 44.8194 19.1006 0
      vertex 44.9765 19.1568 0
    endloop
  endfacet
  facet normal 0 0 1
    outer loop
      vertex 45.47 21.53 0
      vertex 44.6686 19.0293 0
      vertex 44.8194 19.1006 0
    endloop
  endfacet
  facet normal 0 0 1
    outer loop
      vertex 45.47 21.53 0
      vertex 44.5255 18.9435 0
      vertex 44.6686 19.0293 0
    endloop
  endfacet
  facet normal 0 0 1
    outer loop
      vertex 45.47 21.53 0
      vertex 44.3915 18.8441 0
      vertex 44.5255 18.9435 0
    endloop
  endfacet
  facet normal 0 0 1
    outer loop
      vertex 45.47 21.53 0
      vertex 44.2679 18.7321 0
      vertex 44.3915 18.8441 0
    endloop
  endfacet
  facet normal 0 0 1
    outer loop
      vertex 45.47 21.53 0
      vertex 44.1559 18.6085 0
      vertex 44.2679 18.7321 0
    endloop
  endfacet
  facet normal 0 0 1
    outer loop
      vertex 45.47 21.53 0
      vertex 44.0565 18.4745 0
      vertex 44.1559 18.6085 0
    endloop
  endfacet
  facet normal 0 0 1
    outer loop
      vertex 45.47 21.53 0
      vertex 43.9707 18.3314 0
      vertex 44.0565 18.4745 0
    endloop
  endfacet
  facet normal 0 0 1
    outer loop
      vertex -43.9707 18.3314 0
      vertex 43.9707 18.3314 0
      vertex 45.47 21.53 0
    endloop
  endfacet
  facet normal 0 0 1
    outer loop
      vertex 43.8027 -61.3983 0
      vertex 42.72 -58.98 0
      vertex 43.7782 -61.5634 0
    endloop
  endfacet
  facet normal 0 0 1
    outer loop
      vertex 43.7782 17.6966 0
      vertex 42.72 14.78 0
      vertex 43.77 17.53 0
    endloop
  endfacet
  facet normal 0 0 1
    outer loop
      vertex 43.8027 17.8617 0
      vertex 42.72 14.78 0
      vertex 43.7782 17.6966 0
    endloop
  endfacet
  facet normal 0 0 1
    outer loop
      vertex 43.8432 18.0235 0
      vertex 42.72 14.78 0
      vertex 43.8027 17.8617 0
    endloop
  endfacet
  facet normal 0 0 1
    outer loop
      vertex 43.8432 18.0235 0
      vertex -42.72 14.78 0
      vertex 42.72 14.78 0
    endloop
  endfacet
  facet normal 0 0 1
    outer loop
      vertex -43.8432 18.0235 0
      vertex 43.8432 18.0235 0
      vertex 43.8994 18.1806 0
    endloop
  endfacet
  facet normal 0 0 1
    outer loop
      vertex 43.9707 18.3314 0
      vertex -43.9707 18.3314 0
      vertex 43.8994 18.1806 0
    endloop
  endfacet
  facet normal -0 0 1
    outer loop
      vertex -43.7782 17.3634 0
      vertex -42.72 14.78 0
      vertex -43.77 17.53 0
    endloop
  endfacet
  facet normal 0 0 1
    outer loop
      vertex 43.8432 18.0235 0
      vertex -43.8432 18.0235 0
      vertex -42.72 14.78 0
    endloop
  endfacet
  facet normal 0 0 1
    outer loop
      vertex -42.72 14.78 0
      vertex -43.7782 17.6966 0
      vertex -43.77 17.53 0
    endloop
  endfacet
  facet normal 0 0 1
    outer loop
      vertex -42.72 14.78 0
      vertex -43.8027 17.8617 0
      vertex -43.7782 17.6966 0
    endloop
  endfacet
  facet normal 0 0 1
    outer loop
      vertex -42.72 14.78 0
      vertex -43.8432 18.0235 0
      vertex -43.8027 17.8617 0
    endloop
  endfacet
  facet normal 0 0 1
    outer loop
      vertex 43.8994 18.1806 0
      vertex -43.8994 18.1806 0
      vertex -43.8432 18.0235 0
    endloop
  endfacet
  facet normal 0 0 1
    outer loop
      vertex 43.8994 18.1806 0
      vertex -43.9707 18.3314 0
      vertex -43.8994 18.1806 0
    endloop
  endfacet
  facet normal -0 0 1
    outer loop
      vertex -45.47 21.53 0
      vertex -43.9707 18.3314 0
      vertex 45.47 21.53 0
    endloop
  endfacet
  facet normal 0 0 1
    outer loop
      vertex -43.9707 18.3314 0
      vertex -45.47 21.53 0
      vertex -44.0565 18.4745 0
    endloop
  endfacet
  facet normal 0 0 1
    outer loop
      vertex -44.0565 18.4745 0
      vertex -45.47 21.53 0
      vertex -44.1559 18.6085 0
    endloop
  endfacet
  facet normal 0 0 1
    outer loop
      vertex -44.1559 18.6085 0
      vertex -45.47 21.53 0
      vertex -44.2679 18.7321 0
    endloop
  endfacet
  facet normal 0 0 1
    outer loop
      vertex -44.2679 18.7321 0
      vertex -45.47 21.53 0
      vertex -44.3915 18.8441 0
    endloop
  endfacet
  facet normal 0 0 1
    outer loop
      vertex -44.3915 18.8441 0
      vertex -45.47 21.53 0
      vertex -44.5255 18.9435 0
    endloop
  endfacet
  facet normal 0 0 1
    outer loop
      vertex -44.5255 18.9435 0
      vertex -45.47 21.53 0
      vertex -44.6686 19.0293 0
    endloop
  endfacet
  facet normal 0 0 1
    outer loop
      vertex -44.6686 19.0293 0
      vertex -45.47 21.53 0
      vertex -44.8194 19.1006 0
    endloop
  endfacet
  facet normal 0 0 1
    outer loop
      vertex -44.8194 19.1006 0
      vertex -45.47 21.53 0
      vertex -44.9765 19.1568 0
    endloop
  endfacet
  facet normal 0 0 1
    outer loop
      vertex -44.9765 19.1568 0
      vertex -45.47 21.53 0
      vertex -45.1383 19.1973 0
    endloop
  endfacet
  facet normal 0 0 1
    outer loop
      vertex -45.1383 19.1973 0
      vertex -45.47 21.53 0
      vertex -45.3034 19.2218 0
    endloop
  endfacet
  facet normal 0 0 1
    outer loop
      vertex -45.47 21.53 0
      vertex -45.47 19.23 0
      vertex -45.3034 19.2218 0
    endloop
  endfacet
  facet normal 0 0 1
    outer loop
      vertex -45.47 21.53 0
      vertex -45.6366 19.2218 0
      vertex -45.47 19.23 0
    endloop
  endfacet
  facet normal -0 0 1
    outer loop
      vertex -45.8621 21.5107 0
      vertex -45.6366 19.2218 0
      vertex -45.47 21.53 0
    endloop
  endfacet
  facet normal 0 0 1
    outer loop
      vertex -45.6366 19.2218 0
      vertex -45.8621 21.5107 0
      vertex -45.8017 19.1973 0
    endloop
  endfacet
  facet normal -0 0 1
    outer loop
      vertex -46.2504 21.4531 0
      vertex -45.8017 19.1973 0
      vertex -45.8621 21.5107 0
    endloop
  endfacet
  facet normal 0 0 1
    outer loop
      vertex -45.8017 19.1973 0
      vertex -46.2504 21.4531 0
      vertex -45.9635 19.1568 0
    endloop
  endfacet
  facet normal -0 0 1
    outer loop
      vertex -46.6311 21.3578 0
      vertex -45.9635 19.1568 0
      vertex -46.2504 21.4531 0
    endloop
  endfacet
  facet normal 0 0 1
    outer loop
      vertex -45.9635 19.1568 0
      vertex -46.6311 21.3578 0
      vertex -46.1206 19.1006 0
    endloop
  endfacet
  facet normal -0 0 1
    outer loop
      vertex -47.0007 21.2255 0
      vertex -46.1206 19.1006 0
      vertex -46.6311 21.3578 0
    endloop
  endfacet
  facet normal 0 0 1
    outer loop
      vertex -46.1206 19.1006 0
      vertex -47.0007 21.2255 0
      vertex -46.2714 19.0293 0
    endloop
  endfacet
  facet normal -0 0 1
    outer loop
      vertex -47.3556 21.0577 0
      vertex -46.2714 19.0293 0
      vertex -47.0007 21.2255 0
    endloop
  endfacet
  facet normal 0 0 1
    outer loop
      vertex -46.2714 19.0293 0
      vertex -47.3556 21.0577 0
      vertex -46.4145 18.9435 0
    endloop
  endfacet
  facet normal -0 0 1
    outer loop
      vertex -47.6923 20.8559 0
      vertex -46.4145 18.9435 0
      vertex -47.3556 21.0577 0
    endloop
  endfacet
  facet normal 0 0 1
    outer loop
      vertex -46.4145 18.9435 0
      vertex -47.6923 20.8559 0
      vertex -46.5485 18.8441 0
    endloop
  endfacet
  facet normal -0 0 1
    outer loop
      vertex -48.0076 20.622 0
      vertex -46.5485 18.8441 0
      vertex -47.6923 20.8559 0
    endloop
  endfacet
  facet normal 0 0 1
    outer loop
      vertex -46.5485 18.8441 0
      vertex -48.0076 20.622 0
      vertex -46.6721 18.7321 0
    endloop
  endfacet
  facet normal -0 0 1
    outer loop
      vertex -48.2984 20.3584 0
      vertex -46.6721 18.7321 0
      vertex -48.0076 20.622 0
    endloop
  endfacet
  facet normal 0 0 1
    outer loop
      vertex -46.6721 18.7321 0
      vertex -48.2984 20.3584 0
      vertex -46.7841 18.6085 0
    endloop
  endfacet
  facet normal -0 0 1
    outer loop
      vertex -48.562 20.0676 0
      vertex -46.7841 18.6085 0
      vertex -48.2984 20.3584 0
    endloop
  endfacet
  facet normal 0 0 1
    outer loop
      vertex -46.7841 18.6085 0
      vertex -48.562 20.0676 0
      vertex -46.8835 18.4745 0
    endloop
  endfacet
  facet normal -0 0 1
    outer loop
      vertex -48.7959 19.7523 0
      vertex -46.8835 18.4745 0
      vertex -48.562 20.0676 0
    endloop
  endfacet
  facet normal -0 0 1
    outer loop
      vertex -48.9977 19.4156 0
      vertex -46.9693 18.3314 0
      vertex -48.7959 19.7523 0
    endloop
  endfacet
  facet normal 0 0 1
    outer loop
      vertex -46.8835 18.4745 0
      vertex -48.7959 19.7523 0
      vertex -46.9693 18.3314 0
    endloop
  endfacet
  facet normal 0 0 1
    outer loop
      vertex 48.9977 -63.6156 0
      vertex 46.9693 -62.5314 0
      vertex 48.7959 -63.9523 0
    endloop
  endfacet
  facet normal -0 0 1
    outer loop
      vertex 46.8835 -62.6745 0
      vertex 48.7959 -63.9523 0
      vertex 46.9693 -62.5314 0
    endloop
  endfacet
  facet normal 0 0 1
    outer loop
      vertex 48.7959 -63.9523 0
      vertex 46.8835 -62.6745 0
      vertex 48.562 -64.2676 0
    endloop
  endfacet
  facet normal -0 0 1
    outer loop
      vertex 46.7841 -62.8085 0
      vertex 48.562 -64.2676 0
      vertex 46.8835 -62.6745 0
    endloop
  endfacet
  facet normal 0 0 1
    outer loop
      vertex 48.562 -64.2676 0
      vertex 46.7841 -62.8085 0
      vertex 48.2984 -64.5584 0
    endloop
  endfacet
  facet normal -0 0 1
    outer loop
      vertex 46.6721 -62.9321 0
      vertex 48.2984 -64.5584 0
      vertex 46.7841 -62.8085 0
    endloop
  endfacet
  facet normal 0 0 1
    outer loop
      vertex 48.2984 -64.5584 0
      vertex 46.6721 -62.9321 0
      vertex 48.0076 -64.822 0
    endloop
  endfacet
  facet normal -0 0 1
    outer loop
      vertex 46.5485 -63.0441 0
      vertex 48.0076 -64.822 0
      vertex 46.6721 -62.9321 0
    endloop
  endfacet
  facet normal 0 0 1
    outer loop
      vertex 48.0076 -64.822 0
      vertex 46.5485 -63.0441 0
      vertex 47.6923 -65.0559 0
    endloop
  endfacet
  facet normal -0 0 1
    outer loop
      vertex 46.4145 -63.1435 0
      vertex 47.6923 -65.0559 0
      vertex 46.5485 -63.0441 0
    endloop
  endfacet
  facet normal 0 0 1
    outer loop
      vertex 47.6923 -65.0559 0
      vertex 46.4145 -63.1435 0
      vertex 47.3556 -65.2577 0
    endloop
  endfacet
  facet normal -0 0 1
    outer loop
      vertex 46.2714 -63.2293 0
      vertex 47.3556 -65.2577 0
      vertex 46.4145 -63.1435 0
    endloop
  endfacet
  facet normal 0 0 1
    outer loop
      vertex 47.3556 -65.2577 0
      vertex 46.2714 -63.2293 0
      vertex 47.0007 -65.4255 0
    endloop
  endfacet
  facet normal -0 0 1
    outer loop
      vertex 46.1206 -63.3006 0
      vertex 47.0007 -65.4255 0
      vertex 46.2714 -63.2293 0
    endloop
  endfacet
  facet normal 0 0 1
    outer loop
      vertex 47.0007 -65.4255 0
      vertex 46.1206 -63.3006 0
      vertex 46.6311 -65.5578 0
    endloop
  endfacet
  facet normal -0 0 1
    outer loop
      vertex 45.9635 -63.3568 0
      vertex 46.6311 -65.5578 0
      vertex 46.1206 -63.3006 0
    endloop
  endfacet
  facet normal 0 0 1
    outer loop
      vertex 46.6311 -65.5578 0
      vertex 45.9635 -63.3568 0
      vertex 46.2504 -65.6531 0
    endloop
  endfacet
  facet normal -0 0 1
    outer loop
      vertex 45.8017 -63.3973 0
      vertex 46.2504 -65.6531 0
      vertex 45.9635 -63.3568 0
    endloop
  endfacet
  facet normal 0 0 1
    outer loop
      vertex 46.2504 -65.6531 0
      vertex 45.8017 -63.3973 0
      vertex 45.8621 -65.7107 0
    endloop
  endfacet
  facet normal -0 0 1
    outer loop
      vertex 45.6366 -63.4218 0
      vertex 45.8621 -65.7107 0
      vertex 45.8017 -63.3973 0
    endloop
  endfacet
  facet normal -0 0 1
    outer loop
      vertex 45.47 -63.43 0
      vertex 45.8621 -65.7107 0
      vertex 45.6366 -63.4218 0
    endloop
  endfacet
  facet normal 0 0 1
    outer loop
      vertex 45.47 -63.43 0
      vertex 45.47 -65.73 0
      vertex 45.8621 -65.7107 0
    endloop
  endfacet
  facet normal 0 0 1
    outer loop
      vertex 45.3034 -63.4218 0
      vertex 45.47 -65.73 0
      vertex 45.47 -63.43 0
    endloop
  endfacet
  facet normal 0 0 1
    outer loop
      vertex 45.1383 -63.3973 0
      vertex 45.47 -65.73 0
      vertex 45.3034 -63.4218 0
    endloop
  endfacet
  facet normal 0 0 1
    outer loop
      vertex 44.9765 -63.3568 0
      vertex 45.47 -65.73 0
      vertex 45.1383 -63.3973 0
    endloop
  endfacet
  facet normal 0 0 1
    outer loop
      vertex 44.8194 -63.3006 0
      vertex 45.47 -65.73 0
      vertex 44.9765 -63.3568 0
    endloop
  endfacet
  facet normal 0 0 1
    outer loop
      vertex 44.6686 -63.2293 0
      vertex 45.47 -65.73 0
      vertex 44.8194 -63.3006 0
    endloop
  endfacet
  facet normal 0 0 1
    outer loop
      vertex 44.5255 -63.1435 0
      vertex 45.47 -65.73 0
      vertex 44.6686 -63.2293 0
    endloop
  endfacet
  facet normal 0 0 1
    outer loop
      vertex 44.3915 -63.0441 0
      vertex 45.47 -65.73 0
      vertex 44.5255 -63.1435 0
    endloop
  endfacet
  facet normal 0 0 1
    outer loop
      vertex 44.2679 -62.9321 0
      vertex 45.47 -65.73 0
      vertex 44.3915 -63.0441 0
    endloop
  endfacet
  facet normal 0 0 1
    outer loop
      vertex 44.1559 -62.8085 0
      vertex 45.47 -65.73 0
      vertex 44.2679 -62.9321 0
    endloop
  endfacet
  facet normal 0 0 1
    outer loop
      vertex 44.0565 -62.6745 0
      vertex 45.47 -65.73 0
      vertex 44.1559 -62.8085 0
    endloop
  endfacet
  facet normal 0 0 1
    outer loop
      vertex 43.9707 -62.5314 0
      vertex 45.47 -65.73 0
      vertex 44.0565 -62.6745 0
    endloop
  endfacet
  facet normal 0 0 1
    outer loop
      vertex -43.9707 -62.5314 0
      vertex 43.9707 -62.5314 0
      vertex 43.8994 -62.3806 0
    endloop
  endfacet
  facet normal 0 0 1
    outer loop
      vertex 43.7782 -61.5634 0
      vertex 42.72 -58.98 0
      vertex 43.77 -61.73 0
    endloop
  endfacet
  facet normal 0 0 1
    outer loop
      vertex 42.72 -58.98 0
      vertex 43.7782 -61.8966 0
      vertex 43.77 -61.73 0
    endloop
  endfacet
  facet normal 0 0 1
    outer loop
      vertex 42.72 -58.98 0
      vertex 43.8027 -62.0617 0
      vertex 43.7782 -61.8966 0
    endloop
  endfacet
  facet normal 0 0 1
    outer loop
      vertex 42.72 -58.98 0
      vertex 43.8432 -62.2235 0
      vertex 43.8027 -62.0617 0
    endloop
  endfacet
  facet normal -0 0 1
    outer loop
      vertex -42.72 -58.98 0
      vertex 43.8432 -62.2235 0
      vertex 42.72 -58.98 0
    endloop
  endfacet
  facet normal 0 0 1
    outer loop
      vertex -43.8432 -62.2235 0
      vertex 43.8432 -62.2235 0
      vertex -42.72 -58.98 0
    endloop
  endfacet
  facet normal 0 0 1
    outer loop
      vertex 43.8432 -62.2235 0
      vertex -43.8432 -62.2235 0
      vertex 43.8994 -62.3806 0
    endloop
  endfacet
  facet normal -0 0 1
    outer loop
      vertex -43.8027 17.1983 0
      vertex -42.72 14.78 0
      vertex -43.7782 17.3634 0
    endloop
  endfacet
  facet normal 0 0 1
    outer loop
      vertex -43.7782 -61.8966 0
      vertex -42.72 -58.98 0
      vertex -43.77 -61.73 0
    endloop
  endfacet
  facet normal 0 0 1
    outer loop
      vertex -43.8027 -62.0617 0
      vertex -42.72 -58.98 0
      vertex -43.7782 -61.8966 0
    endloop
  endfacet
  facet normal 0 0 1
    outer loop
      vertex -43.8432 -62.2235 0
      vertex -42.72 -58.98 0
      vertex -43.8027 -62.0617 0
    endloop
  endfacet
  facet normal 0 0 1
    outer loop
      vertex -43.8994 -62.3806 0
      vertex 43.8994 -62.3806 0
      vertex -43.8432 -62.2235 0
    endloop
  endfacet
  facet normal 0 0 1
    outer loop
      vertex -43.9707 -62.5314 0
      vertex 43.8994 -62.3806 0
      vertex -43.8994 -62.3806 0
    endloop
  endfacet
  facet normal 0 0 1
    outer loop
      vertex 43.9707 -62.5314 0
      vertex -43.9707 -62.5314 0
      vertex 45.47 -65.73 0
    endloop
  endfacet
  facet normal 0 0 1
    outer loop
      vertex -45.47 -65.73 0
      vertex -43.9707 -62.5314 0
      vertex -44.0565 -62.6745 0
    endloop
  endfacet
  facet normal 0 0 1
    outer loop
      vertex -45.47 -65.73 0
      vertex -44.0565 -62.6745 0
      vertex -44.1559 -62.8085 0
    endloop
  endfacet
  facet normal 0 0 1
    outer loop
      vertex -45.47 -65.73 0
      vertex -44.1559 -62.8085 0
      vertex -44.2679 -62.9321 0
    endloop
  endfacet
  facet normal 0 0 1
    outer loop
      vertex -45.47 -65.73 0
      vertex -44.2679 -62.9321 0
      vertex -44.3915 -63.0441 0
    endloop
  endfacet
  facet normal 0 0 1
    outer loop
      vertex -45.47 -65.73 0
      vertex -44.3915 -63.0441 0
      vertex -44.5255 -63.1435 0
    endloop
  endfacet
  facet normal 0 0 1
    outer loop
      vertex -45.47 -65.73 0
      vertex -44.5255 -63.1435 0
      vertex -44.6686 -63.2293 0
    endloop
  endfacet
  facet normal 0 0 1
    outer loop
      vertex -45.47 -65.73 0
      vertex -44.6686 -63.2293 0
      vertex -44.8194 -63.3006 0
    endloop
  endfacet
  facet normal 0 0 1
    outer loop
      vertex -45.47 -65.73 0
      vertex -44.8194 -63.3006 0
      vertex -44.9765 -63.3568 0
    endloop
  endfacet
  facet normal 0 0 1
    outer loop
      vertex -45.47 -65.73 0
      vertex -44.9765 -63.3568 0
      vertex -45.1383 -63.3973 0
    endloop
  endfacet
  facet normal 0 0 1
    outer loop
      vertex -45.47 -65.73 0
      vertex -45.1383 -63.3973 0
      vertex -45.3034 -63.4218 0
    endloop
  endfacet
  facet normal 0 0 1
    outer loop
      vertex -45.47 -65.73 0
      vertex -45.3034 -63.4218 0
      vertex -45.47 -63.43 0
    endloop
  endfacet
  facet normal 0 0 1
    outer loop
      vertex -43.9707 -62.5314 0
      vertex -45.47 -65.73 0
      vertex 45.47 -65.73 0
    endloop
  endfacet
  facet normal 0 0 1
    outer loop
      vertex -45.6366 -63.4218 0
      vertex -45.47 -65.73 0
      vertex -45.47 -63.43 0
    endloop
  endfacet
  facet normal 0 0 1
    outer loop
      vertex -45.8621 -65.7107 0
      vertex -45.6366 -63.4218 0
      vertex -45.8017 -63.3973 0
    endloop
  endfacet
  facet normal 0 0 1
    outer loop
      vertex -45.6366 -63.4218 0
      vertex -45.8621 -65.7107 0
      vertex -45.47 -65.73 0
    endloop
  endfacet
  facet normal 0 0 1
    outer loop
      vertex -46.2504 -65.6531 0
      vertex -45.8017 -63.3973 0
      vertex -45.9635 -63.3568 0
    endloop
  endfacet
  facet normal 0 0 1
    outer loop
      vertex -46.6311 -65.5578 0
      vertex -45.9635 -63.3568 0
      vertex -46.1206 -63.3006 0
    endloop
  endfacet
  facet normal 0 0 1
    outer loop
      vertex -45.8017 -63.3973 0
      vertex -46.2504 -65.6531 0
      vertex -45.8621 -65.7107 0
    endloop
  endfacet
  facet normal 0 0 1
    outer loop
      vertex -47.0007 -65.4255 0
      vertex -46.1206 -63.3006 0
      vertex -46.2714 -63.2293 0
    endloop
  endfacet
  facet normal 0 0 1
    outer loop
      vertex -47.3556 -65.2577 0
      vertex -46.2714 -63.2293 0
      vertex -46.4145 -63.1435 0
    endloop
  endfacet
  facet normal 0 0 1
    outer loop
      vertex -47.6923 -65.0559 0
      vertex -46.4145 -63.1435 0
      vertex -46.5485 -63.0441 0
    endloop
  endfacet
  facet normal 0 0 1
    outer loop
      vertex -45.9635 -63.3568 0
      vertex -46.6311 -65.5578 0
      vertex -46.2504 -65.6531 0
    endloop
  endfacet
  facet normal 0 0 1
    outer loop
      vertex -48.0076 -64.822 0
      vertex -46.5485 -63.0441 0
      vertex -46.6721 -62.9321 0
    endloop
  endfacet
  facet normal 0 0 1
    outer loop
      vertex -48.2984 -64.5584 0
      vertex -46.6721 -62.9321 0
      vertex -46.7841 -62.8085 0
    endloop
  endfacet
  facet normal 0 0 1
    outer loop
      vertex -48.562 -64.2676 0
      vertex -46.7841 -62.8085 0
      vertex -46.8835 -62.6745 0
    endloop
  endfacet
  facet normal 0 0 1
    outer loop
      vertex -48.7959 -63.9523 0
      vertex -46.8835 -62.6745 0
      vertex -46.9693 -62.5314 0
    endloop
  endfacet
  facet normal 0 0 1
    outer loop
      vertex -46.1206 -63.3006 0
      vertex -47.0007 -65.4255 0
      vertex -46.6311 -65.5578 0
    endloop
  endfacet
  facet normal 0 0 1
    outer loop
      vertex -48.9977 -63.6156 0
      vertex -46.9693 -62.5314 0
      vertex -47.0406 -62.3806 0
    endloop
  endfacet
  facet normal 0 0 1
    outer loop
      vertex -49.1655 -63.2607 0
      vertex -47.0406 -62.3806 0
      vertex -47.0968 -62.2235 0
    endloop
  endfacet
  facet normal 0 0 1
    outer loop
      vertex -49.2978 -62.8911 0
      vertex -47.0968 -62.2235 0
      vertex -47.1373 -62.0617 0
    endloop
  endfacet
  facet normal 0 0 1
    outer loop
      vertex -49.3931 -62.5104 0
      vertex -47.1373 -62.0617 0
      vertex -47.1618 -61.8966 0
    endloop
  endfacet
  facet normal 0 0 1
    outer loop
      vertex -49.4507 -62.1221 0
      vertex -47.1618 -61.8966 0
      vertex -47.17 -61.73 0
    endloop
  endfacet
  facet normal 0 0 1
    outer loop
      vertex -46.2714 -63.2293 0
      vertex -47.3556 -65.2577 0
      vertex -47.0007 -65.4255 0
    endloop
  endfacet
  facet normal 0 0 1
    outer loop
      vertex -47.1373 -61.3983 0
      vertex -49.47 -61.73 0
      vertex -47.1618 -61.5634 0
    endloop
  endfacet
  facet normal 0 0 1
    outer loop
      vertex -46.9693 18.3314 0
      vertex -48.9977 19.4156 0
      vertex -47.0406 18.1806 0
    endloop
  endfacet
  facet normal 0 0 1
    outer loop
      vertex -47.1618 -61.5634 0
      vertex -49.47 -61.73 0
      vertex -47.17 -61.73 0
    endloop
  endfacet
  facet normal -0 0 1
    outer loop
      vertex -49.1655 19.0607 0
      vertex -47.0406 18.1806 0
      vertex -48.9977 19.4156 0
    endloop
  endfacet
  facet normal 0 -0 1
    outer loop
      vertex -49.4507 -62.1221 0
      vertex -47.17 -61.73 0
      vertex -49.47 -61.73 0
    endloop
  endfacet
  facet normal 0 0 1
    outer loop
      vertex -47.0406 18.1806 0
      vertex -49.1655 19.0607 0
      vertex -47.0968 18.0235 0
    endloop
  endfacet
  facet normal 0 0 1
    outer loop
      vertex -46.4145 -63.1435 0
      vertex -47.6923 -65.0559 0
      vertex -47.3556 -65.2577 0
    endloop
  endfacet
  facet normal -0 0 1
    outer loop
      vertex -49.2978 18.6911 0
      vertex -47.0968 18.0235 0
      vertex -49.1655 19.0607 0
    endloop
  endfacet
  facet normal 0 0 1
    outer loop
      vertex -46.5485 -63.0441 0
      vertex -48.0076 -64.822 0
      vertex -47.6923 -65.0559 0
    endloop
  endfacet
  facet normal 0 0 1
    outer loop
      vertex -47.0968 18.0235 0
      vertex -49.2978 18.6911 0
      vertex -47.1373 17.8617 0
    endloop
  endfacet
  facet normal 0 0 1
    outer loop
      vertex -46.6721 -62.9321 0
      vertex -48.2984 -64.5584 0
      vertex -48.0076 -64.822 0
    endloop
  endfacet
  facet normal -0 0 1
    outer loop
      vertex -49.3931 18.3104 0
      vertex -47.1373 17.8617 0
      vertex -49.2978 18.6911 0
    endloop
  endfacet
  facet normal 0 0 1
    outer loop
      vertex -46.7841 -62.8085 0
      vertex -48.562 -64.2676 0
      vertex -48.2984 -64.5584 0
    endloop
  endfacet
  facet normal 0 0 1
    outer loop
      vertex -47.1373 17.8617 0
      vertex -49.3931 18.3104 0
      vertex -47.1618 17.6966 0
    endloop
  endfacet
  facet normal 0 0 1
    outer loop
      vertex -46.8835 -62.6745 0
      vertex -48.7959 -63.9523 0
      vertex -48.562 -64.2676 0
    endloop
  endfacet
  facet normal -0 0 1
    outer loop
      vertex -49.4507 17.9221 0
      vertex -47.1618 17.6966 0
      vertex -49.3931 18.3104 0
    endloop
  endfacet
  facet normal 0 0 1
    outer loop
      vertex -46.9693 -62.5314 0
      vertex -48.9977 -63.6156 0
      vertex -48.7959 -63.9523 0
    endloop
  endfacet
  facet normal 0 0 1
    outer loop
      vertex -47.1618 17.6966 0
      vertex -49.4507 17.9221 0
      vertex -47.17 17.53 0
    endloop
  endfacet
  facet normal 0 0 1
    outer loop
      vertex -47.0406 -62.3806 0
      vertex -49.1655 -63.2607 0
      vertex -48.9977 -63.6156 0
    endloop
  endfacet
  facet normal 0 0 1
    outer loop
      vertex -47.17 17.53 0
      vertex -49.4507 17.9221 0
      vertex -49.47 17.53 0
    endloop
  endfacet
  facet normal 0 0 1
    outer loop
      vertex -47.0968 -62.2235 0
      vertex -49.2978 -62.8911 0
      vertex -49.1655 -63.2607 0
    endloop
  endfacet
  facet normal 0 0 1
    outer loop
      vertex -47.1373 -62.0617 0
      vertex -49.3931 -62.5104 0
      vertex -49.2978 -62.8911 0
    endloop
  endfacet
  facet normal 0 0 1
    outer loop
      vertex -47.1618 -61.8966 0
      vertex -49.4507 -62.1221 0
      vertex -49.3931 -62.5104 0
    endloop
  endfacet
  facet normal 0.998791 -0.0491626 0
    outer loop
      vertex 49.4507 -62.1221 0
      vertex 49.47 -61.73 -2.4
      vertex 49.47 -61.73 0
    endloop
  endfacet
  facet normal 0.998791 -0.0491626 0
    outer loop
      vertex 49.47 -61.73 -2.4
      vertex 49.4507 -62.1221 0
      vertex 49.4507 -62.1221 -2.4
    endloop
  endfacet
  facet normal -0.998791 0.0491626 0
    outer loop
      vertex -49.47 17.53 -2.4
      vertex -49.4507 17.9221 0
      vertex -49.4507 17.9221 -2.4
    endloop
  endfacet
  facet normal -0.998791 0.0491626 0
    outer loop
      vertex -49.4507 17.9221 0
      vertex -49.47 17.53 -2.4
      vertex -49.47 17.53 0
    endloop
  endfacet
  facet normal -0.989176 0.146733 0
    outer loop
      vertex -49.4507 17.9221 -2.4
      vertex -49.3931 18.3104 0
      vertex -49.3931 18.3104 -2.4
    endloop
  endfacet
  facet normal -0.989176 0.146733 0
    outer loop
      vertex -49.3931 18.3104 0
      vertex -49.4507 17.9221 -2.4
      vertex -49.4507 17.9221 0
    endloop
  endfacet
  facet normal -0.671607 0.740908 0
    outer loop
      vertex -48.0076 20.622 -2.4
      vertex -48.2984 20.3584 0
      vertex -48.0076 20.622 0
    endloop
  endfacet
  facet normal -0.671607 0.740908 0
    outer loop
      vertex -48.2984 20.3584 0
      vertex -48.0076 20.622 -2.4
      vertex -48.2984 20.3584 -2.4
    endloop
  endfacet
  facet normal -0.337014 -0.9415 0
    outer loop
      vertex -47.0007 -65.4255 -2.4
      vertex -46.6311 -65.5578 0
      vertex -47.0007 -65.4255 0
    endloop
  endfacet
  facet normal -0.337014 -0.9415 -0
    outer loop
      vertex -46.6311 -65.5578 0
      vertex -47.0007 -65.4255 -2.4
      vertex -46.6311 -65.5578 -2.4
    endloop
  endfacet
  facet normal -0.740908 -0.671607 0
    outer loop
      vertex -48.2984 -64.5584 -2.4
      vertex -48.562 -64.2676 0
      vertex -48.562 -64.2676 -2.4
    endloop
  endfacet
  facet normal -0.740908 -0.671607 0
    outer loop
      vertex -48.562 -64.2676 0
      vertex -48.2984 -64.5584 -2.4
      vertex -48.2984 -64.5584 0
    endloop
  endfacet
  facet normal -0.0491626 0.998791 0
    outer loop
      vertex -45.47 21.53 -2.4
      vertex -45.8621 21.5107 0
      vertex -45.47 21.53 0
    endloop
  endfacet
  facet normal -0.0491626 0.998791 0
    outer loop
      vertex -45.8621 21.5107 0
      vertex -45.47 21.53 -2.4
      vertex -45.8621 21.5107 -2.4
    endloop
  endfacet
  facet normal -0.803137 0.595794 0
    outer loop
      vertex -48.7959 19.7523 -2.4
      vertex -48.562 20.0676 0
      vertex -48.562 20.0676 -2.4
    endloop
  endfacet
  facet normal -0.803137 0.595794 0
    outer loop
      vertex -48.562 20.0676 0
      vertex -48.7959 19.7523 -2.4
      vertex -48.7959 19.7523 0
    endloop
  endfacet
  facet normal 0.803137 0.595794 0
    outer loop
      vertex 48.7959 19.7523 0
      vertex 48.562 20.0676 -2.4
      vertex 48.562 20.0676 0
    endloop
  endfacet
  facet normal 0.803137 0.595794 0
    outer loop
      vertex 48.562 20.0676 -2.4
      vertex 48.7959 19.7523 0
      vertex 48.7959 19.7523 -2.4
    endloop
  endfacet
  facet normal 0 0 -1
    outer loop
      vertex -43.9707 -60.9286 -2.4
      vertex 43.9707 -60.9286 -2.4
      vertex -43.8994 -61.0794 -2.4
    endloop
  endfacet
  facet normal 0 0 -1
    outer loop
      vertex 44.1559 16.4515 -2.4
      vertex -43.7782 17.3634 -2.4
      vertex -43.77 17.53 -2.4
    endloop
  endfacet
  facet normal 0 0 -1
    outer loop
      vertex 43.9707 -60.9286 -2.4
      vertex -43.9707 -60.9286 -2.4
      vertex 44.0565 -60.7855 -2.4
    endloop
  endfacet
  facet normal 0 0 -1
    outer loop
      vertex 44.1559 16.4515 -2.4
      vertex -43.8027 17.1983 -2.4
      vertex -43.7782 17.3634 -2.4
    endloop
  endfacet
  facet normal 0 0 -1
    outer loop
      vertex -44.0565 -60.7855 -2.4
      vertex 44.0565 -60.7855 -2.4
      vertex -43.9707 -60.9286 -2.4
    endloop
  endfacet
  facet normal 0 0 -1
    outer loop
      vertex 44.1559 16.4515 -2.4
      vertex -43.8432 17.0365 -2.4
      vertex -43.8027 17.1983 -2.4
    endloop
  endfacet
  facet normal 0 0 -1
    outer loop
      vertex 44.0565 -60.7855 -2.4
      vertex -44.0565 -60.7855 -2.4
      vertex 44.1559 -60.6515 -2.4
    endloop
  endfacet
  facet normal 0 0 -1
    outer loop
      vertex 44.1559 16.4515 -2.4
      vertex -43.8994 16.8794 -2.4
      vertex -43.8432 17.0365 -2.4
    endloop
  endfacet
  facet normal 0 0 -1
    outer loop
      vertex -44.1559 -60.6515 -2.4
      vertex 44.1559 -60.6515 -2.4
      vertex -44.0565 -60.7855 -2.4
    endloop
  endfacet
  facet normal 0 0 -1
    outer loop
      vertex 44.1559 16.4515 -2.4
      vertex -43.9707 16.7286 -2.4
      vertex -43.8994 16.8794 -2.4
    endloop
  endfacet
  facet normal 0 0 -1
    outer loop
      vertex 44.1559 -60.6515 -2.4
      vertex -44.1559 -60.6515 -2.4
      vertex 44.1559 16.4515 -2.4
    endloop
  endfacet
  facet normal 0 0 -1
    outer loop
      vertex 44.1559 16.4515 -2.4
      vertex -44.0565 16.5855 -2.4
      vertex -43.9707 16.7286 -2.4
    endloop
  endfacet
  facet normal 0 0 -1
    outer loop
      vertex -44.1559 16.4515 -2.4
      vertex 44.1559 16.4515 -2.4
      vertex -44.1559 -60.6515 -2.4
    endloop
  endfacet
  facet normal 0 0 -1
    outer loop
      vertex 44.1559 16.4515 -2.4
      vertex -44.1559 16.4515 -2.4
      vertex -44.0565 16.5855 -2.4
    endloop
  endfacet
  facet normal 0 0 -1
    outer loop
      vertex -44.2679 -60.5279 -2.4
      vertex -44.1559 16.4515 -2.4
      vertex -44.1559 -60.6515 -2.4
    endloop
  endfacet
  facet normal 0 0 -1
    outer loop
      vertex -44.2679 -60.5279 -2.4
      vertex -44.2679 16.3279 -2.4
      vertex -44.1559 16.4515 -2.4
    endloop
  endfacet
  facet normal 0 0 -1
    outer loop
      vertex -44.3915 -60.4159 -2.4
      vertex -44.2679 16.3279 -2.4
      vertex -44.2679 -60.5279 -2.4
    endloop
  endfacet
  facet normal 0 0 -1
    outer loop
      vertex -44.3915 -60.4159 -2.4
      vertex -44.3915 16.2159 -2.4
      vertex -44.2679 16.3279 -2.4
    endloop
  endfacet
  facet normal 0 0 -1
    outer loop
      vertex -44.5255 -60.3165 -2.4
      vertex -44.3915 16.2159 -2.4
      vertex -44.3915 -60.4159 -2.4
    endloop
  endfacet
  facet normal 0 0 -1
    outer loop
      vertex -44.5255 -60.3165 -2.4
      vertex -44.5255 16.1165 -2.4
      vertex -44.3915 16.2159 -2.4
    endloop
  endfacet
  facet normal 0 0 -1
    outer loop
      vertex -44.6686 -60.2307 -2.4
      vertex -44.5255 16.1165 -2.4
      vertex -44.5255 -60.3165 -2.4
    endloop
  endfacet
  facet normal 0 0 -1
    outer loop
      vertex -44.6686 -60.2307 -2.4
      vertex -44.6686 16.0307 -2.4
      vertex -44.5255 16.1165 -2.4
    endloop
  endfacet
  facet normal 0 0 -1
    outer loop
      vertex -44.8194 -60.1594 -2.4
      vertex -44.6686 16.0307 -2.4
      vertex -44.6686 -60.2307 -2.4
    endloop
  endfacet
  facet normal 0 0 -1
    outer loop
      vertex -44.8194 -60.1594 -2.4
      vertex -44.8194 15.9594 -2.4
      vertex -44.6686 16.0307 -2.4
    endloop
  endfacet
  facet normal 0 0 -1
    outer loop
      vertex -44.9765 -60.1032 -2.4
      vertex -44.8194 15.9594 -2.4
      vertex -44.8194 -60.1594 -2.4
    endloop
  endfacet
  facet normal 0 0 -1
    outer loop
      vertex -44.9765 -60.1032 -2.4
      vertex -44.9765 15.9032 -2.4
      vertex -44.8194 15.9594 -2.4
    endloop
  endfacet
  facet normal 0 0 -1
    outer loop
      vertex -45.1383 -60.0627 -2.4
      vertex -44.9765 15.9032 -2.4
      vertex -44.9765 -60.1032 -2.4
    endloop
  endfacet
  facet normal 0 0 -1
    outer loop
      vertex -45.1383 -60.0627 -2.4
      vertex -45.1383 15.8627 -2.4
      vertex -44.9765 15.9032 -2.4
    endloop
  endfacet
  facet normal 0 0 -1
    outer loop
      vertex -45.3034 -60.0382 -2.4
      vertex -45.1383 15.8627 -2.4
      vertex -45.1383 -60.0627 -2.4
    endloop
  endfacet
  facet normal 0 0 -1
    outer loop
      vertex -45.3034 -60.0382 -2.4
      vertex -45.3034 15.8382 -2.4
      vertex -45.1383 15.8627 -2.4
    endloop
  endfacet
  facet normal 0 0 -1
    outer loop
      vertex -45.47 -60.03 -2.4
      vertex -45.3034 15.8382 -2.4
      vertex -45.3034 -60.0382 -2.4
    endloop
  endfacet
  facet normal 0 0 -1
    outer loop
      vertex -45.47 -60.03 -2.4
      vertex -45.47 15.83 -2.4
      vertex -45.3034 15.8382 -2.4
    endloop
  endfacet
  facet normal 0 0 -1
    outer loop
      vertex -45.6366 -60.0382 -2.4
      vertex -45.47 15.83 -2.4
      vertex -45.47 -60.03 -2.4
    endloop
  endfacet
  facet normal 0 0 -1
    outer loop
      vertex -45.6366 -60.0382 -2.4
      vertex -45.6366 15.8382 -2.4
      vertex -45.47 15.83 -2.4
    endloop
  endfacet
  facet normal 0 0 -1
    outer loop
      vertex -45.8017 -60.0627 -2.4
      vertex -45.6366 15.8382 -2.4
      vertex -45.6366 -60.0382 -2.4
    endloop
  endfacet
  facet normal 0 0 -1
    outer loop
      vertex -45.8017 -60.0627 -2.4
      vertex -45.8017 15.8627 -2.4
      vertex -45.6366 15.8382 -2.4
    endloop
  endfacet
  facet normal 0 0 -1
    outer loop
      vertex -45.9635 -60.1032 -2.4
      vertex -45.8017 15.8627 -2.4
      vertex -45.8017 -60.0627 -2.4
    endloop
  endfacet
  facet normal 0 0 -1
    outer loop
      vertex -45.9635 -60.1032 -2.4
      vertex -45.9635 15.9032 -2.4
      vertex -45.8017 15.8627 -2.4
    endloop
  endfacet
  facet normal 0 0 -1
    outer loop
      vertex -46.1206 -60.1594 -2.4
      vertex -45.9635 15.9032 -2.4
      vertex -45.9635 -60.1032 -2.4
    endloop
  endfacet
  facet normal 0 0 -1
    outer loop
      vertex -46.1206 -60.1594 -2.4
      vertex -46.1206 15.9594 -2.4
      vertex -45.9635 15.9032 -2.4
    endloop
  endfacet
  facet normal 0 0 -1
    outer loop
      vertex -46.2714 -60.2307 -2.4
      vertex -46.1206 15.9594 -2.4
      vertex -46.1206 -60.1594 -2.4
    endloop
  endfacet
  facet normal 0 0 -1
    outer loop
      vertex -46.2714 -60.2307 -2.4
      vertex -46.2714 16.0307 -2.4
      vertex -46.1206 15.9594 -2.4
    endloop
  endfacet
  facet normal 0 0 -1
    outer loop
      vertex -49.47 -61.73 -2.4
      vertex -46.2714 -60.2307 -2.4
      vertex -46.4145 -60.3165 -2.4
    endloop
  endfacet
  facet normal -0 0 -1
    outer loop
      vertex -46.2714 -60.2307 -2.4
      vertex -49.47 -61.73 -2.4
      vertex -46.2714 16.0307 -2.4
    endloop
  endfacet
  facet normal 0 0 -1
    outer loop
      vertex -49.47 -61.73 -2.4
      vertex -46.4145 -60.3165 -2.4
      vertex -46.5485 -60.4159 -2.4
    endloop
  endfacet
  facet normal 0 0 -1
    outer loop
      vertex -49.47 17.53 -2.4
      vertex -46.2714 16.0307 -2.4
      vertex -49.47 -61.73 -2.4
    endloop
  endfacet
  facet normal 0 0 -1
    outer loop
      vertex -49.47 -61.73 -2.4
      vertex -46.5485 -60.4159 -2.4
      vertex -46.6721 -60.5279 -2.4
    endloop
  endfacet
  facet normal 0 0 -1
    outer loop
      vertex -46.2714 16.0307 -2.4
      vertex -49.47 17.53 -2.4
      vertex -46.4145 16.1165 -2.4
    endloop
  endfacet
  facet normal 0 0 -1
    outer loop
      vertex -49.47 -61.73 -2.4
      vertex -46.6721 -60.5279 -2.4
      vertex -46.7841 -60.6515 -2.4
    endloop
  endfacet
  facet normal 0 0 -1
    outer loop
      vertex -46.4145 16.1165 -2.4
      vertex -49.47 17.53 -2.4
      vertex -46.5485 16.2159 -2.4
    endloop
  endfacet
  facet normal 0 0 -1
    outer loop
      vertex -49.47 -61.73 -2.4
      vertex -46.7841 -60.6515 -2.4
      vertex -46.8835 -60.7855 -2.4
    endloop
  endfacet
  facet normal 0 0 -1
    outer loop
      vertex -46.5485 16.2159 -2.4
      vertex -49.47 17.53 -2.4
      vertex -46.6721 16.3279 -2.4
    endloop
  endfacet
  facet normal 0 0 -1
    outer loop
      vertex -49.47 -61.73 -2.4
      vertex -46.8835 -60.7855 -2.4
      vertex -46.9693 -60.9286 -2.4
    endloop
  endfacet
  facet normal 0 0 -1
    outer loop
      vertex -46.6721 16.3279 -2.4
      vertex -49.47 17.53 -2.4
      vertex -46.7841 16.4515 -2.4
    endloop
  endfacet
  facet normal 0 0 -1
    outer loop
      vertex -49.47 -61.73 -2.4
      vertex -46.9693 -60.9286 -2.4
      vertex -47.0406 -61.0794 -2.4
    endloop
  endfacet
  facet normal 0 0 -1
    outer loop
      vertex -46.7841 16.4515 -2.4
      vertex -49.47 17.53 -2.4
      vertex -46.8835 16.5855 -2.4
    endloop
  endfacet
  facet normal 0 0 -1
    outer loop
      vertex -49.47 -61.73 -2.4
      vertex -47.0406 -61.0794 -2.4
      vertex -47.0968 -61.2365 -2.4
    endloop
  endfacet
  facet normal 0 0 -1
    outer loop
      vertex -46.8835 16.5855 -2.4
      vertex -49.47 17.53 -2.4
      vertex -46.9693 16.7286 -2.4
    endloop
  endfacet
  facet normal 0 0 -1
    outer loop
      vertex -49.47 -61.73 -2.4
      vertex -47.0968 -61.2365 -2.4
      vertex -47.1373 -61.3983 -2.4
    endloop
  endfacet
  facet normal 0 0 -1
    outer loop
      vertex -46.9693 16.7286 -2.4
      vertex -49.47 17.53 -2.4
      vertex -47.0406 16.8794 -2.4
    endloop
  endfacet
  facet normal 0 0 -1
    outer loop
      vertex -49.47 -61.73 -2.4
      vertex -47.1373 -61.3983 -2.4
      vertex -47.1618 -61.5634 -2.4
    endloop
  endfacet
  facet normal 0 0 -1
    outer loop
      vertex -47.0406 16.8794 -2.4
      vertex -49.47 17.53 -2.4
      vertex -47.0968 17.0365 -2.4
    endloop
  endfacet
  facet normal 0 0 -1
    outer loop
      vertex -49.47 -61.73 -2.4
      vertex -47.1618 -61.5634 -2.4
      vertex -47.17 -61.73 -2.4
    endloop
  endfacet
  facet normal 0 0 -1
    outer loop
      vertex -47.0968 17.0365 -2.4
      vertex -49.47 17.53 -2.4
      vertex -47.1373 17.1983 -2.4
    endloop
  endfacet
  facet normal 0 0 -1
    outer loop
      vertex 47.0968 -61.2365 -2.4
      vertex 49.47 -61.73 -2.4
      vertex 47.1373 -61.3983 -2.4
    endloop
  endfacet
  facet normal -0 0 -1
    outer loop
      vertex 49.47 17.53 -2.4
      vertex 47.1618 17.3634 -2.4
      vertex 47.17 17.53 -2.4
    endloop
  endfacet
  facet normal 0 0 -1
    outer loop
      vertex 47.0406 -61.0794 -2.4
      vertex 49.47 -61.73 -2.4
      vertex 47.0968 -61.2365 -2.4
    endloop
  endfacet
  facet normal 0 0 -1
    outer loop
      vertex 49.47 17.53 -2.4
      vertex 47.1373 17.1983 -2.4
      vertex 47.1618 17.3634 -2.4
    endloop
  endfacet
  facet normal 0 0 -1
    outer loop
      vertex 46.9693 -60.9286 -2.4
      vertex 49.47 -61.73 -2.4
      vertex 47.0406 -61.0794 -2.4
    endloop
  endfacet
  facet normal 0 0 -1
    outer loop
      vertex 49.47 17.53 -2.4
      vertex 47.0968 17.0365 -2.4
      vertex 47.1373 17.1983 -2.4
    endloop
  endfacet
  facet normal 0 0 -1
    outer loop
      vertex 46.8835 -60.7855 -2.4
      vertex 49.47 -61.73 -2.4
      vertex 46.9693 -60.9286 -2.4
    endloop
  endfacet
  facet normal 0 0 -1
    outer loop
      vertex 49.47 17.53 -2.4
      vertex 47.0406 16.8794 -2.4
      vertex 47.0968 17.0365 -2.4
    endloop
  endfacet
  facet normal 0 0 -1
    outer loop
      vertex 46.7841 -60.6515 -2.4
      vertex 49.47 -61.73 -2.4
      vertex 46.8835 -60.7855 -2.4
    endloop
  endfacet
  facet normal 0 0 -1
    outer loop
      vertex 49.47 17.53 -2.4
      vertex 46.9693 16.7286 -2.4
      vertex 47.0406 16.8794 -2.4
    endloop
  endfacet
  facet normal 0 0 -1
    outer loop
      vertex 46.6721 -60.5279 -2.4
      vertex 49.47 -61.73 -2.4
      vertex 46.7841 -60.6515 -2.4
    endloop
  endfacet
  facet normal 0 0 -1
    outer loop
      vertex 49.47 17.53 -2.4
      vertex 46.8835 16.5855 -2.4
      vertex 46.9693 16.7286 -2.4
    endloop
  endfacet
  facet normal 0 0 -1
    outer loop
      vertex 46.5485 -60.4159 -2.4
      vertex 49.47 -61.73 -2.4
      vertex 46.6721 -60.5279 -2.4
    endloop
  endfacet
  facet normal 0 0 -1
    outer loop
      vertex 49.47 17.53 -2.4
      vertex 46.7841 16.4515 -2.4
      vertex 46.8835 16.5855 -2.4
    endloop
  endfacet
  facet normal 0 0 -1
    outer loop
      vertex 46.4145 -60.3165 -2.4
      vertex 49.47 -61.73 -2.4
      vertex 46.5485 -60.4159 -2.4
    endloop
  endfacet
  facet normal 0 0 -1
    outer loop
      vertex 49.47 17.53 -2.4
      vertex 46.6721 16.3279 -2.4
      vertex 46.7841 16.4515 -2.4
    endloop
  endfacet
  facet normal 0 0 -1
    outer loop
      vertex 46.2714 -60.2307 -2.4
      vertex 49.47 -61.73 -2.4
      vertex 46.4145 -60.3165 -2.4
    endloop
  endfacet
  facet normal 0 0 -1
    outer loop
      vertex 49.47 17.53 -2.4
      vertex 46.5485 16.2159 -2.4
      vertex 46.6721 16.3279 -2.4
    endloop
  endfacet
  facet normal 0 0 -1
    outer loop
      vertex 49.47 -61.73 -2.4
      vertex 46.2714 -60.2307 -2.4
      vertex 49.47 17.53 -2.4
    endloop
  endfacet
  facet normal 0 0 -1
    outer loop
      vertex 49.47 17.53 -2.4
      vertex 46.4145 16.1165 -2.4
      vertex 46.5485 16.2159 -2.4
    endloop
  endfacet
  facet normal 0 0 -1
    outer loop
      vertex 46.2714 16.0307 -2.4
      vertex 49.47 17.53 -2.4
      vertex 46.2714 -60.2307 -2.4
    endloop
  endfacet
  facet normal 0 0 -1
    outer loop
      vertex 49.47 17.53 -2.4
      vertex 46.2714 16.0307 -2.4
      vertex 46.4145 16.1165 -2.4
    endloop
  endfacet
  facet normal 0 0 -1
    outer loop
      vertex 46.1206 -60.1594 -2.4
      vertex 46.2714 16.0307 -2.4
      vertex 46.2714 -60.2307 -2.4
    endloop
  endfacet
  facet normal 0 0 -1
    outer loop
      vertex 46.1206 -60.1594 -2.4
      vertex 46.1206 15.9594 -2.4
      vertex 46.2714 16.0307 -2.4
    endloop
  endfacet
  facet normal 0 0 -1
    outer loop
      vertex 45.9635 -60.1032 -2.4
      vertex 46.1206 15.9594 -2.4
      vertex 46.1206 -60.1594 -2.4
    endloop
  endfacet
  facet normal 0 0 -1
    outer loop
      vertex 45.9635 -60.1032 -2.4
      vertex 45.9635 15.9032 -2.4
      vertex 46.1206 15.9594 -2.4
    endloop
  endfacet
  facet normal 0 0 -1
    outer loop
      vertex 45.8017 -60.0627 -2.4
      vertex 45.9635 15.9032 -2.4
      vertex 45.9635 -60.1032 -2.4
    endloop
  endfacet
  facet normal 0 0 -1
    outer loop
      vertex 45.8017 -60.0627 -2.4
      vertex 45.8017 15.8627 -2.4
      vertex 45.9635 15.9032 -2.4
    endloop
  endfacet
  facet normal 0 0 -1
    outer loop
      vertex 45.6366 -60.0382 -2.4
      vertex 45.8017 15.8627 -2.4
      vertex 45.8017 -60.0627 -2.4
    endloop
  endfacet
  facet normal 0 0 -1
    outer loop
      vertex 45.6366 -60.0382 -2.4
      vertex 45.6366 15.8382 -2.4
      vertex 45.8017 15.8627 -2.4
    endloop
  endfacet
  facet normal 0 0 -1
    outer loop
      vertex 45.47 -60.03 -2.4
      vertex 45.6366 15.8382 -2.4
      vertex 45.6366 -60.0382 -2.4
    endloop
  endfacet
  facet normal 0 0 -1
    outer loop
      vertex 45.47 -60.03 -2.4
      vertex 45.47 15.83 -2.4
      vertex 45.6366 15.8382 -2.4
    endloop
  endfacet
  facet normal 0 0 -1
    outer loop
      vertex 45.3034 -60.0382 -2.4
      vertex 45.47 15.83 -2.4
      vertex 45.47 -60.03 -2.4
    endloop
  endfacet
  facet normal 0 0 -1
    outer loop
      vertex 45.3034 -60.0382 -2.4
      vertex 45.3034 15.8382 -2.4
      vertex 45.47 15.83 -2.4
    endloop
  endfacet
  facet normal 0 0 -1
    outer loop
      vertex 45.1383 -60.0627 -2.4
      vertex 45.3034 15.8382 -2.4
      vertex 45.3034 -60.0382 -2.4
    endloop
  endfacet
  facet normal 0 0 -1
    outer loop
      vertex 45.1383 -60.0627 -2.4
      vertex 45.1383 15.8627 -2.4
      vertex 45.3034 15.8382 -2.4
    endloop
  endfacet
  facet normal 0 0 -1
    outer loop
      vertex 44.9765 -60.1032 -2.4
      vertex 45.1383 15.8627 -2.4
      vertex 45.1383 -60.0627 -2.4
    endloop
  endfacet
  facet normal 0 0 -1
    outer loop
      vertex 44.9765 -60.1032 -2.4
      vertex 44.9765 15.9032 -2.4
      vertex 45.1383 15.8627 -2.4
    endloop
  endfacet
  facet normal 0 0 -1
    outer loop
      vertex 44.8194 -60.1594 -2.4
      vertex 44.9765 15.9032 -2.4
      vertex 44.9765 -60.1032 -2.4
    endloop
  endfacet
  facet normal 0 0 -1
    outer loop
      vertex 44.8194 -60.1594 -2.4
      vertex 44.8194 15.9594 -2.4
      vertex 44.9765 15.9032 -2.4
    endloop
  endfacet
  facet normal 0 0 -1
    outer loop
      vertex 44.6686 -60.2307 -2.4
      vertex 44.8194 15.9594 -2.4
      vertex 44.8194 -60.1594 -2.4
    endloop
  endfacet
  facet normal 0 0 -1
    outer loop
      vertex 44.6686 -60.2307 -2.4
      vertex 44.6686 16.0307 -2.4
      vertex 44.8194 15.9594 -2.4
    endloop
  endfacet
  facet normal 0 0 -1
    outer loop
      vertex 44.5255 -60.3165 -2.4
      vertex 44.6686 16.0307 -2.4
      vertex 44.6686 -60.2307 -2.4
    endloop
  endfacet
  facet normal 0 0 -1
    outer loop
      vertex 44.5255 -60.3165 -2.4
      vertex 44.5255 16.1165 -2.4
      vertex 44.6686 16.0307 -2.4
    endloop
  endfacet
  facet normal 0 0 -1
    outer loop
      vertex 44.3915 -60.4159 -2.4
      vertex 44.5255 16.1165 -2.4
      vertex 44.5255 -60.3165 -2.4
    endloop
  endfacet
  facet normal 0 0 -1
    outer loop
      vertex 44.3915 -60.4159 -2.4
      vertex 44.3915 16.2159 -2.4
      vertex 44.5255 16.1165 -2.4
    endloop
  endfacet
  facet normal 0 0 -1
    outer loop
      vertex 44.2679 -60.5279 -2.4
      vertex 44.3915 16.2159 -2.4
      vertex 44.3915 -60.4159 -2.4
    endloop
  endfacet
  facet normal 0 0 -1
    outer loop
      vertex 44.2679 -60.5279 -2.4
      vertex 44.2679 16.3279 -2.4
      vertex 44.3915 16.2159 -2.4
    endloop
  endfacet
  facet normal 0 0 -1
    outer loop
      vertex 44.1559 -60.6515 -2.4
      vertex 44.2679 16.3279 -2.4
      vertex 44.2679 -60.5279 -2.4
    endloop
  endfacet
  facet normal 0 0 -1
    outer loop
      vertex 44.1559 -60.6515 -2.4
      vertex 44.1559 16.4515 -2.4
      vertex 44.2679 16.3279 -2.4
    endloop
  endfacet
  facet normal 0 0 -1
    outer loop
      vertex 43.8432 -61.2365 -2.4
      vertex -43.8432 -61.2365 -2.4
      vertex 43.8994 -61.0794 -2.4
    endloop
  endfacet
  facet normal 0 0 -1
    outer loop
      vertex -43.8994 -61.0794 -2.4
      vertex 43.8994 -61.0794 -2.4
      vertex -43.8432 -61.2365 -2.4
    endloop
  endfacet
  facet normal 0 0 -1
    outer loop
      vertex -43.8432 -61.2365 -2.4
      vertex 43.8432 -61.2365 -2.4
      vertex -43.8027 -61.3983 -2.4
    endloop
  endfacet
  facet normal 0 0 -1
    outer loop
      vertex 43.8994 -61.0794 -2.4
      vertex -43.8994 -61.0794 -2.4
      vertex 43.9707 -60.9286 -2.4
    endloop
  endfacet
  facet normal 0 0 -1
    outer loop
      vertex 43.8027 -61.3983 -2.4
      vertex -43.8027 -61.3983 -2.4
      vertex 43.8432 -61.2365 -2.4
    endloop
  endfacet
  facet normal 0 0 -1
    outer loop
      vertex 44.1559 16.4515 -2.4
      vertex -43.77 17.53 -2.4
      vertex 44.0565 16.5855 -2.4
    endloop
  endfacet
  facet normal 0 0 -1
    outer loop
      vertex -43.8027 -61.3983 -2.4
      vertex 43.8027 -61.3983 -2.4
      vertex -43.7782 -61.5634 -2.4
    endloop
  endfacet
  facet normal 0 0 -1
    outer loop
      vertex 44.0565 16.5855 -2.4
      vertex -43.77 17.53 -2.4
      vertex 43.9707 16.7286 -2.4
    endloop
  endfacet
  facet normal 0 0 -1
    outer loop
      vertex 43.7782 -61.5634 -2.4
      vertex -43.7782 -61.5634 -2.4
      vertex 43.8027 -61.3983 -2.4
    endloop
  endfacet
  facet normal 0 0 -1
    outer loop
      vertex 43.9707 16.7286 -2.4
      vertex -43.77 17.53 -2.4
      vertex 43.8994 16.8794 -2.4
    endloop
  endfacet
  facet normal 0 0 -1
    outer loop
      vertex -43.7782 -61.5634 -2.4
      vertex 43.7782 -61.5634 -2.4
      vertex -43.77 -61.73 -2.4
    endloop
  endfacet
  facet normal 0 0 -1
    outer loop
      vertex 43.8994 16.8794 -2.4
      vertex -43.77 17.53 -2.4
      vertex 43.8432 17.0365 -2.4
    endloop
  endfacet
  facet normal 0 0 -1
    outer loop
      vertex -43.77 -61.73 -2.4
      vertex 43.7782 -61.5634 -2.4
      vertex 43.77 -61.73 -2.4
    endloop
  endfacet
  facet normal 0 0 -1
    outer loop
      vertex 43.8432 17.0365 -2.4
      vertex -43.77 17.53 -2.4
      vertex 43.8027 17.1983 -2.4
    endloop
  endfacet
  facet normal 0 0 -1
    outer loop
      vertex 47.17 -61.73 -2.4
      vertex 49.47 -61.73 -2.4
      vertex 49.4507 -62.1221 -2.4
    endloop
  endfacet
  facet normal 0 0 -1
    outer loop
      vertex 47.1618 -61.5634 -2.4
      vertex 49.47 -61.73 -2.4
      vertex 47.17 -61.73 -2.4
    endloop
  endfacet
  facet normal 0 0 -1
    outer loop
      vertex 47.1618 -61.8966 -2.4
      vertex 49.4507 -62.1221 -2.4
      vertex 49.3931 -62.5104 -2.4
    endloop
  endfacet
  facet normal 0 0 -1
    outer loop
      vertex 47.1373 -61.3983 -2.4
      vertex 49.47 -61.73 -2.4
      vertex 47.1618 -61.5634 -2.4
    endloop
  endfacet
  facet normal 0 0 -1
    outer loop
      vertex 47.1373 -62.0617 -2.4
      vertex 49.3931 -62.5104 -2.4
      vertex 49.2978 -62.8911 -2.4
    endloop
  endfacet
  facet normal 0 0 -1
    outer loop
      vertex 49.47 17.53 -2.4
      vertex 47.17 17.53 -2.4
      vertex 49.4507 17.9221 -2.4
    endloop
  endfacet
  facet normal 0 0 -1
    outer loop
      vertex 47.0968 -62.2235 -2.4
      vertex 49.2978 -62.8911 -2.4
      vertex 49.1655 -63.2607 -2.4
    endloop
  endfacet
  facet normal 0 0 -1
    outer loop
      vertex 47.1618 17.6966 -2.4
      vertex 49.4507 17.9221 -2.4
      vertex 47.17 17.53 -2.4
    endloop
  endfacet
  facet normal 0 0 -1
    outer loop
      vertex 47.0406 -62.3806 -2.4
      vertex 49.1655 -63.2607 -2.4
      vertex 48.9977 -63.6156 -2.4
    endloop
  endfacet
  facet normal -0 0 -1
    outer loop
      vertex 49.4507 17.9221 -2.4
      vertex 47.1618 17.6966 -2.4
      vertex 49.3931 18.3104 -2.4
    endloop
  endfacet
  facet normal 0 0 -1
    outer loop
      vertex 46.9693 -62.5314 -2.4
      vertex 48.9977 -63.6156 -2.4
      vertex 48.7959 -63.9523 -2.4
    endloop
  endfacet
  facet normal 0 0 -1
    outer loop
      vertex 47.1373 17.8617 -2.4
      vertex 49.3931 18.3104 -2.4
      vertex 47.1618 17.6966 -2.4
    endloop
  endfacet
  facet normal 0 0 -1
    outer loop
      vertex 46.8835 -62.6745 -2.4
      vertex 48.7959 -63.9523 -2.4
      vertex 48.562 -64.2676 -2.4
    endloop
  endfacet
  facet normal -0 0 -1
    outer loop
      vertex 49.3931 18.3104 -2.4
      vertex 47.1373 17.8617 -2.4
      vertex 49.2978 18.6911 -2.4
    endloop
  endfacet
  facet normal 0 0 -1
    outer loop
      vertex 46.7841 -62.8085 -2.4
      vertex 48.562 -64.2676 -2.4
      vertex 48.2984 -64.5584 -2.4
    endloop
  endfacet
  facet normal 0 0 -1
    outer loop
      vertex 47.0968 18.0235 -2.4
      vertex 49.2978 18.6911 -2.4
      vertex 47.1373 17.8617 -2.4
    endloop
  endfacet
  facet normal 0 0 -1
    outer loop
      vertex 46.6721 -62.9321 -2.4
      vertex 48.2984 -64.5584 -2.4
      vertex 48.0076 -64.822 -2.4
    endloop
  endfacet
  facet normal -0 0 -1
    outer loop
      vertex 49.2978 18.6911 -2.4
      vertex 47.0968 18.0235 -2.4
      vertex 49.1655 19.0607 -2.4
    endloop
  endfacet
  facet normal 0 0 -1
    outer loop
      vertex 46.5485 -63.0441 -2.4
      vertex 48.0076 -64.822 -2.4
      vertex 47.6923 -65.0559 -2.4
    endloop
  endfacet
  facet normal 0 0 -1
    outer loop
      vertex 47.0406 18.1806 -2.4
      vertex 49.1655 19.0607 -2.4
      vertex 47.0968 18.0235 -2.4
    endloop
  endfacet
  facet normal 0 0 -1
    outer loop
      vertex 46.4145 -63.1435 -2.4
      vertex 47.6923 -65.0559 -2.4
      vertex 47.3556 -65.2577 -2.4
    endloop
  endfacet
  facet normal -0 0 -1
    outer loop
      vertex 49.1655 19.0607 -2.4
      vertex 47.0406 18.1806 -2.4
      vertex 48.9977 19.4156 -2.4
    endloop
  endfacet
  facet normal 0 0 -1
    outer loop
      vertex 46.9693 18.3314 -2.4
      vertex 48.9977 19.4156 -2.4
      vertex 47.0406 18.1806 -2.4
    endloop
  endfacet
  facet normal 0 0 -1
    outer loop
      vertex 49.4507 -62.1221 -2.4
      vertex 47.1618 -61.8966 -2.4
      vertex 47.17 -61.73 -2.4
    endloop
  endfacet
  facet normal 0 0 -1
    outer loop
      vertex 49.3931 -62.5104 -2.4
      vertex 47.1373 -62.0617 -2.4
      vertex 47.1618 -61.8966 -2.4
    endloop
  endfacet
  facet normal 0 0 -1
    outer loop
      vertex 49.2978 -62.8911 -2.4
      vertex 47.0968 -62.2235 -2.4
      vertex 47.1373 -62.0617 -2.4
    endloop
  endfacet
  facet normal 0 0 -1
    outer loop
      vertex 49.1655 -63.2607 -2.4
      vertex 47.0406 -62.3806 -2.4
      vertex 47.0968 -62.2235 -2.4
    endloop
  endfacet
  facet normal 0 0 -1
    outer loop
      vertex 46.2714 -63.2293 -2.4
      vertex 47.3556 -65.2577 -2.4
      vertex 47.0007 -65.4255 -2.4
    endloop
  endfacet
  facet normal 0 0 -1
    outer loop
      vertex 48.9977 -63.6156 -2.4
      vertex 46.9693 -62.5314 -2.4
      vertex 47.0406 -62.3806 -2.4
    endloop
  endfacet
  facet normal 0 0 -1
    outer loop
      vertex 48.7959 -63.9523 -2.4
      vertex 46.8835 -62.6745 -2.4
      vertex 46.9693 -62.5314 -2.4
    endloop
  endfacet
  facet normal 0 0 -1
    outer loop
      vertex 48.562 -64.2676 -2.4
      vertex 46.7841 -62.8085 -2.4
      vertex 46.8835 -62.6745 -2.4
    endloop
  endfacet
  facet normal 0 0 -1
    outer loop
      vertex 48.2984 -64.5584 -2.4
      vertex 46.6721 -62.9321 -2.4
      vertex 46.7841 -62.8085 -2.4
    endloop
  endfacet
  facet normal 0 0 -1
    outer loop
      vertex 46.1206 -63.3006 -2.4
      vertex 47.0007 -65.4255 -2.4
      vertex 46.6311 -65.5578 -2.4
    endloop
  endfacet
  facet normal 0 0 -1
    outer loop
      vertex 48.0076 -64.822 -2.4
      vertex 46.5485 -63.0441 -2.4
      vertex 46.6721 -62.9321 -2.4
    endloop
  endfacet
  facet normal 0 0 -1
    outer loop
      vertex 47.6923 -65.0559 -2.4
      vertex 46.4145 -63.1435 -2.4
      vertex 46.5485 -63.0441 -2.4
    endloop
  endfacet
  facet normal 0 0 -1
    outer loop
      vertex 47.3556 -65.2577 -2.4
      vertex 46.2714 -63.2293 -2.4
      vertex 46.4145 -63.1435 -2.4
    endloop
  endfacet
  facet normal 0 0 -1
    outer loop
      vertex 45.9635 -63.3568 -2.4
      vertex 46.6311 -65.5578 -2.4
      vertex 46.2504 -65.6531 -2.4
    endloop
  endfacet
  facet normal 0 0 -1
    outer loop
      vertex 47.0007 -65.4255 -2.4
      vertex 46.1206 -63.3006 -2.4
      vertex 46.2714 -63.2293 -2.4
    endloop
  endfacet
  facet normal 0 0 -1
    outer loop
      vertex 46.6311 -65.5578 -2.4
      vertex 45.9635 -63.3568 -2.4
      vertex 46.1206 -63.3006 -2.4
    endloop
  endfacet
  facet normal 0 0 -1
    outer loop
      vertex 45.8017 -63.3973 -2.4
      vertex 46.2504 -65.6531 -2.4
      vertex 45.8621 -65.7107 -2.4
    endloop
  endfacet
  facet normal 0 0 -1
    outer loop
      vertex 46.2504 -65.6531 -2.4
      vertex 45.8017 -63.3973 -2.4
      vertex 45.9635 -63.3568 -2.4
    endloop
  endfacet
  facet normal 0 0 -1
    outer loop
      vertex 45.8621 -65.7107 -2.4
      vertex 45.6366 -63.4218 -2.4
      vertex 45.8017 -63.3973 -2.4
    endloop
  endfacet
  facet normal 0 0 -1
    outer loop
      vertex 45.47 -65.73 -2.4
      vertex 45.6366 -63.4218 -2.4
      vertex 45.8621 -65.7107 -2.4
    endloop
  endfacet
  facet normal 0 0 -1
    outer loop
      vertex 45.47 -65.73 -2.4
      vertex 45.47 -63.43 -2.4
      vertex 45.6366 -63.4218 -2.4
    endloop
  endfacet
  facet normal 0 0 -1
    outer loop
      vertex 45.47 -65.73 -2.4
      vertex 45.3034 -63.4218 -2.4
      vertex 45.47 -63.43 -2.4
    endloop
  endfacet
  facet normal 0 0 -1
    outer loop
      vertex 45.47 -65.73 -2.4
      vertex 45.1383 -63.3973 -2.4
      vertex 45.3034 -63.4218 -2.4
    endloop
  endfacet
  facet normal 0 0 -1
    outer loop
      vertex 45.47 -65.73 -2.4
      vertex 44.9765 -63.3568 -2.4
      vertex 45.1383 -63.3973 -2.4
    endloop
  endfacet
  facet normal 0 0 -1
    outer loop
      vertex 45.47 -65.73 -2.4
      vertex 44.8194 -63.3006 -2.4
      vertex 44.9765 -63.3568 -2.4
    endloop
  endfacet
  facet normal 0 0 -1
    outer loop
      vertex 45.47 -65.73 -2.4
      vertex 44.6686 -63.2293 -2.4
      vertex 44.8194 -63.3006 -2.4
    endloop
  endfacet
  facet normal 0 0 -1
    outer loop
      vertex 45.47 -65.73 -2.4
      vertex 44.5255 -63.1435 -2.4
      vertex 44.6686 -63.2293 -2.4
    endloop
  endfacet
  facet normal 0 0 -1
    outer loop
      vertex 45.47 -65.73 -2.4
      vertex 44.3915 -63.0441 -2.4
      vertex 44.5255 -63.1435 -2.4
    endloop
  endfacet
  facet normal 0 0 -1
    outer loop
      vertex 45.47 -65.73 -2.4
      vertex 44.2679 -62.9321 -2.4
      vertex 44.3915 -63.0441 -2.4
    endloop
  endfacet
  facet normal 0 0 -1
    outer loop
      vertex 45.47 -65.73 -2.4
      vertex 44.1559 -62.8085 -2.4
      vertex 44.2679 -62.9321 -2.4
    endloop
  endfacet
  facet normal 0 0 -1
    outer loop
      vertex 45.47 -65.73 -2.4
      vertex 44.0565 -62.6745 -2.4
      vertex 44.1559 -62.8085 -2.4
    endloop
  endfacet
  facet normal 0 0 -1
    outer loop
      vertex 45.47 -65.73 -2.4
      vertex 43.9707 -62.5314 -2.4
      vertex 44.0565 -62.6745 -2.4
    endloop
  endfacet
  facet normal 0 0 -1
    outer loop
      vertex -43.9707 -62.5314 -2.4
      vertex 43.9707 -62.5314 -2.4
      vertex 45.47 -65.73 -2.4
    endloop
  endfacet
  facet normal 0 0 -1
    outer loop
      vertex 43.8027 17.1983 -2.4
      vertex -43.77 17.53 -2.4
      vertex 43.7782 17.3634 -2.4
    endloop
  endfacet
  facet normal 0 0 -1
    outer loop
      vertex 43.7782 -61.8966 -2.4
      vertex -43.77 -61.73 -2.4
      vertex 43.77 -61.73 -2.4
    endloop
  endfacet
  facet normal 0 0 -1
    outer loop
      vertex -43.7782 -61.8966 -2.4
      vertex 43.7782 -61.8966 -2.4
      vertex 43.8027 -62.0617 -2.4
    endloop
  endfacet
  facet normal 0 0 -1
    outer loop
      vertex -43.8027 -62.0617 -2.4
      vertex 43.8027 -62.0617 -2.4
      vertex 43.8432 -62.2235 -2.4
    endloop
  endfacet
  facet normal 0 0 -1
    outer loop
      vertex -43.8432 -62.2235 -2.4
      vertex 43.8432 -62.2235 -2.4
      vertex 43.8994 -62.3806 -2.4
    endloop
  endfacet
  facet normal 0 0 -1
    outer loop
      vertex 43.9707 -62.5314 -2.4
      vertex -43.9707 -62.5314 -2.4
      vertex 43.8994 -62.3806 -2.4
    endloop
  endfacet
  facet normal 0 0 -1
    outer loop
      vertex 43.7782 -61.8966 -2.4
      vertex -43.7782 -61.8966 -2.4
      vertex -43.77 -61.73 -2.4
    endloop
  endfacet
  facet normal 0 0 -1
    outer loop
      vertex 43.8027 -62.0617 -2.4
      vertex -43.8027 -62.0617 -2.4
      vertex -43.7782 -61.8966 -2.4
    endloop
  endfacet
  facet normal 0 0 -1
    outer loop
      vertex 43.8432 -62.2235 -2.4
      vertex -43.8432 -62.2235 -2.4
      vertex -43.8027 -62.0617 -2.4
    endloop
  endfacet
  facet normal 0 0 -1
    outer loop
      vertex 43.8994 -62.3806 -2.4
      vertex -43.8994 -62.3806 -2.4
      vertex -43.8432 -62.2235 -2.4
    endloop
  endfacet
  facet normal -0 0 -1
    outer loop
      vertex 43.8994 -62.3806 -2.4
      vertex -43.9707 -62.5314 -2.4
      vertex -43.8994 -62.3806 -2.4
    endloop
  endfacet
  facet normal 0 0 -1
    outer loop
      vertex -45.47 -65.73 -2.4
      vertex -43.9707 -62.5314 -2.4
      vertex 45.47 -65.73 -2.4
    endloop
  endfacet
  facet normal 0 0 -1
    outer loop
      vertex -43.9707 -62.5314 -2.4
      vertex -45.47 -65.73 -2.4
      vertex -44.0565 -62.6745 -2.4
    endloop
  endfacet
  facet normal 0 0 -1
    outer loop
      vertex -44.0565 -62.6745 -2.4
      vertex -45.47 -65.73 -2.4
      vertex -44.1559 -62.8085 -2.4
    endloop
  endfacet
  facet normal 0 0 -1
    outer loop
      vertex -44.1559 -62.8085 -2.4
      vertex -45.47 -65.73 -2.4
      vertex -44.2679 -62.9321 -2.4
    endloop
  endfacet
  facet normal 0 0 -1
    outer loop
      vertex -44.2679 -62.9321 -2.4
      vertex -45.47 -65.73 -2.4
      vertex -44.3915 -63.0441 -2.4
    endloop
  endfacet
  facet normal 0 0 -1
    outer loop
      vertex -44.3915 -63.0441 -2.4
      vertex -45.47 -65.73 -2.4
      vertex -44.5255 -63.1435 -2.4
    endloop
  endfacet
  facet normal 0 0 -1
    outer loop
      vertex -44.5255 -63.1435 -2.4
      vertex -45.47 -65.73 -2.4
      vertex -44.6686 -63.2293 -2.4
    endloop
  endfacet
  facet normal 0 0 -1
    outer loop
      vertex -44.6686 -63.2293 -2.4
      vertex -45.47 -65.73 -2.4
      vertex -44.8194 -63.3006 -2.4
    endloop
  endfacet
  facet normal 0 0 -1
    outer loop
      vertex -44.8194 -63.3006 -2.4
      vertex -45.47 -65.73 -2.4
      vertex -44.9765 -63.3568 -2.4
    endloop
  endfacet
  facet normal 0 0 -1
    outer loop
      vertex -44.9765 -63.3568 -2.4
      vertex -45.47 -65.73 -2.4
      vertex -45.1383 -63.3973 -2.4
    endloop
  endfacet
  facet normal 0 0 -1
    outer loop
      vertex -45.1383 -63.3973 -2.4
      vertex -45.47 -65.73 -2.4
      vertex -45.3034 -63.4218 -2.4
    endloop
  endfacet
  facet normal 0 0 -1
    outer loop
      vertex -45.47 -65.73 -2.4
      vertex -45.47 -63.43 -2.4
      vertex -45.3034 -63.4218 -2.4
    endloop
  endfacet
  facet normal 0 0 -1
    outer loop
      vertex -45.47 -65.73 -2.4
      vertex -45.6366 -63.4218 -2.4
      vertex -45.47 -63.43 -2.4
    endloop
  endfacet
  facet normal 0 0 -1
    outer loop
      vertex -45.8621 -65.7107 -2.4
      vertex -45.6366 -63.4218 -2.4
      vertex -45.47 -65.73 -2.4
    endloop
  endfacet
  facet normal -0 0 -1
    outer loop
      vertex -45.6366 -63.4218 -2.4
      vertex -45.8621 -65.7107 -2.4
      vertex -45.8017 -63.3973 -2.4
    endloop
  endfacet
  facet normal 0 0 -1
    outer loop
      vertex -46.2504 -65.6531 -2.4
      vertex -45.8017 -63.3973 -2.4
      vertex -45.8621 -65.7107 -2.4
    endloop
  endfacet
  facet normal -0 0 -1
    outer loop
      vertex -45.8017 -63.3973 -2.4
      vertex -46.2504 -65.6531 -2.4
      vertex -45.9635 -63.3568 -2.4
    endloop
  endfacet
  facet normal 0 0 -1
    outer loop
      vertex -46.6311 -65.5578 -2.4
      vertex -45.9635 -63.3568 -2.4
      vertex -46.2504 -65.6531 -2.4
    endloop
  endfacet
  facet normal -0 0 -1
    outer loop
      vertex -45.9635 -63.3568 -2.4
      vertex -46.6311 -65.5578 -2.4
      vertex -46.1206 -63.3006 -2.4
    endloop
  endfacet
  facet normal 0 0 -1
    outer loop
      vertex -47.0007 -65.4255 -2.4
      vertex -46.1206 -63.3006 -2.4
      vertex -46.6311 -65.5578 -2.4
    endloop
  endfacet
  facet normal -0 0 -1
    outer loop
      vertex -46.1206 -63.3006 -2.4
      vertex -47.0007 -65.4255 -2.4
      vertex -46.2714 -63.2293 -2.4
    endloop
  endfacet
  facet normal 0 0 -1
    outer loop
      vertex -47.3556 -65.2577 -2.4
      vertex -46.2714 -63.2293 -2.4
      vertex -47.0007 -65.4255 -2.4
    endloop
  endfacet
  facet normal -0 0 -1
    outer loop
      vertex -46.2714 -63.2293 -2.4
      vertex -47.3556 -65.2577 -2.4
      vertex -46.4145 -63.1435 -2.4
    endloop
  endfacet
  facet normal 0 0 -1
    outer loop
      vertex -47.6923 -65.0559 -2.4
      vertex -46.4145 -63.1435 -2.4
      vertex -47.3556 -65.2577 -2.4
    endloop
  endfacet
  facet normal -0 0 -1
    outer loop
      vertex -46.4145 -63.1435 -2.4
      vertex -47.6923 -65.0559 -2.4
      vertex -46.5485 -63.0441 -2.4
    endloop
  endfacet
  facet normal 0 0 -1
    outer loop
      vertex -48.0076 -64.822 -2.4
      vertex -46.5485 -63.0441 -2.4
      vertex -47.6923 -65.0559 -2.4
    endloop
  endfacet
  facet normal -0 0 -1
    outer loop
      vertex -46.5485 -63.0441 -2.4
      vertex -48.0076 -64.822 -2.4
      vertex -46.6721 -62.9321 -2.4
    endloop
  endfacet
  facet normal 0 0 -1
    outer loop
      vertex -48.2984 -64.5584 -2.4
      vertex -46.6721 -62.9321 -2.4
      vertex -48.0076 -64.822 -2.4
    endloop
  endfacet
  facet normal -0 0 -1
    outer loop
      vertex -46.6721 -62.9321 -2.4
      vertex -48.2984 -64.5584 -2.4
      vertex -46.7841 -62.8085 -2.4
    endloop
  endfacet
  facet normal 0 0 -1
    outer loop
      vertex -48.562 -64.2676 -2.4
      vertex -46.7841 -62.8085 -2.4
      vertex -48.2984 -64.5584 -2.4
    endloop
  endfacet
  facet normal -0 0 -1
    outer loop
      vertex -46.7841 -62.8085 -2.4
      vertex -48.562 -64.2676 -2.4
      vertex -46.8835 -62.6745 -2.4
    endloop
  endfacet
  facet normal 0 0 -1
    outer loop
      vertex -48.7959 -63.9523 -2.4
      vertex -46.8835 -62.6745 -2.4
      vertex -48.562 -64.2676 -2.4
    endloop
  endfacet
  facet normal 0 0 -1
    outer loop
      vertex -48.9977 -63.6156 -2.4
      vertex -46.9693 -62.5314 -2.4
      vertex -48.7959 -63.9523 -2.4
    endloop
  endfacet
  facet normal -0 0 -1
    outer loop
      vertex -46.8835 -62.6745 -2.4
      vertex -48.7959 -63.9523 -2.4
      vertex -46.9693 -62.5314 -2.4
    endloop
  endfacet
  facet normal -0 0 -1
    outer loop
      vertex 48.9977 19.4156 -2.4
      vertex 46.9693 18.3314 -2.4
      vertex 48.7959 19.7523 -2.4
    endloop
  endfacet
  facet normal 0 0 -1
    outer loop
      vertex 46.8835 18.4745 -2.4
      vertex 48.7959 19.7523 -2.4
      vertex 46.9693 18.3314 -2.4
    endloop
  endfacet
  facet normal -0 0 -1
    outer loop
      vertex 48.7959 19.7523 -2.4
      vertex 46.8835 18.4745 -2.4
      vertex 48.562 20.0676 -2.4
    endloop
  endfacet
  facet normal 0 0 -1
    outer loop
      vertex 46.7841 18.6085 -2.4
      vertex 48.562 20.0676 -2.4
      vertex 46.8835 18.4745 -2.4
    endloop
  endfacet
  facet normal -0 0 -1
    outer loop
      vertex 48.562 20.0676 -2.4
      vertex 46.7841 18.6085 -2.4
      vertex 48.2984 20.3584 -2.4
    endloop
  endfacet
  facet normal 0 0 -1
    outer loop
      vertex 46.6721 18.7321 -2.4
      vertex 48.2984 20.3584 -2.4
      vertex 46.7841 18.6085 -2.4
    endloop
  endfacet
  facet normal -0 0 -1
    outer loop
      vertex 48.2984 20.3584 -2.4
      vertex 46.6721 18.7321 -2.4
      vertex 48.0076 20.622 -2.4
    endloop
  endfacet
  facet normal 0 0 -1
    outer loop
      vertex 46.5485 18.8441 -2.4
      vertex 48.0076 20.622 -2.4
      vertex 46.6721 18.7321 -2.4
    endloop
  endfacet
  facet normal -0 0 -1
    outer loop
      vertex 48.0076 20.622 -2.4
      vertex 46.5485 18.8441 -2.4
      vertex 47.6923 20.8559 -2.4
    endloop
  endfacet
  facet normal 0 0 -1
    outer loop
      vertex 46.4145 18.9435 -2.4
      vertex 47.6923 20.8559 -2.4
      vertex 46.5485 18.8441 -2.4
    endloop
  endfacet
  facet normal -0 0 -1
    outer loop
      vertex 47.6923 20.8559 -2.4
      vertex 46.4145 18.9435 -2.4
      vertex 47.3556 21.0577 -2.4
    endloop
  endfacet
  facet normal 0 0 -1
    outer loop
      vertex 46.2714 19.0293 -2.4
      vertex 47.3556 21.0577 -2.4
      vertex 46.4145 18.9435 -2.4
    endloop
  endfacet
  facet normal -0 0 -1
    outer loop
      vertex 47.3556 21.0577 -2.4
      vertex 46.2714 19.0293 -2.4
      vertex 47.0007 21.2255 -2.4
    endloop
  endfacet
  facet normal 0 0 -1
    outer loop
      vertex 46.1206 19.1006 -2.4
      vertex 47.0007 21.2255 -2.4
      vertex 46.2714 19.0293 -2.4
    endloop
  endfacet
  facet normal -0 0 -1
    outer loop
      vertex 47.0007 21.2255 -2.4
      vertex 46.1206 19.1006 -2.4
      vertex 46.6311 21.3578 -2.4
    endloop
  endfacet
  facet normal 0 0 -1
    outer loop
      vertex 45.9635 19.1568 -2.4
      vertex 46.6311 21.3578 -2.4
      vertex 46.1206 19.1006 -2.4
    endloop
  endfacet
  facet normal -0 0 -1
    outer loop
      vertex 46.6311 21.3578 -2.4
      vertex 45.9635 19.1568 -2.4
      vertex 46.2504 21.4531 -2.4
    endloop
  endfacet
  facet normal 0 0 -1
    outer loop
      vertex 45.8017 19.1973 -2.4
      vertex 46.2504 21.4531 -2.4
      vertex 45.9635 19.1568 -2.4
    endloop
  endfacet
  facet normal -0 0 -1
    outer loop
      vertex 46.2504 21.4531 -2.4
      vertex 45.8017 19.1973 -2.4
      vertex 45.8621 21.5107 -2.4
    endloop
  endfacet
  facet normal 0 0 -1
    outer loop
      vertex 45.6366 19.2218 -2.4
      vertex 45.8621 21.5107 -2.4
      vertex 45.8017 19.1973 -2.4
    endloop
  endfacet
  facet normal 0 0 -1
    outer loop
      vertex 45.47 19.23 -2.4
      vertex 45.8621 21.5107 -2.4
      vertex 45.6366 19.2218 -2.4
    endloop
  endfacet
  facet normal 0 0 -1
    outer loop
      vertex 45.47 19.23 -2.4
      vertex 45.47 21.53 -2.4
      vertex 45.8621 21.5107 -2.4
    endloop
  endfacet
  facet normal 0 0 -1
    outer loop
      vertex 45.3034 19.2218 -2.4
      vertex 45.47 21.53 -2.4
      vertex 45.47 19.23 -2.4
    endloop
  endfacet
  facet normal 0 0 -1
    outer loop
      vertex 45.1383 19.1973 -2.4
      vertex 45.47 21.53 -2.4
      vertex 45.3034 19.2218 -2.4
    endloop
  endfacet
  facet normal 0 0 -1
    outer loop
      vertex 44.9765 19.1568 -2.4
      vertex 45.47 21.53 -2.4
      vertex 45.1383 19.1973 -2.4
    endloop
  endfacet
  facet normal 0 0 -1
    outer loop
      vertex 44.8194 19.1006 -2.4
      vertex 45.47 21.53 -2.4
      vertex 44.9765 19.1568 -2.4
    endloop
  endfacet
  facet normal 0 0 -1
    outer loop
      vertex 44.6686 19.0293 -2.4
      vertex 45.47 21.53 -2.4
      vertex 44.8194 19.1006 -2.4
    endloop
  endfacet
  facet normal 0 0 -1
    outer loop
      vertex 44.5255 18.9435 -2.4
      vertex 45.47 21.53 -2.4
      vertex 44.6686 19.0293 -2.4
    endloop
  endfacet
  facet normal 0 0 -1
    outer loop
      vertex 44.3915 18.8441 -2.4
      vertex 45.47 21.53 -2.4
      vertex 44.5255 18.9435 -2.4
    endloop
  endfacet
  facet normal 0 0 -1
    outer loop
      vertex 44.2679 18.7321 -2.4
      vertex 45.47 21.53 -2.4
      vertex 44.3915 18.8441 -2.4
    endloop
  endfacet
  facet normal 0 0 -1
    outer loop
      vertex 44.1559 18.6085 -2.4
      vertex 45.47 21.53 -2.4
      vertex 44.2679 18.7321 -2.4
    endloop
  endfacet
  facet normal 0 0 -1
    outer loop
      vertex 44.0565 18.4745 -2.4
      vertex 45.47 21.53 -2.4
      vertex 44.1559 18.6085 -2.4
    endloop
  endfacet
  facet normal 0 0 -1
    outer loop
      vertex 43.9707 18.3314 -2.4
      vertex 45.47 21.53 -2.4
      vertex 44.0565 18.4745 -2.4
    endloop
  endfacet
  facet normal 0 0 -1
    outer loop
      vertex -43.9707 18.3314 -2.4
      vertex 43.9707 18.3314 -2.4
      vertex 43.8994 18.1806 -2.4
    endloop
  endfacet
  facet normal 0 0 -1
    outer loop
      vertex 43.7782 17.3634 -2.4
      vertex -43.77 17.53 -2.4
      vertex 43.77 17.53 -2.4
    endloop
  endfacet
  facet normal 0 0 -1
    outer loop
      vertex 43.77 17.53 -2.4
      vertex -43.77 17.53 -2.4
      vertex 43.7782 17.6966 -2.4
    endloop
  endfacet
  facet normal 0 0 -1
    outer loop
      vertex -43.7782 17.6966 -2.4
      vertex 43.7782 17.6966 -2.4
      vertex -43.77 17.53 -2.4
    endloop
  endfacet
  facet normal 0 0 -1
    outer loop
      vertex 43.7782 17.6966 -2.4
      vertex -43.7782 17.6966 -2.4
      vertex 43.8027 17.8617 -2.4
    endloop
  endfacet
  facet normal 0 0 -1
    outer loop
      vertex -43.8027 17.8617 -2.4
      vertex 43.8027 17.8617 -2.4
      vertex -43.7782 17.6966 -2.4
    endloop
  endfacet
  facet normal 0 0 -1
    outer loop
      vertex 43.8027 17.8617 -2.4
      vertex -43.8027 17.8617 -2.4
      vertex 43.8432 18.0235 -2.4
    endloop
  endfacet
  facet normal 0 0 -1
    outer loop
      vertex -43.8432 18.0235 -2.4
      vertex 43.8432 18.0235 -2.4
      vertex -43.8027 17.8617 -2.4
    endloop
  endfacet
  facet normal 0 0 -1
    outer loop
      vertex 43.8432 18.0235 -2.4
      vertex -43.8432 18.0235 -2.4
      vertex 43.8994 18.1806 -2.4
    endloop
  endfacet
  facet normal 0 0 -1
    outer loop
      vertex -43.8994 18.1806 -2.4
      vertex 43.8994 18.1806 -2.4
      vertex -43.8432 18.0235 -2.4
    endloop
  endfacet
  facet normal 0 0 -1
    outer loop
      vertex -43.9707 18.3314 -2.4
      vertex 43.8994 18.1806 -2.4
      vertex -43.8994 18.1806 -2.4
    endloop
  endfacet
  facet normal 0 0 -1
    outer loop
      vertex 43.9707 18.3314 -2.4
      vertex -43.9707 18.3314 -2.4
      vertex 45.47 21.53 -2.4
    endloop
  endfacet
  facet normal 0 0 -1
    outer loop
      vertex -45.47 21.53 -2.4
      vertex -43.9707 18.3314 -2.4
      vertex -44.0565 18.4745 -2.4
    endloop
  endfacet
  facet normal 0 0 -1
    outer loop
      vertex -45.47 21.53 -2.4
      vertex -44.0565 18.4745 -2.4
      vertex -44.1559 18.6085 -2.4
    endloop
  endfacet
  facet normal 0 0 -1
    outer loop
      vertex -45.47 21.53 -2.4
      vertex -44.1559 18.6085 -2.4
      vertex -44.2679 18.7321 -2.4
    endloop
  endfacet
  facet normal 0 0 -1
    outer loop
      vertex -45.47 21.53 -2.4
      vertex -44.2679 18.7321 -2.4
      vertex -44.3915 18.8441 -2.4
    endloop
  endfacet
  facet normal 0 0 -1
    outer loop
      vertex -45.47 21.53 -2.4
      vertex -44.3915 18.8441 -2.4
      vertex -44.5255 18.9435 -2.4
    endloop
  endfacet
  facet normal 0 0 -1
    outer loop
      vertex -45.47 21.53 -2.4
      vertex -44.5255 18.9435 -2.4
      vertex -44.6686 19.0293 -2.4
    endloop
  endfacet
  facet normal 0 0 -1
    outer loop
      vertex -45.47 21.53 -2.4
      vertex -44.6686 19.0293 -2.4
      vertex -44.8194 19.1006 -2.4
    endloop
  endfacet
  facet normal 0 0 -1
    outer loop
      vertex -45.47 21.53 -2.4
      vertex -44.8194 19.1006 -2.4
      vertex -44.9765 19.1568 -2.4
    endloop
  endfacet
  facet normal 0 0 -1
    outer loop
      vertex -45.47 21.53 -2.4
      vertex -44.9765 19.1568 -2.4
      vertex -45.1383 19.1973 -2.4
    endloop
  endfacet
  facet normal 0 0 -1
    outer loop
      vertex -45.47 21.53 -2.4
      vertex -45.1383 19.1973 -2.4
      vertex -45.3034 19.2218 -2.4
    endloop
  endfacet
  facet normal 0 0 -1
    outer loop
      vertex -45.47 21.53 -2.4
      vertex -45.3034 19.2218 -2.4
      vertex -45.47 19.23 -2.4
    endloop
  endfacet
  facet normal 0 0 -1
    outer loop
      vertex -43.9707 18.3314 -2.4
      vertex -45.47 21.53 -2.4
      vertex 45.47 21.53 -2.4
    endloop
  endfacet
  facet normal 0 0 -1
    outer loop
      vertex -45.6366 19.2218 -2.4
      vertex -45.47 21.53 -2.4
      vertex -45.47 19.23 -2.4
    endloop
  endfacet
  facet normal 0 0 -1
    outer loop
      vertex -45.8621 21.5107 -2.4
      vertex -45.6366 19.2218 -2.4
      vertex -45.8017 19.1973 -2.4
    endloop
  endfacet
  facet normal 0 0 -1
    outer loop
      vertex -45.6366 19.2218 -2.4
      vertex -45.8621 21.5107 -2.4
      vertex -45.47 21.53 -2.4
    endloop
  endfacet
  facet normal 0 0 -1
    outer loop
      vertex -46.2504 21.4531 -2.4
      vertex -45.8017 19.1973 -2.4
      vertex -45.9635 19.1568 -2.4
    endloop
  endfacet
  facet normal 0 0 -1
    outer loop
      vertex -46.6311 21.3578 -2.4
      vertex -45.9635 19.1568 -2.4
      vertex -46.1206 19.1006 -2.4
    endloop
  endfacet
  facet normal 0 0 -1
    outer loop
      vertex -45.8017 19.1973 -2.4
      vertex -46.2504 21.4531 -2.4
      vertex -45.8621 21.5107 -2.4
    endloop
  endfacet
  facet normal 0 0 -1
    outer loop
      vertex -47.0007 21.2255 -2.4
      vertex -46.1206 19.1006 -2.4
      vertex -46.2714 19.0293 -2.4
    endloop
  endfacet
  facet normal 0 0 -1
    outer loop
      vertex -47.3556 21.0577 -2.4
      vertex -46.2714 19.0293 -2.4
      vertex -46.4145 18.9435 -2.4
    endloop
  endfacet
  facet normal 0 0 -1
    outer loop
      vertex -47.6923 20.8559 -2.4
      vertex -46.4145 18.9435 -2.4
      vertex -46.5485 18.8441 -2.4
    endloop
  endfacet
  facet normal 0 0 -1
    outer loop
      vertex -45.9635 19.1568 -2.4
      vertex -46.6311 21.3578 -2.4
      vertex -46.2504 21.4531 -2.4
    endloop
  endfacet
  facet normal 0 0 -1
    outer loop
      vertex -48.0076 20.622 -2.4
      vertex -46.5485 18.8441 -2.4
      vertex -46.6721 18.7321 -2.4
    endloop
  endfacet
  facet normal 0 0 -1
    outer loop
      vertex -48.2984 20.3584 -2.4
      vertex -46.6721 18.7321 -2.4
      vertex -46.7841 18.6085 -2.4
    endloop
  endfacet
  facet normal 0 0 -1
    outer loop
      vertex -48.562 20.0676 -2.4
      vertex -46.7841 18.6085 -2.4
      vertex -46.8835 18.4745 -2.4
    endloop
  endfacet
  facet normal 0 0 -1
    outer loop
      vertex -48.7959 19.7523 -2.4
      vertex -46.8835 18.4745 -2.4
      vertex -46.9693 18.3314 -2.4
    endloop
  endfacet
  facet normal 0 0 -1
    outer loop
      vertex -46.1206 19.1006 -2.4
      vertex -47.0007 21.2255 -2.4
      vertex -46.6311 21.3578 -2.4
    endloop
  endfacet
  facet normal 0 0 -1
    outer loop
      vertex -48.9977 19.4156 -2.4
      vertex -46.9693 18.3314 -2.4
      vertex -47.0406 18.1806 -2.4
    endloop
  endfacet
  facet normal 0 0 -1
    outer loop
      vertex -49.1655 19.0607 -2.4
      vertex -47.0406 18.1806 -2.4
      vertex -47.0968 18.0235 -2.4
    endloop
  endfacet
  facet normal 0 0 -1
    outer loop
      vertex -49.2978 18.6911 -2.4
      vertex -47.0968 18.0235 -2.4
      vertex -47.1373 17.8617 -2.4
    endloop
  endfacet
  facet normal 0 0 -1
    outer loop
      vertex -49.3931 18.3104 -2.4
      vertex -47.1373 17.8617 -2.4
      vertex -47.1618 17.6966 -2.4
    endloop
  endfacet
  facet normal 0 0 -1
    outer loop
      vertex -49.4507 17.9221 -2.4
      vertex -47.1618 17.6966 -2.4
      vertex -47.17 17.53 -2.4
    endloop
  endfacet
  facet normal 0 0 -1
    outer loop
      vertex -46.2714 19.0293 -2.4
      vertex -47.3556 21.0577 -2.4
      vertex -47.0007 21.2255 -2.4
    endloop
  endfacet
  facet normal 0 0 -1
    outer loop
      vertex -47.1373 17.1983 -2.4
      vertex -49.47 17.53 -2.4
      vertex -47.1618 17.3634 -2.4
    endloop
  endfacet
  facet normal -0 0 -1
    outer loop
      vertex -46.9693 -62.5314 -2.4
      vertex -48.9977 -63.6156 -2.4
      vertex -47.0406 -62.3806 -2.4
    endloop
  endfacet
  facet normal 0 0 -1
    outer loop
      vertex -47.1618 17.3634 -2.4
      vertex -49.47 17.53 -2.4
      vertex -47.17 17.53 -2.4
    endloop
  endfacet
  facet normal 0 0 -1
    outer loop
      vertex -49.1655 -63.2607 -2.4
      vertex -47.0406 -62.3806 -2.4
      vertex -48.9977 -63.6156 -2.4
    endloop
  endfacet
  facet normal 0 -0 -1
    outer loop
      vertex -49.4507 17.9221 -2.4
      vertex -47.17 17.53 -2.4
      vertex -49.47 17.53 -2.4
    endloop
  endfacet
  facet normal -0 0 -1
    outer loop
      vertex -47.0406 -62.3806 -2.4
      vertex -49.1655 -63.2607 -2.4
      vertex -47.0968 -62.2235 -2.4
    endloop
  endfacet
  facet normal 0 0 -1
    outer loop
      vertex -46.4145 18.9435 -2.4
      vertex -47.6923 20.8559 -2.4
      vertex -47.3556 21.0577 -2.4
    endloop
  endfacet
  facet normal 0 0 -1
    outer loop
      vertex -49.2978 -62.8911 -2.4
      vertex -47.0968 -62.2235 -2.4
      vertex -49.1655 -63.2607 -2.4
    endloop
  endfacet
  facet normal 0 0 -1
    outer loop
      vertex -46.5485 18.8441 -2.4
      vertex -48.0076 20.622 -2.4
      vertex -47.6923 20.8559 -2.4
    endloop
  endfacet
  facet normal -0 0 -1
    outer loop
      vertex -47.0968 -62.2235 -2.4
      vertex -49.2978 -62.8911 -2.4
      vertex -47.1373 -62.0617 -2.4
    endloop
  endfacet
  facet normal 0 0 -1
    outer loop
      vertex -46.6721 18.7321 -2.4
      vertex -48.2984 20.3584 -2.4
      vertex -48.0076 20.622 -2.4
    endloop
  endfacet
  facet normal 0 0 -1
    outer loop
      vertex -49.3931 -62.5104 -2.4
      vertex -47.1373 -62.0617 -2.4
      vertex -49.2978 -62.8911 -2.4
    endloop
  endfacet
  facet normal 0 0 -1
    outer loop
      vertex -46.7841 18.6085 -2.4
      vertex -48.562 20.0676 -2.4
      vertex -48.2984 20.3584 -2.4
    endloop
  endfacet
  facet normal -0 0 -1
    outer loop
      vertex -47.1373 -62.0617 -2.4
      vertex -49.3931 -62.5104 -2.4
      vertex -47.1618 -61.8966 -2.4
    endloop
  endfacet
  facet normal 0 0 -1
    outer loop
      vertex -46.8835 18.4745 -2.4
      vertex -48.7959 19.7523 -2.4
      vertex -48.562 20.0676 -2.4
    endloop
  endfacet
  facet normal 0 0 -1
    outer loop
      vertex -49.4507 -62.1221 -2.4
      vertex -47.1618 -61.8966 -2.4
      vertex -49.3931 -62.5104 -2.4
    endloop
  endfacet
  facet normal 0 0 -1
    outer loop
      vertex -46.9693 18.3314 -2.4
      vertex -48.9977 19.4156 -2.4
      vertex -48.7959 19.7523 -2.4
    endloop
  endfacet
  facet normal -0 0 -1
    outer loop
      vertex -47.1618 -61.8966 -2.4
      vertex -49.4507 -62.1221 -2.4
      vertex -47.17 -61.73 -2.4
    endloop
  endfacet
  facet normal 0 0 -1
    outer loop
      vertex -47.0406 18.1806 -2.4
      vertex -49.1655 19.0607 -2.4
      vertex -48.9977 19.4156 -2.4
    endloop
  endfacet
  facet normal -0 0 -1
    outer loop
      vertex -47.17 -61.73 -2.4
      vertex -49.4507 -62.1221 -2.4
      vertex -49.47 -61.73 -2.4
    endloop
  endfacet
  facet normal 0 0 -1
    outer loop
      vertex -47.0968 18.0235 -2.4
      vertex -49.2978 18.6911 -2.4
      vertex -49.1655 19.0607 -2.4
    endloop
  endfacet
  facet normal 0 0 -1
    outer loop
      vertex -47.1373 17.8617 -2.4
      vertex -49.3931 18.3104 -2.4
      vertex -49.2978 18.6911 -2.4
    endloop
  endfacet
  facet normal 0 0 -1
    outer loop
      vertex -47.1618 17.6966 -2.4
      vertex -49.4507 17.9221 -2.4
      vertex -49.3931 18.3104 -2.4
    endloop
  endfacet
  facet normal 0.998791 0.0491626 0
    outer loop
      vertex 49.47 17.53 0
      vertex 49.4507 17.9221 -2.4
      vertex 49.4507 17.9221 0
    endloop
  endfacet
  facet normal 0.998791 0.0491626 0
    outer loop
      vertex 49.4507 17.9221 -2.4
      vertex 49.47 17.53 0
      vertex 49.47 17.53 -2.4
    endloop
  endfacet
  facet normal -0.242835 -0.970068 0
    outer loop
      vertex -46.6311 -65.5578 -2.4
      vertex -46.2504 -65.6531 0
      vertex -46.6311 -65.5578 0
    endloop
  endfacet
  facet normal -0.242835 -0.970068 -0
    outer loop
      vertex -46.2504 -65.6531 0
      vertex -46.6311 -65.5578 -2.4
      vertex -46.2504 -65.6531 -2.4
    endloop
  endfacet
  facet normal 0.970068 0.242835 0
    outer loop
      vertex 49.3931 18.3104 0
      vertex 49.2978 18.6911 -2.4
      vertex 49.2978 18.6911 0
    endloop
  endfacet
  facet normal 0.970068 0.242835 0
    outer loop
      vertex 49.2978 18.6911 -2.4
      vertex 49.3931 18.3104 0
      vertex 49.3931 18.3104 -2.4
    endloop
  endfacet
  facet normal -0.0491626 -0.998791 0
    outer loop
      vertex -45.8621 -65.7107 -2.4
      vertex -45.47 -65.73 0
      vertex -45.8621 -65.7107 0
    endloop
  endfacet
  facet normal -0.0491626 -0.998791 -0
    outer loop
      vertex -45.47 -65.73 0
      vertex -45.8621 -65.7107 -2.4
      vertex -45.47 -65.73 -2.4
    endloop
  endfacet
  facet normal 0.9415 -0.337014 0
    outer loop
      vertex 49.1655 -63.2607 0
      vertex 49.2978 -62.8911 -2.4
      vertex 49.2978 -62.8911 0
    endloop
  endfacet
  facet normal 0.9415 -0.337014 0
    outer loop
      vertex 49.2978 -62.8911 -2.4
      vertex 49.1655 -63.2607 0
      vertex 49.1655 -63.2607 -2.4
    endloop
  endfacet
  facet normal -0.904044 -0.42744 0
    outer loop
      vertex -48.9977 -63.6156 -2.4
      vertex -49.1655 -63.2607 0
      vertex -49.1655 -63.2607 -2.4
    endloop
  endfacet
  facet normal -0.904044 -0.42744 0
    outer loop
      vertex -49.1655 -63.2607 0
      vertex -48.9977 -63.6156 -2.4
      vertex -48.9977 -63.6156 0
    endloop
  endfacet
  facet normal -0.9415 -0.337014 0
    outer loop
      vertex -49.1655 -63.2607 -2.4
      vertex -49.2978 -62.8911 0
      vertex -49.2978 -62.8911 -2.4
    endloop
  endfacet
  facet normal -0.9415 -0.337014 0
    outer loop
      vertex -49.2978 -62.8911 0
      vertex -49.1655 -63.2607 -2.4
      vertex -49.1655 -63.2607 0
    endloop
  endfacet
  facet normal 0.595794 0.803137 -0
    outer loop
      vertex 48.0076 20.622 -2.4
      vertex 47.6923 20.8559 0
      vertex 48.0076 20.622 0
    endloop
  endfacet
  facet normal 0.595794 0.803137 0
    outer loop
      vertex 47.6923 20.8559 0
      vertex 48.0076 20.622 -2.4
      vertex 47.6923 20.8559 -2.4
    endloop
  endfacet
  facet normal -0.803137 -0.595794 0
    outer loop
      vertex -48.562 -64.2676 -2.4
      vertex -48.7959 -63.9523 0
      vertex -48.7959 -63.9523 -2.4
    endloop
  endfacet
  facet normal -0.803137 -0.595794 0
    outer loop
      vertex -48.7959 -63.9523 0
      vertex -48.562 -64.2676 -2.4
      vertex -48.562 -64.2676 0
    endloop
  endfacet
  facet normal 0.337014 0.9415 -0
    outer loop
      vertex 47.0007 21.2255 -2.4
      vertex 46.6311 21.3578 0
      vertex 47.0007 21.2255 0
    endloop
  endfacet
  facet normal 0.337014 0.9415 0
    outer loop
      vertex 46.6311 21.3578 0
      vertex 47.0007 21.2255 -2.4
      vertex 46.6311 21.3578 -2.4
    endloop
  endfacet
  facet normal 0.9415 0.337014 0
    outer loop
      vertex 49.2978 18.6911 0
      vertex 49.1655 19.0607 -2.4
      vertex 49.1655 19.0607 0
    endloop
  endfacet
  facet normal 0.9415 0.337014 0
    outer loop
      vertex 49.1655 19.0607 -2.4
      vertex 49.2978 18.6911 0
      vertex 49.2978 18.6911 -2.4
    endloop
  endfacet
  facet normal 0.989176 0.146733 0
    outer loop
      vertex 49.4507 17.9221 0
      vertex 49.3931 18.3104 -2.4
      vertex 49.3931 18.3104 0
    endloop
  endfacet
  facet normal 0.989176 0.146733 0
    outer loop
      vertex 49.3931 18.3104 -2.4
      vertex 49.4507 17.9221 0
      vertex 49.4507 17.9221 -2.4
    endloop
  endfacet
  facet normal -0.671607 -0.740908 0
    outer loop
      vertex -48.2984 -64.5584 -2.4
      vertex -48.0076 -64.822 0
      vertex -48.2984 -64.5584 0
    endloop
  endfacet
  facet normal -0.671607 -0.740908 -0
    outer loop
      vertex -48.0076 -64.822 0
      vertex -48.2984 -64.5584 -2.4
      vertex -48.0076 -64.822 -2.4
    endloop
  endfacet
  facet normal 0.595794 -0.803137 0
    outer loop
      vertex 47.6923 -65.0559 -2.4
      vertex 48.0076 -64.822 0
      vertex 47.6923 -65.0559 0
    endloop
  endfacet
  facet normal 0.595794 -0.803137 0
    outer loop
      vertex 48.0076 -64.822 0
      vertex 47.6923 -65.0559 -2.4
      vertex 48.0076 -64.822 -2.4
    endloop
  endfacet
  facet normal 0.904044 0.42744 0
    outer loop
      vertex 49.1655 19.0607 0
      vertex 48.9977 19.4156 -2.4
      vertex 48.9977 19.4156 0
    endloop
  endfacet
  facet normal 0.904044 0.42744 0
    outer loop
      vertex 48.9977 19.4156 -2.4
      vertex 49.1655 19.0607 0
      vertex 49.1655 19.0607 -2.4
    endloop
  endfacet
  facet normal 0.671607 0.740908 -0
    outer loop
      vertex 48.2984 20.3584 -2.4
      vertex 48.0076 20.622 0
      vertex 48.2984 20.3584 0
    endloop
  endfacet
  facet normal 0.671607 0.740908 0
    outer loop
      vertex 48.0076 20.622 0
      vertex 48.2984 20.3584 -2.4
      vertex 48.0076 20.622 -2.4
    endloop
  endfacet
  facet normal -0.42744 0.904044 0
    outer loop
      vertex -47.0007 21.2255 -2.4
      vertex -47.3556 21.0577 0
      vertex -47.0007 21.2255 0
    endloop
  endfacet
  facet normal -0.42744 0.904044 0
    outer loop
      vertex -47.3556 21.0577 0
      vertex -47.0007 21.2255 -2.4
      vertex -47.3556 21.0577 -2.4
    endloop
  endfacet
  facet normal -0.998791 -0.0491626 0
    outer loop
      vertex -49.4507 -62.1221 -2.4
      vertex -49.47 -61.73 0
      vertex -49.47 -61.73 -2.4
    endloop
  endfacet
  facet normal -0.998791 -0.0491626 0
    outer loop
      vertex -49.47 -61.73 0
      vertex -49.4507 -62.1221 -2.4
      vertex -49.4507 -62.1221 0
    endloop
  endfacet
  facet normal 0.242835 -0.970068 0
    outer loop
      vertex 46.2504 -65.6531 -2.4
      vertex 46.6311 -65.5578 0
      vertex 46.2504 -65.6531 0
    endloop
  endfacet
  facet normal 0.242835 -0.970068 0
    outer loop
      vertex 46.6311 -65.5578 0
      vertex 46.2504 -65.6531 -2.4
      vertex 46.6311 -65.5578 -2.4
    endloop
  endfacet
  facet normal 0.671607 -0.740908 0
    outer loop
      vertex 48.0076 -64.822 -2.4
      vertex 48.2984 -64.5584 0
      vertex 48.0076 -64.822 0
    endloop
  endfacet
  facet normal 0.671607 -0.740908 0
    outer loop
      vertex 48.2984 -64.5584 0
      vertex 48.0076 -64.822 -2.4
      vertex 48.2984 -64.5584 -2.4
    endloop
  endfacet
  facet normal 0.740908 0.671607 0
    outer loop
      vertex 48.562 20.0676 0
      vertex 48.2984 20.3584 -2.4
      vertex 48.2984 20.3584 0
    endloop
  endfacet
  facet normal 0.740908 0.671607 0
    outer loop
      vertex 48.2984 20.3584 -2.4
      vertex 48.562 20.0676 0
      vertex 48.562 20.0676 -2.4
    endloop
  endfacet
  facet normal 0.85774 -0.514084 0
    outer loop
      vertex 48.7959 -63.9523 0
      vertex 48.9977 -63.6156 -2.4
      vertex 48.9977 -63.6156 0
    endloop
  endfacet
  facet normal 0.85774 -0.514084 0
    outer loop
      vertex 48.9977 -63.6156 -2.4
      vertex 48.7959 -63.9523 0
      vertex 48.7959 -63.9523 -2.4
    endloop
  endfacet
  facet normal 0.514084 -0.85774 0
    outer loop
      vertex 47.3556 -65.2577 -2.4
      vertex 47.6923 -65.0559 0
      vertex 47.3556 -65.2577 0
    endloop
  endfacet
  facet normal 0.514084 -0.85774 0
    outer loop
      vertex 47.6923 -65.0559 0
      vertex 47.3556 -65.2577 -2.4
      vertex 47.6923 -65.0559 -2.4
    endloop
  endfacet
  facet normal 0.42744 -0.904044 0
    outer loop
      vertex 47.0007 -65.4255 -2.4
      vertex 47.3556 -65.2577 0
      vertex 47.0007 -65.4255 0
    endloop
  endfacet
  facet normal 0.42744 -0.904044 0
    outer loop
      vertex 47.3556 -65.2577 0
      vertex 47.0007 -65.4255 -2.4
      vertex 47.3556 -65.2577 -2.4
    endloop
  endfacet
  facet normal 0.146733 -0.989176 0
    outer loop
      vertex 45.8621 -65.7107 -2.4
      vertex 46.2504 -65.6531 0
      vertex 45.8621 -65.7107 0
    endloop
  endfacet
  facet normal 0.146733 -0.989176 0
    outer loop
      vertex 46.2504 -65.6531 0
      vertex 45.8621 -65.7107 -2.4
      vertex 46.2504 -65.6531 -2.4
    endloop
  endfacet
  facet normal 0.85774 0.514084 0
    outer loop
      vertex 48.9977 19.4156 0
      vertex 48.7959 19.7523 -2.4
      vertex 48.7959 19.7523 0
    endloop
  endfacet
  facet normal 0.85774 0.514084 0
    outer loop
      vertex 48.7959 19.7523 -2.4
      vertex 48.9977 19.4156 0
      vertex 48.9977 19.4156 -2.4
    endloop
  endfacet
  facet normal 0.146733 0.989176 -0
    outer loop
      vertex 46.2504 21.4531 -2.4
      vertex 45.8621 21.5107 0
      vertex 46.2504 21.4531 0
    endloop
  endfacet
  facet normal 0.146733 0.989176 0
    outer loop
      vertex 45.8621 21.5107 0
      vertex 46.2504 21.4531 -2.4
      vertex 45.8621 21.5107 -2.4
    endloop
  endfacet
  facet normal -0.970068 -0.242835 0
    outer loop
      vertex -49.2978 -62.8911 -2.4
      vertex -49.3931 -62.5104 0
      vertex -49.3931 -62.5104 -2.4
    endloop
  endfacet
  facet normal -0.970068 -0.242835 0
    outer loop
      vertex -49.3931 -62.5104 0
      vertex -49.2978 -62.8911 -2.4
      vertex -49.2978 -62.8911 0
    endloop
  endfacet
  facet normal 1 -0 0
    outer loop
      vertex 42.72 -58.98 3
      vertex 42.72 14.78 0
      vertex 42.72 14.78 3
    endloop
  endfacet
  facet normal 1 0 0
    outer loop
      vertex 42.72 14.78 0
      vertex 42.72 -58.98 3
      vertex 42.72 -58.98 0
    endloop
  endfacet
  facet normal 0 0 1
    outer loop
      vertex 42.72 14.78 3
      vertex 41.32 13.38 3
      vertex 42.72 -58.98 3
    endloop
  endfacet
  facet normal 0 0 1
    outer loop
      vertex 42.72 14.78 3
      vertex -41.32 13.38 3
      vertex 41.32 13.38 3
    endloop
  endfacet
  facet normal 0 0 1
    outer loop
      vertex -41.32 13.38 3
      vertex -42.72 14.78 3
      vertex -41.32 -57.58 3
    endloop
  endfacet
  facet normal -0 0 1
    outer loop
      vertex -42.72 14.78 3
      vertex -41.32 13.38 3
      vertex 42.72 14.78 3
    endloop
  endfacet
  facet normal -0 0 1
    outer loop
      vertex 41.32 -57.58 3
      vertex 42.72 -58.98 3
      vertex 41.32 13.38 3
    endloop
  endfacet
  facet normal -0 0 1
    outer loop
      vertex -41.32 -57.58 3
      vertex 42.72 -58.98 3
      vertex 41.32 -57.58 3
    endloop
  endfacet
  facet normal 0 0 1
    outer loop
      vertex -41.32 -57.58 3
      vertex -42.72 -58.98 3
      vertex 42.72 -58.98 3
    endloop
  endfacet
  facet normal 0 0 1
    outer loop
      vertex -42.72 -58.98 3
      vertex -41.32 -57.58 3
      vertex -42.72 14.78 3
    endloop
  endfacet
  facet normal -1 0 0
    outer loop
      vertex -42.72 -58.98 0
      vertex -42.72 14.78 3
      vertex -42.72 14.78 0
    endloop
  endfacet
  facet normal -1 -0 0
    outer loop
      vertex -42.72 14.78 3
      vertex -42.72 -58.98 0
      vertex -42.72 -58.98 3
    endloop
  endfacet
  facet normal 0 -1 0
    outer loop
      vertex -42.72 -58.98 0
      vertex 42.72 -58.98 3
      vertex -42.72 -58.98 3
    endloop
  endfacet
  facet normal 0 -1 -0
    outer loop
      vertex 42.72 -58.98 3
      vertex -42.72 -58.98 0
      vertex 42.72 -58.98 0
    endloop
  endfacet
  facet normal 0 1 -0
    outer loop
      vertex 42.72 14.78 0
      vertex -42.72 14.78 3
      vertex 42.72 14.78 3
    endloop
  endfacet
  facet normal 0 1 0
    outer loop
      vertex -42.72 14.78 3
      vertex 42.72 14.78 0
      vertex -42.72 14.78 0
    endloop
  endfacet
  facet normal -1 0 0
    outer loop
      vertex 41.32 -57.58 0
      vertex 41.32 13.38 3
      vertex 41.32 13.38 0
    endloop
  endfacet
  facet normal -1 -0 0
    outer loop
      vertex 41.32 13.38 3
      vertex 41.32 -57.58 0
      vertex 41.32 -57.58 3
    endloop
  endfacet
  facet normal 1 -0 0
    outer loop
      vertex -41.32 -57.58 3
      vertex -41.32 13.38 0
      vertex -41.32 13.38 3
    endloop
  endfacet
  facet normal 1 0 0
    outer loop
      vertex -41.32 13.38 0
      vertex -41.32 -57.58 3
      vertex -41.32 -57.58 0
    endloop
  endfacet
  facet normal 0 1 -0
    outer loop
      vertex 41.32 -57.58 0
      vertex -41.32 -57.58 3
      vertex 41.32 -57.58 3
    endloop
  endfacet
  facet normal 0 1 0
    outer loop
      vertex -41.32 -57.58 3
      vertex 41.32 -57.58 0
      vertex -41.32 -57.58 0
    endloop
  endfacet
  facet normal 0 -1 0
    outer loop
      vertex -41.32 13.38 0
      vertex 41.32 13.38 3
      vertex -41.32 13.38 3
    endloop
  endfacet
  facet normal 0 -1 -0
    outer loop
      vertex 41.32 13.38 3
      vertex -41.32 13.38 0
      vertex 41.32 13.38 0
    endloop
  endfacet
  facet normal 1 -0 0
    outer loop
      vertex -19 -12.13 11.76
      vertex -19 12.13 0
      vertex -19 12.13 11.76
    endloop
  endfacet
  facet normal 1 0 0
    outer loop
      vertex -19 12.13 0
      vertex -19 -12.13 11.76
      vertex -19 -12.13 0
    endloop
  endfacet
  facet normal -0 0 1
    outer loop
      vertex -21 12.13 11.76
      vertex -19 -12.13 11.76
      vertex -19 12.13 11.76
    endloop
  endfacet
  facet normal 0 0 1
    outer loop
      vertex -19 -12.13 11.76
      vertex -21 12.13 11.76
      vertex -21 -12.13 11.76
    endloop
  endfacet
  facet normal -1 0 0
    outer loop
      vertex -21 -12.13 0
      vertex -21 12.13 11.76
      vertex -21 12.13 0
    endloop
  endfacet
  facet normal -1 -0 0
    outer loop
      vertex -21 12.13 11.76
      vertex -21 -12.13 0
      vertex -21 -12.13 11.76
    endloop
  endfacet
  facet normal 0 -1 0
    outer loop
      vertex -21 -12.13 0
      vertex -19 -12.13 11.76
      vertex -21 -12.13 11.76
    endloop
  endfacet
  facet normal 0 -1 -0
    outer loop
      vertex -19 -12.13 11.76
      vertex -21 -12.13 0
      vertex -19 -12.13 0
    endloop
  endfacet
  facet normal 0 1 -0
    outer loop
      vertex -19 12.13 0
      vertex -21 12.13 11.76
      vertex -19 12.13 11.76
    endloop
  endfacet
  facet normal 0 1 0
    outer loop
      vertex -21 12.13 11.76
      vertex -19 12.13 0
      vertex -21 12.13 0
    endloop
  endfacet
  facet normal 1 -0 0
    outer loop
      vertex 21 -12.13 11.76
      vertex 21 12.13 0
      vertex 21 12.13 11.76
    endloop
  endfacet
  facet normal 1 0 0
    outer loop
      vertex 21 12.13 0
      vertex 21 -12.13 11.76
      vertex 21 -12.13 0
    endloop
  endfacet
  facet normal -0 0 1
    outer loop
      vertex 19 12.13 11.76
      vertex 21 -12.13 11.76
      vertex 21 12.13 11.76
    endloop
  endfacet
  facet normal 0 0 1
    outer loop
      vertex 21 -12.13 11.76
      vertex 19 12.13 11.76
      vertex 19 -12.13 11.76
    endloop
  endfacet
  facet normal -1 0 0
    outer loop
      vertex 19 -12.13 0
      vertex 19 12.13 11.76
      vertex 19 12.13 0
    endloop
  endfacet
  facet normal -1 -0 0
    outer loop
      vertex 19 12.13 11.76
      vertex 19 -12.13 0
      vertex 19 -12.13 11.76
    endloop
  endfacet
  facet normal 0 -1 0
    outer loop
      vertex 19 -12.13 0
      vertex 21 -12.13 11.76
      vertex 19 -12.13 11.76
    endloop
  endfacet
  facet normal 0 -1 -0
    outer loop
      vertex 21 -12.13 11.76
      vertex 19 -12.13 0
      vertex 21 -12.13 0
    endloop
  endfacet
  facet normal 0 1 -0
    outer loop
      vertex 21 12.13 0
      vertex 19 12.13 11.76
      vertex 21 12.13 11.76
    endloop
  endfacet
  facet normal 0 1 0
    outer loop
      vertex 19 12.13 11.76
      vertex 21 12.13 0
      vertex 19 12.13 0
    endloop
  endfacet
endsolid OpenSCAD_Model
