solid OpenSCAD_Model
  facet normal 0 1 -0
    outer loop
      vertex 62 37 0
      vertex -62 37 1.6
      vertex 62 37 1.6
    endloop
  endfacet
  facet normal 0 1 0
    outer loop
      vertex -62 37 1.6
      vertex 62 37 0
      vertex -62 37 0
    endloop
  endfacet
  facet normal 0.740908 -0.671607 0
    outer loop
      vertex 64.1213 -36.1213 1.6
      vertex 64.319 -35.9032 0
      vertex 64.319 -35.9032 1.6
    endloop
  endfacet
  facet normal 0.740908 -0.671607 0
    outer loop
      vertex 64.319 -35.9032 0
      vertex 64.1213 -36.1213 1.6
      vertex 64.1213 -36.1213 0
    endloop
  endfacet
  facet normal 0.595699 -0.803208 0
    outer loop
      vertex 63.6667 -36.4944 0
      vertex 63.9032 -36.319 1.6
      vertex 63.6667 -36.4944 1.6
    endloop
  endfacet
  facet normal 0.595699 -0.803208 0
    outer loop
      vertex 63.9032 -36.319 1.6
      vertex 63.6667 -36.4944 0
      vertex 63.9032 -36.319 0
    endloop
  endfacet
  facet normal 0.857643 -0.514246 0
    outer loop
      vertex 64.4944 -35.6667 1.6
      vertex 64.6458 -35.4142 0
      vertex 64.6458 -35.4142 1.6
    endloop
  endfacet
  facet normal 0.857643 -0.514246 0
    outer loop
      vertex 64.6458 -35.4142 0
      vertex 64.4944 -35.6667 1.6
      vertex 64.4944 -35.6667 0
    endloop
  endfacet
  facet normal 0.671607 -0.740908 0
    outer loop
      vertex 63.9032 -36.319 0
      vertex 64.1213 -36.1213 1.6
      vertex 63.9032 -36.319 1.6
    endloop
  endfacet
  facet normal 0.671607 -0.740908 0
    outer loop
      vertex 64.1213 -36.1213 1.6
      vertex 63.9032 -36.319 0
      vertex 64.1213 -36.1213 0
    endloop
  endfacet
  facet normal -0.857643 0.514246 0
    outer loop
      vertex -64.6458 35.4142 0
      vertex -64.4944 35.6667 1.6
      vertex -64.4944 35.6667 0
    endloop
  endfacet
  facet normal -0.857643 0.514246 0
    outer loop
      vertex -64.4944 35.6667 1.6
      vertex -64.6458 35.4142 0
      vertex -64.6458 35.4142 1.6
    endloop
  endfacet
  facet normal -0.671607 0.740908 0
    outer loop
      vertex -63.9032 36.319 0
      vertex -64.1213 36.1213 1.6
      vertex -63.9032 36.319 1.6
    endloop
  endfacet
  facet normal -0.671607 0.740908 0
    outer loop
      vertex -64.1213 36.1213 1.6
      vertex -63.9032 36.319 0
      vertex -64.1213 36.1213 0
    endloop
  endfacet
  facet normal -0.998787 0.0492431 0
    outer loop
      vertex -65 34 0
      vertex -64.9855 34.2941 1.6
      vertex -64.9855 34.2941 0
    endloop
  endfacet
  facet normal -0.998787 0.0492431 0
    outer loop
      vertex -64.9855 34.2941 1.6
      vertex -65 34 0
      vertex -65 34 1.6
    endloop
  endfacet
  facet normal 0.337047 -0.941488 0
    outer loop
      vertex 62.8709 -36.8708 0
      vertex 63.148 -36.7716 1.6
      vertex 62.8709 -36.8708 1.6
    endloop
  endfacet
  facet normal 0.337047 -0.941488 0
    outer loop
      vertex 63.148 -36.7716 1.6
      vertex 62.8709 -36.8708 0
      vertex 63.148 -36.7716 0
    endloop
  endfacet
  facet normal 0.0489044 -0.998803 0
    outer loop
      vertex 62 -37 0
      vertex 62.2941 -36.9856 1.6
      vertex 62 -37 1.6
    endloop
  endfacet
  facet normal 0.0489044 -0.998803 0
    outer loop
      vertex 62.2941 -36.9856 1.6
      vertex 62 -37 0
      vertex 62.2941 -36.9856 0
    endloop
  endfacet
  facet normal -0.0489044 -0.998803 0
    outer loop
      vertex -62.2941 -36.9856 0
      vertex -62 -37 1.6
      vertex -62.2941 -36.9856 1.6
    endloop
  endfacet
  facet normal -0.0489044 -0.998803 -0
    outer loop
      vertex -62 -37 1.6
      vertex -62.2941 -36.9856 0
      vertex -62 -37 0
    endloop
  endfacet
  facet normal -0.514246 -0.857643 0
    outer loop
      vertex -63.6667 -36.4944 0
      vertex -63.4142 -36.6458 1.6
      vertex -63.6667 -36.4944 1.6
    endloop
  endfacet
  facet normal -0.514246 -0.857643 -0
    outer loop
      vertex -63.4142 -36.6458 1.6
      vertex -63.6667 -36.4944 0
      vertex -63.4142 -36.6458 0
    endloop
  endfacet
  facet normal -1 0 0
    outer loop
      vertex -65 -34 0
      vertex -65 34 1.6
      vertex -65 34 0
    endloop
  endfacet
  facet normal -1 -0 0
    outer loop
      vertex -65 34 1.6
      vertex -65 -34 0
      vertex -65 -34 1.6
    endloop
  endfacet
  facet normal 0.969982 -0.243175 0
    outer loop
      vertex 64.8708 -34.8709 1.6
      vertex 64.9424 -34.5853 0
      vertex 64.9424 -34.5853 1.6
    endloop
  endfacet
  facet normal 0.969982 -0.243175 0
    outer loop
      vertex 64.9424 -34.5853 0
      vertex 64.8708 -34.8709 1.6
      vertex 64.8708 -34.8709 0
    endloop
  endfacet
  facet normal -0.243175 0.969982 0
    outer loop
      vertex -62.5853 36.9424 0
      vertex -62.8709 36.8708 1.6
      vertex -62.5853 36.9424 1.6
    endloop
  endfacet
  facet normal -0.243175 0.969982 0
    outer loop
      vertex -62.8709 36.8708 1.6
      vertex -62.5853 36.9424 0
      vertex -62.8709 36.8708 0
    endloop
  endfacet
  facet normal -0.857643 -0.514246 0
    outer loop
      vertex -64.4944 -35.6667 0
      vertex -64.6458 -35.4142 1.6
      vertex -64.6458 -35.4142 0
    endloop
  endfacet
  facet normal -0.857643 -0.514246 0
    outer loop
      vertex -64.6458 -35.4142 1.6
      vertex -64.4944 -35.6667 0
      vertex -64.4944 -35.6667 1.6
    endloop
  endfacet
  facet normal -0.0489044 0.998803 0
    outer loop
      vertex -62 37 0
      vertex -62.2941 36.9856 1.6
      vertex -62 37 1.6
    endloop
  endfacet
  facet normal -0.0489044 0.998803 0
    outer loop
      vertex -62.2941 36.9856 1.6
      vertex -62 37 0
      vertex -62.2941 36.9856 0
    endloop
  endfacet
  facet normal 0.427269 -0.904125 0
    outer loop
      vertex 63.148 -36.7716 0
      vertex 63.4142 -36.6458 1.6
      vertex 63.148 -36.7716 1.6
    endloop
  endfacet
  facet normal 0.427269 -0.904125 0
    outer loop
      vertex 63.4142 -36.6458 1.6
      vertex 63.148 -36.7716 0
      vertex 63.4142 -36.6458 0
    endloop
  endfacet
  facet normal 0.740908 0.671607 0
    outer loop
      vertex 64.319 35.9032 1.6
      vertex 64.1213 36.1213 0
      vertex 64.1213 36.1213 1.6
    endloop
  endfacet
  facet normal 0.740908 0.671607 0
    outer loop
      vertex 64.1213 36.1213 0
      vertex 64.319 35.9032 1.6
      vertex 64.319 35.9032 0
    endloop
  endfacet
  facet normal 0 -1 0
    outer loop
      vertex -62 -37 0
      vertex 62 -37 1.6
      vertex -62 -37 1.6
    endloop
  endfacet
  facet normal 0 -1 -0
    outer loop
      vertex 62 -37 1.6
      vertex -62 -37 0
      vertex 62 -37 0
    endloop
  endfacet
  facet normal 0.514246 -0.857643 0
    outer loop
      vertex 63.4142 -36.6458 0
      vertex 63.6667 -36.4944 1.6
      vertex 63.4142 -36.6458 1.6
    endloop
  endfacet
  facet normal 0.514246 -0.857643 0
    outer loop
      vertex 63.6667 -36.4944 1.6
      vertex 63.4142 -36.6458 0
      vertex 63.6667 -36.4944 0
    endloop
  endfacet
  facet normal 0.904125 0.427269 0
    outer loop
      vertex 64.7716 35.148 1.6
      vertex 64.6458 35.4142 0
      vertex 64.6458 35.4142 1.6
    endloop
  endfacet
  facet normal 0.904125 0.427269 0
    outer loop
      vertex 64.6458 35.4142 0
      vertex 64.7716 35.148 1.6
      vertex 64.7716 35.148 0
    endloop
  endfacet
  facet normal -0.337047 0.941488 0
    outer loop
      vertex -62.8709 36.8708 0
      vertex -63.148 36.7716 1.6
      vertex -62.8709 36.8708 1.6
    endloop
  endfacet
  facet normal -0.337047 0.941488 0
    outer loop
      vertex -63.148 36.7716 1.6
      vertex -62.8709 36.8708 0
      vertex -63.148 36.7716 0
    endloop
  endfacet
  facet normal 0.595699 0.803208 -0
    outer loop
      vertex 63.9032 36.319 0
      vertex 63.6667 36.4944 1.6
      vertex 63.9032 36.319 1.6
    endloop
  endfacet
  facet normal 0.595699 0.803208 0
    outer loop
      vertex 63.6667 36.4944 1.6
      vertex 63.9032 36.319 0
      vertex 63.6667 36.4944 0
    endloop
  endfacet
  facet normal 0.0489044 0.998803 -0
    outer loop
      vertex 62.2941 36.9856 0
      vertex 62 37 1.6
      vertex 62.2941 36.9856 1.6
    endloop
  endfacet
  facet normal 0.0489044 0.998803 0
    outer loop
      vertex 62 37 1.6
      vertex 62.2941 36.9856 0
      vertex 62 37 0
    endloop
  endfacet
  facet normal 0.803208 -0.595699 0
    outer loop
      vertex 64.319 -35.9032 1.6
      vertex 64.4944 -35.6667 0
      vertex 64.4944 -35.6667 1.6
    endloop
  endfacet
  facet normal 0.803208 -0.595699 0
    outer loop
      vertex 64.4944 -35.6667 0
      vertex 64.319 -35.9032 1.6
      vertex 64.319 -35.9032 0
    endloop
  endfacet
  facet normal -0.146746 0.989174 0
    outer loop
      vertex -62.2941 36.9856 0
      vertex -62.5853 36.9424 1.6
      vertex -62.2941 36.9856 1.6
    endloop
  endfacet
  facet normal -0.146746 0.989174 0
    outer loop
      vertex -62.5853 36.9424 1.6
      vertex -62.2941 36.9856 0
      vertex -62.5853 36.9424 0
    endloop
  endfacet
  facet normal 0.857643 0.514246 0
    outer loop
      vertex 64.6458 35.4142 1.6
      vertex 64.4944 35.6667 0
      vertex 64.4944 35.6667 1.6
    endloop
  endfacet
  facet normal 0.857643 0.514246 0
    outer loop
      vertex 64.4944 35.6667 0
      vertex 64.6458 35.4142 1.6
      vertex 64.6458 35.4142 0
    endloop
  endfacet
  facet normal 0.941488 0.337047 0
    outer loop
      vertex 64.8708 34.8709 1.6
      vertex 64.7716 35.148 0
      vertex 64.7716 35.148 1.6
    endloop
  endfacet
  facet normal 0.941488 0.337047 0
    outer loop
      vertex 64.7716 35.148 0
      vertex 64.8708 34.8709 1.6
      vertex 64.8708 34.8709 0
    endloop
  endfacet
  facet normal 0 0 -1
    outer loop
      vertex -56.8 30.5 0
      vertex -54.8 30.5 0
      vertex -54.8178 30.1373 0
    endloop
  endfacet
  facet normal 0 0 -1
    outer loop
      vertex -56.8082 30.3334 0
      vertex -54.8178 30.1373 0
      vertex -54.8711 29.7782 0
    endloop
  endfacet
  facet normal 0 0 -1
    outer loop
      vertex -54.8 30.5 0
      vertex -56.8 30.5 0
      vertex -54.8178 30.8627 0
    endloop
  endfacet
  facet normal 0 0 -1
    outer loop
      vertex -56.8327 30.1683 0
      vertex -54.8711 29.7782 0
      vertex -54.9593 29.4259 0
    endloop
  endfacet
  facet normal 0 0 -1
    outer loop
      vertex -56.8082 30.6666 0
      vertex -54.8178 30.8627 0
      vertex -56.8 30.5 0
    endloop
  endfacet
  facet normal 0 0 -1
    outer loop
      vertex -56.8732 30.0065 0
      vertex -54.9593 29.4259 0
      vertex -55.0816 29.0841 0
    endloop
  endfacet
  facet normal -0 0 -1
    outer loop
      vertex -54.8178 30.8627 0
      vertex -56.8082 30.6666 0
      vertex -54.8711 31.2218 0
    endloop
  endfacet
  facet normal 0 0 -1
    outer loop
      vertex -56.9294 29.8494 0
      vertex -55.0816 29.0841 0
      vertex -55.2369 28.7558 0
    endloop
  endfacet
  facet normal 0 0 -1
    outer loop
      vertex -56.8327 30.8317 0
      vertex -54.8711 31.2218 0
      vertex -56.8082 30.6666 0
    endloop
  endfacet
  facet normal 0 0 -1
    outer loop
      vertex -57.0007 29.6986 0
      vertex -55.2369 28.7558 0
      vertex -55.4236 28.4444 0
    endloop
  endfacet
  facet normal -0 0 -1
    outer loop
      vertex -54.8711 31.2218 0
      vertex -56.8327 30.8317 0
      vertex -54.9593 31.5741 0
    endloop
  endfacet
  facet normal 0 0 -1
    outer loop
      vertex -57.0865 29.5555 0
      vertex -55.4236 28.4444 0
      vertex -55.6399 28.1527 0
    endloop
  endfacet
  facet normal 0 0 -1
    outer loop
      vertex -56.8732 30.9935 0
      vertex -54.9593 31.5741 0
      vertex -56.8327 30.8317 0
    endloop
  endfacet
  facet normal 0 0 -1
    outer loop
      vertex -57.1859 29.4215 0
      vertex -55.6399 28.1527 0
      vertex -55.8837 27.8837 0
    endloop
  endfacet
  facet normal -0 0 -1
    outer loop
      vertex -54.9593 31.5741 0
      vertex -56.8732 30.9935 0
      vertex -55.0816 31.9159 0
    endloop
  endfacet
  facet normal 0 0 -1
    outer loop
      vertex -57.2979 29.2979 0
      vertex -55.8837 27.8837 0
      vertex -56.1527 27.6399 0
    endloop
  endfacet
  facet normal 0 0 -1
    outer loop
      vertex -56.9294 31.1506 0
      vertex -55.0816 31.9159 0
      vertex -56.8732 30.9935 0
    endloop
  endfacet
  facet normal 0 0 -1
    outer loop
      vertex -57.4215 29.1859 0
      vertex -56.1527 27.6399 0
      vertex -56.4444 27.4236 0
    endloop
  endfacet
  facet normal -0 0 -1
    outer loop
      vertex -55.0816 31.9159 0
      vertex -56.9294 31.1506 0
      vertex -55.2369 32.2442 0
    endloop
  endfacet
  facet normal 0 0 -1
    outer loop
      vertex -57.5555 29.0865 0
      vertex -56.4444 27.4236 0
      vertex -56.7558 27.2369 0
    endloop
  endfacet
  facet normal 0 0 -1
    outer loop
      vertex -57.0007 31.3014 0
      vertex -55.2369 32.2442 0
      vertex -56.9294 31.1506 0
    endloop
  endfacet
  facet normal -0 0 -1
    outer loop
      vertex -55.2369 32.2442 0
      vertex -57.0007 31.3014 0
      vertex -55.4236 32.5556 0
    endloop
  endfacet
  facet normal 0 0 -1
    outer loop
      vertex -54.8178 30.1373 0
      vertex -56.8082 30.3334 0
      vertex -56.8 30.5 0
    endloop
  endfacet
  facet normal 0 0 -1
    outer loop
      vertex -54.8711 29.7782 0
      vertex -56.8327 30.1683 0
      vertex -56.8082 30.3334 0
    endloop
  endfacet
  facet normal 0 0 -1
    outer loop
      vertex -54.9593 29.4259 0
      vertex -56.8732 30.0065 0
      vertex -56.8327 30.1683 0
    endloop
  endfacet
  facet normal 0 0 -1
    outer loop
      vertex -55.0816 29.0841 0
      vertex -56.9294 29.8494 0
      vertex -56.8732 30.0065 0
    endloop
  endfacet
  facet normal 0 0 -1
    outer loop
      vertex -55.2369 28.7558 0
      vertex -57.0007 29.6986 0
      vertex -56.9294 29.8494 0
    endloop
  endfacet
  facet normal 0 0 -1
    outer loop
      vertex -57.6986 29.0007 0
      vertex -56.7558 27.2369 0
      vertex -57.0841 27.0816 0
    endloop
  endfacet
  facet normal 0 0 -1
    outer loop
      vertex -55.4236 28.4444 0
      vertex -57.0865 29.5555 0
      vertex -57.0007 29.6986 0
    endloop
  endfacet
  facet normal 0 0 -1
    outer loop
      vertex -55.6399 28.1527 0
      vertex -57.1859 29.4215 0
      vertex -57.0865 29.5555 0
    endloop
  endfacet
  facet normal 0 0 -1
    outer loop
      vertex -55.8837 27.8837 0
      vertex -57.2979 29.2979 0
      vertex -57.1859 29.4215 0
    endloop
  endfacet
  facet normal 0 0 -1
    outer loop
      vertex -56.1527 27.6399 0
      vertex -57.4215 29.1859 0
      vertex -57.2979 29.2979 0
    endloop
  endfacet
  facet normal 0 0 -1
    outer loop
      vertex -57.8494 28.9294 0
      vertex -57.0841 27.0816 0
      vertex -57.4259 26.9593 0
    endloop
  endfacet
  facet normal 0 0 -1
    outer loop
      vertex -56.4444 27.4236 0
      vertex -57.5555 29.0865 0
      vertex -57.4215 29.1859 0
    endloop
  endfacet
  facet normal 0 0 -1
    outer loop
      vertex -56.7558 27.2369 0
      vertex -57.6986 29.0007 0
      vertex -57.5555 29.0865 0
    endloop
  endfacet
  facet normal 0 0 -1
    outer loop
      vertex -58.0065 28.8732 0
      vertex -57.4259 26.9593 0
      vertex -57.7782 26.8711 0
    endloop
  endfacet
  facet normal 0 0 -1
    outer loop
      vertex -57.0841 27.0816 0
      vertex -57.8494 28.9294 0
      vertex -57.6986 29.0007 0
    endloop
  endfacet
  facet normal 0 0 -1
    outer loop
      vertex -57.4259 26.9593 0
      vertex -58.0065 28.8732 0
      vertex -57.8494 28.9294 0
    endloop
  endfacet
  facet normal 0 0 -1
    outer loop
      vertex -58.1683 28.8327 0
      vertex -57.7782 26.8711 0
      vertex -58.1373 26.8178 0
    endloop
  endfacet
  facet normal 0 0 -1
    outer loop
      vertex -57.7782 26.8711 0
      vertex -58.1683 28.8327 0
      vertex -58.0065 28.8732 0
    endloop
  endfacet
  facet normal 0 0 -1
    outer loop
      vertex -58.1373 26.8178 0
      vertex -58.3334 28.8082 0
      vertex -58.1683 28.8327 0
    endloop
  endfacet
  facet normal 0 0 -1
    outer loop
      vertex -58.5 26.8 0
      vertex -58.3334 28.8082 0
      vertex -58.1373 26.8178 0
    endloop
  endfacet
  facet normal 0 0 -1
    outer loop
      vertex -58.5 26.8 0
      vertex -58.5 28.8 0
      vertex -58.3334 28.8082 0
    endloop
  endfacet
  facet normal 0 0 -1
    outer loop
      vertex -58.5 26.8 0
      vertex -58.6666 28.8082 0
      vertex -58.5 28.8 0
    endloop
  endfacet
  facet normal 0 0 -1
    outer loop
      vertex -58.8627 26.8178 0
      vertex -58.6666 28.8082 0
      vertex -58.5 26.8 0
    endloop
  endfacet
  facet normal -0 0 -1
    outer loop
      vertex -58.6666 28.8082 0
      vertex -58.8627 26.8178 0
      vertex -58.8317 28.8327 0
    endloop
  endfacet
  facet normal 0 0 -1
    outer loop
      vertex -59.2218 26.8711 0
      vertex -58.8317 28.8327 0
      vertex -58.8627 26.8178 0
    endloop
  endfacet
  facet normal -0 0 -1
    outer loop
      vertex -58.8317 28.8327 0
      vertex -59.2218 26.8711 0
      vertex -58.9935 28.8732 0
    endloop
  endfacet
  facet normal 0 0 -1
    outer loop
      vertex -59.5741 26.9593 0
      vertex -58.9935 28.8732 0
      vertex -59.2218 26.8711 0
    endloop
  endfacet
  facet normal -0 0 -1
    outer loop
      vertex -58.9935 28.8732 0
      vertex -59.5741 26.9593 0
      vertex -59.1506 28.9294 0
    endloop
  endfacet
  facet normal 0 0 -1
    outer loop
      vertex -59.9159 27.0816 0
      vertex -59.1506 28.9294 0
      vertex -59.5741 26.9593 0
    endloop
  endfacet
  facet normal -0 0 -1
    outer loop
      vertex -59.1506 28.9294 0
      vertex -59.9159 27.0816 0
      vertex -59.3014 29.0007 0
    endloop
  endfacet
  facet normal 0 0 -1
    outer loop
      vertex -60.2442 27.2369 0
      vertex -59.3014 29.0007 0
      vertex -59.9159 27.0816 0
    endloop
  endfacet
  facet normal -0 0 -1
    outer loop
      vertex -59.3014 29.0007 0
      vertex -60.2442 27.2369 0
      vertex -59.4445 29.0865 0
    endloop
  endfacet
  facet normal 0 0 -1
    outer loop
      vertex -60.5556 27.4236 0
      vertex -59.4445 29.0865 0
      vertex -60.2442 27.2369 0
    endloop
  endfacet
  facet normal -0 0 -1
    outer loop
      vertex -59.4445 29.0865 0
      vertex -60.5556 27.4236 0
      vertex -59.5785 29.1859 0
    endloop
  endfacet
  facet normal 0 0 -1
    outer loop
      vertex -60.8473 27.6399 0
      vertex -59.5785 29.1859 0
      vertex -60.5556 27.4236 0
    endloop
  endfacet
  facet normal -0 0 -1
    outer loop
      vertex -59.5785 29.1859 0
      vertex -60.8473 27.6399 0
      vertex -59.7021 29.2979 0
    endloop
  endfacet
  facet normal 0 0 -1
    outer loop
      vertex -61.1163 27.8837 0
      vertex -59.7021 29.2979 0
      vertex -60.8473 27.6399 0
    endloop
  endfacet
  facet normal -0 0 -1
    outer loop
      vertex -59.7021 29.2979 0
      vertex -61.1163 27.8837 0
      vertex -59.8141 29.4215 0
    endloop
  endfacet
  facet normal 0 0 -1
    outer loop
      vertex -61.3601 28.1527 0
      vertex -59.8141 29.4215 0
      vertex -61.1163 27.8837 0
    endloop
  endfacet
  facet normal -0 0 -1
    outer loop
      vertex -59.8141 29.4215 0
      vertex -61.3601 28.1527 0
      vertex -59.9135 29.5555 0
    endloop
  endfacet
  facet normal -0 0 -1
    outer loop
      vertex -59.9135 29.5555 0
      vertex -61.5764 28.4444 0
      vertex -59.9993 29.6986 0
    endloop
  endfacet
  facet normal 0 0 -1
    outer loop
      vertex -61.5764 28.4444 0
      vertex -59.9135 29.5555 0
      vertex -61.3601 28.1527 0
    endloop
  endfacet
  facet normal 0 0 -1
    outer loop
      vertex -57.0865 31.4445 0
      vertex -55.4236 32.5556 0
      vertex -57.0007 31.3014 0
    endloop
  endfacet
  facet normal -0 0 -1
    outer loop
      vertex -55.4236 32.5556 0
      vertex -57.0865 31.4445 0
      vertex -55.6399 32.8473 0
    endloop
  endfacet
  facet normal 0 0 -1
    outer loop
      vertex -57.1859 31.5785 0
      vertex -55.6399 32.8473 0
      vertex -57.0865 31.4445 0
    endloop
  endfacet
  facet normal -0 0 -1
    outer loop
      vertex -55.6399 32.8473 0
      vertex -57.1859 31.5785 0
      vertex -55.8837 33.1163 0
    endloop
  endfacet
  facet normal 0 0 -1
    outer loop
      vertex -57.2979 31.7021 0
      vertex -55.8837 33.1163 0
      vertex -57.1859 31.5785 0
    endloop
  endfacet
  facet normal -0 0 -1
    outer loop
      vertex -55.8837 33.1163 0
      vertex -57.2979 31.7021 0
      vertex -56.1527 33.3601 0
    endloop
  endfacet
  facet normal 0 0 -1
    outer loop
      vertex -57.4215 31.8141 0
      vertex -56.1527 33.3601 0
      vertex -57.2979 31.7021 0
    endloop
  endfacet
  facet normal -0 0 -1
    outer loop
      vertex -56.1527 33.3601 0
      vertex -57.4215 31.8141 0
      vertex -56.4444 33.5764 0
    endloop
  endfacet
  facet normal 0 0 -1
    outer loop
      vertex -57.5555 31.9135 0
      vertex -56.4444 33.5764 0
      vertex -57.4215 31.8141 0
    endloop
  endfacet
  facet normal -0 0 -1
    outer loop
      vertex -56.4444 33.5764 0
      vertex -57.5555 31.9135 0
      vertex -56.7558 33.7631 0
    endloop
  endfacet
  facet normal 0 0 -1
    outer loop
      vertex -57.6986 31.9993 0
      vertex -56.7558 33.7631 0
      vertex -57.5555 31.9135 0
    endloop
  endfacet
  facet normal 0 0 -1
    outer loop
      vertex -56.8 -30.5 0
      vertex -54.8 -30.5 0
      vertex -54.8178 -30.8627 0
    endloop
  endfacet
  facet normal 0 0 -1
    outer loop
      vertex -56.8082 -30.6666 0
      vertex -54.8178 -30.8627 0
      vertex -54.8711 -31.2218 0
    endloop
  endfacet
  facet normal 0 0 -1
    outer loop
      vertex -54.8 -30.5 0
      vertex -56.8 -30.5 0
      vertex -54.8178 -30.1373 0
    endloop
  endfacet
  facet normal 0 0 -1
    outer loop
      vertex -56.8327 -30.8317 0
      vertex -54.8711 -31.2218 0
      vertex -54.9593 -31.5741 0
    endloop
  endfacet
  facet normal 0 0 -1
    outer loop
      vertex -56.8082 -30.3334 0
      vertex -54.8178 -30.1373 0
      vertex -56.8 -30.5 0
    endloop
  endfacet
  facet normal 0 0 -1
    outer loop
      vertex -56.8732 -30.9935 0
      vertex -54.9593 -31.5741 0
      vertex -55.0816 -31.9159 0
    endloop
  endfacet
  facet normal -0 0 -1
    outer loop
      vertex -54.8178 -30.1373 0
      vertex -56.8082 -30.3334 0
      vertex -54.8711 -29.7782 0
    endloop
  endfacet
  facet normal 0 0 -1
    outer loop
      vertex -56.9294 -31.1506 0
      vertex -55.0816 -31.9159 0
      vertex -55.2369 -32.2442 0
    endloop
  endfacet
  facet normal 0 0 -1
    outer loop
      vertex -56.8327 -30.1683 0
      vertex -54.8711 -29.7782 0
      vertex -56.8082 -30.3334 0
    endloop
  endfacet
  facet normal 0 0 -1
    outer loop
      vertex -57.0007 -31.3014 0
      vertex -55.2369 -32.2442 0
      vertex -55.4236 -32.5556 0
    endloop
  endfacet
  facet normal -0 0 -1
    outer loop
      vertex -54.8711 -29.7782 0
      vertex -56.8327 -30.1683 0
      vertex -54.9593 -29.4259 0
    endloop
  endfacet
  facet normal 0 0 -1
    outer loop
      vertex -57.0865 -31.4445 0
      vertex -55.4236 -32.5556 0
      vertex -55.6399 -32.8473 0
    endloop
  endfacet
  facet normal 0 0 -1
    outer loop
      vertex -56.8732 -30.0065 0
      vertex -54.9593 -29.4259 0
      vertex -56.8327 -30.1683 0
    endloop
  endfacet
  facet normal 0 0 -1
    outer loop
      vertex -57.1859 -31.5785 0
      vertex -55.6399 -32.8473 0
      vertex -55.8837 -33.1163 0
    endloop
  endfacet
  facet normal -0 0 -1
    outer loop
      vertex -54.9593 -29.4259 0
      vertex -56.8732 -30.0065 0
      vertex -55.0816 -29.0841 0
    endloop
  endfacet
  facet normal 0 0 -1
    outer loop
      vertex -57.2979 -31.7021 0
      vertex -55.8837 -33.1163 0
      vertex -56.1527 -33.3601 0
    endloop
  endfacet
  facet normal 0 0 -1
    outer loop
      vertex -56.9294 -29.8494 0
      vertex -55.0816 -29.0841 0
      vertex -56.8732 -30.0065 0
    endloop
  endfacet
  facet normal 0 0 -1
    outer loop
      vertex -57.4215 -31.8141 0
      vertex -56.1527 -33.3601 0
      vertex -56.4444 -33.5764 0
    endloop
  endfacet
  facet normal -0 0 -1
    outer loop
      vertex -55.0816 -29.0841 0
      vertex -56.9294 -29.8494 0
      vertex -55.2369 -28.7558 0
    endloop
  endfacet
  facet normal 0 0 -1
    outer loop
      vertex -57.5555 -31.9135 0
      vertex -56.4444 -33.5764 0
      vertex -56.7558 -33.7631 0
    endloop
  endfacet
  facet normal 0 0 -1
    outer loop
      vertex -57.0007 -29.6986 0
      vertex -55.2369 -28.7558 0
      vertex -56.9294 -29.8494 0
    endloop
  endfacet
  facet normal -0 0 -1
    outer loop
      vertex -55.2369 -28.7558 0
      vertex -57.0007 -29.6986 0
      vertex -55.4236 -28.4444 0
    endloop
  endfacet
  facet normal 0 0 -1
    outer loop
      vertex -54.8178 -30.8627 0
      vertex -56.8082 -30.6666 0
      vertex -56.8 -30.5 0
    endloop
  endfacet
  facet normal 0 0 -1
    outer loop
      vertex -54.8711 -31.2218 0
      vertex -56.8327 -30.8317 0
      vertex -56.8082 -30.6666 0
    endloop
  endfacet
  facet normal 0 0 -1
    outer loop
      vertex -54.9593 -31.5741 0
      vertex -56.8732 -30.9935 0
      vertex -56.8327 -30.8317 0
    endloop
  endfacet
  facet normal 0 0 -1
    outer loop
      vertex -55.0816 -31.9159 0
      vertex -56.9294 -31.1506 0
      vertex -56.8732 -30.9935 0
    endloop
  endfacet
  facet normal 0 0 -1
    outer loop
      vertex -55.2369 -32.2442 0
      vertex -57.0007 -31.3014 0
      vertex -56.9294 -31.1506 0
    endloop
  endfacet
  facet normal 0 0 -1
    outer loop
      vertex -57.6986 -31.9993 0
      vertex -56.7558 -33.7631 0
      vertex -57.0841 -33.9184 0
    endloop
  endfacet
  facet normal 0 0 -1
    outer loop
      vertex -55.4236 -32.5556 0
      vertex -57.0865 -31.4445 0
      vertex -57.0007 -31.3014 0
    endloop
  endfacet
  facet normal 0 0 -1
    outer loop
      vertex -55.6399 -32.8473 0
      vertex -57.1859 -31.5785 0
      vertex -57.0865 -31.4445 0
    endloop
  endfacet
  facet normal 0 0 -1
    outer loop
      vertex -55.8837 -33.1163 0
      vertex -57.2979 -31.7021 0
      vertex -57.1859 -31.5785 0
    endloop
  endfacet
  facet normal 0 0 -1
    outer loop
      vertex -57.8494 -32.0706 0
      vertex -57.0841 -33.9184 0
      vertex -57.3123 -34 0
    endloop
  endfacet
  facet normal 0 0 -1
    outer loop
      vertex -56.1527 -33.3601 0
      vertex -57.4215 -31.8141 0
      vertex -57.2979 -31.7021 0
    endloop
  endfacet
  facet normal 0 0 -1
    outer loop
      vertex -57.0865 -29.5555 0
      vertex -55.4236 -28.4444 0
      vertex -57.0007 -29.6986 0
    endloop
  endfacet
  facet normal -0 0 -1
    outer loop
      vertex -55.4236 -28.4444 0
      vertex -57.0865 -29.5555 0
      vertex -55.6399 -28.1527 0
    endloop
  endfacet
  facet normal 0 0 -1
    outer loop
      vertex -57.1859 -29.4215 0
      vertex -55.6399 -28.1527 0
      vertex -57.0865 -29.5555 0
    endloop
  endfacet
  facet normal -0 0 -1
    outer loop
      vertex -55.6399 -28.1527 0
      vertex -57.1859 -29.4215 0
      vertex -55.8837 -27.8837 0
    endloop
  endfacet
  facet normal 0 0 -1
    outer loop
      vertex -57.2979 -29.2979 0
      vertex -55.8837 -27.8837 0
      vertex -57.1859 -29.4215 0
    endloop
  endfacet
  facet normal -0 0 -1
    outer loop
      vertex -55.8837 -27.8837 0
      vertex -57.2979 -29.2979 0
      vertex -56.1527 -27.6399 0
    endloop
  endfacet
  facet normal 0 0 -1
    outer loop
      vertex -57.4215 -29.1859 0
      vertex -56.1527 -27.6399 0
      vertex -57.2979 -29.2979 0
    endloop
  endfacet
  facet normal -0 0 -1
    outer loop
      vertex -56.1527 -27.6399 0
      vertex -57.4215 -29.1859 0
      vertex -56.4444 -27.4236 0
    endloop
  endfacet
  facet normal 0 0 -1
    outer loop
      vertex -57.5555 -29.0865 0
      vertex -56.4444 -27.4236 0
      vertex -57.4215 -29.1859 0
    endloop
  endfacet
  facet normal -0 0 -1
    outer loop
      vertex -56.4444 -27.4236 0
      vertex -57.5555 -29.0865 0
      vertex -56.7558 -27.2369 0
    endloop
  endfacet
  facet normal 0 0 -1
    outer loop
      vertex -57.6986 -29.0007 0
      vertex -56.7558 -27.2369 0
      vertex -57.5555 -29.0865 0
    endloop
  endfacet
  facet normal -0 0 -1
    outer loop
      vertex -56.7558 -27.2369 0
      vertex -57.6986 -29.0007 0
      vertex -57.0841 -27.0816 0
    endloop
  endfacet
  facet normal 0 0 -1
    outer loop
      vertex -57.8494 -28.9294 0
      vertex -57.0841 -27.0816 0
      vertex -57.6986 -29.0007 0
    endloop
  endfacet
  facet normal -0 0 -1
    outer loop
      vertex -57.0841 -27.0816 0
      vertex -57.8494 -28.9294 0
      vertex -57.4259 -26.9593 0
    endloop
  endfacet
  facet normal 0 0 -1
    outer loop
      vertex -58.0065 -28.8732 0
      vertex -57.4259 -26.9593 0
      vertex -57.8494 -28.9294 0
    endloop
  endfacet
  facet normal -0 0 -1
    outer loop
      vertex -57.4259 -26.9593 0
      vertex -58.0065 -28.8732 0
      vertex -57.7782 -26.8711 0
    endloop
  endfacet
  facet normal 0 0 -1
    outer loop
      vertex -58.1683 -28.8327 0
      vertex -57.7782 -26.8711 0
      vertex -58.0065 -28.8732 0
    endloop
  endfacet
  facet normal -0 0 -1
    outer loop
      vertex -57.7782 -26.8711 0
      vertex -58.1683 -28.8327 0
      vertex -58.1373 -26.8178 0
    endloop
  endfacet
  facet normal 0 0 -1
    outer loop
      vertex -58.3334 -28.8082 0
      vertex -58.1373 -26.8178 0
      vertex -58.1683 -28.8327 0
    endloop
  endfacet
  facet normal 0 0 -1
    outer loop
      vertex -58.5 -28.8 0
      vertex -58.1373 -26.8178 0
      vertex -58.3334 -28.8082 0
    endloop
  endfacet
  facet normal 0 0 -1
    outer loop
      vertex -58.5 -28.8 0
      vertex -58.5 -26.8 0
      vertex -58.1373 -26.8178 0
    endloop
  endfacet
  facet normal 0 0 -1
    outer loop
      vertex -58.6666 -28.8082 0
      vertex -58.5 -26.8 0
      vertex -58.5 -28.8 0
    endloop
  endfacet
  facet normal 0 0 -1
    outer loop
      vertex -58.8627 -26.8178 0
      vertex -58.6666 -28.8082 0
      vertex -58.8317 -28.8327 0
    endloop
  endfacet
  facet normal 0 0 -1
    outer loop
      vertex -58.6666 -28.8082 0
      vertex -58.8627 -26.8178 0
      vertex -58.5 -26.8 0
    endloop
  endfacet
  facet normal 0 0 -1
    outer loop
      vertex -59.2218 -26.8711 0
      vertex -58.8317 -28.8327 0
      vertex -58.9935 -28.8732 0
    endloop
  endfacet
  facet normal 0 0 -1
    outer loop
      vertex -59.5741 -26.9593 0
      vertex -58.9935 -28.8732 0
      vertex -59.1506 -28.9294 0
    endloop
  endfacet
  facet normal 0 0 -1
    outer loop
      vertex -58.8317 -28.8327 0
      vertex -59.2218 -26.8711 0
      vertex -58.8627 -26.8178 0
    endloop
  endfacet
  facet normal 0 0 -1
    outer loop
      vertex -59.9159 -27.0816 0
      vertex -59.1506 -28.9294 0
      vertex -59.3014 -29.0007 0
    endloop
  endfacet
  facet normal 0 0 -1
    outer loop
      vertex -60.2442 -27.2369 0
      vertex -59.3014 -29.0007 0
      vertex -59.4445 -29.0865 0
    endloop
  endfacet
  facet normal 0 0 -1
    outer loop
      vertex -58.9935 -28.8732 0
      vertex -59.5741 -26.9593 0
      vertex -59.2218 -26.8711 0
    endloop
  endfacet
  facet normal 0 0 -1
    outer loop
      vertex -60.5556 -27.4236 0
      vertex -59.4445 -29.0865 0
      vertex -59.5785 -29.1859 0
    endloop
  endfacet
  facet normal 0 0 -1
    outer loop
      vertex -60.8473 -27.6399 0
      vertex -59.5785 -29.1859 0
      vertex -59.7021 -29.2979 0
    endloop
  endfacet
  facet normal 0 0 -1
    outer loop
      vertex -61.1163 -27.8837 0
      vertex -59.7021 -29.2979 0
      vertex -59.8141 -29.4215 0
    endloop
  endfacet
  facet normal 0 0 -1
    outer loop
      vertex -61.3601 -28.1527 0
      vertex -59.8141 -29.4215 0
      vertex -59.9135 -29.5555 0
    endloop
  endfacet
  facet normal 0 0 -1
    outer loop
      vertex -59.1506 -28.9294 0
      vertex -59.9159 -27.0816 0
      vertex -59.5741 -26.9593 0
    endloop
  endfacet
  facet normal 0 0 -1
    outer loop
      vertex -61.5764 -28.4444 0
      vertex -59.9135 -29.5555 0
      vertex -59.9993 -29.6986 0
    endloop
  endfacet
  facet normal 0 0 -1
    outer loop
      vertex -61.7631 -28.7558 0
      vertex -59.9993 -29.6986 0
      vertex -60.0706 -29.8494 0
    endloop
  endfacet
  facet normal 0 0 -1
    outer loop
      vertex -62 -29.3123 0
      vertex -60.0706 -29.8494 0
      vertex -60.1268 -30.0065 0
    endloop
  endfacet
  facet normal 0 0 -1
    outer loop
      vertex -62 -29.3123 0
      vertex -60.1268 -30.0065 0
      vertex -60.1673 -30.1683 0
    endloop
  endfacet
  facet normal 0 0 -1
    outer loop
      vertex -62 -29.3123 0
      vertex -60.1673 -30.1683 0
      vertex -60.1918 -30.3334 0
    endloop
  endfacet
  facet normal 0 0 -1
    outer loop
      vertex -59.3014 -29.0007 0
      vertex -60.2442 -27.2369 0
      vertex -59.9159 -27.0816 0
    endloop
  endfacet
  facet normal 0 0 -1
    outer loop
      vertex -62 -29.3123 0
      vertex -60.1918 -30.3334 0
      vertex -60.2 -30.5 0
    endloop
  endfacet
  facet normal 0 0 -1
    outer loop
      vertex -61.7631 -32.2442 0
      vertex -59.9993 -31.3014 0
      vertex -61.5764 -32.5556 0
    endloop
  endfacet
  facet normal -0 0 -1
    outer loop
      vertex -59.9993 -31.3014 0
      vertex -61.7631 -32.2442 0
      vertex -60.0706 -31.1506 0
    endloop
  endfacet
  facet normal 0 0 -1
    outer loop
      vertex -59.4445 -29.0865 0
      vertex -60.5556 -27.4236 0
      vertex -60.2442 -27.2369 0
    endloop
  endfacet
  facet normal 0 0 -1
    outer loop
      vertex -61.9184 -31.9159 0
      vertex -60.0706 -31.1506 0
      vertex -61.7631 -32.2442 0
    endloop
  endfacet
  facet normal 0 0 -1
    outer loop
      vertex -59.5785 -29.1859 0
      vertex -60.8473 -27.6399 0
      vertex -60.5556 -27.4236 0
    endloop
  endfacet
  facet normal 0 0 -1
    outer loop
      vertex -62 -31.6877 0
      vertex -60.0706 -31.1506 0
      vertex -61.9184 -31.9159 0
    endloop
  endfacet
  facet normal 0 0 -1
    outer loop
      vertex -59.7021 -29.2979 0
      vertex -61.1163 -27.8837 0
      vertex -60.8473 -27.6399 0
    endloop
  endfacet
  facet normal -0 0 -1
    outer loop
      vertex -60.0706 -31.1506 0
      vertex -62 -31.6877 0
      vertex -60.1268 -30.9935 0
    endloop
  endfacet
  facet normal 0 0 -1
    outer loop
      vertex -59.8141 -29.4215 0
      vertex -61.3601 -28.1527 0
      vertex -61.1163 -27.8837 0
    endloop
  endfacet
  facet normal -0 0 -1
    outer loop
      vertex -60.1268 -30.9935 0
      vertex -62 -31.6877 0
      vertex -60.1673 -30.8317 0
    endloop
  endfacet
  facet normal 0 0 -1
    outer loop
      vertex -59.9135 -29.5555 0
      vertex -61.5764 -28.4444 0
      vertex -61.3601 -28.1527 0
    endloop
  endfacet
  facet normal -0 0 -1
    outer loop
      vertex -60.1673 -30.8317 0
      vertex -62 -31.6877 0
      vertex -60.1918 -30.6666 0
    endloop
  endfacet
  facet normal 0 0 -1
    outer loop
      vertex -59.9993 -29.6986 0
      vertex -61.7631 -28.7558 0
      vertex -61.5764 -28.4444 0
    endloop
  endfacet
  facet normal -0 0 -1
    outer loop
      vertex -60.1918 -30.6666 0
      vertex -62 -31.6877 0
      vertex -60.2 -30.5 0
    endloop
  endfacet
  facet normal 0 0 -1
    outer loop
      vertex -62 -29.3123 0
      vertex -60.2 -30.5 0
      vertex -62 -31.6877 0
    endloop
  endfacet
  facet normal 0 0 -1
    outer loop
      vertex -60.0706 -29.8494 0
      vertex -62 -29.3123 0
      vertex -61.9184 -29.0841 0
    endloop
  endfacet
  facet normal 0 0 -1
    outer loop
      vertex -60.0706 -29.8494 0
      vertex -61.9184 -29.0841 0
      vertex -61.7631 -28.7558 0
    endloop
  endfacet
  facet normal 0 0 -1
    outer loop
      vertex -60.8473 33.3601 0
      vertex -59.5785 31.8141 0
      vertex -59.7021 31.7021 0
    endloop
  endfacet
  facet normal 0 0 -1
    outer loop
      vertex -61.1163 33.1163 0
      vertex -59.7021 31.7021 0
      vertex -59.8141 31.5785 0
    endloop
  endfacet
  facet normal 0 0 -1
    outer loop
      vertex -61.3601 32.8473 0
      vertex -59.8141 31.5785 0
      vertex -59.9135 31.4445 0
    endloop
  endfacet
  facet normal 0 0 -1
    outer loop
      vertex -59.5785 31.8141 0
      vertex -59.9159 33.9184 0
      vertex -59.6877 34 0
    endloop
  endfacet
  facet normal 0 0 -1
    outer loop
      vertex -61.5764 32.5556 0
      vertex -59.9135 31.4445 0
      vertex -59.9993 31.3014 0
    endloop
  endfacet
  facet normal 0 0 -1
    outer loop
      vertex -61.7631 32.2442 0
      vertex -59.9993 31.3014 0
      vertex -60.0706 31.1506 0
    endloop
  endfacet
  facet normal 0 0 -1
    outer loop
      vertex -62 31.6877 0
      vertex -60.0706 31.1506 0
      vertex -60.1268 30.9935 0
    endloop
  endfacet
  facet normal 0 0 -1
    outer loop
      vertex -62 31.6877 0
      vertex -60.1268 30.9935 0
      vertex -60.1673 30.8317 0
    endloop
  endfacet
  facet normal 0 0 -1
    outer loop
      vertex -62 31.6877 0
      vertex -60.1673 30.8317 0
      vertex -60.1918 30.6666 0
    endloop
  endfacet
  facet normal 0 0 -1
    outer loop
      vertex -59.5785 31.8141 0
      vertex -60.2442 33.7631 0
      vertex -59.9159 33.9184 0
    endloop
  endfacet
  facet normal 0 0 -1
    outer loop
      vertex -62 31.6877 0
      vertex -60.1918 30.6666 0
      vertex -60.2 30.5 0
    endloop
  endfacet
  facet normal 0 0 -1
    outer loop
      vertex -61.7631 28.7558 0
      vertex -59.9993 29.6986 0
      vertex -61.5764 28.4444 0
    endloop
  endfacet
  facet normal -0 0 -1
    outer loop
      vertex -59.9993 29.6986 0
      vertex -61.7631 28.7558 0
      vertex -60.0706 29.8494 0
    endloop
  endfacet
  facet normal 0 0 -1
    outer loop
      vertex -59.5785 31.8141 0
      vertex -60.5556 33.5764 0
      vertex -60.2442 33.7631 0
    endloop
  endfacet
  facet normal 0 0 -1
    outer loop
      vertex -61.9184 29.0841 0
      vertex -60.0706 29.8494 0
      vertex -61.7631 28.7558 0
    endloop
  endfacet
  facet normal 0 0 -1
    outer loop
      vertex -59.5785 31.8141 0
      vertex -60.8473 33.3601 0
      vertex -60.5556 33.5764 0
    endloop
  endfacet
  facet normal 0 0 -1
    outer loop
      vertex -62 29.3123 0
      vertex -60.0706 29.8494 0
      vertex -61.9184 29.0841 0
    endloop
  endfacet
  facet normal 0 0 -1
    outer loop
      vertex -59.7021 31.7021 0
      vertex -61.1163 33.1163 0
      vertex -60.8473 33.3601 0
    endloop
  endfacet
  facet normal -0 0 -1
    outer loop
      vertex -60.0706 29.8494 0
      vertex -62 29.3123 0
      vertex -60.1268 30.0065 0
    endloop
  endfacet
  facet normal 0 0 -1
    outer loop
      vertex -59.8141 31.5785 0
      vertex -61.3601 32.8473 0
      vertex -61.1163 33.1163 0
    endloop
  endfacet
  facet normal -0 0 -1
    outer loop
      vertex -60.1268 30.0065 0
      vertex -62 29.3123 0
      vertex -60.1673 30.1683 0
    endloop
  endfacet
  facet normal 0 0 -1
    outer loop
      vertex -59.9135 31.4445 0
      vertex -61.5764 32.5556 0
      vertex -61.3601 32.8473 0
    endloop
  endfacet
  facet normal -0 0 -1
    outer loop
      vertex -60.1673 30.1683 0
      vertex -62 29.3123 0
      vertex -60.1918 30.3334 0
    endloop
  endfacet
  facet normal 0 0 -1
    outer loop
      vertex -59.9993 31.3014 0
      vertex -61.7631 32.2442 0
      vertex -61.5764 32.5556 0
    endloop
  endfacet
  facet normal -0 0 -1
    outer loop
      vertex -60.1918 30.3334 0
      vertex -62 29.3123 0
      vertex -60.2 30.5 0
    endloop
  endfacet
  facet normal 0 0 -1
    outer loop
      vertex -62 31.6877 0
      vertex -60.2 30.5 0
      vertex -62 29.3123 0
    endloop
  endfacet
  facet normal 0 0 -1
    outer loop
      vertex -60.0706 31.1506 0
      vertex -62 31.6877 0
      vertex -61.9184 31.9159 0
    endloop
  endfacet
  facet normal 0 0 -1
    outer loop
      vertex -60.0706 31.1506 0
      vertex -61.9184 31.9159 0
      vertex -61.7631 32.2442 0
    endloop
  endfacet
  facet normal -0 0 -1
    outer loop
      vertex -59.3014 -31.9993 0
      vertex -60.2442 -33.7631 0
      vertex -59.4445 -31.9135 0
    endloop
  endfacet
  facet normal 0 0 -1
    outer loop
      vertex -60.5556 -33.5764 0
      vertex -59.4445 -31.9135 0
      vertex -60.2442 -33.7631 0
    endloop
  endfacet
  facet normal -0 0 -1
    outer loop
      vertex -59.4445 -31.9135 0
      vertex -60.5556 -33.5764 0
      vertex -59.5785 -31.8141 0
    endloop
  endfacet
  facet normal 0 0 -1
    outer loop
      vertex -60.8473 -33.3601 0
      vertex -59.5785 -31.8141 0
      vertex -60.5556 -33.5764 0
    endloop
  endfacet
  facet normal -0 0 -1
    outer loop
      vertex -59.5785 -31.8141 0
      vertex -60.8473 -33.3601 0
      vertex -59.7021 -31.7021 0
    endloop
  endfacet
  facet normal 0 0 -1
    outer loop
      vertex -61.1163 -33.1163 0
      vertex -59.7021 -31.7021 0
      vertex -60.8473 -33.3601 0
    endloop
  endfacet
  facet normal -0 0 -1
    outer loop
      vertex -59.7021 -31.7021 0
      vertex -61.1163 -33.1163 0
      vertex -59.8141 -31.5785 0
    endloop
  endfacet
  facet normal 0 0 -1
    outer loop
      vertex -61.3601 -32.8473 0
      vertex -59.8141 -31.5785 0
      vertex -61.1163 -33.1163 0
    endloop
  endfacet
  facet normal -0 0 -1
    outer loop
      vertex -59.8141 -31.5785 0
      vertex -61.3601 -32.8473 0
      vertex -59.9135 -31.4445 0
    endloop
  endfacet
  facet normal -0 0 -1
    outer loop
      vertex -59.9135 -31.4445 0
      vertex -61.5764 -32.5556 0
      vertex -59.9993 -31.3014 0
    endloop
  endfacet
  facet normal 0 0 -1
    outer loop
      vertex -61.5764 -32.5556 0
      vertex -59.9135 -31.4445 0
      vertex -61.3601 -32.8473 0
    endloop
  endfacet
  facet normal 0 0 -1
    outer loop
      vertex 56.1527 33.3601 0
      vertex 57.4215 31.8141 0
      vertex 57.2979 31.7021 0
    endloop
  endfacet
  facet normal 0 0 -1
    outer loop
      vertex 55.8837 33.1163 0
      vertex 57.2979 31.7021 0
      vertex 57.1859 31.5785 0
    endloop
  endfacet
  facet normal 0 0 -1
    outer loop
      vertex 55.6399 32.8473 0
      vertex 57.1859 31.5785 0
      vertex 57.0865 31.4445 0
    endloop
  endfacet
  facet normal 0 0 -1
    outer loop
      vertex 57.4215 31.8141 0
      vertex 57.0841 33.9184 0
      vertex 57.3123 34 0
    endloop
  endfacet
  facet normal 0 0 -1
    outer loop
      vertex 55.4236 32.5556 0
      vertex 57.0865 31.4445 0
      vertex 57.0007 31.3014 0
    endloop
  endfacet
  facet normal 0 0 -1
    outer loop
      vertex 55.2369 32.2442 0
      vertex 57.0007 31.3014 0
      vertex 56.9294 31.1506 0
    endloop
  endfacet
  facet normal 0 0 -1
    outer loop
      vertex 55.0816 31.9159 0
      vertex 56.9294 31.1506 0
      vertex 56.8732 30.9935 0
    endloop
  endfacet
  facet normal 0 0 -1
    outer loop
      vertex 54.9593 31.5741 0
      vertex 56.8732 30.9935 0
      vertex 56.8327 30.8317 0
    endloop
  endfacet
  facet normal 0 0 -1
    outer loop
      vertex 54.8711 31.2218 0
      vertex 56.8327 30.8317 0
      vertex 56.8082 30.6666 0
    endloop
  endfacet
  facet normal 0 0 -1
    outer loop
      vertex 57.4215 31.8141 0
      vertex 56.7558 33.7631 0
      vertex 57.0841 33.9184 0
    endloop
  endfacet
  facet normal 0 0 -1
    outer loop
      vertex 54.8178 30.8627 0
      vertex 56.8082 30.6666 0
      vertex 56.8 30.5 0
    endloop
  endfacet
  facet normal 0 0 -1
    outer loop
      vertex 55.2369 28.7558 0
      vertex 57.0007 29.6986 0
      vertex 55.4236 28.4444 0
    endloop
  endfacet
  facet normal -0 0 -1
    outer loop
      vertex 57.0007 29.6986 0
      vertex 55.2369 28.7558 0
      vertex 56.9294 29.8494 0
    endloop
  endfacet
  facet normal 0 0 -1
    outer loop
      vertex 57.4215 31.8141 0
      vertex 56.4444 33.5764 0
      vertex 56.7558 33.7631 0
    endloop
  endfacet
  facet normal 0 0 -1
    outer loop
      vertex 55.0816 29.0841 0
      vertex 56.9294 29.8494 0
      vertex 55.2369 28.7558 0
    endloop
  endfacet
  facet normal 0 0 -1
    outer loop
      vertex 57.4215 31.8141 0
      vertex 56.1527 33.3601 0
      vertex 56.4444 33.5764 0
    endloop
  endfacet
  facet normal -0 0 -1
    outer loop
      vertex 56.9294 29.8494 0
      vertex 55.0816 29.0841 0
      vertex 56.8732 30.0065 0
    endloop
  endfacet
  facet normal 0 0 -1
    outer loop
      vertex 57.2979 31.7021 0
      vertex 55.8837 33.1163 0
      vertex 56.1527 33.3601 0
    endloop
  endfacet
  facet normal 0 0 -1
    outer loop
      vertex 54.9593 29.4259 0
      vertex 56.8732 30.0065 0
      vertex 55.0816 29.0841 0
    endloop
  endfacet
  facet normal 0 0 -1
    outer loop
      vertex 57.1859 31.5785 0
      vertex 55.6399 32.8473 0
      vertex 55.8837 33.1163 0
    endloop
  endfacet
  facet normal -0 0 -1
    outer loop
      vertex 56.8732 30.0065 0
      vertex 54.9593 29.4259 0
      vertex 56.8327 30.1683 0
    endloop
  endfacet
  facet normal 0 0 -1
    outer loop
      vertex 57.0865 31.4445 0
      vertex 55.4236 32.5556 0
      vertex 55.6399 32.8473 0
    endloop
  endfacet
  facet normal 0 0 -1
    outer loop
      vertex 54.8711 29.7782 0
      vertex 56.8327 30.1683 0
      vertex 54.9593 29.4259 0
    endloop
  endfacet
  facet normal 0 0 -1
    outer loop
      vertex 57.0007 31.3014 0
      vertex 55.2369 32.2442 0
      vertex 55.4236 32.5556 0
    endloop
  endfacet
  facet normal -0 0 -1
    outer loop
      vertex 56.8327 30.1683 0
      vertex 54.8711 29.7782 0
      vertex 56.8082 30.3334 0
    endloop
  endfacet
  facet normal 0 0 -1
    outer loop
      vertex 56.9294 31.1506 0
      vertex 55.0816 31.9159 0
      vertex 55.2369 32.2442 0
    endloop
  endfacet
  facet normal 0 0 -1
    outer loop
      vertex 54.8178 30.1373 0
      vertex 56.8082 30.3334 0
      vertex 54.8711 29.7782 0
    endloop
  endfacet
  facet normal 0 0 -1
    outer loop
      vertex 56.8732 30.9935 0
      vertex 54.9593 31.5741 0
      vertex 55.0816 31.9159 0
    endloop
  endfacet
  facet normal -0 0 -1
    outer loop
      vertex 56.8082 30.3334 0
      vertex 54.8178 30.1373 0
      vertex 56.8 30.5 0
    endloop
  endfacet
  facet normal 0 0 -1
    outer loop
      vertex 56.8327 30.8317 0
      vertex 54.8711 31.2218 0
      vertex 54.9593 31.5741 0
    endloop
  endfacet
  facet normal 0 0 -1
    outer loop
      vertex 54.8 30.5 0
      vertex 56.8 30.5 0
      vertex 54.8178 30.1373 0
    endloop
  endfacet
  facet normal 0 0 -1
    outer loop
      vertex 56.8082 30.6666 0
      vertex 54.8178 30.8627 0
      vertex 54.8711 31.2218 0
    endloop
  endfacet
  facet normal 0 0 -1
    outer loop
      vertex 56.8 30.5 0
      vertex 54.8 30.5 0
      vertex 54.8178 30.8627 0
    endloop
  endfacet
  facet normal -0 0 -1
    outer loop
      vertex 57.6986 -31.9993 0
      vertex 56.7558 -33.7631 0
      vertex 57.5555 -31.9135 0
    endloop
  endfacet
  facet normal 0 0 -1
    outer loop
      vertex 56.4444 -33.5764 0
      vertex 57.5555 -31.9135 0
      vertex 56.7558 -33.7631 0
    endloop
  endfacet
  facet normal -0 0 -1
    outer loop
      vertex 57.5555 -31.9135 0
      vertex 56.4444 -33.5764 0
      vertex 57.4215 -31.8141 0
    endloop
  endfacet
  facet normal 0 0 -1
    outer loop
      vertex 56.1527 -33.3601 0
      vertex 57.4215 -31.8141 0
      vertex 56.4444 -33.5764 0
    endloop
  endfacet
  facet normal -0 0 -1
    outer loop
      vertex 57.4215 -31.8141 0
      vertex 56.1527 -33.3601 0
      vertex 57.2979 -31.7021 0
    endloop
  endfacet
  facet normal 0 0 -1
    outer loop
      vertex 55.8837 -33.1163 0
      vertex 57.2979 -31.7021 0
      vertex 56.1527 -33.3601 0
    endloop
  endfacet
  facet normal -0 0 -1
    outer loop
      vertex 57.2979 -31.7021 0
      vertex 55.8837 -33.1163 0
      vertex 57.1859 -31.5785 0
    endloop
  endfacet
  facet normal 0 0 -1
    outer loop
      vertex 55.6399 -32.8473 0
      vertex 57.1859 -31.5785 0
      vertex 55.8837 -33.1163 0
    endloop
  endfacet
  facet normal -0 0 -1
    outer loop
      vertex 57.1859 -31.5785 0
      vertex 55.6399 -32.8473 0
      vertex 57.0865 -31.4445 0
    endloop
  endfacet
  facet normal -0 0 -1
    outer loop
      vertex 57.0865 -31.4445 0
      vertex 55.4236 -32.5556 0
      vertex 57.0007 -31.3014 0
    endloop
  endfacet
  facet normal 0 0 -1
    outer loop
      vertex 55.4236 -32.5556 0
      vertex 57.0865 -31.4445 0
      vertex 55.6399 -32.8473 0
    endloop
  endfacet
  facet normal 0 0 -1
    outer loop
      vertex 60.0706 29.8494 0
      vertex 62 29.3123 0
      vertex 61.9184 29.0841 0
    endloop
  endfacet
  facet normal 0 0 -1
    outer loop
      vertex 62 29.3123 0
      vertex 60.2 30.5 0
      vertex 62 31.6877 0
    endloop
  endfacet
  facet normal 0 0 -1
    outer loop
      vertex 60.0706 29.8494 0
      vertex 61.9184 29.0841 0
      vertex 61.7631 28.7558 0
    endloop
  endfacet
  facet normal 0 0 -1
    outer loop
      vertex 60.1918 30.6666 0
      vertex 62 31.6877 0
      vertex 60.2 30.5 0
    endloop
  endfacet
  facet normal 0 0 -1
    outer loop
      vertex 59.9993 29.6986 0
      vertex 61.7631 28.7558 0
      vertex 61.5764 28.4444 0
    endloop
  endfacet
  facet normal 0 0 -1
    outer loop
      vertex 60.1673 30.8317 0
      vertex 62 31.6877 0
      vertex 60.1918 30.6666 0
    endloop
  endfacet
  facet normal 0 0 -1
    outer loop
      vertex 59.9135 29.5555 0
      vertex 61.5764 28.4444 0
      vertex 61.3601 28.1527 0
    endloop
  endfacet
  facet normal 0 0 -1
    outer loop
      vertex 60.1268 30.9935 0
      vertex 62 31.6877 0
      vertex 60.1673 30.8317 0
    endloop
  endfacet
  facet normal 0 0 -1
    outer loop
      vertex 59.8141 29.4215 0
      vertex 61.3601 28.1527 0
      vertex 61.1163 27.8837 0
    endloop
  endfacet
  facet normal 0 0 -1
    outer loop
      vertex 60.0706 31.1506 0
      vertex 62 31.6877 0
      vertex 60.1268 30.9935 0
    endloop
  endfacet
  facet normal 0 0 -1
    outer loop
      vertex 59.7021 29.2979 0
      vertex 61.1163 27.8837 0
      vertex 60.8473 27.6399 0
    endloop
  endfacet
  facet normal -0 0 -1
    outer loop
      vertex 62 31.6877 0
      vertex 60.0706 31.1506 0
      vertex 61.9184 31.9159 0
    endloop
  endfacet
  facet normal 0 0 -1
    outer loop
      vertex 59.5785 29.1859 0
      vertex 60.8473 27.6399 0
      vertex 60.5556 27.4236 0
    endloop
  endfacet
  facet normal -0 0 -1
    outer loop
      vertex 61.9184 31.9159 0
      vertex 60.0706 31.1506 0
      vertex 61.7631 32.2442 0
    endloop
  endfacet
  facet normal 0 0 -1
    outer loop
      vertex 59.4445 29.0865 0
      vertex 60.5556 27.4236 0
      vertex 60.2442 27.2369 0
    endloop
  endfacet
  facet normal 0 0 -1
    outer loop
      vertex 59.9993 31.3014 0
      vertex 61.7631 32.2442 0
      vertex 60.0706 31.1506 0
    endloop
  endfacet
  facet normal -0 0 -1
    outer loop
      vertex 61.7631 32.2442 0
      vertex 59.9993 31.3014 0
      vertex 61.5764 32.5556 0
    endloop
  endfacet
  facet normal 0 0 -1
    outer loop
      vertex 62 29.3123 0
      vertex 60.1918 30.3334 0
      vertex 60.2 30.5 0
    endloop
  endfacet
  facet normal 0 0 -1
    outer loop
      vertex 62 29.3123 0
      vertex 60.1673 30.1683 0
      vertex 60.1918 30.3334 0
    endloop
  endfacet
  facet normal 0 0 -1
    outer loop
      vertex 62 29.3123 0
      vertex 60.1268 30.0065 0
      vertex 60.1673 30.1683 0
    endloop
  endfacet
  facet normal 0 0 -1
    outer loop
      vertex 62 29.3123 0
      vertex 60.0706 29.8494 0
      vertex 60.1268 30.0065 0
    endloop
  endfacet
  facet normal 0 0 -1
    outer loop
      vertex 61.7631 28.7558 0
      vertex 59.9993 29.6986 0
      vertex 60.0706 29.8494 0
    endloop
  endfacet
  facet normal 0 0 -1
    outer loop
      vertex 59.3014 29.0007 0
      vertex 60.2442 27.2369 0
      vertex 59.9159 27.0816 0
    endloop
  endfacet
  facet normal 0 0 -1
    outer loop
      vertex 61.5764 28.4444 0
      vertex 59.9135 29.5555 0
      vertex 59.9993 29.6986 0
    endloop
  endfacet
  facet normal 0 0 -1
    outer loop
      vertex 61.3601 28.1527 0
      vertex 59.8141 29.4215 0
      vertex 59.9135 29.5555 0
    endloop
  endfacet
  facet normal 0 0 -1
    outer loop
      vertex 61.1163 27.8837 0
      vertex 59.7021 29.2979 0
      vertex 59.8141 29.4215 0
    endloop
  endfacet
  facet normal 0 0 -1
    outer loop
      vertex 60.8473 27.6399 0
      vertex 59.5785 29.1859 0
      vertex 59.7021 29.2979 0
    endloop
  endfacet
  facet normal 0 0 -1
    outer loop
      vertex 59.1506 28.9294 0
      vertex 59.9159 27.0816 0
      vertex 59.5741 26.9593 0
    endloop
  endfacet
  facet normal 0 0 -1
    outer loop
      vertex 60.5556 27.4236 0
      vertex 59.4445 29.0865 0
      vertex 59.5785 29.1859 0
    endloop
  endfacet
  facet normal 0 0 -1
    outer loop
      vertex 60.2442 27.2369 0
      vertex 59.3014 29.0007 0
      vertex 59.4445 29.0865 0
    endloop
  endfacet
  facet normal 0 0 -1
    outer loop
      vertex 58.9935 28.8732 0
      vertex 59.5741 26.9593 0
      vertex 59.2218 26.8711 0
    endloop
  endfacet
  facet normal 0 0 -1
    outer loop
      vertex 59.9159 27.0816 0
      vertex 59.1506 28.9294 0
      vertex 59.3014 29.0007 0
    endloop
  endfacet
  facet normal 0 0 -1
    outer loop
      vertex 59.5741 26.9593 0
      vertex 58.9935 28.8732 0
      vertex 59.1506 28.9294 0
    endloop
  endfacet
  facet normal 0 0 -1
    outer loop
      vertex 58.8317 28.8327 0
      vertex 59.2218 26.8711 0
      vertex 58.8627 26.8178 0
    endloop
  endfacet
  facet normal 0 0 -1
    outer loop
      vertex 59.2218 26.8711 0
      vertex 58.8317 28.8327 0
      vertex 58.9935 28.8732 0
    endloop
  endfacet
  facet normal 0 0 -1
    outer loop
      vertex 58.8627 26.8178 0
      vertex 58.6666 28.8082 0
      vertex 58.8317 28.8327 0
    endloop
  endfacet
  facet normal 0 0 -1
    outer loop
      vertex 58.5 26.8 0
      vertex 58.6666 28.8082 0
      vertex 58.8627 26.8178 0
    endloop
  endfacet
  facet normal 0 0 -1
    outer loop
      vertex 58.5 26.8 0
      vertex 58.5 28.8 0
      vertex 58.6666 28.8082 0
    endloop
  endfacet
  facet normal 0 0 -1
    outer loop
      vertex 58.5 26.8 0
      vertex 58.3334 28.8082 0
      vertex 58.5 28.8 0
    endloop
  endfacet
  facet normal 0 0 -1
    outer loop
      vertex 58.1373 26.8178 0
      vertex 58.3334 28.8082 0
      vertex 58.5 26.8 0
    endloop
  endfacet
  facet normal -0 0 -1
    outer loop
      vertex 58.3334 28.8082 0
      vertex 58.1373 26.8178 0
      vertex 58.1683 28.8327 0
    endloop
  endfacet
  facet normal 0 0 -1
    outer loop
      vertex 57.7782 26.8711 0
      vertex 58.1683 28.8327 0
      vertex 58.1373 26.8178 0
    endloop
  endfacet
  facet normal -0 0 -1
    outer loop
      vertex 58.1683 28.8327 0
      vertex 57.7782 26.8711 0
      vertex 58.0065 28.8732 0
    endloop
  endfacet
  facet normal 0 0 -1
    outer loop
      vertex 57.4259 26.9593 0
      vertex 58.0065 28.8732 0
      vertex 57.7782 26.8711 0
    endloop
  endfacet
  facet normal -0 0 -1
    outer loop
      vertex 58.0065 28.8732 0
      vertex 57.4259 26.9593 0
      vertex 57.8494 28.9294 0
    endloop
  endfacet
  facet normal 0 0 -1
    outer loop
      vertex 57.0841 27.0816 0
      vertex 57.8494 28.9294 0
      vertex 57.4259 26.9593 0
    endloop
  endfacet
  facet normal -0 0 -1
    outer loop
      vertex 57.8494 28.9294 0
      vertex 57.0841 27.0816 0
      vertex 57.6986 29.0007 0
    endloop
  endfacet
  facet normal 0 0 -1
    outer loop
      vertex 56.7558 27.2369 0
      vertex 57.6986 29.0007 0
      vertex 57.0841 27.0816 0
    endloop
  endfacet
  facet normal -0 0 -1
    outer loop
      vertex 57.6986 29.0007 0
      vertex 56.7558 27.2369 0
      vertex 57.5555 29.0865 0
    endloop
  endfacet
  facet normal 0 0 -1
    outer loop
      vertex 56.4444 27.4236 0
      vertex 57.5555 29.0865 0
      vertex 56.7558 27.2369 0
    endloop
  endfacet
  facet normal -0 0 -1
    outer loop
      vertex 57.5555 29.0865 0
      vertex 56.4444 27.4236 0
      vertex 57.4215 29.1859 0
    endloop
  endfacet
  facet normal 0 0 -1
    outer loop
      vertex 56.1527 27.6399 0
      vertex 57.4215 29.1859 0
      vertex 56.4444 27.4236 0
    endloop
  endfacet
  facet normal -0 0 -1
    outer loop
      vertex 57.4215 29.1859 0
      vertex 56.1527 27.6399 0
      vertex 57.2979 29.2979 0
    endloop
  endfacet
  facet normal 0 0 -1
    outer loop
      vertex 55.8837 27.8837 0
      vertex 57.2979 29.2979 0
      vertex 56.1527 27.6399 0
    endloop
  endfacet
  facet normal -0 0 -1
    outer loop
      vertex 57.2979 29.2979 0
      vertex 55.8837 27.8837 0
      vertex 57.1859 29.4215 0
    endloop
  endfacet
  facet normal 0 0 -1
    outer loop
      vertex 55.6399 28.1527 0
      vertex 57.1859 29.4215 0
      vertex 55.8837 27.8837 0
    endloop
  endfacet
  facet normal -0 0 -1
    outer loop
      vertex 57.1859 29.4215 0
      vertex 55.6399 28.1527 0
      vertex 57.0865 29.5555 0
    endloop
  endfacet
  facet normal -0 0 -1
    outer loop
      vertex 57.0865 29.5555 0
      vertex 55.4236 28.4444 0
      vertex 57.0007 29.6986 0
    endloop
  endfacet
  facet normal 0 0 -1
    outer loop
      vertex 55.4236 28.4444 0
      vertex 57.0865 29.5555 0
      vertex 55.6399 28.1527 0
    endloop
  endfacet
  facet normal 0 0 -1
    outer loop
      vertex 60.0706 -31.1506 0
      vertex 62 -31.6877 0
      vertex 61.9184 -31.9159 0
    endloop
  endfacet
  facet normal 0 0 -1
    outer loop
      vertex 62 -31.6877 0
      vertex 60.2 -30.5 0
      vertex 62 -29.3123 0
    endloop
  endfacet
  facet normal 0 0 -1
    outer loop
      vertex 60.0706 -31.1506 0
      vertex 61.9184 -31.9159 0
      vertex 61.7631 -32.2442 0
    endloop
  endfacet
  facet normal 0 0 -1
    outer loop
      vertex 60.1918 -30.3334 0
      vertex 62 -29.3123 0
      vertex 60.2 -30.5 0
    endloop
  endfacet
  facet normal 0 0 -1
    outer loop
      vertex 59.9993 -31.3014 0
      vertex 61.7631 -32.2442 0
      vertex 61.5764 -32.5556 0
    endloop
  endfacet
  facet normal 0 0 -1
    outer loop
      vertex 60.1673 -30.1683 0
      vertex 62 -29.3123 0
      vertex 60.1918 -30.3334 0
    endloop
  endfacet
  facet normal 0 0 -1
    outer loop
      vertex 59.9135 -31.4445 0
      vertex 61.5764 -32.5556 0
      vertex 61.3601 -32.8473 0
    endloop
  endfacet
  facet normal 0 0 -1
    outer loop
      vertex 60.1268 -30.0065 0
      vertex 62 -29.3123 0
      vertex 60.1673 -30.1683 0
    endloop
  endfacet
  facet normal 0 0 -1
    outer loop
      vertex 59.8141 -31.5785 0
      vertex 61.3601 -32.8473 0
      vertex 61.1163 -33.1163 0
    endloop
  endfacet
  facet normal 0 0 -1
    outer loop
      vertex 60.0706 -29.8494 0
      vertex 62 -29.3123 0
      vertex 60.1268 -30.0065 0
    endloop
  endfacet
  facet normal 0 0 -1
    outer loop
      vertex 59.7021 -31.7021 0
      vertex 61.1163 -33.1163 0
      vertex 60.8473 -33.3601 0
    endloop
  endfacet
  facet normal -0 0 -1
    outer loop
      vertex 62 -29.3123 0
      vertex 60.0706 -29.8494 0
      vertex 61.9184 -29.0841 0
    endloop
  endfacet
  facet normal 0 0 -1
    outer loop
      vertex 59.5785 -31.8141 0
      vertex 60.8473 -33.3601 0
      vertex 60.5556 -33.5764 0
    endloop
  endfacet
  facet normal -0 0 -1
    outer loop
      vertex 61.9184 -29.0841 0
      vertex 60.0706 -29.8494 0
      vertex 61.7631 -28.7558 0
    endloop
  endfacet
  facet normal 0 0 -1
    outer loop
      vertex 59.4445 -31.9135 0
      vertex 60.5556 -33.5764 0
      vertex 60.2442 -33.7631 0
    endloop
  endfacet
  facet normal 0 0 -1
    outer loop
      vertex 59.9993 -29.6986 0
      vertex 61.7631 -28.7558 0
      vertex 60.0706 -29.8494 0
    endloop
  endfacet
  facet normal -0 0 -1
    outer loop
      vertex 61.7631 -28.7558 0
      vertex 59.9993 -29.6986 0
      vertex 61.5764 -28.4444 0
    endloop
  endfacet
  facet normal 0 0 -1
    outer loop
      vertex 62 -31.6877 0
      vertex 60.1918 -30.6666 0
      vertex 60.2 -30.5 0
    endloop
  endfacet
  facet normal 0 0 -1
    outer loop
      vertex 62 -31.6877 0
      vertex 60.1673 -30.8317 0
      vertex 60.1918 -30.6666 0
    endloop
  endfacet
  facet normal 0 0 -1
    outer loop
      vertex 62 -31.6877 0
      vertex 60.1268 -30.9935 0
      vertex 60.1673 -30.8317 0
    endloop
  endfacet
  facet normal 0 0 -1
    outer loop
      vertex 62 -31.6877 0
      vertex 60.0706 -31.1506 0
      vertex 60.1268 -30.9935 0
    endloop
  endfacet
  facet normal 0 0 -1
    outer loop
      vertex 61.7631 -32.2442 0
      vertex 59.9993 -31.3014 0
      vertex 60.0706 -31.1506 0
    endloop
  endfacet
  facet normal 0 0 -1
    outer loop
      vertex 59.3014 -31.9993 0
      vertex 60.2442 -33.7631 0
      vertex 59.9159 -33.9184 0
    endloop
  endfacet
  facet normal 0 0 -1
    outer loop
      vertex 61.5764 -32.5556 0
      vertex 59.9135 -31.4445 0
      vertex 59.9993 -31.3014 0
    endloop
  endfacet
  facet normal 0 0 -1
    outer loop
      vertex 61.3601 -32.8473 0
      vertex 59.8141 -31.5785 0
      vertex 59.9135 -31.4445 0
    endloop
  endfacet
  facet normal 0 0 -1
    outer loop
      vertex 61.1163 -33.1163 0
      vertex 59.7021 -31.7021 0
      vertex 59.8141 -31.5785 0
    endloop
  endfacet
  facet normal 0 0 -1
    outer loop
      vertex 59.1506 -32.0706 0
      vertex 59.9159 -33.9184 0
      vertex 59.6877 -34 0
    endloop
  endfacet
  facet normal 0 0 -1
    outer loop
      vertex 60.8473 -33.3601 0
      vertex 59.5785 -31.8141 0
      vertex 59.7021 -31.7021 0
    endloop
  endfacet
  facet normal 0 0 -1
    outer loop
      vertex 62 -37 0
      vertex 59.6877 -34 0
      vertex 62 -34 0
    endloop
  endfacet
  facet normal 0 0 -1
    outer loop
      vertex 60.5556 -33.5764 0
      vertex 59.4445 -31.9135 0
      vertex 59.5785 -31.8141 0
    endloop
  endfacet
  facet normal 0 0 -1
    outer loop
      vertex 60.2442 -33.7631 0
      vertex 59.3014 -31.9993 0
      vertex 59.4445 -31.9135 0
    endloop
  endfacet
  facet normal 0 0 -1
    outer loop
      vertex 59.9159 -33.9184 0
      vertex 59.1506 -32.0706 0
      vertex 59.3014 -31.9993 0
    endloop
  endfacet
  facet normal 0 0 -1
    outer loop
      vertex 59.6877 -34 0
      vertex 58.9935 -32.1268 0
      vertex 59.1506 -32.0706 0
    endloop
  endfacet
  facet normal 0 0 -1
    outer loop
      vertex 59.6877 -34 0
      vertex 58.8317 -32.1673 0
      vertex 58.9935 -32.1268 0
    endloop
  endfacet
  facet normal 0 0 -1
    outer loop
      vertex 59.6877 -34 0
      vertex 58.6666 -32.1918 0
      vertex 58.8317 -32.1673 0
    endloop
  endfacet
  facet normal 0 0 -1
    outer loop
      vertex 59.6877 -34 0
      vertex 58.5 -32.2 0
      vertex 58.6666 -32.1918 0
    endloop
  endfacet
  facet normal 0 0 -1
    outer loop
      vertex 57.3123 -34 0
      vertex 58.5 -32.2 0
      vertex 59.6877 -34 0
    endloop
  endfacet
  facet normal -0 0 -1
    outer loop
      vertex 58.5 -32.2 0
      vertex 57.3123 -34 0
      vertex 58.3334 -32.1918 0
    endloop
  endfacet
  facet normal 0 0 -1
    outer loop
      vertex 57.3123 -34 0
      vertex 59.6877 -34 0
      vertex 62 -37 0
    endloop
  endfacet
  facet normal -0 0 -1
    outer loop
      vertex 58.3334 -32.1918 0
      vertex 57.3123 -34 0
      vertex 58.1683 -32.1673 0
    endloop
  endfacet
  facet normal -0 0 -1
    outer loop
      vertex 58.1683 -32.1673 0
      vertex 57.3123 -34 0
      vertex 58.0065 -32.1268 0
    endloop
  endfacet
  facet normal -0 0 -1
    outer loop
      vertex 58.0065 -32.1268 0
      vertex 57.3123 -34 0
      vertex 57.8494 -32.0706 0
    endloop
  endfacet
  facet normal 0 0 -1
    outer loop
      vertex 57.0841 -33.9184 0
      vertex 57.8494 -32.0706 0
      vertex 57.3123 -34 0
    endloop
  endfacet
  facet normal -0 0 -1
    outer loop
      vertex 57.8494 -32.0706 0
      vertex 57.0841 -33.9184 0
      vertex 57.6986 -31.9993 0
    endloop
  endfacet
  facet normal 0 0 -1
    outer loop
      vertex 56.7558 -33.7631 0
      vertex 57.6986 -31.9993 0
      vertex 57.0841 -33.9184 0
    endloop
  endfacet
  facet normal 0 0 -1
    outer loop
      vertex 62 -37 0
      vertex -57.3123 -34 0
      vertex 57.3123 -34 0
    endloop
  endfacet
  facet normal 0 0 -1
    outer loop
      vertex -56.4444 -33.5764 0
      vertex -57.5555 -31.9135 0
      vertex -57.4215 -31.8141 0
    endloop
  endfacet
  facet normal 0 0 -1
    outer loop
      vertex -56.7558 -33.7631 0
      vertex -57.6986 -31.9993 0
      vertex -57.5555 -31.9135 0
    endloop
  endfacet
  facet normal 0 0 -1
    outer loop
      vertex -57.0841 -33.9184 0
      vertex -57.8494 -32.0706 0
      vertex -57.6986 -31.9993 0
    endloop
  endfacet
  facet normal 0 0 -1
    outer loop
      vertex -57.3123 -34 0
      vertex -58.0065 -32.1268 0
      vertex -57.8494 -32.0706 0
    endloop
  endfacet
  facet normal 0 0 -1
    outer loop
      vertex -57.3123 -34 0
      vertex -58.1683 -32.1673 0
      vertex -58.0065 -32.1268 0
    endloop
  endfacet
  facet normal 0 0 -1
    outer loop
      vertex -57.3123 -34 0
      vertex -58.3334 -32.1918 0
      vertex -58.1683 -32.1673 0
    endloop
  endfacet
  facet normal 0 0 -1
    outer loop
      vertex -57.3123 -34 0
      vertex -58.5 -32.2 0
      vertex -58.3334 -32.1918 0
    endloop
  endfacet
  facet normal 0 0 -1
    outer loop
      vertex -59.6877 -34 0
      vertex -58.5 -32.2 0
      vertex -57.3123 -34 0
    endloop
  endfacet
  facet normal -0 0 -1
    outer loop
      vertex -58.5 -32.2 0
      vertex -59.6877 -34 0
      vertex -58.6666 -32.1918 0
    endloop
  endfacet
  facet normal -0 0 -1
    outer loop
      vertex -58.6666 -32.1918 0
      vertex -59.6877 -34 0
      vertex -58.8317 -32.1673 0
    endloop
  endfacet
  facet normal -0 0 -1
    outer loop
      vertex -58.8317 -32.1673 0
      vertex -59.6877 -34 0
      vertex -58.9935 -32.1268 0
    endloop
  endfacet
  facet normal -0 0 -1
    outer loop
      vertex -58.9935 -32.1268 0
      vertex -59.6877 -34 0
      vertex -59.1506 -32.0706 0
    endloop
  endfacet
  facet normal 0 0 -1
    outer loop
      vertex -59.9159 -33.9184 0
      vertex -59.1506 -32.0706 0
      vertex -59.6877 -34 0
    endloop
  endfacet
  facet normal -0 0 -1
    outer loop
      vertex -59.1506 -32.0706 0
      vertex -59.9159 -33.9184 0
      vertex -59.3014 -31.9993 0
    endloop
  endfacet
  facet normal 0 0 -1
    outer loop
      vertex -60.2442 -33.7631 0
      vertex -59.3014 -31.9993 0
      vertex -59.9159 -33.9184 0
    endloop
  endfacet
  facet normal 0 0 -1
    outer loop
      vertex -62 -37 0
      vertex -57.3123 -34 0
      vertex 62 -37 0
    endloop
  endfacet
  facet normal -0 0 -1
    outer loop
      vertex -57.3123 -34 0
      vertex -62 -37 0
      vertex -59.6877 -34 0
    endloop
  endfacet
  facet normal 0 0 -1
    outer loop
      vertex -62 -37 0
      vertex -62 -34 0
      vertex -59.6877 -34 0
    endloop
  endfacet
  facet normal 0 0 -1
    outer loop
      vertex -62.2941 -36.9856 0
      vertex -62 -34 0
      vertex -62 -37 0
    endloop
  endfacet
  facet normal 0 0 -1
    outer loop
      vertex -62.5853 -36.9424 0
      vertex -62 -34 0
      vertex -62.2941 -36.9856 0
    endloop
  endfacet
  facet normal -0 0 -1
    outer loop
      vertex -62 -31.6877 0
      vertex -65 -34 0
      vertex -62 -29.3123 0
    endloop
  endfacet
  facet normal -0 0 -1
    outer loop
      vertex -62 -29.3123 0
      vertex -65 -34 0
      vertex -62 29.3123 0
    endloop
  endfacet
  facet normal 0 0 -1
    outer loop
      vertex -65 34 0
      vertex -62 29.3123 0
      vertex -65 -34 0
    endloop
  endfacet
  facet normal 0 0 -1
    outer loop
      vertex -62 29.3123 0
      vertex -65 34 0
      vertex -62 31.6877 0
    endloop
  endfacet
  facet normal 0 0 -1
    outer loop
      vertex -62.8709 -36.8708 0
      vertex -62 -34 0
      vertex -62.5853 -36.9424 0
    endloop
  endfacet
  facet normal 0 0 -1
    outer loop
      vertex -62 31.6877 0
      vertex -65 34 0
      vertex -62 34 0
    endloop
  endfacet
  facet normal 0 0 -1
    outer loop
      vertex -63.148 -36.7716 0
      vertex -62 -34 0
      vertex -62.8709 -36.8708 0
    endloop
  endfacet
  facet normal 0 -0 -1
    outer loop
      vertex -64.9855 34.2941 0
      vertex -62 34 0
      vertex -65 34 0
    endloop
  endfacet
  facet normal 0 0 -1
    outer loop
      vertex -63.4142 -36.6458 0
      vertex -62 -34 0
      vertex -63.148 -36.7716 0
    endloop
  endfacet
  facet normal 0 0 -1
    outer loop
      vertex -62 34 0
      vertex -62.2941 36.9856 0
      vertex -62 37 0
    endloop
  endfacet
  facet normal 0 0 -1
    outer loop
      vertex -63.6667 -36.4944 0
      vertex -62 -34 0
      vertex -63.4142 -36.6458 0
    endloop
  endfacet
  facet normal 0 0 -1
    outer loop
      vertex -62 34 0
      vertex -62.5853 36.9424 0
      vertex -62.2941 36.9856 0
    endloop
  endfacet
  facet normal 0 0 -1
    outer loop
      vertex -63.9032 -36.319 0
      vertex -62 -34 0
      vertex -63.6667 -36.4944 0
    endloop
  endfacet
  facet normal 0 0 -1
    outer loop
      vertex -62 34 0
      vertex -62.8709 36.8708 0
      vertex -62.5853 36.9424 0
    endloop
  endfacet
  facet normal 0 0 -1
    outer loop
      vertex -64.1213 -36.1213 0
      vertex -62 -34 0
      vertex -63.9032 -36.319 0
    endloop
  endfacet
  facet normal 0 0 -1
    outer loop
      vertex -62 34 0
      vertex -63.148 36.7716 0
      vertex -62.8709 36.8708 0
    endloop
  endfacet
  facet normal 0 0 -1
    outer loop
      vertex -64.319 -35.9032 0
      vertex -62 -34 0
      vertex -64.1213 -36.1213 0
    endloop
  endfacet
  facet normal 0 0 -1
    outer loop
      vertex -62 34 0
      vertex -63.4142 36.6458 0
      vertex -63.148 36.7716 0
    endloop
  endfacet
  facet normal 0 0 -1
    outer loop
      vertex -64.4944 -35.6667 0
      vertex -62 -34 0
      vertex -64.319 -35.9032 0
    endloop
  endfacet
  facet normal 0 0 -1
    outer loop
      vertex -62 34 0
      vertex -63.6667 36.4944 0
      vertex -63.4142 36.6458 0
    endloop
  endfacet
  facet normal 0 0 -1
    outer loop
      vertex -64.6458 -35.4142 0
      vertex -62 -34 0
      vertex -64.4944 -35.6667 0
    endloop
  endfacet
  facet normal 0 0 -1
    outer loop
      vertex -62 34 0
      vertex -63.9032 36.319 0
      vertex -63.6667 36.4944 0
    endloop
  endfacet
  facet normal 0 0 -1
    outer loop
      vertex -64.7716 -35.148 0
      vertex -62 -34 0
      vertex -64.6458 -35.4142 0
    endloop
  endfacet
  facet normal 0 0 -1
    outer loop
      vertex -62 34 0
      vertex -64.1213 36.1213 0
      vertex -63.9032 36.319 0
    endloop
  endfacet
  facet normal 0 0 -1
    outer loop
      vertex -64.8708 -34.8709 0
      vertex -62 -34 0
      vertex -64.7716 -35.148 0
    endloop
  endfacet
  facet normal 0 0 -1
    outer loop
      vertex -62 34 0
      vertex -64.319 35.9032 0
      vertex -64.1213 36.1213 0
    endloop
  endfacet
  facet normal 0 0 -1
    outer loop
      vertex -64.9424 -34.5853 0
      vertex -62 -34 0
      vertex -64.8708 -34.8709 0
    endloop
  endfacet
  facet normal 0 0 -1
    outer loop
      vertex -62 34 0
      vertex -64.4944 35.6667 0
      vertex -64.319 35.9032 0
    endloop
  endfacet
  facet normal 0 0 -1
    outer loop
      vertex -64.9855 -34.2941 0
      vertex -62 -34 0
      vertex -64.9424 -34.5853 0
    endloop
  endfacet
  facet normal 0 0 -1
    outer loop
      vertex -62 34 0
      vertex -64.6458 35.4142 0
      vertex -64.4944 35.6667 0
    endloop
  endfacet
  facet normal 0 0 -1
    outer loop
      vertex -65 -34 0
      vertex -62 -34 0
      vertex -64.9855 -34.2941 0
    endloop
  endfacet
  facet normal 0 0 -1
    outer loop
      vertex -62 34 0
      vertex -64.7716 35.148 0
      vertex -64.6458 35.4142 0
    endloop
  endfacet
  facet normal 0 0 -1
    outer loop
      vertex -62 -34 0
      vertex -65 -34 0
      vertex -62 -31.6877 0
    endloop
  endfacet
  facet normal 0 0 -1
    outer loop
      vertex -62 34 0
      vertex -64.8708 34.8709 0
      vertex -64.7716 35.148 0
    endloop
  endfacet
  facet normal 0 0 -1
    outer loop
      vertex -62 34 0
      vertex -64.9424 34.5853 0
      vertex -64.8708 34.8709 0
    endloop
  endfacet
  facet normal 0 0 -1
    outer loop
      vertex -62 34 0
      vertex -64.9855 34.2941 0
      vertex -64.9424 34.5853 0
    endloop
  endfacet
  facet normal 0 0 -1
    outer loop
      vertex 62 -34 0
      vertex 65 -34 0
      vertex 64.9855 -34.2941 0
    endloop
  endfacet
  facet normal 0 0 -1
    outer loop
      vertex 65 -34 0
      vertex 62 -29.3123 0
      vertex 65 34 0
    endloop
  endfacet
  facet normal 0 0 -1
    outer loop
      vertex 62 -34 0
      vertex 64.9855 -34.2941 0
      vertex 64.9424 -34.5853 0
    endloop
  endfacet
  facet normal 0 0 -1
    outer loop
      vertex 62 29.3123 0
      vertex 65 34 0
      vertex 62 -29.3123 0
    endloop
  endfacet
  facet normal 0 0 -1
    outer loop
      vertex 62 -34 0
      vertex 64.9424 -34.5853 0
      vertex 64.8708 -34.8709 0
    endloop
  endfacet
  facet normal 0 0 -1
    outer loop
      vertex 62 31.6877 0
      vertex 65 34 0
      vertex 62 29.3123 0
    endloop
  endfacet
  facet normal 0 0 -1
    outer loop
      vertex 62 -34 0
      vertex 64.8708 -34.8709 0
      vertex 64.7716 -35.148 0
    endloop
  endfacet
  facet normal 0 0 -1
    outer loop
      vertex 62 34 0
      vertex 65 34 0
      vertex 62 31.6877 0
    endloop
  endfacet
  facet normal 0 0 -1
    outer loop
      vertex 62 -34 0
      vertex 64.7716 -35.148 0
      vertex 64.6458 -35.4142 0
    endloop
  endfacet
  facet normal 0 0 -1
    outer loop
      vertex 65 34 0
      vertex 62 34 0
      vertex 64.9855 34.2941 0
    endloop
  endfacet
  facet normal 0 0 -1
    outer loop
      vertex 62 -34 0
      vertex 64.6458 -35.4142 0
      vertex 64.4944 -35.6667 0
    endloop
  endfacet
  facet normal -0 0 -1
    outer loop
      vertex 64.9855 34.2941 0
      vertex 62 34 0
      vertex 64.9424 34.5853 0
    endloop
  endfacet
  facet normal 0 0 -1
    outer loop
      vertex 62 -34 0
      vertex 64.4944 -35.6667 0
      vertex 64.319 -35.9032 0
    endloop
  endfacet
  facet normal -0 0 -1
    outer loop
      vertex 64.9424 34.5853 0
      vertex 62 34 0
      vertex 64.8708 34.8709 0
    endloop
  endfacet
  facet normal 0 0 -1
    outer loop
      vertex 62 -34 0
      vertex 64.319 -35.9032 0
      vertex 64.1213 -36.1213 0
    endloop
  endfacet
  facet normal -0 0 -1
    outer loop
      vertex 64.8708 34.8709 0
      vertex 62 34 0
      vertex 64.7716 35.148 0
    endloop
  endfacet
  facet normal 0 0 -1
    outer loop
      vertex 62 -34 0
      vertex 64.1213 -36.1213 0
      vertex 63.9032 -36.319 0
    endloop
  endfacet
  facet normal -0 0 -1
    outer loop
      vertex 64.7716 35.148 0
      vertex 62 34 0
      vertex 64.6458 35.4142 0
    endloop
  endfacet
  facet normal 0 0 -1
    outer loop
      vertex 62 -34 0
      vertex 63.9032 -36.319 0
      vertex 63.6667 -36.4944 0
    endloop
  endfacet
  facet normal -0 0 -1
    outer loop
      vertex 64.6458 35.4142 0
      vertex 62 34 0
      vertex 64.4944 35.6667 0
    endloop
  endfacet
  facet normal 0 0 -1
    outer loop
      vertex 62 -34 0
      vertex 63.6667 -36.4944 0
      vertex 63.4142 -36.6458 0
    endloop
  endfacet
  facet normal -0 0 -1
    outer loop
      vertex 64.4944 35.6667 0
      vertex 62 34 0
      vertex 64.319 35.9032 0
    endloop
  endfacet
  facet normal 0 0 -1
    outer loop
      vertex 62 -34 0
      vertex 63.4142 -36.6458 0
      vertex 63.148 -36.7716 0
    endloop
  endfacet
  facet normal -0 0 -1
    outer loop
      vertex 64.319 35.9032 0
      vertex 62 34 0
      vertex 64.1213 36.1213 0
    endloop
  endfacet
  facet normal 0 0 -1
    outer loop
      vertex 62 -34 0
      vertex 63.148 -36.7716 0
      vertex 62.8709 -36.8708 0
    endloop
  endfacet
  facet normal -0 0 -1
    outer loop
      vertex 64.1213 36.1213 0
      vertex 62 34 0
      vertex 63.9032 36.319 0
    endloop
  endfacet
  facet normal 0 0 -1
    outer loop
      vertex 62 -34 0
      vertex 62.8709 -36.8708 0
      vertex 62.5853 -36.9424 0
    endloop
  endfacet
  facet normal -0 0 -1
    outer loop
      vertex 63.9032 36.319 0
      vertex 62 34 0
      vertex 63.6667 36.4944 0
    endloop
  endfacet
  facet normal 0 0 -1
    outer loop
      vertex 62 -34 0
      vertex 62.5853 -36.9424 0
      vertex 62.2941 -36.9856 0
    endloop
  endfacet
  facet normal -0 0 -1
    outer loop
      vertex 63.6667 36.4944 0
      vertex 62 34 0
      vertex 63.4142 36.6458 0
    endloop
  endfacet
  facet normal 0 0 -1
    outer loop
      vertex 62 -34 0
      vertex 62.2941 -36.9856 0
      vertex 62 -37 0
    endloop
  endfacet
  facet normal 0 0 -1
    outer loop
      vertex 65 -34 0
      vertex 62 -34 0
      vertex 62 -31.6877 0
    endloop
  endfacet
  facet normal 0 0 -1
    outer loop
      vertex 65 -34 0
      vertex 62 -31.6877 0
      vertex 62 -29.3123 0
    endloop
  endfacet
  facet normal -0 0 -1
    outer loop
      vertex 63.4142 36.6458 0
      vertex 62 34 0
      vertex 63.148 36.7716 0
    endloop
  endfacet
  facet normal -0 0 -1
    outer loop
      vertex 63.148 36.7716 0
      vertex 62 34 0
      vertex 62.8709 36.8708 0
    endloop
  endfacet
  facet normal -0 0 -1
    outer loop
      vertex 62.8709 36.8708 0
      vertex 62 34 0
      vertex 62.5853 36.9424 0
    endloop
  endfacet
  facet normal -0 0 -1
    outer loop
      vertex 62.5853 36.9424 0
      vertex 62 34 0
      vertex 62.2941 36.9856 0
    endloop
  endfacet
  facet normal 0 0 -1
    outer loop
      vertex 62 34 0
      vertex 62 37 0
      vertex 62.2941 36.9856 0
    endloop
  endfacet
  facet normal 0 0 -1
    outer loop
      vertex 59.6877 34 0
      vertex 62 37 0
      vertex 62 34 0
    endloop
  endfacet
  facet normal -0 0 -1
    outer loop
      vertex 60.2442 33.7631 0
      vertex 59.3014 31.9993 0
      vertex 59.9159 33.9184 0
    endloop
  endfacet
  facet normal 0 0 -1
    outer loop
      vertex 59.1506 32.0706 0
      vertex 59.9159 33.9184 0
      vertex 59.3014 31.9993 0
    endloop
  endfacet
  facet normal -0 0 -1
    outer loop
      vertex 59.9159 33.9184 0
      vertex 59.1506 32.0706 0
      vertex 59.6877 34 0
    endloop
  endfacet
  facet normal 0 0 -1
    outer loop
      vertex 58.9935 32.1268 0
      vertex 59.6877 34 0
      vertex 59.1506 32.0706 0
    endloop
  endfacet
  facet normal 0 0 -1
    outer loop
      vertex 58.8317 32.1673 0
      vertex 59.6877 34 0
      vertex 58.9935 32.1268 0
    endloop
  endfacet
  facet normal 0 0 -1
    outer loop
      vertex 58.6666 32.1918 0
      vertex 59.6877 34 0
      vertex 58.8317 32.1673 0
    endloop
  endfacet
  facet normal 0 0 -1
    outer loop
      vertex 58.5 32.2 0
      vertex 59.6877 34 0
      vertex 58.6666 32.1918 0
    endloop
  endfacet
  facet normal 0 0 -1
    outer loop
      vertex 57.3123 34 0
      vertex 58.5 32.2 0
      vertex 58.3334 32.1918 0
    endloop
  endfacet
  facet normal 0 0 -1
    outer loop
      vertex 57.3123 34 0
      vertex 58.3334 32.1918 0
      vertex 58.1683 32.1673 0
    endloop
  endfacet
  facet normal 0 0 -1
    outer loop
      vertex 58.5 32.2 0
      vertex 57.3123 34 0
      vertex 59.6877 34 0
    endloop
  endfacet
  facet normal 0 0 -1
    outer loop
      vertex 57.3123 34 0
      vertex 58.1683 32.1673 0
      vertex 58.0065 32.1268 0
    endloop
  endfacet
  facet normal 0 0 -1
    outer loop
      vertex 57.3123 34 0
      vertex 58.0065 32.1268 0
      vertex 57.8494 32.0706 0
    endloop
  endfacet
  facet normal 0 0 -1
    outer loop
      vertex 57.3123 34 0
      vertex 57.8494 32.0706 0
      vertex 57.6986 31.9993 0
    endloop
  endfacet
  facet normal 0 0 -1
    outer loop
      vertex 57.3123 34 0
      vertex 57.6986 31.9993 0
      vertex 57.5555 31.9135 0
    endloop
  endfacet
  facet normal 0 0 -1
    outer loop
      vertex 57.3123 34 0
      vertex 57.5555 31.9135 0
      vertex 57.4215 31.8141 0
    endloop
  endfacet
  facet normal 0 0 -1
    outer loop
      vertex 59.6877 34 0
      vertex 57.3123 34 0
      vertex 62 37 0
    endloop
  endfacet
  facet normal 0 0 -1
    outer loop
      vertex -57.3123 34 0
      vertex 62 37 0
      vertex 57.3123 34 0
    endloop
  endfacet
  facet normal -0 0 -1
    outer loop
      vertex -56.7558 33.7631 0
      vertex -57.6986 31.9993 0
      vertex -57.0841 33.9184 0
    endloop
  endfacet
  facet normal 0 0 -1
    outer loop
      vertex -57.8494 32.0706 0
      vertex -57.0841 33.9184 0
      vertex -57.6986 31.9993 0
    endloop
  endfacet
  facet normal -0 0 -1
    outer loop
      vertex -57.0841 33.9184 0
      vertex -57.8494 32.0706 0
      vertex -57.3123 34 0
    endloop
  endfacet
  facet normal 0 0 -1
    outer loop
      vertex -58.0065 32.1268 0
      vertex -57.3123 34 0
      vertex -57.8494 32.0706 0
    endloop
  endfacet
  facet normal 0 0 -1
    outer loop
      vertex -58.1683 32.1673 0
      vertex -57.3123 34 0
      vertex -58.0065 32.1268 0
    endloop
  endfacet
  facet normal 0 0 -1
    outer loop
      vertex -58.3334 32.1918 0
      vertex -57.3123 34 0
      vertex -58.1683 32.1673 0
    endloop
  endfacet
  facet normal 0 0 -1
    outer loop
      vertex -58.5 32.2 0
      vertex -57.3123 34 0
      vertex -58.3334 32.1918 0
    endloop
  endfacet
  facet normal 0 0 -1
    outer loop
      vertex -59.6877 34 0
      vertex -58.5 32.2 0
      vertex -58.6666 32.1918 0
    endloop
  endfacet
  facet normal 0 0 -1
    outer loop
      vertex -59.6877 34 0
      vertex -58.6666 32.1918 0
      vertex -58.8317 32.1673 0
    endloop
  endfacet
  facet normal 0 0 -1
    outer loop
      vertex -59.6877 34 0
      vertex -58.8317 32.1673 0
      vertex -58.9935 32.1268 0
    endloop
  endfacet
  facet normal 0 0 -1
    outer loop
      vertex -59.6877 34 0
      vertex -58.9935 32.1268 0
      vertex -59.1506 32.0706 0
    endloop
  endfacet
  facet normal 0 0 -1
    outer loop
      vertex -59.6877 34 0
      vertex -59.1506 32.0706 0
      vertex -59.3014 31.9993 0
    endloop
  endfacet
  facet normal 0 0 -1
    outer loop
      vertex -59.6877 34 0
      vertex -59.3014 31.9993 0
      vertex -59.4445 31.9135 0
    endloop
  endfacet
  facet normal 0 0 -1
    outer loop
      vertex -59.6877 34 0
      vertex -59.4445 31.9135 0
      vertex -59.5785 31.8141 0
    endloop
  endfacet
  facet normal 0 0 -1
    outer loop
      vertex -58.5 32.2 0
      vertex -59.6877 34 0
      vertex -57.3123 34 0
    endloop
  endfacet
  facet normal 0 0 -1
    outer loop
      vertex -62 37 0
      vertex -57.3123 34 0
      vertex -59.6877 34 0
    endloop
  endfacet
  facet normal 0 0 -1
    outer loop
      vertex -62 37 0
      vertex -59.6877 34 0
      vertex -62 34 0
    endloop
  endfacet
  facet normal 0 0 -1
    outer loop
      vertex -57.3123 34 0
      vertex -62 37 0
      vertex 62 37 0
    endloop
  endfacet
  facet normal 0 0 -1
    outer loop
      vertex 59.9135 -29.5555 0
      vertex 61.5764 -28.4444 0
      vertex 59.9993 -29.6986 0
    endloop
  endfacet
  facet normal -0 0 -1
    outer loop
      vertex 61.5764 -28.4444 0
      vertex 59.9135 -29.5555 0
      vertex 61.3601 -28.1527 0
    endloop
  endfacet
  facet normal 0 0 -1
    outer loop
      vertex 59.8141 -29.4215 0
      vertex 61.3601 -28.1527 0
      vertex 59.9135 -29.5555 0
    endloop
  endfacet
  facet normal -0 0 -1
    outer loop
      vertex 61.3601 -28.1527 0
      vertex 59.8141 -29.4215 0
      vertex 61.1163 -27.8837 0
    endloop
  endfacet
  facet normal 0 0 -1
    outer loop
      vertex 59.7021 -29.2979 0
      vertex 61.1163 -27.8837 0
      vertex 59.8141 -29.4215 0
    endloop
  endfacet
  facet normal -0 0 -1
    outer loop
      vertex 61.1163 -27.8837 0
      vertex 59.7021 -29.2979 0
      vertex 60.8473 -27.6399 0
    endloop
  endfacet
  facet normal 0 0 -1
    outer loop
      vertex 59.5785 -29.1859 0
      vertex 60.8473 -27.6399 0
      vertex 59.7021 -29.2979 0
    endloop
  endfacet
  facet normal -0 0 -1
    outer loop
      vertex 60.8473 -27.6399 0
      vertex 59.5785 -29.1859 0
      vertex 60.5556 -27.4236 0
    endloop
  endfacet
  facet normal 0 0 -1
    outer loop
      vertex 59.4445 -29.0865 0
      vertex 60.5556 -27.4236 0
      vertex 59.5785 -29.1859 0
    endloop
  endfacet
  facet normal -0 0 -1
    outer loop
      vertex 60.5556 -27.4236 0
      vertex 59.4445 -29.0865 0
      vertex 60.2442 -27.2369 0
    endloop
  endfacet
  facet normal 0 0 -1
    outer loop
      vertex 59.3014 -29.0007 0
      vertex 60.2442 -27.2369 0
      vertex 59.4445 -29.0865 0
    endloop
  endfacet
  facet normal -0 0 -1
    outer loop
      vertex 60.2442 -27.2369 0
      vertex 59.3014 -29.0007 0
      vertex 59.9159 -27.0816 0
    endloop
  endfacet
  facet normal 0 0 -1
    outer loop
      vertex 59.1506 -28.9294 0
      vertex 59.9159 -27.0816 0
      vertex 59.3014 -29.0007 0
    endloop
  endfacet
  facet normal -0 0 -1
    outer loop
      vertex 59.9159 -27.0816 0
      vertex 59.1506 -28.9294 0
      vertex 59.5741 -26.9593 0
    endloop
  endfacet
  facet normal 0 0 -1
    outer loop
      vertex 58.9935 -28.8732 0
      vertex 59.5741 -26.9593 0
      vertex 59.1506 -28.9294 0
    endloop
  endfacet
  facet normal -0 0 -1
    outer loop
      vertex 59.5741 -26.9593 0
      vertex 58.9935 -28.8732 0
      vertex 59.2218 -26.8711 0
    endloop
  endfacet
  facet normal 0 0 -1
    outer loop
      vertex 58.8317 -28.8327 0
      vertex 59.2218 -26.8711 0
      vertex 58.9935 -28.8732 0
    endloop
  endfacet
  facet normal -0 0 -1
    outer loop
      vertex 59.2218 -26.8711 0
      vertex 58.8317 -28.8327 0
      vertex 58.8627 -26.8178 0
    endloop
  endfacet
  facet normal 0 0 -1
    outer loop
      vertex 58.6666 -28.8082 0
      vertex 58.8627 -26.8178 0
      vertex 58.8317 -28.8327 0
    endloop
  endfacet
  facet normal 0 0 -1
    outer loop
      vertex 58.5 -28.8 0
      vertex 58.8627 -26.8178 0
      vertex 58.6666 -28.8082 0
    endloop
  endfacet
  facet normal 0 0 -1
    outer loop
      vertex 58.5 -28.8 0
      vertex 58.5 -26.8 0
      vertex 58.8627 -26.8178 0
    endloop
  endfacet
  facet normal 0 0 -1
    outer loop
      vertex 58.3334 -28.8082 0
      vertex 58.5 -26.8 0
      vertex 58.5 -28.8 0
    endloop
  endfacet
  facet normal 0 0 -1
    outer loop
      vertex 58.1373 -26.8178 0
      vertex 58.3334 -28.8082 0
      vertex 58.1683 -28.8327 0
    endloop
  endfacet
  facet normal 0 0 -1
    outer loop
      vertex 58.3334 -28.8082 0
      vertex 58.1373 -26.8178 0
      vertex 58.5 -26.8 0
    endloop
  endfacet
  facet normal 0 0 -1
    outer loop
      vertex 57.7782 -26.8711 0
      vertex 58.1683 -28.8327 0
      vertex 58.0065 -28.8732 0
    endloop
  endfacet
  facet normal 0 0 -1
    outer loop
      vertex 57.4259 -26.9593 0
      vertex 58.0065 -28.8732 0
      vertex 57.8494 -28.9294 0
    endloop
  endfacet
  facet normal 0 0 -1
    outer loop
      vertex 58.1683 -28.8327 0
      vertex 57.7782 -26.8711 0
      vertex 58.1373 -26.8178 0
    endloop
  endfacet
  facet normal 0 0 -1
    outer loop
      vertex 57.0841 -27.0816 0
      vertex 57.8494 -28.9294 0
      vertex 57.6986 -29.0007 0
    endloop
  endfacet
  facet normal 0 0 -1
    outer loop
      vertex 56.7558 -27.2369 0
      vertex 57.6986 -29.0007 0
      vertex 57.5555 -29.0865 0
    endloop
  endfacet
  facet normal 0 0 -1
    outer loop
      vertex 58.0065 -28.8732 0
      vertex 57.4259 -26.9593 0
      vertex 57.7782 -26.8711 0
    endloop
  endfacet
  facet normal 0 0 -1
    outer loop
      vertex 56.4444 -27.4236 0
      vertex 57.5555 -29.0865 0
      vertex 57.4215 -29.1859 0
    endloop
  endfacet
  facet normal 0 0 -1
    outer loop
      vertex 56.1527 -27.6399 0
      vertex 57.4215 -29.1859 0
      vertex 57.2979 -29.2979 0
    endloop
  endfacet
  facet normal 0 0 -1
    outer loop
      vertex 55.8837 -27.8837 0
      vertex 57.2979 -29.2979 0
      vertex 57.1859 -29.4215 0
    endloop
  endfacet
  facet normal 0 0 -1
    outer loop
      vertex 55.6399 -28.1527 0
      vertex 57.1859 -29.4215 0
      vertex 57.0865 -29.5555 0
    endloop
  endfacet
  facet normal 0 0 -1
    outer loop
      vertex 57.8494 -28.9294 0
      vertex 57.0841 -27.0816 0
      vertex 57.4259 -26.9593 0
    endloop
  endfacet
  facet normal 0 0 -1
    outer loop
      vertex 55.4236 -28.4444 0
      vertex 57.0865 -29.5555 0
      vertex 57.0007 -29.6986 0
    endloop
  endfacet
  facet normal 0 0 -1
    outer loop
      vertex 55.2369 -28.7558 0
      vertex 57.0007 -29.6986 0
      vertex 56.9294 -29.8494 0
    endloop
  endfacet
  facet normal 0 0 -1
    outer loop
      vertex 55.0816 -29.0841 0
      vertex 56.9294 -29.8494 0
      vertex 56.8732 -30.0065 0
    endloop
  endfacet
  facet normal 0 0 -1
    outer loop
      vertex 54.9593 -29.4259 0
      vertex 56.8732 -30.0065 0
      vertex 56.8327 -30.1683 0
    endloop
  endfacet
  facet normal 0 0 -1
    outer loop
      vertex 54.8711 -29.7782 0
      vertex 56.8327 -30.1683 0
      vertex 56.8082 -30.3334 0
    endloop
  endfacet
  facet normal 0 0 -1
    outer loop
      vertex 57.6986 -29.0007 0
      vertex 56.7558 -27.2369 0
      vertex 57.0841 -27.0816 0
    endloop
  endfacet
  facet normal 0 0 -1
    outer loop
      vertex 54.8178 -30.1373 0
      vertex 56.8082 -30.3334 0
      vertex 56.8 -30.5 0
    endloop
  endfacet
  facet normal 0 0 -1
    outer loop
      vertex 55.2369 -32.2442 0
      vertex 57.0007 -31.3014 0
      vertex 55.4236 -32.5556 0
    endloop
  endfacet
  facet normal -0 0 -1
    outer loop
      vertex 57.0007 -31.3014 0
      vertex 55.2369 -32.2442 0
      vertex 56.9294 -31.1506 0
    endloop
  endfacet
  facet normal 0 0 -1
    outer loop
      vertex 57.5555 -29.0865 0
      vertex 56.4444 -27.4236 0
      vertex 56.7558 -27.2369 0
    endloop
  endfacet
  facet normal 0 0 -1
    outer loop
      vertex 55.0816 -31.9159 0
      vertex 56.9294 -31.1506 0
      vertex 55.2369 -32.2442 0
    endloop
  endfacet
  facet normal 0 0 -1
    outer loop
      vertex 57.4215 -29.1859 0
      vertex 56.1527 -27.6399 0
      vertex 56.4444 -27.4236 0
    endloop
  endfacet
  facet normal -0 0 -1
    outer loop
      vertex 56.9294 -31.1506 0
      vertex 55.0816 -31.9159 0
      vertex 56.8732 -30.9935 0
    endloop
  endfacet
  facet normal 0 0 -1
    outer loop
      vertex 57.2979 -29.2979 0
      vertex 55.8837 -27.8837 0
      vertex 56.1527 -27.6399 0
    endloop
  endfacet
  facet normal 0 0 -1
    outer loop
      vertex 54.9593 -31.5741 0
      vertex 56.8732 -30.9935 0
      vertex 55.0816 -31.9159 0
    endloop
  endfacet
  facet normal 0 0 -1
    outer loop
      vertex 57.1859 -29.4215 0
      vertex 55.6399 -28.1527 0
      vertex 55.8837 -27.8837 0
    endloop
  endfacet
  facet normal -0 0 -1
    outer loop
      vertex 56.8732 -30.9935 0
      vertex 54.9593 -31.5741 0
      vertex 56.8327 -30.8317 0
    endloop
  endfacet
  facet normal 0 0 -1
    outer loop
      vertex 57.0865 -29.5555 0
      vertex 55.4236 -28.4444 0
      vertex 55.6399 -28.1527 0
    endloop
  endfacet
  facet normal 0 0 -1
    outer loop
      vertex 54.8711 -31.2218 0
      vertex 56.8327 -30.8317 0
      vertex 54.9593 -31.5741 0
    endloop
  endfacet
  facet normal 0 0 -1
    outer loop
      vertex 57.0007 -29.6986 0
      vertex 55.2369 -28.7558 0
      vertex 55.4236 -28.4444 0
    endloop
  endfacet
  facet normal -0 0 -1
    outer loop
      vertex 56.8327 -30.8317 0
      vertex 54.8711 -31.2218 0
      vertex 56.8082 -30.6666 0
    endloop
  endfacet
  facet normal 0 0 -1
    outer loop
      vertex 56.9294 -29.8494 0
      vertex 55.0816 -29.0841 0
      vertex 55.2369 -28.7558 0
    endloop
  endfacet
  facet normal 0 0 -1
    outer loop
      vertex 54.8178 -30.8627 0
      vertex 56.8082 -30.6666 0
      vertex 54.8711 -31.2218 0
    endloop
  endfacet
  facet normal 0 0 -1
    outer loop
      vertex 56.8732 -30.0065 0
      vertex 54.9593 -29.4259 0
      vertex 55.0816 -29.0841 0
    endloop
  endfacet
  facet normal -0 0 -1
    outer loop
      vertex 56.8082 -30.6666 0
      vertex 54.8178 -30.8627 0
      vertex 56.8 -30.5 0
    endloop
  endfacet
  facet normal 0 0 -1
    outer loop
      vertex 56.8327 -30.1683 0
      vertex 54.8711 -29.7782 0
      vertex 54.9593 -29.4259 0
    endloop
  endfacet
  facet normal 0 0 -1
    outer loop
      vertex 54.8 -30.5 0
      vertex 56.8 -30.5 0
      vertex 54.8178 -30.8627 0
    endloop
  endfacet
  facet normal 0 0 -1
    outer loop
      vertex 56.8082 -30.3334 0
      vertex 54.8178 -30.1373 0
      vertex 54.8711 -29.7782 0
    endloop
  endfacet
  facet normal 0 0 -1
    outer loop
      vertex 56.8 -30.5 0
      vertex 54.8 -30.5 0
      vertex 54.8178 -30.1373 0
    endloop
  endfacet
  facet normal 0 0 -1
    outer loop
      vertex 59.9135 31.4445 0
      vertex 61.5764 32.5556 0
      vertex 59.9993 31.3014 0
    endloop
  endfacet
  facet normal -0 0 -1
    outer loop
      vertex 61.5764 32.5556 0
      vertex 59.9135 31.4445 0
      vertex 61.3601 32.8473 0
    endloop
  endfacet
  facet normal 0 0 -1
    outer loop
      vertex 59.8141 31.5785 0
      vertex 61.3601 32.8473 0
      vertex 59.9135 31.4445 0
    endloop
  endfacet
  facet normal -0 0 -1
    outer loop
      vertex 61.3601 32.8473 0
      vertex 59.8141 31.5785 0
      vertex 61.1163 33.1163 0
    endloop
  endfacet
  facet normal 0 0 -1
    outer loop
      vertex 59.7021 31.7021 0
      vertex 61.1163 33.1163 0
      vertex 59.8141 31.5785 0
    endloop
  endfacet
  facet normal -0 0 -1
    outer loop
      vertex 61.1163 33.1163 0
      vertex 59.7021 31.7021 0
      vertex 60.8473 33.3601 0
    endloop
  endfacet
  facet normal 0 0 -1
    outer loop
      vertex 59.5785 31.8141 0
      vertex 60.8473 33.3601 0
      vertex 59.7021 31.7021 0
    endloop
  endfacet
  facet normal -0 0 -1
    outer loop
      vertex 60.8473 33.3601 0
      vertex 59.5785 31.8141 0
      vertex 60.5556 33.5764 0
    endloop
  endfacet
  facet normal 0 0 -1
    outer loop
      vertex 59.4445 31.9135 0
      vertex 60.5556 33.5764 0
      vertex 59.5785 31.8141 0
    endloop
  endfacet
  facet normal -0 0 -1
    outer loop
      vertex 60.5556 33.5764 0
      vertex 59.4445 31.9135 0
      vertex 60.2442 33.7631 0
    endloop
  endfacet
  facet normal 0 0 -1
    outer loop
      vertex 59.3014 31.9993 0
      vertex 60.2442 33.7631 0
      vertex 59.4445 31.9135 0
    endloop
  endfacet
  facet normal -0.803208 0.595699 0
    outer loop
      vertex -64.4944 35.6667 0
      vertex -64.319 35.9032 1.6
      vertex -64.319 35.9032 0
    endloop
  endfacet
  facet normal -0.803208 0.595699 0
    outer loop
      vertex -64.319 35.9032 1.6
      vertex -64.4944 35.6667 0
      vertex -64.4944 35.6667 1.6
    endloop
  endfacet
  facet normal -0.803208 -0.595699 0
    outer loop
      vertex -64.319 -35.9032 0
      vertex -64.4944 -35.6667 1.6
      vertex -64.4944 -35.6667 0
    endloop
  endfacet
  facet normal -0.803208 -0.595699 0
    outer loop
      vertex -64.4944 -35.6667 1.6
      vertex -64.319 -35.9032 0
      vertex -64.319 -35.9032 1.6
    endloop
  endfacet
  facet normal 0.941488 -0.337047 0
    outer loop
      vertex 64.7716 -35.148 1.6
      vertex 64.8708 -34.8709 0
      vertex 64.8708 -34.8709 1.6
    endloop
  endfacet
  facet normal 0.941488 -0.337047 0
    outer loop
      vertex 64.8708 -34.8709 0
      vertex 64.7716 -35.148 1.6
      vertex 64.7716 -35.148 0
    endloop
  endfacet
  facet normal 0.904125 -0.427269 0
    outer loop
      vertex 64.6458 -35.4142 1.6
      vertex 64.7716 -35.148 0
      vertex 64.7716 -35.148 1.6
    endloop
  endfacet
  facet normal 0.904125 -0.427269 0
    outer loop
      vertex 64.7716 -35.148 0
      vertex 64.6458 -35.4142 1.6
      vertex 64.6458 -35.4142 0
    endloop
  endfacet
  facet normal 0.146746 -0.989174 0
    outer loop
      vertex 62.2941 -36.9856 0
      vertex 62.5853 -36.9424 1.6
      vertex 62.2941 -36.9856 1.6
    endloop
  endfacet
  facet normal 0.146746 -0.989174 0
    outer loop
      vertex 62.5853 -36.9424 1.6
      vertex 62.2941 -36.9856 0
      vertex 62.5853 -36.9424 0
    endloop
  endfacet
  facet normal -0.337047 -0.941488 0
    outer loop
      vertex -63.148 -36.7716 0
      vertex -62.8709 -36.8708 1.6
      vertex -63.148 -36.7716 1.6
    endloop
  endfacet
  facet normal -0.337047 -0.941488 -0
    outer loop
      vertex -62.8709 -36.8708 1.6
      vertex -63.148 -36.7716 0
      vertex -62.8709 -36.8708 0
    endloop
  endfacet
  facet normal -0.904125 0.427269 0
    outer loop
      vertex -64.7716 35.148 0
      vertex -64.6458 35.4142 1.6
      vertex -64.6458 35.4142 0
    endloop
  endfacet
  facet normal -0.904125 0.427269 0
    outer loop
      vertex -64.6458 35.4142 1.6
      vertex -64.7716 35.148 0
      vertex -64.7716 35.148 1.6
    endloop
  endfacet
  facet normal 1 -0 0
    outer loop
      vertex 65 -34 1.6
      vertex 65 34 0
      vertex 65 34 1.6
    endloop
  endfacet
  facet normal 1 0 0
    outer loop
      vertex 65 34 0
      vertex 65 -34 1.6
      vertex 65 -34 0
    endloop
  endfacet
  facet normal 0.998787 -0.0492431 0
    outer loop
      vertex 64.9855 -34.2941 1.6
      vertex 65 -34 0
      vertex 65 -34 1.6
    endloop
  endfacet
  facet normal 0.998787 -0.0492431 0
    outer loop
      vertex 65 -34 0
      vertex 64.9855 -34.2941 1.6
      vertex 64.9855 -34.2941 0
    endloop
  endfacet
  facet normal -0.146746 -0.989174 0
    outer loop
      vertex -62.5853 -36.9424 0
      vertex -62.2941 -36.9856 1.6
      vertex -62.5853 -36.9424 1.6
    endloop
  endfacet
  facet normal -0.146746 -0.989174 -0
    outer loop
      vertex -62.2941 -36.9856 1.6
      vertex -62.5853 -36.9424 0
      vertex -62.2941 -36.9856 0
    endloop
  endfacet
  facet normal -0.969982 0.243175 0
    outer loop
      vertex -64.9424 34.5853 0
      vertex -64.8708 34.8709 1.6
      vertex -64.8708 34.8709 0
    endloop
  endfacet
  facet normal -0.969982 0.243175 0
    outer loop
      vertex -64.8708 34.8709 1.6
      vertex -64.9424 34.5853 0
      vertex -64.9424 34.5853 1.6
    endloop
  endfacet
  facet normal 0.803208 0.595699 0
    outer loop
      vertex 64.4944 35.6667 1.6
      vertex 64.319 35.9032 0
      vertex 64.319 35.9032 1.6
    endloop
  endfacet
  facet normal 0.803208 0.595699 0
    outer loop
      vertex 64.319 35.9032 0
      vertex 64.4944 35.6667 1.6
      vertex 64.4944 35.6667 0
    endloop
  endfacet
  facet normal -0.740908 -0.671607 0
    outer loop
      vertex -64.1213 -36.1213 0
      vertex -64.319 -35.9032 1.6
      vertex -64.319 -35.9032 0
    endloop
  endfacet
  facet normal -0.740908 -0.671607 0
    outer loop
      vertex -64.319 -35.9032 1.6
      vertex -64.1213 -36.1213 0
      vertex -64.1213 -36.1213 1.6
    endloop
  endfacet
  facet normal 0.337047 0.941488 -0
    outer loop
      vertex 63.148 36.7716 0
      vertex 62.8709 36.8708 1.6
      vertex 63.148 36.7716 1.6
    endloop
  endfacet
  facet normal 0.337047 0.941488 0
    outer loop
      vertex 62.8709 36.8708 1.6
      vertex 63.148 36.7716 0
      vertex 62.8709 36.8708 0
    endloop
  endfacet
  facet normal 0.243175 -0.969982 0
    outer loop
      vertex 62.5853 -36.9424 0
      vertex 62.8709 -36.8708 1.6
      vertex 62.5853 -36.9424 1.6
    endloop
  endfacet
  facet normal 0.243175 -0.969982 0
    outer loop
      vertex 62.8709 -36.8708 1.6
      vertex 62.5853 -36.9424 0
      vertex 62.8709 -36.8708 0
    endloop
  endfacet
  facet normal -0.671607 -0.740908 0
    outer loop
      vertex -64.1213 -36.1213 0
      vertex -63.9032 -36.319 1.6
      vertex -64.1213 -36.1213 1.6
    endloop
  endfacet
  facet normal -0.671607 -0.740908 -0
    outer loop
      vertex -63.9032 -36.319 1.6
      vertex -64.1213 -36.1213 0
      vertex -63.9032 -36.319 0
    endloop
  endfacet
  facet normal -0.243175 -0.969982 0
    outer loop
      vertex -62.8709 -36.8708 0
      vertex -62.5853 -36.9424 1.6
      vertex -62.8709 -36.8708 1.6
    endloop
  endfacet
  facet normal -0.243175 -0.969982 -0
    outer loop
      vertex -62.5853 -36.9424 1.6
      vertex -62.8709 -36.8708 0
      vertex -62.5853 -36.9424 0
    endloop
  endfacet
  facet normal 0.243175 0.969982 -0
    outer loop
      vertex 62.8709 36.8708 0
      vertex 62.5853 36.9424 1.6
      vertex 62.8709 36.8708 1.6
    endloop
  endfacet
  facet normal 0.243175 0.969982 0
    outer loop
      vertex 62.5853 36.9424 1.6
      vertex 62.8709 36.8708 0
      vertex 62.5853 36.9424 0
    endloop
  endfacet
  facet normal -0.427269 -0.904125 0
    outer loop
      vertex -63.4142 -36.6458 0
      vertex -63.148 -36.7716 1.6
      vertex -63.4142 -36.6458 1.6
    endloop
  endfacet
  facet normal -0.427269 -0.904125 -0
    outer loop
      vertex -63.148 -36.7716 1.6
      vertex -63.4142 -36.6458 0
      vertex -63.148 -36.7716 0
    endloop
  endfacet
  facet normal -0.595699 -0.803208 0
    outer loop
      vertex -63.9032 -36.319 0
      vertex -63.6667 -36.4944 1.6
      vertex -63.9032 -36.319 1.6
    endloop
  endfacet
  facet normal -0.595699 -0.803208 -0
    outer loop
      vertex -63.6667 -36.4944 1.6
      vertex -63.9032 -36.319 0
      vertex -63.6667 -36.4944 0
    endloop
  endfacet
  facet normal -0.989224 0.146413 0
    outer loop
      vertex -64.9855 34.2941 0
      vertex -64.9424 34.5853 1.6
      vertex -64.9424 34.5853 0
    endloop
  endfacet
  facet normal -0.989224 0.146413 0
    outer loop
      vertex -64.9424 34.5853 1.6
      vertex -64.9855 34.2941 0
      vertex -64.9855 34.2941 1.6
    endloop
  endfacet
  facet normal -0.595699 0.803208 0
    outer loop
      vertex -63.6667 36.4944 0
      vertex -63.9032 36.319 1.6
      vertex -63.6667 36.4944 1.6
    endloop
  endfacet
  facet normal -0.595699 0.803208 0
    outer loop
      vertex -63.9032 36.319 1.6
      vertex -63.6667 36.4944 0
      vertex -63.9032 36.319 0
    endloop
  endfacet
  facet normal 0.989224 -0.146413 0
    outer loop
      vertex 64.9424 -34.5853 1.6
      vertex 64.9855 -34.2941 0
      vertex 64.9855 -34.2941 1.6
    endloop
  endfacet
  facet normal 0.989224 -0.146413 0
    outer loop
      vertex 64.9855 -34.2941 0
      vertex 64.9424 -34.5853 1.6
      vertex 64.9424 -34.5853 0
    endloop
  endfacet
  facet normal 0.671607 0.740908 -0
    outer loop
      vertex 64.1213 36.1213 0
      vertex 63.9032 36.319 1.6
      vertex 64.1213 36.1213 1.6
    endloop
  endfacet
  facet normal 0.671607 0.740908 0
    outer loop
      vertex 63.9032 36.319 1.6
      vertex 64.1213 36.1213 0
      vertex 63.9032 36.319 0
    endloop
  endfacet
  facet normal 0.427269 0.904125 -0
    outer loop
      vertex 63.4142 36.6458 0
      vertex 63.148 36.7716 1.6
      vertex 63.4142 36.6458 1.6
    endloop
  endfacet
  facet normal 0.427269 0.904125 0
    outer loop
      vertex 63.148 36.7716 1.6
      vertex 63.4142 36.6458 0
      vertex 63.148 36.7716 0
    endloop
  endfacet
  facet normal 0.998787 0.0492431 0
    outer loop
      vertex 65 34 1.6
      vertex 64.9855 34.2941 0
      vertex 64.9855 34.2941 1.6
    endloop
  endfacet
  facet normal 0.998787 0.0492431 0
    outer loop
      vertex 64.9855 34.2941 0
      vertex 65 34 1.6
      vertex 65 34 0
    endloop
  endfacet
  facet normal 0.514246 0.857643 -0
    outer loop
      vertex 63.6667 36.4944 0
      vertex 63.4142 36.6458 1.6
      vertex 63.6667 36.4944 1.6
    endloop
  endfacet
  facet normal 0.514246 0.857643 0
    outer loop
      vertex 63.4142 36.6458 1.6
      vertex 63.6667 36.4944 0
      vertex 63.4142 36.6458 0
    endloop
  endfacet
  facet normal -0.904125 -0.427269 0
    outer loop
      vertex -64.6458 -35.4142 0
      vertex -64.7716 -35.148 1.6
      vertex -64.7716 -35.148 0
    endloop
  endfacet
  facet normal -0.904125 -0.427269 0
    outer loop
      vertex -64.7716 -35.148 1.6
      vertex -64.6458 -35.4142 0
      vertex -64.6458 -35.4142 1.6
    endloop
  endfacet
  facet normal -0.740908 0.671607 0
    outer loop
      vertex -64.319 35.9032 0
      vertex -64.1213 36.1213 1.6
      vertex -64.1213 36.1213 0
    endloop
  endfacet
  facet normal -0.740908 0.671607 0
    outer loop
      vertex -64.1213 36.1213 1.6
      vertex -64.319 35.9032 0
      vertex -64.319 35.9032 1.6
    endloop
  endfacet
  facet normal -0.514246 0.857643 0
    outer loop
      vertex -63.4142 36.6458 0
      vertex -63.6667 36.4944 1.6
      vertex -63.4142 36.6458 1.6
    endloop
  endfacet
  facet normal -0.514246 0.857643 0
    outer loop
      vertex -63.6667 36.4944 1.6
      vertex -63.4142 36.6458 0
      vertex -63.6667 36.4944 0
    endloop
  endfacet
  facet normal -0.998787 -0.0492431 0
    outer loop
      vertex -64.9855 -34.2941 0
      vertex -65 -34 1.6
      vertex -65 -34 0
    endloop
  endfacet
  facet normal -0.998787 -0.0492431 0
    outer loop
      vertex -65 -34 1.6
      vertex -64.9855 -34.2941 0
      vertex -64.9855 -34.2941 1.6
    endloop
  endfacet
  facet normal 0 0 1
    outer loop
      vertex 63.9 34 1.6
      vertex 65 34 1.6
      vertex 64.9855 34.2941 1.6
    endloop
  endfacet
  facet normal 0 0 1
    outer loop
      vertex 65 34 1.6
      vertex 63.9 34 1.6
      vertex 65 -34 1.6
    endloop
  endfacet
  facet normal 0 0 1
    outer loop
      vertex 63.8909 34.1862 1.6
      vertex 64.9855 34.2941 1.6
      vertex 64.9424 34.5853 1.6
    endloop
  endfacet
  facet normal 0 0 1
    outer loop
      vertex 63.9 -34 1.6
      vertex 65 -34 1.6
      vertex 63.9 34 1.6
    endloop
  endfacet
  facet normal 0 0 1
    outer loop
      vertex 63.8635 34.3707 1.6
      vertex 64.9424 34.5853 1.6
      vertex 64.8708 34.8709 1.6
    endloop
  endfacet
  facet normal 0 0 1
    outer loop
      vertex 65 -34 1.6
      vertex 63.9 -34 1.6
      vertex 64.9855 -34.2941 1.6
    endloop
  endfacet
  facet normal 0 0 1
    outer loop
      vertex 63.8182 34.5515 1.6
      vertex 64.8708 34.8709 1.6
      vertex 64.7716 35.148 1.6
    endloop
  endfacet
  facet normal -0 0 1
    outer loop
      vertex 63.8909 -34.1862 1.6
      vertex 64.9855 -34.2941 1.6
      vertex 63.9 -34 1.6
    endloop
  endfacet
  facet normal 0 0 1
    outer loop
      vertex 63.7554 34.7271 1.6
      vertex 64.7716 35.148 1.6
      vertex 64.6458 35.4142 1.6
    endloop
  endfacet
  facet normal 0 0 1
    outer loop
      vertex 64.9855 -34.2941 1.6
      vertex 63.8909 -34.1862 1.6
      vertex 64.9424 -34.5853 1.6
    endloop
  endfacet
  facet normal 0 0 1
    outer loop
      vertex 63.6757 34.8957 1.6
      vertex 64.6458 35.4142 1.6
      vertex 64.4944 35.6667 1.6
    endloop
  endfacet
  facet normal -0 0 1
    outer loop
      vertex 63.8635 -34.3707 1.6
      vertex 64.9424 -34.5853 1.6
      vertex 63.8909 -34.1862 1.6
    endloop
  endfacet
  facet normal 0 0 1
    outer loop
      vertex 63.5798 35.0556 1.6
      vertex 64.4944 35.6667 1.6
      vertex 64.319 35.9032 1.6
    endloop
  endfacet
  facet normal 0 0 1
    outer loop
      vertex 64.9424 -34.5853 1.6
      vertex 63.8635 -34.3707 1.6
      vertex 64.8708 -34.8709 1.6
    endloop
  endfacet
  facet normal 0 0 1
    outer loop
      vertex 63.4687 35.2053 1.6
      vertex 64.319 35.9032 1.6
      vertex 64.1213 36.1213 1.6
    endloop
  endfacet
  facet normal -0 0 1
    outer loop
      vertex 63.8182 -34.5515 1.6
      vertex 64.8708 -34.8709 1.6
      vertex 63.8635 -34.3707 1.6
    endloop
  endfacet
  facet normal 0 0 1
    outer loop
      vertex 63.3435 35.3435 1.6
      vertex 64.1213 36.1213 1.6
      vertex 63.9032 36.319 1.6
    endloop
  endfacet
  facet normal 0 0 1
    outer loop
      vertex 64.8708 -34.8709 1.6
      vertex 63.8182 -34.5515 1.6
      vertex 64.7716 -35.148 1.6
    endloop
  endfacet
  facet normal -0 0 1
    outer loop
      vertex 63.7554 -34.7271 1.6
      vertex 64.7716 -35.148 1.6
      vertex 63.8182 -34.5515 1.6
    endloop
  endfacet
  facet normal 0 0 1
    outer loop
      vertex 64.9855 34.2941 1.6
      vertex 63.8909 34.1862 1.6
      vertex 63.9 34 1.6
    endloop
  endfacet
  facet normal 0 0 1
    outer loop
      vertex 64.9424 34.5853 1.6
      vertex 63.8635 34.3707 1.6
      vertex 63.8909 34.1862 1.6
    endloop
  endfacet
  facet normal 0 0 1
    outer loop
      vertex 64.8708 34.8709 1.6
      vertex 63.8182 34.5515 1.6
      vertex 63.8635 34.3707 1.6
    endloop
  endfacet
  facet normal 0 0 1
    outer loop
      vertex 64.7716 35.148 1.6
      vertex 63.7554 34.7271 1.6
      vertex 63.8182 34.5515 1.6
    endloop
  endfacet
  facet normal 0 0 1
    outer loop
      vertex 64.6458 35.4142 1.6
      vertex 63.6757 34.8957 1.6
      vertex 63.7554 34.7271 1.6
    endloop
  endfacet
  facet normal 0 0 1
    outer loop
      vertex 63.2053 35.4687 1.6
      vertex 63.9032 36.319 1.6
      vertex 63.6667 36.4944 1.6
    endloop
  endfacet
  facet normal 0 0 1
    outer loop
      vertex 64.4944 35.6667 1.6
      vertex 63.5798 35.0556 1.6
      vertex 63.6757 34.8957 1.6
    endloop
  endfacet
  facet normal 0 0 1
    outer loop
      vertex 64.319 35.9032 1.6
      vertex 63.4687 35.2053 1.6
      vertex 63.5798 35.0556 1.6
    endloop
  endfacet
  facet normal 0 0 1
    outer loop
      vertex 63.0556 35.5798 1.6
      vertex 63.6667 36.4944 1.6
      vertex 63.4142 36.6458 1.6
    endloop
  endfacet
  facet normal 0 0 1
    outer loop
      vertex 64.1213 36.1213 1.6
      vertex 63.3435 35.3435 1.6
      vertex 63.4687 35.2053 1.6
    endloop
  endfacet
  facet normal 0 0 1
    outer loop
      vertex 63.9032 36.319 1.6
      vertex 63.2053 35.4687 1.6
      vertex 63.3435 35.3435 1.6
    endloop
  endfacet
  facet normal 0 0 1
    outer loop
      vertex 62.8957 35.6757 1.6
      vertex 63.4142 36.6458 1.6
      vertex 63.148 36.7716 1.6
    endloop
  endfacet
  facet normal 0 0 1
    outer loop
      vertex 63.6667 36.4944 1.6
      vertex 63.0556 35.5798 1.6
      vertex 63.2053 35.4687 1.6
    endloop
  endfacet
  facet normal 0 0 1
    outer loop
      vertex 63.4142 36.6458 1.6
      vertex 62.8957 35.6757 1.6
      vertex 63.0556 35.5798 1.6
    endloop
  endfacet
  facet normal 0 0 1
    outer loop
      vertex 62.7271 35.7554 1.6
      vertex 63.148 36.7716 1.6
      vertex 62.8709 36.8708 1.6
    endloop
  endfacet
  facet normal 0 0 1
    outer loop
      vertex 63.148 36.7716 1.6
      vertex 62.7271 35.7554 1.6
      vertex 62.8957 35.6757 1.6
    endloop
  endfacet
  facet normal 0 0 1
    outer loop
      vertex 62.5515 35.8182 1.6
      vertex 62.8709 36.8708 1.6
      vertex 62.5853 36.9424 1.6
    endloop
  endfacet
  facet normal 0 0 1
    outer loop
      vertex 62.8709 36.8708 1.6
      vertex 62.5515 35.8182 1.6
      vertex 62.7271 35.7554 1.6
    endloop
  endfacet
  facet normal 0 0 1
    outer loop
      vertex 62.5853 36.9424 1.6
      vertex 62.3707 35.8635 1.6
      vertex 62.5515 35.8182 1.6
    endloop
  endfacet
  facet normal 0 0 1
    outer loop
      vertex 62.2941 36.9856 1.6
      vertex 62.3707 35.8635 1.6
      vertex 62.5853 36.9424 1.6
    endloop
  endfacet
  facet normal 0 0 1
    outer loop
      vertex 62.2941 36.9856 1.6
      vertex 62.1862 35.8909 1.6
      vertex 62.3707 35.8635 1.6
    endloop
  endfacet
  facet normal 0 0 1
    outer loop
      vertex 62 37 1.6
      vertex 62.1862 35.8909 1.6
      vertex 62.2941 36.9856 1.6
    endloop
  endfacet
  facet normal 0 0 1
    outer loop
      vertex 62 37 1.6
      vertex 62 35.9 1.6
      vertex 62.1862 35.8909 1.6
    endloop
  endfacet
  facet normal -0 0 1
    outer loop
      vertex -62 37 1.6
      vertex 62 35.9 1.6
      vertex 62 37 1.6
    endloop
  endfacet
  facet normal 0 0 1
    outer loop
      vertex -62 37 1.6
      vertex -62 35.9 1.6
      vertex 62 35.9 1.6
    endloop
  endfacet
  facet normal 0 0 1
    outer loop
      vertex -62 37 1.6
      vertex -62.1862 35.8909 1.6
      vertex -62 35.9 1.6
    endloop
  endfacet
  facet normal -0 0 1
    outer loop
      vertex -62.2941 36.9856 1.6
      vertex -62.1862 35.8909 1.6
      vertex -62 37 1.6
    endloop
  endfacet
  facet normal 0 0 1
    outer loop
      vertex -62.2941 36.9856 1.6
      vertex -62.3707 35.8635 1.6
      vertex -62.1862 35.8909 1.6
    endloop
  endfacet
  facet normal -0 0 1
    outer loop
      vertex -62.5853 36.9424 1.6
      vertex -62.3707 35.8635 1.6
      vertex -62.2941 36.9856 1.6
    endloop
  endfacet
  facet normal 0 0 1
    outer loop
      vertex -62.3707 35.8635 1.6
      vertex -62.5853 36.9424 1.6
      vertex -62.5515 35.8182 1.6
    endloop
  endfacet
  facet normal -0 0 1
    outer loop
      vertex -62.8709 36.8708 1.6
      vertex -62.5515 35.8182 1.6
      vertex -62.5853 36.9424 1.6
    endloop
  endfacet
  facet normal 0 0 1
    outer loop
      vertex -62.5515 35.8182 1.6
      vertex -62.8709 36.8708 1.6
      vertex -62.7271 35.7554 1.6
    endloop
  endfacet
  facet normal -0 0 1
    outer loop
      vertex -63.148 36.7716 1.6
      vertex -62.7271 35.7554 1.6
      vertex -62.8709 36.8708 1.6
    endloop
  endfacet
  facet normal 0 0 1
    outer loop
      vertex -62.7271 35.7554 1.6
      vertex -63.148 36.7716 1.6
      vertex -62.8957 35.6757 1.6
    endloop
  endfacet
  facet normal -0 0 1
    outer loop
      vertex -63.4142 36.6458 1.6
      vertex -62.8957 35.6757 1.6
      vertex -63.148 36.7716 1.6
    endloop
  endfacet
  facet normal 0 0 1
    outer loop
      vertex -62.8957 35.6757 1.6
      vertex -63.4142 36.6458 1.6
      vertex -63.0556 35.5798 1.6
    endloop
  endfacet
  facet normal -0 0 1
    outer loop
      vertex -63.6667 36.4944 1.6
      vertex -63.0556 35.5798 1.6
      vertex -63.4142 36.6458 1.6
    endloop
  endfacet
  facet normal 0 0 1
    outer loop
      vertex -63.0556 35.5798 1.6
      vertex -63.6667 36.4944 1.6
      vertex -63.2053 35.4687 1.6
    endloop
  endfacet
  facet normal -0 0 1
    outer loop
      vertex -63.9032 36.319 1.6
      vertex -63.2053 35.4687 1.6
      vertex -63.6667 36.4944 1.6
    endloop
  endfacet
  facet normal 0 0 1
    outer loop
      vertex -63.2053 35.4687 1.6
      vertex -63.9032 36.319 1.6
      vertex -63.3435 35.3435 1.6
    endloop
  endfacet
  facet normal -0 0 1
    outer loop
      vertex -64.1213 36.1213 1.6
      vertex -63.3435 35.3435 1.6
      vertex -63.9032 36.319 1.6
    endloop
  endfacet
  facet normal 0 0 1
    outer loop
      vertex -63.3435 35.3435 1.6
      vertex -64.1213 36.1213 1.6
      vertex -63.4687 35.2053 1.6
    endloop
  endfacet
  facet normal -0 0 1
    outer loop
      vertex -64.319 35.9032 1.6
      vertex -63.4687 35.2053 1.6
      vertex -64.1213 36.1213 1.6
    endloop
  endfacet
  facet normal 0 0 1
    outer loop
      vertex -63.4687 35.2053 1.6
      vertex -64.319 35.9032 1.6
      vertex -63.5798 35.0556 1.6
    endloop
  endfacet
  facet normal -0 0 1
    outer loop
      vertex -64.4944 35.6667 1.6
      vertex -63.5798 35.0556 1.6
      vertex -64.319 35.9032 1.6
    endloop
  endfacet
  facet normal 0 0 1
    outer loop
      vertex -63.5798 35.0556 1.6
      vertex -64.4944 35.6667 1.6
      vertex -63.6757 34.8957 1.6
    endloop
  endfacet
  facet normal -0 0 1
    outer loop
      vertex -64.7716 35.148 1.6
      vertex -63.7554 34.7271 1.6
      vertex -64.6458 35.4142 1.6
    endloop
  endfacet
  facet normal 0 0 1
    outer loop
      vertex -63.6757 34.8957 1.6
      vertex -64.6458 35.4142 1.6
      vertex -63.7554 34.7271 1.6
    endloop
  endfacet
  facet normal -0 0 1
    outer loop
      vertex -64.6458 35.4142 1.6
      vertex -63.6757 34.8957 1.6
      vertex -64.4944 35.6667 1.6
    endloop
  endfacet
  facet normal 0 0 1
    outer loop
      vertex 64.7716 -35.148 1.6
      vertex 63.7554 -34.7271 1.6
      vertex 64.6458 -35.4142 1.6
    endloop
  endfacet
  facet normal -0 0 1
    outer loop
      vertex 63.6757 -34.8957 1.6
      vertex 64.6458 -35.4142 1.6
      vertex 63.7554 -34.7271 1.6
    endloop
  endfacet
  facet normal 0 0 1
    outer loop
      vertex 64.6458 -35.4142 1.6
      vertex 63.6757 -34.8957 1.6
      vertex 64.4944 -35.6667 1.6
    endloop
  endfacet
  facet normal -0 0 1
    outer loop
      vertex 63.5798 -35.0556 1.6
      vertex 64.4944 -35.6667 1.6
      vertex 63.6757 -34.8957 1.6
    endloop
  endfacet
  facet normal 0 0 1
    outer loop
      vertex 64.4944 -35.6667 1.6
      vertex 63.5798 -35.0556 1.6
      vertex 64.319 -35.9032 1.6
    endloop
  endfacet
  facet normal -0 0 1
    outer loop
      vertex 63.4687 -35.2053 1.6
      vertex 64.319 -35.9032 1.6
      vertex 63.5798 -35.0556 1.6
    endloop
  endfacet
  facet normal 0 0 1
    outer loop
      vertex 64.319 -35.9032 1.6
      vertex 63.4687 -35.2053 1.6
      vertex 64.1213 -36.1213 1.6
    endloop
  endfacet
  facet normal -0 0 1
    outer loop
      vertex 63.3435 -35.3435 1.6
      vertex 64.1213 -36.1213 1.6
      vertex 63.4687 -35.2053 1.6
    endloop
  endfacet
  facet normal 0 0 1
    outer loop
      vertex 64.1213 -36.1213 1.6
      vertex 63.3435 -35.3435 1.6
      vertex 63.9032 -36.319 1.6
    endloop
  endfacet
  facet normal -0 0 1
    outer loop
      vertex 63.2053 -35.4687 1.6
      vertex 63.9032 -36.319 1.6
      vertex 63.3435 -35.3435 1.6
    endloop
  endfacet
  facet normal 0 0 1
    outer loop
      vertex 63.9032 -36.319 1.6
      vertex 63.2053 -35.4687 1.6
      vertex 63.6667 -36.4944 1.6
    endloop
  endfacet
  facet normal -0 0 1
    outer loop
      vertex 63.0556 -35.5798 1.6
      vertex 63.6667 -36.4944 1.6
      vertex 63.2053 -35.4687 1.6
    endloop
  endfacet
  facet normal 0 0 1
    outer loop
      vertex 63.6667 -36.4944 1.6
      vertex 63.0556 -35.5798 1.6
      vertex 63.4142 -36.6458 1.6
    endloop
  endfacet
  facet normal -0 0 1
    outer loop
      vertex 62.8957 -35.6757 1.6
      vertex 63.4142 -36.6458 1.6
      vertex 63.0556 -35.5798 1.6
    endloop
  endfacet
  facet normal 0 0 1
    outer loop
      vertex 63.4142 -36.6458 1.6
      vertex 62.8957 -35.6757 1.6
      vertex 63.148 -36.7716 1.6
    endloop
  endfacet
  facet normal -0 0 1
    outer loop
      vertex 62.7271 -35.7554 1.6
      vertex 63.148 -36.7716 1.6
      vertex 62.8957 -35.6757 1.6
    endloop
  endfacet
  facet normal 0 0 1
    outer loop
      vertex 63.148 -36.7716 1.6
      vertex 62.7271 -35.7554 1.6
      vertex 62.8709 -36.8708 1.6
    endloop
  endfacet
  facet normal -0 0 1
    outer loop
      vertex 62.5515 -35.8182 1.6
      vertex 62.8709 -36.8708 1.6
      vertex 62.7271 -35.7554 1.6
    endloop
  endfacet
  facet normal 0 0 1
    outer loop
      vertex 62.8709 -36.8708 1.6
      vertex 62.5515 -35.8182 1.6
      vertex 62.5853 -36.9424 1.6
    endloop
  endfacet
  facet normal -0 0 1
    outer loop
      vertex 62.3707 -35.8635 1.6
      vertex 62.5853 -36.9424 1.6
      vertex 62.5515 -35.8182 1.6
    endloop
  endfacet
  facet normal 0 0 1
    outer loop
      vertex 62.3707 -35.8635 1.6
      vertex 62.2941 -36.9856 1.6
      vertex 62.5853 -36.9424 1.6
    endloop
  endfacet
  facet normal -0 0 1
    outer loop
      vertex 62.1862 -35.8909 1.6
      vertex 62.2941 -36.9856 1.6
      vertex 62.3707 -35.8635 1.6
    endloop
  endfacet
  facet normal -0 0 1
    outer loop
      vertex 62 -35.9 1.6
      vertex 62.2941 -36.9856 1.6
      vertex 62.1862 -35.8909 1.6
    endloop
  endfacet
  facet normal 0 0 1
    outer loop
      vertex 62 -35.9 1.6
      vertex 62 -37 1.6
      vertex 62.2941 -36.9856 1.6
    endloop
  endfacet
  facet normal -0 0 1
    outer loop
      vertex -62 -35.9 1.6
      vertex 62 -37 1.6
      vertex 62 -35.9 1.6
    endloop
  endfacet
  facet normal 0 0 1
    outer loop
      vertex -62 -35.9 1.6
      vertex -62 -37 1.6
      vertex 62 -37 1.6
    endloop
  endfacet
  facet normal 0 0 1
    outer loop
      vertex -62.1862 -35.8909 1.6
      vertex -62 -37 1.6
      vertex -62 -35.9 1.6
    endloop
  endfacet
  facet normal 0 0 1
    outer loop
      vertex -62.1862 -35.8909 1.6
      vertex -62.2941 -36.9856 1.6
      vertex -62 -37 1.6
    endloop
  endfacet
  facet normal 0 0 1
    outer loop
      vertex -62.3707 -35.8635 1.6
      vertex -62.2941 -36.9856 1.6
      vertex -62.1862 -35.8909 1.6
    endloop
  endfacet
  facet normal 0 0 1
    outer loop
      vertex -62.5853 -36.9424 1.6
      vertex -62.3707 -35.8635 1.6
      vertex -62.5515 -35.8182 1.6
    endloop
  endfacet
  facet normal 0 0 1
    outer loop
      vertex -62.3707 -35.8635 1.6
      vertex -62.5853 -36.9424 1.6
      vertex -62.2941 -36.9856 1.6
    endloop
  endfacet
  facet normal 0 0 1
    outer loop
      vertex -62.8709 -36.8708 1.6
      vertex -62.5515 -35.8182 1.6
      vertex -62.7271 -35.7554 1.6
    endloop
  endfacet
  facet normal 0 0 1
    outer loop
      vertex -62.5515 -35.8182 1.6
      vertex -62.8709 -36.8708 1.6
      vertex -62.5853 -36.9424 1.6
    endloop
  endfacet
  facet normal 0 0 1
    outer loop
      vertex -63.148 -36.7716 1.6
      vertex -62.7271 -35.7554 1.6
      vertex -62.8957 -35.6757 1.6
    endloop
  endfacet
  facet normal 0 0 1
    outer loop
      vertex -63.4142 -36.6458 1.6
      vertex -62.8957 -35.6757 1.6
      vertex -63.0556 -35.5798 1.6
    endloop
  endfacet
  facet normal 0 0 1
    outer loop
      vertex -62.7271 -35.7554 1.6
      vertex -63.148 -36.7716 1.6
      vertex -62.8709 -36.8708 1.6
    endloop
  endfacet
  facet normal 0 0 1
    outer loop
      vertex -63.6667 -36.4944 1.6
      vertex -63.0556 -35.5798 1.6
      vertex -63.2053 -35.4687 1.6
    endloop
  endfacet
  facet normal 0 0 1
    outer loop
      vertex -63.9032 -36.319 1.6
      vertex -63.2053 -35.4687 1.6
      vertex -63.3435 -35.3435 1.6
    endloop
  endfacet
  facet normal 0 0 1
    outer loop
      vertex -62.8957 -35.6757 1.6
      vertex -63.4142 -36.6458 1.6
      vertex -63.148 -36.7716 1.6
    endloop
  endfacet
  facet normal 0 0 1
    outer loop
      vertex -64.1213 -36.1213 1.6
      vertex -63.3435 -35.3435 1.6
      vertex -63.4687 -35.2053 1.6
    endloop
  endfacet
  facet normal 0 0 1
    outer loop
      vertex -64.319 -35.9032 1.6
      vertex -63.4687 -35.2053 1.6
      vertex -63.5798 -35.0556 1.6
    endloop
  endfacet
  facet normal 0 0 1
    outer loop
      vertex -63.0556 -35.5798 1.6
      vertex -63.6667 -36.4944 1.6
      vertex -63.4142 -36.6458 1.6
    endloop
  endfacet
  facet normal 0 0 1
    outer loop
      vertex -64.4944 -35.6667 1.6
      vertex -63.5798 -35.0556 1.6
      vertex -63.6757 -34.8957 1.6
    endloop
  endfacet
  facet normal 0 0 1
    outer loop
      vertex -64.6458 -35.4142 1.6
      vertex -63.6757 -34.8957 1.6
      vertex -63.7554 -34.7271 1.6
    endloop
  endfacet
  facet normal 0 0 1
    outer loop
      vertex -64.7716 -35.148 1.6
      vertex -63.7554 -34.7271 1.6
      vertex -63.8182 -34.5515 1.6
    endloop
  endfacet
  facet normal 0 0 1
    outer loop
      vertex -64.8708 -34.8709 1.6
      vertex -63.8182 -34.5515 1.6
      vertex -63.8635 -34.3707 1.6
    endloop
  endfacet
  facet normal 0 0 1
    outer loop
      vertex -64.9424 -34.5853 1.6
      vertex -63.8635 -34.3707 1.6
      vertex -63.8909 -34.1862 1.6
    endloop
  endfacet
  facet normal 0 0 1
    outer loop
      vertex -63.2053 -35.4687 1.6
      vertex -63.9032 -36.319 1.6
      vertex -63.6667 -36.4944 1.6
    endloop
  endfacet
  facet normal 0 0 1
    outer loop
      vertex -64.9855 -34.2941 1.6
      vertex -63.8909 -34.1862 1.6
      vertex -63.9 -34 1.6
    endloop
  endfacet
  facet normal 0 0 1
    outer loop
      vertex -63.9 34 1.6
      vertex -65 34 1.6
      vertex -63.9 -34 1.6
    endloop
  endfacet
  facet normal 0 0 1
    outer loop
      vertex -63.7554 34.7271 1.6
      vertex -64.7716 35.148 1.6
      vertex -63.8182 34.5515 1.6
    endloop
  endfacet
  facet normal 0 0 1
    outer loop
      vertex -65 -34 1.6
      vertex -63.9 -34 1.6
      vertex -65 34 1.6
    endloop
  endfacet
  facet normal -0 0 1
    outer loop
      vertex -64.8708 34.8709 1.6
      vertex -63.8182 34.5515 1.6
      vertex -64.7716 35.148 1.6
    endloop
  endfacet
  facet normal 0 -0 1
    outer loop
      vertex -64.9855 -34.2941 1.6
      vertex -63.9 -34 1.6
      vertex -65 -34 1.6
    endloop
  endfacet
  facet normal 0 0 1
    outer loop
      vertex -63.8182 34.5515 1.6
      vertex -64.8708 34.8709 1.6
      vertex -63.8635 34.3707 1.6
    endloop
  endfacet
  facet normal 0 0 1
    outer loop
      vertex -63.3435 -35.3435 1.6
      vertex -64.1213 -36.1213 1.6
      vertex -63.9032 -36.319 1.6
    endloop
  endfacet
  facet normal -0 0 1
    outer loop
      vertex -64.9424 34.5853 1.6
      vertex -63.8635 34.3707 1.6
      vertex -64.8708 34.8709 1.6
    endloop
  endfacet
  facet normal 0 0 1
    outer loop
      vertex -63.4687 -35.2053 1.6
      vertex -64.319 -35.9032 1.6
      vertex -64.1213 -36.1213 1.6
    endloop
  endfacet
  facet normal 0 0 1
    outer loop
      vertex -63.8635 34.3707 1.6
      vertex -64.9424 34.5853 1.6
      vertex -63.8909 34.1862 1.6
    endloop
  endfacet
  facet normal 0 0 1
    outer loop
      vertex -63.5798 -35.0556 1.6
      vertex -64.4944 -35.6667 1.6
      vertex -64.319 -35.9032 1.6
    endloop
  endfacet
  facet normal -0 0 1
    outer loop
      vertex -64.9855 34.2941 1.6
      vertex -63.8909 34.1862 1.6
      vertex -64.9424 34.5853 1.6
    endloop
  endfacet
  facet normal 0 0 1
    outer loop
      vertex -63.6757 -34.8957 1.6
      vertex -64.6458 -35.4142 1.6
      vertex -64.4944 -35.6667 1.6
    endloop
  endfacet
  facet normal 0 0 1
    outer loop
      vertex -63.8909 34.1862 1.6
      vertex -64.9855 34.2941 1.6
      vertex -63.9 34 1.6
    endloop
  endfacet
  facet normal 0 0 1
    outer loop
      vertex -63.7554 -34.7271 1.6
      vertex -64.7716 -35.148 1.6
      vertex -64.6458 -35.4142 1.6
    endloop
  endfacet
  facet normal 0 0 1
    outer loop
      vertex -63.9 34 1.6
      vertex -64.9855 34.2941 1.6
      vertex -65 34 1.6
    endloop
  endfacet
  facet normal 0 0 1
    outer loop
      vertex -63.8182 -34.5515 1.6
      vertex -64.8708 -34.8709 1.6
      vertex -64.7716 -35.148 1.6
    endloop
  endfacet
  facet normal 0 0 1
    outer loop
      vertex -63.8635 -34.3707 1.6
      vertex -64.9424 -34.5853 1.6
      vertex -64.8708 -34.8709 1.6
    endloop
  endfacet
  facet normal 0 0 1
    outer loop
      vertex -63.8909 -34.1862 1.6
      vertex -64.9855 -34.2941 1.6
      vertex -64.9424 -34.5853 1.6
    endloop
  endfacet
  facet normal 0 0 1
    outer loop
      vertex -56.8 -30.5 1.6
      vertex -54.8 -30.5 1.6
      vertex -54.8178 -30.1373 1.6
    endloop
  endfacet
  facet normal 0 0 1
    outer loop
      vertex -56.8082 -30.3334 1.6
      vertex -54.8178 -30.1373 1.6
      vertex -54.8711 -29.7782 1.6
    endloop
  endfacet
  facet normal 0 0 1
    outer loop
      vertex -54.8 -30.5 1.6
      vertex -56.8 -30.5 1.6
      vertex -54.8178 -30.8627 1.6
    endloop
  endfacet
  facet normal 0 0 1
    outer loop
      vertex -56.8327 -30.1683 1.6
      vertex -54.8711 -29.7782 1.6
      vertex -54.9593 -29.4259 1.6
    endloop
  endfacet
  facet normal -0 0 1
    outer loop
      vertex -56.8082 -30.6666 1.6
      vertex -54.8178 -30.8627 1.6
      vertex -56.8 -30.5 1.6
    endloop
  endfacet
  facet normal 0 0 1
    outer loop
      vertex -56.8732 -30.0065 1.6
      vertex -54.9593 -29.4259 1.6
      vertex -55.0816 -29.0841 1.6
    endloop
  endfacet
  facet normal 0 0 1
    outer loop
      vertex -54.8178 -30.8627 1.6
      vertex -56.8082 -30.6666 1.6
      vertex -54.8711 -31.2218 1.6
    endloop
  endfacet
  facet normal 0 0 1
    outer loop
      vertex -56.9294 -29.8494 1.6
      vertex -55.0816 -29.0841 1.6
      vertex -55.2369 -28.7558 1.6
    endloop
  endfacet
  facet normal -0 0 1
    outer loop
      vertex -56.8327 -30.8317 1.6
      vertex -54.8711 -31.2218 1.6
      vertex -56.8082 -30.6666 1.6
    endloop
  endfacet
  facet normal 0 0 1
    outer loop
      vertex -57.0007 -29.6986 1.6
      vertex -55.2369 -28.7558 1.6
      vertex -55.4236 -28.4444 1.6
    endloop
  endfacet
  facet normal 0 0 1
    outer loop
      vertex -54.8711 -31.2218 1.6
      vertex -56.8327 -30.8317 1.6
      vertex -54.9593 -31.5741 1.6
    endloop
  endfacet
  facet normal 0 0 1
    outer loop
      vertex -57.0865 -29.5555 1.6
      vertex -55.4236 -28.4444 1.6
      vertex -55.6399 -28.1527 1.6
    endloop
  endfacet
  facet normal -0 0 1
    outer loop
      vertex -56.8732 -30.9935 1.6
      vertex -54.9593 -31.5741 1.6
      vertex -56.8327 -30.8317 1.6
    endloop
  endfacet
  facet normal 0 0 1
    outer loop
      vertex -57.1859 -29.4215 1.6
      vertex -55.6399 -28.1527 1.6
      vertex -55.8837 -27.8837 1.6
    endloop
  endfacet
  facet normal 0 0 1
    outer loop
      vertex -54.9593 -31.5741 1.6
      vertex -56.8732 -30.9935 1.6
      vertex -55.0816 -31.9159 1.6
    endloop
  endfacet
  facet normal 0 0 1
    outer loop
      vertex -57.2979 -29.2979 1.6
      vertex -55.8837 -27.8837 1.6
      vertex -56.1527 -27.6399 1.6
    endloop
  endfacet
  facet normal -0 0 1
    outer loop
      vertex -56.9294 -31.1506 1.6
      vertex -55.0816 -31.9159 1.6
      vertex -56.8732 -30.9935 1.6
    endloop
  endfacet
  facet normal 0 0 1
    outer loop
      vertex -57.4215 -29.1859 1.6
      vertex -56.1527 -27.6399 1.6
      vertex -56.4444 -27.4236 1.6
    endloop
  endfacet
  facet normal 0 0 1
    outer loop
      vertex -55.0816 -31.9159 1.6
      vertex -56.9294 -31.1506 1.6
      vertex -55.2369 -32.2442 1.6
    endloop
  endfacet
  facet normal 0 0 1
    outer loop
      vertex -57.5555 -29.0865 1.6
      vertex -56.4444 -27.4236 1.6
      vertex -56.7558 -27.2369 1.6
    endloop
  endfacet
  facet normal -0 0 1
    outer loop
      vertex -57.0007 -31.3014 1.6
      vertex -55.2369 -32.2442 1.6
      vertex -56.9294 -31.1506 1.6
    endloop
  endfacet
  facet normal 0 0 1
    outer loop
      vertex -55.2369 -32.2442 1.6
      vertex -57.0007 -31.3014 1.6
      vertex -55.4236 -32.5556 1.6
    endloop
  endfacet
  facet normal 0 0 1
    outer loop
      vertex -54.8178 -30.1373 1.6
      vertex -56.8082 -30.3334 1.6
      vertex -56.8 -30.5 1.6
    endloop
  endfacet
  facet normal 0 0 1
    outer loop
      vertex -54.8711 -29.7782 1.6
      vertex -56.8327 -30.1683 1.6
      vertex -56.8082 -30.3334 1.6
    endloop
  endfacet
  facet normal 0 0 1
    outer loop
      vertex -54.9593 -29.4259 1.6
      vertex -56.8732 -30.0065 1.6
      vertex -56.8327 -30.1683 1.6
    endloop
  endfacet
  facet normal 0 0 1
    outer loop
      vertex -55.0816 -29.0841 1.6
      vertex -56.9294 -29.8494 1.6
      vertex -56.8732 -30.0065 1.6
    endloop
  endfacet
  facet normal 0 0 1
    outer loop
      vertex -55.2369 -28.7558 1.6
      vertex -57.0007 -29.6986 1.6
      vertex -56.9294 -29.8494 1.6
    endloop
  endfacet
  facet normal 0 0 1
    outer loop
      vertex -57.6986 -29.0007 1.6
      vertex -56.7558 -27.2369 1.6
      vertex -57.0841 -27.0816 1.6
    endloop
  endfacet
  facet normal 0 0 1
    outer loop
      vertex -55.4236 -28.4444 1.6
      vertex -57.0865 -29.5555 1.6
      vertex -57.0007 -29.6986 1.6
    endloop
  endfacet
  facet normal 0 0 1
    outer loop
      vertex -55.6399 -28.1527 1.6
      vertex -57.1859 -29.4215 1.6
      vertex -57.0865 -29.5555 1.6
    endloop
  endfacet
  facet normal 0 0 1
    outer loop
      vertex -55.8837 -27.8837 1.6
      vertex -57.2979 -29.2979 1.6
      vertex -57.1859 -29.4215 1.6
    endloop
  endfacet
  facet normal 0 0 1
    outer loop
      vertex -56.1527 -27.6399 1.6
      vertex -57.4215 -29.1859 1.6
      vertex -57.2979 -29.2979 1.6
    endloop
  endfacet
  facet normal 0 0 1
    outer loop
      vertex -57.8494 -28.9294 1.6
      vertex -57.0841 -27.0816 1.6
      vertex -57.4259 -26.9593 1.6
    endloop
  endfacet
  facet normal 0 0 1
    outer loop
      vertex -56.4444 -27.4236 1.6
      vertex -57.5555 -29.0865 1.6
      vertex -57.4215 -29.1859 1.6
    endloop
  endfacet
  facet normal 0 0 1
    outer loop
      vertex -56.7558 -27.2369 1.6
      vertex -57.6986 -29.0007 1.6
      vertex -57.5555 -29.0865 1.6
    endloop
  endfacet
  facet normal 0 0 1
    outer loop
      vertex -58.0065 -28.8732 1.6
      vertex -57.4259 -26.9593 1.6
      vertex -57.7782 -26.8711 1.6
    endloop
  endfacet
  facet normal 0 0 1
    outer loop
      vertex -57.0841 -27.0816 1.6
      vertex -57.8494 -28.9294 1.6
      vertex -57.6986 -29.0007 1.6
    endloop
  endfacet
  facet normal 0 0 1
    outer loop
      vertex -57.4259 -26.9593 1.6
      vertex -58.0065 -28.8732 1.6
      vertex -57.8494 -28.9294 1.6
    endloop
  endfacet
  facet normal 0 0 1
    outer loop
      vertex -58.1683 -28.8327 1.6
      vertex -57.7782 -26.8711 1.6
      vertex -58.1373 -26.8178 1.6
    endloop
  endfacet
  facet normal 0 0 1
    outer loop
      vertex -57.7782 -26.8711 1.6
      vertex -58.1683 -28.8327 1.6
      vertex -58.0065 -28.8732 1.6
    endloop
  endfacet
  facet normal 0 0 1
    outer loop
      vertex -58.1373 -26.8178 1.6
      vertex -58.3334 -28.8082 1.6
      vertex -58.1683 -28.8327 1.6
    endloop
  endfacet
  facet normal 0 0 1
    outer loop
      vertex -58.5 -26.8 1.6
      vertex -58.3334 -28.8082 1.6
      vertex -58.1373 -26.8178 1.6
    endloop
  endfacet
  facet normal 0 0 1
    outer loop
      vertex -58.5 -26.8 1.6
      vertex -58.5 -28.8 1.6
      vertex -58.3334 -28.8082 1.6
    endloop
  endfacet
  facet normal 0 0 1
    outer loop
      vertex -58.5 -26.8 1.6
      vertex -58.6666 -28.8082 1.6
      vertex -58.5 -28.8 1.6
    endloop
  endfacet
  facet normal -0 0 1
    outer loop
      vertex -58.8627 -26.8178 1.6
      vertex -58.6666 -28.8082 1.6
      vertex -58.5 -26.8 1.6
    endloop
  endfacet
  facet normal 0 0 1
    outer loop
      vertex -58.6666 -28.8082 1.6
      vertex -58.8627 -26.8178 1.6
      vertex -58.8317 -28.8327 1.6
    endloop
  endfacet
  facet normal -0 0 1
    outer loop
      vertex -59.2218 -26.8711 1.6
      vertex -58.8317 -28.8327 1.6
      vertex -58.8627 -26.8178 1.6
    endloop
  endfacet
  facet normal 0 0 1
    outer loop
      vertex -58.8317 -28.8327 1.6
      vertex -59.2218 -26.8711 1.6
      vertex -58.9935 -28.8732 1.6
    endloop
  endfacet
  facet normal -0 0 1
    outer loop
      vertex -59.5741 -26.9593 1.6
      vertex -58.9935 -28.8732 1.6
      vertex -59.2218 -26.8711 1.6
    endloop
  endfacet
  facet normal 0 0 1
    outer loop
      vertex -58.9935 -28.8732 1.6
      vertex -59.5741 -26.9593 1.6
      vertex -59.1506 -28.9294 1.6
    endloop
  endfacet
  facet normal -0 0 1
    outer loop
      vertex -59.9159 -27.0816 1.6
      vertex -59.1506 -28.9294 1.6
      vertex -59.5741 -26.9593 1.6
    endloop
  endfacet
  facet normal 0 0 1
    outer loop
      vertex -59.1506 -28.9294 1.6
      vertex -59.9159 -27.0816 1.6
      vertex -59.3014 -29.0007 1.6
    endloop
  endfacet
  facet normal -0 0 1
    outer loop
      vertex -60.2442 -27.2369 1.6
      vertex -59.3014 -29.0007 1.6
      vertex -59.9159 -27.0816 1.6
    endloop
  endfacet
  facet normal 0 0 1
    outer loop
      vertex -59.3014 -29.0007 1.6
      vertex -60.2442 -27.2369 1.6
      vertex -59.4445 -29.0865 1.6
    endloop
  endfacet
  facet normal -0 0 1
    outer loop
      vertex -60.5556 -27.4236 1.6
      vertex -59.4445 -29.0865 1.6
      vertex -60.2442 -27.2369 1.6
    endloop
  endfacet
  facet normal 0 0 1
    outer loop
      vertex -59.4445 -29.0865 1.6
      vertex -60.5556 -27.4236 1.6
      vertex -59.5785 -29.1859 1.6
    endloop
  endfacet
  facet normal -0 0 1
    outer loop
      vertex -60.8473 -27.6399 1.6
      vertex -59.5785 -29.1859 1.6
      vertex -60.5556 -27.4236 1.6
    endloop
  endfacet
  facet normal 0 0 1
    outer loop
      vertex -59.5785 -29.1859 1.6
      vertex -60.8473 -27.6399 1.6
      vertex -59.7021 -29.2979 1.6
    endloop
  endfacet
  facet normal -0 0 1
    outer loop
      vertex -61.1163 -27.8837 1.6
      vertex -59.7021 -29.2979 1.6
      vertex -60.8473 -27.6399 1.6
    endloop
  endfacet
  facet normal 0 0 1
    outer loop
      vertex -59.7021 -29.2979 1.6
      vertex -61.1163 -27.8837 1.6
      vertex -59.8141 -29.4215 1.6
    endloop
  endfacet
  facet normal -0 0 1
    outer loop
      vertex -61.3601 -28.1527 1.6
      vertex -59.8141 -29.4215 1.6
      vertex -61.1163 -27.8837 1.6
    endloop
  endfacet
  facet normal 0 0 1
    outer loop
      vertex -59.8141 -29.4215 1.6
      vertex -61.3601 -28.1527 1.6
      vertex -59.9135 -29.5555 1.6
    endloop
  endfacet
  facet normal 0 0 1
    outer loop
      vertex -59.9135 -29.5555 1.6
      vertex -61.5764 -28.4444 1.6
      vertex -59.9993 -29.6986 1.6
    endloop
  endfacet
  facet normal -0 0 1
    outer loop
      vertex -61.5764 -28.4444 1.6
      vertex -59.9135 -29.5555 1.6
      vertex -61.3601 -28.1527 1.6
    endloop
  endfacet
  facet normal -0 0 1
    outer loop
      vertex -57.0865 -31.4445 1.6
      vertex -55.4236 -32.5556 1.6
      vertex -57.0007 -31.3014 1.6
    endloop
  endfacet
  facet normal 0 0 1
    outer loop
      vertex -55.4236 -32.5556 1.6
      vertex -57.0865 -31.4445 1.6
      vertex -55.6399 -32.8473 1.6
    endloop
  endfacet
  facet normal -0 0 1
    outer loop
      vertex -57.1859 -31.5785 1.6
      vertex -55.6399 -32.8473 1.6
      vertex -57.0865 -31.4445 1.6
    endloop
  endfacet
  facet normal 0 0 1
    outer loop
      vertex -55.6399 -32.8473 1.6
      vertex -57.1859 -31.5785 1.6
      vertex -55.8837 -33.1163 1.6
    endloop
  endfacet
  facet normal -0 0 1
    outer loop
      vertex -57.2979 -31.7021 1.6
      vertex -55.8837 -33.1163 1.6
      vertex -57.1859 -31.5785 1.6
    endloop
  endfacet
  facet normal 0 0 1
    outer loop
      vertex -55.8837 -33.1163 1.6
      vertex -57.2979 -31.7021 1.6
      vertex -56.1527 -33.3601 1.6
    endloop
  endfacet
  facet normal -0 0 1
    outer loop
      vertex -57.4215 -31.8141 1.6
      vertex -56.1527 -33.3601 1.6
      vertex -57.2979 -31.7021 1.6
    endloop
  endfacet
  facet normal 0 0 1
    outer loop
      vertex -56.1527 -33.3601 1.6
      vertex -57.4215 -31.8141 1.6
      vertex -56.4444 -33.5764 1.6
    endloop
  endfacet
  facet normal -0 0 1
    outer loop
      vertex -57.5555 -31.9135 1.6
      vertex -56.4444 -33.5764 1.6
      vertex -57.4215 -31.8141 1.6
    endloop
  endfacet
  facet normal 0 0 1
    outer loop
      vertex -56.4444 -33.5764 1.6
      vertex -57.5555 -31.9135 1.6
      vertex -56.7558 -33.7631 1.6
    endloop
  endfacet
  facet normal -0 0 1
    outer loop
      vertex -57.6986 -31.9993 1.6
      vertex -56.7558 -33.7631 1.6
      vertex -57.5555 -31.9135 1.6
    endloop
  endfacet
  facet normal 0 0 1
    outer loop
      vertex -56.8 30.5 1.6
      vertex -54.8 30.5 1.6
      vertex -54.8178 30.8627 1.6
    endloop
  endfacet
  facet normal 0 0 1
    outer loop
      vertex -56.8082 30.6666 1.6
      vertex -54.8178 30.8627 1.6
      vertex -54.8711 31.2218 1.6
    endloop
  endfacet
  facet normal 0 0 1
    outer loop
      vertex -54.8 30.5 1.6
      vertex -56.8 30.5 1.6
      vertex -54.8178 30.1373 1.6
    endloop
  endfacet
  facet normal 0 0 1
    outer loop
      vertex -56.8327 30.8317 1.6
      vertex -54.8711 31.2218 1.6
      vertex -54.9593 31.5741 1.6
    endloop
  endfacet
  facet normal -0 0 1
    outer loop
      vertex -56.8082 30.3334 1.6
      vertex -54.8178 30.1373 1.6
      vertex -56.8 30.5 1.6
    endloop
  endfacet
  facet normal 0 0 1
    outer loop
      vertex -56.8732 30.9935 1.6
      vertex -54.9593 31.5741 1.6
      vertex -55.0816 31.9159 1.6
    endloop
  endfacet
  facet normal 0 0 1
    outer loop
      vertex -54.8178 30.1373 1.6
      vertex -56.8082 30.3334 1.6
      vertex -54.8711 29.7782 1.6
    endloop
  endfacet
  facet normal 0 0 1
    outer loop
      vertex -56.9294 31.1506 1.6
      vertex -55.0816 31.9159 1.6
      vertex -55.2369 32.2442 1.6
    endloop
  endfacet
  facet normal -0 0 1
    outer loop
      vertex -56.8327 30.1683 1.6
      vertex -54.8711 29.7782 1.6
      vertex -56.8082 30.3334 1.6
    endloop
  endfacet
  facet normal 0 0 1
    outer loop
      vertex -57.0007 31.3014 1.6
      vertex -55.2369 32.2442 1.6
      vertex -55.4236 32.5556 1.6
    endloop
  endfacet
  facet normal 0 0 1
    outer loop
      vertex -54.8711 29.7782 1.6
      vertex -56.8327 30.1683 1.6
      vertex -54.9593 29.4259 1.6
    endloop
  endfacet
  facet normal 0 0 1
    outer loop
      vertex -57.0865 31.4445 1.6
      vertex -55.4236 32.5556 1.6
      vertex -55.6399 32.8473 1.6
    endloop
  endfacet
  facet normal -0 0 1
    outer loop
      vertex -56.8732 30.0065 1.6
      vertex -54.9593 29.4259 1.6
      vertex -56.8327 30.1683 1.6
    endloop
  endfacet
  facet normal 0 0 1
    outer loop
      vertex -57.1859 31.5785 1.6
      vertex -55.6399 32.8473 1.6
      vertex -55.8837 33.1163 1.6
    endloop
  endfacet
  facet normal 0 0 1
    outer loop
      vertex -54.9593 29.4259 1.6
      vertex -56.8732 30.0065 1.6
      vertex -55.0816 29.0841 1.6
    endloop
  endfacet
  facet normal 0 0 1
    outer loop
      vertex -57.2979 31.7021 1.6
      vertex -55.8837 33.1163 1.6
      vertex -56.1527 33.3601 1.6
    endloop
  endfacet
  facet normal -0 0 1
    outer loop
      vertex -56.9294 29.8494 1.6
      vertex -55.0816 29.0841 1.6
      vertex -56.8732 30.0065 1.6
    endloop
  endfacet
  facet normal 0 0 1
    outer loop
      vertex -57.4215 31.8141 1.6
      vertex -56.1527 33.3601 1.6
      vertex -56.4444 33.5764 1.6
    endloop
  endfacet
  facet normal 0 0 1
    outer loop
      vertex -55.0816 29.0841 1.6
      vertex -56.9294 29.8494 1.6
      vertex -55.2369 28.7558 1.6
    endloop
  endfacet
  facet normal 0 0 1
    outer loop
      vertex -57.5555 31.9135 1.6
      vertex -56.4444 33.5764 1.6
      vertex -56.7558 33.7631 1.6
    endloop
  endfacet
  facet normal -0 0 1
    outer loop
      vertex -57.0007 29.6986 1.6
      vertex -55.2369 28.7558 1.6
      vertex -56.9294 29.8494 1.6
    endloop
  endfacet
  facet normal 0 0 1
    outer loop
      vertex -55.2369 28.7558 1.6
      vertex -57.0007 29.6986 1.6
      vertex -55.4236 28.4444 1.6
    endloop
  endfacet
  facet normal 0 0 1
    outer loop
      vertex -54.8178 30.8627 1.6
      vertex -56.8082 30.6666 1.6
      vertex -56.8 30.5 1.6
    endloop
  endfacet
  facet normal 0 0 1
    outer loop
      vertex -54.8711 31.2218 1.6
      vertex -56.8327 30.8317 1.6
      vertex -56.8082 30.6666 1.6
    endloop
  endfacet
  facet normal 0 0 1
    outer loop
      vertex -54.9593 31.5741 1.6
      vertex -56.8732 30.9935 1.6
      vertex -56.8327 30.8317 1.6
    endloop
  endfacet
  facet normal 0 0 1
    outer loop
      vertex -55.0816 31.9159 1.6
      vertex -56.9294 31.1506 1.6
      vertex -56.8732 30.9935 1.6
    endloop
  endfacet
  facet normal 0 0 1
    outer loop
      vertex -55.2369 32.2442 1.6
      vertex -57.0007 31.3014 1.6
      vertex -56.9294 31.1506 1.6
    endloop
  endfacet
  facet normal 0 0 1
    outer loop
      vertex -57.6986 31.9993 1.6
      vertex -56.7558 33.7631 1.6
      vertex -57.0841 33.9184 1.6
    endloop
  endfacet
  facet normal 0 0 1
    outer loop
      vertex -55.4236 32.5556 1.6
      vertex -57.0865 31.4445 1.6
      vertex -57.0007 31.3014 1.6
    endloop
  endfacet
  facet normal 0 0 1
    outer loop
      vertex -55.6399 32.8473 1.6
      vertex -57.1859 31.5785 1.6
      vertex -57.0865 31.4445 1.6
    endloop
  endfacet
  facet normal 0 0 1
    outer loop
      vertex -55.8837 33.1163 1.6
      vertex -57.2979 31.7021 1.6
      vertex -57.1859 31.5785 1.6
    endloop
  endfacet
  facet normal 0 0 1
    outer loop
      vertex -57.8494 32.0706 1.6
      vertex -57.0841 33.9184 1.6
      vertex -57.3123 34 1.6
    endloop
  endfacet
  facet normal 0 0 1
    outer loop
      vertex -56.1527 33.3601 1.6
      vertex -57.4215 31.8141 1.6
      vertex -57.2979 31.7021 1.6
    endloop
  endfacet
  facet normal -0 0 1
    outer loop
      vertex -57.0865 29.5555 1.6
      vertex -55.4236 28.4444 1.6
      vertex -57.0007 29.6986 1.6
    endloop
  endfacet
  facet normal 0 0 1
    outer loop
      vertex -55.4236 28.4444 1.6
      vertex -57.0865 29.5555 1.6
      vertex -55.6399 28.1527 1.6
    endloop
  endfacet
  facet normal -0 0 1
    outer loop
      vertex -57.1859 29.4215 1.6
      vertex -55.6399 28.1527 1.6
      vertex -57.0865 29.5555 1.6
    endloop
  endfacet
  facet normal 0 0 1
    outer loop
      vertex -55.6399 28.1527 1.6
      vertex -57.1859 29.4215 1.6
      vertex -55.8837 27.8837 1.6
    endloop
  endfacet
  facet normal -0 0 1
    outer loop
      vertex -57.2979 29.2979 1.6
      vertex -55.8837 27.8837 1.6
      vertex -57.1859 29.4215 1.6
    endloop
  endfacet
  facet normal 0 0 1
    outer loop
      vertex -55.8837 27.8837 1.6
      vertex -57.2979 29.2979 1.6
      vertex -56.1527 27.6399 1.6
    endloop
  endfacet
  facet normal -0 0 1
    outer loop
      vertex -57.4215 29.1859 1.6
      vertex -56.1527 27.6399 1.6
      vertex -57.2979 29.2979 1.6
    endloop
  endfacet
  facet normal 0 0 1
    outer loop
      vertex -56.1527 27.6399 1.6
      vertex -57.4215 29.1859 1.6
      vertex -56.4444 27.4236 1.6
    endloop
  endfacet
  facet normal -0 0 1
    outer loop
      vertex -57.5555 29.0865 1.6
      vertex -56.4444 27.4236 1.6
      vertex -57.4215 29.1859 1.6
    endloop
  endfacet
  facet normal 0 0 1
    outer loop
      vertex -56.4444 27.4236 1.6
      vertex -57.5555 29.0865 1.6
      vertex -56.7558 27.2369 1.6
    endloop
  endfacet
  facet normal -0 0 1
    outer loop
      vertex -57.6986 29.0007 1.6
      vertex -56.7558 27.2369 1.6
      vertex -57.5555 29.0865 1.6
    endloop
  endfacet
  facet normal 0 0 1
    outer loop
      vertex -56.7558 27.2369 1.6
      vertex -57.6986 29.0007 1.6
      vertex -57.0841 27.0816 1.6
    endloop
  endfacet
  facet normal -0 0 1
    outer loop
      vertex -57.8494 28.9294 1.6
      vertex -57.0841 27.0816 1.6
      vertex -57.6986 29.0007 1.6
    endloop
  endfacet
  facet normal 0 0 1
    outer loop
      vertex -57.0841 27.0816 1.6
      vertex -57.8494 28.9294 1.6
      vertex -57.4259 26.9593 1.6
    endloop
  endfacet
  facet normal -0 0 1
    outer loop
      vertex -58.0065 28.8732 1.6
      vertex -57.4259 26.9593 1.6
      vertex -57.8494 28.9294 1.6
    endloop
  endfacet
  facet normal 0 0 1
    outer loop
      vertex -57.4259 26.9593 1.6
      vertex -58.0065 28.8732 1.6
      vertex -57.7782 26.8711 1.6
    endloop
  endfacet
  facet normal -0 0 1
    outer loop
      vertex -58.1683 28.8327 1.6
      vertex -57.7782 26.8711 1.6
      vertex -58.0065 28.8732 1.6
    endloop
  endfacet
  facet normal 0 0 1
    outer loop
      vertex -57.7782 26.8711 1.6
      vertex -58.1683 28.8327 1.6
      vertex -58.1373 26.8178 1.6
    endloop
  endfacet
  facet normal -0 0 1
    outer loop
      vertex -58.3334 28.8082 1.6
      vertex -58.1373 26.8178 1.6
      vertex -58.1683 28.8327 1.6
    endloop
  endfacet
  facet normal -0 0 1
    outer loop
      vertex -58.5 28.8 1.6
      vertex -58.1373 26.8178 1.6
      vertex -58.3334 28.8082 1.6
    endloop
  endfacet
  facet normal 0 0 1
    outer loop
      vertex -58.5 28.8 1.6
      vertex -58.5 26.8 1.6
      vertex -58.1373 26.8178 1.6
    endloop
  endfacet
  facet normal 0 0 1
    outer loop
      vertex -58.6666 28.8082 1.6
      vertex -58.5 26.8 1.6
      vertex -58.5 28.8 1.6
    endloop
  endfacet
  facet normal 0 0 1
    outer loop
      vertex -58.8627 26.8178 1.6
      vertex -58.6666 28.8082 1.6
      vertex -58.8317 28.8327 1.6
    endloop
  endfacet
  facet normal 0 0 1
    outer loop
      vertex -58.6666 28.8082 1.6
      vertex -58.8627 26.8178 1.6
      vertex -58.5 26.8 1.6
    endloop
  endfacet
  facet normal 0 0 1
    outer loop
      vertex -59.2218 26.8711 1.6
      vertex -58.8317 28.8327 1.6
      vertex -58.9935 28.8732 1.6
    endloop
  endfacet
  facet normal 0 0 1
    outer loop
      vertex -59.5741 26.9593 1.6
      vertex -58.9935 28.8732 1.6
      vertex -59.1506 28.9294 1.6
    endloop
  endfacet
  facet normal 0 0 1
    outer loop
      vertex -58.8317 28.8327 1.6
      vertex -59.2218 26.8711 1.6
      vertex -58.8627 26.8178 1.6
    endloop
  endfacet
  facet normal 0 0 1
    outer loop
      vertex -59.9159 27.0816 1.6
      vertex -59.1506 28.9294 1.6
      vertex -59.3014 29.0007 1.6
    endloop
  endfacet
  facet normal 0 0 1
    outer loop
      vertex -60.2442 27.2369 1.6
      vertex -59.3014 29.0007 1.6
      vertex -59.4445 29.0865 1.6
    endloop
  endfacet
  facet normal 0 0 1
    outer loop
      vertex -58.9935 28.8732 1.6
      vertex -59.5741 26.9593 1.6
      vertex -59.2218 26.8711 1.6
    endloop
  endfacet
  facet normal 0 0 1
    outer loop
      vertex -60.5556 27.4236 1.6
      vertex -59.4445 29.0865 1.6
      vertex -59.5785 29.1859 1.6
    endloop
  endfacet
  facet normal 0 0 1
    outer loop
      vertex -60.8473 27.6399 1.6
      vertex -59.5785 29.1859 1.6
      vertex -59.7021 29.2979 1.6
    endloop
  endfacet
  facet normal 0 0 1
    outer loop
      vertex -61.1163 27.8837 1.6
      vertex -59.7021 29.2979 1.6
      vertex -59.8141 29.4215 1.6
    endloop
  endfacet
  facet normal 0 0 1
    outer loop
      vertex -61.3601 28.1527 1.6
      vertex -59.8141 29.4215 1.6
      vertex -59.9135 29.5555 1.6
    endloop
  endfacet
  facet normal 0 0 1
    outer loop
      vertex -59.1506 28.9294 1.6
      vertex -59.9159 27.0816 1.6
      vertex -59.5741 26.9593 1.6
    endloop
  endfacet
  facet normal 0 0 1
    outer loop
      vertex -61.5764 28.4444 1.6
      vertex -59.9135 29.5555 1.6
      vertex -59.9993 29.6986 1.6
    endloop
  endfacet
  facet normal 0 0 1
    outer loop
      vertex -61.7631 28.7558 1.6
      vertex -59.9993 29.6986 1.6
      vertex -60.0706 29.8494 1.6
    endloop
  endfacet
  facet normal 0 0 1
    outer loop
      vertex -62 29.3123 1.6
      vertex -60.0706 29.8494 1.6
      vertex -60.1268 30.0065 1.6
    endloop
  endfacet
  facet normal 0 0 1
    outer loop
      vertex -62 29.3123 1.6
      vertex -60.1268 30.0065 1.6
      vertex -60.1673 30.1683 1.6
    endloop
  endfacet
  facet normal 0 0 1
    outer loop
      vertex -62 29.3123 1.6
      vertex -60.1673 30.1683 1.6
      vertex -60.1918 30.3334 1.6
    endloop
  endfacet
  facet normal 0 0 1
    outer loop
      vertex -59.3014 29.0007 1.6
      vertex -60.2442 27.2369 1.6
      vertex -59.9159 27.0816 1.6
    endloop
  endfacet
  facet normal 0 0 1
    outer loop
      vertex -62 29.3123 1.6
      vertex -60.1918 30.3334 1.6
      vertex -60.2 30.5 1.6
    endloop
  endfacet
  facet normal -0 0 1
    outer loop
      vertex -61.7631 32.2442 1.6
      vertex -59.9993 31.3014 1.6
      vertex -61.5764 32.5556 1.6
    endloop
  endfacet
  facet normal 0 0 1
    outer loop
      vertex -59.9993 31.3014 1.6
      vertex -61.7631 32.2442 1.6
      vertex -60.0706 31.1506 1.6
    endloop
  endfacet
  facet normal 0 0 1
    outer loop
      vertex -59.4445 29.0865 1.6
      vertex -60.5556 27.4236 1.6
      vertex -60.2442 27.2369 1.6
    endloop
  endfacet
  facet normal -0 0 1
    outer loop
      vertex -61.9184 31.9159 1.6
      vertex -60.0706 31.1506 1.6
      vertex -61.7631 32.2442 1.6
    endloop
  endfacet
  facet normal 0 0 1
    outer loop
      vertex -59.5785 29.1859 1.6
      vertex -60.8473 27.6399 1.6
      vertex -60.5556 27.4236 1.6
    endloop
  endfacet
  facet normal -0 0 1
    outer loop
      vertex -62 31.6877 1.6
      vertex -60.0706 31.1506 1.6
      vertex -61.9184 31.9159 1.6
    endloop
  endfacet
  facet normal 0 0 1
    outer loop
      vertex -59.7021 29.2979 1.6
      vertex -61.1163 27.8837 1.6
      vertex -60.8473 27.6399 1.6
    endloop
  endfacet
  facet normal 0 0 1
    outer loop
      vertex -60.0706 31.1506 1.6
      vertex -62 31.6877 1.6
      vertex -60.1268 30.9935 1.6
    endloop
  endfacet
  facet normal 0 0 1
    outer loop
      vertex -59.8141 29.4215 1.6
      vertex -61.3601 28.1527 1.6
      vertex -61.1163 27.8837 1.6
    endloop
  endfacet
  facet normal 0 0 1
    outer loop
      vertex -60.1268 30.9935 1.6
      vertex -62 31.6877 1.6
      vertex -60.1673 30.8317 1.6
    endloop
  endfacet
  facet normal 0 0 1
    outer loop
      vertex -59.9135 29.5555 1.6
      vertex -61.5764 28.4444 1.6
      vertex -61.3601 28.1527 1.6
    endloop
  endfacet
  facet normal 0 0 1
    outer loop
      vertex -60.1673 30.8317 1.6
      vertex -62 31.6877 1.6
      vertex -60.1918 30.6666 1.6
    endloop
  endfacet
  facet normal 0 0 1
    outer loop
      vertex -59.9993 29.6986 1.6
      vertex -61.7631 28.7558 1.6
      vertex -61.5764 28.4444 1.6
    endloop
  endfacet
  facet normal 0 0 1
    outer loop
      vertex -60.1918 30.6666 1.6
      vertex -62 31.6877 1.6
      vertex -60.2 30.5 1.6
    endloop
  endfacet
  facet normal 0 0 1
    outer loop
      vertex -62 29.3123 1.6
      vertex -60.2 30.5 1.6
      vertex -62 31.6877 1.6
    endloop
  endfacet
  facet normal 0 0 1
    outer loop
      vertex -60.0706 29.8494 1.6
      vertex -62 29.3123 1.6
      vertex -61.9184 29.0841 1.6
    endloop
  endfacet
  facet normal 0 0 1
    outer loop
      vertex -60.0706 29.8494 1.6
      vertex -61.9184 29.0841 1.6
      vertex -61.7631 28.7558 1.6
    endloop
  endfacet
  facet normal 0 0 1
    outer loop
      vertex -60.8473 -33.3601 1.6
      vertex -59.5785 -31.8141 1.6
      vertex -59.7021 -31.7021 1.6
    endloop
  endfacet
  facet normal 0 0 1
    outer loop
      vertex -61.1163 -33.1163 1.6
      vertex -59.7021 -31.7021 1.6
      vertex -59.8141 -31.5785 1.6
    endloop
  endfacet
  facet normal 0 0 1
    outer loop
      vertex -61.3601 -32.8473 1.6
      vertex -59.8141 -31.5785 1.6
      vertex -59.9135 -31.4445 1.6
    endloop
  endfacet
  facet normal 0 0 1
    outer loop
      vertex -59.5785 -31.8141 1.6
      vertex -59.9159 -33.9184 1.6
      vertex -59.6877 -34 1.6
    endloop
  endfacet
  facet normal 0 0 1
    outer loop
      vertex -61.5764 -32.5556 1.6
      vertex -59.9135 -31.4445 1.6
      vertex -59.9993 -31.3014 1.6
    endloop
  endfacet
  facet normal 0 0 1
    outer loop
      vertex -61.7631 -32.2442 1.6
      vertex -59.9993 -31.3014 1.6
      vertex -60.0706 -31.1506 1.6
    endloop
  endfacet
  facet normal 0 0 1
    outer loop
      vertex -62 -31.6877 1.6
      vertex -60.0706 -31.1506 1.6
      vertex -60.1268 -30.9935 1.6
    endloop
  endfacet
  facet normal 0 0 1
    outer loop
      vertex -62 -31.6877 1.6
      vertex -60.1268 -30.9935 1.6
      vertex -60.1673 -30.8317 1.6
    endloop
  endfacet
  facet normal 0 0 1
    outer loop
      vertex -62 -31.6877 1.6
      vertex -60.1673 -30.8317 1.6
      vertex -60.1918 -30.6666 1.6
    endloop
  endfacet
  facet normal 0 0 1
    outer loop
      vertex -59.5785 -31.8141 1.6
      vertex -60.2442 -33.7631 1.6
      vertex -59.9159 -33.9184 1.6
    endloop
  endfacet
  facet normal 0 0 1
    outer loop
      vertex -62 -31.6877 1.6
      vertex -60.1918 -30.6666 1.6
      vertex -60.2 -30.5 1.6
    endloop
  endfacet
  facet normal -0 0 1
    outer loop
      vertex -61.7631 -28.7558 1.6
      vertex -59.9993 -29.6986 1.6
      vertex -61.5764 -28.4444 1.6
    endloop
  endfacet
  facet normal 0 0 1
    outer loop
      vertex -59.9993 -29.6986 1.6
      vertex -61.7631 -28.7558 1.6
      vertex -60.0706 -29.8494 1.6
    endloop
  endfacet
  facet normal 0 0 1
    outer loop
      vertex -59.5785 -31.8141 1.6
      vertex -60.5556 -33.5764 1.6
      vertex -60.2442 -33.7631 1.6
    endloop
  endfacet
  facet normal -0 0 1
    outer loop
      vertex -61.9184 -29.0841 1.6
      vertex -60.0706 -29.8494 1.6
      vertex -61.7631 -28.7558 1.6
    endloop
  endfacet
  facet normal 0 0 1
    outer loop
      vertex -59.5785 -31.8141 1.6
      vertex -60.8473 -33.3601 1.6
      vertex -60.5556 -33.5764 1.6
    endloop
  endfacet
  facet normal -0 0 1
    outer loop
      vertex -62 -29.3123 1.6
      vertex -60.0706 -29.8494 1.6
      vertex -61.9184 -29.0841 1.6
    endloop
  endfacet
  facet normal 0 0 1
    outer loop
      vertex -59.7021 -31.7021 1.6
      vertex -61.1163 -33.1163 1.6
      vertex -60.8473 -33.3601 1.6
    endloop
  endfacet
  facet normal 0 0 1
    outer loop
      vertex -60.0706 -29.8494 1.6
      vertex -62 -29.3123 1.6
      vertex -60.1268 -30.0065 1.6
    endloop
  endfacet
  facet normal 0 0 1
    outer loop
      vertex -59.8141 -31.5785 1.6
      vertex -61.3601 -32.8473 1.6
      vertex -61.1163 -33.1163 1.6
    endloop
  endfacet
  facet normal 0 0 1
    outer loop
      vertex -60.1268 -30.0065 1.6
      vertex -62 -29.3123 1.6
      vertex -60.1673 -30.1683 1.6
    endloop
  endfacet
  facet normal 0 0 1
    outer loop
      vertex -59.9135 -31.4445 1.6
      vertex -61.5764 -32.5556 1.6
      vertex -61.3601 -32.8473 1.6
    endloop
  endfacet
  facet normal 0 0 1
    outer loop
      vertex -60.1673 -30.1683 1.6
      vertex -62 -29.3123 1.6
      vertex -60.1918 -30.3334 1.6
    endloop
  endfacet
  facet normal 0 0 1
    outer loop
      vertex -59.9993 -31.3014 1.6
      vertex -61.7631 -32.2442 1.6
      vertex -61.5764 -32.5556 1.6
    endloop
  endfacet
  facet normal 0 0 1
    outer loop
      vertex -60.1918 -30.3334 1.6
      vertex -62 -29.3123 1.6
      vertex -60.2 -30.5 1.6
    endloop
  endfacet
  facet normal 0 0 1
    outer loop
      vertex -62 -31.6877 1.6
      vertex -60.2 -30.5 1.6
      vertex -62 -29.3123 1.6
    endloop
  endfacet
  facet normal 0 0 1
    outer loop
      vertex -60.0706 -31.1506 1.6
      vertex -62 -31.6877 1.6
      vertex -61.9184 -31.9159 1.6
    endloop
  endfacet
  facet normal 0 0 1
    outer loop
      vertex -60.0706 -31.1506 1.6
      vertex -61.9184 -31.9159 1.6
      vertex -61.7631 -32.2442 1.6
    endloop
  endfacet
  facet normal 0 0 1
    outer loop
      vertex -59.3014 31.9993 1.6
      vertex -60.2442 33.7631 1.6
      vertex -59.4445 31.9135 1.6
    endloop
  endfacet
  facet normal -0 0 1
    outer loop
      vertex -60.5556 33.5764 1.6
      vertex -59.4445 31.9135 1.6
      vertex -60.2442 33.7631 1.6
    endloop
  endfacet
  facet normal 0 0 1
    outer loop
      vertex -59.4445 31.9135 1.6
      vertex -60.5556 33.5764 1.6
      vertex -59.5785 31.8141 1.6
    endloop
  endfacet
  facet normal -0 0 1
    outer loop
      vertex -60.8473 33.3601 1.6
      vertex -59.5785 31.8141 1.6
      vertex -60.5556 33.5764 1.6
    endloop
  endfacet
  facet normal 0 0 1
    outer loop
      vertex -59.5785 31.8141 1.6
      vertex -60.8473 33.3601 1.6
      vertex -59.7021 31.7021 1.6
    endloop
  endfacet
  facet normal -0 0 1
    outer loop
      vertex -61.1163 33.1163 1.6
      vertex -59.7021 31.7021 1.6
      vertex -60.8473 33.3601 1.6
    endloop
  endfacet
  facet normal 0 0 1
    outer loop
      vertex -59.7021 31.7021 1.6
      vertex -61.1163 33.1163 1.6
      vertex -59.8141 31.5785 1.6
    endloop
  endfacet
  facet normal -0 0 1
    outer loop
      vertex -61.3601 32.8473 1.6
      vertex -59.8141 31.5785 1.6
      vertex -61.1163 33.1163 1.6
    endloop
  endfacet
  facet normal 0 0 1
    outer loop
      vertex -59.8141 31.5785 1.6
      vertex -61.3601 32.8473 1.6
      vertex -59.9135 31.4445 1.6
    endloop
  endfacet
  facet normal 0 0 1
    outer loop
      vertex -59.9135 31.4445 1.6
      vertex -61.5764 32.5556 1.6
      vertex -59.9993 31.3014 1.6
    endloop
  endfacet
  facet normal -0 0 1
    outer loop
      vertex -61.5764 32.5556 1.6
      vertex -59.9135 31.4445 1.6
      vertex -61.3601 32.8473 1.6
    endloop
  endfacet
  facet normal 0 0 1
    outer loop
      vertex 56.1527 -33.3601 1.6
      vertex 57.4215 -31.8141 1.6
      vertex 57.2979 -31.7021 1.6
    endloop
  endfacet
  facet normal 0 0 1
    outer loop
      vertex 55.8837 -33.1163 1.6
      vertex 57.2979 -31.7021 1.6
      vertex 57.1859 -31.5785 1.6
    endloop
  endfacet
  facet normal 0 0 1
    outer loop
      vertex 55.6399 -32.8473 1.6
      vertex 57.1859 -31.5785 1.6
      vertex 57.0865 -31.4445 1.6
    endloop
  endfacet
  facet normal 0 0 1
    outer loop
      vertex 57.4215 -31.8141 1.6
      vertex 57.0841 -33.9184 1.6
      vertex 57.3123 -34 1.6
    endloop
  endfacet
  facet normal 0 0 1
    outer loop
      vertex 55.4236 -32.5556 1.6
      vertex 57.0865 -31.4445 1.6
      vertex 57.0007 -31.3014 1.6
    endloop
  endfacet
  facet normal 0 0 1
    outer loop
      vertex 55.2369 -32.2442 1.6
      vertex 57.0007 -31.3014 1.6
      vertex 56.9294 -31.1506 1.6
    endloop
  endfacet
  facet normal 0 0 1
    outer loop
      vertex 55.0816 -31.9159 1.6
      vertex 56.9294 -31.1506 1.6
      vertex 56.8732 -30.9935 1.6
    endloop
  endfacet
  facet normal 0 0 1
    outer loop
      vertex 54.9593 -31.5741 1.6
      vertex 56.8732 -30.9935 1.6
      vertex 56.8327 -30.8317 1.6
    endloop
  endfacet
  facet normal 0 0 1
    outer loop
      vertex 54.8711 -31.2218 1.6
      vertex 56.8327 -30.8317 1.6
      vertex 56.8082 -30.6666 1.6
    endloop
  endfacet
  facet normal 0 0 1
    outer loop
      vertex 57.4215 -31.8141 1.6
      vertex 56.7558 -33.7631 1.6
      vertex 57.0841 -33.9184 1.6
    endloop
  endfacet
  facet normal 0 0 1
    outer loop
      vertex 54.8178 -30.8627 1.6
      vertex 56.8082 -30.6666 1.6
      vertex 56.8 -30.5 1.6
    endloop
  endfacet
  facet normal -0 0 1
    outer loop
      vertex 55.2369 -28.7558 1.6
      vertex 57.0007 -29.6986 1.6
      vertex 55.4236 -28.4444 1.6
    endloop
  endfacet
  facet normal 0 0 1
    outer loop
      vertex 57.0007 -29.6986 1.6
      vertex 55.2369 -28.7558 1.6
      vertex 56.9294 -29.8494 1.6
    endloop
  endfacet
  facet normal 0 0 1
    outer loop
      vertex 57.4215 -31.8141 1.6
      vertex 56.4444 -33.5764 1.6
      vertex 56.7558 -33.7631 1.6
    endloop
  endfacet
  facet normal -0 0 1
    outer loop
      vertex 55.0816 -29.0841 1.6
      vertex 56.9294 -29.8494 1.6
      vertex 55.2369 -28.7558 1.6
    endloop
  endfacet
  facet normal 0 0 1
    outer loop
      vertex 57.4215 -31.8141 1.6
      vertex 56.1527 -33.3601 1.6
      vertex 56.4444 -33.5764 1.6
    endloop
  endfacet
  facet normal 0 0 1
    outer loop
      vertex 56.9294 -29.8494 1.6
      vertex 55.0816 -29.0841 1.6
      vertex 56.8732 -30.0065 1.6
    endloop
  endfacet
  facet normal 0 0 1
    outer loop
      vertex 57.2979 -31.7021 1.6
      vertex 55.8837 -33.1163 1.6
      vertex 56.1527 -33.3601 1.6
    endloop
  endfacet
  facet normal -0 0 1
    outer loop
      vertex 54.9593 -29.4259 1.6
      vertex 56.8732 -30.0065 1.6
      vertex 55.0816 -29.0841 1.6
    endloop
  endfacet
  facet normal 0 0 1
    outer loop
      vertex 57.1859 -31.5785 1.6
      vertex 55.6399 -32.8473 1.6
      vertex 55.8837 -33.1163 1.6
    endloop
  endfacet
  facet normal 0 0 1
    outer loop
      vertex 56.8732 -30.0065 1.6
      vertex 54.9593 -29.4259 1.6
      vertex 56.8327 -30.1683 1.6
    endloop
  endfacet
  facet normal 0 0 1
    outer loop
      vertex 57.0865 -31.4445 1.6
      vertex 55.4236 -32.5556 1.6
      vertex 55.6399 -32.8473 1.6
    endloop
  endfacet
  facet normal -0 0 1
    outer loop
      vertex 54.8711 -29.7782 1.6
      vertex 56.8327 -30.1683 1.6
      vertex 54.9593 -29.4259 1.6
    endloop
  endfacet
  facet normal 0 0 1
    outer loop
      vertex 57.0007 -31.3014 1.6
      vertex 55.2369 -32.2442 1.6
      vertex 55.4236 -32.5556 1.6
    endloop
  endfacet
  facet normal 0 0 1
    outer loop
      vertex 56.8327 -30.1683 1.6
      vertex 54.8711 -29.7782 1.6
      vertex 56.8082 -30.3334 1.6
    endloop
  endfacet
  facet normal 0 0 1
    outer loop
      vertex 56.9294 -31.1506 1.6
      vertex 55.0816 -31.9159 1.6
      vertex 55.2369 -32.2442 1.6
    endloop
  endfacet
  facet normal -0 0 1
    outer loop
      vertex 54.8178 -30.1373 1.6
      vertex 56.8082 -30.3334 1.6
      vertex 54.8711 -29.7782 1.6
    endloop
  endfacet
  facet normal 0 0 1
    outer loop
      vertex 56.8732 -30.9935 1.6
      vertex 54.9593 -31.5741 1.6
      vertex 55.0816 -31.9159 1.6
    endloop
  endfacet
  facet normal 0 0 1
    outer loop
      vertex 56.8082 -30.3334 1.6
      vertex 54.8178 -30.1373 1.6
      vertex 56.8 -30.5 1.6
    endloop
  endfacet
  facet normal 0 0 1
    outer loop
      vertex 56.8327 -30.8317 1.6
      vertex 54.8711 -31.2218 1.6
      vertex 54.9593 -31.5741 1.6
    endloop
  endfacet
  facet normal 0 0 1
    outer loop
      vertex 54.8 -30.5 1.6
      vertex 56.8 -30.5 1.6
      vertex 54.8178 -30.1373 1.6
    endloop
  endfacet
  facet normal 0 0 1
    outer loop
      vertex 56.8082 -30.6666 1.6
      vertex 54.8178 -30.8627 1.6
      vertex 54.8711 -31.2218 1.6
    endloop
  endfacet
  facet normal 0 0 1
    outer loop
      vertex 56.8 -30.5 1.6
      vertex 54.8 -30.5 1.6
      vertex 54.8178 -30.8627 1.6
    endloop
  endfacet
  facet normal 0 0 1
    outer loop
      vertex 57.6986 31.9993 1.6
      vertex 56.7558 33.7631 1.6
      vertex 57.5555 31.9135 1.6
    endloop
  endfacet
  facet normal -0 0 1
    outer loop
      vertex 56.4444 33.5764 1.6
      vertex 57.5555 31.9135 1.6
      vertex 56.7558 33.7631 1.6
    endloop
  endfacet
  facet normal 0 0 1
    outer loop
      vertex 57.5555 31.9135 1.6
      vertex 56.4444 33.5764 1.6
      vertex 57.4215 31.8141 1.6
    endloop
  endfacet
  facet normal -0 0 1
    outer loop
      vertex 56.1527 33.3601 1.6
      vertex 57.4215 31.8141 1.6
      vertex 56.4444 33.5764 1.6
    endloop
  endfacet
  facet normal 0 0 1
    outer loop
      vertex 57.4215 31.8141 1.6
      vertex 56.1527 33.3601 1.6
      vertex 57.2979 31.7021 1.6
    endloop
  endfacet
  facet normal -0 0 1
    outer loop
      vertex 55.8837 33.1163 1.6
      vertex 57.2979 31.7021 1.6
      vertex 56.1527 33.3601 1.6
    endloop
  endfacet
  facet normal 0 0 1
    outer loop
      vertex 57.2979 31.7021 1.6
      vertex 55.8837 33.1163 1.6
      vertex 57.1859 31.5785 1.6
    endloop
  endfacet
  facet normal -0 0 1
    outer loop
      vertex 55.6399 32.8473 1.6
      vertex 57.1859 31.5785 1.6
      vertex 55.8837 33.1163 1.6
    endloop
  endfacet
  facet normal 0 0 1
    outer loop
      vertex 57.1859 31.5785 1.6
      vertex 55.6399 32.8473 1.6
      vertex 57.0865 31.4445 1.6
    endloop
  endfacet
  facet normal 0 0 1
    outer loop
      vertex 57.0865 31.4445 1.6
      vertex 55.4236 32.5556 1.6
      vertex 57.0007 31.3014 1.6
    endloop
  endfacet
  facet normal -0 0 1
    outer loop
      vertex 55.4236 32.5556 1.6
      vertex 57.0865 31.4445 1.6
      vertex 55.6399 32.8473 1.6
    endloop
  endfacet
  facet normal 0 0 1
    outer loop
      vertex 60.0706 -29.8494 1.6
      vertex 62 -29.3123 1.6
      vertex 61.9184 -29.0841 1.6
    endloop
  endfacet
  facet normal 0 0 1
    outer loop
      vertex 62 -29.3123 1.6
      vertex 60.2 -30.5 1.6
      vertex 62 -31.6877 1.6
    endloop
  endfacet
  facet normal 0 0 1
    outer loop
      vertex 60.0706 -29.8494 1.6
      vertex 61.9184 -29.0841 1.6
      vertex 61.7631 -28.7558 1.6
    endloop
  endfacet
  facet normal -0 0 1
    outer loop
      vertex 60.1918 -30.6666 1.6
      vertex 62 -31.6877 1.6
      vertex 60.2 -30.5 1.6
    endloop
  endfacet
  facet normal 0 0 1
    outer loop
      vertex 59.9993 -29.6986 1.6
      vertex 61.7631 -28.7558 1.6
      vertex 61.5764 -28.4444 1.6
    endloop
  endfacet
  facet normal -0 0 1
    outer loop
      vertex 60.1673 -30.8317 1.6
      vertex 62 -31.6877 1.6
      vertex 60.1918 -30.6666 1.6
    endloop
  endfacet
  facet normal 0 0 1
    outer loop
      vertex 59.9135 -29.5555 1.6
      vertex 61.5764 -28.4444 1.6
      vertex 61.3601 -28.1527 1.6
    endloop
  endfacet
  facet normal -0 0 1
    outer loop
      vertex 60.1268 -30.9935 1.6
      vertex 62 -31.6877 1.6
      vertex 60.1673 -30.8317 1.6
    endloop
  endfacet
  facet normal 0 0 1
    outer loop
      vertex 59.8141 -29.4215 1.6
      vertex 61.3601 -28.1527 1.6
      vertex 61.1163 -27.8837 1.6
    endloop
  endfacet
  facet normal -0 0 1
    outer loop
      vertex 60.0706 -31.1506 1.6
      vertex 62 -31.6877 1.6
      vertex 60.1268 -30.9935 1.6
    endloop
  endfacet
  facet normal 0 0 1
    outer loop
      vertex 59.7021 -29.2979 1.6
      vertex 61.1163 -27.8837 1.6
      vertex 60.8473 -27.6399 1.6
    endloop
  endfacet
  facet normal 0 0 1
    outer loop
      vertex 62 -31.6877 1.6
      vertex 60.0706 -31.1506 1.6
      vertex 61.9184 -31.9159 1.6
    endloop
  endfacet
  facet normal 0 0 1
    outer loop
      vertex 59.5785 -29.1859 1.6
      vertex 60.8473 -27.6399 1.6
      vertex 60.5556 -27.4236 1.6
    endloop
  endfacet
  facet normal 0 0 1
    outer loop
      vertex 61.9184 -31.9159 1.6
      vertex 60.0706 -31.1506 1.6
      vertex 61.7631 -32.2442 1.6
    endloop
  endfacet
  facet normal 0 0 1
    outer loop
      vertex 59.4445 -29.0865 1.6
      vertex 60.5556 -27.4236 1.6
      vertex 60.2442 -27.2369 1.6
    endloop
  endfacet
  facet normal -0 0 1
    outer loop
      vertex 59.9993 -31.3014 1.6
      vertex 61.7631 -32.2442 1.6
      vertex 60.0706 -31.1506 1.6
    endloop
  endfacet
  facet normal 0 0 1
    outer loop
      vertex 61.7631 -32.2442 1.6
      vertex 59.9993 -31.3014 1.6
      vertex 61.5764 -32.5556 1.6
    endloop
  endfacet
  facet normal 0 0 1
    outer loop
      vertex 62 -29.3123 1.6
      vertex 60.1918 -30.3334 1.6
      vertex 60.2 -30.5 1.6
    endloop
  endfacet
  facet normal 0 0 1
    outer loop
      vertex 62 -29.3123 1.6
      vertex 60.1673 -30.1683 1.6
      vertex 60.1918 -30.3334 1.6
    endloop
  endfacet
  facet normal 0 0 1
    outer loop
      vertex 62 -29.3123 1.6
      vertex 60.1268 -30.0065 1.6
      vertex 60.1673 -30.1683 1.6
    endloop
  endfacet
  facet normal 0 0 1
    outer loop
      vertex 62 -29.3123 1.6
      vertex 60.0706 -29.8494 1.6
      vertex 60.1268 -30.0065 1.6
    endloop
  endfacet
  facet normal 0 0 1
    outer loop
      vertex 61.7631 -28.7558 1.6
      vertex 59.9993 -29.6986 1.6
      vertex 60.0706 -29.8494 1.6
    endloop
  endfacet
  facet normal 0 0 1
    outer loop
      vertex 59.3014 -29.0007 1.6
      vertex 60.2442 -27.2369 1.6
      vertex 59.9159 -27.0816 1.6
    endloop
  endfacet
  facet normal 0 0 1
    outer loop
      vertex 61.5764 -28.4444 1.6
      vertex 59.9135 -29.5555 1.6
      vertex 59.9993 -29.6986 1.6
    endloop
  endfacet
  facet normal 0 0 1
    outer loop
      vertex 61.3601 -28.1527 1.6
      vertex 59.8141 -29.4215 1.6
      vertex 59.9135 -29.5555 1.6
    endloop
  endfacet
  facet normal 0 0 1
    outer loop
      vertex 61.1163 -27.8837 1.6
      vertex 59.7021 -29.2979 1.6
      vertex 59.8141 -29.4215 1.6
    endloop
  endfacet
  facet normal 0 0 1
    outer loop
      vertex 60.8473 -27.6399 1.6
      vertex 59.5785 -29.1859 1.6
      vertex 59.7021 -29.2979 1.6
    endloop
  endfacet
  facet normal 0 0 1
    outer loop
      vertex 59.1506 -28.9294 1.6
      vertex 59.9159 -27.0816 1.6
      vertex 59.5741 -26.9593 1.6
    endloop
  endfacet
  facet normal 0 0 1
    outer loop
      vertex 60.5556 -27.4236 1.6
      vertex 59.4445 -29.0865 1.6
      vertex 59.5785 -29.1859 1.6
    endloop
  endfacet
  facet normal 0 0 1
    outer loop
      vertex 60.2442 -27.2369 1.6
      vertex 59.3014 -29.0007 1.6
      vertex 59.4445 -29.0865 1.6
    endloop
  endfacet
  facet normal 0 0 1
    outer loop
      vertex 58.9935 -28.8732 1.6
      vertex 59.5741 -26.9593 1.6
      vertex 59.2218 -26.8711 1.6
    endloop
  endfacet
  facet normal 0 0 1
    outer loop
      vertex 59.9159 -27.0816 1.6
      vertex 59.1506 -28.9294 1.6
      vertex 59.3014 -29.0007 1.6
    endloop
  endfacet
  facet normal 0 0 1
    outer loop
      vertex 59.5741 -26.9593 1.6
      vertex 58.9935 -28.8732 1.6
      vertex 59.1506 -28.9294 1.6
    endloop
  endfacet
  facet normal 0 0 1
    outer loop
      vertex 58.8317 -28.8327 1.6
      vertex 59.2218 -26.8711 1.6
      vertex 58.8627 -26.8178 1.6
    endloop
  endfacet
  facet normal 0 0 1
    outer loop
      vertex 59.2218 -26.8711 1.6
      vertex 58.8317 -28.8327 1.6
      vertex 58.9935 -28.8732 1.6
    endloop
  endfacet
  facet normal 0 0 1
    outer loop
      vertex 58.8627 -26.8178 1.6
      vertex 58.6666 -28.8082 1.6
      vertex 58.8317 -28.8327 1.6
    endloop
  endfacet
  facet normal 0 0 1
    outer loop
      vertex 58.5 -26.8 1.6
      vertex 58.6666 -28.8082 1.6
      vertex 58.8627 -26.8178 1.6
    endloop
  endfacet
  facet normal 0 0 1
    outer loop
      vertex 58.5 -26.8 1.6
      vertex 58.5 -28.8 1.6
      vertex 58.6666 -28.8082 1.6
    endloop
  endfacet
  facet normal 0 0 1
    outer loop
      vertex 58.5 -26.8 1.6
      vertex 58.3334 -28.8082 1.6
      vertex 58.5 -28.8 1.6
    endloop
  endfacet
  facet normal -0 0 1
    outer loop
      vertex 58.1373 -26.8178 1.6
      vertex 58.3334 -28.8082 1.6
      vertex 58.5 -26.8 1.6
    endloop
  endfacet
  facet normal 0 0 1
    outer loop
      vertex 58.3334 -28.8082 1.6
      vertex 58.1373 -26.8178 1.6
      vertex 58.1683 -28.8327 1.6
    endloop
  endfacet
  facet normal -0 0 1
    outer loop
      vertex 57.7782 -26.8711 1.6
      vertex 58.1683 -28.8327 1.6
      vertex 58.1373 -26.8178 1.6
    endloop
  endfacet
  facet normal 0 0 1
    outer loop
      vertex 58.1683 -28.8327 1.6
      vertex 57.7782 -26.8711 1.6
      vertex 58.0065 -28.8732 1.6
    endloop
  endfacet
  facet normal -0 0 1
    outer loop
      vertex 57.4259 -26.9593 1.6
      vertex 58.0065 -28.8732 1.6
      vertex 57.7782 -26.8711 1.6
    endloop
  endfacet
  facet normal 0 0 1
    outer loop
      vertex 58.0065 -28.8732 1.6
      vertex 57.4259 -26.9593 1.6
      vertex 57.8494 -28.9294 1.6
    endloop
  endfacet
  facet normal -0 0 1
    outer loop
      vertex 57.0841 -27.0816 1.6
      vertex 57.8494 -28.9294 1.6
      vertex 57.4259 -26.9593 1.6
    endloop
  endfacet
  facet normal 0 0 1
    outer loop
      vertex 57.8494 -28.9294 1.6
      vertex 57.0841 -27.0816 1.6
      vertex 57.6986 -29.0007 1.6
    endloop
  endfacet
  facet normal -0 0 1
    outer loop
      vertex 56.7558 -27.2369 1.6
      vertex 57.6986 -29.0007 1.6
      vertex 57.0841 -27.0816 1.6
    endloop
  endfacet
  facet normal 0 0 1
    outer loop
      vertex 57.6986 -29.0007 1.6
      vertex 56.7558 -27.2369 1.6
      vertex 57.5555 -29.0865 1.6
    endloop
  endfacet
  facet normal -0 0 1
    outer loop
      vertex 56.4444 -27.4236 1.6
      vertex 57.5555 -29.0865 1.6
      vertex 56.7558 -27.2369 1.6
    endloop
  endfacet
  facet normal 0 0 1
    outer loop
      vertex 57.5555 -29.0865 1.6
      vertex 56.4444 -27.4236 1.6
      vertex 57.4215 -29.1859 1.6
    endloop
  endfacet
  facet normal -0 0 1
    outer loop
      vertex 56.1527 -27.6399 1.6
      vertex 57.4215 -29.1859 1.6
      vertex 56.4444 -27.4236 1.6
    endloop
  endfacet
  facet normal 0 0 1
    outer loop
      vertex 57.4215 -29.1859 1.6
      vertex 56.1527 -27.6399 1.6
      vertex 57.2979 -29.2979 1.6
    endloop
  endfacet
  facet normal -0 0 1
    outer loop
      vertex 55.8837 -27.8837 1.6
      vertex 57.2979 -29.2979 1.6
      vertex 56.1527 -27.6399 1.6
    endloop
  endfacet
  facet normal 0 0 1
    outer loop
      vertex 57.2979 -29.2979 1.6
      vertex 55.8837 -27.8837 1.6
      vertex 57.1859 -29.4215 1.6
    endloop
  endfacet
  facet normal -0 0 1
    outer loop
      vertex 55.6399 -28.1527 1.6
      vertex 57.1859 -29.4215 1.6
      vertex 55.8837 -27.8837 1.6
    endloop
  endfacet
  facet normal 0 0 1
    outer loop
      vertex 57.1859 -29.4215 1.6
      vertex 55.6399 -28.1527 1.6
      vertex 57.0865 -29.5555 1.6
    endloop
  endfacet
  facet normal 0 0 1
    outer loop
      vertex 57.0865 -29.5555 1.6
      vertex 55.4236 -28.4444 1.6
      vertex 57.0007 -29.6986 1.6
    endloop
  endfacet
  facet normal -0 0 1
    outer loop
      vertex 55.4236 -28.4444 1.6
      vertex 57.0865 -29.5555 1.6
      vertex 55.6399 -28.1527 1.6
    endloop
  endfacet
  facet normal 0 0 1
    outer loop
      vertex 60.0706 31.1506 1.6
      vertex 62 31.6877 1.6
      vertex 61.9184 31.9159 1.6
    endloop
  endfacet
  facet normal 0 0 1
    outer loop
      vertex 62 31.6877 1.6
      vertex 60.2 30.5 1.6
      vertex 62 29.3123 1.6
    endloop
  endfacet
  facet normal 0 0 1
    outer loop
      vertex 60.0706 31.1506 1.6
      vertex 61.9184 31.9159 1.6
      vertex 61.7631 32.2442 1.6
    endloop
  endfacet
  facet normal -0 0 1
    outer loop
      vertex 60.1918 30.3334 1.6
      vertex 62 29.3123 1.6
      vertex 60.2 30.5 1.6
    endloop
  endfacet
  facet normal 0 0 1
    outer loop
      vertex 59.9993 31.3014 1.6
      vertex 61.7631 32.2442 1.6
      vertex 61.5764 32.5556 1.6
    endloop
  endfacet
  facet normal -0 0 1
    outer loop
      vertex 60.1673 30.1683 1.6
      vertex 62 29.3123 1.6
      vertex 60.1918 30.3334 1.6
    endloop
  endfacet
  facet normal 0 0 1
    outer loop
      vertex 59.9135 31.4445 1.6
      vertex 61.5764 32.5556 1.6
      vertex 61.3601 32.8473 1.6
    endloop
  endfacet
  facet normal -0 0 1
    outer loop
      vertex 60.1268 30.0065 1.6
      vertex 62 29.3123 1.6
      vertex 60.1673 30.1683 1.6
    endloop
  endfacet
  facet normal 0 0 1
    outer loop
      vertex 59.8141 31.5785 1.6
      vertex 61.3601 32.8473 1.6
      vertex 61.1163 33.1163 1.6
    endloop
  endfacet
  facet normal -0 0 1
    outer loop
      vertex 60.0706 29.8494 1.6
      vertex 62 29.3123 1.6
      vertex 60.1268 30.0065 1.6
    endloop
  endfacet
  facet normal 0 0 1
    outer loop
      vertex 59.7021 31.7021 1.6
      vertex 61.1163 33.1163 1.6
      vertex 60.8473 33.3601 1.6
    endloop
  endfacet
  facet normal 0 0 1
    outer loop
      vertex 62 29.3123 1.6
      vertex 60.0706 29.8494 1.6
      vertex 61.9184 29.0841 1.6
    endloop
  endfacet
  facet normal 0 0 1
    outer loop
      vertex 59.5785 31.8141 1.6
      vertex 60.8473 33.3601 1.6
      vertex 60.5556 33.5764 1.6
    endloop
  endfacet
  facet normal 0 0 1
    outer loop
      vertex 61.9184 29.0841 1.6
      vertex 60.0706 29.8494 1.6
      vertex 61.7631 28.7558 1.6
    endloop
  endfacet
  facet normal 0 0 1
    outer loop
      vertex 59.4445 31.9135 1.6
      vertex 60.5556 33.5764 1.6
      vertex 60.2442 33.7631 1.6
    endloop
  endfacet
  facet normal -0 0 1
    outer loop
      vertex 59.9993 29.6986 1.6
      vertex 61.7631 28.7558 1.6
      vertex 60.0706 29.8494 1.6
    endloop
  endfacet
  facet normal 0 0 1
    outer loop
      vertex 61.7631 28.7558 1.6
      vertex 59.9993 29.6986 1.6
      vertex 61.5764 28.4444 1.6
    endloop
  endfacet
  facet normal 0 0 1
    outer loop
      vertex 62 31.6877 1.6
      vertex 60.1918 30.6666 1.6
      vertex 60.2 30.5 1.6
    endloop
  endfacet
  facet normal 0 0 1
    outer loop
      vertex 62 31.6877 1.6
      vertex 60.1673 30.8317 1.6
      vertex 60.1918 30.6666 1.6
    endloop
  endfacet
  facet normal 0 0 1
    outer loop
      vertex 62 31.6877 1.6
      vertex 60.1268 30.9935 1.6
      vertex 60.1673 30.8317 1.6
    endloop
  endfacet
  facet normal 0 0 1
    outer loop
      vertex 62 31.6877 1.6
      vertex 60.0706 31.1506 1.6
      vertex 60.1268 30.9935 1.6
    endloop
  endfacet
  facet normal 0 0 1
    outer loop
      vertex 61.7631 32.2442 1.6
      vertex 59.9993 31.3014 1.6
      vertex 60.0706 31.1506 1.6
    endloop
  endfacet
  facet normal 0 0 1
    outer loop
      vertex 59.3014 31.9993 1.6
      vertex 60.2442 33.7631 1.6
      vertex 59.9159 33.9184 1.6
    endloop
  endfacet
  facet normal 0 0 1
    outer loop
      vertex 61.5764 32.5556 1.6
      vertex 59.9135 31.4445 1.6
      vertex 59.9993 31.3014 1.6
    endloop
  endfacet
  facet normal 0 0 1
    outer loop
      vertex 61.3601 32.8473 1.6
      vertex 59.8141 31.5785 1.6
      vertex 59.9135 31.4445 1.6
    endloop
  endfacet
  facet normal 0 0 1
    outer loop
      vertex 61.1163 33.1163 1.6
      vertex 59.7021 31.7021 1.6
      vertex 59.8141 31.5785 1.6
    endloop
  endfacet
  facet normal 0 0 1
    outer loop
      vertex 59.1506 32.0706 1.6
      vertex 59.9159 33.9184 1.6
      vertex 59.6877 34 1.6
    endloop
  endfacet
  facet normal 0 0 1
    outer loop
      vertex 60.8473 33.3601 1.6
      vertex 59.5785 31.8141 1.6
      vertex 59.7021 31.7021 1.6
    endloop
  endfacet
  facet normal 0 0 1
    outer loop
      vertex 62 35.1 1.6
      vertex 59.6877 34 1.6
      vertex 62 34 1.6
    endloop
  endfacet
  facet normal 0 0 1
    outer loop
      vertex 60.5556 33.5764 1.6
      vertex 59.4445 31.9135 1.6
      vertex 59.5785 31.8141 1.6
    endloop
  endfacet
  facet normal 0 0 1
    outer loop
      vertex 60.2442 33.7631 1.6
      vertex 59.3014 31.9993 1.6
      vertex 59.4445 31.9135 1.6
    endloop
  endfacet
  facet normal 0 0 1
    outer loop
      vertex 59.9159 33.9184 1.6
      vertex 59.1506 32.0706 1.6
      vertex 59.3014 31.9993 1.6
    endloop
  endfacet
  facet normal 0 0 1
    outer loop
      vertex 59.6877 34 1.6
      vertex 58.9935 32.1268 1.6
      vertex 59.1506 32.0706 1.6
    endloop
  endfacet
  facet normal 0 0 1
    outer loop
      vertex 59.6877 34 1.6
      vertex 58.8317 32.1673 1.6
      vertex 58.9935 32.1268 1.6
    endloop
  endfacet
  facet normal 0 0 1
    outer loop
      vertex 59.6877 34 1.6
      vertex 58.6666 32.1918 1.6
      vertex 58.8317 32.1673 1.6
    endloop
  endfacet
  facet normal 0 0 1
    outer loop
      vertex 59.6877 34 1.6
      vertex 58.5 32.2 1.6
      vertex 58.6666 32.1918 1.6
    endloop
  endfacet
  facet normal -0 0 1
    outer loop
      vertex 57.3123 34 1.6
      vertex 58.5 32.2 1.6
      vertex 59.6877 34 1.6
    endloop
  endfacet
  facet normal 0 0 1
    outer loop
      vertex 58.5 32.2 1.6
      vertex 57.3123 34 1.6
      vertex 58.3334 32.1918 1.6
    endloop
  endfacet
  facet normal 0 0 1
    outer loop
      vertex 58.3334 32.1918 1.6
      vertex 57.3123 34 1.6
      vertex 58.1683 32.1673 1.6
    endloop
  endfacet
  facet normal 0 0 1
    outer loop
      vertex 58.1683 32.1673 1.6
      vertex 57.3123 34 1.6
      vertex 58.0065 32.1268 1.6
    endloop
  endfacet
  facet normal 0 0 1
    outer loop
      vertex 58.0065 32.1268 1.6
      vertex 57.3123 34 1.6
      vertex 57.8494 32.0706 1.6
    endloop
  endfacet
  facet normal -0 0 1
    outer loop
      vertex 57.0841 33.9184 1.6
      vertex 57.8494 32.0706 1.6
      vertex 57.3123 34 1.6
    endloop
  endfacet
  facet normal 0 0 1
    outer loop
      vertex 57.8494 32.0706 1.6
      vertex 57.0841 33.9184 1.6
      vertex 57.6986 31.9993 1.6
    endloop
  endfacet
  facet normal -0 0 1
    outer loop
      vertex 56.7558 33.7631 1.6
      vertex 57.6986 31.9993 1.6
      vertex 57.0841 33.9184 1.6
    endloop
  endfacet
  facet normal 0 0 1
    outer loop
      vertex 62 35.1 1.6
      vertex 57.3123 34 1.6
      vertex 59.6877 34 1.6
    endloop
  endfacet
  facet normal 0 0 1
    outer loop
      vertex 62 35.1 1.6
      vertex -57.3123 34 1.6
      vertex 57.3123 34 1.6
    endloop
  endfacet
  facet normal 0 0 1
    outer loop
      vertex -56.4444 33.5764 1.6
      vertex -57.5555 31.9135 1.6
      vertex -57.4215 31.8141 1.6
    endloop
  endfacet
  facet normal 0 0 1
    outer loop
      vertex -56.7558 33.7631 1.6
      vertex -57.6986 31.9993 1.6
      vertex -57.5555 31.9135 1.6
    endloop
  endfacet
  facet normal 0 0 1
    outer loop
      vertex -57.0841 33.9184 1.6
      vertex -57.8494 32.0706 1.6
      vertex -57.6986 31.9993 1.6
    endloop
  endfacet
  facet normal 0 0 1
    outer loop
      vertex -57.3123 34 1.6
      vertex -58.0065 32.1268 1.6
      vertex -57.8494 32.0706 1.6
    endloop
  endfacet
  facet normal 0 0 1
    outer loop
      vertex -57.3123 34 1.6
      vertex -58.1683 32.1673 1.6
      vertex -58.0065 32.1268 1.6
    endloop
  endfacet
  facet normal 0 0 1
    outer loop
      vertex -57.3123 34 1.6
      vertex -58.3334 32.1918 1.6
      vertex -58.1683 32.1673 1.6
    endloop
  endfacet
  facet normal 0 0 1
    outer loop
      vertex -57.3123 34 1.6
      vertex -58.5 32.2 1.6
      vertex -58.3334 32.1918 1.6
    endloop
  endfacet
  facet normal -0 0 1
    outer loop
      vertex -59.6877 34 1.6
      vertex -58.5 32.2 1.6
      vertex -57.3123 34 1.6
    endloop
  endfacet
  facet normal 0 0 1
    outer loop
      vertex -58.5 32.2 1.6
      vertex -59.6877 34 1.6
      vertex -58.6666 32.1918 1.6
    endloop
  endfacet
  facet normal 0 0 1
    outer loop
      vertex -58.6666 32.1918 1.6
      vertex -59.6877 34 1.6
      vertex -58.8317 32.1673 1.6
    endloop
  endfacet
  facet normal 0 0 1
    outer loop
      vertex -58.8317 32.1673 1.6
      vertex -59.6877 34 1.6
      vertex -58.9935 32.1268 1.6
    endloop
  endfacet
  facet normal 0 0 1
    outer loop
      vertex -58.9935 32.1268 1.6
      vertex -59.6877 34 1.6
      vertex -59.1506 32.0706 1.6
    endloop
  endfacet
  facet normal -0 0 1
    outer loop
      vertex -59.9159 33.9184 1.6
      vertex -59.1506 32.0706 1.6
      vertex -59.6877 34 1.6
    endloop
  endfacet
  facet normal 0 0 1
    outer loop
      vertex -59.1506 32.0706 1.6
      vertex -59.9159 33.9184 1.6
      vertex -59.3014 31.9993 1.6
    endloop
  endfacet
  facet normal -0 0 1
    outer loop
      vertex -60.2442 33.7631 1.6
      vertex -59.3014 31.9993 1.6
      vertex -59.9159 33.9184 1.6
    endloop
  endfacet
  facet normal -0 0 1
    outer loop
      vertex -62 35.1 1.6
      vertex -57.3123 34 1.6
      vertex 62 35.1 1.6
    endloop
  endfacet
  facet normal 0 0 1
    outer loop
      vertex -57.3123 34 1.6
      vertex -62 35.1 1.6
      vertex -59.6877 34 1.6
    endloop
  endfacet
  facet normal 0 0 1
    outer loop
      vertex -62 35.1 1.6
      vertex -62 34 1.6
      vertex -59.6877 34 1.6
    endloop
  endfacet
  facet normal -0 0 1
    outer loop
      vertex -62.1078 35.0947 1.6
      vertex -62 34 1.6
      vertex -62 35.1 1.6
    endloop
  endfacet
  facet normal 0 0 1
    outer loop
      vertex -62 34 1.6
      vertex -63.1 34 1.6
      vertex -62 31.6877 1.6
    endloop
  endfacet
  facet normal 0 0 1
    outer loop
      vertex -62 31.6877 1.6
      vertex -63.1 34 1.6
      vertex -62 29.3123 1.6
    endloop
  endfacet
  facet normal 0 0 1
    outer loop
      vertex -62 29.3123 1.6
      vertex -63.1 34 1.6
      vertex -62 -29.3123 1.6
    endloop
  endfacet
  facet normal 0 0 1
    outer loop
      vertex -63.1 -34 1.6
      vertex -62 -29.3123 1.6
      vertex -63.1 34 1.6
    endloop
  endfacet
  facet normal 0 0 1
    outer loop
      vertex -62 -29.3123 1.6
      vertex -63.1 -34 1.6
      vertex -62 -31.6877 1.6
    endloop
  endfacet
  facet normal -0 0 1
    outer loop
      vertex -62.2146 35.0789 1.6
      vertex -62 34 1.6
      vertex -62.1078 35.0947 1.6
    endloop
  endfacet
  facet normal 0 0 1
    outer loop
      vertex -62 -31.6877 1.6
      vertex -63.1 -34 1.6
      vertex -62 -34 1.6
    endloop
  endfacet
  facet normal -0 0 1
    outer loop
      vertex -62.3193 35.0526 1.6
      vertex -62 34 1.6
      vertex -62.2146 35.0789 1.6
    endloop
  endfacet
  facet normal 0 -0 1
    outer loop
      vertex -63.0947 -34.1078 1.6
      vertex -62 -34 1.6
      vertex -63.1 -34 1.6
    endloop
  endfacet
  facet normal -0 0 1
    outer loop
      vertex -62.421 35.0163 1.6
      vertex -62 34 1.6
      vertex -62.3193 35.0526 1.6
    endloop
  endfacet
  facet normal 0 0 1
    outer loop
      vertex -62 -34 1.6
      vertex -62.1078 -35.0947 1.6
      vertex -62 -35.1 1.6
    endloop
  endfacet
  facet normal -0 0 1
    outer loop
      vertex -62.5185 34.9701 1.6
      vertex -62 34 1.6
      vertex -62.421 35.0163 1.6
    endloop
  endfacet
  facet normal 0 0 1
    outer loop
      vertex -62 -34 1.6
      vertex -62.2146 -35.0789 1.6
      vertex -62.1078 -35.0947 1.6
    endloop
  endfacet
  facet normal -0 0 1
    outer loop
      vertex -62.6111 34.9146 1.6
      vertex -62 34 1.6
      vertex -62.5185 34.9701 1.6
    endloop
  endfacet
  facet normal 0 0 1
    outer loop
      vertex -62 -34 1.6
      vertex -62.3193 -35.0526 1.6
      vertex -62.2146 -35.0789 1.6
    endloop
  endfacet
  facet normal -0 0 1
    outer loop
      vertex -62.6978 34.8503 1.6
      vertex -62 34 1.6
      vertex -62.6111 34.9146 1.6
    endloop
  endfacet
  facet normal 0 0 1
    outer loop
      vertex -62 -34 1.6
      vertex -62.421 -35.0163 1.6
      vertex -62.3193 -35.0526 1.6
    endloop
  endfacet
  facet normal -0 0 1
    outer loop
      vertex -62.7778 34.7778 1.6
      vertex -62 34 1.6
      vertex -62.6978 34.8503 1.6
    endloop
  endfacet
  facet normal 0 0 1
    outer loop
      vertex -62 -34 1.6
      vertex -62.5185 -34.9701 1.6
      vertex -62.421 -35.0163 1.6
    endloop
  endfacet
  facet normal -0 0 1
    outer loop
      vertex -62.8503 34.6978 1.6
      vertex -62 34 1.6
      vertex -62.7778 34.7778 1.6
    endloop
  endfacet
  facet normal 0 0 1
    outer loop
      vertex -62 -34 1.6
      vertex -62.6111 -34.9146 1.6
      vertex -62.5185 -34.9701 1.6
    endloop
  endfacet
  facet normal -0 0 1
    outer loop
      vertex -62.9146 34.6111 1.6
      vertex -62 34 1.6
      vertex -62.8503 34.6978 1.6
    endloop
  endfacet
  facet normal 0 0 1
    outer loop
      vertex -62 -34 1.6
      vertex -62.6978 -34.8503 1.6
      vertex -62.6111 -34.9146 1.6
    endloop
  endfacet
  facet normal -0 0 1
    outer loop
      vertex -62.9701 34.5185 1.6
      vertex -62 34 1.6
      vertex -62.9146 34.6111 1.6
    endloop
  endfacet
  facet normal 0 0 1
    outer loop
      vertex -62 -34 1.6
      vertex -62.7778 -34.7778 1.6
      vertex -62.6978 -34.8503 1.6
    endloop
  endfacet
  facet normal -0 0 1
    outer loop
      vertex -63.0163 34.421 1.6
      vertex -62 34 1.6
      vertex -62.9701 34.5185 1.6
    endloop
  endfacet
  facet normal 0 0 1
    outer loop
      vertex -62 -34 1.6
      vertex -62.8503 -34.6978 1.6
      vertex -62.7778 -34.7778 1.6
    endloop
  endfacet
  facet normal -0 0 1
    outer loop
      vertex -63.0526 34.3193 1.6
      vertex -62 34 1.6
      vertex -63.0163 34.421 1.6
    endloop
  endfacet
  facet normal 0 0 1
    outer loop
      vertex -62 -34 1.6
      vertex -62.9146 -34.6111 1.6
      vertex -62.8503 -34.6978 1.6
    endloop
  endfacet
  facet normal -0 0 1
    outer loop
      vertex -63.0789 34.2146 1.6
      vertex -62 34 1.6
      vertex -63.0526 34.3193 1.6
    endloop
  endfacet
  facet normal 0 0 1
    outer loop
      vertex -62 -34 1.6
      vertex -62.9701 -34.5185 1.6
      vertex -62.9146 -34.6111 1.6
    endloop
  endfacet
  facet normal -0 0 1
    outer loop
      vertex -63.0947 34.1078 1.6
      vertex -62 34 1.6
      vertex -63.0789 34.2146 1.6
    endloop
  endfacet
  facet normal 0 0 1
    outer loop
      vertex -62 -34 1.6
      vertex -63.0163 -34.421 1.6
      vertex -62.9701 -34.5185 1.6
    endloop
  endfacet
  facet normal 0 0 1
    outer loop
      vertex -62 34 1.6
      vertex -63.0947 34.1078 1.6
      vertex -63.1 34 1.6
    endloop
  endfacet
  facet normal 0 0 1
    outer loop
      vertex -62 -34 1.6
      vertex -63.0526 -34.3193 1.6
      vertex -63.0163 -34.421 1.6
    endloop
  endfacet
  facet normal 0 0 1
    outer loop
      vertex -62 -34 1.6
      vertex -63.0789 -34.2146 1.6
      vertex -63.0526 -34.3193 1.6
    endloop
  endfacet
  facet normal 0 0 1
    outer loop
      vertex -62 -34 1.6
      vertex -63.0947 -34.1078 1.6
      vertex -63.0789 -34.2146 1.6
    endloop
  endfacet
  facet normal 0 0 1
    outer loop
      vertex 62 34 1.6
      vertex 63.1 34 1.6
      vertex 63.0947 34.1078 1.6
    endloop
  endfacet
  facet normal 0 0 1
    outer loop
      vertex 63.1 34 1.6
      vertex 62 29.3123 1.6
      vertex 63.1 -34 1.6
    endloop
  endfacet
  facet normal 0 0 1
    outer loop
      vertex 62 34 1.6
      vertex 63.0947 34.1078 1.6
      vertex 63.0789 34.2146 1.6
    endloop
  endfacet
  facet normal -0 0 1
    outer loop
      vertex 62 -29.3123 1.6
      vertex 63.1 -34 1.6
      vertex 62 29.3123 1.6
    endloop
  endfacet
  facet normal 0 0 1
    outer loop
      vertex 62 34 1.6
      vertex 63.0789 34.2146 1.6
      vertex 63.0526 34.3193 1.6
    endloop
  endfacet
  facet normal -0 0 1
    outer loop
      vertex 62 -31.6877 1.6
      vertex 63.1 -34 1.6
      vertex 62 -29.3123 1.6
    endloop
  endfacet
  facet normal 0 0 1
    outer loop
      vertex 62 34 1.6
      vertex 63.0526 34.3193 1.6
      vertex 63.0163 34.421 1.6
    endloop
  endfacet
  facet normal 0 0 1
    outer loop
      vertex 62 -34 1.6
      vertex 63.1 -34 1.6
      vertex 62 -31.6877 1.6
    endloop
  endfacet
  facet normal 0 0 1
    outer loop
      vertex 62 34 1.6
      vertex 63.0163 34.421 1.6
      vertex 62.9701 34.5185 1.6
    endloop
  endfacet
  facet normal 0 0 1
    outer loop
      vertex 63.1 -34 1.6
      vertex 62 -34 1.6
      vertex 63.0947 -34.1078 1.6
    endloop
  endfacet
  facet normal 0 0 1
    outer loop
      vertex 62 34 1.6
      vertex 62.9701 34.5185 1.6
      vertex 62.9146 34.6111 1.6
    endloop
  endfacet
  facet normal 0 0 1
    outer loop
      vertex 63.0947 -34.1078 1.6
      vertex 62 -34 1.6
      vertex 63.0789 -34.2146 1.6
    endloop
  endfacet
  facet normal 0 0 1
    outer loop
      vertex 62 34 1.6
      vertex 62.9146 34.6111 1.6
      vertex 62.8503 34.6978 1.6
    endloop
  endfacet
  facet normal 0 0 1
    outer loop
      vertex 63.0789 -34.2146 1.6
      vertex 62 -34 1.6
      vertex 63.0526 -34.3193 1.6
    endloop
  endfacet
  facet normal 0 0 1
    outer loop
      vertex 62 34 1.6
      vertex 62.8503 34.6978 1.6
      vertex 62.7778 34.7778 1.6
    endloop
  endfacet
  facet normal 0 0 1
    outer loop
      vertex 63.0526 -34.3193 1.6
      vertex 62 -34 1.6
      vertex 63.0163 -34.421 1.6
    endloop
  endfacet
  facet normal 0 0 1
    outer loop
      vertex 62 34 1.6
      vertex 62.7778 34.7778 1.6
      vertex 62.6978 34.8503 1.6
    endloop
  endfacet
  facet normal 0 0 1
    outer loop
      vertex 63.0163 -34.421 1.6
      vertex 62 -34 1.6
      vertex 62.9701 -34.5185 1.6
    endloop
  endfacet
  facet normal 0 0 1
    outer loop
      vertex 62 34 1.6
      vertex 62.6978 34.8503 1.6
      vertex 62.6111 34.9146 1.6
    endloop
  endfacet
  facet normal 0 0 1
    outer loop
      vertex 62.9701 -34.5185 1.6
      vertex 62 -34 1.6
      vertex 62.9146 -34.6111 1.6
    endloop
  endfacet
  facet normal 0 0 1
    outer loop
      vertex 62 34 1.6
      vertex 62.6111 34.9146 1.6
      vertex 62.5185 34.9701 1.6
    endloop
  endfacet
  facet normal 0 0 1
    outer loop
      vertex 62.9146 -34.6111 1.6
      vertex 62 -34 1.6
      vertex 62.8503 -34.6978 1.6
    endloop
  endfacet
  facet normal 0 0 1
    outer loop
      vertex 62 34 1.6
      vertex 62.5185 34.9701 1.6
      vertex 62.421 35.0163 1.6
    endloop
  endfacet
  facet normal 0 0 1
    outer loop
      vertex 62.8503 -34.6978 1.6
      vertex 62 -34 1.6
      vertex 62.7778 -34.7778 1.6
    endloop
  endfacet
  facet normal 0 0 1
    outer loop
      vertex 62 34 1.6
      vertex 62.421 35.0163 1.6
      vertex 62.3193 35.0526 1.6
    endloop
  endfacet
  facet normal 0 0 1
    outer loop
      vertex 62.7778 -34.7778 1.6
      vertex 62 -34 1.6
      vertex 62.6978 -34.8503 1.6
    endloop
  endfacet
  facet normal 0 0 1
    outer loop
      vertex 62 34 1.6
      vertex 62.3193 35.0526 1.6
      vertex 62.2146 35.0789 1.6
    endloop
  endfacet
  facet normal 0 0 1
    outer loop
      vertex 62.6978 -34.8503 1.6
      vertex 62 -34 1.6
      vertex 62.6111 -34.9146 1.6
    endloop
  endfacet
  facet normal 0 0 1
    outer loop
      vertex 62 34 1.6
      vertex 62.2146 35.0789 1.6
      vertex 62.1078 35.0947 1.6
    endloop
  endfacet
  facet normal 0 0 1
    outer loop
      vertex 62.6111 -34.9146 1.6
      vertex 62 -34 1.6
      vertex 62.5185 -34.9701 1.6
    endloop
  endfacet
  facet normal 0 0 1
    outer loop
      vertex 62 34 1.6
      vertex 62.1078 35.0947 1.6
      vertex 62 35.1 1.6
    endloop
  endfacet
  facet normal 0 0 1
    outer loop
      vertex 63.1 34 1.6
      vertex 62 34 1.6
      vertex 62 31.6877 1.6
    endloop
  endfacet
  facet normal 0 0 1
    outer loop
      vertex 63.1 34 1.6
      vertex 62 31.6877 1.6
      vertex 62 29.3123 1.6
    endloop
  endfacet
  facet normal 0 0 1
    outer loop
      vertex 62.5185 -34.9701 1.6
      vertex 62 -34 1.6
      vertex 62.421 -35.0163 1.6
    endloop
  endfacet
  facet normal 0 0 1
    outer loop
      vertex 62.421 -35.0163 1.6
      vertex 62 -34 1.6
      vertex 62.3193 -35.0526 1.6
    endloop
  endfacet
  facet normal 0 0 1
    outer loop
      vertex 62.3193 -35.0526 1.6
      vertex 62 -34 1.6
      vertex 62.2146 -35.0789 1.6
    endloop
  endfacet
  facet normal 0 0 1
    outer loop
      vertex 62.2146 -35.0789 1.6
      vertex 62 -34 1.6
      vertex 62.1078 -35.0947 1.6
    endloop
  endfacet
  facet normal 0 0 1
    outer loop
      vertex 62 -34 1.6
      vertex 62 -35.1 1.6
      vertex 62.1078 -35.0947 1.6
    endloop
  endfacet
  facet normal -0 0 1
    outer loop
      vertex 59.6877 -34 1.6
      vertex 62 -35.1 1.6
      vertex 62 -34 1.6
    endloop
  endfacet
  facet normal 0 0 1
    outer loop
      vertex 60.2442 -33.7631 1.6
      vertex 59.3014 -31.9993 1.6
      vertex 59.9159 -33.9184 1.6
    endloop
  endfacet
  facet normal -0 0 1
    outer loop
      vertex 59.1506 -32.0706 1.6
      vertex 59.9159 -33.9184 1.6
      vertex 59.3014 -31.9993 1.6
    endloop
  endfacet
  facet normal 0 0 1
    outer loop
      vertex 59.9159 -33.9184 1.6
      vertex 59.1506 -32.0706 1.6
      vertex 59.6877 -34 1.6
    endloop
  endfacet
  facet normal -0 0 1
    outer loop
      vertex 58.9935 -32.1268 1.6
      vertex 59.6877 -34 1.6
      vertex 59.1506 -32.0706 1.6
    endloop
  endfacet
  facet normal -0 0 1
    outer loop
      vertex 58.8317 -32.1673 1.6
      vertex 59.6877 -34 1.6
      vertex 58.9935 -32.1268 1.6
    endloop
  endfacet
  facet normal -0 0 1
    outer loop
      vertex 58.6666 -32.1918 1.6
      vertex 59.6877 -34 1.6
      vertex 58.8317 -32.1673 1.6
    endloop
  endfacet
  facet normal -0 0 1
    outer loop
      vertex 58.5 -32.2 1.6
      vertex 59.6877 -34 1.6
      vertex 58.6666 -32.1918 1.6
    endloop
  endfacet
  facet normal 0 0 1
    outer loop
      vertex 57.3123 -34 1.6
      vertex 58.5 -32.2 1.6
      vertex 58.3334 -32.1918 1.6
    endloop
  endfacet
  facet normal 0 0 1
    outer loop
      vertex 57.3123 -34 1.6
      vertex 58.3334 -32.1918 1.6
      vertex 58.1683 -32.1673 1.6
    endloop
  endfacet
  facet normal 0 0 1
    outer loop
      vertex 57.3123 -34 1.6
      vertex 58.1683 -32.1673 1.6
      vertex 58.0065 -32.1268 1.6
    endloop
  endfacet
  facet normal 0 0 1
    outer loop
      vertex 57.3123 -34 1.6
      vertex 58.0065 -32.1268 1.6
      vertex 57.8494 -32.0706 1.6
    endloop
  endfacet
  facet normal 0 0 1
    outer loop
      vertex 57.3123 -34 1.6
      vertex 57.8494 -32.0706 1.6
      vertex 57.6986 -31.9993 1.6
    endloop
  endfacet
  facet normal 0 0 1
    outer loop
      vertex 57.3123 -34 1.6
      vertex 57.6986 -31.9993 1.6
      vertex 57.5555 -31.9135 1.6
    endloop
  endfacet
  facet normal 0 0 1
    outer loop
      vertex 57.3123 -34 1.6
      vertex 57.5555 -31.9135 1.6
      vertex 57.4215 -31.8141 1.6
    endloop
  endfacet
  facet normal 0 0 1
    outer loop
      vertex 58.5 -32.2 1.6
      vertex 57.3123 -34 1.6
      vertex 59.6877 -34 1.6
    endloop
  endfacet
  facet normal -0 0 1
    outer loop
      vertex 57.3123 -34 1.6
      vertex 62 -35.1 1.6
      vertex 59.6877 -34 1.6
    endloop
  endfacet
  facet normal -0 0 1
    outer loop
      vertex -57.3123 -34 1.6
      vertex 62 -35.1 1.6
      vertex 57.3123 -34 1.6
    endloop
  endfacet
  facet normal 0 0 1
    outer loop
      vertex -56.7558 -33.7631 1.6
      vertex -57.6986 -31.9993 1.6
      vertex -57.0841 -33.9184 1.6
    endloop
  endfacet
  facet normal -0 0 1
    outer loop
      vertex -57.8494 -32.0706 1.6
      vertex -57.0841 -33.9184 1.6
      vertex -57.6986 -31.9993 1.6
    endloop
  endfacet
  facet normal 0 0 1
    outer loop
      vertex -57.0841 -33.9184 1.6
      vertex -57.8494 -32.0706 1.6
      vertex -57.3123 -34 1.6
    endloop
  endfacet
  facet normal -0 0 1
    outer loop
      vertex -58.0065 -32.1268 1.6
      vertex -57.3123 -34 1.6
      vertex -57.8494 -32.0706 1.6
    endloop
  endfacet
  facet normal -0 0 1
    outer loop
      vertex -58.1683 -32.1673 1.6
      vertex -57.3123 -34 1.6
      vertex -58.0065 -32.1268 1.6
    endloop
  endfacet
  facet normal -0 0 1
    outer loop
      vertex -58.3334 -32.1918 1.6
      vertex -57.3123 -34 1.6
      vertex -58.1683 -32.1673 1.6
    endloop
  endfacet
  facet normal -0 0 1
    outer loop
      vertex -58.5 -32.2 1.6
      vertex -57.3123 -34 1.6
      vertex -58.3334 -32.1918 1.6
    endloop
  endfacet
  facet normal 0 0 1
    outer loop
      vertex -59.6877 -34 1.6
      vertex -58.5 -32.2 1.6
      vertex -58.6666 -32.1918 1.6
    endloop
  endfacet
  facet normal 0 0 1
    outer loop
      vertex -59.6877 -34 1.6
      vertex -58.6666 -32.1918 1.6
      vertex -58.8317 -32.1673 1.6
    endloop
  endfacet
  facet normal 0 0 1
    outer loop
      vertex -59.6877 -34 1.6
      vertex -58.8317 -32.1673 1.6
      vertex -58.9935 -32.1268 1.6
    endloop
  endfacet
  facet normal 0 0 1
    outer loop
      vertex -59.6877 -34 1.6
      vertex -58.9935 -32.1268 1.6
      vertex -59.1506 -32.0706 1.6
    endloop
  endfacet
  facet normal 0 0 1
    outer loop
      vertex -59.6877 -34 1.6
      vertex -59.1506 -32.0706 1.6
      vertex -59.3014 -31.9993 1.6
    endloop
  endfacet
  facet normal 0 0 1
    outer loop
      vertex -59.6877 -34 1.6
      vertex -59.3014 -31.9993 1.6
      vertex -59.4445 -31.9135 1.6
    endloop
  endfacet
  facet normal 0 0 1
    outer loop
      vertex -59.6877 -34 1.6
      vertex -59.4445 -31.9135 1.6
      vertex -59.5785 -31.8141 1.6
    endloop
  endfacet
  facet normal 0 0 1
    outer loop
      vertex -58.5 -32.2 1.6
      vertex -59.6877 -34 1.6
      vertex -57.3123 -34 1.6
    endloop
  endfacet
  facet normal 0 0 1
    outer loop
      vertex -62 -35.1 1.6
      vertex -57.3123 -34 1.6
      vertex -59.6877 -34 1.6
    endloop
  endfacet
  facet normal 0 0 1
    outer loop
      vertex -62 -35.1 1.6
      vertex -59.6877 -34 1.6
      vertex -62 -34 1.6
    endloop
  endfacet
  facet normal 0 0 1
    outer loop
      vertex -57.3123 -34 1.6
      vertex -62 -35.1 1.6
      vertex 62 -35.1 1.6
    endloop
  endfacet
  facet normal -0 0 1
    outer loop
      vertex 59.9135 29.5555 1.6
      vertex 61.5764 28.4444 1.6
      vertex 59.9993 29.6986 1.6
    endloop
  endfacet
  facet normal 0 0 1
    outer loop
      vertex 61.5764 28.4444 1.6
      vertex 59.9135 29.5555 1.6
      vertex 61.3601 28.1527 1.6
    endloop
  endfacet
  facet normal -0 0 1
    outer loop
      vertex 59.8141 29.4215 1.6
      vertex 61.3601 28.1527 1.6
      vertex 59.9135 29.5555 1.6
    endloop
  endfacet
  facet normal 0 0 1
    outer loop
      vertex 61.3601 28.1527 1.6
      vertex 59.8141 29.4215 1.6
      vertex 61.1163 27.8837 1.6
    endloop
  endfacet
  facet normal -0 0 1
    outer loop
      vertex 59.7021 29.2979 1.6
      vertex 61.1163 27.8837 1.6
      vertex 59.8141 29.4215 1.6
    endloop
  endfacet
  facet normal 0 0 1
    outer loop
      vertex 61.1163 27.8837 1.6
      vertex 59.7021 29.2979 1.6
      vertex 60.8473 27.6399 1.6
    endloop
  endfacet
  facet normal -0 0 1
    outer loop
      vertex 59.5785 29.1859 1.6
      vertex 60.8473 27.6399 1.6
      vertex 59.7021 29.2979 1.6
    endloop
  endfacet
  facet normal 0 0 1
    outer loop
      vertex 60.8473 27.6399 1.6
      vertex 59.5785 29.1859 1.6
      vertex 60.5556 27.4236 1.6
    endloop
  endfacet
  facet normal -0 0 1
    outer loop
      vertex 59.4445 29.0865 1.6
      vertex 60.5556 27.4236 1.6
      vertex 59.5785 29.1859 1.6
    endloop
  endfacet
  facet normal 0 0 1
    outer loop
      vertex 60.5556 27.4236 1.6
      vertex 59.4445 29.0865 1.6
      vertex 60.2442 27.2369 1.6
    endloop
  endfacet
  facet normal -0 0 1
    outer loop
      vertex 59.3014 29.0007 1.6
      vertex 60.2442 27.2369 1.6
      vertex 59.4445 29.0865 1.6
    endloop
  endfacet
  facet normal 0 0 1
    outer loop
      vertex 60.2442 27.2369 1.6
      vertex 59.3014 29.0007 1.6
      vertex 59.9159 27.0816 1.6
    endloop
  endfacet
  facet normal -0 0 1
    outer loop
      vertex 59.1506 28.9294 1.6
      vertex 59.9159 27.0816 1.6
      vertex 59.3014 29.0007 1.6
    endloop
  endfacet
  facet normal 0 0 1
    outer loop
      vertex 59.9159 27.0816 1.6
      vertex 59.1506 28.9294 1.6
      vertex 59.5741 26.9593 1.6
    endloop
  endfacet
  facet normal -0 0 1
    outer loop
      vertex 58.9935 28.8732 1.6
      vertex 59.5741 26.9593 1.6
      vertex 59.1506 28.9294 1.6
    endloop
  endfacet
  facet normal 0 0 1
    outer loop
      vertex 59.5741 26.9593 1.6
      vertex 58.9935 28.8732 1.6
      vertex 59.2218 26.8711 1.6
    endloop
  endfacet
  facet normal -0 0 1
    outer loop
      vertex 58.8317 28.8327 1.6
      vertex 59.2218 26.8711 1.6
      vertex 58.9935 28.8732 1.6
    endloop
  endfacet
  facet normal 0 0 1
    outer loop
      vertex 59.2218 26.8711 1.6
      vertex 58.8317 28.8327 1.6
      vertex 58.8627 26.8178 1.6
    endloop
  endfacet
  facet normal -0 0 1
    outer loop
      vertex 58.6666 28.8082 1.6
      vertex 58.8627 26.8178 1.6
      vertex 58.8317 28.8327 1.6
    endloop
  endfacet
  facet normal -0 0 1
    outer loop
      vertex 58.5 28.8 1.6
      vertex 58.8627 26.8178 1.6
      vertex 58.6666 28.8082 1.6
    endloop
  endfacet
  facet normal 0 0 1
    outer loop
      vertex 58.5 28.8 1.6
      vertex 58.5 26.8 1.6
      vertex 58.8627 26.8178 1.6
    endloop
  endfacet
  facet normal 0 0 1
    outer loop
      vertex 58.3334 28.8082 1.6
      vertex 58.5 26.8 1.6
      vertex 58.5 28.8 1.6
    endloop
  endfacet
  facet normal 0 0 1
    outer loop
      vertex 58.1373 26.8178 1.6
      vertex 58.3334 28.8082 1.6
      vertex 58.1683 28.8327 1.6
    endloop
  endfacet
  facet normal 0 0 1
    outer loop
      vertex 58.3334 28.8082 1.6
      vertex 58.1373 26.8178 1.6
      vertex 58.5 26.8 1.6
    endloop
  endfacet
  facet normal 0 0 1
    outer loop
      vertex 57.7782 26.8711 1.6
      vertex 58.1683 28.8327 1.6
      vertex 58.0065 28.8732 1.6
    endloop
  endfacet
  facet normal 0 0 1
    outer loop
      vertex 57.4259 26.9593 1.6
      vertex 58.0065 28.8732 1.6
      vertex 57.8494 28.9294 1.6
    endloop
  endfacet
  facet normal 0 0 1
    outer loop
      vertex 58.1683 28.8327 1.6
      vertex 57.7782 26.8711 1.6
      vertex 58.1373 26.8178 1.6
    endloop
  endfacet
  facet normal 0 0 1
    outer loop
      vertex 57.0841 27.0816 1.6
      vertex 57.8494 28.9294 1.6
      vertex 57.6986 29.0007 1.6
    endloop
  endfacet
  facet normal 0 0 1
    outer loop
      vertex 56.7558 27.2369 1.6
      vertex 57.6986 29.0007 1.6
      vertex 57.5555 29.0865 1.6
    endloop
  endfacet
  facet normal 0 0 1
    outer loop
      vertex 58.0065 28.8732 1.6
      vertex 57.4259 26.9593 1.6
      vertex 57.7782 26.8711 1.6
    endloop
  endfacet
  facet normal 0 0 1
    outer loop
      vertex 56.4444 27.4236 1.6
      vertex 57.5555 29.0865 1.6
      vertex 57.4215 29.1859 1.6
    endloop
  endfacet
  facet normal 0 0 1
    outer loop
      vertex 56.1527 27.6399 1.6
      vertex 57.4215 29.1859 1.6
      vertex 57.2979 29.2979 1.6
    endloop
  endfacet
  facet normal 0 0 1
    outer loop
      vertex 55.8837 27.8837 1.6
      vertex 57.2979 29.2979 1.6
      vertex 57.1859 29.4215 1.6
    endloop
  endfacet
  facet normal 0 0 1
    outer loop
      vertex 55.6399 28.1527 1.6
      vertex 57.1859 29.4215 1.6
      vertex 57.0865 29.5555 1.6
    endloop
  endfacet
  facet normal 0 0 1
    outer loop
      vertex 57.8494 28.9294 1.6
      vertex 57.0841 27.0816 1.6
      vertex 57.4259 26.9593 1.6
    endloop
  endfacet
  facet normal 0 0 1
    outer loop
      vertex 55.4236 28.4444 1.6
      vertex 57.0865 29.5555 1.6
      vertex 57.0007 29.6986 1.6
    endloop
  endfacet
  facet normal 0 0 1
    outer loop
      vertex 55.2369 28.7558 1.6
      vertex 57.0007 29.6986 1.6
      vertex 56.9294 29.8494 1.6
    endloop
  endfacet
  facet normal 0 0 1
    outer loop
      vertex 55.0816 29.0841 1.6
      vertex 56.9294 29.8494 1.6
      vertex 56.8732 30.0065 1.6
    endloop
  endfacet
  facet normal 0 0 1
    outer loop
      vertex 54.9593 29.4259 1.6
      vertex 56.8732 30.0065 1.6
      vertex 56.8327 30.1683 1.6
    endloop
  endfacet
  facet normal 0 0 1
    outer loop
      vertex 54.8711 29.7782 1.6
      vertex 56.8327 30.1683 1.6
      vertex 56.8082 30.3334 1.6
    endloop
  endfacet
  facet normal 0 0 1
    outer loop
      vertex 57.6986 29.0007 1.6
      vertex 56.7558 27.2369 1.6
      vertex 57.0841 27.0816 1.6
    endloop
  endfacet
  facet normal 0 0 1
    outer loop
      vertex 54.8178 30.1373 1.6
      vertex 56.8082 30.3334 1.6
      vertex 56.8 30.5 1.6
    endloop
  endfacet
  facet normal -0 0 1
    outer loop
      vertex 55.2369 32.2442 1.6
      vertex 57.0007 31.3014 1.6
      vertex 55.4236 32.5556 1.6
    endloop
  endfacet
  facet normal 0 0 1
    outer loop
      vertex 57.0007 31.3014 1.6
      vertex 55.2369 32.2442 1.6
      vertex 56.9294 31.1506 1.6
    endloop
  endfacet
  facet normal 0 0 1
    outer loop
      vertex 57.5555 29.0865 1.6
      vertex 56.4444 27.4236 1.6
      vertex 56.7558 27.2369 1.6
    endloop
  endfacet
  facet normal -0 0 1
    outer loop
      vertex 55.0816 31.9159 1.6
      vertex 56.9294 31.1506 1.6
      vertex 55.2369 32.2442 1.6
    endloop
  endfacet
  facet normal 0 0 1
    outer loop
      vertex 57.4215 29.1859 1.6
      vertex 56.1527 27.6399 1.6
      vertex 56.4444 27.4236 1.6
    endloop
  endfacet
  facet normal 0 0 1
    outer loop
      vertex 56.9294 31.1506 1.6
      vertex 55.0816 31.9159 1.6
      vertex 56.8732 30.9935 1.6
    endloop
  endfacet
  facet normal 0 0 1
    outer loop
      vertex 57.2979 29.2979 1.6
      vertex 55.8837 27.8837 1.6
      vertex 56.1527 27.6399 1.6
    endloop
  endfacet
  facet normal -0 0 1
    outer loop
      vertex 54.9593 31.5741 1.6
      vertex 56.8732 30.9935 1.6
      vertex 55.0816 31.9159 1.6
    endloop
  endfacet
  facet normal 0 0 1
    outer loop
      vertex 57.1859 29.4215 1.6
      vertex 55.6399 28.1527 1.6
      vertex 55.8837 27.8837 1.6
    endloop
  endfacet
  facet normal 0 0 1
    outer loop
      vertex 56.8732 30.9935 1.6
      vertex 54.9593 31.5741 1.6
      vertex 56.8327 30.8317 1.6
    endloop
  endfacet
  facet normal 0 0 1
    outer loop
      vertex 57.0865 29.5555 1.6
      vertex 55.4236 28.4444 1.6
      vertex 55.6399 28.1527 1.6
    endloop
  endfacet
  facet normal -0 0 1
    outer loop
      vertex 54.8711 31.2218 1.6
      vertex 56.8327 30.8317 1.6
      vertex 54.9593 31.5741 1.6
    endloop
  endfacet
  facet normal 0 0 1
    outer loop
      vertex 57.0007 29.6986 1.6
      vertex 55.2369 28.7558 1.6
      vertex 55.4236 28.4444 1.6
    endloop
  endfacet
  facet normal 0 0 1
    outer loop
      vertex 56.8327 30.8317 1.6
      vertex 54.8711 31.2218 1.6
      vertex 56.8082 30.6666 1.6
    endloop
  endfacet
  facet normal 0 0 1
    outer loop
      vertex 56.9294 29.8494 1.6
      vertex 55.0816 29.0841 1.6
      vertex 55.2369 28.7558 1.6
    endloop
  endfacet
  facet normal -0 0 1
    outer loop
      vertex 54.8178 30.8627 1.6
      vertex 56.8082 30.6666 1.6
      vertex 54.8711 31.2218 1.6
    endloop
  endfacet
  facet normal 0 0 1
    outer loop
      vertex 56.8732 30.0065 1.6
      vertex 54.9593 29.4259 1.6
      vertex 55.0816 29.0841 1.6
    endloop
  endfacet
  facet normal 0 0 1
    outer loop
      vertex 56.8082 30.6666 1.6
      vertex 54.8178 30.8627 1.6
      vertex 56.8 30.5 1.6
    endloop
  endfacet
  facet normal 0 0 1
    outer loop
      vertex 56.8327 30.1683 1.6
      vertex 54.8711 29.7782 1.6
      vertex 54.9593 29.4259 1.6
    endloop
  endfacet
  facet normal 0 0 1
    outer loop
      vertex 54.8 30.5 1.6
      vertex 56.8 30.5 1.6
      vertex 54.8178 30.8627 1.6
    endloop
  endfacet
  facet normal 0 0 1
    outer loop
      vertex 56.8082 30.3334 1.6
      vertex 54.8178 30.1373 1.6
      vertex 54.8711 29.7782 1.6
    endloop
  endfacet
  facet normal 0 0 1
    outer loop
      vertex 56.8 30.5 1.6
      vertex 54.8 30.5 1.6
      vertex 54.8178 30.1373 1.6
    endloop
  endfacet
  facet normal -0 0 1
    outer loop
      vertex 59.9135 -31.4445 1.6
      vertex 61.5764 -32.5556 1.6
      vertex 59.9993 -31.3014 1.6
    endloop
  endfacet
  facet normal 0 0 1
    outer loop
      vertex 61.5764 -32.5556 1.6
      vertex 59.9135 -31.4445 1.6
      vertex 61.3601 -32.8473 1.6
    endloop
  endfacet
  facet normal -0 0 1
    outer loop
      vertex 59.8141 -31.5785 1.6
      vertex 61.3601 -32.8473 1.6
      vertex 59.9135 -31.4445 1.6
    endloop
  endfacet
  facet normal 0 0 1
    outer loop
      vertex 61.3601 -32.8473 1.6
      vertex 59.8141 -31.5785 1.6
      vertex 61.1163 -33.1163 1.6
    endloop
  endfacet
  facet normal -0 0 1
    outer loop
      vertex 59.7021 -31.7021 1.6
      vertex 61.1163 -33.1163 1.6
      vertex 59.8141 -31.5785 1.6
    endloop
  endfacet
  facet normal 0 0 1
    outer loop
      vertex 61.1163 -33.1163 1.6
      vertex 59.7021 -31.7021 1.6
      vertex 60.8473 -33.3601 1.6
    endloop
  endfacet
  facet normal -0 0 1
    outer loop
      vertex 59.5785 -31.8141 1.6
      vertex 60.8473 -33.3601 1.6
      vertex 59.7021 -31.7021 1.6
    endloop
  endfacet
  facet normal 0 0 1
    outer loop
      vertex 60.8473 -33.3601 1.6
      vertex 59.5785 -31.8141 1.6
      vertex 60.5556 -33.5764 1.6
    endloop
  endfacet
  facet normal -0 0 1
    outer loop
      vertex 59.4445 -31.9135 1.6
      vertex 60.5556 -33.5764 1.6
      vertex 59.5785 -31.8141 1.6
    endloop
  endfacet
  facet normal 0 0 1
    outer loop
      vertex 60.5556 -33.5764 1.6
      vertex 59.4445 -31.9135 1.6
      vertex 60.2442 -33.7631 1.6
    endloop
  endfacet
  facet normal -0 0 1
    outer loop
      vertex 59.3014 -31.9993 1.6
      vertex 60.2442 -33.7631 1.6
      vertex 59.4445 -31.9135 1.6
    endloop
  endfacet
  facet normal -0.941488 0.337047 0
    outer loop
      vertex -64.8708 34.8709 0
      vertex -64.7716 35.148 1.6
      vertex -64.7716 35.148 0
    endloop
  endfacet
  facet normal -0.941488 0.337047 0
    outer loop
      vertex -64.7716 35.148 1.6
      vertex -64.8708 34.8709 0
      vertex -64.8708 34.8709 1.6
    endloop
  endfacet
  facet normal 0.969982 0.243175 0
    outer loop
      vertex 64.9424 34.5853 1.6
      vertex 64.8708 34.8709 0
      vertex 64.8708 34.8709 1.6
    endloop
  endfacet
  facet normal 0.969982 0.243175 0
    outer loop
      vertex 64.8708 34.8709 0
      vertex 64.9424 34.5853 1.6
      vertex 64.9424 34.5853 0
    endloop
  endfacet
  facet normal 0.989224 0.146413 0
    outer loop
      vertex 64.9855 34.2941 1.6
      vertex 64.9424 34.5853 0
      vertex 64.9424 34.5853 1.6
    endloop
  endfacet
  facet normal 0.989224 0.146413 0
    outer loop
      vertex 64.9424 34.5853 0
      vertex 64.9855 34.2941 1.6
      vertex 64.9855 34.2941 0
    endloop
  endfacet
  facet normal -0.941488 -0.337047 0
    outer loop
      vertex -64.7716 -35.148 0
      vertex -64.8708 -34.8709 1.6
      vertex -64.8708 -34.8709 0
    endloop
  endfacet
  facet normal -0.941488 -0.337047 0
    outer loop
      vertex -64.8708 -34.8709 1.6
      vertex -64.7716 -35.148 0
      vertex -64.7716 -35.148 1.6
    endloop
  endfacet
  facet normal -0.427269 0.904125 0
    outer loop
      vertex -63.148 36.7716 0
      vertex -63.4142 36.6458 1.6
      vertex -63.148 36.7716 1.6
    endloop
  endfacet
  facet normal -0.427269 0.904125 0
    outer loop
      vertex -63.4142 36.6458 1.6
      vertex -63.148 36.7716 0
      vertex -63.4142 36.6458 0
    endloop
  endfacet
  facet normal -0.989224 -0.146413 0
    outer loop
      vertex -64.9424 -34.5853 0
      vertex -64.9855 -34.2941 1.6
      vertex -64.9855 -34.2941 0
    endloop
  endfacet
  facet normal -0.989224 -0.146413 0
    outer loop
      vertex -64.9855 -34.2941 1.6
      vertex -64.9424 -34.5853 0
      vertex -64.9424 -34.5853 1.6
    endloop
  endfacet
  facet normal -0.969982 -0.243175 0
    outer loop
      vertex -64.8708 -34.8709 0
      vertex -64.9424 -34.5853 1.6
      vertex -64.9424 -34.5853 0
    endloop
  endfacet
  facet normal -0.969982 -0.243175 0
    outer loop
      vertex -64.9424 -34.5853 1.6
      vertex -64.8708 -34.8709 0
      vertex -64.8708 -34.8709 1.6
    endloop
  endfacet
  facet normal 0.146746 0.989174 -0
    outer loop
      vertex 62.5853 36.9424 0
      vertex 62.2941 36.9856 1.6
      vertex 62.5853 36.9424 1.6
    endloop
  endfacet
  facet normal 0.146746 0.989174 0
    outer loop
      vertex 62.2941 36.9856 1.6
      vertex 62.5853 36.9424 0
      vertex 62.2941 36.9856 0
    endloop
  endfacet
  facet normal -1 0 0
    outer loop
      vertex 62 31.6877 0
      vertex 62 34 1.6
      vertex 62 34 0
    endloop
  endfacet
  facet normal -1 -0 0
    outer loop
      vertex 62 34 1.6
      vertex 62 31.6877 0
      vertex 62 31.6877 1.6
    endloop
  endfacet
  facet normal -1 0 0
    outer loop
      vertex 62 -34 0
      vertex 62 -31.6877 1.6
      vertex 62 -31.6877 0
    endloop
  endfacet
  facet normal -1 -0 0
    outer loop
      vertex 62 -31.6877 1.6
      vertex 62 -34 0
      vertex 62 -34 1.6
    endloop
  endfacet
  facet normal -1 0 0
    outer loop
      vertex 62 -29.3123 0
      vertex 62 29.3123 1.6
      vertex 62 29.3123 0
    endloop
  endfacet
  facet normal -1 -0 0
    outer loop
      vertex 62 29.3123 1.6
      vertex 62 -29.3123 0
      vertex 62 -29.3123 1.6
    endloop
  endfacet
  facet normal 1 -0 0
    outer loop
      vertex -62 -34 1.6
      vertex -62 -31.6877 0
      vertex -62 -31.6877 1.6
    endloop
  endfacet
  facet normal 1 0 0
    outer loop
      vertex -62 -31.6877 0
      vertex -62 -34 1.6
      vertex -62 -34 0
    endloop
  endfacet
  facet normal 1 -0 0
    outer loop
      vertex -62 31.6877 1.6
      vertex -62 34 0
      vertex -62 34 1.6
    endloop
  endfacet
  facet normal 1 0 0
    outer loop
      vertex -62 34 0
      vertex -62 31.6877 1.6
      vertex -62 31.6877 0
    endloop
  endfacet
  facet normal 1 -0 0
    outer loop
      vertex -62 -29.3123 1.6
      vertex -62 29.3123 0
      vertex -62 29.3123 1.6
    endloop
  endfacet
  facet normal 1 0 0
    outer loop
      vertex -62 29.3123 0
      vertex -62 -29.3123 1.6
      vertex -62 -29.3123 0
    endloop
  endfacet
  facet normal 0 -1 0
    outer loop
      vertex -62 34 0
      vertex -59.6877 34 1.6
      vertex -62 34 1.6
    endloop
  endfacet
  facet normal 0 -1 -0
    outer loop
      vertex -59.6877 34 1.6
      vertex -62 34 0
      vertex -59.6877 34 0
    endloop
  endfacet
  facet normal 0 -1 0
    outer loop
      vertex 59.6877 34 0
      vertex 62 34 1.6
      vertex 59.6877 34 1.6
    endloop
  endfacet
  facet normal 0 -1 -0
    outer loop
      vertex 62 34 1.6
      vertex 59.6877 34 0
      vertex 62 34 0
    endloop
  endfacet
  facet normal 0 -1 0
    outer loop
      vertex -57.3123 34 0
      vertex 57.3123 34 1.6
      vertex -57.3123 34 1.6
    endloop
  endfacet
  facet normal 0 -1 -0
    outer loop
      vertex 57.3123 34 1.6
      vertex -57.3123 34 0
      vertex 57.3123 34 0
    endloop
  endfacet
  facet normal 0 1 -0
    outer loop
      vertex -59.6877 -34 0
      vertex -62 -34 1.6
      vertex -59.6877 -34 1.6
    endloop
  endfacet
  facet normal 0 1 0
    outer loop
      vertex -62 -34 1.6
      vertex -59.6877 -34 0
      vertex -62 -34 0
    endloop
  endfacet
  facet normal 0 1 -0
    outer loop
      vertex 62 -34 0
      vertex 59.6877 -34 1.6
      vertex 62 -34 1.6
    endloop
  endfacet
  facet normal 0 1 0
    outer loop
      vertex 59.6877 -34 1.6
      vertex 62 -34 0
      vertex 59.6877 -34 0
    endloop
  endfacet
  facet normal 0 1 -0
    outer loop
      vertex 57.3123 -34 0
      vertex -57.3123 -34 1.6
      vertex 57.3123 -34 1.6
    endloop
  endfacet
  facet normal 0 1 0
    outer loop
      vertex -57.3123 -34 1.6
      vertex 57.3123 -34 0
      vertex -57.3123 -34 0
    endloop
  endfacet
  facet normal 0.671548 -0.740961 0
    outer loop
      vertex -56.1527 -33.3601 0
      vertex -55.8837 -33.1163 1.6
      vertex -56.1527 -33.3601 1.6
    endloop
  endfacet
  facet normal 0.671548 -0.740961 0
    outer loop
      vertex -55.8837 -33.1163 1.6
      vertex -56.1527 -33.3601 0
      vertex -55.8837 -33.1163 0
    endloop
  endfacet
  facet normal 0.989163 0.146818 0
    outer loop
      vertex -54.8178 -30.1373 1.6
      vertex -54.8711 -29.7782 0
      vertex -54.8711 -29.7782 1.6
    endloop
  endfacet
  facet normal 0.989163 0.146818 0
    outer loop
      vertex -54.8711 -29.7782 0
      vertex -54.8178 -30.1373 1.6
      vertex -54.8178 -30.1373 0
    endloop
  endfacet
  facet normal 0.998798 0.0490174 0
    outer loop
      vertex -54.8 -30.5 1.6
      vertex -54.8178 -30.1373 0
      vertex -54.8178 -30.1373 1.6
    endloop
  endfacet
  facet normal 0.998798 0.0490174 0
    outer loop
      vertex -54.8178 -30.1373 0
      vertex -54.8 -30.5 1.6
      vertex -54.8 -30.5 0
    endloop
  endfacet
  facet normal 0.941542 0.336895 0
    outer loop
      vertex -54.9593 -29.4259 1.6
      vertex -55.0816 -29.0841 0
      vertex -55.0816 -29.0841 1.6
    endloop
  endfacet
  facet normal 0.941542 0.336895 0
    outer loop
      vertex -55.0816 -29.0841 0
      vertex -54.9593 -29.4259 1.6
      vertex -54.9593 -29.4259 0
    endloop
  endfacet
  facet normal -0.903962 -0.427613 0
    outer loop
      vertex -61.7631 -32.2442 0
      vertex -61.9184 -31.9159 1.6
      vertex -61.9184 -31.9159 0
    endloop
  endfacet
  facet normal -0.903962 -0.427613 0
    outer loop
      vertex -61.9184 -31.9159 1.6
      vertex -61.7631 -32.2442 0
      vertex -61.7631 -32.2442 1.6
    endloop
  endfacet
  facet normal 0.80326 -0.595629 0
    outer loop
      vertex -55.6399 -32.8473 1.6
      vertex -55.4236 -32.5556 0
      vertex -55.4236 -32.5556 1.6
    endloop
  endfacet
  facet normal 0.80326 -0.595629 0
    outer loop
      vertex -55.4236 -32.5556 0
      vertex -55.6399 -32.8473 1.6
      vertex -55.6399 -32.8473 0
    endloop
  endfacet
  facet normal 0.998798 -0.0490174 0
    outer loop
      vertex -54.8178 -30.8627 1.6
      vertex -54.8 -30.5 0
      vertex -54.8 -30.5 1.6
    endloop
  endfacet
  facet normal 0.998798 -0.0490174 0
    outer loop
      vertex -54.8 -30.5 0
      vertex -54.8178 -30.8627 1.6
      vertex -54.8178 -30.8627 0
    endloop
  endfacet
  facet normal 0.671548 0.740961 -0
    outer loop
      vertex -55.8837 -27.8837 0
      vertex -56.1527 -27.6399 1.6
      vertex -55.8837 -27.8837 1.6
    endloop
  endfacet
  facet normal 0.671548 0.740961 0
    outer loop
      vertex -56.1527 -27.6399 1.6
      vertex -55.8837 -27.8837 0
      vertex -56.1527 -27.6399 0
    endloop
  endfacet
  facet normal 0.146818 0.989163 -0
    outer loop
      vertex -57.7782 -26.8711 0
      vertex -58.1373 -26.8178 1.6
      vertex -57.7782 -26.8711 1.6
    endloop
  endfacet
  facet normal 0.146818 0.989163 0
    outer loop
      vertex -58.1373 -26.8178 1.6
      vertex -57.7782 -26.8711 0
      vertex -58.1373 -26.8178 0
    endloop
  endfacet
  facet normal 0.0490174 0.998798 -0
    outer loop
      vertex -58.1373 -26.8178 0
      vertex -58.5 -26.8 1.6
      vertex -58.1373 -26.8178 1.6
    endloop
  endfacet
  facet normal 0.0490174 0.998798 0
    outer loop
      vertex -58.5 -26.8 1.6
      vertex -58.1373 -26.8178 0
      vertex -58.5 -26.8 0
    endloop
  endfacet
  facet normal 0.903962 -0.427613 0
    outer loop
      vertex -55.2369 -32.2442 1.6
      vertex -55.0816 -31.9159 0
      vertex -55.0816 -31.9159 1.6
    endloop
  endfacet
  facet normal 0.903962 -0.427613 0
    outer loop
      vertex -55.0816 -31.9159 0
      vertex -55.2369 -32.2442 1.6
      vertex -55.2369 -32.2442 0
    endloop
  endfacet
  facet normal -0.514212 0.857663 0
    outer loop
      vertex -60.2442 -27.2369 0
      vertex -60.5556 -27.4236 1.6
      vertex -60.2442 -27.2369 1.6
    endloop
  endfacet
  facet normal -0.514212 0.857663 0
    outer loop
      vertex -60.5556 -27.4236 1.6
      vertex -60.2442 -27.2369 0
      vertex -60.5556 -27.4236 0
    endloop
  endfacet
  facet normal -0.80326 -0.595629 0
    outer loop
      vertex -61.3601 -32.8473 0
      vertex -61.5764 -32.5556 1.6
      vertex -61.5764 -32.5556 0
    endloop
  endfacet
  facet normal -0.80326 -0.595629 0
    outer loop
      vertex -61.5764 -32.5556 1.6
      vertex -61.3601 -32.8473 0
      vertex -61.3601 -32.8473 1.6
    endloop
  endfacet
  facet normal 0.80326 0.595629 0
    outer loop
      vertex -55.4236 -28.4444 1.6
      vertex -55.6399 -28.1527 0
      vertex -55.6399 -28.1527 1.6
    endloop
  endfacet
  facet normal 0.80326 0.595629 0
    outer loop
      vertex -55.6399 -28.1527 0
      vertex -55.4236 -28.4444 1.6
      vertex -55.4236 -28.4444 0
    endloop
  endfacet
  facet normal 0.970061 -0.24286 0
    outer loop
      vertex -54.9593 -31.5741 1.6
      vertex -54.8711 -31.2218 0
      vertex -54.8711 -31.2218 1.6
    endloop
  endfacet
  facet normal 0.970061 -0.24286 0
    outer loop
      vertex -54.8711 -31.2218 0
      vertex -54.9593 -31.5741 1.6
      vertex -54.9593 -31.5741 0
    endloop
  endfacet
  facet normal 0.857663 0.514212 0
    outer loop
      vertex -55.2369 -28.7558 1.6
      vertex -55.4236 -28.4444 0
      vertex -55.4236 -28.4444 1.6
    endloop
  endfacet
  facet normal 0.857663 0.514212 0
    outer loop
      vertex -55.4236 -28.4444 0
      vertex -55.2369 -28.7558 1.6
      vertex -55.2369 -28.7558 0
    endloop
  endfacet
  facet normal -0.336895 0.941542 0
    outer loop
      vertex -59.5741 -26.9593 0
      vertex -59.9159 -27.0816 1.6
      vertex -59.5741 -26.9593 1.6
    endloop
  endfacet
  facet normal -0.336895 0.941542 0
    outer loop
      vertex -59.9159 -27.0816 1.6
      vertex -59.5741 -26.9593 0
      vertex -59.9159 -27.0816 0
    endloop
  endfacet
  facet normal -0.740961 -0.671548 0
    outer loop
      vertex -61.1163 -33.1163 0
      vertex -61.3601 -32.8473 1.6
      vertex -61.3601 -32.8473 0
    endloop
  endfacet
  facet normal -0.740961 -0.671548 0
    outer loop
      vertex -61.3601 -32.8473 1.6
      vertex -61.1163 -33.1163 0
      vertex -61.1163 -33.1163 1.6
    endloop
  endfacet
  facet normal -0.595629 -0.80326 0
    outer loop
      vertex -60.8473 -33.3601 0
      vertex -60.5556 -33.5764 1.6
      vertex -60.8473 -33.3601 1.6
    endloop
  endfacet
  facet normal -0.595629 -0.80326 -0
    outer loop
      vertex -60.5556 -33.5764 1.6
      vertex -60.8473 -33.3601 0
      vertex -60.5556 -33.5764 0
    endloop
  endfacet
  facet normal 0.427613 0.903962 -0
    outer loop
      vertex -56.7558 -27.2369 0
      vertex -57.0841 -27.0816 1.6
      vertex -56.7558 -27.2369 1.6
    endloop
  endfacet
  facet normal 0.427613 0.903962 0
    outer loop
      vertex -57.0841 -27.0816 1.6
      vertex -56.7558 -27.2369 0
      vertex -57.0841 -27.0816 0
    endloop
  endfacet
  facet normal -0.80326 0.595629 0
    outer loop
      vertex -61.5764 -28.4444 0
      vertex -61.3601 -28.1527 1.6
      vertex -61.3601 -28.1527 0
    endloop
  endfacet
  facet normal -0.80326 0.595629 0
    outer loop
      vertex -61.3601 -28.1527 1.6
      vertex -61.5764 -28.4444 0
      vertex -61.5764 -28.4444 1.6
    endloop
  endfacet
  facet normal 0.595629 -0.80326 0
    outer loop
      vertex -56.4444 -33.5764 0
      vertex -56.1527 -33.3601 1.6
      vertex -56.4444 -33.5764 1.6
    endloop
  endfacet
  facet normal 0.595629 -0.80326 0
    outer loop
      vertex -56.1527 -33.3601 1.6
      vertex -56.4444 -33.5764 0
      vertex -56.1527 -33.3601 0
    endloop
  endfacet
  facet normal -0.595629 0.80326 0
    outer loop
      vertex -60.5556 -27.4236 0
      vertex -60.8473 -27.6399 1.6
      vertex -60.5556 -27.4236 1.6
    endloop
  endfacet
  facet normal -0.595629 0.80326 0
    outer loop
      vertex -60.8473 -27.6399 1.6
      vertex -60.5556 -27.4236 0
      vertex -60.8473 -27.6399 0
    endloop
  endfacet
  facet normal -0.336702 -0.941611 0
    outer loop
      vertex -59.9159 -33.9184 0
      vertex -59.6877 -34 1.6
      vertex -59.9159 -33.9184 1.6
    endloop
  endfacet
  facet normal -0.336702 -0.941611 -0
    outer loop
      vertex -59.6877 -34 1.6
      vertex -59.9159 -33.9184 0
      vertex -59.6877 -34 0
    endloop
  endfacet
  facet normal 0.514212 -0.857663 0
    outer loop
      vertex -56.7558 -33.7631 0
      vertex -56.4444 -33.5764 1.6
      vertex -56.7558 -33.7631 1.6
    endloop
  endfacet
  facet normal 0.514212 -0.857663 0
    outer loop
      vertex -56.4444 -33.5764 1.6
      vertex -56.7558 -33.7631 0
      vertex -56.4444 -33.5764 0
    endloop
  endfacet
  facet normal 0.336702 -0.941611 0
    outer loop
      vertex -57.3123 -34 0
      vertex -57.0841 -33.9184 1.6
      vertex -57.3123 -34 1.6
    endloop
  endfacet
  facet normal 0.336702 -0.941611 0
    outer loop
      vertex -57.0841 -33.9184 1.6
      vertex -57.3123 -34 0
      vertex -57.0841 -33.9184 0
    endloop
  endfacet
  facet normal 0.24286 0.970061 -0
    outer loop
      vertex -57.4259 -26.9593 0
      vertex -57.7782 -26.8711 1.6
      vertex -57.4259 -26.9593 1.6
    endloop
  endfacet
  facet normal 0.24286 0.970061 0
    outer loop
      vertex -57.7782 -26.8711 1.6
      vertex -57.4259 -26.9593 0
      vertex -57.7782 -26.8711 0
    endloop
  endfacet
  facet normal -0.740961 0.671548 0
    outer loop
      vertex -61.3601 -28.1527 0
      vertex -61.1163 -27.8837 1.6
      vertex -61.1163 -27.8837 0
    endloop
  endfacet
  facet normal -0.740961 0.671548 0
    outer loop
      vertex -61.1163 -27.8837 1.6
      vertex -61.3601 -28.1527 0
      vertex -61.3601 -28.1527 1.6
    endloop
  endfacet
  facet normal 0.514212 0.857663 -0
    outer loop
      vertex -56.4444 -27.4236 0
      vertex -56.7558 -27.2369 1.6
      vertex -56.4444 -27.4236 1.6
    endloop
  endfacet
  facet normal 0.514212 0.857663 0
    outer loop
      vertex -56.7558 -27.2369 1.6
      vertex -56.4444 -27.4236 0
      vertex -56.7558 -27.2369 0
    endloop
  endfacet
  facet normal -0.671548 0.740961 0
    outer loop
      vertex -60.8473 -27.6399 0
      vertex -61.1163 -27.8837 1.6
      vertex -60.8473 -27.6399 1.6
    endloop
  endfacet
  facet normal -0.671548 0.740961 0
    outer loop
      vertex -61.1163 -27.8837 1.6
      vertex -60.8473 -27.6399 0
      vertex -61.1163 -27.8837 0
    endloop
  endfacet
  facet normal -0.427613 0.903962 0
    outer loop
      vertex -59.9159 -27.0816 0
      vertex -60.2442 -27.2369 1.6
      vertex -59.9159 -27.0816 1.6
    endloop
  endfacet
  facet normal -0.427613 0.903962 0
    outer loop
      vertex -60.2442 -27.2369 1.6
      vertex -59.9159 -27.0816 0
      vertex -60.2442 -27.2369 0
    endloop
  endfacet
  facet normal 0.857663 -0.514212 0
    outer loop
      vertex -55.4236 -32.5556 1.6
      vertex -55.2369 -32.2442 0
      vertex -55.2369 -32.2442 1.6
    endloop
  endfacet
  facet normal 0.857663 -0.514212 0
    outer loop
      vertex -55.2369 -32.2442 0
      vertex -55.4236 -32.5556 1.6
      vertex -55.4236 -32.5556 0
    endloop
  endfacet
  facet normal 0.427613 -0.903962 0
    outer loop
      vertex -57.0841 -33.9184 0
      vertex -56.7558 -33.7631 1.6
      vertex -57.0841 -33.9184 1.6
    endloop
  endfacet
  facet normal 0.427613 -0.903962 0
    outer loop
      vertex -56.7558 -33.7631 1.6
      vertex -57.0841 -33.9184 0
      vertex -56.7558 -33.7631 0
    endloop
  endfacet
  facet normal 0.941542 -0.336895 0
    outer loop
      vertex -55.0816 -31.9159 1.6
      vertex -54.9593 -31.5741 0
      vertex -54.9593 -31.5741 1.6
    endloop
  endfacet
  facet normal 0.941542 -0.336895 0
    outer loop
      vertex -54.9593 -31.5741 0
      vertex -55.0816 -31.9159 1.6
      vertex -55.0816 -31.9159 0
    endloop
  endfacet
  facet normal 0.595629 0.80326 -0
    outer loop
      vertex -56.1527 -27.6399 0
      vertex -56.4444 -27.4236 1.6
      vertex -56.1527 -27.6399 1.6
    endloop
  endfacet
  facet normal 0.595629 0.80326 0
    outer loop
      vertex -56.4444 -27.4236 1.6
      vertex -56.1527 -27.6399 0
      vertex -56.4444 -27.4236 0
    endloop
  endfacet
  facet normal 0.989163 -0.146818 0
    outer loop
      vertex -54.8711 -31.2218 1.6
      vertex -54.8178 -30.8627 0
      vertex -54.8178 -30.8627 1.6
    endloop
  endfacet
  facet normal 0.989163 -0.146818 0
    outer loop
      vertex -54.8178 -30.8627 0
      vertex -54.8711 -31.2218 1.6
      vertex -54.8711 -31.2218 0
    endloop
  endfacet
  facet normal 0.903962 0.427613 0
    outer loop
      vertex -55.0816 -29.0841 1.6
      vertex -55.2369 -28.7558 0
      vertex -55.2369 -28.7558 1.6
    endloop
  endfacet
  facet normal 0.903962 0.427613 0
    outer loop
      vertex -55.2369 -28.7558 0
      vertex -55.0816 -29.0841 1.6
      vertex -55.0816 -29.0841 0
    endloop
  endfacet
  facet normal 0.970061 0.24286 0
    outer loop
      vertex -54.8711 -29.7782 1.6
      vertex -54.9593 -29.4259 0
      vertex -54.9593 -29.4259 1.6
    endloop
  endfacet
  facet normal 0.970061 0.24286 0
    outer loop
      vertex -54.9593 -29.4259 0
      vertex -54.8711 -29.7782 1.6
      vertex -54.8711 -29.7782 0
    endloop
  endfacet
  facet normal -0.941611 -0.336702 0
    outer loop
      vertex -61.9184 -31.9159 0
      vertex -62 -31.6877 1.6
      vertex -62 -31.6877 0
    endloop
  endfacet
  facet normal -0.941611 -0.336702 0
    outer loop
      vertex -62 -31.6877 1.6
      vertex -61.9184 -31.9159 0
      vertex -61.9184 -31.9159 1.6
    endloop
  endfacet
  facet normal -0.146818 0.989163 0
    outer loop
      vertex -58.8627 -26.8178 0
      vertex -59.2218 -26.8711 1.6
      vertex -58.8627 -26.8178 1.6
    endloop
  endfacet
  facet normal -0.146818 0.989163 0
    outer loop
      vertex -59.2218 -26.8711 1.6
      vertex -58.8627 -26.8178 0
      vertex -59.2218 -26.8711 0
    endloop
  endfacet
  facet normal -0.857663 -0.514212 0
    outer loop
      vertex -61.5764 -32.5556 0
      vertex -61.7631 -32.2442 1.6
      vertex -61.7631 -32.2442 0
    endloop
  endfacet
  facet normal -0.857663 -0.514212 0
    outer loop
      vertex -61.7631 -32.2442 1.6
      vertex -61.5764 -32.5556 0
      vertex -61.5764 -32.5556 1.6
    endloop
  endfacet
  facet normal -0.0490174 0.998798 0
    outer loop
      vertex -58.5 -26.8 0
      vertex -58.8627 -26.8178 1.6
      vertex -58.5 -26.8 1.6
    endloop
  endfacet
  facet normal -0.0490174 0.998798 0
    outer loop
      vertex -58.8627 -26.8178 1.6
      vertex -58.5 -26.8 0
      vertex -58.8627 -26.8178 0
    endloop
  endfacet
  facet normal -0.24286 0.970061 0
    outer loop
      vertex -59.2218 -26.8711 0
      vertex -59.5741 -26.9593 1.6
      vertex -59.2218 -26.8711 1.6
    endloop
  endfacet
  facet normal -0.24286 0.970061 0
    outer loop
      vertex -59.5741 -26.9593 1.6
      vertex -59.2218 -26.8711 0
      vertex -59.5741 -26.9593 0
    endloop
  endfacet
  facet normal 0.336895 0.941542 -0
    outer loop
      vertex -57.0841 -27.0816 0
      vertex -57.4259 -26.9593 1.6
      vertex -57.0841 -27.0816 1.6
    endloop
  endfacet
  facet normal 0.336895 0.941542 0
    outer loop
      vertex -57.4259 -26.9593 1.6
      vertex -57.0841 -27.0816 0
      vertex -57.4259 -26.9593 0
    endloop
  endfacet
  facet normal 0.740961 -0.671548 0
    outer loop
      vertex -55.8837 -33.1163 1.6
      vertex -55.6399 -32.8473 0
      vertex -55.6399 -32.8473 1.6
    endloop
  endfacet
  facet normal 0.740961 -0.671548 0
    outer loop
      vertex -55.6399 -32.8473 0
      vertex -55.8837 -33.1163 1.6
      vertex -55.8837 -33.1163 0
    endloop
  endfacet
  facet normal 0.740961 0.671548 0
    outer loop
      vertex -55.6399 -28.1527 1.6
      vertex -55.8837 -27.8837 0
      vertex -55.8837 -27.8837 1.6
    endloop
  endfacet
  facet normal 0.740961 0.671548 0
    outer loop
      vertex -55.8837 -27.8837 0
      vertex -55.6399 -28.1527 1.6
      vertex -55.6399 -28.1527 0
    endloop
  endfacet
  facet normal -0.941611 0.336702 0
    outer loop
      vertex -62 -29.3123 0
      vertex -61.9184 -29.0841 1.6
      vertex -61.9184 -29.0841 0
    endloop
  endfacet
  facet normal -0.941611 0.336702 0
    outer loop
      vertex -61.9184 -29.0841 1.6
      vertex -62 -29.3123 0
      vertex -62 -29.3123 1.6
    endloop
  endfacet
  facet normal -0.671548 -0.740961 0
    outer loop
      vertex -61.1163 -33.1163 0
      vertex -60.8473 -33.3601 1.6
      vertex -61.1163 -33.1163 1.6
    endloop
  endfacet
  facet normal -0.671548 -0.740961 -0
    outer loop
      vertex -60.8473 -33.3601 1.6
      vertex -61.1163 -33.1163 0
      vertex -60.8473 -33.3601 0
    endloop
  endfacet
  facet normal -0.857663 0.514212 0
    outer loop
      vertex -61.7631 -28.7558 0
      vertex -61.5764 -28.4444 1.6
      vertex -61.5764 -28.4444 0
    endloop
  endfacet
  facet normal -0.857663 0.514212 0
    outer loop
      vertex -61.5764 -28.4444 1.6
      vertex -61.7631 -28.7558 0
      vertex -61.7631 -28.7558 1.6
    endloop
  endfacet
  facet normal -0.514212 -0.857663 0
    outer loop
      vertex -60.5556 -33.5764 0
      vertex -60.2442 -33.7631 1.6
      vertex -60.5556 -33.5764 1.6
    endloop
  endfacet
  facet normal -0.514212 -0.857663 -0
    outer loop
      vertex -60.2442 -33.7631 1.6
      vertex -60.5556 -33.5764 0
      vertex -60.2442 -33.7631 0
    endloop
  endfacet
  facet normal -0.903962 0.427613 0
    outer loop
      vertex -61.9184 -29.0841 0
      vertex -61.7631 -28.7558 1.6
      vertex -61.7631 -28.7558 0
    endloop
  endfacet
  facet normal -0.903962 0.427613 0
    outer loop
      vertex -61.7631 -28.7558 1.6
      vertex -61.9184 -29.0841 0
      vertex -61.9184 -29.0841 1.6
    endloop
  endfacet
  facet normal -0.427613 -0.903962 0
    outer loop
      vertex -60.2442 -33.7631 0
      vertex -59.9159 -33.9184 1.6
      vertex -60.2442 -33.7631 1.6
    endloop
  endfacet
  facet normal -0.427613 -0.903962 -0
    outer loop
      vertex -59.9159 -33.9184 1.6
      vertex -60.2442 -33.7631 0
      vertex -59.9159 -33.9184 0
    endloop
  endfacet
  facet normal 0.989163 0.146818 0
    outer loop
      vertex -54.8178 30.8627 1.6
      vertex -54.8711 31.2218 0
      vertex -54.8711 31.2218 1.6
    endloop
  endfacet
  facet normal 0.989163 0.146818 0
    outer loop
      vertex -54.8711 31.2218 0
      vertex -54.8178 30.8627 1.6
      vertex -54.8178 30.8627 0
    endloop
  endfacet
  facet normal 0.998798 0.0490174 0
    outer loop
      vertex -54.8 30.5 1.6
      vertex -54.8178 30.8627 0
      vertex -54.8178 30.8627 1.6
    endloop
  endfacet
  facet normal 0.998798 0.0490174 0
    outer loop
      vertex -54.8178 30.8627 0
      vertex -54.8 30.5 1.6
      vertex -54.8 30.5 0
    endloop
  endfacet
  facet normal 0.970061 0.24286 0
    outer loop
      vertex -54.8711 31.2218 1.6
      vertex -54.9593 31.5741 0
      vertex -54.9593 31.5741 1.6
    endloop
  endfacet
  facet normal 0.970061 0.24286 0
    outer loop
      vertex -54.9593 31.5741 0
      vertex -54.8711 31.2218 1.6
      vertex -54.8711 31.2218 0
    endloop
  endfacet
  facet normal -0.903962 -0.427613 0
    outer loop
      vertex -61.7631 28.7558 0
      vertex -61.9184 29.0841 1.6
      vertex -61.9184 29.0841 0
    endloop
  endfacet
  facet normal -0.903962 -0.427613 0
    outer loop
      vertex -61.9184 29.0841 1.6
      vertex -61.7631 28.7558 0
      vertex -61.7631 28.7558 1.6
    endloop
  endfacet
  facet normal 0.427613 -0.903962 0
    outer loop
      vertex -57.0841 27.0816 0
      vertex -56.7558 27.2369 1.6
      vertex -57.0841 27.0816 1.6
    endloop
  endfacet
  facet normal 0.427613 -0.903962 0
    outer loop
      vertex -56.7558 27.2369 1.6
      vertex -57.0841 27.0816 0
      vertex -56.7558 27.2369 0
    endloop
  endfacet
  facet normal 0.514212 0.857663 -0
    outer loop
      vertex -56.4444 33.5764 0
      vertex -56.7558 33.7631 1.6
      vertex -56.4444 33.5764 1.6
    endloop
  endfacet
  facet normal 0.514212 0.857663 0
    outer loop
      vertex -56.7558 33.7631 1.6
      vertex -56.4444 33.5764 0
      vertex -56.7558 33.7631 0
    endloop
  endfacet
  facet normal 0.514212 -0.857663 0
    outer loop
      vertex -56.7558 27.2369 0
      vertex -56.4444 27.4236 1.6
      vertex -56.7558 27.2369 1.6
    endloop
  endfacet
  facet normal 0.514212 -0.857663 0
    outer loop
      vertex -56.4444 27.4236 1.6
      vertex -56.7558 27.2369 0
      vertex -56.4444 27.4236 0
    endloop
  endfacet
  facet normal 0.336895 -0.941542 0
    outer loop
      vertex -57.4259 26.9593 0
      vertex -57.0841 27.0816 1.6
      vertex -57.4259 26.9593 1.6
    endloop
  endfacet
  facet normal 0.336895 -0.941542 0
    outer loop
      vertex -57.0841 27.0816 1.6
      vertex -57.4259 26.9593 0
      vertex -57.0841 27.0816 0
    endloop
  endfacet
  facet normal -0.671548 0.740961 0
    outer loop
      vertex -60.8473 33.3601 0
      vertex -61.1163 33.1163 1.6
      vertex -60.8473 33.3601 1.6
    endloop
  endfacet
  facet normal -0.671548 0.740961 0
    outer loop
      vertex -61.1163 33.1163 1.6
      vertex -60.8473 33.3601 0
      vertex -61.1163 33.1163 0
    endloop
  endfacet
  facet normal -0.514212 0.857663 0
    outer loop
      vertex -60.2442 33.7631 0
      vertex -60.5556 33.5764 1.6
      vertex -60.2442 33.7631 1.6
    endloop
  endfacet
  facet normal -0.514212 0.857663 0
    outer loop
      vertex -60.5556 33.5764 1.6
      vertex -60.2442 33.7631 0
      vertex -60.5556 33.5764 0
    endloop
  endfacet
  facet normal 0.146818 -0.989163 0
    outer loop
      vertex -58.1373 26.8178 0
      vertex -57.7782 26.8711 1.6
      vertex -58.1373 26.8178 1.6
    endloop
  endfacet
  facet normal 0.146818 -0.989163 0
    outer loop
      vertex -57.7782 26.8711 1.6
      vertex -58.1373 26.8178 0
      vertex -57.7782 26.8711 0
    endloop
  endfacet
  facet normal -0.80326 0.595629 0
    outer loop
      vertex -61.5764 32.5556 0
      vertex -61.3601 32.8473 1.6
      vertex -61.3601 32.8473 0
    endloop
  endfacet
  facet normal -0.80326 0.595629 0
    outer loop
      vertex -61.3601 32.8473 1.6
      vertex -61.5764 32.5556 0
      vertex -61.5764 32.5556 1.6
    endloop
  endfacet
  facet normal 0.903962 0.427613 0
    outer loop
      vertex -55.0816 31.9159 1.6
      vertex -55.2369 32.2442 0
      vertex -55.2369 32.2442 1.6
    endloop
  endfacet
  facet normal 0.903962 0.427613 0
    outer loop
      vertex -55.2369 32.2442 0
      vertex -55.0816 31.9159 1.6
      vertex -55.0816 31.9159 0
    endloop
  endfacet
  facet normal -0.941611 0.336702 0
    outer loop
      vertex -62 31.6877 0
      vertex -61.9184 31.9159 1.6
      vertex -61.9184 31.9159 0
    endloop
  endfacet
  facet normal -0.941611 0.336702 0
    outer loop
      vertex -61.9184 31.9159 1.6
      vertex -62 31.6877 0
      vertex -62 31.6877 1.6
    endloop
  endfacet
  facet normal -0.336895 -0.941542 0
    outer loop
      vertex -59.9159 27.0816 0
      vertex -59.5741 26.9593 1.6
      vertex -59.9159 27.0816 1.6
    endloop
  endfacet
  facet normal -0.336895 -0.941542 -0
    outer loop
      vertex -59.5741 26.9593 1.6
      vertex -59.9159 27.0816 0
      vertex -59.5741 26.9593 0
    endloop
  endfacet
  facet normal 0.595629 0.80326 -0
    outer loop
      vertex -56.1527 33.3601 0
      vertex -56.4444 33.5764 1.6
      vertex -56.1527 33.3601 1.6
    endloop
  endfacet
  facet normal 0.595629 0.80326 0
    outer loop
      vertex -56.4444 33.5764 1.6
      vertex -56.1527 33.3601 0
      vertex -56.4444 33.5764 0
    endloop
  endfacet
  facet normal -0.903962 0.427613 0
    outer loop
      vertex -61.9184 31.9159 0
      vertex -61.7631 32.2442 1.6
      vertex -61.7631 32.2442 0
    endloop
  endfacet
  facet normal -0.903962 0.427613 0
    outer loop
      vertex -61.7631 32.2442 1.6
      vertex -61.9184 31.9159 0
      vertex -61.9184 31.9159 1.6
    endloop
  endfacet
  facet normal 0.80326 -0.595629 0
    outer loop
      vertex -55.6399 28.1527 1.6
      vertex -55.4236 28.4444 0
      vertex -55.4236 28.4444 1.6
    endloop
  endfacet
  facet normal 0.80326 -0.595629 0
    outer loop
      vertex -55.4236 28.4444 0
      vertex -55.6399 28.1527 1.6
      vertex -55.6399 28.1527 0
    endloop
  endfacet
  facet normal 0.80326 0.595629 0
    outer loop
      vertex -55.4236 32.5556 1.6
      vertex -55.6399 32.8473 0
      vertex -55.6399 32.8473 1.6
    endloop
  endfacet
  facet normal 0.80326 0.595629 0
    outer loop
      vertex -55.6399 32.8473 0
      vertex -55.4236 32.5556 1.6
      vertex -55.4236 32.5556 0
    endloop
  endfacet
  facet normal -0.857663 -0.514212 0
    outer loop
      vertex -61.5764 28.4444 0
      vertex -61.7631 28.7558 1.6
      vertex -61.7631 28.7558 0
    endloop
  endfacet
  facet normal -0.857663 -0.514212 0
    outer loop
      vertex -61.7631 28.7558 1.6
      vertex -61.5764 28.4444 0
      vertex -61.5764 28.4444 1.6
    endloop
  endfacet
  facet normal -0.941611 -0.336702 0
    outer loop
      vertex -61.9184 29.0841 0
      vertex -62 29.3123 1.6
      vertex -62 29.3123 0
    endloop
  endfacet
  facet normal -0.941611 -0.336702 0
    outer loop
      vertex -62 29.3123 1.6
      vertex -61.9184 29.0841 0
      vertex -61.9184 29.0841 1.6
    endloop
  endfacet
  facet normal -0.427613 0.903962 0
    outer loop
      vertex -59.9159 33.9184 0
      vertex -60.2442 33.7631 1.6
      vertex -59.9159 33.9184 1.6
    endloop
  endfacet
  facet normal -0.427613 0.903962 0
    outer loop
      vertex -60.2442 33.7631 1.6
      vertex -59.9159 33.9184 0
      vertex -60.2442 33.7631 0
    endloop
  endfacet
  facet normal 0.903962 -0.427613 0
    outer loop
      vertex -55.2369 28.7558 1.6
      vertex -55.0816 29.0841 0
      vertex -55.0816 29.0841 1.6
    endloop
  endfacet
  facet normal 0.903962 -0.427613 0
    outer loop
      vertex -55.0816 29.0841 0
      vertex -55.2369 28.7558 1.6
      vertex -55.2369 28.7558 0
    endloop
  endfacet
  facet normal -0.595629 -0.80326 0
    outer loop
      vertex -60.8473 27.6399 0
      vertex -60.5556 27.4236 1.6
      vertex -60.8473 27.6399 1.6
    endloop
  endfacet
  facet normal -0.595629 -0.80326 -0
    outer loop
      vertex -60.5556 27.4236 1.6
      vertex -60.8473 27.6399 0
      vertex -60.5556 27.4236 0
    endloop
  endfacet
  facet normal -0.857663 0.514212 0
    outer loop
      vertex -61.7631 32.2442 0
      vertex -61.5764 32.5556 1.6
      vertex -61.5764 32.5556 0
    endloop
  endfacet
  facet normal -0.857663 0.514212 0
    outer loop
      vertex -61.5764 32.5556 1.6
      vertex -61.7631 32.2442 0
      vertex -61.7631 32.2442 1.6
    endloop
  endfacet
  facet normal 0.998798 -0.0490174 0
    outer loop
      vertex -54.8178 30.1373 1.6
      vertex -54.8 30.5 0
      vertex -54.8 30.5 1.6
    endloop
  endfacet
  facet normal 0.998798 -0.0490174 0
    outer loop
      vertex -54.8 30.5 0
      vertex -54.8178 30.1373 1.6
      vertex -54.8178 30.1373 0
    endloop
  endfacet
  facet normal 0.941542 -0.336895 0
    outer loop
      vertex -55.0816 29.0841 1.6
      vertex -54.9593 29.4259 0
      vertex -54.9593 29.4259 1.6
    endloop
  endfacet
  facet normal 0.941542 -0.336895 0
    outer loop
      vertex -54.9593 29.4259 0
      vertex -55.0816 29.0841 1.6
      vertex -55.0816 29.0841 0
    endloop
  endfacet
  facet normal 0.24286 -0.970061 0
    outer loop
      vertex -57.7782 26.8711 0
      vertex -57.4259 26.9593 1.6
      vertex -57.7782 26.8711 1.6
    endloop
  endfacet
  facet normal 0.24286 -0.970061 0
    outer loop
      vertex -57.4259 26.9593 1.6
      vertex -57.7782 26.8711 0
      vertex -57.4259 26.9593 0
    endloop
  endfacet
  facet normal 0.941542 0.336895 0
    outer loop
      vertex -54.9593 31.5741 1.6
      vertex -55.0816 31.9159 0
      vertex -55.0816 31.9159 1.6
    endloop
  endfacet
  facet normal 0.941542 0.336895 0
    outer loop
      vertex -55.0816 31.9159 0
      vertex -54.9593 31.5741 1.6
      vertex -54.9593 31.5741 0
    endloop
  endfacet
  facet normal 0.989163 -0.146818 0
    outer loop
      vertex -54.8711 29.7782 1.6
      vertex -54.8178 30.1373 0
      vertex -54.8178 30.1373 1.6
    endloop
  endfacet
  facet normal 0.989163 -0.146818 0
    outer loop
      vertex -54.8178 30.1373 0
      vertex -54.8711 29.7782 1.6
      vertex -54.8711 29.7782 0
    endloop
  endfacet
  facet normal 0.970061 -0.24286 0
    outer loop
      vertex -54.9593 29.4259 1.6
      vertex -54.8711 29.7782 0
      vertex -54.8711 29.7782 1.6
    endloop
  endfacet
  facet normal 0.970061 -0.24286 0
    outer loop
      vertex -54.8711 29.7782 0
      vertex -54.9593 29.4259 1.6
      vertex -54.9593 29.4259 0
    endloop
  endfacet
  facet normal 0.671548 0.740961 -0
    outer loop
      vertex -55.8837 33.1163 0
      vertex -56.1527 33.3601 1.6
      vertex -55.8837 33.1163 1.6
    endloop
  endfacet
  facet normal 0.671548 0.740961 0
    outer loop
      vertex -56.1527 33.3601 1.6
      vertex -55.8837 33.1163 0
      vertex -56.1527 33.3601 0
    endloop
  endfacet
  facet normal 0.336702 0.941611 -0
    outer loop
      vertex -57.0841 33.9184 0
      vertex -57.3123 34 1.6
      vertex -57.0841 33.9184 1.6
    endloop
  endfacet
  facet normal 0.336702 0.941611 0
    outer loop
      vertex -57.3123 34 1.6
      vertex -57.0841 33.9184 0
      vertex -57.3123 34 0
    endloop
  endfacet
  facet normal -0.336702 0.941611 0
    outer loop
      vertex -59.6877 34 0
      vertex -59.9159 33.9184 1.6
      vertex -59.6877 34 1.6
    endloop
  endfacet
  facet normal -0.336702 0.941611 0
    outer loop
      vertex -59.9159 33.9184 1.6
      vertex -59.6877 34 0
      vertex -59.9159 33.9184 0
    endloop
  endfacet
  facet normal -0.514212 -0.857663 0
    outer loop
      vertex -60.5556 27.4236 0
      vertex -60.2442 27.2369 1.6
      vertex -60.5556 27.4236 1.6
    endloop
  endfacet
  facet normal -0.514212 -0.857663 -0
    outer loop
      vertex -60.2442 27.2369 1.6
      vertex -60.5556 27.4236 0
      vertex -60.2442 27.2369 0
    endloop
  endfacet
  facet normal 0.857663 -0.514212 0
    outer loop
      vertex -55.4236 28.4444 1.6
      vertex -55.2369 28.7558 0
      vertex -55.2369 28.7558 1.6
    endloop
  endfacet
  facet normal 0.857663 -0.514212 0
    outer loop
      vertex -55.2369 28.7558 0
      vertex -55.4236 28.4444 1.6
      vertex -55.4236 28.4444 0
    endloop
  endfacet
  facet normal 0.427613 0.903962 -0
    outer loop
      vertex -56.7558 33.7631 0
      vertex -57.0841 33.9184 1.6
      vertex -56.7558 33.7631 1.6
    endloop
  endfacet
  facet normal 0.427613 0.903962 0
    outer loop
      vertex -57.0841 33.9184 1.6
      vertex -56.7558 33.7631 0
      vertex -57.0841 33.9184 0
    endloop
  endfacet
  facet normal -0.146818 -0.989163 0
    outer loop
      vertex -59.2218 26.8711 0
      vertex -58.8627 26.8178 1.6
      vertex -59.2218 26.8711 1.6
    endloop
  endfacet
  facet normal -0.146818 -0.989163 -0
    outer loop
      vertex -58.8627 26.8178 1.6
      vertex -59.2218 26.8711 0
      vertex -58.8627 26.8178 0
    endloop
  endfacet
  facet normal -0.595629 0.80326 0
    outer loop
      vertex -60.5556 33.5764 0
      vertex -60.8473 33.3601 1.6
      vertex -60.5556 33.5764 1.6
    endloop
  endfacet
  facet normal -0.595629 0.80326 0
    outer loop
      vertex -60.8473 33.3601 1.6
      vertex -60.5556 33.5764 0
      vertex -60.8473 33.3601 0
    endloop
  endfacet
  facet normal 0.857663 0.514212 0
    outer loop
      vertex -55.2369 32.2442 1.6
      vertex -55.4236 32.5556 0
      vertex -55.4236 32.5556 1.6
    endloop
  endfacet
  facet normal 0.857663 0.514212 0
    outer loop
      vertex -55.4236 32.5556 0
      vertex -55.2369 32.2442 1.6
      vertex -55.2369 32.2442 0
    endloop
  endfacet
  facet normal -0.0490174 -0.998798 0
    outer loop
      vertex -58.8627 26.8178 0
      vertex -58.5 26.8 1.6
      vertex -58.8627 26.8178 1.6
    endloop
  endfacet
  facet normal -0.0490174 -0.998798 -0
    outer loop
      vertex -58.5 26.8 1.6
      vertex -58.8627 26.8178 0
      vertex -58.5 26.8 0
    endloop
  endfacet
  facet normal -0.740961 0.671548 0
    outer loop
      vertex -61.3601 32.8473 0
      vertex -61.1163 33.1163 1.6
      vertex -61.1163 33.1163 0
    endloop
  endfacet
  facet normal -0.740961 0.671548 0
    outer loop
      vertex -61.1163 33.1163 1.6
      vertex -61.3601 32.8473 0
      vertex -61.3601 32.8473 1.6
    endloop
  endfacet
  facet normal 0.0490174 -0.998798 0
    outer loop
      vertex -58.5 26.8 0
      vertex -58.1373 26.8178 1.6
      vertex -58.5 26.8 1.6
    endloop
  endfacet
  facet normal 0.0490174 -0.998798 0
    outer loop
      vertex -58.1373 26.8178 1.6
      vertex -58.5 26.8 0
      vertex -58.1373 26.8178 0
    endloop
  endfacet
  facet normal -0.24286 -0.970061 0
    outer loop
      vertex -59.5741 26.9593 0
      vertex -59.2218 26.8711 1.6
      vertex -59.5741 26.9593 1.6
    endloop
  endfacet
  facet normal -0.24286 -0.970061 -0
    outer loop
      vertex -59.2218 26.8711 1.6
      vertex -59.5741 26.9593 0
      vertex -59.2218 26.8711 0
    endloop
  endfacet
  facet normal 0.671548 -0.740961 0
    outer loop
      vertex -56.1527 27.6399 0
      vertex -55.8837 27.8837 1.6
      vertex -56.1527 27.6399 1.6
    endloop
  endfacet
  facet normal 0.671548 -0.740961 0
    outer loop
      vertex -55.8837 27.8837 1.6
      vertex -56.1527 27.6399 0
      vertex -55.8837 27.8837 0
    endloop
  endfacet
  facet normal -0.671548 -0.740961 0
    outer loop
      vertex -61.1163 27.8837 0
      vertex -60.8473 27.6399 1.6
      vertex -61.1163 27.8837 1.6
    endloop
  endfacet
  facet normal -0.671548 -0.740961 -0
    outer loop
      vertex -60.8473 27.6399 1.6
      vertex -61.1163 27.8837 0
      vertex -60.8473 27.6399 0
    endloop
  endfacet
  facet normal -0.427613 -0.903962 0
    outer loop
      vertex -60.2442 27.2369 0
      vertex -59.9159 27.0816 1.6
      vertex -60.2442 27.2369 1.6
    endloop
  endfacet
  facet normal -0.427613 -0.903962 -0
    outer loop
      vertex -59.9159 27.0816 1.6
      vertex -60.2442 27.2369 0
      vertex -59.9159 27.0816 0
    endloop
  endfacet
  facet normal -0.740961 -0.671548 0
    outer loop
      vertex -61.1163 27.8837 0
      vertex -61.3601 28.1527 1.6
      vertex -61.3601 28.1527 0
    endloop
  endfacet
  facet normal -0.740961 -0.671548 0
    outer loop
      vertex -61.3601 28.1527 1.6
      vertex -61.1163 27.8837 0
      vertex -61.1163 27.8837 1.6
    endloop
  endfacet
  facet normal 0.740961 0.671548 0
    outer loop
      vertex -55.6399 32.8473 1.6
      vertex -55.8837 33.1163 0
      vertex -55.8837 33.1163 1.6
    endloop
  endfacet
  facet normal 0.740961 0.671548 0
    outer loop
      vertex -55.8837 33.1163 0
      vertex -55.6399 32.8473 1.6
      vertex -55.6399 32.8473 0
    endloop
  endfacet
  facet normal 0.595629 -0.80326 0
    outer loop
      vertex -56.4444 27.4236 0
      vertex -56.1527 27.6399 1.6
      vertex -56.4444 27.4236 1.6
    endloop
  endfacet
  facet normal 0.595629 -0.80326 0
    outer loop
      vertex -56.1527 27.6399 1.6
      vertex -56.4444 27.4236 0
      vertex -56.1527 27.6399 0
    endloop
  endfacet
  facet normal -0.80326 -0.595629 0
    outer loop
      vertex -61.3601 28.1527 0
      vertex -61.5764 28.4444 1.6
      vertex -61.5764 28.4444 0
    endloop
  endfacet
  facet normal -0.80326 -0.595629 0
    outer loop
      vertex -61.5764 28.4444 1.6
      vertex -61.3601 28.1527 0
      vertex -61.3601 28.1527 1.6
    endloop
  endfacet
  facet normal 0.740961 -0.671548 0
    outer loop
      vertex -55.8837 27.8837 1.6
      vertex -55.6399 28.1527 0
      vertex -55.6399 28.1527 1.6
    endloop
  endfacet
  facet normal 0.740961 -0.671548 0
    outer loop
      vertex -55.6399 28.1527 0
      vertex -55.8837 27.8837 1.6
      vertex -55.8837 27.8837 0
    endloop
  endfacet
  facet normal -0.970061 0.24286 0
    outer loop
      vertex 54.8711 -29.7782 0
      vertex 54.9593 -29.4259 1.6
      vertex 54.9593 -29.4259 0
    endloop
  endfacet
  facet normal -0.970061 0.24286 0
    outer loop
      vertex 54.9593 -29.4259 1.6
      vertex 54.8711 -29.7782 0
      vertex 54.8711 -29.7782 1.6
    endloop
  endfacet
  facet normal -0.514212 -0.857663 0
    outer loop
      vertex 56.4444 -33.5764 0
      vertex 56.7558 -33.7631 1.6
      vertex 56.4444 -33.5764 1.6
    endloop
  endfacet
  facet normal -0.514212 -0.857663 -0
    outer loop
      vertex 56.7558 -33.7631 1.6
      vertex 56.4444 -33.5764 0
      vertex 56.7558 -33.7631 0
    endloop
  endfacet
  facet normal 0.146818 0.989163 -0
    outer loop
      vertex 59.2218 -26.8711 0
      vertex 58.8627 -26.8178 1.6
      vertex 59.2218 -26.8711 1.6
    endloop
  endfacet
  facet normal 0.146818 0.989163 0
    outer loop
      vertex 58.8627 -26.8178 1.6
      vertex 59.2218 -26.8711 0
      vertex 58.8627 -26.8178 0
    endloop
  endfacet
  facet normal 0.336702 -0.941611 0
    outer loop
      vertex 59.6877 -34 0
      vertex 59.9159 -33.9184 1.6
      vertex 59.6877 -34 1.6
    endloop
  endfacet
  facet normal 0.336702 -0.941611 0
    outer loop
      vertex 59.9159 -33.9184 1.6
      vertex 59.6877 -34 0
      vertex 59.9159 -33.9184 0
    endloop
  endfacet
  facet normal -0.0490174 0.998798 0
    outer loop
      vertex 58.5 -26.8 0
      vertex 58.1373 -26.8178 1.6
      vertex 58.5 -26.8 1.6
    endloop
  endfacet
  facet normal -0.0490174 0.998798 0
    outer loop
      vertex 58.1373 -26.8178 1.6
      vertex 58.5 -26.8 0
      vertex 58.1373 -26.8178 0
    endloop
  endfacet
  facet normal 0.336895 0.941542 -0
    outer loop
      vertex 59.9159 -27.0816 0
      vertex 59.5741 -26.9593 1.6
      vertex 59.9159 -27.0816 1.6
    endloop
  endfacet
  facet normal 0.336895 0.941542 0
    outer loop
      vertex 59.5741 -26.9593 1.6
      vertex 59.9159 -27.0816 0
      vertex 59.5741 -26.9593 0
    endloop
  endfacet
  facet normal -0.941542 -0.336895 0
    outer loop
      vertex 55.0816 -31.9159 0
      vertex 54.9593 -31.5741 1.6
      vertex 54.9593 -31.5741 0
    endloop
  endfacet
  facet normal -0.941542 -0.336895 0
    outer loop
      vertex 54.9593 -31.5741 1.6
      vertex 55.0816 -31.9159 0
      vertex 55.0816 -31.9159 1.6
    endloop
  endfacet
  facet normal -0.903962 0.427613 0
    outer loop
      vertex 55.0816 -29.0841 0
      vertex 55.2369 -28.7558 1.6
      vertex 55.2369 -28.7558 0
    endloop
  endfacet
  facet normal -0.903962 0.427613 0
    outer loop
      vertex 55.2369 -28.7558 1.6
      vertex 55.0816 -29.0841 0
      vertex 55.0816 -29.0841 1.6
    endloop
  endfacet
  facet normal -0.595629 -0.80326 0
    outer loop
      vertex 56.1527 -33.3601 0
      vertex 56.4444 -33.5764 1.6
      vertex 56.1527 -33.3601 1.6
    endloop
  endfacet
  facet normal -0.595629 -0.80326 -0
    outer loop
      vertex 56.4444 -33.5764 1.6
      vertex 56.1527 -33.3601 0
      vertex 56.4444 -33.5764 0
    endloop
  endfacet
  facet normal 0.857663 -0.514212 0
    outer loop
      vertex 61.5764 -32.5556 1.6
      vertex 61.7631 -32.2442 0
      vertex 61.7631 -32.2442 1.6
    endloop
  endfacet
  facet normal 0.857663 -0.514212 0
    outer loop
      vertex 61.7631 -32.2442 0
      vertex 61.5764 -32.5556 1.6
      vertex 61.5764 -32.5556 0
    endloop
  endfacet
  facet normal -0.427613 -0.903962 0
    outer loop
      vertex 56.7558 -33.7631 0
      vertex 57.0841 -33.9184 1.6
      vertex 56.7558 -33.7631 1.6
    endloop
  endfacet
  facet normal -0.427613 -0.903962 -0
    outer loop
      vertex 57.0841 -33.9184 1.6
      vertex 56.7558 -33.7631 0
      vertex 57.0841 -33.9184 0
    endloop
  endfacet
  facet normal -0.857663 0.514212 0
    outer loop
      vertex 55.2369 -28.7558 0
      vertex 55.4236 -28.4444 1.6
      vertex 55.4236 -28.4444 0
    endloop
  endfacet
  facet normal -0.857663 0.514212 0
    outer loop
      vertex 55.4236 -28.4444 1.6
      vertex 55.2369 -28.7558 0
      vertex 55.2369 -28.7558 1.6
    endloop
  endfacet
  facet normal -0.24286 0.970061 0
    outer loop
      vertex 57.7782 -26.8711 0
      vertex 57.4259 -26.9593 1.6
      vertex 57.7782 -26.8711 1.6
    endloop
  endfacet
  facet normal -0.24286 0.970061 0
    outer loop
      vertex 57.4259 -26.9593 1.6
      vertex 57.7782 -26.8711 0
      vertex 57.4259 -26.9593 0
    endloop
  endfacet
  facet normal 0.514212 -0.857663 0
    outer loop
      vertex 60.2442 -33.7631 0
      vertex 60.5556 -33.5764 1.6
      vertex 60.2442 -33.7631 1.6
    endloop
  endfacet
  facet normal 0.514212 -0.857663 0
    outer loop
      vertex 60.5556 -33.5764 1.6
      vertex 60.2442 -33.7631 0
      vertex 60.5556 -33.5764 0
    endloop
  endfacet
  facet normal 0.24286 0.970061 -0
    outer loop
      vertex 59.5741 -26.9593 0
      vertex 59.2218 -26.8711 1.6
      vertex 59.5741 -26.9593 1.6
    endloop
  endfacet
  facet normal 0.24286 0.970061 0
    outer loop
      vertex 59.2218 -26.8711 1.6
      vertex 59.5741 -26.9593 0
      vertex 59.2218 -26.8711 0
    endloop
  endfacet
  facet normal 0.427613 0.903962 -0
    outer loop
      vertex 60.2442 -27.2369 0
      vertex 59.9159 -27.0816 1.6
      vertex 60.2442 -27.2369 1.6
    endloop
  endfacet
  facet normal 0.427613 0.903962 0
    outer loop
      vertex 59.9159 -27.0816 1.6
      vertex 60.2442 -27.2369 0
      vertex 59.9159 -27.0816 0
    endloop
  endfacet
  facet normal -0.998798 -0.0490174 0
    outer loop
      vertex 54.8178 -30.8627 0
      vertex 54.8 -30.5 1.6
      vertex 54.8 -30.5 0
    endloop
  endfacet
  facet normal -0.998798 -0.0490174 0
    outer loop
      vertex 54.8 -30.5 1.6
      vertex 54.8178 -30.8627 0
      vertex 54.8178 -30.8627 1.6
    endloop
  endfacet
  facet normal -0.514212 0.857663 0
    outer loop
      vertex 56.7558 -27.2369 0
      vertex 56.4444 -27.4236 1.6
      vertex 56.7558 -27.2369 1.6
    endloop
  endfacet
  facet normal -0.514212 0.857663 0
    outer loop
      vertex 56.4444 -27.4236 1.6
      vertex 56.7558 -27.2369 0
      vertex 56.4444 -27.4236 0
    endloop
  endfacet
  facet normal 0.903962 -0.427613 0
    outer loop
      vertex 61.7631 -32.2442 1.6
      vertex 61.9184 -31.9159 0
      vertex 61.9184 -31.9159 1.6
    endloop
  endfacet
  facet normal 0.903962 -0.427613 0
    outer loop
      vertex 61.9184 -31.9159 0
      vertex 61.7631 -32.2442 1.6
      vertex 61.7631 -32.2442 0
    endloop
  endfacet
  facet normal 0.0490174 0.998798 -0
    outer loop
      vertex 58.8627 -26.8178 0
      vertex 58.5 -26.8 1.6
      vertex 58.8627 -26.8178 1.6
    endloop
  endfacet
  facet normal 0.0490174 0.998798 0
    outer loop
      vertex 58.5 -26.8 1.6
      vertex 58.8627 -26.8178 0
      vertex 58.5 -26.8 0
    endloop
  endfacet
  facet normal -0.336895 0.941542 0
    outer loop
      vertex 57.4259 -26.9593 0
      vertex 57.0841 -27.0816 1.6
      vertex 57.4259 -26.9593 1.6
    endloop
  endfacet
  facet normal -0.336895 0.941542 0
    outer loop
      vertex 57.0841 -27.0816 1.6
      vertex 57.4259 -26.9593 0
      vertex 57.0841 -27.0816 0
    endloop
  endfacet
  facet normal -0.595629 0.80326 0
    outer loop
      vertex 56.4444 -27.4236 0
      vertex 56.1527 -27.6399 1.6
      vertex 56.4444 -27.4236 1.6
    endloop
  endfacet
  facet normal -0.595629 0.80326 0
    outer loop
      vertex 56.1527 -27.6399 1.6
      vertex 56.4444 -27.4236 0
      vertex 56.1527 -27.6399 0
    endloop
  endfacet
  facet normal 0.427613 -0.903962 0
    outer loop
      vertex 59.9159 -33.9184 0
      vertex 60.2442 -33.7631 1.6
      vertex 59.9159 -33.9184 1.6
    endloop
  endfacet
  facet normal 0.427613 -0.903962 0
    outer loop
      vertex 60.2442 -33.7631 1.6
      vertex 59.9159 -33.9184 0
      vertex 60.2442 -33.7631 0
    endloop
  endfacet
  facet normal 0.80326 0.595629 0
    outer loop
      vertex 61.5764 -28.4444 1.6
      vertex 61.3601 -28.1527 0
      vertex 61.3601 -28.1527 1.6
    endloop
  endfacet
  facet normal 0.80326 0.595629 0
    outer loop
      vertex 61.3601 -28.1527 0
      vertex 61.5764 -28.4444 1.6
      vertex 61.5764 -28.4444 0
    endloop
  endfacet
  facet normal -0.740961 -0.671548 0
    outer loop
      vertex 55.8837 -33.1163 0
      vertex 55.6399 -32.8473 1.6
      vertex 55.6399 -32.8473 0
    endloop
  endfacet
  facet normal -0.740961 -0.671548 0
    outer loop
      vertex 55.6399 -32.8473 1.6
      vertex 55.8837 -33.1163 0
      vertex 55.8837 -33.1163 1.6
    endloop
  endfacet
  facet normal -0.336702 -0.941611 0
    outer loop
      vertex 57.0841 -33.9184 0
      vertex 57.3123 -34 1.6
      vertex 57.0841 -33.9184 1.6
    endloop
  endfacet
  facet normal -0.336702 -0.941611 -0
    outer loop
      vertex 57.3123 -34 1.6
      vertex 57.0841 -33.9184 0
      vertex 57.3123 -34 0
    endloop
  endfacet
  facet normal -0.146818 0.989163 0
    outer loop
      vertex 58.1373 -26.8178 0
      vertex 57.7782 -26.8711 1.6
      vertex 58.1373 -26.8178 1.6
    endloop
  endfacet
  facet normal -0.146818 0.989163 0
    outer loop
      vertex 57.7782 -26.8711 1.6
      vertex 58.1373 -26.8178 0
      vertex 57.7782 -26.8711 0
    endloop
  endfacet
  facet normal -0.740961 0.671548 0
    outer loop
      vertex 55.6399 -28.1527 0
      vertex 55.8837 -27.8837 1.6
      vertex 55.8837 -27.8837 0
    endloop
  endfacet
  facet normal -0.740961 0.671548 0
    outer loop
      vertex 55.8837 -27.8837 1.6
      vertex 55.6399 -28.1527 0
      vertex 55.6399 -28.1527 1.6
    endloop
  endfacet
  facet normal 0.595629 0.80326 -0
    outer loop
      vertex 60.8473 -27.6399 0
      vertex 60.5556 -27.4236 1.6
      vertex 60.8473 -27.6399 1.6
    endloop
  endfacet
  facet normal 0.595629 0.80326 0
    outer loop
      vertex 60.5556 -27.4236 1.6
      vertex 60.8473 -27.6399 0
      vertex 60.5556 -27.4236 0
    endloop
  endfacet
  facet normal 0.514212 0.857663 -0
    outer loop
      vertex 60.5556 -27.4236 0
      vertex 60.2442 -27.2369 1.6
      vertex 60.5556 -27.4236 1.6
    endloop
  endfacet
  facet normal 0.514212 0.857663 0
    outer loop
      vertex 60.2442 -27.2369 1.6
      vertex 60.5556 -27.4236 0
      vertex 60.2442 -27.2369 0
    endloop
  endfacet
  facet normal 0.941611 0.336702 0
    outer loop
      vertex 62 -29.3123 1.6
      vertex 61.9184 -29.0841 0
      vertex 61.9184 -29.0841 1.6
    endloop
  endfacet
  facet normal 0.941611 0.336702 0
    outer loop
      vertex 61.9184 -29.0841 0
      vertex 62 -29.3123 1.6
      vertex 62 -29.3123 0
    endloop
  endfacet
  facet normal 0.740961 -0.671548 0
    outer loop
      vertex 61.1163 -33.1163 1.6
      vertex 61.3601 -32.8473 0
      vertex 61.3601 -32.8473 1.6
    endloop
  endfacet
  facet normal 0.740961 -0.671548 0
    outer loop
      vertex 61.3601 -32.8473 0
      vertex 61.1163 -33.1163 1.6
      vertex 61.1163 -33.1163 0
    endloop
  endfacet
  facet normal 0.80326 -0.595629 0
    outer loop
      vertex 61.3601 -32.8473 1.6
      vertex 61.5764 -32.5556 0
      vertex 61.5764 -32.5556 1.6
    endloop
  endfacet
  facet normal 0.80326 -0.595629 0
    outer loop
      vertex 61.5764 -32.5556 0
      vertex 61.3601 -32.8473 1.6
      vertex 61.3601 -32.8473 0
    endloop
  endfacet
  facet normal 0.941611 -0.336702 0
    outer loop
      vertex 61.9184 -31.9159 1.6
      vertex 62 -31.6877 0
      vertex 62 -31.6877 1.6
    endloop
  endfacet
  facet normal 0.941611 -0.336702 0
    outer loop
      vertex 62 -31.6877 0
      vertex 61.9184 -31.9159 1.6
      vertex 61.9184 -31.9159 0
    endloop
  endfacet
  facet normal -0.941542 0.336895 0
    outer loop
      vertex 54.9593 -29.4259 0
      vertex 55.0816 -29.0841 1.6
      vertex 55.0816 -29.0841 0
    endloop
  endfacet
  facet normal -0.941542 0.336895 0
    outer loop
      vertex 55.0816 -29.0841 1.6
      vertex 54.9593 -29.4259 0
      vertex 54.9593 -29.4259 1.6
    endloop
  endfacet
  facet normal -0.671548 -0.740961 0
    outer loop
      vertex 55.8837 -33.1163 0
      vertex 56.1527 -33.3601 1.6
      vertex 55.8837 -33.1163 1.6
    endloop
  endfacet
  facet normal -0.671548 -0.740961 -0
    outer loop
      vertex 56.1527 -33.3601 1.6
      vertex 55.8837 -33.1163 0
      vertex 56.1527 -33.3601 0
    endloop
  endfacet
  facet normal -0.427613 0.903962 0
    outer loop
      vertex 57.0841 -27.0816 0
      vertex 56.7558 -27.2369 1.6
      vertex 57.0841 -27.0816 1.6
    endloop
  endfacet
  facet normal -0.427613 0.903962 0
    outer loop
      vertex 56.7558 -27.2369 1.6
      vertex 57.0841 -27.0816 0
      vertex 56.7558 -27.2369 0
    endloop
  endfacet
  facet normal 0.903962 0.427613 0
    outer loop
      vertex 61.9184 -29.0841 1.6
      vertex 61.7631 -28.7558 0
      vertex 61.7631 -28.7558 1.6
    endloop
  endfacet
  facet normal 0.903962 0.427613 0
    outer loop
      vertex 61.7631 -28.7558 0
      vertex 61.9184 -29.0841 1.6
      vertex 61.9184 -29.0841 0
    endloop
  endfacet
  facet normal 0.857663 0.514212 0
    outer loop
      vertex 61.7631 -28.7558 1.6
      vertex 61.5764 -28.4444 0
      vertex 61.5764 -28.4444 1.6
    endloop
  endfacet
  facet normal 0.857663 0.514212 0
    outer loop
      vertex 61.5764 -28.4444 0
      vertex 61.7631 -28.7558 1.6
      vertex 61.7631 -28.7558 0
    endloop
  endfacet
  facet normal -0.671548 0.740961 0
    outer loop
      vertex 56.1527 -27.6399 0
      vertex 55.8837 -27.8837 1.6
      vertex 56.1527 -27.6399 1.6
    endloop
  endfacet
  facet normal -0.671548 0.740961 0
    outer loop
      vertex 55.8837 -27.8837 1.6
      vertex 56.1527 -27.6399 0
      vertex 55.8837 -27.8837 0
    endloop
  endfacet
  facet normal -0.903962 -0.427613 0
    outer loop
      vertex 55.2369 -32.2442 0
      vertex 55.0816 -31.9159 1.6
      vertex 55.0816 -31.9159 0
    endloop
  endfacet
  facet normal -0.903962 -0.427613 0
    outer loop
      vertex 55.0816 -31.9159 1.6
      vertex 55.2369 -32.2442 0
      vertex 55.2369 -32.2442 1.6
    endloop
  endfacet
  facet normal -0.857663 -0.514212 0
    outer loop
      vertex 55.4236 -32.5556 0
      vertex 55.2369 -32.2442 1.6
      vertex 55.2369 -32.2442 0
    endloop
  endfacet
  facet normal -0.857663 -0.514212 0
    outer loop
      vertex 55.2369 -32.2442 1.6
      vertex 55.4236 -32.5556 0
      vertex 55.4236 -32.5556 1.6
    endloop
  endfacet
  facet normal 0.740961 0.671548 0
    outer loop
      vertex 61.3601 -28.1527 1.6
      vertex 61.1163 -27.8837 0
      vertex 61.1163 -27.8837 1.6
    endloop
  endfacet
  facet normal 0.740961 0.671548 0
    outer loop
      vertex 61.1163 -27.8837 0
      vertex 61.3601 -28.1527 1.6
      vertex 61.3601 -28.1527 0
    endloop
  endfacet
  facet normal 0.595629 -0.80326 0
    outer loop
      vertex 60.5556 -33.5764 0
      vertex 60.8473 -33.3601 1.6
      vertex 60.5556 -33.5764 1.6
    endloop
  endfacet
  facet normal 0.595629 -0.80326 0
    outer loop
      vertex 60.8473 -33.3601 1.6
      vertex 60.5556 -33.5764 0
      vertex 60.8473 -33.3601 0
    endloop
  endfacet
  facet normal -0.989163 0.146818 0
    outer loop
      vertex 54.8178 -30.1373 0
      vertex 54.8711 -29.7782 1.6
      vertex 54.8711 -29.7782 0
    endloop
  endfacet
  facet normal -0.989163 0.146818 0
    outer loop
      vertex 54.8711 -29.7782 1.6
      vertex 54.8178 -30.1373 0
      vertex 54.8178 -30.1373 1.6
    endloop
  endfacet
  facet normal 0.671548 0.740961 -0
    outer loop
      vertex 61.1163 -27.8837 0
      vertex 60.8473 -27.6399 1.6
      vertex 61.1163 -27.8837 1.6
    endloop
  endfacet
  facet normal 0.671548 0.740961 0
    outer loop
      vertex 60.8473 -27.6399 1.6
      vertex 61.1163 -27.8837 0
      vertex 60.8473 -27.6399 0
    endloop
  endfacet
  facet normal -0.970061 -0.24286 0
    outer loop
      vertex 54.9593 -31.5741 0
      vertex 54.8711 -31.2218 1.6
      vertex 54.8711 -31.2218 0
    endloop
  endfacet
  facet normal -0.970061 -0.24286 0
    outer loop
      vertex 54.8711 -31.2218 1.6
      vertex 54.9593 -31.5741 0
      vertex 54.9593 -31.5741 1.6
    endloop
  endfacet
  facet normal -0.80326 -0.595629 0
    outer loop
      vertex 55.6399 -32.8473 0
      vertex 55.4236 -32.5556 1.6
      vertex 55.4236 -32.5556 0
    endloop
  endfacet
  facet normal -0.80326 -0.595629 0
    outer loop
      vertex 55.4236 -32.5556 1.6
      vertex 55.6399 -32.8473 0
      vertex 55.6399 -32.8473 1.6
    endloop
  endfacet
  facet normal -0.989163 -0.146818 0
    outer loop
      vertex 54.8711 -31.2218 0
      vertex 54.8178 -30.8627 1.6
      vertex 54.8178 -30.8627 0
    endloop
  endfacet
  facet normal -0.989163 -0.146818 0
    outer loop
      vertex 54.8178 -30.8627 1.6
      vertex 54.8711 -31.2218 0
      vertex 54.8711 -31.2218 1.6
    endloop
  endfacet
  facet normal -0.80326 0.595629 0
    outer loop
      vertex 55.4236 -28.4444 0
      vertex 55.6399 -28.1527 1.6
      vertex 55.6399 -28.1527 0
    endloop
  endfacet
  facet normal -0.80326 0.595629 0
    outer loop
      vertex 55.6399 -28.1527 1.6
      vertex 55.4236 -28.4444 0
      vertex 55.4236 -28.4444 1.6
    endloop
  endfacet
  facet normal -0.998798 0.0490174 0
    outer loop
      vertex 54.8 -30.5 0
      vertex 54.8178 -30.1373 1.6
      vertex 54.8178 -30.1373 0
    endloop
  endfacet
  facet normal -0.998798 0.0490174 0
    outer loop
      vertex 54.8178 -30.1373 1.6
      vertex 54.8 -30.5 0
      vertex 54.8 -30.5 1.6
    endloop
  endfacet
  facet normal 0.671548 -0.740961 0
    outer loop
      vertex 60.8473 -33.3601 0
      vertex 61.1163 -33.1163 1.6
      vertex 60.8473 -33.3601 1.6
    endloop
  endfacet
  facet normal 0.671548 -0.740961 0
    outer loop
      vertex 61.1163 -33.1163 1.6
      vertex 60.8473 -33.3601 0
      vertex 61.1163 -33.1163 0
    endloop
  endfacet
  facet normal 0.671548 0.740961 -0
    outer loop
      vertex 61.1163 33.1163 0
      vertex 60.8473 33.3601 1.6
      vertex 61.1163 33.1163 1.6
    endloop
  endfacet
  facet normal 0.671548 0.740961 0
    outer loop
      vertex 60.8473 33.3601 1.6
      vertex 61.1163 33.1163 0
      vertex 60.8473 33.3601 0
    endloop
  endfacet
  facet normal -0.0490174 -0.998798 0
    outer loop
      vertex 58.1373 26.8178 0
      vertex 58.5 26.8 1.6
      vertex 58.1373 26.8178 1.6
    endloop
  endfacet
  facet normal -0.0490174 -0.998798 -0
    outer loop
      vertex 58.5 26.8 1.6
      vertex 58.1373 26.8178 0
      vertex 58.5 26.8 0
    endloop
  endfacet
  facet normal 0.740961 0.671548 0
    outer loop
      vertex 61.3601 32.8473 1.6
      vertex 61.1163 33.1163 0
      vertex 61.1163 33.1163 1.6
    endloop
  endfacet
  facet normal 0.740961 0.671548 0
    outer loop
      vertex 61.1163 33.1163 0
      vertex 61.3601 32.8473 1.6
      vertex 61.3601 32.8473 0
    endloop
  endfacet
  facet normal 0.941611 -0.336702 0
    outer loop
      vertex 61.9184 29.0841 1.6
      vertex 62 29.3123 0
      vertex 62 29.3123 1.6
    endloop
  endfacet
  facet normal 0.941611 -0.336702 0
    outer loop
      vertex 62 29.3123 0
      vertex 61.9184 29.0841 1.6
      vertex 61.9184 29.0841 0
    endloop
  endfacet
  facet normal -0.671548 0.740961 0
    outer loop
      vertex 56.1527 33.3601 0
      vertex 55.8837 33.1163 1.6
      vertex 56.1527 33.3601 1.6
    endloop
  endfacet
  facet normal -0.671548 0.740961 0
    outer loop
      vertex 55.8837 33.1163 1.6
      vertex 56.1527 33.3601 0
      vertex 55.8837 33.1163 0
    endloop
  endfacet
  facet normal 0.903962 -0.427613 0
    outer loop
      vertex 61.7631 28.7558 1.6
      vertex 61.9184 29.0841 0
      vertex 61.9184 29.0841 1.6
    endloop
  endfacet
  facet normal 0.903962 -0.427613 0
    outer loop
      vertex 61.9184 29.0841 0
      vertex 61.7631 28.7558 1.6
      vertex 61.7631 28.7558 0
    endloop
  endfacet
  facet normal -0.24286 -0.970061 0
    outer loop
      vertex 57.4259 26.9593 0
      vertex 57.7782 26.8711 1.6
      vertex 57.4259 26.9593 1.6
    endloop
  endfacet
  facet normal -0.24286 -0.970061 -0
    outer loop
      vertex 57.7782 26.8711 1.6
      vertex 57.4259 26.9593 0
      vertex 57.7782 26.8711 0
    endloop
  endfacet
  facet normal -0.740961 0.671548 0
    outer loop
      vertex 55.6399 32.8473 0
      vertex 55.8837 33.1163 1.6
      vertex 55.8837 33.1163 0
    endloop
  endfacet
  facet normal -0.740961 0.671548 0
    outer loop
      vertex 55.8837 33.1163 1.6
      vertex 55.6399 32.8473 0
      vertex 55.6399 32.8473 1.6
    endloop
  endfacet
  facet normal 0.595629 0.80326 -0
    outer loop
      vertex 60.8473 33.3601 0
      vertex 60.5556 33.5764 1.6
      vertex 60.8473 33.3601 1.6
    endloop
  endfacet
  facet normal 0.595629 0.80326 0
    outer loop
      vertex 60.5556 33.5764 1.6
      vertex 60.8473 33.3601 0
      vertex 60.5556 33.5764 0
    endloop
  endfacet
  facet normal -0.427613 -0.903962 0
    outer loop
      vertex 56.7558 27.2369 0
      vertex 57.0841 27.0816 1.6
      vertex 56.7558 27.2369 1.6
    endloop
  endfacet
  facet normal -0.427613 -0.903962 -0
    outer loop
      vertex 57.0841 27.0816 1.6
      vertex 56.7558 27.2369 0
      vertex 57.0841 27.0816 0
    endloop
  endfacet
  facet normal 0.671548 -0.740961 0
    outer loop
      vertex 60.8473 27.6399 0
      vertex 61.1163 27.8837 1.6
      vertex 60.8473 27.6399 1.6
    endloop
  endfacet
  facet normal 0.671548 -0.740961 0
    outer loop
      vertex 61.1163 27.8837 1.6
      vertex 60.8473 27.6399 0
      vertex 61.1163 27.8837 0
    endloop
  endfacet
  facet normal 0.427613 -0.903962 0
    outer loop
      vertex 59.9159 27.0816 0
      vertex 60.2442 27.2369 1.6
      vertex 59.9159 27.0816 1.6
    endloop
  endfacet
  facet normal 0.427613 -0.903962 0
    outer loop
      vertex 60.2442 27.2369 1.6
      vertex 59.9159 27.0816 0
      vertex 60.2442 27.2369 0
    endloop
  endfacet
  facet normal 0.80326 0.595629 0
    outer loop
      vertex 61.5764 32.5556 1.6
      vertex 61.3601 32.8473 0
      vertex 61.3601 32.8473 1.6
    endloop
  endfacet
  facet normal 0.80326 0.595629 0
    outer loop
      vertex 61.3601 32.8473 0
      vertex 61.5764 32.5556 1.6
      vertex 61.5764 32.5556 0
    endloop
  endfacet
  facet normal 0.146818 -0.989163 0
    outer loop
      vertex 58.8627 26.8178 0
      vertex 59.2218 26.8711 1.6
      vertex 58.8627 26.8178 1.6
    endloop
  endfacet
  facet normal 0.146818 -0.989163 0
    outer loop
      vertex 59.2218 26.8711 1.6
      vertex 58.8627 26.8178 0
      vertex 59.2218 26.8711 0
    endloop
  endfacet
  facet normal 0.427613 0.903962 -0
    outer loop
      vertex 60.2442 33.7631 0
      vertex 59.9159 33.9184 1.6
      vertex 60.2442 33.7631 1.6
    endloop
  endfacet
  facet normal 0.427613 0.903962 0
    outer loop
      vertex 59.9159 33.9184 1.6
      vertex 60.2442 33.7631 0
      vertex 59.9159 33.9184 0
    endloop
  endfacet
  facet normal -0.336895 -0.941542 0
    outer loop
      vertex 57.0841 27.0816 0
      vertex 57.4259 26.9593 1.6
      vertex 57.0841 27.0816 1.6
    endloop
  endfacet
  facet normal -0.336895 -0.941542 -0
    outer loop
      vertex 57.4259 26.9593 1.6
      vertex 57.0841 27.0816 0
      vertex 57.4259 26.9593 0
    endloop
  endfacet
  facet normal 0.740961 -0.671548 0
    outer loop
      vertex 61.1163 27.8837 1.6
      vertex 61.3601 28.1527 0
      vertex 61.3601 28.1527 1.6
    endloop
  endfacet
  facet normal 0.740961 -0.671548 0
    outer loop
      vertex 61.3601 28.1527 0
      vertex 61.1163 27.8837 1.6
      vertex 61.1163 27.8837 0
    endloop
  endfacet
  facet normal -0.427613 0.903962 0
    outer loop
      vertex 57.0841 33.9184 0
      vertex 56.7558 33.7631 1.6
      vertex 57.0841 33.9184 1.6
    endloop
  endfacet
  facet normal -0.427613 0.903962 0
    outer loop
      vertex 56.7558 33.7631 1.6
      vertex 57.0841 33.9184 0
      vertex 56.7558 33.7631 0
    endloop
  endfacet
  facet normal -0.146818 -0.989163 0
    outer loop
      vertex 57.7782 26.8711 0
      vertex 58.1373 26.8178 1.6
      vertex 57.7782 26.8711 1.6
    endloop
  endfacet
  facet normal -0.146818 -0.989163 -0
    outer loop
      vertex 58.1373 26.8178 1.6
      vertex 57.7782 26.8711 0
      vertex 58.1373 26.8178 0
    endloop
  endfacet
  facet normal -0.941542 0.336895 0
    outer loop
      vertex 54.9593 31.5741 0
      vertex 55.0816 31.9159 1.6
      vertex 55.0816 31.9159 0
    endloop
  endfacet
  facet normal -0.941542 0.336895 0
    outer loop
      vertex 55.0816 31.9159 1.6
      vertex 54.9593 31.5741 0
      vertex 54.9593 31.5741 1.6
    endloop
  endfacet
  facet normal -0.595629 0.80326 0
    outer loop
      vertex 56.4444 33.5764 0
      vertex 56.1527 33.3601 1.6
      vertex 56.4444 33.5764 1.6
    endloop
  endfacet
  facet normal -0.595629 0.80326 0
    outer loop
      vertex 56.1527 33.3601 1.6
      vertex 56.4444 33.5764 0
      vertex 56.1527 33.3601 0
    endloop
  endfacet
  facet normal 0.80326 -0.595629 0
    outer loop
      vertex 61.3601 28.1527 1.6
      vertex 61.5764 28.4444 0
      vertex 61.5764 28.4444 1.6
    endloop
  endfacet
  facet normal 0.80326 -0.595629 0
    outer loop
      vertex 61.5764 28.4444 0
      vertex 61.3601 28.1527 1.6
      vertex 61.3601 28.1527 0
    endloop
  endfacet
  facet normal 0.336702 0.941611 -0
    outer loop
      vertex 59.9159 33.9184 0
      vertex 59.6877 34 1.6
      vertex 59.9159 33.9184 1.6
    endloop
  endfacet
  facet normal 0.336702 0.941611 0
    outer loop
      vertex 59.6877 34 1.6
      vertex 59.9159 33.9184 0
      vertex 59.6877 34 0
    endloop
  endfacet
  facet normal -0.989163 -0.146818 0
    outer loop
      vertex 54.8711 29.7782 0
      vertex 54.8178 30.1373 1.6
      vertex 54.8178 30.1373 0
    endloop
  endfacet
  facet normal -0.989163 -0.146818 0
    outer loop
      vertex 54.8178 30.1373 1.6
      vertex 54.8711 29.7782 0
      vertex 54.8711 29.7782 1.6
    endloop
  endfacet
  facet normal -0.989163 0.146818 0
    outer loop
      vertex 54.8178 30.8627 0
      vertex 54.8711 31.2218 1.6
      vertex 54.8711 31.2218 0
    endloop
  endfacet
  facet normal -0.989163 0.146818 0
    outer loop
      vertex 54.8711 31.2218 1.6
      vertex 54.8178 30.8627 0
      vertex 54.8178 30.8627 1.6
    endloop
  endfacet
  facet normal -0.941542 -0.336895 0
    outer loop
      vertex 55.0816 29.0841 0
      vertex 54.9593 29.4259 1.6
      vertex 54.9593 29.4259 0
    endloop
  endfacet
  facet normal -0.941542 -0.336895 0
    outer loop
      vertex 54.9593 29.4259 1.6
      vertex 55.0816 29.0841 0
      vertex 55.0816 29.0841 1.6
    endloop
  endfacet
  facet normal 0.857663 -0.514212 0
    outer loop
      vertex 61.5764 28.4444 1.6
      vertex 61.7631 28.7558 0
      vertex 61.7631 28.7558 1.6
    endloop
  endfacet
  facet normal 0.857663 -0.514212 0
    outer loop
      vertex 61.7631 28.7558 0
      vertex 61.5764 28.4444 1.6
      vertex 61.5764 28.4444 0
    endloop
  endfacet
  facet normal 0.941611 0.336702 0
    outer loop
      vertex 62 31.6877 1.6
      vertex 61.9184 31.9159 0
      vertex 61.9184 31.9159 1.6
    endloop
  endfacet
  facet normal 0.941611 0.336702 0
    outer loop
      vertex 61.9184 31.9159 0
      vertex 62 31.6877 1.6
      vertex 62 31.6877 0
    endloop
  endfacet
  facet normal 0.514212 0.857663 -0
    outer loop
      vertex 60.5556 33.5764 0
      vertex 60.2442 33.7631 1.6
      vertex 60.5556 33.5764 1.6
    endloop
  endfacet
  facet normal 0.514212 0.857663 0
    outer loop
      vertex 60.2442 33.7631 1.6
      vertex 60.5556 33.5764 0
      vertex 60.2442 33.7631 0
    endloop
  endfacet
  facet normal 0.903962 0.427613 0
    outer loop
      vertex 61.9184 31.9159 1.6
      vertex 61.7631 32.2442 0
      vertex 61.7631 32.2442 1.6
    endloop
  endfacet
  facet normal 0.903962 0.427613 0
    outer loop
      vertex 61.7631 32.2442 0
      vertex 61.9184 31.9159 1.6
      vertex 61.9184 31.9159 0
    endloop
  endfacet
  facet normal 0.336895 -0.941542 0
    outer loop
      vertex 59.5741 26.9593 0
      vertex 59.9159 27.0816 1.6
      vertex 59.5741 26.9593 1.6
    endloop
  endfacet
  facet normal 0.336895 -0.941542 0
    outer loop
      vertex 59.9159 27.0816 1.6
      vertex 59.5741 26.9593 0
      vertex 59.9159 27.0816 0
    endloop
  endfacet
  facet normal 0.857663 0.514212 0
    outer loop
      vertex 61.7631 32.2442 1.6
      vertex 61.5764 32.5556 0
      vertex 61.5764 32.5556 1.6
    endloop
  endfacet
  facet normal 0.857663 0.514212 0
    outer loop
      vertex 61.5764 32.5556 0
      vertex 61.7631 32.2442 1.6
      vertex 61.7631 32.2442 0
    endloop
  endfacet
  facet normal -0.671548 -0.740961 0
    outer loop
      vertex 55.8837 27.8837 0
      vertex 56.1527 27.6399 1.6
      vertex 55.8837 27.8837 1.6
    endloop
  endfacet
  facet normal -0.671548 -0.740961 -0
    outer loop
      vertex 56.1527 27.6399 1.6
      vertex 55.8837 27.8837 0
      vertex 56.1527 27.6399 0
    endloop
  endfacet
  facet normal -0.80326 0.595629 0
    outer loop
      vertex 55.4236 32.5556 0
      vertex 55.6399 32.8473 1.6
      vertex 55.6399 32.8473 0
    endloop
  endfacet
  facet normal -0.80326 0.595629 0
    outer loop
      vertex 55.6399 32.8473 1.6
      vertex 55.4236 32.5556 0
      vertex 55.4236 32.5556 1.6
    endloop
  endfacet
  facet normal 0.595629 -0.80326 0
    outer loop
      vertex 60.5556 27.4236 0
      vertex 60.8473 27.6399 1.6
      vertex 60.5556 27.4236 1.6
    endloop
  endfacet
  facet normal 0.595629 -0.80326 0
    outer loop
      vertex 60.8473 27.6399 1.6
      vertex 60.5556 27.4236 0
      vertex 60.8473 27.6399 0
    endloop
  endfacet
  facet normal -0.336702 0.941611 0
    outer loop
      vertex 57.3123 34 0
      vertex 57.0841 33.9184 1.6
      vertex 57.3123 34 1.6
    endloop
  endfacet
  facet normal -0.336702 0.941611 0
    outer loop
      vertex 57.0841 33.9184 1.6
      vertex 57.3123 34 0
      vertex 57.0841 33.9184 0
    endloop
  endfacet
  facet normal -0.857663 -0.514212 0
    outer loop
      vertex 55.4236 28.4444 0
      vertex 55.2369 28.7558 1.6
      vertex 55.2369 28.7558 0
    endloop
  endfacet
  facet normal -0.857663 -0.514212 0
    outer loop
      vertex 55.2369 28.7558 1.6
      vertex 55.4236 28.4444 0
      vertex 55.4236 28.4444 1.6
    endloop
  endfacet
  facet normal -0.998798 -0.0490174 0
    outer loop
      vertex 54.8178 30.1373 0
      vertex 54.8 30.5 1.6
      vertex 54.8 30.5 0
    endloop
  endfacet
  facet normal -0.998798 -0.0490174 0
    outer loop
      vertex 54.8 30.5 1.6
      vertex 54.8178 30.1373 0
      vertex 54.8178 30.1373 1.6
    endloop
  endfacet
  facet normal 0.514212 -0.857663 0
    outer loop
      vertex 60.2442 27.2369 0
      vertex 60.5556 27.4236 1.6
      vertex 60.2442 27.2369 1.6
    endloop
  endfacet
  facet normal 0.514212 -0.857663 0
    outer loop
      vertex 60.5556 27.4236 1.6
      vertex 60.2442 27.2369 0
      vertex 60.5556 27.4236 0
    endloop
  endfacet
  facet normal 0.0490174 -0.998798 0
    outer loop
      vertex 58.5 26.8 0
      vertex 58.8627 26.8178 1.6
      vertex 58.5 26.8 1.6
    endloop
  endfacet
  facet normal 0.0490174 -0.998798 0
    outer loop
      vertex 58.8627 26.8178 1.6
      vertex 58.5 26.8 0
      vertex 58.8627 26.8178 0
    endloop
  endfacet
  facet normal -0.80326 -0.595629 0
    outer loop
      vertex 55.6399 28.1527 0
      vertex 55.4236 28.4444 1.6
      vertex 55.4236 28.4444 0
    endloop
  endfacet
  facet normal -0.80326 -0.595629 0
    outer loop
      vertex 55.4236 28.4444 1.6
      vertex 55.6399 28.1527 0
      vertex 55.6399 28.1527 1.6
    endloop
  endfacet
  facet normal -0.857663 0.514212 0
    outer loop
      vertex 55.2369 32.2442 0
      vertex 55.4236 32.5556 1.6
      vertex 55.4236 32.5556 0
    endloop
  endfacet
  facet normal -0.857663 0.514212 0
    outer loop
      vertex 55.4236 32.5556 1.6
      vertex 55.2369 32.2442 0
      vertex 55.2369 32.2442 1.6
    endloop
  endfacet
  facet normal -0.514212 -0.857663 0
    outer loop
      vertex 56.4444 27.4236 0
      vertex 56.7558 27.2369 1.6
      vertex 56.4444 27.4236 1.6
    endloop
  endfacet
  facet normal -0.514212 -0.857663 -0
    outer loop
      vertex 56.7558 27.2369 1.6
      vertex 56.4444 27.4236 0
      vertex 56.7558 27.2369 0
    endloop
  endfacet
  facet normal -0.970061 -0.24286 0
    outer loop
      vertex 54.9593 29.4259 0
      vertex 54.8711 29.7782 1.6
      vertex 54.8711 29.7782 0
    endloop
  endfacet
  facet normal -0.970061 -0.24286 0
    outer loop
      vertex 54.8711 29.7782 1.6
      vertex 54.9593 29.4259 0
      vertex 54.9593 29.4259 1.6
    endloop
  endfacet
  facet normal -0.970061 0.24286 0
    outer loop
      vertex 54.8711 31.2218 0
      vertex 54.9593 31.5741 1.6
      vertex 54.9593 31.5741 0
    endloop
  endfacet
  facet normal -0.970061 0.24286 0
    outer loop
      vertex 54.9593 31.5741 1.6
      vertex 54.8711 31.2218 0
      vertex 54.8711 31.2218 1.6
    endloop
  endfacet
  facet normal -0.903962 -0.427613 0
    outer loop
      vertex 55.2369 28.7558 0
      vertex 55.0816 29.0841 1.6
      vertex 55.0816 29.0841 0
    endloop
  endfacet
  facet normal -0.903962 -0.427613 0
    outer loop
      vertex 55.0816 29.0841 1.6
      vertex 55.2369 28.7558 0
      vertex 55.2369 28.7558 1.6
    endloop
  endfacet
  facet normal -0.514212 0.857663 0
    outer loop
      vertex 56.7558 33.7631 0
      vertex 56.4444 33.5764 1.6
      vertex 56.7558 33.7631 1.6
    endloop
  endfacet
  facet normal -0.514212 0.857663 0
    outer loop
      vertex 56.4444 33.5764 1.6
      vertex 56.7558 33.7631 0
      vertex 56.4444 33.5764 0
    endloop
  endfacet
  facet normal 0.24286 -0.970061 0
    outer loop
      vertex 59.2218 26.8711 0
      vertex 59.5741 26.9593 1.6
      vertex 59.2218 26.8711 1.6
    endloop
  endfacet
  facet normal 0.24286 -0.970061 0
    outer loop
      vertex 59.5741 26.9593 1.6
      vertex 59.2218 26.8711 0
      vertex 59.5741 26.9593 0
    endloop
  endfacet
  facet normal -0.998798 0.0490174 0
    outer loop
      vertex 54.8 30.5 0
      vertex 54.8178 30.8627 1.6
      vertex 54.8178 30.8627 0
    endloop
  endfacet
  facet normal -0.998798 0.0490174 0
    outer loop
      vertex 54.8178 30.8627 1.6
      vertex 54.8 30.5 0
      vertex 54.8 30.5 1.6
    endloop
  endfacet
  facet normal -0.740961 -0.671548 0
    outer loop
      vertex 55.8837 27.8837 0
      vertex 55.6399 28.1527 1.6
      vertex 55.6399 28.1527 0
    endloop
  endfacet
  facet normal -0.740961 -0.671548 0
    outer loop
      vertex 55.6399 28.1527 1.6
      vertex 55.8837 27.8837 0
      vertex 55.8837 27.8837 1.6
    endloop
  endfacet
  facet normal -0.595629 -0.80326 0
    outer loop
      vertex 56.1527 27.6399 0
      vertex 56.4444 27.4236 1.6
      vertex 56.1527 27.6399 1.6
    endloop
  endfacet
  facet normal -0.595629 -0.80326 -0
    outer loop
      vertex 56.4444 27.4236 1.6
      vertex 56.1527 27.6399 0
      vertex 56.4444 27.4236 0
    endloop
  endfacet
  facet normal -0.903962 0.427613 0
    outer loop
      vertex 55.0816 31.9159 0
      vertex 55.2369 32.2442 1.6
      vertex 55.2369 32.2442 0
    endloop
  endfacet
  facet normal -0.903962 0.427613 0
    outer loop
      vertex 55.2369 32.2442 1.6
      vertex 55.0816 31.9159 0
      vertex 55.0816 31.9159 1.6
    endloop
  endfacet
  facet normal 0 -1 0
    outer loop
      vertex -62 -35.9 1.6
      vertex 62 -35.9 2.19
      vertex -62 -35.9 2.19
    endloop
  endfacet
  facet normal 0 -1 -0
    outer loop
      vertex 62 -35.9 2.19
      vertex -62 -35.9 1.6
      vertex 62 -35.9 1.6
    endloop
  endfacet
  facet normal 0.998808 0.0488139 0
    outer loop
      vertex 63.9 34 2.19
      vertex 63.8909 34.1862 1.6
      vertex 63.8909 34.1862 2.19
    endloop
  endfacet
  facet normal 0.998808 0.0488139 0
    outer loop
      vertex 63.8909 34.1862 1.6
      vertex 63.9 34 2.19
      vertex 63.9 34 1.6
    endloop
  endfacet
  facet normal -0.941596 0.336744 0
    outer loop
      vertex -63.8182 34.5515 1.6
      vertex -63.7554 34.7271 2.19
      vertex -63.7554 34.7271 1.6
    endloop
  endfacet
  facet normal -0.941596 0.336744 0
    outer loop
      vertex -63.7554 34.7271 2.19
      vertex -63.8182 34.5515 1.6
      vertex -63.8182 34.5515 2.19
    endloop
  endfacet
  facet normal -0.904076 -0.427372 0
    outer loop
      vertex -63.6757 -34.8957 1.6
      vertex -63.7554 -34.7271 2.19
      vertex -63.7554 -34.7271 1.6
    endloop
  endfacet
  facet normal -0.904076 -0.427372 0
    outer loop
      vertex -63.7554 -34.7271 2.19
      vertex -63.6757 -34.8957 1.6
      vertex -63.6757 -34.8957 2.19
    endloop
  endfacet
  facet normal -1 0 0
    outer loop
      vertex -63.9 -34 1.6
      vertex -63.9 34 2.19
      vertex -63.9 34 1.6
    endloop
  endfacet
  facet normal -1 -0 0
    outer loop
      vertex -63.9 34 2.19
      vertex -63.9 -34 1.6
      vertex -63.9 -34 2.19
    endloop
  endfacet
  facet normal 0.970016 -0.243041 0
    outer loop
      vertex 63.8182 -34.5515 2.19
      vertex 63.8635 -34.3707 1.6
      vertex 63.8635 -34.3707 2.19
    endloop
  endfacet
  facet normal 0.970016 -0.243041 0
    outer loop
      vertex 63.8635 -34.3707 1.6
      vertex 63.8182 -34.5515 2.19
      vertex 63.8182 -34.5515 1.6
    endloop
  endfacet
  facet normal 1 -0 0
    outer loop
      vertex 63.9 -34 2.19
      vertex 63.9 34 1.6
      vertex 63.9 34 2.19
    endloop
  endfacet
  facet normal 1 0 0
    outer loop
      vertex 63.9 34 1.6
      vertex 63.9 -34 2.19
      vertex 63.9 -34 1.6
    endloop
  endfacet
  facet normal 0.671391 -0.741104 0
    outer loop
      vertex 63.2053 -35.4687 1.6
      vertex 63.3435 -35.3435 2.19
      vertex 63.2053 -35.4687 2.19
    endloop
  endfacet
  facet normal 0.671391 -0.741104 0
    outer loop
      vertex 63.3435 -35.3435 2.19
      vertex 63.2053 -35.4687 1.6
      vertex 63.3435 -35.3435 1.6
    endloop
  endfacet
  facet normal 0.427372 -0.904076 0
    outer loop
      vertex 62.7271 -35.7554 1.6
      vertex 62.8957 -35.6757 2.19
      vertex 62.7271 -35.7554 2.19
    endloop
  endfacet
  facet normal 0.427372 -0.904076 0
    outer loop
      vertex 62.8957 -35.6757 2.19
      vertex 62.7271 -35.7554 1.6
      vertex 62.8957 -35.6757 1.6
    endloop
  endfacet
  facet normal 0.514338 -0.857588 0
    outer loop
      vertex 62.8957 -35.6757 1.6
      vertex 63.0556 -35.5798 2.19
      vertex 62.8957 -35.6757 2.19
    endloop
  endfacet
  facet normal 0.514338 -0.857588 0
    outer loop
      vertex 63.0556 -35.5798 2.19
      vertex 62.8957 -35.6757 1.6
      vertex 63.0556 -35.5798 1.6
    endloop
  endfacet
  facet normal -0.941596 -0.336744 0
    outer loop
      vertex -63.7554 -34.7271 1.6
      vertex -63.8182 -34.5515 2.19
      vertex -63.8182 -34.5515 1.6
    endloop
  endfacet
  facet normal -0.941596 -0.336744 0
    outer loop
      vertex -63.8182 -34.5515 2.19
      vertex -63.7554 -34.7271 1.6
      vertex -63.7554 -34.7271 2.19
    endloop
  endfacet
  facet normal 0 1 -0
    outer loop
      vertex 62 35.9 1.6
      vertex -62 35.9 2.19
      vertex 62 35.9 2.19
    endloop
  endfacet
  facet normal 0 1 0
    outer loop
      vertex -62 35.9 2.19
      vertex 62 35.9 1.6
      vertex -62 35.9 1.6
    endloop
  endfacet
  facet normal 0.989152 0.146898 0
    outer loop
      vertex 63.8909 34.1862 2.19
      vertex 63.8635 34.3707 1.6
      vertex 63.8635 34.3707 2.19
    endloop
  endfacet
  facet normal 0.989152 0.146898 0
    outer loop
      vertex 63.8635 34.3707 1.6
      vertex 63.8909 34.1862 2.19
      vertex 63.8909 34.1862 1.6
    endloop
  endfacet
  facet normal -0.671391 0.741104 0
    outer loop
      vertex -63.2053 35.4687 1.6
      vertex -63.3435 35.3435 2.19
      vertex -63.2053 35.4687 2.19
    endloop
  endfacet
  facet normal -0.671391 0.741104 0
    outer loop
      vertex -63.3435 35.3435 2.19
      vertex -63.2053 35.4687 1.6
      vertex -63.3435 35.3435 1.6
    endloop
  endfacet
  facet normal -0.803015 -0.595959 0
    outer loop
      vertex -63.4687 -35.2053 1.6
      vertex -63.5798 -35.0556 2.19
      vertex -63.5798 -35.0556 1.6
    endloop
  endfacet
  facet normal -0.803015 -0.595959 0
    outer loop
      vertex -63.5798 -35.0556 2.19
      vertex -63.4687 -35.2053 1.6
      vertex -63.4687 -35.2053 2.19
    endloop
  endfacet
  facet normal 0.514338 0.857588 -0
    outer loop
      vertex 63.0556 35.5798 1.6
      vertex 62.8957 35.6757 2.19
      vertex 63.0556 35.5798 2.19
    endloop
  endfacet
  facet normal 0.514338 0.857588 0
    outer loop
      vertex 62.8957 35.6757 2.19
      vertex 63.0556 35.5798 1.6
      vertex 62.8957 35.6757 1.6
    endloop
  endfacet
  facet normal -0.595959 -0.803015 0
    outer loop
      vertex -63.2053 -35.4687 1.6
      vertex -63.0556 -35.5798 2.19
      vertex -63.2053 -35.4687 2.19
    endloop
  endfacet
  facet normal -0.595959 -0.803015 -0
    outer loop
      vertex -63.0556 -35.5798 2.19
      vertex -63.2053 -35.4687 1.6
      vertex -63.0556 -35.5798 1.6
    endloop
  endfacet
  facet normal 0.857588 -0.514338 0
    outer loop
      vertex 63.5798 -35.0556 2.19
      vertex 63.6757 -34.8957 1.6
      vertex 63.6757 -34.8957 2.19
    endloop
  endfacet
  facet normal 0.857588 -0.514338 0
    outer loop
      vertex 63.6757 -34.8957 1.6
      vertex 63.5798 -35.0556 2.19
      vertex 63.5798 -35.0556 1.6
    endloop
  endfacet
  facet normal 0.427372 0.904076 -0
    outer loop
      vertex 62.8957 35.6757 1.6
      vertex 62.7271 35.7554 2.19
      vertex 62.8957 35.6757 2.19
    endloop
  endfacet
  facet normal 0.427372 0.904076 0
    outer loop
      vertex 62.7271 35.7554 2.19
      vertex 62.8957 35.6757 1.6
      vertex 62.7271 35.7554 1.6
    endloop
  endfacet
  facet normal -0.427372 0.904076 0
    outer loop
      vertex -62.7271 35.7554 1.6
      vertex -62.8957 35.6757 2.19
      vertex -62.7271 35.7554 2.19
    endloop
  endfacet
  facet normal -0.427372 0.904076 0
    outer loop
      vertex -62.8957 35.6757 2.19
      vertex -62.7271 35.7554 1.6
      vertex -62.8957 35.6757 1.6
    endloop
  endfacet
  facet normal 0.970016 0.243041 0
    outer loop
      vertex 63.8635 34.3707 2.19
      vertex 63.8182 34.5515 1.6
      vertex 63.8182 34.5515 2.19
    endloop
  endfacet
  facet normal 0.970016 0.243041 0
    outer loop
      vertex 63.8182 34.5515 1.6
      vertex 63.8635 34.3707 2.19
      vertex 63.8635 34.3707 1.6
    endloop
  endfacet
  facet normal -0.146898 0.989152 0
    outer loop
      vertex -62.1862 35.8909 1.6
      vertex -62.3707 35.8635 2.19
      vertex -62.1862 35.8909 2.19
    endloop
  endfacet
  facet normal -0.146898 0.989152 0
    outer loop
      vertex -62.3707 35.8635 2.19
      vertex -62.1862 35.8909 1.6
      vertex -62.3707 35.8635 1.6
    endloop
  endfacet
  facet normal 0.146898 0.989152 -0
    outer loop
      vertex 62.3707 35.8635 1.6
      vertex 62.1862 35.8909 2.19
      vertex 62.3707 35.8635 2.19
    endloop
  endfacet
  facet normal 0.146898 0.989152 0
    outer loop
      vertex 62.1862 35.8909 2.19
      vertex 62.3707 35.8635 1.6
      vertex 62.1862 35.8909 1.6
    endloop
  endfacet
  facet normal 0.941596 -0.336744 0
    outer loop
      vertex 63.7554 -34.7271 2.19
      vertex 63.8182 -34.5515 1.6
      vertex 63.8182 -34.5515 2.19
    endloop
  endfacet
  facet normal 0.941596 -0.336744 0
    outer loop
      vertex 63.8182 -34.5515 1.6
      vertex 63.7554 -34.7271 2.19
      vertex 63.7554 -34.7271 1.6
    endloop
  endfacet
  facet normal -0.0488139 0.998808 0
    outer loop
      vertex -62 35.9 1.6
      vertex -62.1862 35.8909 2.19
      vertex -62 35.9 2.19
    endloop
  endfacet
  facet normal -0.0488139 0.998808 0
    outer loop
      vertex -62.1862 35.8909 2.19
      vertex -62 35.9 1.6
      vertex -62.1862 35.8909 1.6
    endloop
  endfacet
  facet normal 0.595959 -0.803015 0
    outer loop
      vertex 63.0556 -35.5798 1.6
      vertex 63.2053 -35.4687 2.19
      vertex 63.0556 -35.5798 2.19
    endloop
  endfacet
  facet normal 0.595959 -0.803015 0
    outer loop
      vertex 63.2053 -35.4687 2.19
      vertex 63.0556 -35.5798 1.6
      vertex 63.2053 -35.4687 1.6
    endloop
  endfacet
  facet normal -0.741104 0.671391 0
    outer loop
      vertex -63.4687 35.2053 1.6
      vertex -63.3435 35.3435 2.19
      vertex -63.3435 35.3435 1.6
    endloop
  endfacet
  facet normal -0.741104 0.671391 0
    outer loop
      vertex -63.3435 35.3435 2.19
      vertex -63.4687 35.2053 1.6
      vertex -63.4687 35.2053 2.19
    endloop
  endfacet
  facet normal 0.741104 0.671391 0
    outer loop
      vertex 63.4687 35.2053 2.19
      vertex 63.3435 35.3435 1.6
      vertex 63.3435 35.3435 2.19
    endloop
  endfacet
  facet normal 0.741104 0.671391 0
    outer loop
      vertex 63.3435 35.3435 1.6
      vertex 63.4687 35.2053 2.19
      vertex 63.4687 35.2053 1.6
    endloop
  endfacet
  facet normal -0.741104 -0.671391 0
    outer loop
      vertex -63.3435 -35.3435 1.6
      vertex -63.4687 -35.2053 2.19
      vertex -63.4687 -35.2053 1.6
    endloop
  endfacet
  facet normal -0.741104 -0.671391 0
    outer loop
      vertex -63.4687 -35.2053 2.19
      vertex -63.3435 -35.3435 1.6
      vertex -63.3435 -35.3435 2.19
    endloop
  endfacet
  facet normal 0.998808 -0.0488139 0
    outer loop
      vertex 63.8909 -34.1862 2.19
      vertex 63.9 -34 1.6
      vertex 63.9 -34 2.19
    endloop
  endfacet
  facet normal 0.998808 -0.0488139 0
    outer loop
      vertex 63.9 -34 1.6
      vertex 63.8909 -34.1862 2.19
      vertex 63.8909 -34.1862 1.6
    endloop
  endfacet
  facet normal -0.0488139 -0.998808 0
    outer loop
      vertex -62.1862 -35.8909 1.6
      vertex -62 -35.9 2.19
      vertex -62.1862 -35.8909 2.19
    endloop
  endfacet
  facet normal -0.0488139 -0.998808 -0
    outer loop
      vertex -62 -35.9 2.19
      vertex -62.1862 -35.8909 1.6
      vertex -62 -35.9 1.6
    endloop
  endfacet
  facet normal -0.970016 0.243041 0
    outer loop
      vertex -63.8635 34.3707 1.6
      vertex -63.8182 34.5515 2.19
      vertex -63.8182 34.5515 1.6
    endloop
  endfacet
  facet normal -0.970016 0.243041 0
    outer loop
      vertex -63.8182 34.5515 2.19
      vertex -63.8635 34.3707 1.6
      vertex -63.8635 34.3707 2.19
    endloop
  endfacet
  facet normal 0.595959 0.803015 -0
    outer loop
      vertex 63.2053 35.4687 1.6
      vertex 63.0556 35.5798 2.19
      vertex 63.2053 35.4687 2.19
    endloop
  endfacet
  facet normal 0.595959 0.803015 0
    outer loop
      vertex 63.0556 35.5798 2.19
      vertex 63.2053 35.4687 1.6
      vertex 63.0556 35.5798 1.6
    endloop
  endfacet
  facet normal -0.336744 -0.941596 0
    outer loop
      vertex -62.7271 -35.7554 1.6
      vertex -62.5515 -35.8182 2.19
      vertex -62.7271 -35.7554 2.19
    endloop
  endfacet
  facet normal -0.336744 -0.941596 -0
    outer loop
      vertex -62.5515 -35.8182 2.19
      vertex -62.7271 -35.7554 1.6
      vertex -62.5515 -35.8182 1.6
    endloop
  endfacet
  facet normal -0.671391 -0.741104 0
    outer loop
      vertex -63.3435 -35.3435 1.6
      vertex -63.2053 -35.4687 2.19
      vertex -63.3435 -35.3435 2.19
    endloop
  endfacet
  facet normal -0.671391 -0.741104 -0
    outer loop
      vertex -63.2053 -35.4687 2.19
      vertex -63.3435 -35.3435 1.6
      vertex -63.2053 -35.4687 1.6
    endloop
  endfacet
  facet normal -0.970016 -0.243041 0
    outer loop
      vertex -63.8182 -34.5515 1.6
      vertex -63.8635 -34.3707 2.19
      vertex -63.8635 -34.3707 1.6
    endloop
  endfacet
  facet normal -0.970016 -0.243041 0
    outer loop
      vertex -63.8635 -34.3707 2.19
      vertex -63.8182 -34.5515 1.6
      vertex -63.8182 -34.5515 2.19
    endloop
  endfacet
  facet normal -0.514338 -0.857588 0
    outer loop
      vertex -63.0556 -35.5798 1.6
      vertex -62.8957 -35.6757 2.19
      vertex -63.0556 -35.5798 2.19
    endloop
  endfacet
  facet normal -0.514338 -0.857588 -0
    outer loop
      vertex -62.8957 -35.6757 2.19
      vertex -63.0556 -35.5798 1.6
      vertex -62.8957 -35.6757 1.6
    endloop
  endfacet
  facet normal 0.243041 0.970016 -0
    outer loop
      vertex 62.5515 35.8182 1.6
      vertex 62.3707 35.8635 2.19
      vertex 62.5515 35.8182 2.19
    endloop
  endfacet
  facet normal 0.243041 0.970016 0
    outer loop
      vertex 62.3707 35.8635 2.19
      vertex 62.5515 35.8182 1.6
      vertex 62.3707 35.8635 1.6
    endloop
  endfacet
  facet normal 0.803015 0.595959 0
    outer loop
      vertex 63.5798 35.0556 2.19
      vertex 63.4687 35.2053 1.6
      vertex 63.4687 35.2053 2.19
    endloop
  endfacet
  facet normal 0.803015 0.595959 0
    outer loop
      vertex 63.4687 35.2053 1.6
      vertex 63.5798 35.0556 2.19
      vertex 63.5798 35.0556 1.6
    endloop
  endfacet
  facet normal 0.0488139 0.998808 -0
    outer loop
      vertex 62.1862 35.8909 1.6
      vertex 62 35.9 2.19
      vertex 62.1862 35.8909 2.19
    endloop
  endfacet
  facet normal 0.0488139 0.998808 0
    outer loop
      vertex 62 35.9 2.19
      vertex 62.1862 35.8909 1.6
      vertex 62 35.9 1.6
    endloop
  endfacet
  facet normal 0.857588 0.514338 0
    outer loop
      vertex 63.6757 34.8957 2.19
      vertex 63.5798 35.0556 1.6
      vertex 63.5798 35.0556 2.19
    endloop
  endfacet
  facet normal 0.857588 0.514338 0
    outer loop
      vertex 63.5798 35.0556 1.6
      vertex 63.6757 34.8957 2.19
      vertex 63.6757 34.8957 1.6
    endloop
  endfacet
  facet normal 0 0 1
    outer loop
      vertex 63.1 34 2.19
      vertex 63.9 34 2.19
      vertex 63.8909 34.1862 2.19
    endloop
  endfacet
  facet normal 0 0 1
    outer loop
      vertex 63.9 34 2.19
      vertex 63.1 34 2.19
      vertex 63.9 -34 2.19
    endloop
  endfacet
  facet normal 0 0 1
    outer loop
      vertex 63.0947 34.1078 2.19
      vertex 63.8909 34.1862 2.19
      vertex 63.8635 34.3707 2.19
    endloop
  endfacet
  facet normal 0 0 1
    outer loop
      vertex 63.1 -34 2.19
      vertex 63.9 -34 2.19
      vertex 63.1 34 2.19
    endloop
  endfacet
  facet normal 0 0 1
    outer loop
      vertex 63.0789 34.2146 2.19
      vertex 63.8635 34.3707 2.19
      vertex 63.8182 34.5515 2.19
    endloop
  endfacet
  facet normal 0 0 1
    outer loop
      vertex 63.9 -34 2.19
      vertex 63.1 -34 2.19
      vertex 63.8909 -34.1862 2.19
    endloop
  endfacet
  facet normal 0 0 1
    outer loop
      vertex 63.0526 34.3193 2.19
      vertex 63.8182 34.5515 2.19
      vertex 63.7554 34.7271 2.19
    endloop
  endfacet
  facet normal -0 0 1
    outer loop
      vertex 63.0947 -34.1078 2.19
      vertex 63.8909 -34.1862 2.19
      vertex 63.1 -34 2.19
    endloop
  endfacet
  facet normal 0 0 1
    outer loop
      vertex 63.0163 34.421 2.19
      vertex 63.7554 34.7271 2.19
      vertex 63.6757 34.8957 2.19
    endloop
  endfacet
  facet normal 0 0 1
    outer loop
      vertex 63.8909 -34.1862 2.19
      vertex 63.0947 -34.1078 2.19
      vertex 63.8635 -34.3707 2.19
    endloop
  endfacet
  facet normal 0 0 1
    outer loop
      vertex 62.9701 34.5185 2.19
      vertex 63.6757 34.8957 2.19
      vertex 63.5798 35.0556 2.19
    endloop
  endfacet
  facet normal -0 0 1
    outer loop
      vertex 63.0789 -34.2146 2.19
      vertex 63.8635 -34.3707 2.19
      vertex 63.0947 -34.1078 2.19
    endloop
  endfacet
  facet normal 0 0 1
    outer loop
      vertex 62.9146 34.6111 2.19
      vertex 63.5798 35.0556 2.19
      vertex 63.4687 35.2053 2.19
    endloop
  endfacet
  facet normal 0 0 1
    outer loop
      vertex 63.8635 -34.3707 2.19
      vertex 63.0789 -34.2146 2.19
      vertex 63.8182 -34.5515 2.19
    endloop
  endfacet
  facet normal 0 0 1
    outer loop
      vertex 62.8503 34.6978 2.19
      vertex 63.4687 35.2053 2.19
      vertex 63.3435 35.3435 2.19
    endloop
  endfacet
  facet normal -0 0 1
    outer loop
      vertex 63.0526 -34.3193 2.19
      vertex 63.8182 -34.5515 2.19
      vertex 63.0789 -34.2146 2.19
    endloop
  endfacet
  facet normal 0 0 1
    outer loop
      vertex 62.7778 34.7778 2.19
      vertex 63.3435 35.3435 2.19
      vertex 63.2053 35.4687 2.19
    endloop
  endfacet
  facet normal 0 0 1
    outer loop
      vertex 63.8182 -34.5515 2.19
      vertex 63.0526 -34.3193 2.19
      vertex 63.7554 -34.7271 2.19
    endloop
  endfacet
  facet normal -0 0 1
    outer loop
      vertex 63.0163 -34.421 2.19
      vertex 63.7554 -34.7271 2.19
      vertex 63.0526 -34.3193 2.19
    endloop
  endfacet
  facet normal 0 0 1
    outer loop
      vertex 63.8909 34.1862 2.19
      vertex 63.0947 34.1078 2.19
      vertex 63.1 34 2.19
    endloop
  endfacet
  facet normal 0 0 1
    outer loop
      vertex 63.8635 34.3707 2.19
      vertex 63.0789 34.2146 2.19
      vertex 63.0947 34.1078 2.19
    endloop
  endfacet
  facet normal 0 0 1
    outer loop
      vertex 62.6978 34.8503 2.19
      vertex 63.2053 35.4687 2.19
      vertex 63.0556 35.5798 2.19
    endloop
  endfacet
  facet normal 0 0 1
    outer loop
      vertex 63.8182 34.5515 2.19
      vertex 63.0526 34.3193 2.19
      vertex 63.0789 34.2146 2.19
    endloop
  endfacet
  facet normal 0 0 1
    outer loop
      vertex 63.7554 34.7271 2.19
      vertex 63.0163 34.421 2.19
      vertex 63.0526 34.3193 2.19
    endloop
  endfacet
  facet normal 0 0 1
    outer loop
      vertex 63.6757 34.8957 2.19
      vertex 62.9701 34.5185 2.19
      vertex 63.0163 34.421 2.19
    endloop
  endfacet
  facet normal 0 0 1
    outer loop
      vertex 63.5798 35.0556 2.19
      vertex 62.9146 34.6111 2.19
      vertex 62.9701 34.5185 2.19
    endloop
  endfacet
  facet normal 0 0 1
    outer loop
      vertex 62.6111 34.9146 2.19
      vertex 63.0556 35.5798 2.19
      vertex 62.8957 35.6757 2.19
    endloop
  endfacet
  facet normal 0 0 1
    outer loop
      vertex 63.4687 35.2053 2.19
      vertex 62.8503 34.6978 2.19
      vertex 62.9146 34.6111 2.19
    endloop
  endfacet
  facet normal 0 0 1
    outer loop
      vertex 63.3435 35.3435 2.19
      vertex 62.7778 34.7778 2.19
      vertex 62.8503 34.6978 2.19
    endloop
  endfacet
  facet normal 0 0 1
    outer loop
      vertex 62.5185 34.9701 2.19
      vertex 62.8957 35.6757 2.19
      vertex 62.7271 35.7554 2.19
    endloop
  endfacet
  facet normal 0 0 1
    outer loop
      vertex 63.2053 35.4687 2.19
      vertex 62.6978 34.8503 2.19
      vertex 62.7778 34.7778 2.19
    endloop
  endfacet
  facet normal 0 0 1
    outer loop
      vertex 63.0556 35.5798 2.19
      vertex 62.6111 34.9146 2.19
      vertex 62.6978 34.8503 2.19
    endloop
  endfacet
  facet normal 0 0 1
    outer loop
      vertex 62.421 35.0163 2.19
      vertex 62.7271 35.7554 2.19
      vertex 62.5515 35.8182 2.19
    endloop
  endfacet
  facet normal 0 0 1
    outer loop
      vertex 62.8957 35.6757 2.19
      vertex 62.5185 34.9701 2.19
      vertex 62.6111 34.9146 2.19
    endloop
  endfacet
  facet normal 0 0 1
    outer loop
      vertex 62.7271 35.7554 2.19
      vertex 62.421 35.0163 2.19
      vertex 62.5185 34.9701 2.19
    endloop
  endfacet
  facet normal 0 0 1
    outer loop
      vertex 62.3193 35.0526 2.19
      vertex 62.5515 35.8182 2.19
      vertex 62.3707 35.8635 2.19
    endloop
  endfacet
  facet normal 0 0 1
    outer loop
      vertex 62.5515 35.8182 2.19
      vertex 62.3193 35.0526 2.19
      vertex 62.421 35.0163 2.19
    endloop
  endfacet
  facet normal 0 0 1
    outer loop
      vertex 62.3707 35.8635 2.19
      vertex 62.2146 35.0789 2.19
      vertex 62.3193 35.0526 2.19
    endloop
  endfacet
  facet normal 0 0 1
    outer loop
      vertex 62.1862 35.8909 2.19
      vertex 62.2146 35.0789 2.19
      vertex 62.3707 35.8635 2.19
    endloop
  endfacet
  facet normal 0 0 1
    outer loop
      vertex 62.1862 35.8909 2.19
      vertex 62.1078 35.0947 2.19
      vertex 62.2146 35.0789 2.19
    endloop
  endfacet
  facet normal 0 0 1
    outer loop
      vertex 62 35.9 2.19
      vertex 62.1078 35.0947 2.19
      vertex 62.1862 35.8909 2.19
    endloop
  endfacet
  facet normal 0 0 1
    outer loop
      vertex 62 35.9 2.19
      vertex 62 35.1 2.19
      vertex 62.1078 35.0947 2.19
    endloop
  endfacet
  facet normal -0 0 1
    outer loop
      vertex -62 35.9 2.19
      vertex 62 35.1 2.19
      vertex 62 35.9 2.19
    endloop
  endfacet
  facet normal 0 0 1
    outer loop
      vertex -62 35.9 2.19
      vertex -62 35.1 2.19
      vertex 62 35.1 2.19
    endloop
  endfacet
  facet normal 0 0 1
    outer loop
      vertex -62 35.9 2.19
      vertex -62.1078 35.0947 2.19
      vertex -62 35.1 2.19
    endloop
  endfacet
  facet normal -0 0 1
    outer loop
      vertex -62.1862 35.8909 2.19
      vertex -62.1078 35.0947 2.19
      vertex -62 35.9 2.19
    endloop
  endfacet
  facet normal 0 0 1
    outer loop
      vertex -62.1862 35.8909 2.19
      vertex -62.2146 35.0789 2.19
      vertex -62.1078 35.0947 2.19
    endloop
  endfacet
  facet normal -0 0 1
    outer loop
      vertex -62.3707 35.8635 2.19
      vertex -62.2146 35.0789 2.19
      vertex -62.1862 35.8909 2.19
    endloop
  endfacet
  facet normal 0 0 1
    outer loop
      vertex -62.2146 35.0789 2.19
      vertex -62.3707 35.8635 2.19
      vertex -62.3193 35.0526 2.19
    endloop
  endfacet
  facet normal -0 0 1
    outer loop
      vertex -62.5515 35.8182 2.19
      vertex -62.3193 35.0526 2.19
      vertex -62.3707 35.8635 2.19
    endloop
  endfacet
  facet normal 0 0 1
    outer loop
      vertex -62.3193 35.0526 2.19
      vertex -62.5515 35.8182 2.19
      vertex -62.421 35.0163 2.19
    endloop
  endfacet
  facet normal -0 0 1
    outer loop
      vertex -62.7271 35.7554 2.19
      vertex -62.421 35.0163 2.19
      vertex -62.5515 35.8182 2.19
    endloop
  endfacet
  facet normal 0 0 1
    outer loop
      vertex -62.421 35.0163 2.19
      vertex -62.7271 35.7554 2.19
      vertex -62.5185 34.9701 2.19
    endloop
  endfacet
  facet normal -0 0 1
    outer loop
      vertex -62.8957 35.6757 2.19
      vertex -62.5185 34.9701 2.19
      vertex -62.7271 35.7554 2.19
    endloop
  endfacet
  facet normal 0 0 1
    outer loop
      vertex -62.5185 34.9701 2.19
      vertex -62.8957 35.6757 2.19
      vertex -62.6111 34.9146 2.19
    endloop
  endfacet
  facet normal -0 0 1
    outer loop
      vertex -63.0556 35.5798 2.19
      vertex -62.6111 34.9146 2.19
      vertex -62.8957 35.6757 2.19
    endloop
  endfacet
  facet normal 0 0 1
    outer loop
      vertex -62.6111 34.9146 2.19
      vertex -63.0556 35.5798 2.19
      vertex -62.6978 34.8503 2.19
    endloop
  endfacet
  facet normal -0 0 1
    outer loop
      vertex -63.2053 35.4687 2.19
      vertex -62.6978 34.8503 2.19
      vertex -63.0556 35.5798 2.19
    endloop
  endfacet
  facet normal 0 0 1
    outer loop
      vertex -62.6978 34.8503 2.19
      vertex -63.2053 35.4687 2.19
      vertex -62.7778 34.7778 2.19
    endloop
  endfacet
  facet normal -0 0 1
    outer loop
      vertex -63.3435 35.3435 2.19
      vertex -62.7778 34.7778 2.19
      vertex -63.2053 35.4687 2.19
    endloop
  endfacet
  facet normal 0 0 1
    outer loop
      vertex -62.7778 34.7778 2.19
      vertex -63.3435 35.3435 2.19
      vertex -62.8503 34.6978 2.19
    endloop
  endfacet
  facet normal -0 0 1
    outer loop
      vertex -63.4687 35.2053 2.19
      vertex -62.8503 34.6978 2.19
      vertex -63.3435 35.3435 2.19
    endloop
  endfacet
  facet normal 0 0 1
    outer loop
      vertex -62.8503 34.6978 2.19
      vertex -63.4687 35.2053 2.19
      vertex -62.9146 34.6111 2.19
    endloop
  endfacet
  facet normal -0 0 1
    outer loop
      vertex -63.5798 35.0556 2.19
      vertex -62.9146 34.6111 2.19
      vertex -63.4687 35.2053 2.19
    endloop
  endfacet
  facet normal 0 0 1
    outer loop
      vertex -62.9146 34.6111 2.19
      vertex -63.5798 35.0556 2.19
      vertex -62.9701 34.5185 2.19
    endloop
  endfacet
  facet normal -0 0 1
    outer loop
      vertex -63.6757 34.8957 2.19
      vertex -62.9701 34.5185 2.19
      vertex -63.5798 35.0556 2.19
    endloop
  endfacet
  facet normal -0 0 1
    outer loop
      vertex -63.7554 34.7271 2.19
      vertex -63.0163 34.421 2.19
      vertex -63.6757 34.8957 2.19
    endloop
  endfacet
  facet normal 0 0 1
    outer loop
      vertex -62.9701 34.5185 2.19
      vertex -63.6757 34.8957 2.19
      vertex -63.0163 34.421 2.19
    endloop
  endfacet
  facet normal 0 0 1
    outer loop
      vertex 63.7554 -34.7271 2.19
      vertex 63.0163 -34.421 2.19
      vertex 63.6757 -34.8957 2.19
    endloop
  endfacet
  facet normal -0 0 1
    outer loop
      vertex 62.9701 -34.5185 2.19
      vertex 63.6757 -34.8957 2.19
      vertex 63.0163 -34.421 2.19
    endloop
  endfacet
  facet normal 0 0 1
    outer loop
      vertex 63.6757 -34.8957 2.19
      vertex 62.9701 -34.5185 2.19
      vertex 63.5798 -35.0556 2.19
    endloop
  endfacet
  facet normal -0 0 1
    outer loop
      vertex 62.9146 -34.6111 2.19
      vertex 63.5798 -35.0556 2.19
      vertex 62.9701 -34.5185 2.19
    endloop
  endfacet
  facet normal 0 0 1
    outer loop
      vertex 63.5798 -35.0556 2.19
      vertex 62.9146 -34.6111 2.19
      vertex 63.4687 -35.2053 2.19
    endloop
  endfacet
  facet normal -0 0 1
    outer loop
      vertex 62.8503 -34.6978 2.19
      vertex 63.4687 -35.2053 2.19
      vertex 62.9146 -34.6111 2.19
    endloop
  endfacet
  facet normal 0 0 1
    outer loop
      vertex 63.4687 -35.2053 2.19
      vertex 62.8503 -34.6978 2.19
      vertex 63.3435 -35.3435 2.19
    endloop
  endfacet
  facet normal -0 0 1
    outer loop
      vertex 62.7778 -34.7778 2.19
      vertex 63.3435 -35.3435 2.19
      vertex 62.8503 -34.6978 2.19
    endloop
  endfacet
  facet normal 0 0 1
    outer loop
      vertex 63.3435 -35.3435 2.19
      vertex 62.7778 -34.7778 2.19
      vertex 63.2053 -35.4687 2.19
    endloop
  endfacet
  facet normal -0 0 1
    outer loop
      vertex 62.6978 -34.8503 2.19
      vertex 63.2053 -35.4687 2.19
      vertex 62.7778 -34.7778 2.19
    endloop
  endfacet
  facet normal 0 0 1
    outer loop
      vertex 63.2053 -35.4687 2.19
      vertex 62.6978 -34.8503 2.19
      vertex 63.0556 -35.5798 2.19
    endloop
  endfacet
  facet normal -0 0 1
    outer loop
      vertex 62.6111 -34.9146 2.19
      vertex 63.0556 -35.5798 2.19
      vertex 62.6978 -34.8503 2.19
    endloop
  endfacet
  facet normal 0 0 1
    outer loop
      vertex 63.0556 -35.5798 2.19
      vertex 62.6111 -34.9146 2.19
      vertex 62.8957 -35.6757 2.19
    endloop
  endfacet
  facet normal -0 0 1
    outer loop
      vertex 62.5185 -34.9701 2.19
      vertex 62.8957 -35.6757 2.19
      vertex 62.6111 -34.9146 2.19
    endloop
  endfacet
  facet normal 0 0 1
    outer loop
      vertex 62.8957 -35.6757 2.19
      vertex 62.5185 -34.9701 2.19
      vertex 62.7271 -35.7554 2.19
    endloop
  endfacet
  facet normal -0 0 1
    outer loop
      vertex 62.421 -35.0163 2.19
      vertex 62.7271 -35.7554 2.19
      vertex 62.5185 -34.9701 2.19
    endloop
  endfacet
  facet normal 0 0 1
    outer loop
      vertex 62.7271 -35.7554 2.19
      vertex 62.421 -35.0163 2.19
      vertex 62.5515 -35.8182 2.19
    endloop
  endfacet
  facet normal -0 0 1
    outer loop
      vertex 62.3193 -35.0526 2.19
      vertex 62.5515 -35.8182 2.19
      vertex 62.421 -35.0163 2.19
    endloop
  endfacet
  facet normal 0 0 1
    outer loop
      vertex 62.5515 -35.8182 2.19
      vertex 62.3193 -35.0526 2.19
      vertex 62.3707 -35.8635 2.19
    endloop
  endfacet
  facet normal -0 0 1
    outer loop
      vertex 62.2146 -35.0789 2.19
      vertex 62.3707 -35.8635 2.19
      vertex 62.3193 -35.0526 2.19
    endloop
  endfacet
  facet normal 0 0 1
    outer loop
      vertex 62.2146 -35.0789 2.19
      vertex 62.1862 -35.8909 2.19
      vertex 62.3707 -35.8635 2.19
    endloop
  endfacet
  facet normal -0 0 1
    outer loop
      vertex 62.1078 -35.0947 2.19
      vertex 62.1862 -35.8909 2.19
      vertex 62.2146 -35.0789 2.19
    endloop
  endfacet
  facet normal -0 0 1
    outer loop
      vertex 62 -35.1 2.19
      vertex 62.1862 -35.8909 2.19
      vertex 62.1078 -35.0947 2.19
    endloop
  endfacet
  facet normal 0 0 1
    outer loop
      vertex 62 -35.1 2.19
      vertex 62 -35.9 2.19
      vertex 62.1862 -35.8909 2.19
    endloop
  endfacet
  facet normal -0 0 1
    outer loop
      vertex -62 -35.1 2.19
      vertex 62 -35.9 2.19
      vertex 62 -35.1 2.19
    endloop
  endfacet
  facet normal 0 0 1
    outer loop
      vertex -62 -35.1 2.19
      vertex -62 -35.9 2.19
      vertex 62 -35.9 2.19
    endloop
  endfacet
  facet normal 0 0 1
    outer loop
      vertex -62.1078 -35.0947 2.19
      vertex -62 -35.9 2.19
      vertex -62 -35.1 2.19
    endloop
  endfacet
  facet normal 0 0 1
    outer loop
      vertex -62.1078 -35.0947 2.19
      vertex -62.1862 -35.8909 2.19
      vertex -62 -35.9 2.19
    endloop
  endfacet
  facet normal 0 0 1
    outer loop
      vertex -62.2146 -35.0789 2.19
      vertex -62.1862 -35.8909 2.19
      vertex -62.1078 -35.0947 2.19
    endloop
  endfacet
  facet normal 0 0 1
    outer loop
      vertex -62.3707 -35.8635 2.19
      vertex -62.2146 -35.0789 2.19
      vertex -62.3193 -35.0526 2.19
    endloop
  endfacet
  facet normal 0 0 1
    outer loop
      vertex -62.2146 -35.0789 2.19
      vertex -62.3707 -35.8635 2.19
      vertex -62.1862 -35.8909 2.19
    endloop
  endfacet
  facet normal 0 0 1
    outer loop
      vertex -62.5515 -35.8182 2.19
      vertex -62.3193 -35.0526 2.19
      vertex -62.421 -35.0163 2.19
    endloop
  endfacet
  facet normal 0 0 1
    outer loop
      vertex -62.7271 -35.7554 2.19
      vertex -62.421 -35.0163 2.19
      vertex -62.5185 -34.9701 2.19
    endloop
  endfacet
  facet normal 0 0 1
    outer loop
      vertex -62.3193 -35.0526 2.19
      vertex -62.5515 -35.8182 2.19
      vertex -62.3707 -35.8635 2.19
    endloop
  endfacet
  facet normal 0 0 1
    outer loop
      vertex -62.8957 -35.6757 2.19
      vertex -62.5185 -34.9701 2.19
      vertex -62.6111 -34.9146 2.19
    endloop
  endfacet
  facet normal 0 0 1
    outer loop
      vertex -63.0556 -35.5798 2.19
      vertex -62.6111 -34.9146 2.19
      vertex -62.6978 -34.8503 2.19
    endloop
  endfacet
  facet normal 0 0 1
    outer loop
      vertex -62.421 -35.0163 2.19
      vertex -62.7271 -35.7554 2.19
      vertex -62.5515 -35.8182 2.19
    endloop
  endfacet
  facet normal 0 0 1
    outer loop
      vertex -63.2053 -35.4687 2.19
      vertex -62.6978 -34.8503 2.19
      vertex -62.7778 -34.7778 2.19
    endloop
  endfacet
  facet normal 0 0 1
    outer loop
      vertex -63.3435 -35.3435 2.19
      vertex -62.7778 -34.7778 2.19
      vertex -62.8503 -34.6978 2.19
    endloop
  endfacet
  facet normal 0 0 1
    outer loop
      vertex -62.5185 -34.9701 2.19
      vertex -62.8957 -35.6757 2.19
      vertex -62.7271 -35.7554 2.19
    endloop
  endfacet
  facet normal 0 0 1
    outer loop
      vertex -63.4687 -35.2053 2.19
      vertex -62.8503 -34.6978 2.19
      vertex -62.9146 -34.6111 2.19
    endloop
  endfacet
  facet normal 0 0 1
    outer loop
      vertex -63.5798 -35.0556 2.19
      vertex -62.9146 -34.6111 2.19
      vertex -62.9701 -34.5185 2.19
    endloop
  endfacet
  facet normal 0 0 1
    outer loop
      vertex -63.6757 -34.8957 2.19
      vertex -62.9701 -34.5185 2.19
      vertex -63.0163 -34.421 2.19
    endloop
  endfacet
  facet normal 0 0 1
    outer loop
      vertex -63.7554 -34.7271 2.19
      vertex -63.0163 -34.421 2.19
      vertex -63.0526 -34.3193 2.19
    endloop
  endfacet
  facet normal 0 0 1
    outer loop
      vertex -62.6111 -34.9146 2.19
      vertex -63.0556 -35.5798 2.19
      vertex -62.8957 -35.6757 2.19
    endloop
  endfacet
  facet normal 0 0 1
    outer loop
      vertex -63.8182 -34.5515 2.19
      vertex -63.0526 -34.3193 2.19
      vertex -63.0789 -34.2146 2.19
    endloop
  endfacet
  facet normal 0 0 1
    outer loop
      vertex -63.8635 -34.3707 2.19
      vertex -63.0789 -34.2146 2.19
      vertex -63.0947 -34.1078 2.19
    endloop
  endfacet
  facet normal 0 0 1
    outer loop
      vertex -63.8909 -34.1862 2.19
      vertex -63.0947 -34.1078 2.19
      vertex -63.1 -34 2.19
    endloop
  endfacet
  facet normal 0 0 1
    outer loop
      vertex -62.6978 -34.8503 2.19
      vertex -63.2053 -35.4687 2.19
      vertex -63.0556 -35.5798 2.19
    endloop
  endfacet
  facet normal 0 0 1
    outer loop
      vertex -63.1 34 2.19
      vertex -63.9 34 2.19
      vertex -63.1 -34 2.19
    endloop
  endfacet
  facet normal 0 0 1
    outer loop
      vertex -63.0163 34.421 2.19
      vertex -63.7554 34.7271 2.19
      vertex -63.0526 34.3193 2.19
    endloop
  endfacet
  facet normal 0 0 1
    outer loop
      vertex -63.9 -34 2.19
      vertex -63.1 -34 2.19
      vertex -63.9 34 2.19
    endloop
  endfacet
  facet normal -0 0 1
    outer loop
      vertex -63.8182 34.5515 2.19
      vertex -63.0526 34.3193 2.19
      vertex -63.7554 34.7271 2.19
    endloop
  endfacet
  facet normal 0 -0 1
    outer loop
      vertex -63.8909 -34.1862 2.19
      vertex -63.1 -34 2.19
      vertex -63.9 -34 2.19
    endloop
  endfacet
  facet normal 0 0 1
    outer loop
      vertex -63.0526 34.3193 2.19
      vertex -63.8182 34.5515 2.19
      vertex -63.0789 34.2146 2.19
    endloop
  endfacet
  facet normal 0 0 1
    outer loop
      vertex -62.7778 -34.7778 2.19
      vertex -63.3435 -35.3435 2.19
      vertex -63.2053 -35.4687 2.19
    endloop
  endfacet
  facet normal -0 0 1
    outer loop
      vertex -63.8635 34.3707 2.19
      vertex -63.0789 34.2146 2.19
      vertex -63.8182 34.5515 2.19
    endloop
  endfacet
  facet normal 0 0 1
    outer loop
      vertex -62.8503 -34.6978 2.19
      vertex -63.4687 -35.2053 2.19
      vertex -63.3435 -35.3435 2.19
    endloop
  endfacet
  facet normal 0 0 1
    outer loop
      vertex -63.0789 34.2146 2.19
      vertex -63.8635 34.3707 2.19
      vertex -63.0947 34.1078 2.19
    endloop
  endfacet
  facet normal 0 0 1
    outer loop
      vertex -62.9146 -34.6111 2.19
      vertex -63.5798 -35.0556 2.19
      vertex -63.4687 -35.2053 2.19
    endloop
  endfacet
  facet normal -0 0 1
    outer loop
      vertex -63.8909 34.1862 2.19
      vertex -63.0947 34.1078 2.19
      vertex -63.8635 34.3707 2.19
    endloop
  endfacet
  facet normal 0 0 1
    outer loop
      vertex -62.9701 -34.5185 2.19
      vertex -63.6757 -34.8957 2.19
      vertex -63.5798 -35.0556 2.19
    endloop
  endfacet
  facet normal 0 0 1
    outer loop
      vertex -63.0947 34.1078 2.19
      vertex -63.8909 34.1862 2.19
      vertex -63.1 34 2.19
    endloop
  endfacet
  facet normal 0 0 1
    outer loop
      vertex -63.0163 -34.421 2.19
      vertex -63.7554 -34.7271 2.19
      vertex -63.6757 -34.8957 2.19
    endloop
  endfacet
  facet normal 0 0 1
    outer loop
      vertex -63.1 34 2.19
      vertex -63.8909 34.1862 2.19
      vertex -63.9 34 2.19
    endloop
  endfacet
  facet normal 0 0 1
    outer loop
      vertex -63.0526 -34.3193 2.19
      vertex -63.8182 -34.5515 2.19
      vertex -63.7554 -34.7271 2.19
    endloop
  endfacet
  facet normal 0 0 1
    outer loop
      vertex -63.0789 -34.2146 2.19
      vertex -63.8635 -34.3707 2.19
      vertex -63.8182 -34.5515 2.19
    endloop
  endfacet
  facet normal 0 0 1
    outer loop
      vertex -63.0947 -34.1078 2.19
      vertex -63.8909 -34.1862 2.19
      vertex -63.8635 -34.3707 2.19
    endloop
  endfacet
  facet normal 0.941596 0.336744 0
    outer loop
      vertex 63.8182 34.5515 2.19
      vertex 63.7554 34.7271 1.6
      vertex 63.7554 34.7271 2.19
    endloop
  endfacet
  facet normal 0.941596 0.336744 0
    outer loop
      vertex 63.7554 34.7271 1.6
      vertex 63.8182 34.5515 2.19
      vertex 63.8182 34.5515 1.6
    endloop
  endfacet
  facet normal -0.989152 0.146898 0
    outer loop
      vertex -63.8909 34.1862 1.6
      vertex -63.8635 34.3707 2.19
      vertex -63.8635 34.3707 1.6
    endloop
  endfacet
  facet normal -0.989152 0.146898 0
    outer loop
      vertex -63.8635 34.3707 2.19
      vertex -63.8909 34.1862 1.6
      vertex -63.8909 34.1862 2.19
    endloop
  endfacet
  facet normal -0.427372 -0.904076 0
    outer loop
      vertex -62.8957 -35.6757 1.6
      vertex -62.7271 -35.7554 2.19
      vertex -62.8957 -35.6757 2.19
    endloop
  endfacet
  facet normal -0.427372 -0.904076 -0
    outer loop
      vertex -62.7271 -35.7554 2.19
      vertex -62.8957 -35.6757 1.6
      vertex -62.7271 -35.7554 1.6
    endloop
  endfacet
  facet normal 0.0488139 -0.998808 0
    outer loop
      vertex 62 -35.9 1.6
      vertex 62.1862 -35.8909 2.19
      vertex 62 -35.9 2.19
    endloop
  endfacet
  facet normal 0.0488139 -0.998808 0
    outer loop
      vertex 62.1862 -35.8909 2.19
      vertex 62 -35.9 1.6
      vertex 62.1862 -35.8909 1.6
    endloop
  endfacet
  facet normal 0.741104 -0.671391 0
    outer loop
      vertex 63.3435 -35.3435 2.19
      vertex 63.4687 -35.2053 1.6
      vertex 63.4687 -35.2053 2.19
    endloop
  endfacet
  facet normal 0.741104 -0.671391 0
    outer loop
      vertex 63.4687 -35.2053 1.6
      vertex 63.3435 -35.3435 2.19
      vertex 63.3435 -35.3435 1.6
    endloop
  endfacet
  facet normal -0.998808 -0.0488139 0
    outer loop
      vertex -63.8909 -34.1862 1.6
      vertex -63.9 -34 2.19
      vertex -63.9 -34 1.6
    endloop
  endfacet
  facet normal -0.998808 -0.0488139 0
    outer loop
      vertex -63.9 -34 2.19
      vertex -63.8909 -34.1862 1.6
      vertex -63.8909 -34.1862 2.19
    endloop
  endfacet
  facet normal -0.514338 0.857588 0
    outer loop
      vertex -62.8957 35.6757 1.6
      vertex -63.0556 35.5798 2.19
      vertex -62.8957 35.6757 2.19
    endloop
  endfacet
  facet normal -0.514338 0.857588 0
    outer loop
      vertex -63.0556 35.5798 2.19
      vertex -62.8957 35.6757 1.6
      vertex -63.0556 35.5798 1.6
    endloop
  endfacet
  facet normal -0.998808 0.0488139 0
    outer loop
      vertex -63.9 34 1.6
      vertex -63.8909 34.1862 2.19
      vertex -63.8909 34.1862 1.6
    endloop
  endfacet
  facet normal -0.998808 0.0488139 0
    outer loop
      vertex -63.8909 34.1862 2.19
      vertex -63.9 34 1.6
      vertex -63.9 34 2.19
    endloop
  endfacet
  facet normal -0.243041 0.970016 0
    outer loop
      vertex -62.3707 35.8635 1.6
      vertex -62.5515 35.8182 2.19
      vertex -62.3707 35.8635 2.19
    endloop
  endfacet
  facet normal -0.243041 0.970016 0
    outer loop
      vertex -62.5515 35.8182 2.19
      vertex -62.3707 35.8635 1.6
      vertex -62.5515 35.8182 1.6
    endloop
  endfacet
  facet normal 0.336744 -0.941596 0
    outer loop
      vertex 62.5515 -35.8182 1.6
      vertex 62.7271 -35.7554 2.19
      vertex 62.5515 -35.8182 2.19
    endloop
  endfacet
  facet normal 0.336744 -0.941596 0
    outer loop
      vertex 62.7271 -35.7554 2.19
      vertex 62.5515 -35.8182 1.6
      vertex 62.7271 -35.7554 1.6
    endloop
  endfacet
  facet normal -0.857588 -0.514338 0
    outer loop
      vertex -63.5798 -35.0556 1.6
      vertex -63.6757 -34.8957 2.19
      vertex -63.6757 -34.8957 1.6
    endloop
  endfacet
  facet normal -0.857588 -0.514338 0
    outer loop
      vertex -63.6757 -34.8957 2.19
      vertex -63.5798 -35.0556 1.6
      vertex -63.5798 -35.0556 2.19
    endloop
  endfacet
  facet normal 0.803015 -0.595959 0
    outer loop
      vertex 63.4687 -35.2053 2.19
      vertex 63.5798 -35.0556 1.6
      vertex 63.5798 -35.0556 2.19
    endloop
  endfacet
  facet normal 0.803015 -0.595959 0
    outer loop
      vertex 63.5798 -35.0556 1.6
      vertex 63.4687 -35.2053 2.19
      vertex 63.4687 -35.2053 1.6
    endloop
  endfacet
  facet normal -0.989152 -0.146898 0
    outer loop
      vertex -63.8635 -34.3707 1.6
      vertex -63.8909 -34.1862 2.19
      vertex -63.8909 -34.1862 1.6
    endloop
  endfacet
  facet normal -0.989152 -0.146898 0
    outer loop
      vertex -63.8909 -34.1862 2.19
      vertex -63.8635 -34.3707 1.6
      vertex -63.8635 -34.3707 2.19
    endloop
  endfacet
  facet normal -0.243041 -0.970016 0
    outer loop
      vertex -62.5515 -35.8182 1.6
      vertex -62.3707 -35.8635 2.19
      vertex -62.5515 -35.8182 2.19
    endloop
  endfacet
  facet normal -0.243041 -0.970016 -0
    outer loop
      vertex -62.3707 -35.8635 2.19
      vertex -62.5515 -35.8182 1.6
      vertex -62.3707 -35.8635 1.6
    endloop
  endfacet
  facet normal 0.904076 -0.427372 0
    outer loop
      vertex 63.6757 -34.8957 2.19
      vertex 63.7554 -34.7271 1.6
      vertex 63.7554 -34.7271 2.19
    endloop
  endfacet
  facet normal 0.904076 -0.427372 0
    outer loop
      vertex 63.7554 -34.7271 1.6
      vertex 63.6757 -34.8957 2.19
      vertex 63.6757 -34.8957 1.6
    endloop
  endfacet
  facet normal 0.989152 -0.146898 0
    outer loop
      vertex 63.8635 -34.3707 2.19
      vertex 63.8909 -34.1862 1.6
      vertex 63.8909 -34.1862 2.19
    endloop
  endfacet
  facet normal 0.989152 -0.146898 0
    outer loop
      vertex 63.8909 -34.1862 1.6
      vertex 63.8635 -34.3707 2.19
      vertex 63.8635 -34.3707 1.6
    endloop
  endfacet
  facet normal -0.336744 0.941596 0
    outer loop
      vertex -62.5515 35.8182 1.6
      vertex -62.7271 35.7554 2.19
      vertex -62.5515 35.8182 2.19
    endloop
  endfacet
  facet normal -0.336744 0.941596 0
    outer loop
      vertex -62.7271 35.7554 2.19
      vertex -62.5515 35.8182 1.6
      vertex -62.7271 35.7554 1.6
    endloop
  endfacet
  facet normal 0.336744 0.941596 -0
    outer loop
      vertex 62.7271 35.7554 1.6
      vertex 62.5515 35.8182 2.19
      vertex 62.7271 35.7554 2.19
    endloop
  endfacet
  facet normal 0.336744 0.941596 0
    outer loop
      vertex 62.5515 35.8182 2.19
      vertex 62.7271 35.7554 1.6
      vertex 62.5515 35.8182 1.6
    endloop
  endfacet
  facet normal 0.904076 0.427372 0
    outer loop
      vertex 63.7554 34.7271 2.19
      vertex 63.6757 34.8957 1.6
      vertex 63.6757 34.8957 2.19
    endloop
  endfacet
  facet normal 0.904076 0.427372 0
    outer loop
      vertex 63.6757 34.8957 1.6
      vertex 63.7554 34.7271 2.19
      vertex 63.7554 34.7271 1.6
    endloop
  endfacet
  facet normal -0.146898 -0.989152 0
    outer loop
      vertex -62.3707 -35.8635 1.6
      vertex -62.1862 -35.8909 2.19
      vertex -62.3707 -35.8635 2.19
    endloop
  endfacet
  facet normal -0.146898 -0.989152 -0
    outer loop
      vertex -62.1862 -35.8909 2.19
      vertex -62.3707 -35.8635 1.6
      vertex -62.1862 -35.8909 1.6
    endloop
  endfacet
  facet normal 0.671391 0.741104 -0
    outer loop
      vertex 63.3435 35.3435 1.6
      vertex 63.2053 35.4687 2.19
      vertex 63.3435 35.3435 2.19
    endloop
  endfacet
  facet normal 0.671391 0.741104 0
    outer loop
      vertex 63.2053 35.4687 2.19
      vertex 63.3435 35.3435 1.6
      vertex 63.2053 35.4687 1.6
    endloop
  endfacet
  facet normal -0.904076 0.427372 0
    outer loop
      vertex -63.7554 34.7271 1.6
      vertex -63.6757 34.8957 2.19
      vertex -63.6757 34.8957 1.6
    endloop
  endfacet
  facet normal -0.904076 0.427372 0
    outer loop
      vertex -63.6757 34.8957 2.19
      vertex -63.7554 34.7271 1.6
      vertex -63.7554 34.7271 2.19
    endloop
  endfacet
  facet normal -0.857588 0.514338 0
    outer loop
      vertex -63.6757 34.8957 1.6
      vertex -63.5798 35.0556 2.19
      vertex -63.5798 35.0556 1.6
    endloop
  endfacet
  facet normal -0.857588 0.514338 0
    outer loop
      vertex -63.5798 35.0556 2.19
      vertex -63.6757 34.8957 1.6
      vertex -63.6757 34.8957 2.19
    endloop
  endfacet
  facet normal 0.243041 -0.970016 0
    outer loop
      vertex 62.3707 -35.8635 1.6
      vertex 62.5515 -35.8182 2.19
      vertex 62.3707 -35.8635 2.19
    endloop
  endfacet
  facet normal 0.243041 -0.970016 0
    outer loop
      vertex 62.5515 -35.8182 2.19
      vertex 62.3707 -35.8635 1.6
      vertex 62.5515 -35.8182 1.6
    endloop
  endfacet
  facet normal -0.803015 0.595959 0
    outer loop
      vertex -63.5798 35.0556 1.6
      vertex -63.4687 35.2053 2.19
      vertex -63.4687 35.2053 1.6
    endloop
  endfacet
  facet normal -0.803015 0.595959 0
    outer loop
      vertex -63.4687 35.2053 2.19
      vertex -63.5798 35.0556 1.6
      vertex -63.5798 35.0556 2.19
    endloop
  endfacet
  facet normal -0.595959 0.803015 0
    outer loop
      vertex -63.0556 35.5798 1.6
      vertex -63.2053 35.4687 2.19
      vertex -63.0556 35.5798 2.19
    endloop
  endfacet
  facet normal -0.595959 0.803015 0
    outer loop
      vertex -63.2053 35.4687 2.19
      vertex -63.0556 35.5798 1.6
      vertex -63.2053 35.4687 1.6
    endloop
  endfacet
  facet normal 0.146898 -0.989152 0
    outer loop
      vertex 62.1862 -35.8909 1.6
      vertex 62.3707 -35.8635 2.19
      vertex 62.1862 -35.8909 2.19
    endloop
  endfacet
  facet normal 0.146898 -0.989152 0
    outer loop
      vertex 62.3707 -35.8635 2.19
      vertex 62.1862 -35.8909 1.6
      vertex 62.3707 -35.8635 1.6
    endloop
  endfacet
  facet normal -0.243625 -0.969869 0
    outer loop
      vertex 62.2146 35.0789 1.6
      vertex 62.3193 35.0526 2.19
      vertex 62.2146 35.0789 2.19
    endloop
  endfacet
  facet normal -0.243625 -0.969869 -0
    outer loop
      vertex 62.3193 35.0526 2.19
      vertex 62.2146 35.0789 1.6
      vertex 62.3193 35.0526 1.6
    endloop
  endfacet
  facet normal 0.146347 -0.989233 0
    outer loop
      vertex -62.2146 35.0789 1.6
      vertex -62.1078 35.0947 2.19
      vertex -62.2146 35.0789 2.19
    endloop
  endfacet
  facet normal 0.146347 -0.989233 0
    outer loop
      vertex -62.1078 35.0947 2.19
      vertex -62.2146 35.0789 1.6
      vertex -62.1078 35.0947 1.6
    endloop
  endfacet
  facet normal -0.740987 0.671519 0
    outer loop
      vertex 62.7778 -34.7778 1.6
      vertex 62.8503 -34.6978 2.19
      vertex 62.8503 -34.6978 1.6
    endloop
  endfacet
  facet normal -0.740987 0.671519 0
    outer loop
      vertex 62.8503 -34.6978 2.19
      vertex 62.7778 -34.7778 1.6
      vertex 62.7778 -34.7778 2.19
    endloop
  endfacet
  facet normal 0.514087 -0.857738 0
    outer loop
      vertex -62.6111 34.9146 1.6
      vertex -62.5185 34.9701 2.19
      vertex -62.6111 34.9146 2.19
    endloop
  endfacet
  facet normal 0.514087 -0.857738 0
    outer loop
      vertex -62.5185 34.9701 2.19
      vertex -62.6111 34.9146 1.6
      vertex -62.5185 34.9701 1.6
    endloop
  endfacet
  facet normal 0.989233 0.146347 0
    outer loop
      vertex -63.0789 -34.2146 2.19
      vertex -63.0947 -34.1078 1.6
      vertex -63.0947 -34.1078 2.19
    endloop
  endfacet
  facet normal 0.989233 0.146347 0
    outer loop
      vertex -63.0947 -34.1078 1.6
      vertex -63.0789 -34.2146 2.19
      vertex -63.0789 -34.2146 1.6
    endloop
  endfacet
  facet normal -1 0 0
    outer loop
      vertex 63.1 -34 1.6
      vertex 63.1 34 2.19
      vertex 63.1 34 1.6
    endloop
  endfacet
  facet normal -1 -0 0
    outer loop
      vertex 63.1 34 2.19
      vertex 63.1 -34 1.6
      vertex 63.1 -34 2.19
    endloop
  endfacet
  facet normal 1 -0 0
    outer loop
      vertex -63.1 -34 2.19
      vertex -63.1 34 1.6
      vertex -63.1 34 2.19
    endloop
  endfacet
  facet normal 1 0 0
    outer loop
      vertex -63.1 34 1.6
      vertex -63.1 -34 2.19
      vertex -63.1 -34 1.6
    endloop
  endfacet
  facet normal -0.969869 0.243625 0
    outer loop
      vertex 63.0526 -34.3193 1.6
      vertex 63.0789 -34.2146 2.19
      vertex 63.0789 -34.2146 1.6
    endloop
  endfacet
  facet normal -0.969869 0.243625 0
    outer loop
      vertex 63.0789 -34.2146 2.19
      vertex 63.0526 -34.3193 1.6
      vertex 63.0526 -34.3193 2.19
    endloop
  endfacet
  facet normal -0.146347 0.989233 0
    outer loop
      vertex 62.2146 -35.0789 1.6
      vertex 62.1078 -35.0947 2.19
      vertex 62.2146 -35.0789 2.19
    endloop
  endfacet
  facet normal -0.146347 0.989233 0
    outer loop
      vertex 62.1078 -35.0947 2.19
      vertex 62.2146 -35.0789 1.6
      vertex 62.1078 -35.0947 1.6
    endloop
  endfacet
  facet normal 0 1 -0
    outer loop
      vertex 62 -35.1 1.6
      vertex -62 -35.1 2.19
      vertex 62 -35.1 2.19
    endloop
  endfacet
  facet normal 0 1 0
    outer loop
      vertex -62 -35.1 2.19
      vertex 62 -35.1 1.6
      vertex -62 -35.1 1.6
    endloop
  endfacet
  facet normal -0.998794 0.0491058 0
    outer loop
      vertex 63.0947 -34.1078 1.6
      vertex 63.1 -34 2.19
      vertex 63.1 -34 1.6
    endloop
  endfacet
  facet normal -0.998794 0.0491058 0
    outer loop
      vertex 63.1 -34 2.19
      vertex 63.0947 -34.1078 1.6
      vertex 63.0947 -34.1078 2.19
    endloop
  endfacet
  facet normal 0.671519 0.740987 -0
    outer loop
      vertex -62.6978 -34.8503 1.6
      vertex -62.7778 -34.7778 2.19
      vertex -62.6978 -34.8503 2.19
    endloop
  endfacet
  facet normal 0.671519 0.740987 0
    outer loop
      vertex -62.7778 -34.7778 2.19
      vertex -62.6978 -34.8503 1.6
      vertex -62.7778 -34.7778 1.6
    endloop
  endfacet
  facet normal -0.941805 -0.33616 0
    outer loop
      vertex 63.0526 34.3193 1.6
      vertex 63.0163 34.421 2.19
      vertex 63.0163 34.421 1.6
    endloop
  endfacet
  facet normal -0.941805 -0.33616 0
    outer loop
      vertex 63.0163 34.421 2.19
      vertex 63.0526 34.3193 1.6
      vertex 63.0526 34.3193 2.19
    endloop
  endfacet
  facet normal -0.595693 0.803212 0
    outer loop
      vertex 62.6978 -34.8503 1.6
      vertex 62.6111 -34.9146 2.19
      vertex 62.6978 -34.8503 2.19
    endloop
  endfacet
  facet normal -0.595693 0.803212 0
    outer loop
      vertex 62.6111 -34.9146 2.19
      vertex 62.6978 -34.8503 1.6
      vertex 62.6111 -34.9146 1.6
    endloop
  endfacet
  facet normal -0.969869 -0.243625 0
    outer loop
      vertex 63.0789 34.2146 1.6
      vertex 63.0526 34.3193 2.19
      vertex 63.0526 34.3193 1.6
    endloop
  endfacet
  facet normal -0.969869 -0.243625 0
    outer loop
      vertex 63.0526 34.3193 2.19
      vertex 63.0789 34.2146 1.6
      vertex 63.0789 34.2146 2.19
    endloop
  endfacet
  facet normal 0.998794 -0.0491058 0
    outer loop
      vertex -63.1 34 2.19
      vertex -63.0947 34.1078 1.6
      vertex -63.0947 34.1078 2.19
    endloop
  endfacet
  facet normal 0.998794 -0.0491058 0
    outer loop
      vertex -63.0947 34.1078 1.6
      vertex -63.1 34 2.19
      vertex -63.1 34 1.6
    endloop
  endfacet
  facet normal 0.857738 -0.514087 0
    outer loop
      vertex -62.9701 34.5185 2.19
      vertex -62.9146 34.6111 1.6
      vertex -62.9146 34.6111 2.19
    endloop
  endfacet
  facet normal 0.857738 -0.514087 0
    outer loop
      vertex -62.9146 34.6111 1.6
      vertex -62.9701 34.5185 2.19
      vertex -62.9701 34.5185 1.6
    endloop
  endfacet
  facet normal 0.146347 0.989233 -0
    outer loop
      vertex -62.1078 -35.0947 1.6
      vertex -62.2146 -35.0789 2.19
      vertex -62.1078 -35.0947 2.19
    endloop
  endfacet
  facet normal 0.146347 0.989233 0
    outer loop
      vertex -62.2146 -35.0789 2.19
      vertex -62.1078 -35.0947 1.6
      vertex -62.2146 -35.0789 1.6
    endloop
  endfacet
  facet normal 0.903681 0.428206 0
    outer loop
      vertex -62.9701 -34.5185 2.19
      vertex -63.0163 -34.421 1.6
      vertex -63.0163 -34.421 2.19
    endloop
  endfacet
  facet normal 0.903681 0.428206 0
    outer loop
      vertex -63.0163 -34.421 1.6
      vertex -62.9701 -34.5185 2.19
      vertex -62.9701 -34.5185 1.6
    endloop
  endfacet
  facet normal 0.595693 0.803212 -0
    outer loop
      vertex -62.6111 -34.9146 1.6
      vertex -62.6978 -34.8503 2.19
      vertex -62.6111 -34.9146 2.19
    endloop
  endfacet
  facet normal 0.595693 0.803212 0
    outer loop
      vertex -62.6978 -34.8503 2.19
      vertex -62.6111 -34.9146 1.6
      vertex -62.6978 -34.8503 1.6
    endloop
  endfacet
  facet normal 0.803212 -0.595693 0
    outer loop
      vertex -62.9146 34.6111 2.19
      vertex -62.8503 34.6978 1.6
      vertex -62.8503 34.6978 2.19
    endloop
  endfacet
  facet normal 0.803212 -0.595693 0
    outer loop
      vertex -62.8503 34.6978 1.6
      vertex -62.9146 34.6111 2.19
      vertex -62.9146 34.6111 1.6
    endloop
  endfacet
  facet normal -0.33616 -0.941805 0
    outer loop
      vertex 62.3193 35.0526 1.6
      vertex 62.421 35.0163 2.19
      vertex 62.3193 35.0526 2.19
    endloop
  endfacet
  facet normal -0.33616 -0.941805 -0
    outer loop
      vertex 62.421 35.0163 2.19
      vertex 62.3193 35.0526 1.6
      vertex 62.421 35.0163 1.6
    endloop
  endfacet
  facet normal -0.671519 0.740987 0
    outer loop
      vertex 62.7778 -34.7778 1.6
      vertex 62.6978 -34.8503 2.19
      vertex 62.7778 -34.7778 2.19
    endloop
  endfacet
  facet normal -0.671519 0.740987 0
    outer loop
      vertex 62.6978 -34.8503 2.19
      vertex 62.7778 -34.7778 1.6
      vertex 62.6978 -34.8503 1.6
    endloop
  endfacet
  facet normal -0.903681 0.428206 0
    outer loop
      vertex 62.9701 -34.5185 1.6
      vertex 63.0163 -34.421 2.19
      vertex 63.0163 -34.421 1.6
    endloop
  endfacet
  facet normal -0.903681 0.428206 0
    outer loop
      vertex 63.0163 -34.421 2.19
      vertex 62.9701 -34.5185 1.6
      vertex 62.9701 -34.5185 2.19
    endloop
  endfacet
  facet normal 0.998794 0.0491058 0
    outer loop
      vertex -63.0947 -34.1078 2.19
      vertex -63.1 -34 1.6
      vertex -63.1 -34 2.19
    endloop
  endfacet
  facet normal 0.998794 0.0491058 0
    outer loop
      vertex -63.1 -34 1.6
      vertex -63.0947 -34.1078 2.19
      vertex -63.0947 -34.1078 1.6
    endloop
  endfacet
  facet normal 0 -1 0
    outer loop
      vertex -62 35.1 1.6
      vertex 62 35.1 2.19
      vertex -62 35.1 2.19
    endloop
  endfacet
  facet normal 0 -1 -0
    outer loop
      vertex 62 35.1 2.19
      vertex -62 35.1 1.6
      vertex 62 35.1 1.6
    endloop
  endfacet
  facet normal 0.903681 -0.428206 0
    outer loop
      vertex -63.0163 34.421 2.19
      vertex -62.9701 34.5185 1.6
      vertex -62.9701 34.5185 2.19
    endloop
  endfacet
  facet normal 0.903681 -0.428206 0
    outer loop
      vertex -62.9701 34.5185 1.6
      vertex -63.0163 34.421 2.19
      vertex -63.0163 34.421 1.6
    endloop
  endfacet
  facet normal -0.428206 0.903681 0
    outer loop
      vertex 62.5185 -34.9701 1.6
      vertex 62.421 -35.0163 2.19
      vertex 62.5185 -34.9701 2.19
    endloop
  endfacet
  facet normal -0.428206 0.903681 0
    outer loop
      vertex 62.421 -35.0163 2.19
      vertex 62.5185 -34.9701 1.6
      vertex 62.421 -35.0163 1.6
    endloop
  endfacet
  facet normal 0.989233 -0.146347 0
    outer loop
      vertex -63.0947 34.1078 2.19
      vertex -63.0789 34.2146 1.6
      vertex -63.0789 34.2146 2.19
    endloop
  endfacet
  facet normal 0.989233 -0.146347 0
    outer loop
      vertex -63.0789 34.2146 1.6
      vertex -63.0947 34.1078 2.19
      vertex -63.0947 34.1078 1.6
    endloop
  endfacet
  facet normal -0.0491058 -0.998794 0
    outer loop
      vertex 62 35.1 1.6
      vertex 62.1078 35.0947 2.19
      vertex 62 35.1 2.19
    endloop
  endfacet
  facet normal -0.0491058 -0.998794 -0
    outer loop
      vertex 62.1078 35.0947 2.19
      vertex 62 35.1 1.6
      vertex 62.1078 35.0947 1.6
    endloop
  endfacet
  facet normal -0.0491058 0.998794 0
    outer loop
      vertex 62.1078 -35.0947 1.6
      vertex 62 -35.1 2.19
      vertex 62.1078 -35.0947 2.19
    endloop
  endfacet
  facet normal -0.0491058 0.998794 0
    outer loop
      vertex 62 -35.1 2.19
      vertex 62.1078 -35.0947 1.6
      vertex 62 -35.1 1.6
    endloop
  endfacet
  facet normal -0.803212 0.595693 0
    outer loop
      vertex 62.8503 -34.6978 1.6
      vertex 62.9146 -34.6111 2.19
      vertex 62.9146 -34.6111 1.6
    endloop
  endfacet
  facet normal -0.803212 0.595693 0
    outer loop
      vertex 62.9146 -34.6111 2.19
      vertex 62.8503 -34.6978 1.6
      vertex 62.8503 -34.6978 2.19
    endloop
  endfacet
  facet normal -0.857738 -0.514087 0
    outer loop
      vertex 62.9701 34.5185 1.6
      vertex 62.9146 34.6111 2.19
      vertex 62.9146 34.6111 1.6
    endloop
  endfacet
  facet normal -0.857738 -0.514087 0
    outer loop
      vertex 62.9146 34.6111 2.19
      vertex 62.9701 34.5185 1.6
      vertex 62.9701 34.5185 2.19
    endloop
  endfacet
  facet normal 0.428206 0.903681 -0
    outer loop
      vertex -62.421 -35.0163 1.6
      vertex -62.5185 -34.9701 2.19
      vertex -62.421 -35.0163 2.19
    endloop
  endfacet
  facet normal 0.428206 0.903681 0
    outer loop
      vertex -62.5185 -34.9701 2.19
      vertex -62.421 -35.0163 1.6
      vertex -62.5185 -34.9701 1.6
    endloop
  endfacet
  facet normal 0.514087 0.857738 -0
    outer loop
      vertex -62.5185 -34.9701 1.6
      vertex -62.6111 -34.9146 2.19
      vertex -62.5185 -34.9701 2.19
    endloop
  endfacet
  facet normal 0.514087 0.857738 0
    outer loop
      vertex -62.6111 -34.9146 2.19
      vertex -62.5185 -34.9701 1.6
      vertex -62.6111 -34.9146 1.6
    endloop
  endfacet
  facet normal -0.146347 -0.989233 0
    outer loop
      vertex 62.1078 35.0947 1.6
      vertex 62.2146 35.0789 2.19
      vertex 62.1078 35.0947 2.19
    endloop
  endfacet
  facet normal -0.146347 -0.989233 -0
    outer loop
      vertex 62.2146 35.0789 2.19
      vertex 62.1078 35.0947 1.6
      vertex 62.2146 35.0789 1.6
    endloop
  endfacet
  facet normal -0.941805 0.33616 0
    outer loop
      vertex 63.0163 -34.421 1.6
      vertex 63.0526 -34.3193 2.19
      vertex 63.0526 -34.3193 1.6
    endloop
  endfacet
  facet normal -0.941805 0.33616 0
    outer loop
      vertex 63.0526 -34.3193 2.19
      vertex 63.0163 -34.421 1.6
      vertex 63.0163 -34.421 2.19
    endloop
  endfacet
  facet normal -0.740987 -0.671519 0
    outer loop
      vertex 62.8503 34.6978 1.6
      vertex 62.7778 34.7778 2.19
      vertex 62.7778 34.7778 1.6
    endloop
  endfacet
  facet normal -0.740987 -0.671519 0
    outer loop
      vertex 62.7778 34.7778 2.19
      vertex 62.8503 34.6978 1.6
      vertex 62.8503 34.6978 2.19
    endloop
  endfacet
  facet normal -0.671519 -0.740987 0
    outer loop
      vertex 62.6978 34.8503 1.6
      vertex 62.7778 34.7778 2.19
      vertex 62.6978 34.8503 2.19
    endloop
  endfacet
  facet normal -0.671519 -0.740987 -0
    outer loop
      vertex 62.7778 34.7778 2.19
      vertex 62.6978 34.8503 1.6
      vertex 62.7778 34.7778 1.6
    endloop
  endfacet
  facet normal 0.33616 0.941805 -0
    outer loop
      vertex -62.3193 -35.0526 1.6
      vertex -62.421 -35.0163 2.19
      vertex -62.3193 -35.0526 2.19
    endloop
  endfacet
  facet normal 0.33616 0.941805 0
    outer loop
      vertex -62.421 -35.0163 2.19
      vertex -62.3193 -35.0526 1.6
      vertex -62.421 -35.0163 1.6
    endloop
  endfacet
  facet normal -0.428206 -0.903681 0
    outer loop
      vertex 62.421 35.0163 1.6
      vertex 62.5185 34.9701 2.19
      vertex 62.421 35.0163 2.19
    endloop
  endfacet
  facet normal -0.428206 -0.903681 -0
    outer loop
      vertex 62.5185 34.9701 2.19
      vertex 62.421 35.0163 1.6
      vertex 62.5185 34.9701 1.6
    endloop
  endfacet
  facet normal -0.33616 0.941805 0
    outer loop
      vertex 62.421 -35.0163 1.6
      vertex 62.3193 -35.0526 2.19
      vertex 62.421 -35.0163 2.19
    endloop
  endfacet
  facet normal -0.33616 0.941805 0
    outer loop
      vertex 62.3193 -35.0526 2.19
      vertex 62.421 -35.0163 1.6
      vertex 62.3193 -35.0526 1.6
    endloop
  endfacet
  facet normal -0.857738 0.514087 0
    outer loop
      vertex 62.9146 -34.6111 1.6
      vertex 62.9701 -34.5185 2.19
      vertex 62.9701 -34.5185 1.6
    endloop
  endfacet
  facet normal -0.857738 0.514087 0
    outer loop
      vertex 62.9701 -34.5185 2.19
      vertex 62.9146 -34.6111 1.6
      vertex 62.9146 -34.6111 2.19
    endloop
  endfacet
  facet normal 0.243625 -0.969869 0
    outer loop
      vertex -62.3193 35.0526 1.6
      vertex -62.2146 35.0789 2.19
      vertex -62.3193 35.0526 2.19
    endloop
  endfacet
  facet normal 0.243625 -0.969869 0
    outer loop
      vertex -62.2146 35.0789 2.19
      vertex -62.3193 35.0526 1.6
      vertex -62.2146 35.0789 1.6
    endloop
  endfacet
  facet normal 0.941805 -0.33616 0
    outer loop
      vertex -63.0526 34.3193 2.19
      vertex -63.0163 34.421 1.6
      vertex -63.0163 34.421 2.19
    endloop
  endfacet
  facet normal 0.941805 -0.33616 0
    outer loop
      vertex -63.0163 34.421 1.6
      vertex -63.0526 34.3193 2.19
      vertex -63.0526 34.3193 1.6
    endloop
  endfacet
  facet normal 0.0491058 0.998794 -0
    outer loop
      vertex -62 -35.1 1.6
      vertex -62.1078 -35.0947 2.19
      vertex -62 -35.1 2.19
    endloop
  endfacet
  facet normal 0.0491058 0.998794 0
    outer loop
      vertex -62.1078 -35.0947 2.19
      vertex -62 -35.1 1.6
      vertex -62.1078 -35.0947 1.6
    endloop
  endfacet
  facet normal -0.903681 -0.428206 0
    outer loop
      vertex 63.0163 34.421 1.6
      vertex 62.9701 34.5185 2.19
      vertex 62.9701 34.5185 1.6
    endloop
  endfacet
  facet normal -0.903681 -0.428206 0
    outer loop
      vertex 62.9701 34.5185 2.19
      vertex 63.0163 34.421 1.6
      vertex 63.0163 34.421 2.19
    endloop
  endfacet
  facet normal -0.514087 0.857738 0
    outer loop
      vertex 62.6111 -34.9146 1.6
      vertex 62.5185 -34.9701 2.19
      vertex 62.6111 -34.9146 2.19
    endloop
  endfacet
  facet normal -0.514087 0.857738 0
    outer loop
      vertex 62.5185 -34.9701 2.19
      vertex 62.6111 -34.9146 1.6
      vertex 62.5185 -34.9701 1.6
    endloop
  endfacet
  facet normal 0.428206 -0.903681 0
    outer loop
      vertex -62.5185 34.9701 1.6
      vertex -62.421 35.0163 2.19
      vertex -62.5185 34.9701 2.19
    endloop
  endfacet
  facet normal 0.428206 -0.903681 0
    outer loop
      vertex -62.421 35.0163 2.19
      vertex -62.5185 34.9701 1.6
      vertex -62.421 35.0163 1.6
    endloop
  endfacet
  facet normal 0.969869 -0.243625 0
    outer loop
      vertex -63.0789 34.2146 2.19
      vertex -63.0526 34.3193 1.6
      vertex -63.0526 34.3193 2.19
    endloop
  endfacet
  facet normal 0.969869 -0.243625 0
    outer loop
      vertex -63.0526 34.3193 1.6
      vertex -63.0789 34.2146 2.19
      vertex -63.0789 34.2146 1.6
    endloop
  endfacet
  facet normal 0.803212 0.595693 0
    outer loop
      vertex -62.8503 -34.6978 2.19
      vertex -62.9146 -34.6111 1.6
      vertex -62.9146 -34.6111 2.19
    endloop
  endfacet
  facet normal 0.803212 0.595693 0
    outer loop
      vertex -62.9146 -34.6111 1.6
      vertex -62.8503 -34.6978 2.19
      vertex -62.8503 -34.6978 1.6
    endloop
  endfacet
  facet normal 0.969869 0.243625 0
    outer loop
      vertex -63.0526 -34.3193 2.19
      vertex -63.0789 -34.2146 1.6
      vertex -63.0789 -34.2146 2.19
    endloop
  endfacet
  facet normal 0.969869 0.243625 0
    outer loop
      vertex -63.0789 -34.2146 1.6
      vertex -63.0526 -34.3193 2.19
      vertex -63.0526 -34.3193 1.6
    endloop
  endfacet
  facet normal -0.998794 -0.0491058 0
    outer loop
      vertex 63.1 34 1.6
      vertex 63.0947 34.1078 2.19
      vertex 63.0947 34.1078 1.6
    endloop
  endfacet
  facet normal -0.998794 -0.0491058 0
    outer loop
      vertex 63.0947 34.1078 2.19
      vertex 63.1 34 1.6
      vertex 63.1 34 2.19
    endloop
  endfacet
  facet normal 0.671519 -0.740987 0
    outer loop
      vertex -62.7778 34.7778 1.6
      vertex -62.6978 34.8503 2.19
      vertex -62.7778 34.7778 2.19
    endloop
  endfacet
  facet normal 0.671519 -0.740987 0
    outer loop
      vertex -62.6978 34.8503 2.19
      vertex -62.7778 34.7778 1.6
      vertex -62.6978 34.8503 1.6
    endloop
  endfacet
  facet normal 0.941805 0.33616 0
    outer loop
      vertex -63.0163 -34.421 2.19
      vertex -63.0526 -34.3193 1.6
      vertex -63.0526 -34.3193 2.19
    endloop
  endfacet
  facet normal 0.941805 0.33616 0
    outer loop
      vertex -63.0526 -34.3193 1.6
      vertex -63.0163 -34.421 2.19
      vertex -63.0163 -34.421 1.6
    endloop
  endfacet
  facet normal -0.243625 0.969869 0
    outer loop
      vertex 62.3193 -35.0526 1.6
      vertex 62.2146 -35.0789 2.19
      vertex 62.3193 -35.0526 2.19
    endloop
  endfacet
  facet normal -0.243625 0.969869 0
    outer loop
      vertex 62.2146 -35.0789 2.19
      vertex 62.3193 -35.0526 1.6
      vertex 62.2146 -35.0789 1.6
    endloop
  endfacet
  facet normal 0.740987 0.671519 0
    outer loop
      vertex -62.7778 -34.7778 2.19
      vertex -62.8503 -34.6978 1.6
      vertex -62.8503 -34.6978 2.19
    endloop
  endfacet
  facet normal 0.740987 0.671519 0
    outer loop
      vertex -62.8503 -34.6978 1.6
      vertex -62.7778 -34.7778 2.19
      vertex -62.7778 -34.7778 1.6
    endloop
  endfacet
  facet normal 0.243625 0.969869 -0
    outer loop
      vertex -62.2146 -35.0789 1.6
      vertex -62.3193 -35.0526 2.19
      vertex -62.2146 -35.0789 2.19
    endloop
  endfacet
  facet normal 0.243625 0.969869 0
    outer loop
      vertex -62.3193 -35.0526 2.19
      vertex -62.2146 -35.0789 1.6
      vertex -62.3193 -35.0526 1.6
    endloop
  endfacet
  facet normal -0.803212 -0.595693 0
    outer loop
      vertex 62.9146 34.6111 1.6
      vertex 62.8503 34.6978 2.19
      vertex 62.8503 34.6978 1.6
    endloop
  endfacet
  facet normal -0.803212 -0.595693 0
    outer loop
      vertex 62.8503 34.6978 2.19
      vertex 62.9146 34.6111 1.6
      vertex 62.9146 34.6111 2.19
    endloop
  endfacet
  facet normal 0.857738 0.514087 0
    outer loop
      vertex -62.9146 -34.6111 2.19
      vertex -62.9701 -34.5185 1.6
      vertex -62.9701 -34.5185 2.19
    endloop
  endfacet
  facet normal 0.857738 0.514087 0
    outer loop
      vertex -62.9701 -34.5185 1.6
      vertex -62.9146 -34.6111 2.19
      vertex -62.9146 -34.6111 1.6
    endloop
  endfacet
  facet normal -0.514087 -0.857738 0
    outer loop
      vertex 62.5185 34.9701 1.6
      vertex 62.6111 34.9146 2.19
      vertex 62.5185 34.9701 2.19
    endloop
  endfacet
  facet normal -0.514087 -0.857738 -0
    outer loop
      vertex 62.6111 34.9146 2.19
      vertex 62.5185 34.9701 1.6
      vertex 62.6111 34.9146 1.6
    endloop
  endfacet
  facet normal -0.989233 0.146347 0
    outer loop
      vertex 63.0789 -34.2146 1.6
      vertex 63.0947 -34.1078 2.19
      vertex 63.0947 -34.1078 1.6
    endloop
  endfacet
  facet normal -0.989233 0.146347 0
    outer loop
      vertex 63.0947 -34.1078 2.19
      vertex 63.0789 -34.2146 1.6
      vertex 63.0789 -34.2146 2.19
    endloop
  endfacet
  facet normal 0.0491058 -0.998794 0
    outer loop
      vertex -62.1078 35.0947 1.6
      vertex -62 35.1 2.19
      vertex -62.1078 35.0947 2.19
    endloop
  endfacet
  facet normal 0.0491058 -0.998794 0
    outer loop
      vertex -62 35.1 2.19
      vertex -62.1078 35.0947 1.6
      vertex -62 35.1 1.6
    endloop
  endfacet
  facet normal 0.33616 -0.941805 0
    outer loop
      vertex -62.421 35.0163 1.6
      vertex -62.3193 35.0526 2.19
      vertex -62.421 35.0163 2.19
    endloop
  endfacet
  facet normal 0.33616 -0.941805 0
    outer loop
      vertex -62.3193 35.0526 2.19
      vertex -62.421 35.0163 1.6
      vertex -62.3193 35.0526 1.6
    endloop
  endfacet
  facet normal -0.595693 -0.803212 0
    outer loop
      vertex 62.6111 34.9146 1.6
      vertex 62.6978 34.8503 2.19
      vertex 62.6111 34.9146 2.19
    endloop
  endfacet
  facet normal -0.595693 -0.803212 -0
    outer loop
      vertex 62.6978 34.8503 2.19
      vertex 62.6111 34.9146 1.6
      vertex 62.6978 34.8503 1.6
    endloop
  endfacet
  facet normal 0.595693 -0.803212 0
    outer loop
      vertex -62.6978 34.8503 1.6
      vertex -62.6111 34.9146 2.19
      vertex -62.6978 34.8503 2.19
    endloop
  endfacet
  facet normal 0.595693 -0.803212 0
    outer loop
      vertex -62.6111 34.9146 2.19
      vertex -62.6978 34.8503 1.6
      vertex -62.6111 34.9146 1.6
    endloop
  endfacet
  facet normal 0.740987 -0.671519 0
    outer loop
      vertex -62.8503 34.6978 2.19
      vertex -62.7778 34.7778 1.6
      vertex -62.7778 34.7778 2.19
    endloop
  endfacet
  facet normal 0.740987 -0.671519 0
    outer loop
      vertex -62.7778 34.7778 1.6
      vertex -62.8503 34.6978 2.19
      vertex -62.8503 34.6978 1.6
    endloop
  endfacet
  facet normal -0.989233 -0.146347 0
    outer loop
      vertex 63.0947 34.1078 1.6
      vertex 63.0789 34.2146 2.19
      vertex 63.0789 34.2146 1.6
    endloop
  endfacet
  facet normal -0.989233 -0.146347 0
    outer loop
      vertex 63.0789 34.2146 2.19
      vertex 63.0947 34.1078 1.6
      vertex 63.0947 34.1078 2.19
    endloop
  endfacet
  facet normal -0.989168 -0.146788 0
    outer loop
      vertex -56.8082 -30.3334 0
      vertex -56.8327 -30.1683 1.6
      vertex -56.8327 -30.1683 0
    endloop
  endfacet
  facet normal -0.989168 -0.146788 0
    outer loop
      vertex -56.8327 -30.1683 1.6
      vertex -56.8082 -30.3334 0
      vertex -56.8082 -30.3334 1.6
    endloop
  endfacet
  facet normal -0.998791 -0.0491602 0
    outer loop
      vertex -56.8 -30.5 0
      vertex -56.8082 -30.3334 1.6
      vertex -56.8082 -30.3334 0
    endloop
  endfacet
  facet normal -0.998791 -0.0491602 0
    outer loop
      vertex -56.8082 -30.3334 1.6
      vertex -56.8 -30.5 0
      vertex -56.8 -30.5 1.6
    endloop
  endfacet
  facet normal -0.970072 -0.242818 0
    outer loop
      vertex -56.8327 -30.1683 0
      vertex -56.8732 -30.0065 1.6
      vertex -56.8732 -30.0065 0
    endloop
  endfacet
  facet normal -0.970072 -0.242818 0
    outer loop
      vertex -56.8732 -30.0065 1.6
      vertex -56.8327 -30.1683 0
      vertex -56.8327 -30.1683 1.6
    endloop
  endfacet
  facet normal -0.427442 0.904043 0
    outer loop
      vertex -57.6986 -31.9993 0
      vertex -57.8494 -32.0706 1.6
      vertex -57.6986 -31.9993 1.6
    endloop
  endfacet
  facet normal -0.427442 0.904043 0
    outer loop
      vertex -57.8494 -32.0706 1.6
      vertex -57.6986 -31.9993 0
      vertex -57.8494 -32.0706 0
    endloop
  endfacet
  facet normal 0.0491602 -0.998791 0
    outer loop
      vertex -58.6666 -28.8082 0
      vertex -58.5 -28.8 1.6
      vertex -58.6666 -28.8082 1.6
    endloop
  endfacet
  facet normal 0.0491602 -0.998791 0
    outer loop
      vertex -58.5 -28.8 1.6
      vertex -58.6666 -28.8082 0
      vertex -58.5 -28.8 0
    endloop
  endfacet
  facet normal 0.427442 -0.904043 0
    outer loop
      vertex -59.3014 -29.0007 0
      vertex -59.1506 -28.9294 1.6
      vertex -59.3014 -29.0007 1.6
    endloop
  endfacet
  facet normal 0.427442 -0.904043 0
    outer loop
      vertex -59.1506 -28.9294 1.6
      vertex -59.3014 -29.0007 0
      vertex -59.1506 -28.9294 0
    endloop
  endfacet
  facet normal -0.741024 -0.671478 0
    outer loop
      vertex -57.1859 -29.4215 0
      vertex -57.2979 -29.2979 1.6
      vertex -57.2979 -29.2979 0
    endloop
  endfacet
  facet normal -0.741024 -0.671478 0
    outer loop
      vertex -57.2979 -29.2979 1.6
      vertex -57.1859 -29.4215 0
      vertex -57.1859 -29.4215 1.6
    endloop
  endfacet
  facet normal 0.146788 0.989168 -0
    outer loop
      vertex -58.6666 -32.1918 0
      vertex -58.8317 -32.1673 1.6
      vertex -58.6666 -32.1918 1.6
    endloop
  endfacet
  facet normal 0.146788 0.989168 0
    outer loop
      vertex -58.8317 -32.1673 1.6
      vertex -58.6666 -32.1918 0
      vertex -58.8317 -32.1673 0
    endloop
  endfacet
  facet normal -0.427442 -0.904043 0
    outer loop
      vertex -57.8494 -28.9294 0
      vertex -57.6986 -29.0007 1.6
      vertex -57.8494 -28.9294 1.6
    endloop
  endfacet
  facet normal -0.427442 -0.904043 -0
    outer loop
      vertex -57.6986 -29.0007 1.6
      vertex -57.8494 -28.9294 0
      vertex -57.6986 -29.0007 0
    endloop
  endfacet
  facet normal 0.146788 -0.989168 0
    outer loop
      vertex -58.8317 -28.8327 0
      vertex -58.6666 -28.8082 1.6
      vertex -58.8317 -28.8327 1.6
    endloop
  endfacet
  facet normal 0.146788 -0.989168 0
    outer loop
      vertex -58.6666 -28.8082 1.6
      vertex -58.8317 -28.8327 0
      vertex -58.6666 -28.8082 0
    endloop
  endfacet
  facet normal -0.242818 0.970072 0
    outer loop
      vertex -58.0065 -32.1268 0
      vertex -58.1683 -32.1673 1.6
      vertex -58.0065 -32.1268 1.6
    endloop
  endfacet
  facet normal -0.242818 0.970072 0
    outer loop
      vertex -58.1683 -32.1673 1.6
      vertex -58.0065 -32.1268 0
      vertex -58.1683 -32.1673 0
    endloop
  endfacet
  facet normal 0.595772 -0.803154 0
    outer loop
      vertex -59.5785 -29.1859 0
      vertex -59.4445 -29.0865 1.6
      vertex -59.5785 -29.1859 1.6
    endloop
  endfacet
  facet normal 0.595772 -0.803154 0
    outer loop
      vertex -59.4445 -29.0865 1.6
      vertex -59.5785 -29.1859 0
      vertex -59.4445 -29.0865 0
    endloop
  endfacet
  facet normal 0.904043 -0.427442 0
    outer loop
      vertex -60.0706 -29.8494 1.6
      vertex -59.9993 -29.6986 0
      vertex -59.9993 -29.6986 1.6
    endloop
  endfacet
  facet normal 0.904043 -0.427442 0
    outer loop
      vertex -59.9993 -29.6986 0
      vertex -60.0706 -29.8494 1.6
      vertex -60.0706 -29.8494 0
    endloop
  endfacet
  facet normal 0.427442 0.904043 -0
    outer loop
      vertex -59.1506 -32.0706 0
      vertex -59.3014 -31.9993 1.6
      vertex -59.1506 -32.0706 1.6
    endloop
  endfacet
  facet normal 0.427442 0.904043 0
    outer loop
      vertex -59.3014 -31.9993 1.6
      vertex -59.1506 -32.0706 0
      vertex -59.3014 -31.9993 0
    endloop
  endfacet
  facet normal -0.33683 0.941566 0
    outer loop
      vertex -57.8494 -32.0706 0
      vertex -58.0065 -32.1268 1.6
      vertex -57.8494 -32.0706 1.6
    endloop
  endfacet
  facet normal -0.33683 0.941566 0
    outer loop
      vertex -58.0065 -32.1268 1.6
      vertex -57.8494 -32.0706 0
      vertex -58.0065 -32.1268 0
    endloop
  endfacet
  facet normal 0.595772 0.803154 -0
    outer loop
      vertex -59.4445 -31.9135 0
      vertex -59.5785 -31.8141 1.6
      vertex -59.4445 -31.9135 1.6
    endloop
  endfacet
  facet normal 0.595772 0.803154 0
    outer loop
      vertex -59.5785 -31.8141 1.6
      vertex -59.4445 -31.9135 0
      vertex -59.5785 -31.8141 0
    endloop
  endfacet
  facet normal 0.904043 0.427442 0
    outer loop
      vertex -59.9993 -31.3014 1.6
      vertex -60.0706 -31.1506 0
      vertex -60.0706 -31.1506 1.6
    endloop
  endfacet
  facet normal 0.904043 0.427442 0
    outer loop
      vertex -60.0706 -31.1506 0
      vertex -59.9993 -31.3014 1.6
      vertex -59.9993 -31.3014 0
    endloop
  endfacet
  facet normal -0.514231 -0.857652 0
    outer loop
      vertex -57.6986 -29.0007 0
      vertex -57.5555 -29.0865 1.6
      vertex -57.6986 -29.0007 1.6
    endloop
  endfacet
  facet normal -0.514231 -0.857652 -0
    outer loop
      vertex -57.5555 -29.0865 1.6
      vertex -57.6986 -29.0007 0
      vertex -57.5555 -29.0865 0
    endloop
  endfacet
  facet normal -0.595772 0.803154 0
    outer loop
      vertex -57.4215 -31.8141 0
      vertex -57.5555 -31.9135 1.6
      vertex -57.4215 -31.8141 1.6
    endloop
  endfacet
  facet normal -0.595772 0.803154 0
    outer loop
      vertex -57.5555 -31.9135 1.6
      vertex -57.4215 -31.8141 0
      vertex -57.5555 -31.9135 0
    endloop
  endfacet
  facet normal 0.998791 0.0491602 0
    outer loop
      vertex -60.1918 -30.6666 1.6
      vertex -60.2 -30.5 0
      vertex -60.2 -30.5 1.6
    endloop
  endfacet
  facet normal 0.998791 0.0491602 0
    outer loop
      vertex -60.2 -30.5 0
      vertex -60.1918 -30.6666 1.6
      vertex -60.1918 -30.6666 0
    endloop
  endfacet
  facet normal 0.33683 0.941566 -0
    outer loop
      vertex -58.9935 -32.1268 0
      vertex -59.1506 -32.0706 1.6
      vertex -58.9935 -32.1268 1.6
    endloop
  endfacet
  facet normal 0.33683 0.941566 0
    outer loop
      vertex -59.1506 -32.0706 1.6
      vertex -58.9935 -32.1268 0
      vertex -59.1506 -32.0706 0
    endloop
  endfacet
  facet normal -0.595772 -0.803154 0
    outer loop
      vertex -57.5555 -29.0865 0
      vertex -57.4215 -29.1859 1.6
      vertex -57.5555 -29.0865 1.6
    endloop
  endfacet
  facet normal -0.595772 -0.803154 -0
    outer loop
      vertex -57.4215 -29.1859 1.6
      vertex -57.5555 -29.0865 0
      vertex -57.4215 -29.1859 0
    endloop
  endfacet
  facet normal -0.970072 0.242818 0
    outer loop
      vertex -56.8732 -30.9935 0
      vertex -56.8327 -30.8317 1.6
      vertex -56.8327 -30.8317 0
    endloop
  endfacet
  facet normal -0.970072 0.242818 0
    outer loop
      vertex -56.8327 -30.8317 1.6
      vertex -56.8732 -30.9935 0
      vertex -56.8732 -30.9935 1.6
    endloop
  endfacet
  facet normal 0.514231 -0.857652 0
    outer loop
      vertex -59.4445 -29.0865 0
      vertex -59.3014 -29.0007 1.6
      vertex -59.4445 -29.0865 1.6
    endloop
  endfacet
  facet normal 0.514231 -0.857652 0
    outer loop
      vertex -59.3014 -29.0007 1.6
      vertex -59.4445 -29.0865 0
      vertex -59.3014 -29.0007 0
    endloop
  endfacet
  facet normal 0.941566 0.33683 0
    outer loop
      vertex -60.0706 -31.1506 1.6
      vertex -60.1268 -30.9935 0
      vertex -60.1268 -30.9935 1.6
    endloop
  endfacet
  facet normal 0.941566 0.33683 0
    outer loop
      vertex -60.1268 -30.9935 0
      vertex -60.0706 -31.1506 1.6
      vertex -60.0706 -31.1506 0
    endloop
  endfacet
  facet normal -0.242818 -0.970072 0
    outer loop
      vertex -58.1683 -28.8327 0
      vertex -58.0065 -28.8732 1.6
      vertex -58.1683 -28.8327 1.6
    endloop
  endfacet
  facet normal -0.242818 -0.970072 -0
    outer loop
      vertex -58.0065 -28.8732 1.6
      vertex -58.1683 -28.8327 0
      vertex -58.0065 -28.8732 0
    endloop
  endfacet
  facet normal 0.741024 -0.671478 0
    outer loop
      vertex -59.8141 -29.4215 1.6
      vertex -59.7021 -29.2979 0
      vertex -59.7021 -29.2979 1.6
    endloop
  endfacet
  facet normal 0.741024 -0.671478 0
    outer loop
      vertex -59.7021 -29.2979 0
      vertex -59.8141 -29.4215 1.6
      vertex -59.8141 -29.4215 0
    endloop
  endfacet
  facet normal -0.0491602 0.998791 0
    outer loop
      vertex -58.3334 -32.1918 0
      vertex -58.5 -32.2 1.6
      vertex -58.3334 -32.1918 1.6
    endloop
  endfacet
  facet normal -0.0491602 0.998791 0
    outer loop
      vertex -58.5 -32.2 1.6
      vertex -58.3334 -32.1918 0
      vertex -58.5 -32.2 0
    endloop
  endfacet
  facet normal -0.803154 -0.595772 0
    outer loop
      vertex -57.0865 -29.5555 0
      vertex -57.1859 -29.4215 1.6
      vertex -57.1859 -29.4215 0
    endloop
  endfacet
  facet normal -0.803154 -0.595772 0
    outer loop
      vertex -57.1859 -29.4215 1.6
      vertex -57.0865 -29.5555 0
      vertex -57.0865 -29.5555 1.6
    endloop
  endfacet
  facet normal 0.970072 0.242818 0
    outer loop
      vertex -60.1268 -30.9935 1.6
      vertex -60.1673 -30.8317 0
      vertex -60.1673 -30.8317 1.6
    endloop
  endfacet
  facet normal 0.970072 0.242818 0
    outer loop
      vertex -60.1673 -30.8317 0
      vertex -60.1268 -30.9935 1.6
      vertex -60.1268 -30.9935 0
    endloop
  endfacet
  facet normal -0.989168 0.146788 0
    outer loop
      vertex -56.8327 -30.8317 0
      vertex -56.8082 -30.6666 1.6
      vertex -56.8082 -30.6666 0
    endloop
  endfacet
  facet normal -0.989168 0.146788 0
    outer loop
      vertex -56.8082 -30.6666 1.6
      vertex -56.8327 -30.8317 0
      vertex -56.8327 -30.8317 1.6
    endloop
  endfacet
  facet normal -0.514231 0.857652 0
    outer loop
      vertex -57.5555 -31.9135 0
      vertex -57.6986 -31.9993 1.6
      vertex -57.5555 -31.9135 1.6
    endloop
  endfacet
  facet normal -0.514231 0.857652 0
    outer loop
      vertex -57.6986 -31.9993 1.6
      vertex -57.5555 -31.9135 0
      vertex -57.6986 -31.9993 0
    endloop
  endfacet
  facet normal 0.941566 -0.33683 0
    outer loop
      vertex -60.1268 -30.0065 1.6
      vertex -60.0706 -29.8494 0
      vertex -60.0706 -29.8494 1.6
    endloop
  endfacet
  facet normal 0.941566 -0.33683 0
    outer loop
      vertex -60.0706 -29.8494 0
      vertex -60.1268 -30.0065 1.6
      vertex -60.1268 -30.0065 0
    endloop
  endfacet
  facet normal -0.671478 -0.741024 0
    outer loop
      vertex -57.4215 -29.1859 0
      vertex -57.2979 -29.2979 1.6
      vertex -57.4215 -29.1859 1.6
    endloop
  endfacet
  facet normal -0.671478 -0.741024 -0
    outer loop
      vertex -57.2979 -29.2979 1.6
      vertex -57.4215 -29.1859 0
      vertex -57.2979 -29.2979 0
    endloop
  endfacet
  facet normal 0.989168 -0.146788 0
    outer loop
      vertex -60.1918 -30.3334 1.6
      vertex -60.1673 -30.1683 0
      vertex -60.1673 -30.1683 1.6
    endloop
  endfacet
  facet normal 0.989168 -0.146788 0
    outer loop
      vertex -60.1673 -30.1683 0
      vertex -60.1918 -30.3334 1.6
      vertex -60.1918 -30.3334 0
    endloop
  endfacet
  facet normal -0.904043 0.427442 0
    outer loop
      vertex -57.0007 -31.3014 0
      vertex -56.9294 -31.1506 1.6
      vertex -56.9294 -31.1506 0
    endloop
  endfacet
  facet normal -0.904043 0.427442 0
    outer loop
      vertex -56.9294 -31.1506 1.6
      vertex -57.0007 -31.3014 0
      vertex -57.0007 -31.3014 1.6
    endloop
  endfacet
  facet normal -0.998791 0.0491602 0
    outer loop
      vertex -56.8082 -30.6666 0
      vertex -56.8 -30.5 1.6
      vertex -56.8 -30.5 0
    endloop
  endfacet
  facet normal -0.998791 0.0491602 0
    outer loop
      vertex -56.8 -30.5 1.6
      vertex -56.8082 -30.6666 0
      vertex -56.8082 -30.6666 1.6
    endloop
  endfacet
  facet normal -0.146788 0.989168 0
    outer loop
      vertex -58.1683 -32.1673 0
      vertex -58.3334 -32.1918 1.6
      vertex -58.1683 -32.1673 1.6
    endloop
  endfacet
  facet normal -0.146788 0.989168 0
    outer loop
      vertex -58.3334 -32.1918 1.6
      vertex -58.1683 -32.1673 0
      vertex -58.3334 -32.1918 0
    endloop
  endfacet
  facet normal -0.941566 -0.33683 0
    outer loop
      vertex -56.8732 -30.0065 0
      vertex -56.9294 -29.8494 1.6
      vertex -56.9294 -29.8494 0
    endloop
  endfacet
  facet normal -0.941566 -0.33683 0
    outer loop
      vertex -56.9294 -29.8494 1.6
      vertex -56.8732 -30.0065 0
      vertex -56.8732 -30.0065 1.6
    endloop
  endfacet
  facet normal -0.803154 0.595772 0
    outer loop
      vertex -57.1859 -31.5785 0
      vertex -57.0865 -31.4445 1.6
      vertex -57.0865 -31.4445 0
    endloop
  endfacet
  facet normal -0.803154 0.595772 0
    outer loop
      vertex -57.0865 -31.4445 1.6
      vertex -57.1859 -31.5785 0
      vertex -57.1859 -31.5785 1.6
    endloop
  endfacet
  facet normal -0.857652 0.514231 0
    outer loop
      vertex -57.0865 -31.4445 0
      vertex -57.0007 -31.3014 1.6
      vertex -57.0007 -31.3014 0
    endloop
  endfacet
  facet normal -0.857652 0.514231 0
    outer loop
      vertex -57.0007 -31.3014 1.6
      vertex -57.0865 -31.4445 0
      vertex -57.0865 -31.4445 1.6
    endloop
  endfacet
  facet normal 0.242818 -0.970072 0
    outer loop
      vertex -58.9935 -28.8732 0
      vertex -58.8317 -28.8327 1.6
      vertex -58.9935 -28.8732 1.6
    endloop
  endfacet
  facet normal 0.242818 -0.970072 0
    outer loop
      vertex -58.8317 -28.8327 1.6
      vertex -58.9935 -28.8732 0
      vertex -58.8317 -28.8327 0
    endloop
  endfacet
  facet normal -0.941566 0.33683 0
    outer loop
      vertex -56.9294 -31.1506 0
      vertex -56.8732 -30.9935 1.6
      vertex -56.8732 -30.9935 0
    endloop
  endfacet
  facet normal -0.941566 0.33683 0
    outer loop
      vertex -56.8732 -30.9935 1.6
      vertex -56.9294 -31.1506 0
      vertex -56.9294 -31.1506 1.6
    endloop
  endfacet
  facet normal -0.0491602 -0.998791 0
    outer loop
      vertex -58.5 -28.8 0
      vertex -58.3334 -28.8082 1.6
      vertex -58.5 -28.8 1.6
    endloop
  endfacet
  facet normal -0.0491602 -0.998791 -0
    outer loop
      vertex -58.3334 -28.8082 1.6
      vertex -58.5 -28.8 0
      vertex -58.3334 -28.8082 0
    endloop
  endfacet
  facet normal -0.904043 -0.427442 0
    outer loop
      vertex -56.9294 -29.8494 0
      vertex -57.0007 -29.6986 1.6
      vertex -57.0007 -29.6986 0
    endloop
  endfacet
  facet normal -0.904043 -0.427442 0
    outer loop
      vertex -57.0007 -29.6986 1.6
      vertex -56.9294 -29.8494 0
      vertex -56.9294 -29.8494 1.6
    endloop
  endfacet
  facet normal -0.146788 -0.989168 0
    outer loop
      vertex -58.3334 -28.8082 0
      vertex -58.1683 -28.8327 1.6
      vertex -58.3334 -28.8082 1.6
    endloop
  endfacet
  facet normal -0.146788 -0.989168 -0
    outer loop
      vertex -58.1683 -28.8327 1.6
      vertex -58.3334 -28.8082 0
      vertex -58.1683 -28.8327 0
    endloop
  endfacet
  facet normal 0.242818 0.970072 -0
    outer loop
      vertex -58.8317 -32.1673 0
      vertex -58.9935 -32.1268 1.6
      vertex -58.8317 -32.1673 1.6
    endloop
  endfacet
  facet normal 0.242818 0.970072 0
    outer loop
      vertex -58.9935 -32.1268 1.6
      vertex -58.8317 -32.1673 0
      vertex -58.9935 -32.1268 0
    endloop
  endfacet
  facet normal 0.857652 0.514231 0
    outer loop
      vertex -59.9135 -31.4445 1.6
      vertex -59.9993 -31.3014 0
      vertex -59.9993 -31.3014 1.6
    endloop
  endfacet
  facet normal 0.857652 0.514231 0
    outer loop
      vertex -59.9993 -31.3014 0
      vertex -59.9135 -31.4445 1.6
      vertex -59.9135 -31.4445 0
    endloop
  endfacet
  facet normal -0.857652 -0.514231 0
    outer loop
      vertex -57.0007 -29.6986 0
      vertex -57.0865 -29.5555 1.6
      vertex -57.0865 -29.5555 0
    endloop
  endfacet
  facet normal -0.857652 -0.514231 0
    outer loop
      vertex -57.0865 -29.5555 1.6
      vertex -57.0007 -29.6986 0
      vertex -57.0007 -29.6986 1.6
    endloop
  endfacet
  facet normal 0.33683 -0.941566 0
    outer loop
      vertex -59.1506 -28.9294 0
      vertex -58.9935 -28.8732 1.6
      vertex -59.1506 -28.9294 1.6
    endloop
  endfacet
  facet normal 0.33683 -0.941566 0
    outer loop
      vertex -58.9935 -28.8732 1.6
      vertex -59.1506 -28.9294 0
      vertex -58.9935 -28.8732 0
    endloop
  endfacet
  facet normal 0.741024 0.671478 0
    outer loop
      vertex -59.7021 -31.7021 1.6
      vertex -59.8141 -31.5785 0
      vertex -59.8141 -31.5785 1.6
    endloop
  endfacet
  facet normal 0.741024 0.671478 0
    outer loop
      vertex -59.8141 -31.5785 0
      vertex -59.7021 -31.7021 1.6
      vertex -59.7021 -31.7021 0
    endloop
  endfacet
  facet normal 0.671478 -0.741024 0
    outer loop
      vertex -59.7021 -29.2979 0
      vertex -59.5785 -29.1859 1.6
      vertex -59.7021 -29.2979 1.6
    endloop
  endfacet
  facet normal 0.671478 -0.741024 0
    outer loop
      vertex -59.5785 -29.1859 1.6
      vertex -59.7021 -29.2979 0
      vertex -59.5785 -29.1859 0
    endloop
  endfacet
  facet normal -0.33683 -0.941566 0
    outer loop
      vertex -58.0065 -28.8732 0
      vertex -57.8494 -28.9294 1.6
      vertex -58.0065 -28.8732 1.6
    endloop
  endfacet
  facet normal -0.33683 -0.941566 -0
    outer loop
      vertex -57.8494 -28.9294 1.6
      vertex -58.0065 -28.8732 0
      vertex -57.8494 -28.9294 0
    endloop
  endfacet
  facet normal 0.514231 0.857652 -0
    outer loop
      vertex -59.3014 -31.9993 0
      vertex -59.4445 -31.9135 1.6
      vertex -59.3014 -31.9993 1.6
    endloop
  endfacet
  facet normal 0.514231 0.857652 0
    outer loop
      vertex -59.4445 -31.9135 1.6
      vertex -59.3014 -31.9993 0
      vertex -59.4445 -31.9135 0
    endloop
  endfacet
  facet normal 0.970072 -0.242818 0
    outer loop
      vertex -60.1673 -30.1683 1.6
      vertex -60.1268 -30.0065 0
      vertex -60.1268 -30.0065 1.6
    endloop
  endfacet
  facet normal 0.970072 -0.242818 0
    outer loop
      vertex -60.1268 -30.0065 0
      vertex -60.1673 -30.1683 1.6
      vertex -60.1673 -30.1683 0
    endloop
  endfacet
  facet normal 0.803154 0.595772 0
    outer loop
      vertex -59.8141 -31.5785 1.6
      vertex -59.9135 -31.4445 0
      vertex -59.9135 -31.4445 1.6
    endloop
  endfacet
  facet normal 0.803154 0.595772 0
    outer loop
      vertex -59.9135 -31.4445 0
      vertex -59.8141 -31.5785 1.6
      vertex -59.8141 -31.5785 0
    endloop
  endfacet
  facet normal 0.989168 0.146788 0
    outer loop
      vertex -60.1673 -30.8317 1.6
      vertex -60.1918 -30.6666 0
      vertex -60.1918 -30.6666 1.6
    endloop
  endfacet
  facet normal 0.989168 0.146788 0
    outer loop
      vertex -60.1918 -30.6666 0
      vertex -60.1673 -30.8317 1.6
      vertex -60.1673 -30.8317 0
    endloop
  endfacet
  facet normal 0.671478 0.741024 -0
    outer loop
      vertex -59.5785 -31.8141 0
      vertex -59.7021 -31.7021 1.6
      vertex -59.5785 -31.8141 1.6
    endloop
  endfacet
  facet normal 0.671478 0.741024 0
    outer loop
      vertex -59.7021 -31.7021 1.6
      vertex -59.5785 -31.8141 0
      vertex -59.7021 -31.7021 0
    endloop
  endfacet
  facet normal 0.803154 -0.595772 0
    outer loop
      vertex -59.9135 -29.5555 1.6
      vertex -59.8141 -29.4215 0
      vertex -59.8141 -29.4215 1.6
    endloop
  endfacet
  facet normal 0.803154 -0.595772 0
    outer loop
      vertex -59.8141 -29.4215 0
      vertex -59.9135 -29.5555 1.6
      vertex -59.9135 -29.5555 0
    endloop
  endfacet
  facet normal 0.857652 -0.514231 0
    outer loop
      vertex -59.9993 -29.6986 1.6
      vertex -59.9135 -29.5555 0
      vertex -59.9135 -29.5555 1.6
    endloop
  endfacet
  facet normal 0.857652 -0.514231 0
    outer loop
      vertex -59.9135 -29.5555 0
      vertex -59.9993 -29.6986 1.6
      vertex -59.9993 -29.6986 0
    endloop
  endfacet
  facet normal 0.0491602 0.998791 -0
    outer loop
      vertex -58.5 -32.2 0
      vertex -58.6666 -32.1918 1.6
      vertex -58.5 -32.2 1.6
    endloop
  endfacet
  facet normal 0.0491602 0.998791 0
    outer loop
      vertex -58.6666 -32.1918 1.6
      vertex -58.5 -32.2 0
      vertex -58.6666 -32.1918 0
    endloop
  endfacet
  facet normal 0.998791 -0.0491602 0
    outer loop
      vertex -60.2 -30.5 1.6
      vertex -60.1918 -30.3334 0
      vertex -60.1918 -30.3334 1.6
    endloop
  endfacet
  facet normal 0.998791 -0.0491602 0
    outer loop
      vertex -60.1918 -30.3334 0
      vertex -60.2 -30.5 1.6
      vertex -60.2 -30.5 0
    endloop
  endfacet
  facet normal -0.741024 0.671478 0
    outer loop
      vertex -57.2979 -31.7021 0
      vertex -57.1859 -31.5785 1.6
      vertex -57.1859 -31.5785 0
    endloop
  endfacet
  facet normal -0.741024 0.671478 0
    outer loop
      vertex -57.1859 -31.5785 1.6
      vertex -57.2979 -31.7021 0
      vertex -57.2979 -31.7021 1.6
    endloop
  endfacet
  facet normal -0.671478 0.741024 0
    outer loop
      vertex -57.2979 -31.7021 0
      vertex -57.4215 -31.8141 1.6
      vertex -57.2979 -31.7021 1.6
    endloop
  endfacet
  facet normal -0.671478 0.741024 0
    outer loop
      vertex -57.4215 -31.8141 1.6
      vertex -57.2979 -31.7021 0
      vertex -57.4215 -31.8141 0
    endloop
  endfacet
  facet normal 0.904043 -0.427442 0
    outer loop
      vertex -60.0706 31.1506 1.6
      vertex -59.9993 31.3014 0
      vertex -59.9993 31.3014 1.6
    endloop
  endfacet
  facet normal 0.904043 -0.427442 0
    outer loop
      vertex -59.9993 31.3014 0
      vertex -60.0706 31.1506 1.6
      vertex -60.0706 31.1506 0
    endloop
  endfacet
  facet normal -0.989168 -0.146788 0
    outer loop
      vertex -56.8082 30.6666 0
      vertex -56.8327 30.8317 1.6
      vertex -56.8327 30.8317 0
    endloop
  endfacet
  facet normal -0.989168 -0.146788 0
    outer loop
      vertex -56.8327 30.8317 1.6
      vertex -56.8082 30.6666 0
      vertex -56.8082 30.6666 1.6
    endloop
  endfacet
  facet normal -0.998791 -0.0491602 0
    outer loop
      vertex -56.8 30.5 0
      vertex -56.8082 30.6666 1.6
      vertex -56.8082 30.6666 0
    endloop
  endfacet
  facet normal -0.998791 -0.0491602 0
    outer loop
      vertex -56.8082 30.6666 1.6
      vertex -56.8 30.5 0
      vertex -56.8 30.5 1.6
    endloop
  endfacet
  facet normal -0.970072 -0.242818 0
    outer loop
      vertex -56.8327 30.8317 0
      vertex -56.8732 30.9935 1.6
      vertex -56.8732 30.9935 0
    endloop
  endfacet
  facet normal -0.970072 -0.242818 0
    outer loop
      vertex -56.8732 30.9935 1.6
      vertex -56.8327 30.8317 0
      vertex -56.8327 30.8317 1.6
    endloop
  endfacet
  facet normal -0.146788 -0.989168 0
    outer loop
      vertex -58.3334 32.1918 0
      vertex -58.1683 32.1673 1.6
      vertex -58.3334 32.1918 1.6
    endloop
  endfacet
  facet normal -0.146788 -0.989168 -0
    outer loop
      vertex -58.1683 32.1673 1.6
      vertex -58.3334 32.1918 0
      vertex -58.1683 32.1673 0
    endloop
  endfacet
  facet normal 0.146788 -0.989168 0
    outer loop
      vertex -58.8317 32.1673 0
      vertex -58.6666 32.1918 1.6
      vertex -58.8317 32.1673 1.6
    endloop
  endfacet
  facet normal 0.146788 -0.989168 0
    outer loop
      vertex -58.6666 32.1918 1.6
      vertex -58.8317 32.1673 0
      vertex -58.6666 32.1918 0
    endloop
  endfacet
  facet normal -0.803154 -0.595772 0
    outer loop
      vertex -57.0865 31.4445 0
      vertex -57.1859 31.5785 1.6
      vertex -57.1859 31.5785 0
    endloop
  endfacet
  facet normal -0.803154 -0.595772 0
    outer loop
      vertex -57.1859 31.5785 1.6
      vertex -57.0865 31.4445 0
      vertex -57.0865 31.4445 1.6
    endloop
  endfacet
  facet normal -0.514231 0.857652 0
    outer loop
      vertex -57.5555 29.0865 0
      vertex -57.6986 29.0007 1.6
      vertex -57.5555 29.0865 1.6
    endloop
  endfacet
  facet normal -0.514231 0.857652 0
    outer loop
      vertex -57.6986 29.0007 1.6
      vertex -57.5555 29.0865 0
      vertex -57.6986 29.0007 0
    endloop
  endfacet
  facet normal -0.595772 -0.803154 0
    outer loop
      vertex -57.5555 31.9135 0
      vertex -57.4215 31.8141 1.6
      vertex -57.5555 31.9135 1.6
    endloop
  endfacet
  facet normal -0.595772 -0.803154 -0
    outer loop
      vertex -57.4215 31.8141 1.6
      vertex -57.5555 31.9135 0
      vertex -57.4215 31.8141 0
    endloop
  endfacet
  facet normal -0.998791 0.0491602 0
    outer loop
      vertex -56.8082 30.3334 0
      vertex -56.8 30.5 1.6
      vertex -56.8 30.5 0
    endloop
  endfacet
  facet normal -0.998791 0.0491602 0
    outer loop
      vertex -56.8 30.5 1.6
      vertex -56.8082 30.3334 0
      vertex -56.8082 30.3334 1.6
    endloop
  endfacet
  facet normal 0.242818 -0.970072 0
    outer loop
      vertex -58.9935 32.1268 0
      vertex -58.8317 32.1673 1.6
      vertex -58.9935 32.1268 1.6
    endloop
  endfacet
  facet normal 0.242818 -0.970072 0
    outer loop
      vertex -58.8317 32.1673 1.6
      vertex -58.9935 32.1268 0
      vertex -58.8317 32.1673 0
    endloop
  endfacet
  facet normal 0.803154 -0.595772 0
    outer loop
      vertex -59.9135 31.4445 1.6
      vertex -59.8141 31.5785 0
      vertex -59.8141 31.5785 1.6
    endloop
  endfacet
  facet normal 0.803154 -0.595772 0
    outer loop
      vertex -59.8141 31.5785 0
      vertex -59.9135 31.4445 1.6
      vertex -59.9135 31.4445 0
    endloop
  endfacet
  facet normal 0.427442 0.904043 -0
    outer loop
      vertex -59.1506 28.9294 0
      vertex -59.3014 29.0007 1.6
      vertex -59.1506 28.9294 1.6
    endloop
  endfacet
  facet normal 0.427442 0.904043 0
    outer loop
      vertex -59.3014 29.0007 1.6
      vertex -59.1506 28.9294 0
      vertex -59.3014 29.0007 0
    endloop
  endfacet
  facet normal -0.427442 -0.904043 0
    outer loop
      vertex -57.8494 32.0706 0
      vertex -57.6986 31.9993 1.6
      vertex -57.8494 32.0706 1.6
    endloop
  endfacet
  facet normal -0.427442 -0.904043 -0
    outer loop
      vertex -57.6986 31.9993 1.6
      vertex -57.8494 32.0706 0
      vertex -57.6986 31.9993 0
    endloop
  endfacet
  facet normal 0.989168 0.146788 0
    outer loop
      vertex -60.1673 30.1683 1.6
      vertex -60.1918 30.3334 0
      vertex -60.1918 30.3334 1.6
    endloop
  endfacet
  facet normal 0.989168 0.146788 0
    outer loop
      vertex -60.1918 30.3334 0
      vertex -60.1673 30.1683 1.6
      vertex -60.1673 30.1683 0
    endloop
  endfacet
  facet normal -0.671478 0.741024 0
    outer loop
      vertex -57.2979 29.2979 0
      vertex -57.4215 29.1859 1.6
      vertex -57.2979 29.2979 1.6
    endloop
  endfacet
  facet normal -0.671478 0.741024 0
    outer loop
      vertex -57.4215 29.1859 1.6
      vertex -57.2979 29.2979 0
      vertex -57.4215 29.1859 0
    endloop
  endfacet
  facet normal 0.427442 -0.904043 0
    outer loop
      vertex -59.3014 31.9993 0
      vertex -59.1506 32.0706 1.6
      vertex -59.3014 31.9993 1.6
    endloop
  endfacet
  facet normal 0.427442 -0.904043 0
    outer loop
      vertex -59.1506 32.0706 1.6
      vertex -59.3014 31.9993 0
      vertex -59.1506 32.0706 0
    endloop
  endfacet
  facet normal -0.970072 0.242818 0
    outer loop
      vertex -56.8732 30.0065 0
      vertex -56.8327 30.1683 1.6
      vertex -56.8327 30.1683 0
    endloop
  endfacet
  facet normal -0.970072 0.242818 0
    outer loop
      vertex -56.8327 30.1683 1.6
      vertex -56.8732 30.0065 0
      vertex -56.8732 30.0065 1.6
    endloop
  endfacet
  facet normal -0.242818 0.970072 0
    outer loop
      vertex -58.0065 28.8732 0
      vertex -58.1683 28.8327 1.6
      vertex -58.0065 28.8732 1.6
    endloop
  endfacet
  facet normal -0.242818 0.970072 0
    outer loop
      vertex -58.1683 28.8327 1.6
      vertex -58.0065 28.8732 0
      vertex -58.1683 28.8327 0
    endloop
  endfacet
  facet normal 0.989168 -0.146788 0
    outer loop
      vertex -60.1918 30.6666 1.6
      vertex -60.1673 30.8317 0
      vertex -60.1673 30.8317 1.6
    endloop
  endfacet
  facet normal 0.989168 -0.146788 0
    outer loop
      vertex -60.1673 30.8317 0
      vertex -60.1918 30.6666 1.6
      vertex -60.1918 30.6666 0
    endloop
  endfacet
  facet normal -0.941566 -0.33683 0
    outer loop
      vertex -56.8732 30.9935 0
      vertex -56.9294 31.1506 1.6
      vertex -56.9294 31.1506 0
    endloop
  endfacet
  facet normal -0.941566 -0.33683 0
    outer loop
      vertex -56.9294 31.1506 1.6
      vertex -56.8732 30.9935 0
      vertex -56.8732 30.9935 1.6
    endloop
  endfacet
  facet normal 0.514231 0.857652 -0
    outer loop
      vertex -59.3014 29.0007 0
      vertex -59.4445 29.0865 1.6
      vertex -59.3014 29.0007 1.6
    endloop
  endfacet
  facet normal 0.514231 0.857652 0
    outer loop
      vertex -59.4445 29.0865 1.6
      vertex -59.3014 29.0007 0
      vertex -59.4445 29.0865 0
    endloop
  endfacet
  facet normal 0.970072 -0.242818 0
    outer loop
      vertex -60.1673 30.8317 1.6
      vertex -60.1268 30.9935 0
      vertex -60.1268 30.9935 1.6
    endloop
  endfacet
  facet normal 0.970072 -0.242818 0
    outer loop
      vertex -60.1268 30.9935 0
      vertex -60.1673 30.8317 1.6
      vertex -60.1673 30.8317 0
    endloop
  endfacet
  facet normal -0.803154 0.595772 0
    outer loop
      vertex -57.1859 29.4215 0
      vertex -57.0865 29.5555 1.6
      vertex -57.0865 29.5555 0
    endloop
  endfacet
  facet normal -0.803154 0.595772 0
    outer loop
      vertex -57.0865 29.5555 1.6
      vertex -57.1859 29.4215 0
      vertex -57.1859 29.4215 1.6
    endloop
  endfacet
  facet normal 0.595772 0.803154 -0
    outer loop
      vertex -59.4445 29.0865 0
      vertex -59.5785 29.1859 1.6
      vertex -59.4445 29.0865 1.6
    endloop
  endfacet
  facet normal 0.595772 0.803154 0
    outer loop
      vertex -59.5785 29.1859 1.6
      vertex -59.4445 29.0865 0
      vertex -59.5785 29.1859 0
    endloop
  endfacet
  facet normal 0.33683 0.941566 -0
    outer loop
      vertex -58.9935 28.8732 0
      vertex -59.1506 28.9294 1.6
      vertex -58.9935 28.8732 1.6
    endloop
  endfacet
  facet normal 0.33683 0.941566 0
    outer loop
      vertex -59.1506 28.9294 1.6
      vertex -58.9935 28.8732 0
      vertex -59.1506 28.9294 0
    endloop
  endfacet
  facet normal -0.33683 -0.941566 0
    outer loop
      vertex -58.0065 32.1268 0
      vertex -57.8494 32.0706 1.6
      vertex -58.0065 32.1268 1.6
    endloop
  endfacet
  facet normal -0.33683 -0.941566 -0
    outer loop
      vertex -57.8494 32.0706 1.6
      vertex -58.0065 32.1268 0
      vertex -57.8494 32.0706 0
    endloop
  endfacet
  facet normal 0.741024 0.671478 0
    outer loop
      vertex -59.7021 29.2979 1.6
      vertex -59.8141 29.4215 0
      vertex -59.8141 29.4215 1.6
    endloop
  endfacet
  facet normal 0.741024 0.671478 0
    outer loop
      vertex -59.8141 29.4215 0
      vertex -59.7021 29.2979 1.6
      vertex -59.7021 29.2979 0
    endloop
  endfacet
  facet normal -0.514231 -0.857652 0
    outer loop
      vertex -57.6986 31.9993 0
      vertex -57.5555 31.9135 1.6
      vertex -57.6986 31.9993 1.6
    endloop
  endfacet
  facet normal -0.514231 -0.857652 -0
    outer loop
      vertex -57.5555 31.9135 1.6
      vertex -57.6986 31.9993 0
      vertex -57.5555 31.9135 0
    endloop
  endfacet
  facet normal 0.33683 -0.941566 0
    outer loop
      vertex -59.1506 32.0706 0
      vertex -58.9935 32.1268 1.6
      vertex -59.1506 32.0706 1.6
    endloop
  endfacet
  facet normal 0.33683 -0.941566 0
    outer loop
      vertex -58.9935 32.1268 1.6
      vertex -59.1506 32.0706 0
      vertex -58.9935 32.1268 0
    endloop
  endfacet
  facet normal 0.904043 0.427442 0
    outer loop
      vertex -59.9993 29.6986 1.6
      vertex -60.0706 29.8494 0
      vertex -60.0706 29.8494 1.6
    endloop
  endfacet
  facet normal 0.904043 0.427442 0
    outer loop
      vertex -60.0706 29.8494 0
      vertex -59.9993 29.6986 1.6
      vertex -59.9993 29.6986 0
    endloop
  endfacet
  facet normal 0.941566 0.33683 0
    outer loop
      vertex -60.0706 29.8494 1.6
      vertex -60.1268 30.0065 0
      vertex -60.1268 30.0065 1.6
    endloop
  endfacet
  facet normal 0.941566 0.33683 0
    outer loop
      vertex -60.1268 30.0065 0
      vertex -60.0706 29.8494 1.6
      vertex -60.0706 29.8494 0
    endloop
  endfacet
  facet normal -0.904043 -0.427442 0
    outer loop
      vertex -56.9294 31.1506 0
      vertex -57.0007 31.3014 1.6
      vertex -57.0007 31.3014 0
    endloop
  endfacet
  facet normal -0.904043 -0.427442 0
    outer loop
      vertex -57.0007 31.3014 1.6
      vertex -56.9294 31.1506 0
      vertex -56.9294 31.1506 1.6
    endloop
  endfacet
  facet normal 0.970072 0.242818 0
    outer loop
      vertex -60.1268 30.0065 1.6
      vertex -60.1673 30.1683 0
      vertex -60.1673 30.1683 1.6
    endloop
  endfacet
  facet normal 0.970072 0.242818 0
    outer loop
      vertex -60.1673 30.1683 0
      vertex -60.1268 30.0065 1.6
      vertex -60.1268 30.0065 0
    endloop
  endfacet
  facet normal 0.595772 -0.803154 0
    outer loop
      vertex -59.5785 31.8141 0
      vertex -59.4445 31.9135 1.6
      vertex -59.5785 31.8141 1.6
    endloop
  endfacet
  facet normal 0.595772 -0.803154 0
    outer loop
      vertex -59.4445 31.9135 1.6
      vertex -59.5785 31.8141 0
      vertex -59.4445 31.9135 0
    endloop
  endfacet
  facet normal 0.671478 0.741024 -0
    outer loop
      vertex -59.5785 29.1859 0
      vertex -59.7021 29.2979 1.6
      vertex -59.5785 29.1859 1.6
    endloop
  endfacet
  facet normal 0.671478 0.741024 0
    outer loop
      vertex -59.7021 29.2979 1.6
      vertex -59.5785 29.1859 0
      vertex -59.7021 29.2979 0
    endloop
  endfacet
  facet normal 0.146788 0.989168 -0
    outer loop
      vertex -58.6666 28.8082 0
      vertex -58.8317 28.8327 1.6
      vertex -58.6666 28.8082 1.6
    endloop
  endfacet
  facet normal 0.146788 0.989168 0
    outer loop
      vertex -58.8317 28.8327 1.6
      vertex -58.6666 28.8082 0
      vertex -58.8317 28.8327 0
    endloop
  endfacet
  facet normal -0.741024 0.671478 0
    outer loop
      vertex -57.2979 29.2979 0
      vertex -57.1859 29.4215 1.6
      vertex -57.1859 29.4215 0
    endloop
  endfacet
  facet normal -0.741024 0.671478 0
    outer loop
      vertex -57.1859 29.4215 1.6
      vertex -57.2979 29.2979 0
      vertex -57.2979 29.2979 1.6
    endloop
  endfacet
  facet normal -0.146788 0.989168 0
    outer loop
      vertex -58.1683 28.8327 0
      vertex -58.3334 28.8082 1.6
      vertex -58.1683 28.8327 1.6
    endloop
  endfacet
  facet normal -0.146788 0.989168 0
    outer loop
      vertex -58.3334 28.8082 1.6
      vertex -58.1683 28.8327 0
      vertex -58.3334 28.8082 0
    endloop
  endfacet
  facet normal 0.514231 -0.857652 0
    outer loop
      vertex -59.4445 31.9135 0
      vertex -59.3014 31.9993 1.6
      vertex -59.4445 31.9135 1.6
    endloop
  endfacet
  facet normal 0.514231 -0.857652 0
    outer loop
      vertex -59.3014 31.9993 1.6
      vertex -59.4445 31.9135 0
      vertex -59.3014 31.9993 0
    endloop
  endfacet
  facet normal -0.0491602 -0.998791 0
    outer loop
      vertex -58.5 32.2 0
      vertex -58.3334 32.1918 1.6
      vertex -58.5 32.2 1.6
    endloop
  endfacet
  facet normal -0.0491602 -0.998791 -0
    outer loop
      vertex -58.3334 32.1918 1.6
      vertex -58.5 32.2 0
      vertex -58.3334 32.1918 0
    endloop
  endfacet
  facet normal 0.857652 0.514231 0
    outer loop
      vertex -59.9135 29.5555 1.6
      vertex -59.9993 29.6986 0
      vertex -59.9993 29.6986 1.6
    endloop
  endfacet
  facet normal 0.857652 0.514231 0
    outer loop
      vertex -59.9993 29.6986 0
      vertex -59.9135 29.5555 1.6
      vertex -59.9135 29.5555 0
    endloop
  endfacet
  facet normal -0.242818 -0.970072 0
    outer loop
      vertex -58.1683 32.1673 0
      vertex -58.0065 32.1268 1.6
      vertex -58.1683 32.1673 1.6
    endloop
  endfacet
  facet normal -0.242818 -0.970072 -0
    outer loop
      vertex -58.0065 32.1268 1.6
      vertex -58.1683 32.1673 0
      vertex -58.0065 32.1268 0
    endloop
  endfacet
  facet normal 0.941566 -0.33683 0
    outer loop
      vertex -60.1268 30.9935 1.6
      vertex -60.0706 31.1506 0
      vertex -60.0706 31.1506 1.6
    endloop
  endfacet
  facet normal 0.941566 -0.33683 0
    outer loop
      vertex -60.0706 31.1506 0
      vertex -60.1268 30.9935 1.6
      vertex -60.1268 30.9935 0
    endloop
  endfacet
  facet normal -0.671478 -0.741024 0
    outer loop
      vertex -57.4215 31.8141 0
      vertex -57.2979 31.7021 1.6
      vertex -57.4215 31.8141 1.6
    endloop
  endfacet
  facet normal -0.671478 -0.741024 -0
    outer loop
      vertex -57.2979 31.7021 1.6
      vertex -57.4215 31.8141 0
      vertex -57.2979 31.7021 0
    endloop
  endfacet
  facet normal 0.0491602 -0.998791 0
    outer loop
      vertex -58.6666 32.1918 0
      vertex -58.5 32.2 1.6
      vertex -58.6666 32.1918 1.6
    endloop
  endfacet
  facet normal 0.0491602 -0.998791 0
    outer loop
      vertex -58.5 32.2 1.6
      vertex -58.6666 32.1918 0
      vertex -58.5 32.2 0
    endloop
  endfacet
  facet normal -0.427442 0.904043 0
    outer loop
      vertex -57.6986 29.0007 0
      vertex -57.8494 28.9294 1.6
      vertex -57.6986 29.0007 1.6
    endloop
  endfacet
  facet normal -0.427442 0.904043 0
    outer loop
      vertex -57.8494 28.9294 1.6
      vertex -57.6986 29.0007 0
      vertex -57.8494 28.9294 0
    endloop
  endfacet
  facet normal -0.989168 0.146788 0
    outer loop
      vertex -56.8327 30.1683 0
      vertex -56.8082 30.3334 1.6
      vertex -56.8082 30.3334 0
    endloop
  endfacet
  facet normal -0.989168 0.146788 0
    outer loop
      vertex -56.8082 30.3334 1.6
      vertex -56.8327 30.1683 0
      vertex -56.8327 30.1683 1.6
    endloop
  endfacet
  facet normal -0.857652 -0.514231 0
    outer loop
      vertex -57.0007 31.3014 0
      vertex -57.0865 31.4445 1.6
      vertex -57.0865 31.4445 0
    endloop
  endfacet
  facet normal -0.857652 -0.514231 0
    outer loop
      vertex -57.0865 31.4445 1.6
      vertex -57.0007 31.3014 0
      vertex -57.0007 31.3014 1.6
    endloop
  endfacet
  facet normal 0.0491602 0.998791 -0
    outer loop
      vertex -58.5 28.8 0
      vertex -58.6666 28.8082 1.6
      vertex -58.5 28.8 1.6
    endloop
  endfacet
  facet normal 0.0491602 0.998791 0
    outer loop
      vertex -58.6666 28.8082 1.6
      vertex -58.5 28.8 0
      vertex -58.6666 28.8082 0
    endloop
  endfacet
  facet normal 0.671478 -0.741024 0
    outer loop
      vertex -59.7021 31.7021 0
      vertex -59.5785 31.8141 1.6
      vertex -59.7021 31.7021 1.6
    endloop
  endfacet
  facet normal 0.671478 -0.741024 0
    outer loop
      vertex -59.5785 31.8141 1.6
      vertex -59.7021 31.7021 0
      vertex -59.5785 31.8141 0
    endloop
  endfacet
  facet normal 0.741024 -0.671478 0
    outer loop
      vertex -59.8141 31.5785 1.6
      vertex -59.7021 31.7021 0
      vertex -59.7021 31.7021 1.6
    endloop
  endfacet
  facet normal 0.741024 -0.671478 0
    outer loop
      vertex -59.7021 31.7021 0
      vertex -59.8141 31.5785 1.6
      vertex -59.8141 31.5785 0
    endloop
  endfacet
  facet normal -0.904043 0.427442 0
    outer loop
      vertex -57.0007 29.6986 0
      vertex -56.9294 29.8494 1.6
      vertex -56.9294 29.8494 0
    endloop
  endfacet
  facet normal -0.904043 0.427442 0
    outer loop
      vertex -56.9294 29.8494 1.6
      vertex -57.0007 29.6986 0
      vertex -57.0007 29.6986 1.6
    endloop
  endfacet
  facet normal -0.0491602 0.998791 0
    outer loop
      vertex -58.3334 28.8082 0
      vertex -58.5 28.8 1.6
      vertex -58.3334 28.8082 1.6
    endloop
  endfacet
  facet normal -0.0491602 0.998791 0
    outer loop
      vertex -58.5 28.8 1.6
      vertex -58.3334 28.8082 0
      vertex -58.5 28.8 0
    endloop
  endfacet
  facet normal -0.941566 0.33683 0
    outer loop
      vertex -56.9294 29.8494 0
      vertex -56.8732 30.0065 1.6
      vertex -56.8732 30.0065 0
    endloop
  endfacet
  facet normal -0.941566 0.33683 0
    outer loop
      vertex -56.8732 30.0065 1.6
      vertex -56.9294 29.8494 0
      vertex -56.9294 29.8494 1.6
    endloop
  endfacet
  facet normal -0.741024 -0.671478 0
    outer loop
      vertex -57.1859 31.5785 0
      vertex -57.2979 31.7021 1.6
      vertex -57.2979 31.7021 0
    endloop
  endfacet
  facet normal -0.741024 -0.671478 0
    outer loop
      vertex -57.2979 31.7021 1.6
      vertex -57.1859 31.5785 0
      vertex -57.1859 31.5785 1.6
    endloop
  endfacet
  facet normal 0.242818 0.970072 -0
    outer loop
      vertex -58.8317 28.8327 0
      vertex -58.9935 28.8732 1.6
      vertex -58.8317 28.8327 1.6
    endloop
  endfacet
  facet normal 0.242818 0.970072 0
    outer loop
      vertex -58.9935 28.8732 1.6
      vertex -58.8317 28.8327 0
      vertex -58.9935 28.8732 0
    endloop
  endfacet
  facet normal -0.595772 0.803154 0
    outer loop
      vertex -57.4215 29.1859 0
      vertex -57.5555 29.0865 1.6
      vertex -57.4215 29.1859 1.6
    endloop
  endfacet
  facet normal -0.595772 0.803154 0
    outer loop
      vertex -57.5555 29.0865 1.6
      vertex -57.4215 29.1859 0
      vertex -57.5555 29.0865 0
    endloop
  endfacet
  facet normal -0.857652 0.514231 0
    outer loop
      vertex -57.0865 29.5555 0
      vertex -57.0007 29.6986 1.6
      vertex -57.0007 29.6986 0
    endloop
  endfacet
  facet normal -0.857652 0.514231 0
    outer loop
      vertex -57.0007 29.6986 1.6
      vertex -57.0865 29.5555 0
      vertex -57.0865 29.5555 1.6
    endloop
  endfacet
  facet normal 0.803154 0.595772 0
    outer loop
      vertex -59.8141 29.4215 1.6
      vertex -59.9135 29.5555 0
      vertex -59.9135 29.5555 1.6
    endloop
  endfacet
  facet normal 0.803154 0.595772 0
    outer loop
      vertex -59.9135 29.5555 0
      vertex -59.8141 29.4215 1.6
      vertex -59.8141 29.4215 0
    endloop
  endfacet
  facet normal 0.857652 -0.514231 0
    outer loop
      vertex -59.9993 31.3014 1.6
      vertex -59.9135 31.4445 0
      vertex -59.9135 31.4445 1.6
    endloop
  endfacet
  facet normal 0.857652 -0.514231 0
    outer loop
      vertex -59.9135 31.4445 0
      vertex -59.9993 31.3014 1.6
      vertex -59.9993 31.3014 0
    endloop
  endfacet
  facet normal -0.33683 0.941566 0
    outer loop
      vertex -57.8494 28.9294 0
      vertex -58.0065 28.8732 1.6
      vertex -57.8494 28.9294 1.6
    endloop
  endfacet
  facet normal -0.33683 0.941566 0
    outer loop
      vertex -58.0065 28.8732 1.6
      vertex -57.8494 28.9294 0
      vertex -58.0065 28.8732 0
    endloop
  endfacet
  facet normal 0.998791 -0.0491602 0
    outer loop
      vertex -60.2 30.5 1.6
      vertex -60.1918 30.6666 0
      vertex -60.1918 30.6666 1.6
    endloop
  endfacet
  facet normal 0.998791 -0.0491602 0
    outer loop
      vertex -60.1918 30.6666 0
      vertex -60.2 30.5 1.6
      vertex -60.2 30.5 0
    endloop
  endfacet
  facet normal 0.998791 0.0491602 0
    outer loop
      vertex -60.1918 30.3334 1.6
      vertex -60.2 30.5 0
      vertex -60.2 30.5 1.6
    endloop
  endfacet
  facet normal 0.998791 0.0491602 0
    outer loop
      vertex -60.2 30.5 0
      vertex -60.1918 30.3334 1.6
      vertex -60.1918 30.3334 0
    endloop
  endfacet
  facet normal -0.989168 -0.146788 0
    outer loop
      vertex 60.1918 -30.3334 0
      vertex 60.1673 -30.1683 1.6
      vertex 60.1673 -30.1683 0
    endloop
  endfacet
  facet normal -0.989168 -0.146788 0
    outer loop
      vertex 60.1673 -30.1683 1.6
      vertex 60.1918 -30.3334 0
      vertex 60.1918 -30.3334 1.6
    endloop
  endfacet
  facet normal -0.998791 -0.0491602 0
    outer loop
      vertex 60.2 -30.5 0
      vertex 60.1918 -30.3334 1.6
      vertex 60.1918 -30.3334 0
    endloop
  endfacet
  facet normal -0.998791 -0.0491602 0
    outer loop
      vertex 60.1918 -30.3334 1.6
      vertex 60.2 -30.5 0
      vertex 60.2 -30.5 1.6
    endloop
  endfacet
  facet normal -0.970072 -0.242818 0
    outer loop
      vertex 60.1673 -30.1683 0
      vertex 60.1268 -30.0065 1.6
      vertex 60.1268 -30.0065 0
    endloop
  endfacet
  facet normal -0.970072 -0.242818 0
    outer loop
      vertex 60.1268 -30.0065 1.6
      vertex 60.1673 -30.1683 0
      vertex 60.1673 -30.1683 1.6
    endloop
  endfacet
  facet normal -0.427442 0.904043 0
    outer loop
      vertex 59.3014 -31.9993 0
      vertex 59.1506 -32.0706 1.6
      vertex 59.3014 -31.9993 1.6
    endloop
  endfacet
  facet normal -0.427442 0.904043 0
    outer loop
      vertex 59.1506 -32.0706 1.6
      vertex 59.3014 -31.9993 0
      vertex 59.1506 -32.0706 0
    endloop
  endfacet
  facet normal 0.0491602 -0.998791 0
    outer loop
      vertex 58.3334 -28.8082 0
      vertex 58.5 -28.8 1.6
      vertex 58.3334 -28.8082 1.6
    endloop
  endfacet
  facet normal 0.0491602 -0.998791 0
    outer loop
      vertex 58.5 -28.8 1.6
      vertex 58.3334 -28.8082 0
      vertex 58.5 -28.8 0
    endloop
  endfacet
  facet normal 0.427442 -0.904043 0
    outer loop
      vertex 57.6986 -29.0007 0
      vertex 57.8494 -28.9294 1.6
      vertex 57.6986 -29.0007 1.6
    endloop
  endfacet
  facet normal 0.427442 -0.904043 0
    outer loop
      vertex 57.8494 -28.9294 1.6
      vertex 57.6986 -29.0007 0
      vertex 57.8494 -28.9294 0
    endloop
  endfacet
  facet normal -0.741024 -0.671478 0
    outer loop
      vertex 59.8141 -29.4215 0
      vertex 59.7021 -29.2979 1.6
      vertex 59.7021 -29.2979 0
    endloop
  endfacet
  facet normal -0.741024 -0.671478 0
    outer loop
      vertex 59.7021 -29.2979 1.6
      vertex 59.8141 -29.4215 0
      vertex 59.8141 -29.4215 1.6
    endloop
  endfacet
  facet normal 0.146788 0.989168 -0
    outer loop
      vertex 58.3334 -32.1918 0
      vertex 58.1683 -32.1673 1.6
      vertex 58.3334 -32.1918 1.6
    endloop
  endfacet
  facet normal 0.146788 0.989168 0
    outer loop
      vertex 58.1683 -32.1673 1.6
      vertex 58.3334 -32.1918 0
      vertex 58.1683 -32.1673 0
    endloop
  endfacet
  facet normal -0.427442 -0.904043 0
    outer loop
      vertex 59.1506 -28.9294 0
      vertex 59.3014 -29.0007 1.6
      vertex 59.1506 -28.9294 1.6
    endloop
  endfacet
  facet normal -0.427442 -0.904043 -0
    outer loop
      vertex 59.3014 -29.0007 1.6
      vertex 59.1506 -28.9294 0
      vertex 59.3014 -29.0007 0
    endloop
  endfacet
  facet normal 0.146788 -0.989168 0
    outer loop
      vertex 58.1683 -28.8327 0
      vertex 58.3334 -28.8082 1.6
      vertex 58.1683 -28.8327 1.6
    endloop
  endfacet
  facet normal 0.146788 -0.989168 0
    outer loop
      vertex 58.3334 -28.8082 1.6
      vertex 58.1683 -28.8327 0
      vertex 58.3334 -28.8082 0
    endloop
  endfacet
  facet normal -0.242818 0.970072 0
    outer loop
      vertex 58.9935 -32.1268 0
      vertex 58.8317 -32.1673 1.6
      vertex 58.9935 -32.1268 1.6
    endloop
  endfacet
  facet normal -0.242818 0.970072 0
    outer loop
      vertex 58.8317 -32.1673 1.6
      vertex 58.9935 -32.1268 0
      vertex 58.8317 -32.1673 0
    endloop
  endfacet
  facet normal 0.595772 -0.803154 0
    outer loop
      vertex 57.4215 -29.1859 0
      vertex 57.5555 -29.0865 1.6
      vertex 57.4215 -29.1859 1.6
    endloop
  endfacet
  facet normal 0.595772 -0.803154 0
    outer loop
      vertex 57.5555 -29.0865 1.6
      vertex 57.4215 -29.1859 0
      vertex 57.5555 -29.0865 0
    endloop
  endfacet
  facet normal 0.904043 -0.427442 0
    outer loop
      vertex 56.9294 -29.8494 1.6
      vertex 57.0007 -29.6986 0
      vertex 57.0007 -29.6986 1.6
    endloop
  endfacet
  facet normal 0.904043 -0.427442 0
    outer loop
      vertex 57.0007 -29.6986 0
      vertex 56.9294 -29.8494 1.6
      vertex 56.9294 -29.8494 0
    endloop
  endfacet
  facet normal 0.427442 0.904043 -0
    outer loop
      vertex 57.8494 -32.0706 0
      vertex 57.6986 -31.9993 1.6
      vertex 57.8494 -32.0706 1.6
    endloop
  endfacet
  facet normal 0.427442 0.904043 0
    outer loop
      vertex 57.6986 -31.9993 1.6
      vertex 57.8494 -32.0706 0
      vertex 57.6986 -31.9993 0
    endloop
  endfacet
  facet normal 0.595772 0.803154 -0
    outer loop
      vertex 57.5555 -31.9135 0
      vertex 57.4215 -31.8141 1.6
      vertex 57.5555 -31.9135 1.6
    endloop
  endfacet
  facet normal 0.595772 0.803154 0
    outer loop
      vertex 57.4215 -31.8141 1.6
      vertex 57.5555 -31.9135 0
      vertex 57.4215 -31.8141 0
    endloop
  endfacet
  facet normal 0.904043 0.427442 0
    outer loop
      vertex 57.0007 -31.3014 1.6
      vertex 56.9294 -31.1506 0
      vertex 56.9294 -31.1506 1.6
    endloop
  endfacet
  facet normal 0.904043 0.427442 0
    outer loop
      vertex 56.9294 -31.1506 0
      vertex 57.0007 -31.3014 1.6
      vertex 57.0007 -31.3014 0
    endloop
  endfacet
  facet normal -0.514231 -0.857652 0
    outer loop
      vertex 59.3014 -29.0007 0
      vertex 59.4445 -29.0865 1.6
      vertex 59.3014 -29.0007 1.6
    endloop
  endfacet
  facet normal -0.514231 -0.857652 -0
    outer loop
      vertex 59.4445 -29.0865 1.6
      vertex 59.3014 -29.0007 0
      vertex 59.4445 -29.0865 0
    endloop
  endfacet
  facet normal -0.595772 0.803154 0
    outer loop
      vertex 59.5785 -31.8141 0
      vertex 59.4445 -31.9135 1.6
      vertex 59.5785 -31.8141 1.6
    endloop
  endfacet
  facet normal -0.595772 0.803154 0
    outer loop
      vertex 59.4445 -31.9135 1.6
      vertex 59.5785 -31.8141 0
      vertex 59.4445 -31.9135 0
    endloop
  endfacet
  facet normal 0.998791 0.0491602 0
    outer loop
      vertex 56.8082 -30.6666 1.6
      vertex 56.8 -30.5 0
      vertex 56.8 -30.5 1.6
    endloop
  endfacet
  facet normal 0.998791 0.0491602 0
    outer loop
      vertex 56.8 -30.5 0
      vertex 56.8082 -30.6666 1.6
      vertex 56.8082 -30.6666 0
    endloop
  endfacet
  facet normal -0.595772 -0.803154 0
    outer loop
      vertex 59.4445 -29.0865 0
      vertex 59.5785 -29.1859 1.6
      vertex 59.4445 -29.0865 1.6
    endloop
  endfacet
  facet normal -0.595772 -0.803154 -0
    outer loop
      vertex 59.5785 -29.1859 1.6
      vertex 59.4445 -29.0865 0
      vertex 59.5785 -29.1859 0
    endloop
  endfacet
  facet normal -0.970072 0.242818 0
    outer loop
      vertex 60.1268 -30.9935 0
      vertex 60.1673 -30.8317 1.6
      vertex 60.1673 -30.8317 0
    endloop
  endfacet
  facet normal -0.970072 0.242818 0
    outer loop
      vertex 60.1673 -30.8317 1.6
      vertex 60.1268 -30.9935 0
      vertex 60.1268 -30.9935 1.6
    endloop
  endfacet
  facet normal 0.941566 0.33683 0
    outer loop
      vertex 56.9294 -31.1506 1.6
      vertex 56.8732 -30.9935 0
      vertex 56.8732 -30.9935 1.6
    endloop
  endfacet
  facet normal 0.941566 0.33683 0
    outer loop
      vertex 56.8732 -30.9935 0
      vertex 56.9294 -31.1506 1.6
      vertex 56.9294 -31.1506 0
    endloop
  endfacet
  facet normal -0.242818 -0.970072 0
    outer loop
      vertex 58.8317 -28.8327 0
      vertex 58.9935 -28.8732 1.6
      vertex 58.8317 -28.8327 1.6
    endloop
  endfacet
  facet normal -0.242818 -0.970072 -0
    outer loop
      vertex 58.9935 -28.8732 1.6
      vertex 58.8317 -28.8327 0
      vertex 58.9935 -28.8732 0
    endloop
  endfacet
  facet normal 0.741024 -0.671478 0
    outer loop
      vertex 57.1859 -29.4215 1.6
      vertex 57.2979 -29.2979 0
      vertex 57.2979 -29.2979 1.6
    endloop
  endfacet
  facet normal 0.741024 -0.671478 0
    outer loop
      vertex 57.2979 -29.2979 0
      vertex 57.1859 -29.4215 1.6
      vertex 57.1859 -29.4215 0
    endloop
  endfacet
  facet normal -0.0491602 0.998791 0
    outer loop
      vertex 58.6666 -32.1918 0
      vertex 58.5 -32.2 1.6
      vertex 58.6666 -32.1918 1.6
    endloop
  endfacet
  facet normal -0.0491602 0.998791 0
    outer loop
      vertex 58.5 -32.2 1.6
      vertex 58.6666 -32.1918 0
      vertex 58.5 -32.2 0
    endloop
  endfacet
  facet normal -0.803154 -0.595772 0
    outer loop
      vertex 59.9135 -29.5555 0
      vertex 59.8141 -29.4215 1.6
      vertex 59.8141 -29.4215 0
    endloop
  endfacet
  facet normal -0.803154 -0.595772 0
    outer loop
      vertex 59.8141 -29.4215 1.6
      vertex 59.9135 -29.5555 0
      vertex 59.9135 -29.5555 1.6
    endloop
  endfacet
  facet normal 0.970072 0.242818 0
    outer loop
      vertex 56.8732 -30.9935 1.6
      vertex 56.8327 -30.8317 0
      vertex 56.8327 -30.8317 1.6
    endloop
  endfacet
  facet normal 0.970072 0.242818 0
    outer loop
      vertex 56.8327 -30.8317 0
      vertex 56.8732 -30.9935 1.6
      vertex 56.8732 -30.9935 0
    endloop
  endfacet
  facet normal -0.989168 0.146788 0
    outer loop
      vertex 60.1673 -30.8317 0
      vertex 60.1918 -30.6666 1.6
      vertex 60.1918 -30.6666 0
    endloop
  endfacet
  facet normal -0.989168 0.146788 0
    outer loop
      vertex 60.1918 -30.6666 1.6
      vertex 60.1673 -30.8317 0
      vertex 60.1673 -30.8317 1.6
    endloop
  endfacet
  facet normal -0.514231 0.857652 0
    outer loop
      vertex 59.4445 -31.9135 0
      vertex 59.3014 -31.9993 1.6
      vertex 59.4445 -31.9135 1.6
    endloop
  endfacet
  facet normal -0.514231 0.857652 0
    outer loop
      vertex 59.3014 -31.9993 1.6
      vertex 59.4445 -31.9135 0
      vertex 59.3014 -31.9993 0
    endloop
  endfacet
  facet normal 0.941566 -0.33683 0
    outer loop
      vertex 56.8732 -30.0065 1.6
      vertex 56.9294 -29.8494 0
      vertex 56.9294 -29.8494 1.6
    endloop
  endfacet
  facet normal 0.941566 -0.33683 0
    outer loop
      vertex 56.9294 -29.8494 0
      vertex 56.8732 -30.0065 1.6
      vertex 56.8732 -30.0065 0
    endloop
  endfacet
  facet normal 0.989168 -0.146788 0
    outer loop
      vertex 56.8082 -30.3334 1.6
      vertex 56.8327 -30.1683 0
      vertex 56.8327 -30.1683 1.6
    endloop
  endfacet
  facet normal 0.989168 -0.146788 0
    outer loop
      vertex 56.8327 -30.1683 0
      vertex 56.8082 -30.3334 1.6
      vertex 56.8082 -30.3334 0
    endloop
  endfacet
  facet normal -0.904043 0.427442 0
    outer loop
      vertex 59.9993 -31.3014 0
      vertex 60.0706 -31.1506 1.6
      vertex 60.0706 -31.1506 0
    endloop
  endfacet
  facet normal -0.904043 0.427442 0
    outer loop
      vertex 60.0706 -31.1506 1.6
      vertex 59.9993 -31.3014 0
      vertex 59.9993 -31.3014 1.6
    endloop
  endfacet
  facet normal -0.33683 -0.941566 0
    outer loop
      vertex 58.9935 -28.8732 0
      vertex 59.1506 -28.9294 1.6
      vertex 58.9935 -28.8732 1.6
    endloop
  endfacet
  facet normal -0.33683 -0.941566 -0
    outer loop
      vertex 59.1506 -28.9294 1.6
      vertex 58.9935 -28.8732 0
      vertex 59.1506 -28.9294 0
    endloop
  endfacet
  facet normal -0.998791 0.0491602 0
    outer loop
      vertex 60.1918 -30.6666 0
      vertex 60.2 -30.5 1.6
      vertex 60.2 -30.5 0
    endloop
  endfacet
  facet normal -0.998791 0.0491602 0
    outer loop
      vertex 60.2 -30.5 1.6
      vertex 60.1918 -30.6666 0
      vertex 60.1918 -30.6666 1.6
    endloop
  endfacet
  facet normal -0.146788 0.989168 0
    outer loop
      vertex 58.8317 -32.1673 0
      vertex 58.6666 -32.1918 1.6
      vertex 58.8317 -32.1673 1.6
    endloop
  endfacet
  facet normal -0.146788 0.989168 0
    outer loop
      vertex 58.6666 -32.1918 1.6
      vertex 58.8317 -32.1673 0
      vertex 58.6666 -32.1918 0
    endloop
  endfacet
  facet normal -0.941566 -0.33683 0
    outer loop
      vertex 60.1268 -30.0065 0
      vertex 60.0706 -29.8494 1.6
      vertex 60.0706 -29.8494 0
    endloop
  endfacet
  facet normal -0.941566 -0.33683 0
    outer loop
      vertex 60.0706 -29.8494 1.6
      vertex 60.1268 -30.0065 0
      vertex 60.1268 -30.0065 1.6
    endloop
  endfacet
  facet normal -0.803154 0.595772 0
    outer loop
      vertex 59.8141 -31.5785 0
      vertex 59.9135 -31.4445 1.6
      vertex 59.9135 -31.4445 0
    endloop
  endfacet
  facet normal -0.803154 0.595772 0
    outer loop
      vertex 59.9135 -31.4445 1.6
      vertex 59.8141 -31.5785 0
      vertex 59.8141 -31.5785 1.6
    endloop
  endfacet
  facet normal -0.857652 0.514231 0
    outer loop
      vertex 59.9135 -31.4445 0
      vertex 59.9993 -31.3014 1.6
      vertex 59.9993 -31.3014 0
    endloop
  endfacet
  facet normal -0.857652 0.514231 0
    outer loop
      vertex 59.9993 -31.3014 1.6
      vertex 59.9135 -31.4445 0
      vertex 59.9135 -31.4445 1.6
    endloop
  endfacet
  facet normal 0.242818 -0.970072 0
    outer loop
      vertex 58.0065 -28.8732 0
      vertex 58.1683 -28.8327 1.6
      vertex 58.0065 -28.8732 1.6
    endloop
  endfacet
  facet normal 0.242818 -0.970072 0
    outer loop
      vertex 58.1683 -28.8327 1.6
      vertex 58.0065 -28.8732 0
      vertex 58.1683 -28.8327 0
    endloop
  endfacet
  facet normal -0.941566 0.33683 0
    outer loop
      vertex 60.0706 -31.1506 0
      vertex 60.1268 -30.9935 1.6
      vertex 60.1268 -30.9935 0
    endloop
  endfacet
  facet normal -0.941566 0.33683 0
    outer loop
      vertex 60.1268 -30.9935 1.6
      vertex 60.0706 -31.1506 0
      vertex 60.0706 -31.1506 1.6
    endloop
  endfacet
  facet normal -0.0491602 -0.998791 0
    outer loop
      vertex 58.5 -28.8 0
      vertex 58.6666 -28.8082 1.6
      vertex 58.5 -28.8 1.6
    endloop
  endfacet
  facet normal -0.0491602 -0.998791 -0
    outer loop
      vertex 58.6666 -28.8082 1.6
      vertex 58.5 -28.8 0
      vertex 58.6666 -28.8082 0
    endloop
  endfacet
  facet normal 0.514231 -0.857652 0
    outer loop
      vertex 57.5555 -29.0865 0
      vertex 57.6986 -29.0007 1.6
      vertex 57.5555 -29.0865 1.6
    endloop
  endfacet
  facet normal 0.514231 -0.857652 0
    outer loop
      vertex 57.6986 -29.0007 1.6
      vertex 57.5555 -29.0865 0
      vertex 57.6986 -29.0007 0
    endloop
  endfacet
  facet normal -0.904043 -0.427442 0
    outer loop
      vertex 60.0706 -29.8494 0
      vertex 59.9993 -29.6986 1.6
      vertex 59.9993 -29.6986 0
    endloop
  endfacet
  facet normal -0.904043 -0.427442 0
    outer loop
      vertex 59.9993 -29.6986 1.6
      vertex 60.0706 -29.8494 0
      vertex 60.0706 -29.8494 1.6
    endloop
  endfacet
  facet normal -0.146788 -0.989168 0
    outer loop
      vertex 58.6666 -28.8082 0
      vertex 58.8317 -28.8327 1.6
      vertex 58.6666 -28.8082 1.6
    endloop
  endfacet
  facet normal -0.146788 -0.989168 -0
    outer loop
      vertex 58.8317 -28.8327 1.6
      vertex 58.6666 -28.8082 0
      vertex 58.8317 -28.8327 0
    endloop
  endfacet
  facet normal 0.242818 0.970072 -0
    outer loop
      vertex 58.1683 -32.1673 0
      vertex 58.0065 -32.1268 1.6
      vertex 58.1683 -32.1673 1.6
    endloop
  endfacet
  facet normal 0.242818 0.970072 0
    outer loop
      vertex 58.0065 -32.1268 1.6
      vertex 58.1683 -32.1673 0
      vertex 58.0065 -32.1268 0
    endloop
  endfacet
  facet normal 0.857652 0.514231 0
    outer loop
      vertex 57.0865 -31.4445 1.6
      vertex 57.0007 -31.3014 0
      vertex 57.0007 -31.3014 1.6
    endloop
  endfacet
  facet normal 0.857652 0.514231 0
    outer loop
      vertex 57.0007 -31.3014 0
      vertex 57.0865 -31.4445 1.6
      vertex 57.0865 -31.4445 0
    endloop
  endfacet
  facet normal -0.857652 -0.514231 0
    outer loop
      vertex 59.9993 -29.6986 0
      vertex 59.9135 -29.5555 1.6
      vertex 59.9135 -29.5555 0
    endloop
  endfacet
  facet normal -0.857652 -0.514231 0
    outer loop
      vertex 59.9135 -29.5555 1.6
      vertex 59.9993 -29.6986 0
      vertex 59.9993 -29.6986 1.6
    endloop
  endfacet
  facet normal 0.33683 -0.941566 0
    outer loop
      vertex 57.8494 -28.9294 0
      vertex 58.0065 -28.8732 1.6
      vertex 57.8494 -28.9294 1.6
    endloop
  endfacet
  facet normal 0.33683 -0.941566 0
    outer loop
      vertex 58.0065 -28.8732 1.6
      vertex 57.8494 -28.9294 0
      vertex 58.0065 -28.8732 0
    endloop
  endfacet
  facet normal 0.741024 0.671478 0
    outer loop
      vertex 57.2979 -31.7021 1.6
      vertex 57.1859 -31.5785 0
      vertex 57.1859 -31.5785 1.6
    endloop
  endfacet
  facet normal 0.741024 0.671478 0
    outer loop
      vertex 57.1859 -31.5785 0
      vertex 57.2979 -31.7021 1.6
      vertex 57.2979 -31.7021 0
    endloop
  endfacet
  facet normal 0.671478 -0.741024 0
    outer loop
      vertex 57.2979 -29.2979 0
      vertex 57.4215 -29.1859 1.6
      vertex 57.2979 -29.2979 1.6
    endloop
  endfacet
  facet normal 0.671478 -0.741024 0
    outer loop
      vertex 57.4215 -29.1859 1.6
      vertex 57.2979 -29.2979 0
      vertex 57.4215 -29.1859 0
    endloop
  endfacet
  facet normal 0.514231 0.857652 -0
    outer loop
      vertex 57.6986 -31.9993 0
      vertex 57.5555 -31.9135 1.6
      vertex 57.6986 -31.9993 1.6
    endloop
  endfacet
  facet normal 0.514231 0.857652 0
    outer loop
      vertex 57.5555 -31.9135 1.6
      vertex 57.6986 -31.9993 0
      vertex 57.5555 -31.9135 0
    endloop
  endfacet
  facet normal 0.970072 -0.242818 0
    outer loop
      vertex 56.8327 -30.1683 1.6
      vertex 56.8732 -30.0065 0
      vertex 56.8732 -30.0065 1.6
    endloop
  endfacet
  facet normal 0.970072 -0.242818 0
    outer loop
      vertex 56.8732 -30.0065 0
      vertex 56.8327 -30.1683 1.6
      vertex 56.8327 -30.1683 0
    endloop
  endfacet
  facet normal -0.671478 -0.741024 0
    outer loop
      vertex 59.5785 -29.1859 0
      vertex 59.7021 -29.2979 1.6
      vertex 59.5785 -29.1859 1.6
    endloop
  endfacet
  facet normal -0.671478 -0.741024 -0
    outer loop
      vertex 59.7021 -29.2979 1.6
      vertex 59.5785 -29.1859 0
      vertex 59.7021 -29.2979 0
    endloop
  endfacet
  facet normal -0.33683 0.941566 0
    outer loop
      vertex 59.1506 -32.0706 0
      vertex 58.9935 -32.1268 1.6
      vertex 59.1506 -32.0706 1.6
    endloop
  endfacet
  facet normal -0.33683 0.941566 0
    outer loop
      vertex 58.9935 -32.1268 1.6
      vertex 59.1506 -32.0706 0
      vertex 58.9935 -32.1268 0
    endloop
  endfacet
  facet normal 0.803154 0.595772 0
    outer loop
      vertex 57.1859 -31.5785 1.6
      vertex 57.0865 -31.4445 0
      vertex 57.0865 -31.4445 1.6
    endloop
  endfacet
  facet normal 0.803154 0.595772 0
    outer loop
      vertex 57.0865 -31.4445 0
      vertex 57.1859 -31.5785 1.6
      vertex 57.1859 -31.5785 0
    endloop
  endfacet
  facet normal 0.989168 0.146788 0
    outer loop
      vertex 56.8327 -30.8317 1.6
      vertex 56.8082 -30.6666 0
      vertex 56.8082 -30.6666 1.6
    endloop
  endfacet
  facet normal 0.989168 0.146788 0
    outer loop
      vertex 56.8082 -30.6666 0
      vertex 56.8327 -30.8317 1.6
      vertex 56.8327 -30.8317 0
    endloop
  endfacet
  facet normal 0.671478 0.741024 -0
    outer loop
      vertex 57.4215 -31.8141 0
      vertex 57.2979 -31.7021 1.6
      vertex 57.4215 -31.8141 1.6
    endloop
  endfacet
  facet normal 0.671478 0.741024 0
    outer loop
      vertex 57.2979 -31.7021 1.6
      vertex 57.4215 -31.8141 0
      vertex 57.2979 -31.7021 0
    endloop
  endfacet
  facet normal 0.803154 -0.595772 0
    outer loop
      vertex 57.0865 -29.5555 1.6
      vertex 57.1859 -29.4215 0
      vertex 57.1859 -29.4215 1.6
    endloop
  endfacet
  facet normal 0.803154 -0.595772 0
    outer loop
      vertex 57.1859 -29.4215 0
      vertex 57.0865 -29.5555 1.6
      vertex 57.0865 -29.5555 0
    endloop
  endfacet
  facet normal 0.857652 -0.514231 0
    outer loop
      vertex 57.0007 -29.6986 1.6
      vertex 57.0865 -29.5555 0
      vertex 57.0865 -29.5555 1.6
    endloop
  endfacet
  facet normal 0.857652 -0.514231 0
    outer loop
      vertex 57.0865 -29.5555 0
      vertex 57.0007 -29.6986 1.6
      vertex 57.0007 -29.6986 0
    endloop
  endfacet
  facet normal 0.0491602 0.998791 -0
    outer loop
      vertex 58.5 -32.2 0
      vertex 58.3334 -32.1918 1.6
      vertex 58.5 -32.2 1.6
    endloop
  endfacet
  facet normal 0.0491602 0.998791 0
    outer loop
      vertex 58.3334 -32.1918 1.6
      vertex 58.5 -32.2 0
      vertex 58.3334 -32.1918 0
    endloop
  endfacet
  facet normal 0.998791 -0.0491602 0
    outer loop
      vertex 56.8 -30.5 1.6
      vertex 56.8082 -30.3334 0
      vertex 56.8082 -30.3334 1.6
    endloop
  endfacet
  facet normal 0.998791 -0.0491602 0
    outer loop
      vertex 56.8082 -30.3334 0
      vertex 56.8 -30.5 1.6
      vertex 56.8 -30.5 0
    endloop
  endfacet
  facet normal 0.33683 0.941566 -0
    outer loop
      vertex 58.0065 -32.1268 0
      vertex 57.8494 -32.0706 1.6
      vertex 58.0065 -32.1268 1.6
    endloop
  endfacet
  facet normal 0.33683 0.941566 0
    outer loop
      vertex 57.8494 -32.0706 1.6
      vertex 58.0065 -32.1268 0
      vertex 57.8494 -32.0706 0
    endloop
  endfacet
  facet normal -0.741024 0.671478 0
    outer loop
      vertex 59.7021 -31.7021 0
      vertex 59.8141 -31.5785 1.6
      vertex 59.8141 -31.5785 0
    endloop
  endfacet
  facet normal -0.741024 0.671478 0
    outer loop
      vertex 59.8141 -31.5785 1.6
      vertex 59.7021 -31.7021 0
      vertex 59.7021 -31.7021 1.6
    endloop
  endfacet
  facet normal -0.671478 0.741024 0
    outer loop
      vertex 59.7021 -31.7021 0
      vertex 59.5785 -31.8141 1.6
      vertex 59.7021 -31.7021 1.6
    endloop
  endfacet
  facet normal -0.671478 0.741024 0
    outer loop
      vertex 59.5785 -31.8141 1.6
      vertex 59.7021 -31.7021 0
      vertex 59.5785 -31.8141 0
    endloop
  endfacet
  facet normal 0.904043 -0.427442 0
    outer loop
      vertex 56.9294 31.1506 1.6
      vertex 57.0007 31.3014 0
      vertex 57.0007 31.3014 1.6
    endloop
  endfacet
  facet normal 0.904043 -0.427442 0
    outer loop
      vertex 57.0007 31.3014 0
      vertex 56.9294 31.1506 1.6
      vertex 56.9294 31.1506 0
    endloop
  endfacet
  facet normal -0.989168 -0.146788 0
    outer loop
      vertex 60.1918 30.6666 0
      vertex 60.1673 30.8317 1.6
      vertex 60.1673 30.8317 0
    endloop
  endfacet
  facet normal -0.989168 -0.146788 0
    outer loop
      vertex 60.1673 30.8317 1.6
      vertex 60.1918 30.6666 0
      vertex 60.1918 30.6666 1.6
    endloop
  endfacet
  facet normal -0.998791 -0.0491602 0
    outer loop
      vertex 60.2 30.5 0
      vertex 60.1918 30.6666 1.6
      vertex 60.1918 30.6666 0
    endloop
  endfacet
  facet normal -0.998791 -0.0491602 0
    outer loop
      vertex 60.1918 30.6666 1.6
      vertex 60.2 30.5 0
      vertex 60.2 30.5 1.6
    endloop
  endfacet
  facet normal -0.970072 -0.242818 0
    outer loop
      vertex 60.1673 30.8317 0
      vertex 60.1268 30.9935 1.6
      vertex 60.1268 30.9935 0
    endloop
  endfacet
  facet normal -0.970072 -0.242818 0
    outer loop
      vertex 60.1268 30.9935 1.6
      vertex 60.1673 30.8317 0
      vertex 60.1673 30.8317 1.6
    endloop
  endfacet
  facet normal -0.146788 -0.989168 0
    outer loop
      vertex 58.6666 32.1918 0
      vertex 58.8317 32.1673 1.6
      vertex 58.6666 32.1918 1.6
    endloop
  endfacet
  facet normal -0.146788 -0.989168 -0
    outer loop
      vertex 58.8317 32.1673 1.6
      vertex 58.6666 32.1918 0
      vertex 58.8317 32.1673 0
    endloop
  endfacet
  facet normal 0.146788 -0.989168 0
    outer loop
      vertex 58.1683 32.1673 0
      vertex 58.3334 32.1918 1.6
      vertex 58.1683 32.1673 1.6
    endloop
  endfacet
  facet normal 0.146788 -0.989168 0
    outer loop
      vertex 58.3334 32.1918 1.6
      vertex 58.1683 32.1673 0
      vertex 58.3334 32.1918 0
    endloop
  endfacet
  facet normal -0.803154 -0.595772 0
    outer loop
      vertex 59.9135 31.4445 0
      vertex 59.8141 31.5785 1.6
      vertex 59.8141 31.5785 0
    endloop
  endfacet
  facet normal -0.803154 -0.595772 0
    outer loop
      vertex 59.8141 31.5785 1.6
      vertex 59.9135 31.4445 0
      vertex 59.9135 31.4445 1.6
    endloop
  endfacet
  facet normal -0.514231 0.857652 0
    outer loop
      vertex 59.4445 29.0865 0
      vertex 59.3014 29.0007 1.6
      vertex 59.4445 29.0865 1.6
    endloop
  endfacet
  facet normal -0.514231 0.857652 0
    outer loop
      vertex 59.3014 29.0007 1.6
      vertex 59.4445 29.0865 0
      vertex 59.3014 29.0007 0
    endloop
  endfacet
  facet normal -0.595772 -0.803154 0
    outer loop
      vertex 59.4445 31.9135 0
      vertex 59.5785 31.8141 1.6
      vertex 59.4445 31.9135 1.6
    endloop
  endfacet
  facet normal -0.595772 -0.803154 -0
    outer loop
      vertex 59.5785 31.8141 1.6
      vertex 59.4445 31.9135 0
      vertex 59.5785 31.8141 0
    endloop
  endfacet
  facet normal -0.998791 0.0491602 0
    outer loop
      vertex 60.1918 30.3334 0
      vertex 60.2 30.5 1.6
      vertex 60.2 30.5 0
    endloop
  endfacet
  facet normal -0.998791 0.0491602 0
    outer loop
      vertex 60.2 30.5 1.6
      vertex 60.1918 30.3334 0
      vertex 60.1918 30.3334 1.6
    endloop
  endfacet
  facet normal 0.242818 -0.970072 0
    outer loop
      vertex 58.0065 32.1268 0
      vertex 58.1683 32.1673 1.6
      vertex 58.0065 32.1268 1.6
    endloop
  endfacet
  facet normal 0.242818 -0.970072 0
    outer loop
      vertex 58.1683 32.1673 1.6
      vertex 58.0065 32.1268 0
      vertex 58.1683 32.1673 0
    endloop
  endfacet
  facet normal 0.803154 -0.595772 0
    outer loop
      vertex 57.0865 31.4445 1.6
      vertex 57.1859 31.5785 0
      vertex 57.1859 31.5785 1.6
    endloop
  endfacet
  facet normal 0.803154 -0.595772 0
    outer loop
      vertex 57.1859 31.5785 0
      vertex 57.0865 31.4445 1.6
      vertex 57.0865 31.4445 0
    endloop
  endfacet
  facet normal 0.427442 0.904043 -0
    outer loop
      vertex 57.8494 28.9294 0
      vertex 57.6986 29.0007 1.6
      vertex 57.8494 28.9294 1.6
    endloop
  endfacet
  facet normal 0.427442 0.904043 0
    outer loop
      vertex 57.6986 29.0007 1.6
      vertex 57.8494 28.9294 0
      vertex 57.6986 29.0007 0
    endloop
  endfacet
  facet normal -0.427442 -0.904043 0
    outer loop
      vertex 59.1506 32.0706 0
      vertex 59.3014 31.9993 1.6
      vertex 59.1506 32.0706 1.6
    endloop
  endfacet
  facet normal -0.427442 -0.904043 -0
    outer loop
      vertex 59.3014 31.9993 1.6
      vertex 59.1506 32.0706 0
      vertex 59.3014 31.9993 0
    endloop
  endfacet
  facet normal 0.989168 0.146788 0
    outer loop
      vertex 56.8327 30.1683 1.6
      vertex 56.8082 30.3334 0
      vertex 56.8082 30.3334 1.6
    endloop
  endfacet
  facet normal 0.989168 0.146788 0
    outer loop
      vertex 56.8082 30.3334 0
      vertex 56.8327 30.1683 1.6
      vertex 56.8327 30.1683 0
    endloop
  endfacet
  facet normal -0.671478 0.741024 0
    outer loop
      vertex 59.7021 29.2979 0
      vertex 59.5785 29.1859 1.6
      vertex 59.7021 29.2979 1.6
    endloop
  endfacet
  facet normal -0.671478 0.741024 0
    outer loop
      vertex 59.5785 29.1859 1.6
      vertex 59.7021 29.2979 0
      vertex 59.5785 29.1859 0
    endloop
  endfacet
  facet normal 0.427442 -0.904043 0
    outer loop
      vertex 57.6986 31.9993 0
      vertex 57.8494 32.0706 1.6
      vertex 57.6986 31.9993 1.6
    endloop
  endfacet
  facet normal 0.427442 -0.904043 0
    outer loop
      vertex 57.8494 32.0706 1.6
      vertex 57.6986 31.9993 0
      vertex 57.8494 32.0706 0
    endloop
  endfacet
  facet normal -0.970072 0.242818 0
    outer loop
      vertex 60.1268 30.0065 0
      vertex 60.1673 30.1683 1.6
      vertex 60.1673 30.1683 0
    endloop
  endfacet
  facet normal -0.970072 0.242818 0
    outer loop
      vertex 60.1673 30.1683 1.6
      vertex 60.1268 30.0065 0
      vertex 60.1268 30.0065 1.6
    endloop
  endfacet
  facet normal -0.242818 0.970072 0
    outer loop
      vertex 58.9935 28.8732 0
      vertex 58.8317 28.8327 1.6
      vertex 58.9935 28.8732 1.6
    endloop
  endfacet
  facet normal -0.242818 0.970072 0
    outer loop
      vertex 58.8317 28.8327 1.6
      vertex 58.9935 28.8732 0
      vertex 58.8317 28.8327 0
    endloop
  endfacet
  facet normal 0.989168 -0.146788 0
    outer loop
      vertex 56.8082 30.6666 1.6
      vertex 56.8327 30.8317 0
      vertex 56.8327 30.8317 1.6
    endloop
  endfacet
  facet normal 0.989168 -0.146788 0
    outer loop
      vertex 56.8327 30.8317 0
      vertex 56.8082 30.6666 1.6
      vertex 56.8082 30.6666 0
    endloop
  endfacet
  facet normal -0.941566 -0.33683 0
    outer loop
      vertex 60.1268 30.9935 0
      vertex 60.0706 31.1506 1.6
      vertex 60.0706 31.1506 0
    endloop
  endfacet
  facet normal -0.941566 -0.33683 0
    outer loop
      vertex 60.0706 31.1506 1.6
      vertex 60.1268 30.9935 0
      vertex 60.1268 30.9935 1.6
    endloop
  endfacet
  facet normal 0.514231 0.857652 -0
    outer loop
      vertex 57.6986 29.0007 0
      vertex 57.5555 29.0865 1.6
      vertex 57.6986 29.0007 1.6
    endloop
  endfacet
  facet normal 0.514231 0.857652 0
    outer loop
      vertex 57.5555 29.0865 1.6
      vertex 57.6986 29.0007 0
      vertex 57.5555 29.0865 0
    endloop
  endfacet
  facet normal 0.970072 -0.242818 0
    outer loop
      vertex 56.8327 30.8317 1.6
      vertex 56.8732 30.9935 0
      vertex 56.8732 30.9935 1.6
    endloop
  endfacet
  facet normal 0.970072 -0.242818 0
    outer loop
      vertex 56.8732 30.9935 0
      vertex 56.8327 30.8317 1.6
      vertex 56.8327 30.8317 0
    endloop
  endfacet
  facet normal -0.803154 0.595772 0
    outer loop
      vertex 59.8141 29.4215 0
      vertex 59.9135 29.5555 1.6
      vertex 59.9135 29.5555 0
    endloop
  endfacet
  facet normal -0.803154 0.595772 0
    outer loop
      vertex 59.9135 29.5555 1.6
      vertex 59.8141 29.4215 0
      vertex 59.8141 29.4215 1.6
    endloop
  endfacet
  facet normal 0.595772 0.803154 -0
    outer loop
      vertex 57.5555 29.0865 0
      vertex 57.4215 29.1859 1.6
      vertex 57.5555 29.0865 1.6
    endloop
  endfacet
  facet normal 0.595772 0.803154 0
    outer loop
      vertex 57.4215 29.1859 1.6
      vertex 57.5555 29.0865 0
      vertex 57.4215 29.1859 0
    endloop
  endfacet
  facet normal 0.33683 0.941566 -0
    outer loop
      vertex 58.0065 28.8732 0
      vertex 57.8494 28.9294 1.6
      vertex 58.0065 28.8732 1.6
    endloop
  endfacet
  facet normal 0.33683 0.941566 0
    outer loop
      vertex 57.8494 28.9294 1.6
      vertex 58.0065 28.8732 0
      vertex 57.8494 28.9294 0
    endloop
  endfacet
  facet normal -0.33683 -0.941566 0
    outer loop
      vertex 58.9935 32.1268 0
      vertex 59.1506 32.0706 1.6
      vertex 58.9935 32.1268 1.6
    endloop
  endfacet
  facet normal -0.33683 -0.941566 -0
    outer loop
      vertex 59.1506 32.0706 1.6
      vertex 58.9935 32.1268 0
      vertex 59.1506 32.0706 0
    endloop
  endfacet
  facet normal 0.741024 0.671478 0
    outer loop
      vertex 57.2979 29.2979 1.6
      vertex 57.1859 29.4215 0
      vertex 57.1859 29.4215 1.6
    endloop
  endfacet
  facet normal 0.741024 0.671478 0
    outer loop
      vertex 57.1859 29.4215 0
      vertex 57.2979 29.2979 1.6
      vertex 57.2979 29.2979 0
    endloop
  endfacet
  facet normal -0.514231 -0.857652 0
    outer loop
      vertex 59.3014 31.9993 0
      vertex 59.4445 31.9135 1.6
      vertex 59.3014 31.9993 1.6
    endloop
  endfacet
  facet normal -0.514231 -0.857652 -0
    outer loop
      vertex 59.4445 31.9135 1.6
      vertex 59.3014 31.9993 0
      vertex 59.4445 31.9135 0
    endloop
  endfacet
  facet normal 0.33683 -0.941566 0
    outer loop
      vertex 57.8494 32.0706 0
      vertex 58.0065 32.1268 1.6
      vertex 57.8494 32.0706 1.6
    endloop
  endfacet
  facet normal 0.33683 -0.941566 0
    outer loop
      vertex 58.0065 32.1268 1.6
      vertex 57.8494 32.0706 0
      vertex 58.0065 32.1268 0
    endloop
  endfacet
  facet normal 0.904043 0.427442 0
    outer loop
      vertex 57.0007 29.6986 1.6
      vertex 56.9294 29.8494 0
      vertex 56.9294 29.8494 1.6
    endloop
  endfacet
  facet normal 0.904043 0.427442 0
    outer loop
      vertex 56.9294 29.8494 0
      vertex 57.0007 29.6986 1.6
      vertex 57.0007 29.6986 0
    endloop
  endfacet
  facet normal 0.941566 0.33683 0
    outer loop
      vertex 56.9294 29.8494 1.6
      vertex 56.8732 30.0065 0
      vertex 56.8732 30.0065 1.6
    endloop
  endfacet
  facet normal 0.941566 0.33683 0
    outer loop
      vertex 56.8732 30.0065 0
      vertex 56.9294 29.8494 1.6
      vertex 56.9294 29.8494 0
    endloop
  endfacet
  facet normal -0.904043 -0.427442 0
    outer loop
      vertex 60.0706 31.1506 0
      vertex 59.9993 31.3014 1.6
      vertex 59.9993 31.3014 0
    endloop
  endfacet
  facet normal -0.904043 -0.427442 0
    outer loop
      vertex 59.9993 31.3014 1.6
      vertex 60.0706 31.1506 0
      vertex 60.0706 31.1506 1.6
    endloop
  endfacet
  facet normal 0.970072 0.242818 0
    outer loop
      vertex 56.8732 30.0065 1.6
      vertex 56.8327 30.1683 0
      vertex 56.8327 30.1683 1.6
    endloop
  endfacet
  facet normal 0.970072 0.242818 0
    outer loop
      vertex 56.8327 30.1683 0
      vertex 56.8732 30.0065 1.6
      vertex 56.8732 30.0065 0
    endloop
  endfacet
  facet normal 0.595772 -0.803154 0
    outer loop
      vertex 57.4215 31.8141 0
      vertex 57.5555 31.9135 1.6
      vertex 57.4215 31.8141 1.6
    endloop
  endfacet
  facet normal 0.595772 -0.803154 0
    outer loop
      vertex 57.5555 31.9135 1.6
      vertex 57.4215 31.8141 0
      vertex 57.5555 31.9135 0
    endloop
  endfacet
  facet normal 0.146788 0.989168 -0
    outer loop
      vertex 58.3334 28.8082 0
      vertex 58.1683 28.8327 1.6
      vertex 58.3334 28.8082 1.6
    endloop
  endfacet
  facet normal 0.146788 0.989168 0
    outer loop
      vertex 58.1683 28.8327 1.6
      vertex 58.3334 28.8082 0
      vertex 58.1683 28.8327 0
    endloop
  endfacet
  facet normal -0.741024 0.671478 0
    outer loop
      vertex 59.7021 29.2979 0
      vertex 59.8141 29.4215 1.6
      vertex 59.8141 29.4215 0
    endloop
  endfacet
  facet normal -0.741024 0.671478 0
    outer loop
      vertex 59.8141 29.4215 1.6
      vertex 59.7021 29.2979 0
      vertex 59.7021 29.2979 1.6
    endloop
  endfacet
  facet normal -0.146788 0.989168 0
    outer loop
      vertex 58.8317 28.8327 0
      vertex 58.6666 28.8082 1.6
      vertex 58.8317 28.8327 1.6
    endloop
  endfacet
  facet normal -0.146788 0.989168 0
    outer loop
      vertex 58.6666 28.8082 1.6
      vertex 58.8317 28.8327 0
      vertex 58.6666 28.8082 0
    endloop
  endfacet
  facet normal 0.514231 -0.857652 0
    outer loop
      vertex 57.5555 31.9135 0
      vertex 57.6986 31.9993 1.6
      vertex 57.5555 31.9135 1.6
    endloop
  endfacet
  facet normal 0.514231 -0.857652 0
    outer loop
      vertex 57.6986 31.9993 1.6
      vertex 57.5555 31.9135 0
      vertex 57.6986 31.9993 0
    endloop
  endfacet
  facet normal -0.0491602 -0.998791 0
    outer loop
      vertex 58.5 32.2 0
      vertex 58.6666 32.1918 1.6
      vertex 58.5 32.2 1.6
    endloop
  endfacet
  facet normal -0.0491602 -0.998791 -0
    outer loop
      vertex 58.6666 32.1918 1.6
      vertex 58.5 32.2 0
      vertex 58.6666 32.1918 0
    endloop
  endfacet
  facet normal 0.857652 0.514231 0
    outer loop
      vertex 57.0865 29.5555 1.6
      vertex 57.0007 29.6986 0
      vertex 57.0007 29.6986 1.6
    endloop
  endfacet
  facet normal 0.857652 0.514231 0
    outer loop
      vertex 57.0007 29.6986 0
      vertex 57.0865 29.5555 1.6
      vertex 57.0865 29.5555 0
    endloop
  endfacet
  facet normal -0.242818 -0.970072 0
    outer loop
      vertex 58.8317 32.1673 0
      vertex 58.9935 32.1268 1.6
      vertex 58.8317 32.1673 1.6
    endloop
  endfacet
  facet normal -0.242818 -0.970072 -0
    outer loop
      vertex 58.9935 32.1268 1.6
      vertex 58.8317 32.1673 0
      vertex 58.9935 32.1268 0
    endloop
  endfacet
  facet normal 0.941566 -0.33683 0
    outer loop
      vertex 56.8732 30.9935 1.6
      vertex 56.9294 31.1506 0
      vertex 56.9294 31.1506 1.6
    endloop
  endfacet
  facet normal 0.941566 -0.33683 0
    outer loop
      vertex 56.9294 31.1506 0
      vertex 56.8732 30.9935 1.6
      vertex 56.8732 30.9935 0
    endloop
  endfacet
  facet normal -0.671478 -0.741024 0
    outer loop
      vertex 59.5785 31.8141 0
      vertex 59.7021 31.7021 1.6
      vertex 59.5785 31.8141 1.6
    endloop
  endfacet
  facet normal -0.671478 -0.741024 -0
    outer loop
      vertex 59.7021 31.7021 1.6
      vertex 59.5785 31.8141 0
      vertex 59.7021 31.7021 0
    endloop
  endfacet
  facet normal 0.0491602 -0.998791 0
    outer loop
      vertex 58.3334 32.1918 0
      vertex 58.5 32.2 1.6
      vertex 58.3334 32.1918 1.6
    endloop
  endfacet
  facet normal 0.0491602 -0.998791 0
    outer loop
      vertex 58.5 32.2 1.6
      vertex 58.3334 32.1918 0
      vertex 58.5 32.2 0
    endloop
  endfacet
  facet normal -0.427442 0.904043 0
    outer loop
      vertex 59.3014 29.0007 0
      vertex 59.1506 28.9294 1.6
      vertex 59.3014 29.0007 1.6
    endloop
  endfacet
  facet normal -0.427442 0.904043 0
    outer loop
      vertex 59.1506 28.9294 1.6
      vertex 59.3014 29.0007 0
      vertex 59.1506 28.9294 0
    endloop
  endfacet
  facet normal -0.989168 0.146788 0
    outer loop
      vertex 60.1673 30.1683 0
      vertex 60.1918 30.3334 1.6
      vertex 60.1918 30.3334 0
    endloop
  endfacet
  facet normal -0.989168 0.146788 0
    outer loop
      vertex 60.1918 30.3334 1.6
      vertex 60.1673 30.1683 0
      vertex 60.1673 30.1683 1.6
    endloop
  endfacet
  facet normal -0.857652 -0.514231 0
    outer loop
      vertex 59.9993 31.3014 0
      vertex 59.9135 31.4445 1.6
      vertex 59.9135 31.4445 0
    endloop
  endfacet
  facet normal -0.857652 -0.514231 0
    outer loop
      vertex 59.9135 31.4445 1.6
      vertex 59.9993 31.3014 0
      vertex 59.9993 31.3014 1.6
    endloop
  endfacet
  facet normal 0.0491602 0.998791 -0
    outer loop
      vertex 58.5 28.8 0
      vertex 58.3334 28.8082 1.6
      vertex 58.5 28.8 1.6
    endloop
  endfacet
  facet normal 0.0491602 0.998791 0
    outer loop
      vertex 58.3334 28.8082 1.6
      vertex 58.5 28.8 0
      vertex 58.3334 28.8082 0
    endloop
  endfacet
  facet normal 0.671478 -0.741024 0
    outer loop
      vertex 57.2979 31.7021 0
      vertex 57.4215 31.8141 1.6
      vertex 57.2979 31.7021 1.6
    endloop
  endfacet
  facet normal 0.671478 -0.741024 0
    outer loop
      vertex 57.4215 31.8141 1.6
      vertex 57.2979 31.7021 0
      vertex 57.4215 31.8141 0
    endloop
  endfacet
  facet normal 0.741024 -0.671478 0
    outer loop
      vertex 57.1859 31.5785 1.6
      vertex 57.2979 31.7021 0
      vertex 57.2979 31.7021 1.6
    endloop
  endfacet
  facet normal 0.741024 -0.671478 0
    outer loop
      vertex 57.2979 31.7021 0
      vertex 57.1859 31.5785 1.6
      vertex 57.1859 31.5785 0
    endloop
  endfacet
  facet normal -0.904043 0.427442 0
    outer loop
      vertex 59.9993 29.6986 0
      vertex 60.0706 29.8494 1.6
      vertex 60.0706 29.8494 0
    endloop
  endfacet
  facet normal -0.904043 0.427442 0
    outer loop
      vertex 60.0706 29.8494 1.6
      vertex 59.9993 29.6986 0
      vertex 59.9993 29.6986 1.6
    endloop
  endfacet
  facet normal -0.0491602 0.998791 0
    outer loop
      vertex 58.6666 28.8082 0
      vertex 58.5 28.8 1.6
      vertex 58.6666 28.8082 1.6
    endloop
  endfacet
  facet normal -0.0491602 0.998791 0
    outer loop
      vertex 58.5 28.8 1.6
      vertex 58.6666 28.8082 0
      vertex 58.5 28.8 0
    endloop
  endfacet
  facet normal 0.671478 0.741024 -0
    outer loop
      vertex 57.4215 29.1859 0
      vertex 57.2979 29.2979 1.6
      vertex 57.4215 29.1859 1.6
    endloop
  endfacet
  facet normal 0.671478 0.741024 0
    outer loop
      vertex 57.2979 29.2979 1.6
      vertex 57.4215 29.1859 0
      vertex 57.2979 29.2979 0
    endloop
  endfacet
  facet normal -0.941566 0.33683 0
    outer loop
      vertex 60.0706 29.8494 0
      vertex 60.1268 30.0065 1.6
      vertex 60.1268 30.0065 0
    endloop
  endfacet
  facet normal -0.941566 0.33683 0
    outer loop
      vertex 60.1268 30.0065 1.6
      vertex 60.0706 29.8494 0
      vertex 60.0706 29.8494 1.6
    endloop
  endfacet
  facet normal -0.741024 -0.671478 0
    outer loop
      vertex 59.8141 31.5785 0
      vertex 59.7021 31.7021 1.6
      vertex 59.7021 31.7021 0
    endloop
  endfacet
  facet normal -0.741024 -0.671478 0
    outer loop
      vertex 59.7021 31.7021 1.6
      vertex 59.8141 31.5785 0
      vertex 59.8141 31.5785 1.6
    endloop
  endfacet
  facet normal 0.242818 0.970072 -0
    outer loop
      vertex 58.1683 28.8327 0
      vertex 58.0065 28.8732 1.6
      vertex 58.1683 28.8327 1.6
    endloop
  endfacet
  facet normal 0.242818 0.970072 0
    outer loop
      vertex 58.0065 28.8732 1.6
      vertex 58.1683 28.8327 0
      vertex 58.0065 28.8732 0
    endloop
  endfacet
  facet normal -0.595772 0.803154 0
    outer loop
      vertex 59.5785 29.1859 0
      vertex 59.4445 29.0865 1.6
      vertex 59.5785 29.1859 1.6
    endloop
  endfacet
  facet normal -0.595772 0.803154 0
    outer loop
      vertex 59.4445 29.0865 1.6
      vertex 59.5785 29.1859 0
      vertex 59.4445 29.0865 0
    endloop
  endfacet
  facet normal -0.857652 0.514231 0
    outer loop
      vertex 59.9135 29.5555 0
      vertex 59.9993 29.6986 1.6
      vertex 59.9993 29.6986 0
    endloop
  endfacet
  facet normal -0.857652 0.514231 0
    outer loop
      vertex 59.9993 29.6986 1.6
      vertex 59.9135 29.5555 0
      vertex 59.9135 29.5555 1.6
    endloop
  endfacet
  facet normal 0.803154 0.595772 0
    outer loop
      vertex 57.1859 29.4215 1.6
      vertex 57.0865 29.5555 0
      vertex 57.0865 29.5555 1.6
    endloop
  endfacet
  facet normal 0.803154 0.595772 0
    outer loop
      vertex 57.0865 29.5555 0
      vertex 57.1859 29.4215 1.6
      vertex 57.1859 29.4215 0
    endloop
  endfacet
  facet normal 0.857652 -0.514231 0
    outer loop
      vertex 57.0007 31.3014 1.6
      vertex 57.0865 31.4445 0
      vertex 57.0865 31.4445 1.6
    endloop
  endfacet
  facet normal 0.857652 -0.514231 0
    outer loop
      vertex 57.0865 31.4445 0
      vertex 57.0007 31.3014 1.6
      vertex 57.0007 31.3014 0
    endloop
  endfacet
  facet normal -0.33683 0.941566 0
    outer loop
      vertex 59.1506 28.9294 0
      vertex 58.9935 28.8732 1.6
      vertex 59.1506 28.9294 1.6
    endloop
  endfacet
  facet normal -0.33683 0.941566 0
    outer loop
      vertex 58.9935 28.8732 1.6
      vertex 59.1506 28.9294 0
      vertex 58.9935 28.8732 0
    endloop
  endfacet
  facet normal 0.998791 -0.0491602 0
    outer loop
      vertex 56.8 30.5 1.6
      vertex 56.8082 30.6666 0
      vertex 56.8082 30.6666 1.6
    endloop
  endfacet
  facet normal 0.998791 -0.0491602 0
    outer loop
      vertex 56.8082 30.6666 0
      vertex 56.8 30.5 1.6
      vertex 56.8 30.5 0
    endloop
  endfacet
  facet normal 0.998791 0.0491602 0
    outer loop
      vertex 56.8082 30.3334 1.6
      vertex 56.8 30.5 0
      vertex 56.8 30.5 1.6
    endloop
  endfacet
  facet normal 0.998791 0.0491602 0
    outer loop
      vertex 56.8 30.5 0
      vertex 56.8082 30.3334 1.6
      vertex 56.8082 30.3334 0
    endloop
  endfacet
endsolid OpenSCAD_Model
