solid OpenSCAD_Model
  facet normal -0.989168 0.146788 0
    outer loop
      vertex -56.8327 30.1683 -2.4
      vertex -56.8082 30.3334 0
      vertex -56.8082 30.3334 -2.4
    endloop
  endfacet
  facet normal -0.989168 0.146788 0
    outer loop
      vertex -56.8082 30.3334 0
      vertex -56.8327 30.1683 -2.4
      vertex -56.8327 30.1683 0
    endloop
  endfacet
  facet normal -0.998791 0.0491602 0
    outer loop
      vertex -56.8082 30.3334 -2.4
      vertex -56.8 30.5 0
      vertex -56.8 30.5 -2.4
    endloop
  endfacet
  facet normal -0.998791 0.0491602 0
    outer loop
      vertex -56.8 30.5 0
      vertex -56.8082 30.3334 -2.4
      vertex -56.8082 30.3334 0
    endloop
  endfacet
  facet normal -0.970072 0.242818 0
    outer loop
      vertex -56.8732 30.0065 -2.4
      vertex -56.8327 30.1683 0
      vertex -56.8327 30.1683 -2.4
    endloop
  endfacet
  facet normal -0.970072 0.242818 0
    outer loop
      vertex -56.8327 30.1683 0
      vertex -56.8732 30.0065 -2.4
      vertex -56.8732 30.0065 0
    endloop
  endfacet
  facet normal -0.427442 -0.904043 0
    outer loop
      vertex -57.8494 32.0706 -2.4
      vertex -57.6986 31.9993 0
      vertex -57.8494 32.0706 0
    endloop
  endfacet
  facet normal -0.427442 -0.904043 -0
    outer loop
      vertex -57.6986 31.9993 0
      vertex -57.8494 32.0706 -2.4
      vertex -57.6986 31.9993 -2.4
    endloop
  endfacet
  facet normal 0.0491602 0.998791 -0
    outer loop
      vertex -58.5 28.8 -2.4
      vertex -58.6666 28.8082 0
      vertex -58.5 28.8 0
    endloop
  endfacet
  facet normal 0.0491602 0.998791 0
    outer loop
      vertex -58.6666 28.8082 0
      vertex -58.5 28.8 -2.4
      vertex -58.6666 28.8082 -2.4
    endloop
  endfacet
  facet normal 0.427442 0.904043 -0
    outer loop
      vertex -59.1506 28.9294 -2.4
      vertex -59.3014 29.0007 0
      vertex -59.1506 28.9294 0
    endloop
  endfacet
  facet normal 0.427442 0.904043 0
    outer loop
      vertex -59.3014 29.0007 0
      vertex -59.1506 28.9294 -2.4
      vertex -59.3014 29.0007 -2.4
    endloop
  endfacet
  facet normal -0.741024 0.671478 0
    outer loop
      vertex -57.2979 29.2979 -2.4
      vertex -57.1859 29.4215 0
      vertex -57.1859 29.4215 -2.4
    endloop
  endfacet
  facet normal -0.741024 0.671478 0
    outer loop
      vertex -57.1859 29.4215 0
      vertex -57.2979 29.2979 -2.4
      vertex -57.2979 29.2979 0
    endloop
  endfacet
  facet normal 0.146788 -0.989168 0
    outer loop
      vertex -58.8317 32.1673 -2.4
      vertex -58.6666 32.1918 0
      vertex -58.8317 32.1673 0
    endloop
  endfacet
  facet normal 0.146788 -0.989168 0
    outer loop
      vertex -58.6666 32.1918 0
      vertex -58.8317 32.1673 -2.4
      vertex -58.6666 32.1918 -2.4
    endloop
  endfacet
  facet normal -0.427442 0.904043 0
    outer loop
      vertex -57.6986 29.0007 -2.4
      vertex -57.8494 28.9294 0
      vertex -57.6986 29.0007 0
    endloop
  endfacet
  facet normal -0.427442 0.904043 0
    outer loop
      vertex -57.8494 28.9294 0
      vertex -57.6986 29.0007 -2.4
      vertex -57.8494 28.9294 -2.4
    endloop
  endfacet
  facet normal 0.146788 0.989168 -0
    outer loop
      vertex -58.6666 28.8082 -2.4
      vertex -58.8317 28.8327 0
      vertex -58.6666 28.8082 0
    endloop
  endfacet
  facet normal 0.146788 0.989168 0
    outer loop
      vertex -58.8317 28.8327 0
      vertex -58.6666 28.8082 -2.4
      vertex -58.8317 28.8327 -2.4
    endloop
  endfacet
  facet normal -0.242818 -0.970072 0
    outer loop
      vertex -58.1683 32.1673 -2.4
      vertex -58.0065 32.1268 0
      vertex -58.1683 32.1673 0
    endloop
  endfacet
  facet normal -0.242818 -0.970072 -0
    outer loop
      vertex -58.0065 32.1268 0
      vertex -58.1683 32.1673 -2.4
      vertex -58.0065 32.1268 -2.4
    endloop
  endfacet
  facet normal 0.595772 0.803154 -0
    outer loop
      vertex -59.4445 29.0865 -2.4
      vertex -59.5785 29.1859 0
      vertex -59.4445 29.0865 0
    endloop
  endfacet
  facet normal 0.595772 0.803154 0
    outer loop
      vertex -59.5785 29.1859 0
      vertex -59.4445 29.0865 -2.4
      vertex -59.5785 29.1859 -2.4
    endloop
  endfacet
  facet normal 0.904043 0.427442 0
    outer loop
      vertex -59.9993 29.6986 0
      vertex -60.0706 29.8494 -2.4
      vertex -60.0706 29.8494 0
    endloop
  endfacet
  facet normal 0.904043 0.427442 0
    outer loop
      vertex -60.0706 29.8494 -2.4
      vertex -59.9993 29.6986 0
      vertex -59.9993 29.6986 -2.4
    endloop
  endfacet
  facet normal 0.427442 -0.904043 0
    outer loop
      vertex -59.3014 31.9993 -2.4
      vertex -59.1506 32.0706 0
      vertex -59.3014 31.9993 0
    endloop
  endfacet
  facet normal 0.427442 -0.904043 0
    outer loop
      vertex -59.1506 32.0706 0
      vertex -59.3014 31.9993 -2.4
      vertex -59.1506 32.0706 -2.4
    endloop
  endfacet
  facet normal -0.33683 -0.941566 0
    outer loop
      vertex -58.0065 32.1268 -2.4
      vertex -57.8494 32.0706 0
      vertex -58.0065 32.1268 0
    endloop
  endfacet
  facet normal -0.33683 -0.941566 -0
    outer loop
      vertex -57.8494 32.0706 0
      vertex -58.0065 32.1268 -2.4
      vertex -57.8494 32.0706 -2.4
    endloop
  endfacet
  facet normal 0.595772 -0.803154 0
    outer loop
      vertex -59.5785 31.8141 -2.4
      vertex -59.4445 31.9135 0
      vertex -59.5785 31.8141 0
    endloop
  endfacet
  facet normal 0.595772 -0.803154 0
    outer loop
      vertex -59.4445 31.9135 0
      vertex -59.5785 31.8141 -2.4
      vertex -59.4445 31.9135 -2.4
    endloop
  endfacet
  facet normal 0.904043 -0.427442 0
    outer loop
      vertex -60.0706 31.1506 0
      vertex -59.9993 31.3014 -2.4
      vertex -59.9993 31.3014 0
    endloop
  endfacet
  facet normal 0.904043 -0.427442 0
    outer loop
      vertex -59.9993 31.3014 -2.4
      vertex -60.0706 31.1506 0
      vertex -60.0706 31.1506 -2.4
    endloop
  endfacet
  facet normal -0.514231 0.857652 0
    outer loop
      vertex -57.5555 29.0865 -2.4
      vertex -57.6986 29.0007 0
      vertex -57.5555 29.0865 0
    endloop
  endfacet
  facet normal -0.514231 0.857652 0
    outer loop
      vertex -57.6986 29.0007 0
      vertex -57.5555 29.0865 -2.4
      vertex -57.6986 29.0007 -2.4
    endloop
  endfacet
  facet normal 0.998791 -0.0491602 0
    outer loop
      vertex -60.2 30.5 0
      vertex -60.1918 30.6666 -2.4
      vertex -60.1918 30.6666 0
    endloop
  endfacet
  facet normal 0.998791 -0.0491602 0
    outer loop
      vertex -60.1918 30.6666 -2.4
      vertex -60.2 30.5 0
      vertex -60.2 30.5 -2.4
    endloop
  endfacet
  facet normal 0.33683 -0.941566 0
    outer loop
      vertex -59.1506 32.0706 -2.4
      vertex -58.9935 32.1268 0
      vertex -59.1506 32.0706 0
    endloop
  endfacet
  facet normal 0.33683 -0.941566 0
    outer loop
      vertex -58.9935 32.1268 0
      vertex -59.1506 32.0706 -2.4
      vertex -58.9935 32.1268 -2.4
    endloop
  endfacet
  facet normal -0.595772 0.803154 0
    outer loop
      vertex -57.4215 29.1859 -2.4
      vertex -57.5555 29.0865 0
      vertex -57.4215 29.1859 0
    endloop
  endfacet
  facet normal -0.595772 0.803154 0
    outer loop
      vertex -57.5555 29.0865 0
      vertex -57.4215 29.1859 -2.4
      vertex -57.5555 29.0865 -2.4
    endloop
  endfacet
  facet normal -0.970072 -0.242818 0
    outer loop
      vertex -56.8327 30.8317 -2.4
      vertex -56.8732 30.9935 0
      vertex -56.8732 30.9935 -2.4
    endloop
  endfacet
  facet normal -0.970072 -0.242818 0
    outer loop
      vertex -56.8732 30.9935 0
      vertex -56.8327 30.8317 -2.4
      vertex -56.8327 30.8317 0
    endloop
  endfacet
  facet normal 0.514231 0.857652 -0
    outer loop
      vertex -59.3014 29.0007 -2.4
      vertex -59.4445 29.0865 0
      vertex -59.3014 29.0007 0
    endloop
  endfacet
  facet normal 0.514231 0.857652 0
    outer loop
      vertex -59.4445 29.0865 0
      vertex -59.3014 29.0007 -2.4
      vertex -59.4445 29.0865 -2.4
    endloop
  endfacet
  facet normal 0.941566 -0.33683 0
    outer loop
      vertex -60.1268 30.9935 0
      vertex -60.0706 31.1506 -2.4
      vertex -60.0706 31.1506 0
    endloop
  endfacet
  facet normal 0.941566 -0.33683 0
    outer loop
      vertex -60.0706 31.1506 -2.4
      vertex -60.1268 30.9935 0
      vertex -60.1268 30.9935 -2.4
    endloop
  endfacet
  facet normal -0.242818 0.970072 0
    outer loop
      vertex -58.0065 28.8732 -2.4
      vertex -58.1683 28.8327 0
      vertex -58.0065 28.8732 0
    endloop
  endfacet
  facet normal -0.242818 0.970072 0
    outer loop
      vertex -58.1683 28.8327 0
      vertex -58.0065 28.8732 -2.4
      vertex -58.1683 28.8327 -2.4
    endloop
  endfacet
  facet normal 0.741024 0.671478 0
    outer loop
      vertex -59.7021 29.2979 0
      vertex -59.8141 29.4215 -2.4
      vertex -59.8141 29.4215 0
    endloop
  endfacet
  facet normal 0.741024 0.671478 0
    outer loop
      vertex -59.8141 29.4215 -2.4
      vertex -59.7021 29.2979 0
      vertex -59.7021 29.2979 -2.4
    endloop
  endfacet
  facet normal -0.0491602 -0.998791 0
    outer loop
      vertex -58.5 32.2 -2.4
      vertex -58.3334 32.1918 0
      vertex -58.5 32.2 0
    endloop
  endfacet
  facet normal -0.0491602 -0.998791 -0
    outer loop
      vertex -58.3334 32.1918 0
      vertex -58.5 32.2 -2.4
      vertex -58.3334 32.1918 -2.4
    endloop
  endfacet
  facet normal -0.803154 0.595772 0
    outer loop
      vertex -57.1859 29.4215 -2.4
      vertex -57.0865 29.5555 0
      vertex -57.0865 29.5555 -2.4
    endloop
  endfacet
  facet normal -0.803154 0.595772 0
    outer loop
      vertex -57.0865 29.5555 0
      vertex -57.1859 29.4215 -2.4
      vertex -57.1859 29.4215 0
    endloop
  endfacet
  facet normal 0.970072 -0.242818 0
    outer loop
      vertex -60.1673 30.8317 0
      vertex -60.1268 30.9935 -2.4
      vertex -60.1268 30.9935 0
    endloop
  endfacet
  facet normal 0.970072 -0.242818 0
    outer loop
      vertex -60.1268 30.9935 -2.4
      vertex -60.1673 30.8317 0
      vertex -60.1673 30.8317 -2.4
    endloop
  endfacet
  facet normal -0.989168 -0.146788 0
    outer loop
      vertex -56.8082 30.6666 -2.4
      vertex -56.8327 30.8317 0
      vertex -56.8327 30.8317 -2.4
    endloop
  endfacet
  facet normal -0.989168 -0.146788 0
    outer loop
      vertex -56.8327 30.8317 0
      vertex -56.8082 30.6666 -2.4
      vertex -56.8082 30.6666 0
    endloop
  endfacet
  facet normal -0.514231 -0.857652 0
    outer loop
      vertex -57.6986 31.9993 -2.4
      vertex -57.5555 31.9135 0
      vertex -57.6986 31.9993 0
    endloop
  endfacet
  facet normal -0.514231 -0.857652 -0
    outer loop
      vertex -57.5555 31.9135 0
      vertex -57.6986 31.9993 -2.4
      vertex -57.5555 31.9135 -2.4
    endloop
  endfacet
  facet normal 0.941566 0.33683 0
    outer loop
      vertex -60.0706 29.8494 0
      vertex -60.1268 30.0065 -2.4
      vertex -60.1268 30.0065 0
    endloop
  endfacet
  facet normal 0.941566 0.33683 0
    outer loop
      vertex -60.1268 30.0065 -2.4
      vertex -60.0706 29.8494 0
      vertex -60.0706 29.8494 -2.4
    endloop
  endfacet
  facet normal -0.671478 0.741024 0
    outer loop
      vertex -57.2979 29.2979 -2.4
      vertex -57.4215 29.1859 0
      vertex -57.2979 29.2979 0
    endloop
  endfacet
  facet normal -0.671478 0.741024 0
    outer loop
      vertex -57.4215 29.1859 0
      vertex -57.2979 29.2979 -2.4
      vertex -57.4215 29.1859 -2.4
    endloop
  endfacet
  facet normal 0.989168 0.146788 0
    outer loop
      vertex -60.1673 30.1683 0
      vertex -60.1918 30.3334 -2.4
      vertex -60.1918 30.3334 0
    endloop
  endfacet
  facet normal 0.989168 0.146788 0
    outer loop
      vertex -60.1918 30.3334 -2.4
      vertex -60.1673 30.1683 0
      vertex -60.1673 30.1683 -2.4
    endloop
  endfacet
  facet normal -0.904043 -0.427442 0
    outer loop
      vertex -56.9294 31.1506 -2.4
      vertex -57.0007 31.3014 0
      vertex -57.0007 31.3014 -2.4
    endloop
  endfacet
  facet normal -0.904043 -0.427442 0
    outer loop
      vertex -57.0007 31.3014 0
      vertex -56.9294 31.1506 -2.4
      vertex -56.9294 31.1506 0
    endloop
  endfacet
  facet normal -0.998791 -0.0491602 0
    outer loop
      vertex -56.8 30.5 -2.4
      vertex -56.8082 30.6666 0
      vertex -56.8082 30.6666 -2.4
    endloop
  endfacet
  facet normal -0.998791 -0.0491602 0
    outer loop
      vertex -56.8082 30.6666 0
      vertex -56.8 30.5 -2.4
      vertex -56.8 30.5 0
    endloop
  endfacet
  facet normal -0.146788 -0.989168 0
    outer loop
      vertex -58.3334 32.1918 -2.4
      vertex -58.1683 32.1673 0
      vertex -58.3334 32.1918 0
    endloop
  endfacet
  facet normal -0.146788 -0.989168 -0
    outer loop
      vertex -58.1683 32.1673 0
      vertex -58.3334 32.1918 -2.4
      vertex -58.1683 32.1673 -2.4
    endloop
  endfacet
  facet normal -0.941566 0.33683 0
    outer loop
      vertex -56.9294 29.8494 -2.4
      vertex -56.8732 30.0065 0
      vertex -56.8732 30.0065 -2.4
    endloop
  endfacet
  facet normal -0.941566 0.33683 0
    outer loop
      vertex -56.8732 30.0065 0
      vertex -56.9294 29.8494 -2.4
      vertex -56.9294 29.8494 0
    endloop
  endfacet
  facet normal -0.803154 -0.595772 0
    outer loop
      vertex -57.0865 31.4445 -2.4
      vertex -57.1859 31.5785 0
      vertex -57.1859 31.5785 -2.4
    endloop
  endfacet
  facet normal -0.803154 -0.595772 0
    outer loop
      vertex -57.1859 31.5785 0
      vertex -57.0865 31.4445 -2.4
      vertex -57.0865 31.4445 0
    endloop
  endfacet
  facet normal -0.857652 -0.514231 0
    outer loop
      vertex -57.0007 31.3014 -2.4
      vertex -57.0865 31.4445 0
      vertex -57.0865 31.4445 -2.4
    endloop
  endfacet
  facet normal -0.857652 -0.514231 0
    outer loop
      vertex -57.0865 31.4445 0
      vertex -57.0007 31.3014 -2.4
      vertex -57.0007 31.3014 0
    endloop
  endfacet
  facet normal 0.242818 0.970072 -0
    outer loop
      vertex -58.8317 28.8327 -2.4
      vertex -58.9935 28.8732 0
      vertex -58.8317 28.8327 0
    endloop
  endfacet
  facet normal 0.242818 0.970072 0
    outer loop
      vertex -58.9935 28.8732 0
      vertex -58.8317 28.8327 -2.4
      vertex -58.9935 28.8732 -2.4
    endloop
  endfacet
  facet normal -0.941566 -0.33683 0
    outer loop
      vertex -56.8732 30.9935 -2.4
      vertex -56.9294 31.1506 0
      vertex -56.9294 31.1506 -2.4
    endloop
  endfacet
  facet normal -0.941566 -0.33683 0
    outer loop
      vertex -56.9294 31.1506 0
      vertex -56.8732 30.9935 -2.4
      vertex -56.8732 30.9935 0
    endloop
  endfacet
  facet normal -0.0491602 0.998791 0
    outer loop
      vertex -58.3334 28.8082 -2.4
      vertex -58.5 28.8 0
      vertex -58.3334 28.8082 0
    endloop
  endfacet
  facet normal -0.0491602 0.998791 0
    outer loop
      vertex -58.5 28.8 0
      vertex -58.3334 28.8082 -2.4
      vertex -58.5 28.8 -2.4
    endloop
  endfacet
  facet normal -0.904043 0.427442 0
    outer loop
      vertex -57.0007 29.6986 -2.4
      vertex -56.9294 29.8494 0
      vertex -56.9294 29.8494 -2.4
    endloop
  endfacet
  facet normal -0.904043 0.427442 0
    outer loop
      vertex -56.9294 29.8494 0
      vertex -57.0007 29.6986 -2.4
      vertex -57.0007 29.6986 0
    endloop
  endfacet
  facet normal -0.146788 0.989168 0
    outer loop
      vertex -58.1683 28.8327 -2.4
      vertex -58.3334 28.8082 0
      vertex -58.1683 28.8327 0
    endloop
  endfacet
  facet normal -0.146788 0.989168 0
    outer loop
      vertex -58.3334 28.8082 0
      vertex -58.1683 28.8327 -2.4
      vertex -58.3334 28.8082 -2.4
    endloop
  endfacet
  facet normal 0.242818 -0.970072 0
    outer loop
      vertex -58.9935 32.1268 -2.4
      vertex -58.8317 32.1673 0
      vertex -58.9935 32.1268 0
    endloop
  endfacet
  facet normal 0.242818 -0.970072 0
    outer loop
      vertex -58.8317 32.1673 0
      vertex -58.9935 32.1268 -2.4
      vertex -58.8317 32.1673 -2.4
    endloop
  endfacet
  facet normal 0.857652 -0.514231 0
    outer loop
      vertex -59.9993 31.3014 0
      vertex -59.9135 31.4445 -2.4
      vertex -59.9135 31.4445 0
    endloop
  endfacet
  facet normal 0.857652 -0.514231 0
    outer loop
      vertex -59.9135 31.4445 -2.4
      vertex -59.9993 31.3014 0
      vertex -59.9993 31.3014 -2.4
    endloop
  endfacet
  facet normal -0.857652 0.514231 0
    outer loop
      vertex -57.0865 29.5555 -2.4
      vertex -57.0007 29.6986 0
      vertex -57.0007 29.6986 -2.4
    endloop
  endfacet
  facet normal -0.857652 0.514231 0
    outer loop
      vertex -57.0007 29.6986 0
      vertex -57.0865 29.5555 -2.4
      vertex -57.0865 29.5555 0
    endloop
  endfacet
  facet normal 0.33683 0.941566 -0
    outer loop
      vertex -58.9935 28.8732 -2.4
      vertex -59.1506 28.9294 0
      vertex -58.9935 28.8732 0
    endloop
  endfacet
  facet normal 0.33683 0.941566 0
    outer loop
      vertex -59.1506 28.9294 0
      vertex -58.9935 28.8732 -2.4
      vertex -59.1506 28.9294 -2.4
    endloop
  endfacet
  facet normal 0.741024 -0.671478 0
    outer loop
      vertex -59.8141 31.5785 0
      vertex -59.7021 31.7021 -2.4
      vertex -59.7021 31.7021 0
    endloop
  endfacet
  facet normal 0.741024 -0.671478 0
    outer loop
      vertex -59.7021 31.7021 -2.4
      vertex -59.8141 31.5785 0
      vertex -59.8141 31.5785 -2.4
    endloop
  endfacet
  facet normal 0.671478 0.741024 -0
    outer loop
      vertex -59.5785 29.1859 -2.4
      vertex -59.7021 29.2979 0
      vertex -59.5785 29.1859 0
    endloop
  endfacet
  facet normal 0.671478 0.741024 0
    outer loop
      vertex -59.7021 29.2979 0
      vertex -59.5785 29.1859 -2.4
      vertex -59.7021 29.2979 -2.4
    endloop
  endfacet
  facet normal -0.33683 0.941566 0
    outer loop
      vertex -57.8494 28.9294 -2.4
      vertex -58.0065 28.8732 0
      vertex -57.8494 28.9294 0
    endloop
  endfacet
  facet normal -0.33683 0.941566 0
    outer loop
      vertex -58.0065 28.8732 0
      vertex -57.8494 28.9294 -2.4
      vertex -58.0065 28.8732 -2.4
    endloop
  endfacet
  facet normal 0.514231 -0.857652 0
    outer loop
      vertex -59.4445 31.9135 -2.4
      vertex -59.3014 31.9993 0
      vertex -59.4445 31.9135 0
    endloop
  endfacet
  facet normal 0.514231 -0.857652 0
    outer loop
      vertex -59.3014 31.9993 0
      vertex -59.4445 31.9135 -2.4
      vertex -59.3014 31.9993 -2.4
    endloop
  endfacet
  facet normal 0.970072 0.242818 0
    outer loop
      vertex -60.1268 30.0065 0
      vertex -60.1673 30.1683 -2.4
      vertex -60.1673 30.1683 0
    endloop
  endfacet
  facet normal 0.970072 0.242818 0
    outer loop
      vertex -60.1673 30.1683 -2.4
      vertex -60.1268 30.0065 0
      vertex -60.1268 30.0065 -2.4
    endloop
  endfacet
  facet normal 0.803154 -0.595772 0
    outer loop
      vertex -59.9135 31.4445 0
      vertex -59.8141 31.5785 -2.4
      vertex -59.8141 31.5785 0
    endloop
  endfacet
  facet normal 0.803154 -0.595772 0
    outer loop
      vertex -59.8141 31.5785 -2.4
      vertex -59.9135 31.4445 0
      vertex -59.9135 31.4445 -2.4
    endloop
  endfacet
  facet normal 0.989168 -0.146788 0
    outer loop
      vertex -60.1918 30.6666 0
      vertex -60.1673 30.8317 -2.4
      vertex -60.1673 30.8317 0
    endloop
  endfacet
  facet normal 0.989168 -0.146788 0
    outer loop
      vertex -60.1673 30.8317 -2.4
      vertex -60.1918 30.6666 0
      vertex -60.1918 30.6666 -2.4
    endloop
  endfacet
  facet normal -0.595772 -0.803154 0
    outer loop
      vertex -57.5555 31.9135 -2.4
      vertex -57.4215 31.8141 0
      vertex -57.5555 31.9135 0
    endloop
  endfacet
  facet normal -0.595772 -0.803154 -0
    outer loop
      vertex -57.4215 31.8141 0
      vertex -57.5555 31.9135 -2.4
      vertex -57.4215 31.8141 -2.4
    endloop
  endfacet
  facet normal 0.671478 -0.741024 0
    outer loop
      vertex -59.7021 31.7021 -2.4
      vertex -59.5785 31.8141 0
      vertex -59.7021 31.7021 0
    endloop
  endfacet
  facet normal 0.671478 -0.741024 0
    outer loop
      vertex -59.5785 31.8141 0
      vertex -59.7021 31.7021 -2.4
      vertex -59.5785 31.8141 -2.4
    endloop
  endfacet
  facet normal 0.803154 0.595772 0
    outer loop
      vertex -59.8141 29.4215 0
      vertex -59.9135 29.5555 -2.4
      vertex -59.9135 29.5555 0
    endloop
  endfacet
  facet normal 0.803154 0.595772 0
    outer loop
      vertex -59.9135 29.5555 -2.4
      vertex -59.8141 29.4215 0
      vertex -59.8141 29.4215 -2.4
    endloop
  endfacet
  facet normal 0.857652 0.514231 0
    outer loop
      vertex -59.9135 29.5555 0
      vertex -59.9993 29.6986 -2.4
      vertex -59.9993 29.6986 0
    endloop
  endfacet
  facet normal 0.857652 0.514231 0
    outer loop
      vertex -59.9993 29.6986 -2.4
      vertex -59.9135 29.5555 0
      vertex -59.9135 29.5555 -2.4
    endloop
  endfacet
  facet normal 0.0491602 -0.998791 0
    outer loop
      vertex -58.6666 32.1918 -2.4
      vertex -58.5 32.2 0
      vertex -58.6666 32.1918 0
    endloop
  endfacet
  facet normal 0.0491602 -0.998791 0
    outer loop
      vertex -58.5 32.2 0
      vertex -58.6666 32.1918 -2.4
      vertex -58.5 32.2 -2.4
    endloop
  endfacet
  facet normal 0.998791 0.0491602 0
    outer loop
      vertex -60.1918 30.3334 0
      vertex -60.2 30.5 -2.4
      vertex -60.2 30.5 0
    endloop
  endfacet
  facet normal 0.998791 0.0491602 0
    outer loop
      vertex -60.2 30.5 -2.4
      vertex -60.1918 30.3334 0
      vertex -60.1918 30.3334 -2.4
    endloop
  endfacet
  facet normal -0.741024 -0.671478 0
    outer loop
      vertex -57.1859 31.5785 -2.4
      vertex -57.2979 31.7021 0
      vertex -57.2979 31.7021 -2.4
    endloop
  endfacet
  facet normal -0.741024 -0.671478 0
    outer loop
      vertex -57.2979 31.7021 0
      vertex -57.1859 31.5785 -2.4
      vertex -57.1859 31.5785 0
    endloop
  endfacet
  facet normal -0.671478 -0.741024 0
    outer loop
      vertex -57.4215 31.8141 -2.4
      vertex -57.2979 31.7021 0
      vertex -57.4215 31.8141 0
    endloop
  endfacet
  facet normal -0.671478 -0.741024 -0
    outer loop
      vertex -57.2979 31.7021 0
      vertex -57.4215 31.8141 -2.4
      vertex -57.2979 31.7021 -2.4
    endloop
  endfacet
  facet normal 0.904043 0.427442 0
    outer loop
      vertex -59.9993 -31.3014 0
      vertex -60.0706 -31.1506 -2.4
      vertex -60.0706 -31.1506 0
    endloop
  endfacet
  facet normal 0.904043 0.427442 0
    outer loop
      vertex -60.0706 -31.1506 -2.4
      vertex -59.9993 -31.3014 0
      vertex -59.9993 -31.3014 -2.4
    endloop
  endfacet
  facet normal -0.989168 0.146788 0
    outer loop
      vertex -56.8327 -30.8317 -2.4
      vertex -56.8082 -30.6666 0
      vertex -56.8082 -30.6666 -2.4
    endloop
  endfacet
  facet normal -0.989168 0.146788 0
    outer loop
      vertex -56.8082 -30.6666 0
      vertex -56.8327 -30.8317 -2.4
      vertex -56.8327 -30.8317 0
    endloop
  endfacet
  facet normal -0.998791 0.0491602 0
    outer loop
      vertex -56.8082 -30.6666 -2.4
      vertex -56.8 -30.5 0
      vertex -56.8 -30.5 -2.4
    endloop
  endfacet
  facet normal -0.998791 0.0491602 0
    outer loop
      vertex -56.8 -30.5 0
      vertex -56.8082 -30.6666 -2.4
      vertex -56.8082 -30.6666 0
    endloop
  endfacet
  facet normal -0.970072 0.242818 0
    outer loop
      vertex -56.8732 -30.9935 -2.4
      vertex -56.8327 -30.8317 0
      vertex -56.8327 -30.8317 -2.4
    endloop
  endfacet
  facet normal -0.970072 0.242818 0
    outer loop
      vertex -56.8327 -30.8317 0
      vertex -56.8732 -30.9935 -2.4
      vertex -56.8732 -30.9935 0
    endloop
  endfacet
  facet normal -0.146788 0.989168 0
    outer loop
      vertex -58.1683 -32.1673 -2.4
      vertex -58.3334 -32.1918 0
      vertex -58.1683 -32.1673 0
    endloop
  endfacet
  facet normal -0.146788 0.989168 0
    outer loop
      vertex -58.3334 -32.1918 0
      vertex -58.1683 -32.1673 -2.4
      vertex -58.3334 -32.1918 -2.4
    endloop
  endfacet
  facet normal 0.146788 0.989168 -0
    outer loop
      vertex -58.6666 -32.1918 -2.4
      vertex -58.8317 -32.1673 0
      vertex -58.6666 -32.1918 0
    endloop
  endfacet
  facet normal 0.146788 0.989168 0
    outer loop
      vertex -58.8317 -32.1673 0
      vertex -58.6666 -32.1918 -2.4
      vertex -58.8317 -32.1673 -2.4
    endloop
  endfacet
  facet normal -0.803154 0.595772 0
    outer loop
      vertex -57.1859 -31.5785 -2.4
      vertex -57.0865 -31.4445 0
      vertex -57.0865 -31.4445 -2.4
    endloop
  endfacet
  facet normal -0.803154 0.595772 0
    outer loop
      vertex -57.0865 -31.4445 0
      vertex -57.1859 -31.5785 -2.4
      vertex -57.1859 -31.5785 0
    endloop
  endfacet
  facet normal -0.514231 -0.857652 0
    outer loop
      vertex -57.6986 -29.0007 -2.4
      vertex -57.5555 -29.0865 0
      vertex -57.6986 -29.0007 0
    endloop
  endfacet
  facet normal -0.514231 -0.857652 -0
    outer loop
      vertex -57.5555 -29.0865 0
      vertex -57.6986 -29.0007 -2.4
      vertex -57.5555 -29.0865 -2.4
    endloop
  endfacet
  facet normal -0.595772 0.803154 0
    outer loop
      vertex -57.4215 -31.8141 -2.4
      vertex -57.5555 -31.9135 0
      vertex -57.4215 -31.8141 0
    endloop
  endfacet
  facet normal -0.595772 0.803154 0
    outer loop
      vertex -57.5555 -31.9135 0
      vertex -57.4215 -31.8141 -2.4
      vertex -57.5555 -31.9135 -2.4
    endloop
  endfacet
  facet normal -0.998791 -0.0491602 0
    outer loop
      vertex -56.8 -30.5 -2.4
      vertex -56.8082 -30.3334 0
      vertex -56.8082 -30.3334 -2.4
    endloop
  endfacet
  facet normal -0.998791 -0.0491602 0
    outer loop
      vertex -56.8082 -30.3334 0
      vertex -56.8 -30.5 -2.4
      vertex -56.8 -30.5 0
    endloop
  endfacet
  facet normal 0.242818 0.970072 -0
    outer loop
      vertex -58.8317 -32.1673 -2.4
      vertex -58.9935 -32.1268 0
      vertex -58.8317 -32.1673 0
    endloop
  endfacet
  facet normal 0.242818 0.970072 0
    outer loop
      vertex -58.9935 -32.1268 0
      vertex -58.8317 -32.1673 -2.4
      vertex -58.9935 -32.1268 -2.4
    endloop
  endfacet
  facet normal 0.803154 0.595772 0
    outer loop
      vertex -59.8141 -31.5785 0
      vertex -59.9135 -31.4445 -2.4
      vertex -59.9135 -31.4445 0
    endloop
  endfacet
  facet normal 0.803154 0.595772 0
    outer loop
      vertex -59.9135 -31.4445 -2.4
      vertex -59.8141 -31.5785 0
      vertex -59.8141 -31.5785 -2.4
    endloop
  endfacet
  facet normal 0.427442 -0.904043 0
    outer loop
      vertex -59.3014 -29.0007 -2.4
      vertex -59.1506 -28.9294 0
      vertex -59.3014 -29.0007 0
    endloop
  endfacet
  facet normal 0.427442 -0.904043 0
    outer loop
      vertex -59.1506 -28.9294 0
      vertex -59.3014 -29.0007 -2.4
      vertex -59.1506 -28.9294 -2.4
    endloop
  endfacet
  facet normal -0.427442 0.904043 0
    outer loop
      vertex -57.6986 -31.9993 -2.4
      vertex -57.8494 -32.0706 0
      vertex -57.6986 -31.9993 0
    endloop
  endfacet
  facet normal -0.427442 0.904043 0
    outer loop
      vertex -57.8494 -32.0706 0
      vertex -57.6986 -31.9993 -2.4
      vertex -57.8494 -32.0706 -2.4
    endloop
  endfacet
  facet normal 0.989168 -0.146788 0
    outer loop
      vertex -60.1918 -30.3334 0
      vertex -60.1673 -30.1683 -2.4
      vertex -60.1673 -30.1683 0
    endloop
  endfacet
  facet normal 0.989168 -0.146788 0
    outer loop
      vertex -60.1673 -30.1683 -2.4
      vertex -60.1918 -30.3334 0
      vertex -60.1918 -30.3334 -2.4
    endloop
  endfacet
  facet normal -0.671478 -0.741024 0
    outer loop
      vertex -57.4215 -29.1859 -2.4
      vertex -57.2979 -29.2979 0
      vertex -57.4215 -29.1859 0
    endloop
  endfacet
  facet normal -0.671478 -0.741024 -0
    outer loop
      vertex -57.2979 -29.2979 0
      vertex -57.4215 -29.1859 -2.4
      vertex -57.2979 -29.2979 -2.4
    endloop
  endfacet
  facet normal 0.427442 0.904043 -0
    outer loop
      vertex -59.1506 -32.0706 -2.4
      vertex -59.3014 -31.9993 0
      vertex -59.1506 -32.0706 0
    endloop
  endfacet
  facet normal 0.427442 0.904043 0
    outer loop
      vertex -59.3014 -31.9993 0
      vertex -59.1506 -32.0706 -2.4
      vertex -59.3014 -31.9993 -2.4
    endloop
  endfacet
  facet normal -0.970072 -0.242818 0
    outer loop
      vertex -56.8327 -30.1683 -2.4
      vertex -56.8732 -30.0065 0
      vertex -56.8732 -30.0065 -2.4
    endloop
  endfacet
  facet normal -0.970072 -0.242818 0
    outer loop
      vertex -56.8732 -30.0065 0
      vertex -56.8327 -30.1683 -2.4
      vertex -56.8327 -30.1683 0
    endloop
  endfacet
  facet normal -0.242818 -0.970072 0
    outer loop
      vertex -58.1683 -28.8327 -2.4
      vertex -58.0065 -28.8732 0
      vertex -58.1683 -28.8327 0
    endloop
  endfacet
  facet normal -0.242818 -0.970072 -0
    outer loop
      vertex -58.0065 -28.8732 0
      vertex -58.1683 -28.8327 -2.4
      vertex -58.0065 -28.8732 -2.4
    endloop
  endfacet
  facet normal 0.989168 0.146788 0
    outer loop
      vertex -60.1673 -30.8317 0
      vertex -60.1918 -30.6666 -2.4
      vertex -60.1918 -30.6666 0
    endloop
  endfacet
  facet normal 0.989168 0.146788 0
    outer loop
      vertex -60.1918 -30.6666 -2.4
      vertex -60.1673 -30.8317 0
      vertex -60.1673 -30.8317 -2.4
    endloop
  endfacet
  facet normal -0.941566 0.33683 0
    outer loop
      vertex -56.9294 -31.1506 -2.4
      vertex -56.8732 -30.9935 0
      vertex -56.8732 -30.9935 -2.4
    endloop
  endfacet
  facet normal -0.941566 0.33683 0
    outer loop
      vertex -56.8732 -30.9935 0
      vertex -56.9294 -31.1506 -2.4
      vertex -56.9294 -31.1506 0
    endloop
  endfacet
  facet normal 0.514231 -0.857652 0
    outer loop
      vertex -59.4445 -29.0865 -2.4
      vertex -59.3014 -29.0007 0
      vertex -59.4445 -29.0865 0
    endloop
  endfacet
  facet normal 0.514231 -0.857652 0
    outer loop
      vertex -59.3014 -29.0007 0
      vertex -59.4445 -29.0865 -2.4
      vertex -59.3014 -29.0007 -2.4
    endloop
  endfacet
  facet normal 0.970072 0.242818 0
    outer loop
      vertex -60.1268 -30.9935 0
      vertex -60.1673 -30.8317 -2.4
      vertex -60.1673 -30.8317 0
    endloop
  endfacet
  facet normal 0.970072 0.242818 0
    outer loop
      vertex -60.1673 -30.8317 -2.4
      vertex -60.1268 -30.9935 0
      vertex -60.1268 -30.9935 -2.4
    endloop
  endfacet
  facet normal -0.803154 -0.595772 0
    outer loop
      vertex -57.0865 -29.5555 -2.4
      vertex -57.1859 -29.4215 0
      vertex -57.1859 -29.4215 -2.4
    endloop
  endfacet
  facet normal -0.803154 -0.595772 0
    outer loop
      vertex -57.1859 -29.4215 0
      vertex -57.0865 -29.5555 -2.4
      vertex -57.0865 -29.5555 0
    endloop
  endfacet
  facet normal 0.595772 -0.803154 0
    outer loop
      vertex -59.5785 -29.1859 -2.4
      vertex -59.4445 -29.0865 0
      vertex -59.5785 -29.1859 0
    endloop
  endfacet
  facet normal 0.595772 -0.803154 0
    outer loop
      vertex -59.4445 -29.0865 0
      vertex -59.5785 -29.1859 -2.4
      vertex -59.4445 -29.0865 -2.4
    endloop
  endfacet
  facet normal 0.33683 -0.941566 0
    outer loop
      vertex -59.1506 -28.9294 -2.4
      vertex -58.9935 -28.8732 0
      vertex -59.1506 -28.9294 0
    endloop
  endfacet
  facet normal 0.33683 -0.941566 0
    outer loop
      vertex -58.9935 -28.8732 0
      vertex -59.1506 -28.9294 -2.4
      vertex -58.9935 -28.8732 -2.4
    endloop
  endfacet
  facet normal -0.33683 0.941566 0
    outer loop
      vertex -57.8494 -32.0706 -2.4
      vertex -58.0065 -32.1268 0
      vertex -57.8494 -32.0706 0
    endloop
  endfacet
  facet normal -0.33683 0.941566 0
    outer loop
      vertex -58.0065 -32.1268 0
      vertex -57.8494 -32.0706 -2.4
      vertex -58.0065 -32.1268 -2.4
    endloop
  endfacet
  facet normal 0.741024 -0.671478 0
    outer loop
      vertex -59.8141 -29.4215 0
      vertex -59.7021 -29.2979 -2.4
      vertex -59.7021 -29.2979 0
    endloop
  endfacet
  facet normal 0.741024 -0.671478 0
    outer loop
      vertex -59.7021 -29.2979 -2.4
      vertex -59.8141 -29.4215 0
      vertex -59.8141 -29.4215 -2.4
    endloop
  endfacet
  facet normal -0.514231 0.857652 0
    outer loop
      vertex -57.5555 -31.9135 -2.4
      vertex -57.6986 -31.9993 0
      vertex -57.5555 -31.9135 0
    endloop
  endfacet
  facet normal -0.514231 0.857652 0
    outer loop
      vertex -57.6986 -31.9993 0
      vertex -57.5555 -31.9135 -2.4
      vertex -57.6986 -31.9993 -2.4
    endloop
  endfacet
  facet normal 0.33683 0.941566 -0
    outer loop
      vertex -58.9935 -32.1268 -2.4
      vertex -59.1506 -32.0706 0
      vertex -58.9935 -32.1268 0
    endloop
  endfacet
  facet normal 0.33683 0.941566 0
    outer loop
      vertex -59.1506 -32.0706 0
      vertex -58.9935 -32.1268 -2.4
      vertex -59.1506 -32.0706 -2.4
    endloop
  endfacet
  facet normal 0.904043 -0.427442 0
    outer loop
      vertex -60.0706 -29.8494 0
      vertex -59.9993 -29.6986 -2.4
      vertex -59.9993 -29.6986 0
    endloop
  endfacet
  facet normal 0.904043 -0.427442 0
    outer loop
      vertex -59.9993 -29.6986 -2.4
      vertex -60.0706 -29.8494 0
      vertex -60.0706 -29.8494 -2.4
    endloop
  endfacet
  facet normal 0.941566 -0.33683 0
    outer loop
      vertex -60.1268 -30.0065 0
      vertex -60.0706 -29.8494 -2.4
      vertex -60.0706 -29.8494 0
    endloop
  endfacet
  facet normal 0.941566 -0.33683 0
    outer loop
      vertex -60.0706 -29.8494 -2.4
      vertex -60.1268 -30.0065 0
      vertex -60.1268 -30.0065 -2.4
    endloop
  endfacet
  facet normal -0.904043 0.427442 0
    outer loop
      vertex -57.0007 -31.3014 -2.4
      vertex -56.9294 -31.1506 0
      vertex -56.9294 -31.1506 -2.4
    endloop
  endfacet
  facet normal -0.904043 0.427442 0
    outer loop
      vertex -56.9294 -31.1506 0
      vertex -57.0007 -31.3014 -2.4
      vertex -57.0007 -31.3014 0
    endloop
  endfacet
  facet normal 0.970072 -0.242818 0
    outer loop
      vertex -60.1673 -30.1683 0
      vertex -60.1268 -30.0065 -2.4
      vertex -60.1268 -30.0065 0
    endloop
  endfacet
  facet normal 0.970072 -0.242818 0
    outer loop
      vertex -60.1268 -30.0065 -2.4
      vertex -60.1673 -30.1683 0
      vertex -60.1673 -30.1683 -2.4
    endloop
  endfacet
  facet normal 0.595772 0.803154 -0
    outer loop
      vertex -59.4445 -31.9135 -2.4
      vertex -59.5785 -31.8141 0
      vertex -59.4445 -31.9135 0
    endloop
  endfacet
  facet normal 0.595772 0.803154 0
    outer loop
      vertex -59.5785 -31.8141 0
      vertex -59.4445 -31.9135 -2.4
      vertex -59.5785 -31.8141 -2.4
    endloop
  endfacet
  facet normal 0.146788 -0.989168 0
    outer loop
      vertex -58.8317 -28.8327 -2.4
      vertex -58.6666 -28.8082 0
      vertex -58.8317 -28.8327 0
    endloop
  endfacet
  facet normal 0.146788 -0.989168 0
    outer loop
      vertex -58.6666 -28.8082 0
      vertex -58.8317 -28.8327 -2.4
      vertex -58.6666 -28.8082 -2.4
    endloop
  endfacet
  facet normal -0.741024 -0.671478 0
    outer loop
      vertex -57.1859 -29.4215 -2.4
      vertex -57.2979 -29.2979 0
      vertex -57.2979 -29.2979 -2.4
    endloop
  endfacet
  facet normal -0.741024 -0.671478 0
    outer loop
      vertex -57.2979 -29.2979 0
      vertex -57.1859 -29.4215 -2.4
      vertex -57.1859 -29.4215 0
    endloop
  endfacet
  facet normal -0.146788 -0.989168 0
    outer loop
      vertex -58.3334 -28.8082 -2.4
      vertex -58.1683 -28.8327 0
      vertex -58.3334 -28.8082 0
    endloop
  endfacet
  facet normal -0.146788 -0.989168 -0
    outer loop
      vertex -58.1683 -28.8327 0
      vertex -58.3334 -28.8082 -2.4
      vertex -58.1683 -28.8327 -2.4
    endloop
  endfacet
  facet normal 0.514231 0.857652 -0
    outer loop
      vertex -59.3014 -31.9993 -2.4
      vertex -59.4445 -31.9135 0
      vertex -59.3014 -31.9993 0
    endloop
  endfacet
  facet normal 0.514231 0.857652 0
    outer loop
      vertex -59.4445 -31.9135 0
      vertex -59.3014 -31.9993 -2.4
      vertex -59.4445 -31.9135 -2.4
    endloop
  endfacet
  facet normal -0.0491602 0.998791 0
    outer loop
      vertex -58.3334 -32.1918 -2.4
      vertex -58.5 -32.2 0
      vertex -58.3334 -32.1918 0
    endloop
  endfacet
  facet normal -0.0491602 0.998791 0
    outer loop
      vertex -58.5 -32.2 0
      vertex -58.3334 -32.1918 -2.4
      vertex -58.5 -32.2 -2.4
    endloop
  endfacet
  facet normal 0.857652 -0.514231 0
    outer loop
      vertex -59.9993 -29.6986 0
      vertex -59.9135 -29.5555 -2.4
      vertex -59.9135 -29.5555 0
    endloop
  endfacet
  facet normal 0.857652 -0.514231 0
    outer loop
      vertex -59.9135 -29.5555 -2.4
      vertex -59.9993 -29.6986 0
      vertex -59.9993 -29.6986 -2.4
    endloop
  endfacet
  facet normal -0.242818 0.970072 0
    outer loop
      vertex -58.0065 -32.1268 -2.4
      vertex -58.1683 -32.1673 0
      vertex -58.0065 -32.1268 0
    endloop
  endfacet
  facet normal -0.242818 0.970072 0
    outer loop
      vertex -58.1683 -32.1673 0
      vertex -58.0065 -32.1268 -2.4
      vertex -58.1683 -32.1673 -2.4
    endloop
  endfacet
  facet normal 0.941566 0.33683 0
    outer loop
      vertex -60.0706 -31.1506 0
      vertex -60.1268 -30.9935 -2.4
      vertex -60.1268 -30.9935 0
    endloop
  endfacet
  facet normal 0.941566 0.33683 0
    outer loop
      vertex -60.1268 -30.9935 -2.4
      vertex -60.0706 -31.1506 0
      vertex -60.0706 -31.1506 -2.4
    endloop
  endfacet
  facet normal -0.671478 0.741024 0
    outer loop
      vertex -57.2979 -31.7021 -2.4
      vertex -57.4215 -31.8141 0
      vertex -57.2979 -31.7021 0
    endloop
  endfacet
  facet normal -0.671478 0.741024 0
    outer loop
      vertex -57.4215 -31.8141 0
      vertex -57.2979 -31.7021 -2.4
      vertex -57.4215 -31.8141 -2.4
    endloop
  endfacet
  facet normal 0.0491602 0.998791 -0
    outer loop
      vertex -58.5 -32.2 -2.4
      vertex -58.6666 -32.1918 0
      vertex -58.5 -32.2 0
    endloop
  endfacet
  facet normal 0.0491602 0.998791 0
    outer loop
      vertex -58.6666 -32.1918 0
      vertex -58.5 -32.2 -2.4
      vertex -58.6666 -32.1918 -2.4
    endloop
  endfacet
  facet normal -0.427442 -0.904043 0
    outer loop
      vertex -57.8494 -28.9294 -2.4
      vertex -57.6986 -29.0007 0
      vertex -57.8494 -28.9294 0
    endloop
  endfacet
  facet normal -0.427442 -0.904043 -0
    outer loop
      vertex -57.6986 -29.0007 0
      vertex -57.8494 -28.9294 -2.4
      vertex -57.6986 -29.0007 -2.4
    endloop
  endfacet
  facet normal -0.989168 -0.146788 0
    outer loop
      vertex -56.8082 -30.3334 -2.4
      vertex -56.8327 -30.1683 0
      vertex -56.8327 -30.1683 -2.4
    endloop
  endfacet
  facet normal -0.989168 -0.146788 0
    outer loop
      vertex -56.8327 -30.1683 0
      vertex -56.8082 -30.3334 -2.4
      vertex -56.8082 -30.3334 0
    endloop
  endfacet
  facet normal -0.857652 0.514231 0
    outer loop
      vertex -57.0865 -31.4445 -2.4
      vertex -57.0007 -31.3014 0
      vertex -57.0007 -31.3014 -2.4
    endloop
  endfacet
  facet normal -0.857652 0.514231 0
    outer loop
      vertex -57.0007 -31.3014 0
      vertex -57.0865 -31.4445 -2.4
      vertex -57.0865 -31.4445 0
    endloop
  endfacet
  facet normal 0.0491602 -0.998791 0
    outer loop
      vertex -58.6666 -28.8082 -2.4
      vertex -58.5 -28.8 0
      vertex -58.6666 -28.8082 0
    endloop
  endfacet
  facet normal 0.0491602 -0.998791 0
    outer loop
      vertex -58.5 -28.8 0
      vertex -58.6666 -28.8082 -2.4
      vertex -58.5 -28.8 -2.4
    endloop
  endfacet
  facet normal 0.671478 0.741024 -0
    outer loop
      vertex -59.5785 -31.8141 -2.4
      vertex -59.7021 -31.7021 0
      vertex -59.5785 -31.8141 0
    endloop
  endfacet
  facet normal 0.671478 0.741024 0
    outer loop
      vertex -59.7021 -31.7021 0
      vertex -59.5785 -31.8141 -2.4
      vertex -59.7021 -31.7021 -2.4
    endloop
  endfacet
  facet normal 0.741024 0.671478 0
    outer loop
      vertex -59.7021 -31.7021 0
      vertex -59.8141 -31.5785 -2.4
      vertex -59.8141 -31.5785 0
    endloop
  endfacet
  facet normal 0.741024 0.671478 0
    outer loop
      vertex -59.8141 -31.5785 -2.4
      vertex -59.7021 -31.7021 0
      vertex -59.7021 -31.7021 -2.4
    endloop
  endfacet
  facet normal -0.904043 -0.427442 0
    outer loop
      vertex -56.9294 -29.8494 -2.4
      vertex -57.0007 -29.6986 0
      vertex -57.0007 -29.6986 -2.4
    endloop
  endfacet
  facet normal -0.904043 -0.427442 0
    outer loop
      vertex -57.0007 -29.6986 0
      vertex -56.9294 -29.8494 -2.4
      vertex -56.9294 -29.8494 0
    endloop
  endfacet
  facet normal -0.0491602 -0.998791 0
    outer loop
      vertex -58.5 -28.8 -2.4
      vertex -58.3334 -28.8082 0
      vertex -58.5 -28.8 0
    endloop
  endfacet
  facet normal -0.0491602 -0.998791 -0
    outer loop
      vertex -58.3334 -28.8082 0
      vertex -58.5 -28.8 -2.4
      vertex -58.3334 -28.8082 -2.4
    endloop
  endfacet
  facet normal 0.671478 -0.741024 0
    outer loop
      vertex -59.7021 -29.2979 -2.4
      vertex -59.5785 -29.1859 0
      vertex -59.7021 -29.2979 0
    endloop
  endfacet
  facet normal 0.671478 -0.741024 0
    outer loop
      vertex -59.5785 -29.1859 0
      vertex -59.7021 -29.2979 -2.4
      vertex -59.5785 -29.1859 -2.4
    endloop
  endfacet
  facet normal -0.941566 -0.33683 0
    outer loop
      vertex -56.8732 -30.0065 -2.4
      vertex -56.9294 -29.8494 0
      vertex -56.9294 -29.8494 -2.4
    endloop
  endfacet
  facet normal -0.941566 -0.33683 0
    outer loop
      vertex -56.9294 -29.8494 0
      vertex -56.8732 -30.0065 -2.4
      vertex -56.8732 -30.0065 0
    endloop
  endfacet
  facet normal -0.741024 0.671478 0
    outer loop
      vertex -57.2979 -31.7021 -2.4
      vertex -57.1859 -31.5785 0
      vertex -57.1859 -31.5785 -2.4
    endloop
  endfacet
  facet normal -0.741024 0.671478 0
    outer loop
      vertex -57.1859 -31.5785 0
      vertex -57.2979 -31.7021 -2.4
      vertex -57.2979 -31.7021 0
    endloop
  endfacet
  facet normal 0.242818 -0.970072 0
    outer loop
      vertex -58.9935 -28.8732 -2.4
      vertex -58.8317 -28.8327 0
      vertex -58.9935 -28.8732 0
    endloop
  endfacet
  facet normal 0.242818 -0.970072 0
    outer loop
      vertex -58.8317 -28.8327 0
      vertex -58.9935 -28.8732 -2.4
      vertex -58.8317 -28.8327 -2.4
    endloop
  endfacet
  facet normal -0.595772 -0.803154 0
    outer loop
      vertex -57.5555 -29.0865 -2.4
      vertex -57.4215 -29.1859 0
      vertex -57.5555 -29.0865 0
    endloop
  endfacet
  facet normal -0.595772 -0.803154 -0
    outer loop
      vertex -57.4215 -29.1859 0
      vertex -57.5555 -29.0865 -2.4
      vertex -57.4215 -29.1859 -2.4
    endloop
  endfacet
  facet normal -0.857652 -0.514231 0
    outer loop
      vertex -57.0007 -29.6986 -2.4
      vertex -57.0865 -29.5555 0
      vertex -57.0865 -29.5555 -2.4
    endloop
  endfacet
  facet normal -0.857652 -0.514231 0
    outer loop
      vertex -57.0865 -29.5555 0
      vertex -57.0007 -29.6986 -2.4
      vertex -57.0007 -29.6986 0
    endloop
  endfacet
  facet normal 0.803154 -0.595772 0
    outer loop
      vertex -59.9135 -29.5555 0
      vertex -59.8141 -29.4215 -2.4
      vertex -59.8141 -29.4215 0
    endloop
  endfacet
  facet normal 0.803154 -0.595772 0
    outer loop
      vertex -59.8141 -29.4215 -2.4
      vertex -59.9135 -29.5555 0
      vertex -59.9135 -29.5555 -2.4
    endloop
  endfacet
  facet normal 0.857652 0.514231 0
    outer loop
      vertex -59.9135 -31.4445 0
      vertex -59.9993 -31.3014 -2.4
      vertex -59.9993 -31.3014 0
    endloop
  endfacet
  facet normal 0.857652 0.514231 0
    outer loop
      vertex -59.9993 -31.3014 -2.4
      vertex -59.9135 -31.4445 0
      vertex -59.9135 -31.4445 -2.4
    endloop
  endfacet
  facet normal -0.33683 -0.941566 0
    outer loop
      vertex -58.0065 -28.8732 -2.4
      vertex -57.8494 -28.9294 0
      vertex -58.0065 -28.8732 0
    endloop
  endfacet
  facet normal -0.33683 -0.941566 -0
    outer loop
      vertex -57.8494 -28.9294 0
      vertex -58.0065 -28.8732 -2.4
      vertex -57.8494 -28.9294 -2.4
    endloop
  endfacet
  facet normal 0.998791 0.0491602 0
    outer loop
      vertex -60.1918 -30.6666 0
      vertex -60.2 -30.5 -2.4
      vertex -60.2 -30.5 0
    endloop
  endfacet
  facet normal 0.998791 0.0491602 0
    outer loop
      vertex -60.2 -30.5 -2.4
      vertex -60.1918 -30.6666 0
      vertex -60.1918 -30.6666 -2.4
    endloop
  endfacet
  facet normal 0.998791 -0.0491602 0
    outer loop
      vertex -60.2 -30.5 0
      vertex -60.1918 -30.3334 -2.4
      vertex -60.1918 -30.3334 0
    endloop
  endfacet
  facet normal 0.998791 -0.0491602 0
    outer loop
      vertex -60.1918 -30.3334 -2.4
      vertex -60.2 -30.5 0
      vertex -60.2 -30.5 -2.4
    endloop
  endfacet
  facet normal -0.989168 0.146788 0
    outer loop
      vertex 60.1673 30.1683 -2.4
      vertex 60.1918 30.3334 0
      vertex 60.1918 30.3334 -2.4
    endloop
  endfacet
  facet normal -0.989168 0.146788 0
    outer loop
      vertex 60.1918 30.3334 0
      vertex 60.1673 30.1683 -2.4
      vertex 60.1673 30.1683 0
    endloop
  endfacet
  facet normal -0.998791 0.0491602 0
    outer loop
      vertex 60.1918 30.3334 -2.4
      vertex 60.2 30.5 0
      vertex 60.2 30.5 -2.4
    endloop
  endfacet
  facet normal -0.998791 0.0491602 0
    outer loop
      vertex 60.2 30.5 0
      vertex 60.1918 30.3334 -2.4
      vertex 60.1918 30.3334 0
    endloop
  endfacet
  facet normal -0.970072 0.242818 0
    outer loop
      vertex 60.1268 30.0065 -2.4
      vertex 60.1673 30.1683 0
      vertex 60.1673 30.1683 -2.4
    endloop
  endfacet
  facet normal -0.970072 0.242818 0
    outer loop
      vertex 60.1673 30.1683 0
      vertex 60.1268 30.0065 -2.4
      vertex 60.1268 30.0065 0
    endloop
  endfacet
  facet normal -0.427442 -0.904043 0
    outer loop
      vertex 59.1506 32.0706 -2.4
      vertex 59.3014 31.9993 0
      vertex 59.1506 32.0706 0
    endloop
  endfacet
  facet normal -0.427442 -0.904043 -0
    outer loop
      vertex 59.3014 31.9993 0
      vertex 59.1506 32.0706 -2.4
      vertex 59.3014 31.9993 -2.4
    endloop
  endfacet
  facet normal 0.0491602 0.998791 -0
    outer loop
      vertex 58.5 28.8 -2.4
      vertex 58.3334 28.8082 0
      vertex 58.5 28.8 0
    endloop
  endfacet
  facet normal 0.0491602 0.998791 0
    outer loop
      vertex 58.3334 28.8082 0
      vertex 58.5 28.8 -2.4
      vertex 58.3334 28.8082 -2.4
    endloop
  endfacet
  facet normal 0.427442 0.904043 -0
    outer loop
      vertex 57.8494 28.9294 -2.4
      vertex 57.6986 29.0007 0
      vertex 57.8494 28.9294 0
    endloop
  endfacet
  facet normal 0.427442 0.904043 0
    outer loop
      vertex 57.6986 29.0007 0
      vertex 57.8494 28.9294 -2.4
      vertex 57.6986 29.0007 -2.4
    endloop
  endfacet
  facet normal -0.741024 0.671478 0
    outer loop
      vertex 59.7021 29.2979 -2.4
      vertex 59.8141 29.4215 0
      vertex 59.8141 29.4215 -2.4
    endloop
  endfacet
  facet normal -0.741024 0.671478 0
    outer loop
      vertex 59.8141 29.4215 0
      vertex 59.7021 29.2979 -2.4
      vertex 59.7021 29.2979 0
    endloop
  endfacet
  facet normal 0.146788 -0.989168 0
    outer loop
      vertex 58.1683 32.1673 -2.4
      vertex 58.3334 32.1918 0
      vertex 58.1683 32.1673 0
    endloop
  endfacet
  facet normal 0.146788 -0.989168 0
    outer loop
      vertex 58.3334 32.1918 0
      vertex 58.1683 32.1673 -2.4
      vertex 58.3334 32.1918 -2.4
    endloop
  endfacet
  facet normal -0.427442 0.904043 0
    outer loop
      vertex 59.3014 29.0007 -2.4
      vertex 59.1506 28.9294 0
      vertex 59.3014 29.0007 0
    endloop
  endfacet
  facet normal -0.427442 0.904043 0
    outer loop
      vertex 59.1506 28.9294 0
      vertex 59.3014 29.0007 -2.4
      vertex 59.1506 28.9294 -2.4
    endloop
  endfacet
  facet normal 0.146788 0.989168 -0
    outer loop
      vertex 58.3334 28.8082 -2.4
      vertex 58.1683 28.8327 0
      vertex 58.3334 28.8082 0
    endloop
  endfacet
  facet normal 0.146788 0.989168 0
    outer loop
      vertex 58.1683 28.8327 0
      vertex 58.3334 28.8082 -2.4
      vertex 58.1683 28.8327 -2.4
    endloop
  endfacet
  facet normal -0.242818 -0.970072 0
    outer loop
      vertex 58.8317 32.1673 -2.4
      vertex 58.9935 32.1268 0
      vertex 58.8317 32.1673 0
    endloop
  endfacet
  facet normal -0.242818 -0.970072 -0
    outer loop
      vertex 58.9935 32.1268 0
      vertex 58.8317 32.1673 -2.4
      vertex 58.9935 32.1268 -2.4
    endloop
  endfacet
  facet normal 0.595772 0.803154 -0
    outer loop
      vertex 57.5555 29.0865 -2.4
      vertex 57.4215 29.1859 0
      vertex 57.5555 29.0865 0
    endloop
  endfacet
  facet normal 0.595772 0.803154 0
    outer loop
      vertex 57.4215 29.1859 0
      vertex 57.5555 29.0865 -2.4
      vertex 57.4215 29.1859 -2.4
    endloop
  endfacet
  facet normal 0.904043 0.427442 0
    outer loop
      vertex 57.0007 29.6986 0
      vertex 56.9294 29.8494 -2.4
      vertex 56.9294 29.8494 0
    endloop
  endfacet
  facet normal 0.904043 0.427442 0
    outer loop
      vertex 56.9294 29.8494 -2.4
      vertex 57.0007 29.6986 0
      vertex 57.0007 29.6986 -2.4
    endloop
  endfacet
  facet normal 0.427442 -0.904043 0
    outer loop
      vertex 57.6986 31.9993 -2.4
      vertex 57.8494 32.0706 0
      vertex 57.6986 31.9993 0
    endloop
  endfacet
  facet normal 0.427442 -0.904043 0
    outer loop
      vertex 57.8494 32.0706 0
      vertex 57.6986 31.9993 -2.4
      vertex 57.8494 32.0706 -2.4
    endloop
  endfacet
  facet normal 0.595772 -0.803154 0
    outer loop
      vertex 57.4215 31.8141 -2.4
      vertex 57.5555 31.9135 0
      vertex 57.4215 31.8141 0
    endloop
  endfacet
  facet normal 0.595772 -0.803154 0
    outer loop
      vertex 57.5555 31.9135 0
      vertex 57.4215 31.8141 -2.4
      vertex 57.5555 31.9135 -2.4
    endloop
  endfacet
  facet normal 0.904043 -0.427442 0
    outer loop
      vertex 56.9294 31.1506 0
      vertex 57.0007 31.3014 -2.4
      vertex 57.0007 31.3014 0
    endloop
  endfacet
  facet normal 0.904043 -0.427442 0
    outer loop
      vertex 57.0007 31.3014 -2.4
      vertex 56.9294 31.1506 0
      vertex 56.9294 31.1506 -2.4
    endloop
  endfacet
  facet normal -0.514231 0.857652 0
    outer loop
      vertex 59.4445 29.0865 -2.4
      vertex 59.3014 29.0007 0
      vertex 59.4445 29.0865 0
    endloop
  endfacet
  facet normal -0.514231 0.857652 0
    outer loop
      vertex 59.3014 29.0007 0
      vertex 59.4445 29.0865 -2.4
      vertex 59.3014 29.0007 -2.4
    endloop
  endfacet
  facet normal 0.998791 -0.0491602 0
    outer loop
      vertex 56.8 30.5 0
      vertex 56.8082 30.6666 -2.4
      vertex 56.8082 30.6666 0
    endloop
  endfacet
  facet normal 0.998791 -0.0491602 0
    outer loop
      vertex 56.8082 30.6666 -2.4
      vertex 56.8 30.5 0
      vertex 56.8 30.5 -2.4
    endloop
  endfacet
  facet normal -0.595772 0.803154 0
    outer loop
      vertex 59.5785 29.1859 -2.4
      vertex 59.4445 29.0865 0
      vertex 59.5785 29.1859 0
    endloop
  endfacet
  facet normal -0.595772 0.803154 0
    outer loop
      vertex 59.4445 29.0865 0
      vertex 59.5785 29.1859 -2.4
      vertex 59.4445 29.0865 -2.4
    endloop
  endfacet
  facet normal -0.970072 -0.242818 0
    outer loop
      vertex 60.1673 30.8317 -2.4
      vertex 60.1268 30.9935 0
      vertex 60.1268 30.9935 -2.4
    endloop
  endfacet
  facet normal -0.970072 -0.242818 0
    outer loop
      vertex 60.1268 30.9935 0
      vertex 60.1673 30.8317 -2.4
      vertex 60.1673 30.8317 0
    endloop
  endfacet
  facet normal 0.941566 -0.33683 0
    outer loop
      vertex 56.8732 30.9935 0
      vertex 56.9294 31.1506 -2.4
      vertex 56.9294 31.1506 0
    endloop
  endfacet
  facet normal 0.941566 -0.33683 0
    outer loop
      vertex 56.9294 31.1506 -2.4
      vertex 56.8732 30.9935 0
      vertex 56.8732 30.9935 -2.4
    endloop
  endfacet
  facet normal -0.242818 0.970072 0
    outer loop
      vertex 58.9935 28.8732 -2.4
      vertex 58.8317 28.8327 0
      vertex 58.9935 28.8732 0
    endloop
  endfacet
  facet normal -0.242818 0.970072 0
    outer loop
      vertex 58.8317 28.8327 0
      vertex 58.9935 28.8732 -2.4
      vertex 58.8317 28.8327 -2.4
    endloop
  endfacet
  facet normal 0.741024 0.671478 0
    outer loop
      vertex 57.2979 29.2979 0
      vertex 57.1859 29.4215 -2.4
      vertex 57.1859 29.4215 0
    endloop
  endfacet
  facet normal 0.741024 0.671478 0
    outer loop
      vertex 57.1859 29.4215 -2.4
      vertex 57.2979 29.2979 0
      vertex 57.2979 29.2979 -2.4
    endloop
  endfacet
  facet normal -0.0491602 -0.998791 0
    outer loop
      vertex 58.5 32.2 -2.4
      vertex 58.6666 32.1918 0
      vertex 58.5 32.2 0
    endloop
  endfacet
  facet normal -0.0491602 -0.998791 -0
    outer loop
      vertex 58.6666 32.1918 0
      vertex 58.5 32.2 -2.4
      vertex 58.6666 32.1918 -2.4
    endloop
  endfacet
  facet normal -0.803154 0.595772 0
    outer loop
      vertex 59.8141 29.4215 -2.4
      vertex 59.9135 29.5555 0
      vertex 59.9135 29.5555 -2.4
    endloop
  endfacet
  facet normal -0.803154 0.595772 0
    outer loop
      vertex 59.9135 29.5555 0
      vertex 59.8141 29.4215 -2.4
      vertex 59.8141 29.4215 0
    endloop
  endfacet
  facet normal 0.970072 -0.242818 0
    outer loop
      vertex 56.8327 30.8317 0
      vertex 56.8732 30.9935 -2.4
      vertex 56.8732 30.9935 0
    endloop
  endfacet
  facet normal 0.970072 -0.242818 0
    outer loop
      vertex 56.8732 30.9935 -2.4
      vertex 56.8327 30.8317 0
      vertex 56.8327 30.8317 -2.4
    endloop
  endfacet
  facet normal -0.989168 -0.146788 0
    outer loop
      vertex 60.1918 30.6666 -2.4
      vertex 60.1673 30.8317 0
      vertex 60.1673 30.8317 -2.4
    endloop
  endfacet
  facet normal -0.989168 -0.146788 0
    outer loop
      vertex 60.1673 30.8317 0
      vertex 60.1918 30.6666 -2.4
      vertex 60.1918 30.6666 0
    endloop
  endfacet
  facet normal -0.514231 -0.857652 0
    outer loop
      vertex 59.3014 31.9993 -2.4
      vertex 59.4445 31.9135 0
      vertex 59.3014 31.9993 0
    endloop
  endfacet
  facet normal -0.514231 -0.857652 -0
    outer loop
      vertex 59.4445 31.9135 0
      vertex 59.3014 31.9993 -2.4
      vertex 59.4445 31.9135 -2.4
    endloop
  endfacet
  facet normal 0.941566 0.33683 0
    outer loop
      vertex 56.9294 29.8494 0
      vertex 56.8732 30.0065 -2.4
      vertex 56.8732 30.0065 0
    endloop
  endfacet
  facet normal 0.941566 0.33683 0
    outer loop
      vertex 56.8732 30.0065 -2.4
      vertex 56.9294 29.8494 0
      vertex 56.9294 29.8494 -2.4
    endloop
  endfacet
  facet normal 0.989168 0.146788 0
    outer loop
      vertex 56.8327 30.1683 0
      vertex 56.8082 30.3334 -2.4
      vertex 56.8082 30.3334 0
    endloop
  endfacet
  facet normal 0.989168 0.146788 0
    outer loop
      vertex 56.8082 30.3334 -2.4
      vertex 56.8327 30.1683 0
      vertex 56.8327 30.1683 -2.4
    endloop
  endfacet
  facet normal -0.904043 -0.427442 0
    outer loop
      vertex 60.0706 31.1506 -2.4
      vertex 59.9993 31.3014 0
      vertex 59.9993 31.3014 -2.4
    endloop
  endfacet
  facet normal -0.904043 -0.427442 0
    outer loop
      vertex 59.9993 31.3014 0
      vertex 60.0706 31.1506 -2.4
      vertex 60.0706 31.1506 0
    endloop
  endfacet
  facet normal -0.33683 0.941566 0
    outer loop
      vertex 59.1506 28.9294 -2.4
      vertex 58.9935 28.8732 0
      vertex 59.1506 28.9294 0
    endloop
  endfacet
  facet normal -0.33683 0.941566 0
    outer loop
      vertex 58.9935 28.8732 0
      vertex 59.1506 28.9294 -2.4
      vertex 58.9935 28.8732 -2.4
    endloop
  endfacet
  facet normal -0.998791 -0.0491602 0
    outer loop
      vertex 60.2 30.5 -2.4
      vertex 60.1918 30.6666 0
      vertex 60.1918 30.6666 -2.4
    endloop
  endfacet
  facet normal -0.998791 -0.0491602 0
    outer loop
      vertex 60.1918 30.6666 0
      vertex 60.2 30.5 -2.4
      vertex 60.2 30.5 0
    endloop
  endfacet
  facet normal -0.146788 -0.989168 0
    outer loop
      vertex 58.6666 32.1918 -2.4
      vertex 58.8317 32.1673 0
      vertex 58.6666 32.1918 0
    endloop
  endfacet
  facet normal -0.146788 -0.989168 -0
    outer loop
      vertex 58.8317 32.1673 0
      vertex 58.6666 32.1918 -2.4
      vertex 58.8317 32.1673 -2.4
    endloop
  endfacet
  facet normal -0.941566 0.33683 0
    outer loop
      vertex 60.0706 29.8494 -2.4
      vertex 60.1268 30.0065 0
      vertex 60.1268 30.0065 -2.4
    endloop
  endfacet
  facet normal -0.941566 0.33683 0
    outer loop
      vertex 60.1268 30.0065 0
      vertex 60.0706 29.8494 -2.4
      vertex 60.0706 29.8494 0
    endloop
  endfacet
  facet normal -0.803154 -0.595772 0
    outer loop
      vertex 59.9135 31.4445 -2.4
      vertex 59.8141 31.5785 0
      vertex 59.8141 31.5785 -2.4
    endloop
  endfacet
  facet normal -0.803154 -0.595772 0
    outer loop
      vertex 59.8141 31.5785 0
      vertex 59.9135 31.4445 -2.4
      vertex 59.9135 31.4445 0
    endloop
  endfacet
  facet normal -0.857652 -0.514231 0
    outer loop
      vertex 59.9993 31.3014 -2.4
      vertex 59.9135 31.4445 0
      vertex 59.9135 31.4445 -2.4
    endloop
  endfacet
  facet normal -0.857652 -0.514231 0
    outer loop
      vertex 59.9135 31.4445 0
      vertex 59.9993 31.3014 -2.4
      vertex 59.9993 31.3014 0
    endloop
  endfacet
  facet normal 0.242818 0.970072 -0
    outer loop
      vertex 58.1683 28.8327 -2.4
      vertex 58.0065 28.8732 0
      vertex 58.1683 28.8327 0
    endloop
  endfacet
  facet normal 0.242818 0.970072 0
    outer loop
      vertex 58.0065 28.8732 0
      vertex 58.1683 28.8327 -2.4
      vertex 58.0065 28.8732 -2.4
    endloop
  endfacet
  facet normal -0.941566 -0.33683 0
    outer loop
      vertex 60.1268 30.9935 -2.4
      vertex 60.0706 31.1506 0
      vertex 60.0706 31.1506 -2.4
    endloop
  endfacet
  facet normal -0.941566 -0.33683 0
    outer loop
      vertex 60.0706 31.1506 0
      vertex 60.1268 30.9935 -2.4
      vertex 60.1268 30.9935 0
    endloop
  endfacet
  facet normal -0.0491602 0.998791 0
    outer loop
      vertex 58.6666 28.8082 -2.4
      vertex 58.5 28.8 0
      vertex 58.6666 28.8082 0
    endloop
  endfacet
  facet normal -0.0491602 0.998791 0
    outer loop
      vertex 58.5 28.8 0
      vertex 58.6666 28.8082 -2.4
      vertex 58.5 28.8 -2.4
    endloop
  endfacet
  facet normal 0.514231 0.857652 -0
    outer loop
      vertex 57.6986 29.0007 -2.4
      vertex 57.5555 29.0865 0
      vertex 57.6986 29.0007 0
    endloop
  endfacet
  facet normal 0.514231 0.857652 0
    outer loop
      vertex 57.5555 29.0865 0
      vertex 57.6986 29.0007 -2.4
      vertex 57.5555 29.0865 -2.4
    endloop
  endfacet
  facet normal -0.904043 0.427442 0
    outer loop
      vertex 59.9993 29.6986 -2.4
      vertex 60.0706 29.8494 0
      vertex 60.0706 29.8494 -2.4
    endloop
  endfacet
  facet normal -0.904043 0.427442 0
    outer loop
      vertex 60.0706 29.8494 0
      vertex 59.9993 29.6986 -2.4
      vertex 59.9993 29.6986 0
    endloop
  endfacet
  facet normal -0.146788 0.989168 0
    outer loop
      vertex 58.8317 28.8327 -2.4
      vertex 58.6666 28.8082 0
      vertex 58.8317 28.8327 0
    endloop
  endfacet
  facet normal -0.146788 0.989168 0
    outer loop
      vertex 58.6666 28.8082 0
      vertex 58.8317 28.8327 -2.4
      vertex 58.6666 28.8082 -2.4
    endloop
  endfacet
  facet normal 0.242818 -0.970072 0
    outer loop
      vertex 58.0065 32.1268 -2.4
      vertex 58.1683 32.1673 0
      vertex 58.0065 32.1268 0
    endloop
  endfacet
  facet normal 0.242818 -0.970072 0
    outer loop
      vertex 58.1683 32.1673 0
      vertex 58.0065 32.1268 -2.4
      vertex 58.1683 32.1673 -2.4
    endloop
  endfacet
  facet normal 0.857652 -0.514231 0
    outer loop
      vertex 57.0007 31.3014 0
      vertex 57.0865 31.4445 -2.4
      vertex 57.0865 31.4445 0
    endloop
  endfacet
  facet normal 0.857652 -0.514231 0
    outer loop
      vertex 57.0865 31.4445 -2.4
      vertex 57.0007 31.3014 0
      vertex 57.0007 31.3014 -2.4
    endloop
  endfacet
  facet normal -0.857652 0.514231 0
    outer loop
      vertex 59.9135 29.5555 -2.4
      vertex 59.9993 29.6986 0
      vertex 59.9993 29.6986 -2.4
    endloop
  endfacet
  facet normal -0.857652 0.514231 0
    outer loop
      vertex 59.9993 29.6986 0
      vertex 59.9135 29.5555 -2.4
      vertex 59.9135 29.5555 0
    endloop
  endfacet
  facet normal 0.33683 0.941566 -0
    outer loop
      vertex 58.0065 28.8732 -2.4
      vertex 57.8494 28.9294 0
      vertex 58.0065 28.8732 0
    endloop
  endfacet
  facet normal 0.33683 0.941566 0
    outer loop
      vertex 57.8494 28.9294 0
      vertex 58.0065 28.8732 -2.4
      vertex 57.8494 28.9294 -2.4
    endloop
  endfacet
  facet normal 0.741024 -0.671478 0
    outer loop
      vertex 57.1859 31.5785 0
      vertex 57.2979 31.7021 -2.4
      vertex 57.2979 31.7021 0
    endloop
  endfacet
  facet normal 0.741024 -0.671478 0
    outer loop
      vertex 57.2979 31.7021 -2.4
      vertex 57.1859 31.5785 0
      vertex 57.1859 31.5785 -2.4
    endloop
  endfacet
  facet normal 0.671478 0.741024 -0
    outer loop
      vertex 57.4215 29.1859 -2.4
      vertex 57.2979 29.2979 0
      vertex 57.4215 29.1859 0
    endloop
  endfacet
  facet normal 0.671478 0.741024 0
    outer loop
      vertex 57.2979 29.2979 0
      vertex 57.4215 29.1859 -2.4
      vertex 57.2979 29.2979 -2.4
    endloop
  endfacet
  facet normal 0.514231 -0.857652 0
    outer loop
      vertex 57.5555 31.9135 -2.4
      vertex 57.6986 31.9993 0
      vertex 57.5555 31.9135 0
    endloop
  endfacet
  facet normal 0.514231 -0.857652 0
    outer loop
      vertex 57.6986 31.9993 0
      vertex 57.5555 31.9135 -2.4
      vertex 57.6986 31.9993 -2.4
    endloop
  endfacet
  facet normal 0.970072 0.242818 0
    outer loop
      vertex 56.8732 30.0065 0
      vertex 56.8327 30.1683 -2.4
      vertex 56.8327 30.1683 0
    endloop
  endfacet
  facet normal 0.970072 0.242818 0
    outer loop
      vertex 56.8327 30.1683 -2.4
      vertex 56.8732 30.0065 0
      vertex 56.8732 30.0065 -2.4
    endloop
  endfacet
  facet normal -0.671478 0.741024 0
    outer loop
      vertex 59.7021 29.2979 -2.4
      vertex 59.5785 29.1859 0
      vertex 59.7021 29.2979 0
    endloop
  endfacet
  facet normal -0.671478 0.741024 0
    outer loop
      vertex 59.5785 29.1859 0
      vertex 59.7021 29.2979 -2.4
      vertex 59.5785 29.1859 -2.4
    endloop
  endfacet
  facet normal -0.33683 -0.941566 0
    outer loop
      vertex 58.9935 32.1268 -2.4
      vertex 59.1506 32.0706 0
      vertex 58.9935 32.1268 0
    endloop
  endfacet
  facet normal -0.33683 -0.941566 -0
    outer loop
      vertex 59.1506 32.0706 0
      vertex 58.9935 32.1268 -2.4
      vertex 59.1506 32.0706 -2.4
    endloop
  endfacet
  facet normal 0.803154 -0.595772 0
    outer loop
      vertex 57.0865 31.4445 0
      vertex 57.1859 31.5785 -2.4
      vertex 57.1859 31.5785 0
    endloop
  endfacet
  facet normal 0.803154 -0.595772 0
    outer loop
      vertex 57.1859 31.5785 -2.4
      vertex 57.0865 31.4445 0
      vertex 57.0865 31.4445 -2.4
    endloop
  endfacet
  facet normal 0.989168 -0.146788 0
    outer loop
      vertex 56.8082 30.6666 0
      vertex 56.8327 30.8317 -2.4
      vertex 56.8327 30.8317 0
    endloop
  endfacet
  facet normal 0.989168 -0.146788 0
    outer loop
      vertex 56.8327 30.8317 -2.4
      vertex 56.8082 30.6666 0
      vertex 56.8082 30.6666 -2.4
    endloop
  endfacet
  facet normal -0.595772 -0.803154 0
    outer loop
      vertex 59.4445 31.9135 -2.4
      vertex 59.5785 31.8141 0
      vertex 59.4445 31.9135 0
    endloop
  endfacet
  facet normal -0.595772 -0.803154 -0
    outer loop
      vertex 59.5785 31.8141 0
      vertex 59.4445 31.9135 -2.4
      vertex 59.5785 31.8141 -2.4
    endloop
  endfacet
  facet normal 0.671478 -0.741024 0
    outer loop
      vertex 57.2979 31.7021 -2.4
      vertex 57.4215 31.8141 0
      vertex 57.2979 31.7021 0
    endloop
  endfacet
  facet normal 0.671478 -0.741024 0
    outer loop
      vertex 57.4215 31.8141 0
      vertex 57.2979 31.7021 -2.4
      vertex 57.4215 31.8141 -2.4
    endloop
  endfacet
  facet normal 0.803154 0.595772 0
    outer loop
      vertex 57.1859 29.4215 0
      vertex 57.0865 29.5555 -2.4
      vertex 57.0865 29.5555 0
    endloop
  endfacet
  facet normal 0.803154 0.595772 0
    outer loop
      vertex 57.0865 29.5555 -2.4
      vertex 57.1859 29.4215 0
      vertex 57.1859 29.4215 -2.4
    endloop
  endfacet
  facet normal 0.857652 0.514231 0
    outer loop
      vertex 57.0865 29.5555 0
      vertex 57.0007 29.6986 -2.4
      vertex 57.0007 29.6986 0
    endloop
  endfacet
  facet normal 0.857652 0.514231 0
    outer loop
      vertex 57.0007 29.6986 -2.4
      vertex 57.0865 29.5555 0
      vertex 57.0865 29.5555 -2.4
    endloop
  endfacet
  facet normal 0.0491602 -0.998791 0
    outer loop
      vertex 58.3334 32.1918 -2.4
      vertex 58.5 32.2 0
      vertex 58.3334 32.1918 0
    endloop
  endfacet
  facet normal 0.0491602 -0.998791 0
    outer loop
      vertex 58.5 32.2 0
      vertex 58.3334 32.1918 -2.4
      vertex 58.5 32.2 -2.4
    endloop
  endfacet
  facet normal 0.998791 0.0491602 0
    outer loop
      vertex 56.8082 30.3334 0
      vertex 56.8 30.5 -2.4
      vertex 56.8 30.5 0
    endloop
  endfacet
  facet normal 0.998791 0.0491602 0
    outer loop
      vertex 56.8 30.5 -2.4
      vertex 56.8082 30.3334 0
      vertex 56.8082 30.3334 -2.4
    endloop
  endfacet
  facet normal 0.33683 -0.941566 0
    outer loop
      vertex 57.8494 32.0706 -2.4
      vertex 58.0065 32.1268 0
      vertex 57.8494 32.0706 0
    endloop
  endfacet
  facet normal 0.33683 -0.941566 0
    outer loop
      vertex 58.0065 32.1268 0
      vertex 57.8494 32.0706 -2.4
      vertex 58.0065 32.1268 -2.4
    endloop
  endfacet
  facet normal -0.741024 -0.671478 0
    outer loop
      vertex 59.8141 31.5785 -2.4
      vertex 59.7021 31.7021 0
      vertex 59.7021 31.7021 -2.4
    endloop
  endfacet
  facet normal -0.741024 -0.671478 0
    outer loop
      vertex 59.7021 31.7021 0
      vertex 59.8141 31.5785 -2.4
      vertex 59.8141 31.5785 0
    endloop
  endfacet
  facet normal -0.671478 -0.741024 0
    outer loop
      vertex 59.5785 31.8141 -2.4
      vertex 59.7021 31.7021 0
      vertex 59.5785 31.8141 0
    endloop
  endfacet
  facet normal -0.671478 -0.741024 -0
    outer loop
      vertex 59.7021 31.7021 0
      vertex 59.5785 31.8141 -2.4
      vertex 59.7021 31.7021 -2.4
    endloop
  endfacet
  facet normal 0.904043 0.427442 0
    outer loop
      vertex 57.0007 -31.3014 0
      vertex 56.9294 -31.1506 -2.4
      vertex 56.9294 -31.1506 0
    endloop
  endfacet
  facet normal 0.904043 0.427442 0
    outer loop
      vertex 56.9294 -31.1506 -2.4
      vertex 57.0007 -31.3014 0
      vertex 57.0007 -31.3014 -2.4
    endloop
  endfacet
  facet normal -0.989168 0.146788 0
    outer loop
      vertex 60.1673 -30.8317 -2.4
      vertex 60.1918 -30.6666 0
      vertex 60.1918 -30.6666 -2.4
    endloop
  endfacet
  facet normal -0.989168 0.146788 0
    outer loop
      vertex 60.1918 -30.6666 0
      vertex 60.1673 -30.8317 -2.4
      vertex 60.1673 -30.8317 0
    endloop
  endfacet
  facet normal -0.998791 0.0491602 0
    outer loop
      vertex 60.1918 -30.6666 -2.4
      vertex 60.2 -30.5 0
      vertex 60.2 -30.5 -2.4
    endloop
  endfacet
  facet normal -0.998791 0.0491602 0
    outer loop
      vertex 60.2 -30.5 0
      vertex 60.1918 -30.6666 -2.4
      vertex 60.1918 -30.6666 0
    endloop
  endfacet
  facet normal -0.970072 0.242818 0
    outer loop
      vertex 60.1268 -30.9935 -2.4
      vertex 60.1673 -30.8317 0
      vertex 60.1673 -30.8317 -2.4
    endloop
  endfacet
  facet normal -0.970072 0.242818 0
    outer loop
      vertex 60.1673 -30.8317 0
      vertex 60.1268 -30.9935 -2.4
      vertex 60.1268 -30.9935 0
    endloop
  endfacet
  facet normal -0.146788 0.989168 0
    outer loop
      vertex 58.8317 -32.1673 -2.4
      vertex 58.6666 -32.1918 0
      vertex 58.8317 -32.1673 0
    endloop
  endfacet
  facet normal -0.146788 0.989168 0
    outer loop
      vertex 58.6666 -32.1918 0
      vertex 58.8317 -32.1673 -2.4
      vertex 58.6666 -32.1918 -2.4
    endloop
  endfacet
  facet normal 0.146788 0.989168 -0
    outer loop
      vertex 58.3334 -32.1918 -2.4
      vertex 58.1683 -32.1673 0
      vertex 58.3334 -32.1918 0
    endloop
  endfacet
  facet normal 0.146788 0.989168 0
    outer loop
      vertex 58.1683 -32.1673 0
      vertex 58.3334 -32.1918 -2.4
      vertex 58.1683 -32.1673 -2.4
    endloop
  endfacet
  facet normal -0.803154 0.595772 0
    outer loop
      vertex 59.8141 -31.5785 -2.4
      vertex 59.9135 -31.4445 0
      vertex 59.9135 -31.4445 -2.4
    endloop
  endfacet
  facet normal -0.803154 0.595772 0
    outer loop
      vertex 59.9135 -31.4445 0
      vertex 59.8141 -31.5785 -2.4
      vertex 59.8141 -31.5785 0
    endloop
  endfacet
  facet normal -0.514231 -0.857652 0
    outer loop
      vertex 59.3014 -29.0007 -2.4
      vertex 59.4445 -29.0865 0
      vertex 59.3014 -29.0007 0
    endloop
  endfacet
  facet normal -0.514231 -0.857652 -0
    outer loop
      vertex 59.4445 -29.0865 0
      vertex 59.3014 -29.0007 -2.4
      vertex 59.4445 -29.0865 -2.4
    endloop
  endfacet
  facet normal -0.595772 0.803154 0
    outer loop
      vertex 59.5785 -31.8141 -2.4
      vertex 59.4445 -31.9135 0
      vertex 59.5785 -31.8141 0
    endloop
  endfacet
  facet normal -0.595772 0.803154 0
    outer loop
      vertex 59.4445 -31.9135 0
      vertex 59.5785 -31.8141 -2.4
      vertex 59.4445 -31.9135 -2.4
    endloop
  endfacet
  facet normal -0.998791 -0.0491602 0
    outer loop
      vertex 60.2 -30.5 -2.4
      vertex 60.1918 -30.3334 0
      vertex 60.1918 -30.3334 -2.4
    endloop
  endfacet
  facet normal -0.998791 -0.0491602 0
    outer loop
      vertex 60.1918 -30.3334 0
      vertex 60.2 -30.5 -2.4
      vertex 60.2 -30.5 0
    endloop
  endfacet
  facet normal 0.242818 0.970072 -0
    outer loop
      vertex 58.1683 -32.1673 -2.4
      vertex 58.0065 -32.1268 0
      vertex 58.1683 -32.1673 0
    endloop
  endfacet
  facet normal 0.242818 0.970072 0
    outer loop
      vertex 58.0065 -32.1268 0
      vertex 58.1683 -32.1673 -2.4
      vertex 58.0065 -32.1268 -2.4
    endloop
  endfacet
  facet normal 0.803154 0.595772 0
    outer loop
      vertex 57.1859 -31.5785 0
      vertex 57.0865 -31.4445 -2.4
      vertex 57.0865 -31.4445 0
    endloop
  endfacet
  facet normal 0.803154 0.595772 0
    outer loop
      vertex 57.0865 -31.4445 -2.4
      vertex 57.1859 -31.5785 0
      vertex 57.1859 -31.5785 -2.4
    endloop
  endfacet
  facet normal 0.427442 -0.904043 0
    outer loop
      vertex 57.6986 -29.0007 -2.4
      vertex 57.8494 -28.9294 0
      vertex 57.6986 -29.0007 0
    endloop
  endfacet
  facet normal 0.427442 -0.904043 0
    outer loop
      vertex 57.8494 -28.9294 0
      vertex 57.6986 -29.0007 -2.4
      vertex 57.8494 -28.9294 -2.4
    endloop
  endfacet
  facet normal -0.427442 0.904043 0
    outer loop
      vertex 59.3014 -31.9993 -2.4
      vertex 59.1506 -32.0706 0
      vertex 59.3014 -31.9993 0
    endloop
  endfacet
  facet normal -0.427442 0.904043 0
    outer loop
      vertex 59.1506 -32.0706 0
      vertex 59.3014 -31.9993 -2.4
      vertex 59.1506 -32.0706 -2.4
    endloop
  endfacet
  facet normal 0.989168 -0.146788 0
    outer loop
      vertex 56.8082 -30.3334 0
      vertex 56.8327 -30.1683 -2.4
      vertex 56.8327 -30.1683 0
    endloop
  endfacet
  facet normal 0.989168 -0.146788 0
    outer loop
      vertex 56.8327 -30.1683 -2.4
      vertex 56.8082 -30.3334 0
      vertex 56.8082 -30.3334 -2.4
    endloop
  endfacet
  facet normal -0.671478 -0.741024 0
    outer loop
      vertex 59.5785 -29.1859 -2.4
      vertex 59.7021 -29.2979 0
      vertex 59.5785 -29.1859 0
    endloop
  endfacet
  facet normal -0.671478 -0.741024 -0
    outer loop
      vertex 59.7021 -29.2979 0
      vertex 59.5785 -29.1859 -2.4
      vertex 59.7021 -29.2979 -2.4
    endloop
  endfacet
  facet normal 0.427442 0.904043 -0
    outer loop
      vertex 57.8494 -32.0706 -2.4
      vertex 57.6986 -31.9993 0
      vertex 57.8494 -32.0706 0
    endloop
  endfacet
  facet normal 0.427442 0.904043 0
    outer loop
      vertex 57.6986 -31.9993 0
      vertex 57.8494 -32.0706 -2.4
      vertex 57.6986 -31.9993 -2.4
    endloop
  endfacet
  facet normal -0.970072 -0.242818 0
    outer loop
      vertex 60.1673 -30.1683 -2.4
      vertex 60.1268 -30.0065 0
      vertex 60.1268 -30.0065 -2.4
    endloop
  endfacet
  facet normal -0.970072 -0.242818 0
    outer loop
      vertex 60.1268 -30.0065 0
      vertex 60.1673 -30.1683 -2.4
      vertex 60.1673 -30.1683 0
    endloop
  endfacet
  facet normal -0.242818 -0.970072 0
    outer loop
      vertex 58.8317 -28.8327 -2.4
      vertex 58.9935 -28.8732 0
      vertex 58.8317 -28.8327 0
    endloop
  endfacet
  facet normal -0.242818 -0.970072 -0
    outer loop
      vertex 58.9935 -28.8732 0
      vertex 58.8317 -28.8327 -2.4
      vertex 58.9935 -28.8732 -2.4
    endloop
  endfacet
  facet normal 0.989168 0.146788 0
    outer loop
      vertex 56.8327 -30.8317 0
      vertex 56.8082 -30.6666 -2.4
      vertex 56.8082 -30.6666 0
    endloop
  endfacet
  facet normal 0.989168 0.146788 0
    outer loop
      vertex 56.8082 -30.6666 -2.4
      vertex 56.8327 -30.8317 0
      vertex 56.8327 -30.8317 -2.4
    endloop
  endfacet
  facet normal -0.941566 0.33683 0
    outer loop
      vertex 60.0706 -31.1506 -2.4
      vertex 60.1268 -30.9935 0
      vertex 60.1268 -30.9935 -2.4
    endloop
  endfacet
  facet normal -0.941566 0.33683 0
    outer loop
      vertex 60.1268 -30.9935 0
      vertex 60.0706 -31.1506 -2.4
      vertex 60.0706 -31.1506 0
    endloop
  endfacet
  facet normal 0.514231 -0.857652 0
    outer loop
      vertex 57.5555 -29.0865 -2.4
      vertex 57.6986 -29.0007 0
      vertex 57.5555 -29.0865 0
    endloop
  endfacet
  facet normal 0.514231 -0.857652 0
    outer loop
      vertex 57.6986 -29.0007 0
      vertex 57.5555 -29.0865 -2.4
      vertex 57.6986 -29.0007 -2.4
    endloop
  endfacet
  facet normal 0.970072 0.242818 0
    outer loop
      vertex 56.8732 -30.9935 0
      vertex 56.8327 -30.8317 -2.4
      vertex 56.8327 -30.8317 0
    endloop
  endfacet
  facet normal 0.970072 0.242818 0
    outer loop
      vertex 56.8327 -30.8317 -2.4
      vertex 56.8732 -30.9935 0
      vertex 56.8732 -30.9935 -2.4
    endloop
  endfacet
  facet normal -0.803154 -0.595772 0
    outer loop
      vertex 59.9135 -29.5555 -2.4
      vertex 59.8141 -29.4215 0
      vertex 59.8141 -29.4215 -2.4
    endloop
  endfacet
  facet normal -0.803154 -0.595772 0
    outer loop
      vertex 59.8141 -29.4215 0
      vertex 59.9135 -29.5555 -2.4
      vertex 59.9135 -29.5555 0
    endloop
  endfacet
  facet normal 0.595772 -0.803154 0
    outer loop
      vertex 57.4215 -29.1859 -2.4
      vertex 57.5555 -29.0865 0
      vertex 57.4215 -29.1859 0
    endloop
  endfacet
  facet normal 0.595772 -0.803154 0
    outer loop
      vertex 57.5555 -29.0865 0
      vertex 57.4215 -29.1859 -2.4
      vertex 57.5555 -29.0865 -2.4
    endloop
  endfacet
  facet normal 0.33683 -0.941566 0
    outer loop
      vertex 57.8494 -28.9294 -2.4
      vertex 58.0065 -28.8732 0
      vertex 57.8494 -28.9294 0
    endloop
  endfacet
  facet normal 0.33683 -0.941566 0
    outer loop
      vertex 58.0065 -28.8732 0
      vertex 57.8494 -28.9294 -2.4
      vertex 58.0065 -28.8732 -2.4
    endloop
  endfacet
  facet normal -0.33683 0.941566 0
    outer loop
      vertex 59.1506 -32.0706 -2.4
      vertex 58.9935 -32.1268 0
      vertex 59.1506 -32.0706 0
    endloop
  endfacet
  facet normal -0.33683 0.941566 0
    outer loop
      vertex 58.9935 -32.1268 0
      vertex 59.1506 -32.0706 -2.4
      vertex 58.9935 -32.1268 -2.4
    endloop
  endfacet
  facet normal 0.741024 -0.671478 0
    outer loop
      vertex 57.1859 -29.4215 0
      vertex 57.2979 -29.2979 -2.4
      vertex 57.2979 -29.2979 0
    endloop
  endfacet
  facet normal 0.741024 -0.671478 0
    outer loop
      vertex 57.2979 -29.2979 -2.4
      vertex 57.1859 -29.4215 0
      vertex 57.1859 -29.4215 -2.4
    endloop
  endfacet
  facet normal -0.514231 0.857652 0
    outer loop
      vertex 59.4445 -31.9135 -2.4
      vertex 59.3014 -31.9993 0
      vertex 59.4445 -31.9135 0
    endloop
  endfacet
  facet normal -0.514231 0.857652 0
    outer loop
      vertex 59.3014 -31.9993 0
      vertex 59.4445 -31.9135 -2.4
      vertex 59.3014 -31.9993 -2.4
    endloop
  endfacet
  facet normal 0.33683 0.941566 -0
    outer loop
      vertex 58.0065 -32.1268 -2.4
      vertex 57.8494 -32.0706 0
      vertex 58.0065 -32.1268 0
    endloop
  endfacet
  facet normal 0.33683 0.941566 0
    outer loop
      vertex 57.8494 -32.0706 0
      vertex 58.0065 -32.1268 -2.4
      vertex 57.8494 -32.0706 -2.4
    endloop
  endfacet
  facet normal 0.904043 -0.427442 0
    outer loop
      vertex 56.9294 -29.8494 0
      vertex 57.0007 -29.6986 -2.4
      vertex 57.0007 -29.6986 0
    endloop
  endfacet
  facet normal 0.904043 -0.427442 0
    outer loop
      vertex 57.0007 -29.6986 -2.4
      vertex 56.9294 -29.8494 0
      vertex 56.9294 -29.8494 -2.4
    endloop
  endfacet
  facet normal 0.941566 -0.33683 0
    outer loop
      vertex 56.8732 -30.0065 0
      vertex 56.9294 -29.8494 -2.4
      vertex 56.9294 -29.8494 0
    endloop
  endfacet
  facet normal 0.941566 -0.33683 0
    outer loop
      vertex 56.9294 -29.8494 -2.4
      vertex 56.8732 -30.0065 0
      vertex 56.8732 -30.0065 -2.4
    endloop
  endfacet
  facet normal -0.904043 0.427442 0
    outer loop
      vertex 59.9993 -31.3014 -2.4
      vertex 60.0706 -31.1506 0
      vertex 60.0706 -31.1506 -2.4
    endloop
  endfacet
  facet normal -0.904043 0.427442 0
    outer loop
      vertex 60.0706 -31.1506 0
      vertex 59.9993 -31.3014 -2.4
      vertex 59.9993 -31.3014 0
    endloop
  endfacet
  facet normal 0.970072 -0.242818 0
    outer loop
      vertex 56.8327 -30.1683 0
      vertex 56.8732 -30.0065 -2.4
      vertex 56.8732 -30.0065 0
    endloop
  endfacet
  facet normal 0.970072 -0.242818 0
    outer loop
      vertex 56.8732 -30.0065 -2.4
      vertex 56.8327 -30.1683 0
      vertex 56.8327 -30.1683 -2.4
    endloop
  endfacet
  facet normal 0.595772 0.803154 -0
    outer loop
      vertex 57.5555 -31.9135 -2.4
      vertex 57.4215 -31.8141 0
      vertex 57.5555 -31.9135 0
    endloop
  endfacet
  facet normal 0.595772 0.803154 0
    outer loop
      vertex 57.4215 -31.8141 0
      vertex 57.5555 -31.9135 -2.4
      vertex 57.4215 -31.8141 -2.4
    endloop
  endfacet
  facet normal 0.146788 -0.989168 0
    outer loop
      vertex 58.1683 -28.8327 -2.4
      vertex 58.3334 -28.8082 0
      vertex 58.1683 -28.8327 0
    endloop
  endfacet
  facet normal 0.146788 -0.989168 0
    outer loop
      vertex 58.3334 -28.8082 0
      vertex 58.1683 -28.8327 -2.4
      vertex 58.3334 -28.8082 -2.4
    endloop
  endfacet
  facet normal -0.741024 -0.671478 0
    outer loop
      vertex 59.8141 -29.4215 -2.4
      vertex 59.7021 -29.2979 0
      vertex 59.7021 -29.2979 -2.4
    endloop
  endfacet
  facet normal -0.741024 -0.671478 0
    outer loop
      vertex 59.7021 -29.2979 0
      vertex 59.8141 -29.4215 -2.4
      vertex 59.8141 -29.4215 0
    endloop
  endfacet
  facet normal -0.146788 -0.989168 0
    outer loop
      vertex 58.6666 -28.8082 -2.4
      vertex 58.8317 -28.8327 0
      vertex 58.6666 -28.8082 0
    endloop
  endfacet
  facet normal -0.146788 -0.989168 -0
    outer loop
      vertex 58.8317 -28.8327 0
      vertex 58.6666 -28.8082 -2.4
      vertex 58.8317 -28.8327 -2.4
    endloop
  endfacet
  facet normal 0.514231 0.857652 -0
    outer loop
      vertex 57.6986 -31.9993 -2.4
      vertex 57.5555 -31.9135 0
      vertex 57.6986 -31.9993 0
    endloop
  endfacet
  facet normal 0.514231 0.857652 0
    outer loop
      vertex 57.5555 -31.9135 0
      vertex 57.6986 -31.9993 -2.4
      vertex 57.5555 -31.9135 -2.4
    endloop
  endfacet
  facet normal -0.0491602 0.998791 0
    outer loop
      vertex 58.6666 -32.1918 -2.4
      vertex 58.5 -32.2 0
      vertex 58.6666 -32.1918 0
    endloop
  endfacet
  facet normal -0.0491602 0.998791 0
    outer loop
      vertex 58.5 -32.2 0
      vertex 58.6666 -32.1918 -2.4
      vertex 58.5 -32.2 -2.4
    endloop
  endfacet
  facet normal -0.242818 0.970072 0
    outer loop
      vertex 58.9935 -32.1268 -2.4
      vertex 58.8317 -32.1673 0
      vertex 58.9935 -32.1268 0
    endloop
  endfacet
  facet normal -0.242818 0.970072 0
    outer loop
      vertex 58.8317 -32.1673 0
      vertex 58.9935 -32.1268 -2.4
      vertex 58.8317 -32.1673 -2.4
    endloop
  endfacet
  facet normal 0.941566 0.33683 0
    outer loop
      vertex 56.9294 -31.1506 0
      vertex 56.8732 -30.9935 -2.4
      vertex 56.8732 -30.9935 0
    endloop
  endfacet
  facet normal 0.941566 0.33683 0
    outer loop
      vertex 56.8732 -30.9935 -2.4
      vertex 56.9294 -31.1506 0
      vertex 56.9294 -31.1506 -2.4
    endloop
  endfacet
  facet normal -0.671478 0.741024 0
    outer loop
      vertex 59.7021 -31.7021 -2.4
      vertex 59.5785 -31.8141 0
      vertex 59.7021 -31.7021 0
    endloop
  endfacet
  facet normal -0.671478 0.741024 0
    outer loop
      vertex 59.5785 -31.8141 0
      vertex 59.7021 -31.7021 -2.4
      vertex 59.5785 -31.8141 -2.4
    endloop
  endfacet
  facet normal 0.0491602 0.998791 -0
    outer loop
      vertex 58.5 -32.2 -2.4
      vertex 58.3334 -32.1918 0
      vertex 58.5 -32.2 0
    endloop
  endfacet
  facet normal 0.0491602 0.998791 0
    outer loop
      vertex 58.3334 -32.1918 0
      vertex 58.5 -32.2 -2.4
      vertex 58.3334 -32.1918 -2.4
    endloop
  endfacet
  facet normal -0.427442 -0.904043 0
    outer loop
      vertex 59.1506 -28.9294 -2.4
      vertex 59.3014 -29.0007 0
      vertex 59.1506 -28.9294 0
    endloop
  endfacet
  facet normal -0.427442 -0.904043 -0
    outer loop
      vertex 59.3014 -29.0007 0
      vertex 59.1506 -28.9294 -2.4
      vertex 59.3014 -29.0007 -2.4
    endloop
  endfacet
  facet normal -0.989168 -0.146788 0
    outer loop
      vertex 60.1918 -30.3334 -2.4
      vertex 60.1673 -30.1683 0
      vertex 60.1673 -30.1683 -2.4
    endloop
  endfacet
  facet normal -0.989168 -0.146788 0
    outer loop
      vertex 60.1673 -30.1683 0
      vertex 60.1918 -30.3334 -2.4
      vertex 60.1918 -30.3334 0
    endloop
  endfacet
  facet normal -0.857652 0.514231 0
    outer loop
      vertex 59.9135 -31.4445 -2.4
      vertex 59.9993 -31.3014 0
      vertex 59.9993 -31.3014 -2.4
    endloop
  endfacet
  facet normal -0.857652 0.514231 0
    outer loop
      vertex 59.9993 -31.3014 0
      vertex 59.9135 -31.4445 -2.4
      vertex 59.9135 -31.4445 0
    endloop
  endfacet
  facet normal 0.0491602 -0.998791 0
    outer loop
      vertex 58.3334 -28.8082 -2.4
      vertex 58.5 -28.8 0
      vertex 58.3334 -28.8082 0
    endloop
  endfacet
  facet normal 0.0491602 -0.998791 0
    outer loop
      vertex 58.5 -28.8 0
      vertex 58.3334 -28.8082 -2.4
      vertex 58.5 -28.8 -2.4
    endloop
  endfacet
  facet normal 0.671478 0.741024 -0
    outer loop
      vertex 57.4215 -31.8141 -2.4
      vertex 57.2979 -31.7021 0
      vertex 57.4215 -31.8141 0
    endloop
  endfacet
  facet normal 0.671478 0.741024 0
    outer loop
      vertex 57.2979 -31.7021 0
      vertex 57.4215 -31.8141 -2.4
      vertex 57.2979 -31.7021 -2.4
    endloop
  endfacet
  facet normal 0.741024 0.671478 0
    outer loop
      vertex 57.2979 -31.7021 0
      vertex 57.1859 -31.5785 -2.4
      vertex 57.1859 -31.5785 0
    endloop
  endfacet
  facet normal 0.741024 0.671478 0
    outer loop
      vertex 57.1859 -31.5785 -2.4
      vertex 57.2979 -31.7021 0
      vertex 57.2979 -31.7021 -2.4
    endloop
  endfacet
  facet normal -0.904043 -0.427442 0
    outer loop
      vertex 60.0706 -29.8494 -2.4
      vertex 59.9993 -29.6986 0
      vertex 59.9993 -29.6986 -2.4
    endloop
  endfacet
  facet normal -0.904043 -0.427442 0
    outer loop
      vertex 59.9993 -29.6986 0
      vertex 60.0706 -29.8494 -2.4
      vertex 60.0706 -29.8494 0
    endloop
  endfacet
  facet normal -0.0491602 -0.998791 0
    outer loop
      vertex 58.5 -28.8 -2.4
      vertex 58.6666 -28.8082 0
      vertex 58.5 -28.8 0
    endloop
  endfacet
  facet normal -0.0491602 -0.998791 -0
    outer loop
      vertex 58.6666 -28.8082 0
      vertex 58.5 -28.8 -2.4
      vertex 58.6666 -28.8082 -2.4
    endloop
  endfacet
  facet normal 0.671478 -0.741024 0
    outer loop
      vertex 57.2979 -29.2979 -2.4
      vertex 57.4215 -29.1859 0
      vertex 57.2979 -29.2979 0
    endloop
  endfacet
  facet normal 0.671478 -0.741024 0
    outer loop
      vertex 57.4215 -29.1859 0
      vertex 57.2979 -29.2979 -2.4
      vertex 57.4215 -29.1859 -2.4
    endloop
  endfacet
  facet normal -0.941566 -0.33683 0
    outer loop
      vertex 60.1268 -30.0065 -2.4
      vertex 60.0706 -29.8494 0
      vertex 60.0706 -29.8494 -2.4
    endloop
  endfacet
  facet normal -0.941566 -0.33683 0
    outer loop
      vertex 60.0706 -29.8494 0
      vertex 60.1268 -30.0065 -2.4
      vertex 60.1268 -30.0065 0
    endloop
  endfacet
  facet normal -0.741024 0.671478 0
    outer loop
      vertex 59.7021 -31.7021 -2.4
      vertex 59.8141 -31.5785 0
      vertex 59.8141 -31.5785 -2.4
    endloop
  endfacet
  facet normal -0.741024 0.671478 0
    outer loop
      vertex 59.8141 -31.5785 0
      vertex 59.7021 -31.7021 -2.4
      vertex 59.7021 -31.7021 0
    endloop
  endfacet
  facet normal 0.242818 -0.970072 0
    outer loop
      vertex 58.0065 -28.8732 -2.4
      vertex 58.1683 -28.8327 0
      vertex 58.0065 -28.8732 0
    endloop
  endfacet
  facet normal 0.242818 -0.970072 0
    outer loop
      vertex 58.1683 -28.8327 0
      vertex 58.0065 -28.8732 -2.4
      vertex 58.1683 -28.8327 -2.4
    endloop
  endfacet
  facet normal -0.595772 -0.803154 0
    outer loop
      vertex 59.4445 -29.0865 -2.4
      vertex 59.5785 -29.1859 0
      vertex 59.4445 -29.0865 0
    endloop
  endfacet
  facet normal -0.595772 -0.803154 -0
    outer loop
      vertex 59.5785 -29.1859 0
      vertex 59.4445 -29.0865 -2.4
      vertex 59.5785 -29.1859 -2.4
    endloop
  endfacet
  facet normal -0.857652 -0.514231 0
    outer loop
      vertex 59.9993 -29.6986 -2.4
      vertex 59.9135 -29.5555 0
      vertex 59.9135 -29.5555 -2.4
    endloop
  endfacet
  facet normal -0.857652 -0.514231 0
    outer loop
      vertex 59.9135 -29.5555 0
      vertex 59.9993 -29.6986 -2.4
      vertex 59.9993 -29.6986 0
    endloop
  endfacet
  facet normal 0.803154 -0.595772 0
    outer loop
      vertex 57.0865 -29.5555 0
      vertex 57.1859 -29.4215 -2.4
      vertex 57.1859 -29.4215 0
    endloop
  endfacet
  facet normal 0.803154 -0.595772 0
    outer loop
      vertex 57.1859 -29.4215 -2.4
      vertex 57.0865 -29.5555 0
      vertex 57.0865 -29.5555 -2.4
    endloop
  endfacet
  facet normal 0.857652 0.514231 0
    outer loop
      vertex 57.0865 -31.4445 0
      vertex 57.0007 -31.3014 -2.4
      vertex 57.0007 -31.3014 0
    endloop
  endfacet
  facet normal 0.857652 0.514231 0
    outer loop
      vertex 57.0007 -31.3014 -2.4
      vertex 57.0865 -31.4445 0
      vertex 57.0865 -31.4445 -2.4
    endloop
  endfacet
  facet normal -0.33683 -0.941566 0
    outer loop
      vertex 58.9935 -28.8732 -2.4
      vertex 59.1506 -28.9294 0
      vertex 58.9935 -28.8732 0
    endloop
  endfacet
  facet normal -0.33683 -0.941566 -0
    outer loop
      vertex 59.1506 -28.9294 0
      vertex 58.9935 -28.8732 -2.4
      vertex 59.1506 -28.9294 -2.4
    endloop
  endfacet
  facet normal 0.857652 -0.514231 0
    outer loop
      vertex 57.0007 -29.6986 0
      vertex 57.0865 -29.5555 -2.4
      vertex 57.0865 -29.5555 0
    endloop
  endfacet
  facet normal 0.857652 -0.514231 0
    outer loop
      vertex 57.0865 -29.5555 -2.4
      vertex 57.0007 -29.6986 0
      vertex 57.0007 -29.6986 -2.4
    endloop
  endfacet
  facet normal 0.998791 0.0491602 0
    outer loop
      vertex 56.8082 -30.6666 0
      vertex 56.8 -30.5 -2.4
      vertex 56.8 -30.5 0
    endloop
  endfacet
  facet normal 0.998791 0.0491602 0
    outer loop
      vertex 56.8 -30.5 -2.4
      vertex 56.8082 -30.6666 0
      vertex 56.8082 -30.6666 -2.4
    endloop
  endfacet
  facet normal 0.998791 -0.0491602 0
    outer loop
      vertex 56.8 -30.5 0
      vertex 56.8082 -30.3334 -2.4
      vertex 56.8082 -30.3334 0
    endloop
  endfacet
  facet normal 0.998791 -0.0491602 0
    outer loop
      vertex 56.8082 -30.3334 -2.4
      vertex 56.8 -30.5 0
      vertex 56.8 -30.5 -2.4
    endloop
  endfacet
  facet normal 0 -1 0
    outer loop
      vertex -62 -37 -2.4
      vertex 62 -37 0
      vertex -62 -37 0
    endloop
  endfacet
  facet normal 0 -1 -0
    outer loop
      vertex 62 -37 0
      vertex -62 -37 -2.4
      vertex 62 -37 -2.4
    endloop
  endfacet
  facet normal 0.740908 0.671607 0
    outer loop
      vertex 64.319 35.9032 0
      vertex 64.1213 36.1213 -2.4
      vertex 64.1213 36.1213 0
    endloop
  endfacet
  facet normal 0.740908 0.671607 0
    outer loop
      vertex 64.1213 36.1213 -2.4
      vertex 64.319 35.9032 0
      vertex 64.319 35.9032 -2.4
    endloop
  endfacet
  facet normal 0.595699 0.803208 -0
    outer loop
      vertex 63.9032 36.319 -2.4
      vertex 63.6667 36.4944 0
      vertex 63.9032 36.319 0
    endloop
  endfacet
  facet normal 0.595699 0.803208 0
    outer loop
      vertex 63.6667 36.4944 0
      vertex 63.9032 36.319 -2.4
      vertex 63.6667 36.4944 -2.4
    endloop
  endfacet
  facet normal -0.998787 0.0492431 0
    outer loop
      vertex -65 34 -2.4
      vertex -64.9855 34.2941 0
      vertex -64.9855 34.2941 -2.4
    endloop
  endfacet
  facet normal -0.998787 0.0492431 0
    outer loop
      vertex -64.9855 34.2941 0
      vertex -65 34 -2.4
      vertex -65 34 0
    endloop
  endfacet
  facet normal 0.857643 0.514246 0
    outer loop
      vertex 64.6458 35.4142 0
      vertex 64.4944 35.6667 -2.4
      vertex 64.4944 35.6667 0
    endloop
  endfacet
  facet normal 0.857643 0.514246 0
    outer loop
      vertex 64.4944 35.6667 -2.4
      vertex 64.6458 35.4142 0
      vertex 64.6458 35.4142 -2.4
    endloop
  endfacet
  facet normal 0.671607 0.740908 -0
    outer loop
      vertex 64.1213 36.1213 -2.4
      vertex 63.9032 36.319 0
      vertex 64.1213 36.1213 0
    endloop
  endfacet
  facet normal 0.671607 0.740908 0
    outer loop
      vertex 63.9032 36.319 0
      vertex 64.1213 36.1213 -2.4
      vertex 63.9032 36.319 -2.4
    endloop
  endfacet
  facet normal -0.857643 -0.514246 0
    outer loop
      vertex -64.4944 -35.6667 -2.4
      vertex -64.6458 -35.4142 0
      vertex -64.6458 -35.4142 -2.4
    endloop
  endfacet
  facet normal -0.857643 -0.514246 0
    outer loop
      vertex -64.6458 -35.4142 0
      vertex -64.4944 -35.6667 -2.4
      vertex -64.4944 -35.6667 0
    endloop
  endfacet
  facet normal -0.671607 -0.740908 0
    outer loop
      vertex -64.1213 -36.1213 -2.4
      vertex -63.9032 -36.319 0
      vertex -64.1213 -36.1213 0
    endloop
  endfacet
  facet normal -0.671607 -0.740908 -0
    outer loop
      vertex -63.9032 -36.319 0
      vertex -64.1213 -36.1213 -2.4
      vertex -63.9032 -36.319 -2.4
    endloop
  endfacet
  facet normal -0.998787 -0.0492431 0
    outer loop
      vertex -64.9855 -34.2941 -2.4
      vertex -65 -34 0
      vertex -65 -34 -2.4
    endloop
  endfacet
  facet normal -0.998787 -0.0492431 0
    outer loop
      vertex -65 -34 0
      vertex -64.9855 -34.2941 -2.4
      vertex -64.9855 -34.2941 0
    endloop
  endfacet
  facet normal 0.337047 0.941488 -0
    outer loop
      vertex 63.148 36.7716 -2.4
      vertex 62.8709 36.8708 0
      vertex 63.148 36.7716 0
    endloop
  endfacet
  facet normal 0.337047 0.941488 0
    outer loop
      vertex 62.8709 36.8708 0
      vertex 63.148 36.7716 -2.4
      vertex 62.8709 36.8708 -2.4
    endloop
  endfacet
  facet normal 0.0489044 0.998803 -0
    outer loop
      vertex 62.2941 36.9856 -2.4
      vertex 62 37 0
      vertex 62.2941 36.9856 0
    endloop
  endfacet
  facet normal 0.0489044 0.998803 0
    outer loop
      vertex 62 37 0
      vertex 62.2941 36.9856 -2.4
      vertex 62 37 -2.4
    endloop
  endfacet
  facet normal -0.0489044 0.998803 0
    outer loop
      vertex -62 37 -2.4
      vertex -62.2941 36.9856 0
      vertex -62 37 0
    endloop
  endfacet
  facet normal -0.0489044 0.998803 0
    outer loop
      vertex -62.2941 36.9856 0
      vertex -62 37 -2.4
      vertex -62.2941 36.9856 -2.4
    endloop
  endfacet
  facet normal -0.514246 0.857643 0
    outer loop
      vertex -63.4142 36.6458 -2.4
      vertex -63.6667 36.4944 0
      vertex -63.4142 36.6458 0
    endloop
  endfacet
  facet normal -0.514246 0.857643 0
    outer loop
      vertex -63.6667 36.4944 0
      vertex -63.4142 36.6458 -2.4
      vertex -63.6667 36.4944 -2.4
    endloop
  endfacet
  facet normal -1 0 0
    outer loop
      vertex -65 -34 -2.4
      vertex -65 34 0
      vertex -65 34 -2.4
    endloop
  endfacet
  facet normal -1 -0 0
    outer loop
      vertex -65 34 0
      vertex -65 -34 -2.4
      vertex -65 -34 0
    endloop
  endfacet
  facet normal 0.969982 0.243175 0
    outer loop
      vertex 64.9424 34.5853 0
      vertex 64.8708 34.8709 -2.4
      vertex 64.8708 34.8709 0
    endloop
  endfacet
  facet normal 0.969982 0.243175 0
    outer loop
      vertex 64.8708 34.8709 -2.4
      vertex 64.9424 34.5853 0
      vertex 64.9424 34.5853 -2.4
    endloop
  endfacet
  facet normal -0.243175 -0.969982 0
    outer loop
      vertex -62.8709 -36.8708 -2.4
      vertex -62.5853 -36.9424 0
      vertex -62.8709 -36.8708 0
    endloop
  endfacet
  facet normal -0.243175 -0.969982 -0
    outer loop
      vertex -62.5853 -36.9424 0
      vertex -62.8709 -36.8708 -2.4
      vertex -62.5853 -36.9424 -2.4
    endloop
  endfacet
  facet normal -0.857643 0.514246 0
    outer loop
      vertex -64.6458 35.4142 -2.4
      vertex -64.4944 35.6667 0
      vertex -64.4944 35.6667 -2.4
    endloop
  endfacet
  facet normal -0.857643 0.514246 0
    outer loop
      vertex -64.4944 35.6667 0
      vertex -64.6458 35.4142 -2.4
      vertex -64.6458 35.4142 0
    endloop
  endfacet
  facet normal -0.0489044 -0.998803 0
    outer loop
      vertex -62.2941 -36.9856 -2.4
      vertex -62 -37 0
      vertex -62.2941 -36.9856 0
    endloop
  endfacet
  facet normal -0.0489044 -0.998803 -0
    outer loop
      vertex -62 -37 0
      vertex -62.2941 -36.9856 -2.4
      vertex -62 -37 -2.4
    endloop
  endfacet
  facet normal 0.427269 0.904125 -0
    outer loop
      vertex 63.4142 36.6458 -2.4
      vertex 63.148 36.7716 0
      vertex 63.4142 36.6458 0
    endloop
  endfacet
  facet normal 0.427269 0.904125 0
    outer loop
      vertex 63.148 36.7716 0
      vertex 63.4142 36.6458 -2.4
      vertex 63.148 36.7716 -2.4
    endloop
  endfacet
  facet normal 0.740908 -0.671607 0
    outer loop
      vertex 64.1213 -36.1213 0
      vertex 64.319 -35.9032 -2.4
      vertex 64.319 -35.9032 0
    endloop
  endfacet
  facet normal 0.740908 -0.671607 0
    outer loop
      vertex 64.319 -35.9032 -2.4
      vertex 64.1213 -36.1213 0
      vertex 64.1213 -36.1213 -2.4
    endloop
  endfacet
  facet normal 0 1 -0
    outer loop
      vertex 62 37 -2.4
      vertex -62 37 0
      vertex 62 37 0
    endloop
  endfacet
  facet normal 0 1 0
    outer loop
      vertex -62 37 0
      vertex 62 37 -2.4
      vertex -62 37 -2.4
    endloop
  endfacet
  facet normal 0.514246 0.857643 -0
    outer loop
      vertex 63.6667 36.4944 -2.4
      vertex 63.4142 36.6458 0
      vertex 63.6667 36.4944 0
    endloop
  endfacet
  facet normal 0.514246 0.857643 0
    outer loop
      vertex 63.4142 36.6458 0
      vertex 63.6667 36.4944 -2.4
      vertex 63.4142 36.6458 -2.4
    endloop
  endfacet
  facet normal 0.904125 -0.427269 0
    outer loop
      vertex 64.6458 -35.4142 0
      vertex 64.7716 -35.148 -2.4
      vertex 64.7716 -35.148 0
    endloop
  endfacet
  facet normal 0.904125 -0.427269 0
    outer loop
      vertex 64.7716 -35.148 -2.4
      vertex 64.6458 -35.4142 0
      vertex 64.6458 -35.4142 -2.4
    endloop
  endfacet
  facet normal -0.337047 -0.941488 0
    outer loop
      vertex -63.148 -36.7716 -2.4
      vertex -62.8709 -36.8708 0
      vertex -63.148 -36.7716 0
    endloop
  endfacet
  facet normal -0.337047 -0.941488 -0
    outer loop
      vertex -62.8709 -36.8708 0
      vertex -63.148 -36.7716 -2.4
      vertex -62.8709 -36.8708 -2.4
    endloop
  endfacet
  facet normal 0.595699 -0.803208 0
    outer loop
      vertex 63.6667 -36.4944 -2.4
      vertex 63.9032 -36.319 0
      vertex 63.6667 -36.4944 0
    endloop
  endfacet
  facet normal 0.595699 -0.803208 0
    outer loop
      vertex 63.9032 -36.319 0
      vertex 63.6667 -36.4944 -2.4
      vertex 63.9032 -36.319 -2.4
    endloop
  endfacet
  facet normal 0.0489044 -0.998803 0
    outer loop
      vertex 62 -37 -2.4
      vertex 62.2941 -36.9856 0
      vertex 62 -37 0
    endloop
  endfacet
  facet normal 0.0489044 -0.998803 0
    outer loop
      vertex 62.2941 -36.9856 0
      vertex 62 -37 -2.4
      vertex 62.2941 -36.9856 -2.4
    endloop
  endfacet
  facet normal 0.803208 0.595699 0
    outer loop
      vertex 64.4944 35.6667 0
      vertex 64.319 35.9032 -2.4
      vertex 64.319 35.9032 0
    endloop
  endfacet
  facet normal 0.803208 0.595699 0
    outer loop
      vertex 64.319 35.9032 -2.4
      vertex 64.4944 35.6667 0
      vertex 64.4944 35.6667 -2.4
    endloop
  endfacet
  facet normal -0.146746 -0.989174 0
    outer loop
      vertex -62.5853 -36.9424 -2.4
      vertex -62.2941 -36.9856 0
      vertex -62.5853 -36.9424 0
    endloop
  endfacet
  facet normal -0.146746 -0.989174 -0
    outer loop
      vertex -62.2941 -36.9856 0
      vertex -62.5853 -36.9424 -2.4
      vertex -62.2941 -36.9856 -2.4
    endloop
  endfacet
  facet normal 0.857643 -0.514246 0
    outer loop
      vertex 64.4944 -35.6667 0
      vertex 64.6458 -35.4142 -2.4
      vertex 64.6458 -35.4142 0
    endloop
  endfacet
  facet normal 0.857643 -0.514246 0
    outer loop
      vertex 64.6458 -35.4142 -2.4
      vertex 64.4944 -35.6667 0
      vertex 64.4944 -35.6667 -2.4
    endloop
  endfacet
  facet normal 0.941488 -0.337047 0
    outer loop
      vertex 64.7716 -35.148 0
      vertex 64.8708 -34.8709 -2.4
      vertex 64.8708 -34.8709 0
    endloop
  endfacet
  facet normal 0.941488 -0.337047 0
    outer loop
      vertex 64.8708 -34.8709 -2.4
      vertex 64.7716 -35.148 0
      vertex 64.7716 -35.148 -2.4
    endloop
  endfacet
  facet normal 0 0 1
    outer loop
      vertex -60.1673 -30.1683 0
      vertex -61.65 -28.0406 0
      vertex -60.1918 -30.3334 0
    endloop
  endfacet
  facet normal 0 -0 1
    outer loop
      vertex -61.3284 -33.3284 0
      vertex -60.2 -30.5 0
      vertex -61.5492 -33.0848 0
    endloop
  endfacet
  facet normal 0 0 1
    outer loop
      vertex -60.2 -30.5 0
      vertex -61.3284 -33.3284 0
      vertex -61.0848 -33.5492 0
    endloop
  endfacet
  facet normal 0 0 1
    outer loop
      vertex -60.1918 -30.3334 0
      vertex -61.65 -28.0406 0
      vertex -60.2 -30.5 0
    endloop
  endfacet
  facet normal 0 0 1
    outer loop
      vertex -56.8732 30.0065 0
      vertex -54.9082 32.25 0
      vertex -56.8327 30.1683 0
    endloop
  endfacet
  facet normal 0 0 1
    outer loop
      vertex -54.9082 -32.25 0
      vertex -56.8082 -30.3334 0
      vertex -56.8 -30.5 0
    endloop
  endfacet
  facet normal 0 0 1
    outer loop
      vertex -56.9294 29.8494 0
      vertex -54.9082 32.25 0
      vertex -56.8732 30.0065 0
    endloop
  endfacet
  facet normal 0 0 1
    outer loop
      vertex -54.9082 -32.25 0
      vertex -56.8327 -30.1683 0
      vertex -56.8082 -30.3334 0
    endloop
  endfacet
  facet normal 0 0 1
    outer loop
      vertex -57.0007 29.6986 0
      vertex -54.9082 32.25 0
      vertex -56.9294 29.8494 0
    endloop
  endfacet
  facet normal 0 0 1
    outer loop
      vertex -54.9082 -32.25 0
      vertex -56.8732 -30.0065 0
      vertex -56.8327 -30.1683 0
    endloop
  endfacet
  facet normal 0 0 1
    outer loop
      vertex -57.0865 29.5555 0
      vertex -54.9082 32.25 0
      vertex -57.0007 29.6986 0
    endloop
  endfacet
  facet normal 0 0 1
    outer loop
      vertex -54.9082 -32.25 0
      vertex -56.9294 -29.8494 0
      vertex -56.8732 -30.0065 0
    endloop
  endfacet
  facet normal 0 0 1
    outer loop
      vertex -54.9082 32.25 0
      vertex -57.0865 29.5555 0
      vertex -54.9082 -32.25 0
    endloop
  endfacet
  facet normal 0 0 1
    outer loop
      vertex -54.9082 -32.25 0
      vertex -57.0007 -29.6986 0
      vertex -56.9294 -29.8494 0
    endloop
  endfacet
  facet normal -0 0 1
    outer loop
      vertex -57.0865 -29.5555 0
      vertex -54.9082 -32.25 0
      vertex -57.0865 29.5555 0
    endloop
  endfacet
  facet normal 0 0 1
    outer loop
      vertex -54.9082 -32.25 0
      vertex -57.0865 -29.5555 0
      vertex -57.0007 -29.6986 0
    endloop
  endfacet
  facet normal -0 0 1
    outer loop
      vertex -57.1859 29.4215 0
      vertex -57.0865 -29.5555 0
      vertex -57.0865 29.5555 0
    endloop
  endfacet
  facet normal 0 0 1
    outer loop
      vertex -57.1859 29.4215 0
      vertex -57.1859 -29.4215 0
      vertex -57.0865 -29.5555 0
    endloop
  endfacet
  facet normal -0 0 1
    outer loop
      vertex -57.2979 29.2979 0
      vertex -57.1859 -29.4215 0
      vertex -57.1859 29.4215 0
    endloop
  endfacet
  facet normal 0 0 1
    outer loop
      vertex -57.2979 29.2979 0
      vertex -57.2979 -29.2979 0
      vertex -57.1859 -29.4215 0
    endloop
  endfacet
  facet normal -0 0 1
    outer loop
      vertex -57.4215 29.1859 0
      vertex -57.2979 -29.2979 0
      vertex -57.2979 29.2979 0
    endloop
  endfacet
  facet normal 0 0 1
    outer loop
      vertex -57.4215 29.1859 0
      vertex -57.4215 -29.1859 0
      vertex -57.2979 -29.2979 0
    endloop
  endfacet
  facet normal -0 0 1
    outer loop
      vertex -57.5555 29.0865 0
      vertex -57.4215 -29.1859 0
      vertex -57.4215 29.1859 0
    endloop
  endfacet
  facet normal 0 0 1
    outer loop
      vertex -57.5555 29.0865 0
      vertex -57.5555 -29.0865 0
      vertex -57.4215 -29.1859 0
    endloop
  endfacet
  facet normal 0 0 1
    outer loop
      vertex -60.25 26.9082 0
      vertex -57.5555 29.0865 0
      vertex -57.6986 29.0007 0
    endloop
  endfacet
  facet normal 0 0 1
    outer loop
      vertex -57.5555 29.0865 0
      vertex -60.25 26.9082 0
      vertex -57.5555 -29.0865 0
    endloop
  endfacet
  facet normal 0 0 1
    outer loop
      vertex -60.25 26.9082 0
      vertex -57.6986 29.0007 0
      vertex -57.8494 28.9294 0
    endloop
  endfacet
  facet normal -0 0 1
    outer loop
      vertex -60.25 -26.9082 0
      vertex -57.5555 -29.0865 0
      vertex -60.25 26.9082 0
    endloop
  endfacet
  facet normal 0 0 1
    outer loop
      vertex -60.25 26.9082 0
      vertex -57.8494 28.9294 0
      vertex -58.0065 28.8732 0
    endloop
  endfacet
  facet normal 0 0 1
    outer loop
      vertex -57.5555 -29.0865 0
      vertex -60.25 -26.9082 0
      vertex -57.6986 -29.0007 0
    endloop
  endfacet
  facet normal 0 0 1
    outer loop
      vertex -60.25 26.9082 0
      vertex -58.0065 28.8732 0
      vertex -58.1683 28.8327 0
    endloop
  endfacet
  facet normal 0 0 1
    outer loop
      vertex -57.6986 -29.0007 0
      vertex -60.25 -26.9082 0
      vertex -57.8494 -28.9294 0
    endloop
  endfacet
  facet normal 0 0 1
    outer loop
      vertex -60.25 26.9082 0
      vertex -58.1683 28.8327 0
      vertex -58.3334 28.8082 0
    endloop
  endfacet
  facet normal 0 0 1
    outer loop
      vertex -57.8494 -28.9294 0
      vertex -60.25 -26.9082 0
      vertex -58.0065 -28.8732 0
    endloop
  endfacet
  facet normal 0 0 1
    outer loop
      vertex -60.25 26.9082 0
      vertex -58.3334 28.8082 0
      vertex -58.5 28.8 0
    endloop
  endfacet
  facet normal 0 0 1
    outer loop
      vertex -58.0065 -28.8732 0
      vertex -60.25 -26.9082 0
      vertex -58.1683 -28.8327 0
    endloop
  endfacet
  facet normal 0 0 1
    outer loop
      vertex -60.25 26.9082 0
      vertex -58.5 28.8 0
      vertex -58.6666 28.8082 0
    endloop
  endfacet
  facet normal 0 0 1
    outer loop
      vertex -58.1683 -28.8327 0
      vertex -60.25 -26.9082 0
      vertex -58.3334 -28.8082 0
    endloop
  endfacet
  facet normal 0 0 1
    outer loop
      vertex -60.25 26.9082 0
      vertex -58.6666 28.8082 0
      vertex -58.8317 28.8327 0
    endloop
  endfacet
  facet normal 0 0 1
    outer loop
      vertex -58.3334 -28.8082 0
      vertex -60.25 -26.9082 0
      vertex -58.5 -28.8 0
    endloop
  endfacet
  facet normal 0 0 1
    outer loop
      vertex -60.25 26.9082 0
      vertex -58.8317 28.8327 0
      vertex -58.9935 28.8732 0
    endloop
  endfacet
  facet normal 0 0 1
    outer loop
      vertex -58.5 -28.8 0
      vertex -60.25 -26.9082 0
      vertex -58.6666 -28.8082 0
    endloop
  endfacet
  facet normal 0 0 1
    outer loop
      vertex -60.25 26.9082 0
      vertex -58.9935 28.8732 0
      vertex -59.1506 28.9294 0
    endloop
  endfacet
  facet normal 0 0 1
    outer loop
      vertex -58.6666 -28.8082 0
      vertex -60.25 -26.9082 0
      vertex -58.8317 -28.8327 0
    endloop
  endfacet
  facet normal 0 0 1
    outer loop
      vertex -60.25 26.9082 0
      vertex -59.1506 28.9294 0
      vertex -59.3014 29.0007 0
    endloop
  endfacet
  facet normal 0 0 1
    outer loop
      vertex -58.8317 -28.8327 0
      vertex -60.25 -26.9082 0
      vertex -58.9935 -28.8732 0
    endloop
  endfacet
  facet normal 0 0 1
    outer loop
      vertex -60.3856 26.9723 0
      vertex -59.3014 29.0007 0
      vertex -59.4445 29.0865 0
    endloop
  endfacet
  facet normal 0 0 1
    outer loop
      vertex -58.9935 -28.8732 0
      vertex -60.25 -26.9082 0
      vertex -59.1506 -28.9294 0
    endloop
  endfacet
  facet normal 0 0 1
    outer loop
      vertex -60.7223 27.1741 0
      vertex -59.4445 29.0865 0
      vertex -59.5785 29.1859 0
    endloop
  endfacet
  facet normal 0 0 1
    outer loop
      vertex -59.1506 -28.9294 0
      vertex -60.25 -26.9082 0
      vertex -59.3014 -29.0007 0
    endloop
  endfacet
  facet normal 0 0 1
    outer loop
      vertex -61.0376 27.408 0
      vertex -59.5785 29.1859 0
      vertex -59.7021 29.2979 0
    endloop
  endfacet
  facet normal -0 0 1
    outer loop
      vertex -60.3856 -26.9723 0
      vertex -59.3014 -29.0007 0
      vertex -60.25 -26.9082 0
    endloop
  endfacet
  facet normal 0 0 1
    outer loop
      vertex -61.3284 27.6716 0
      vertex -59.7021 29.2979 0
      vertex -59.8141 29.4215 0
    endloop
  endfacet
  facet normal 0 0 1
    outer loop
      vertex -59.3014 -29.0007 0
      vertex -60.3856 -26.9723 0
      vertex -59.4445 -29.0865 0
    endloop
  endfacet
  facet normal 0 0 1
    outer loop
      vertex -61.65 28.0406 0
      vertex -59.8141 29.4215 0
      vertex -59.9135 29.5555 0
    endloop
  endfacet
  facet normal -0 0 1
    outer loop
      vertex -60.7223 -27.1741 0
      vertex -59.4445 -29.0865 0
      vertex -60.3856 -26.9723 0
    endloop
  endfacet
  facet normal 0 0 1
    outer loop
      vertex -61.65 28.0406 0
      vertex -59.9135 29.5555 0
      vertex -59.9993 29.6986 0
    endloop
  endfacet
  facet normal 0 0 1
    outer loop
      vertex -59.4445 -29.0865 0
      vertex -60.7223 -27.1741 0
      vertex -59.5785 -29.1859 0
    endloop
  endfacet
  facet normal 0 0 1
    outer loop
      vertex -61.65 28.0406 0
      vertex -59.9993 29.6986 0
      vertex -60.0706 29.8494 0
    endloop
  endfacet
  facet normal -0 0 1
    outer loop
      vertex -61.0376 -27.408 0
      vertex -59.5785 -29.1859 0
      vertex -60.7223 -27.1741 0
    endloop
  endfacet
  facet normal 0 0 1
    outer loop
      vertex -61.65 28.0406 0
      vertex -60.0706 29.8494 0
      vertex -60.1268 30.0065 0
    endloop
  endfacet
  facet normal 0 0 1
    outer loop
      vertex -59.5785 -29.1859 0
      vertex -61.0376 -27.408 0
      vertex -59.7021 -29.2979 0
    endloop
  endfacet
  facet normal 0 0 1
    outer loop
      vertex -61.65 28.0406 0
      vertex -60.1268 30.0065 0
      vertex -60.1673 30.1683 0
    endloop
  endfacet
  facet normal -0 0 1
    outer loop
      vertex -61.3284 -27.6716 0
      vertex -59.7021 -29.2979 0
      vertex -61.0376 -27.408 0
    endloop
  endfacet
  facet normal 0 0 1
    outer loop
      vertex -61.65 28.0406 0
      vertex -60.1673 30.1683 0
      vertex -60.1918 30.3334 0
    endloop
  endfacet
  facet normal 0 0 1
    outer loop
      vertex -59.7021 -29.2979 0
      vertex -61.3284 -27.6716 0
      vertex -59.8141 -29.4215 0
    endloop
  endfacet
  facet normal 0 0 1
    outer loop
      vertex -61.65 28.0406 0
      vertex -60.1918 30.3334 0
      vertex -60.2 30.5 0
    endloop
  endfacet
  facet normal -0 0 1
    outer loop
      vertex -61.592 -27.9624 0
      vertex -59.8141 -29.4215 0
      vertex -61.3284 -27.6716 0
    endloop
  endfacet
  facet normal 0 0 1
    outer loop
      vertex 56.9294 -29.8494 0
      vertex 54.9082 -32.25 0
      vertex 56.8732 -30.0065 0
    endloop
  endfacet
  facet normal 0 0 1
    outer loop
      vertex 56.8732 -30.0065 0
      vertex 54.9082 -32.25 0
      vertex 56.8327 -30.1683 0
    endloop
  endfacet
  facet normal 0 0 1
    outer loop
      vertex 54.9082 32.25 0
      vertex 55.9624 33.592 0
      vertex 55.6716 33.3284 0
    endloop
  endfacet
  facet normal 0 -0 1
    outer loop
      vertex 54.9723 -32.3856 0
      vertex 56.8327 -30.1683 0
      vertex 54.9082 -32.25 0
    endloop
  endfacet
  facet normal 0 0 1
    outer loop
      vertex 54.9082 32.25 0
      vertex 55.6716 33.3284 0
      vertex 55.408 33.0376 0
    endloop
  endfacet
  facet normal 0 -0 1
    outer loop
      vertex 55.9624 -33.592 0
      vertex 56.8327 -30.1683 0
      vertex 55.6716 -33.3284 0
    endloop
  endfacet
  facet normal 0 0 1
    outer loop
      vertex 54.9082 32.25 0
      vertex 55.408 33.0376 0
      vertex 55.1741 32.7223 0
    endloop
  endfacet
  facet normal 0 0 1
    outer loop
      vertex 56.8327 -30.1683 0
      vertex 55.9624 -33.592 0
      vertex 56.0406 -33.65 0
    endloop
  endfacet
  facet normal 0 0 1
    outer loop
      vertex 54.9082 32.25 0
      vertex 55.1741 32.7223 0
      vertex 54.9723 32.3856 0
    endloop
  endfacet
  facet normal 0 0 1
    outer loop
      vertex 56.8327 -30.1683 0
      vertex 55.408 -33.0376 0
      vertex 55.6716 -33.3284 0
    endloop
  endfacet
  facet normal 0 0 1
    outer loop
      vertex 56.8327 -30.1683 0
      vertex 55.1741 -32.7223 0
      vertex 55.408 -33.0376 0
    endloop
  endfacet
  facet normal 0 0 1
    outer loop
      vertex 56.8327 -30.1683 0
      vertex 54.9723 -32.3856 0
      vertex 55.1741 -32.7223 0
    endloop
  endfacet
  facet normal -0 0 1
    outer loop
      vertex -54.9082 32.25 0
      vertex 54.9082 -32.25 0
      vertex 54.9082 32.25 0
    endloop
  endfacet
  facet normal 0 0 1
    outer loop
      vertex -54.9082 32.25 0
      vertex -54.9082 -32.25 0
      vertex 54.9082 -32.25 0
    endloop
  endfacet
  facet normal 0 0 1
    outer loop
      vertex -57.0007 31.3014 0
      vertex -54.9082 32.25 0
      vertex -54.9723 32.3856 0
    endloop
  endfacet
  facet normal 0 0 1
    outer loop
      vertex -56.8082 30.3334 0
      vertex -54.9082 32.25 0
      vertex -56.8 30.5 0
    endloop
  endfacet
  facet normal 0 0 1
    outer loop
      vertex -57.0007 31.3014 0
      vertex -54.9723 32.3856 0
      vertex -55.1741 32.7223 0
    endloop
  endfacet
  facet normal 0 0 1
    outer loop
      vertex -56.8327 30.1683 0
      vertex -54.9082 32.25 0
      vertex -56.8082 30.3334 0
    endloop
  endfacet
  facet normal 0 0 1
    outer loop
      vertex -57.0865 31.4445 0
      vertex -55.1741 32.7223 0
      vertex -55.408 33.0376 0
    endloop
  endfacet
  facet normal -0 0 1
    outer loop
      vertex -56.8082 -30.6666 0
      vertex -54.9082 -32.25 0
      vertex -56.8 -30.5 0
    endloop
  endfacet
  facet normal 0 0 1
    outer loop
      vertex -57.1859 31.5785 0
      vertex -55.408 33.0376 0
      vertex -55.6716 33.3284 0
    endloop
  endfacet
  facet normal -0 0 1
    outer loop
      vertex -56.8327 -30.8317 0
      vertex -54.9082 -32.25 0
      vertex -56.8082 -30.6666 0
    endloop
  endfacet
  facet normal 0 0 1
    outer loop
      vertex -57.2979 31.7021 0
      vertex -55.6716 33.3284 0
      vertex -55.9624 33.592 0
    endloop
  endfacet
  facet normal -0 0 1
    outer loop
      vertex -56.8732 -30.9935 0
      vertex -54.9082 -32.25 0
      vertex -56.8327 -30.8317 0
    endloop
  endfacet
  facet normal 0 0 1
    outer loop
      vertex -57.4215 31.8141 0
      vertex -55.9624 33.592 0
      vertex -56.0406 33.65 0
    endloop
  endfacet
  facet normal -0 0 1
    outer loop
      vertex -56.9294 -31.1506 0
      vertex -54.9082 -32.25 0
      vertex -56.8732 -30.9935 0
    endloop
  endfacet
  facet normal 0 0 1
    outer loop
      vertex 61.592 27.9624 0
      vertex 59.8141 29.4215 0
      vertex 61.3284 27.6716 0
    endloop
  endfacet
  facet normal 0 0 1
    outer loop
      vertex 60.25 -26.9082 0
      vertex 60.1918 -30.3334 0
      vertex 60.2 -30.5 0
    endloop
  endfacet
  facet normal -0 0 1
    outer loop
      vertex 59.7021 29.2979 0
      vertex 61.3284 27.6716 0
      vertex 59.8141 29.4215 0
    endloop
  endfacet
  facet normal 0 0 1
    outer loop
      vertex 60.25 -26.9082 0
      vertex 60.1673 -30.1683 0
      vertex 60.1918 -30.3334 0
    endloop
  endfacet
  facet normal 0 0 1
    outer loop
      vertex 61.3284 27.6716 0
      vertex 59.7021 29.2979 0
      vertex 61.0376 27.408 0
    endloop
  endfacet
  facet normal 0 0 1
    outer loop
      vertex 60.25 -26.9082 0
      vertex 60.1268 -30.0065 0
      vertex 60.1673 -30.1683 0
    endloop
  endfacet
  facet normal -0 0 1
    outer loop
      vertex 59.5785 29.1859 0
      vertex 61.0376 27.408 0
      vertex 59.7021 29.2979 0
    endloop
  endfacet
  facet normal 0 0 1
    outer loop
      vertex 60.25 -26.9082 0
      vertex 60.0706 -29.8494 0
      vertex 60.1268 -30.0065 0
    endloop
  endfacet
  facet normal 0 0 1
    outer loop
      vertex 61.0376 27.408 0
      vertex 59.5785 29.1859 0
      vertex 60.7223 27.1741 0
    endloop
  endfacet
  facet normal 0 0 1
    outer loop
      vertex 60.25 -26.9082 0
      vertex 59.9993 -29.6986 0
      vertex 60.0706 -29.8494 0
    endloop
  endfacet
  facet normal -0 0 1
    outer loop
      vertex 59.4445 29.0865 0
      vertex 60.7223 27.1741 0
      vertex 59.5785 29.1859 0
    endloop
  endfacet
  facet normal 0 0 1
    outer loop
      vertex 60.25 -26.9082 0
      vertex 59.9135 -29.5555 0
      vertex 59.9993 -29.6986 0
    endloop
  endfacet
  facet normal 0 0 1
    outer loop
      vertex 60.7223 27.1741 0
      vertex 59.4445 29.0865 0
      vertex 60.3856 26.9723 0
    endloop
  endfacet
  facet normal 0 0 1
    outer loop
      vertex 60.25 -26.9082 0
      vertex 59.8141 -29.4215 0
      vertex 59.9135 -29.5555 0
    endloop
  endfacet
  facet normal -0 0 1
    outer loop
      vertex 59.3014 29.0007 0
      vertex 60.3856 26.9723 0
      vertex 59.4445 29.0865 0
    endloop
  endfacet
  facet normal 0 0 1
    outer loop
      vertex 60.25 -26.9082 0
      vertex 59.7021 -29.2979 0
      vertex 59.8141 -29.4215 0
    endloop
  endfacet
  facet normal 0 0 1
    outer loop
      vertex 60.3856 26.9723 0
      vertex 59.3014 29.0007 0
      vertex 60.25 26.9082 0
    endloop
  endfacet
  facet normal 0 0 1
    outer loop
      vertex 60.25 -26.9082 0
      vertex 59.5785 -29.1859 0
      vertex 59.7021 -29.2979 0
    endloop
  endfacet
  facet normal -0 0 1
    outer loop
      vertex 59.1506 28.9294 0
      vertex 60.25 26.9082 0
      vertex 59.3014 29.0007 0
    endloop
  endfacet
  facet normal 0 0 1
    outer loop
      vertex 60.25 -26.9082 0
      vertex 59.4445 -29.0865 0
      vertex 59.5785 -29.1859 0
    endloop
  endfacet
  facet normal -0 0 1
    outer loop
      vertex 58.9935 28.8732 0
      vertex 60.25 26.9082 0
      vertex 59.1506 28.9294 0
    endloop
  endfacet
  facet normal 0 0 1
    outer loop
      vertex 60.25 -26.9082 0
      vertex 59.3014 -29.0007 0
      vertex 59.4445 -29.0865 0
    endloop
  endfacet
  facet normal -0 0 1
    outer loop
      vertex 58.8317 28.8327 0
      vertex 60.25 26.9082 0
      vertex 58.9935 28.8732 0
    endloop
  endfacet
  facet normal 0 0 1
    outer loop
      vertex 60.25 -26.9082 0
      vertex 59.1506 -28.9294 0
      vertex 59.3014 -29.0007 0
    endloop
  endfacet
  facet normal -0 0 1
    outer loop
      vertex 58.6666 28.8082 0
      vertex 60.25 26.9082 0
      vertex 58.8317 28.8327 0
    endloop
  endfacet
  facet normal 0 0 1
    outer loop
      vertex 60.25 -26.9082 0
      vertex 58.9935 -28.8732 0
      vertex 59.1506 -28.9294 0
    endloop
  endfacet
  facet normal -0 0 1
    outer loop
      vertex 58.5 28.8 0
      vertex 60.25 26.9082 0
      vertex 58.6666 28.8082 0
    endloop
  endfacet
  facet normal 0 0 1
    outer loop
      vertex 60.25 -26.9082 0
      vertex 58.8317 -28.8327 0
      vertex 58.9935 -28.8732 0
    endloop
  endfacet
  facet normal 0 0 1
    outer loop
      vertex 58.3334 28.8082 0
      vertex 60.25 26.9082 0
      vertex 58.5 28.8 0
    endloop
  endfacet
  facet normal 0 0 1
    outer loop
      vertex 60.25 -26.9082 0
      vertex 58.6666 -28.8082 0
      vertex 58.8317 -28.8327 0
    endloop
  endfacet
  facet normal 0 0 1
    outer loop
      vertex 58.1683 28.8327 0
      vertex 60.25 26.9082 0
      vertex 58.3334 28.8082 0
    endloop
  endfacet
  facet normal 0 0 1
    outer loop
      vertex 60.25 -26.9082 0
      vertex 58.5 -28.8 0
      vertex 58.6666 -28.8082 0
    endloop
  endfacet
  facet normal 0 0 1
    outer loop
      vertex 58.0065 28.8732 0
      vertex 60.25 26.9082 0
      vertex 58.1683 28.8327 0
    endloop
  endfacet
  facet normal 0 0 1
    outer loop
      vertex 60.25 -26.9082 0
      vertex 58.3334 -28.8082 0
      vertex 58.5 -28.8 0
    endloop
  endfacet
  facet normal 0 0 1
    outer loop
      vertex 57.8494 28.9294 0
      vertex 60.25 26.9082 0
      vertex 58.0065 28.8732 0
    endloop
  endfacet
  facet normal 0 0 1
    outer loop
      vertex 60.25 -26.9082 0
      vertex 58.1683 -28.8327 0
      vertex 58.3334 -28.8082 0
    endloop
  endfacet
  facet normal 0 0 1
    outer loop
      vertex 57.6986 29.0007 0
      vertex 60.25 26.9082 0
      vertex 57.8494 28.9294 0
    endloop
  endfacet
  facet normal 0 0 1
    outer loop
      vertex 60.25 -26.9082 0
      vertex 58.0065 -28.8732 0
      vertex 58.1683 -28.8327 0
    endloop
  endfacet
  facet normal 0 0 1
    outer loop
      vertex 57.5555 29.0865 0
      vertex 60.25 26.9082 0
      vertex 57.6986 29.0007 0
    endloop
  endfacet
  facet normal 0 0 1
    outer loop
      vertex 60.25 -26.9082 0
      vertex 57.8494 -28.9294 0
      vertex 58.0065 -28.8732 0
    endloop
  endfacet
  facet normal 0 0 1
    outer loop
      vertex 60.25 26.9082 0
      vertex 57.5555 29.0865 0
      vertex 60.25 -26.9082 0
    endloop
  endfacet
  facet normal 0 0 1
    outer loop
      vertex 60.25 -26.9082 0
      vertex 57.6986 -29.0007 0
      vertex 57.8494 -28.9294 0
    endloop
  endfacet
  facet normal 0 0 1
    outer loop
      vertex 57.5555 -29.0865 0
      vertex 60.25 -26.9082 0
      vertex 57.5555 29.0865 0
    endloop
  endfacet
  facet normal 0 0 1
    outer loop
      vertex 60.25 -26.9082 0
      vertex 57.5555 -29.0865 0
      vertex 57.6986 -29.0007 0
    endloop
  endfacet
  facet normal 0 0 1
    outer loop
      vertex 57.4215 29.1859 0
      vertex 57.5555 -29.0865 0
      vertex 57.5555 29.0865 0
    endloop
  endfacet
  facet normal 0 0 1
    outer loop
      vertex 57.4215 29.1859 0
      vertex 57.4215 -29.1859 0
      vertex 57.5555 -29.0865 0
    endloop
  endfacet
  facet normal 0 0 1
    outer loop
      vertex 57.2979 29.2979 0
      vertex 57.4215 -29.1859 0
      vertex 57.4215 29.1859 0
    endloop
  endfacet
  facet normal 0 0 1
    outer loop
      vertex 57.2979 29.2979 0
      vertex 57.2979 -29.2979 0
      vertex 57.4215 -29.1859 0
    endloop
  endfacet
  facet normal 0 0 1
    outer loop
      vertex 57.1859 29.4215 0
      vertex 57.2979 -29.2979 0
      vertex 57.2979 29.2979 0
    endloop
  endfacet
  facet normal 0 0 1
    outer loop
      vertex 57.1859 29.4215 0
      vertex 57.1859 -29.4215 0
      vertex 57.2979 -29.2979 0
    endloop
  endfacet
  facet normal 0 0 1
    outer loop
      vertex 57.0865 29.5555 0
      vertex 57.1859 -29.4215 0
      vertex 57.1859 29.4215 0
    endloop
  endfacet
  facet normal 0 0 1
    outer loop
      vertex 57.0865 29.5555 0
      vertex 57.0865 -29.5555 0
      vertex 57.1859 -29.4215 0
    endloop
  endfacet
  facet normal 0 0 1
    outer loop
      vertex 54.9082 32.25 0
      vertex 57.0865 29.5555 0
      vertex 57.0007 29.6986 0
    endloop
  endfacet
  facet normal 0 0 1
    outer loop
      vertex 57.0865 29.5555 0
      vertex 54.9082 32.25 0
      vertex 57.0865 -29.5555 0
    endloop
  endfacet
  facet normal 0 0 1
    outer loop
      vertex 54.9082 32.25 0
      vertex 57.0007 29.6986 0
      vertex 56.9294 29.8494 0
    endloop
  endfacet
  facet normal 0 0 1
    outer loop
      vertex 54.9082 -32.25 0
      vertex 57.0865 -29.5555 0
      vertex 54.9082 32.25 0
    endloop
  endfacet
  facet normal 0 0 1
    outer loop
      vertex 54.9082 32.25 0
      vertex 56.9294 29.8494 0
      vertex 56.8732 30.0065 0
    endloop
  endfacet
  facet normal 0 0 1
    outer loop
      vertex 57.0865 -29.5555 0
      vertex 54.9082 -32.25 0
      vertex 57.0007 -29.6986 0
    endloop
  endfacet
  facet normal 0 0 1
    outer loop
      vertex 54.9082 32.25 0
      vertex 56.8732 30.0065 0
      vertex 56.8327 30.1683 0
    endloop
  endfacet
  facet normal 0 0 1
    outer loop
      vertex 57.0007 -29.6986 0
      vertex 54.9082 -32.25 0
      vertex 56.9294 -29.8494 0
    endloop
  endfacet
  facet normal 0 0 1
    outer loop
      vertex 56.8082 30.6666 0
      vertex 54.9082 32.25 0
      vertex 56.8 30.5 0
    endloop
  endfacet
  facet normal 0 0 1
    outer loop
      vertex 56.8 30.5 0
      vertex 54.9082 32.25 0
      vertex 56.8082 30.3334 0
    endloop
  endfacet
  facet normal 0 0 1
    outer loop
      vertex 56.8327 30.8317 0
      vertex 54.9082 32.25 0
      vertex 56.8082 30.6666 0
    endloop
  endfacet
  facet normal 0 0 1
    outer loop
      vertex 56.8082 30.3334 0
      vertex 54.9082 32.25 0
      vertex 56.8327 30.1683 0
    endloop
  endfacet
  facet normal 0 0 1
    outer loop
      vertex -60.1918 30.6666 0
      vertex -61.5492 33.0848 0
      vertex -60.2 30.5 0
    endloop
  endfacet
  facet normal 0 0 1
    outer loop
      vertex -59.7021 29.2979 0
      vertex -61.3284 27.6716 0
      vertex -61.0376 27.408 0
    endloop
  endfacet
  facet normal 0 0 1
    outer loop
      vertex -61.65 28.0406 0
      vertex -60.2 30.5 0
      vertex -61.5492 33.0848 0
    endloop
  endfacet
  facet normal 0 0 1
    outer loop
      vertex -59.8141 29.4215 0
      vertex -61.65 28.0406 0
      vertex -61.592 27.9624 0
    endloop
  endfacet
  facet normal 0 0 1
    outer loop
      vertex 61.592 -27.9624 0
      vertex 60.2 -30.5 0
      vertex 61.65 -28.0406 0
    endloop
  endfacet
  facet normal 0 0 1
    outer loop
      vertex 61.65 -28.0406 0
      vertex 60.2 -30.5 0
      vertex 61.5492 -33.0848 0
    endloop
  endfacet
  facet normal -0 0 1
    outer loop
      vertex 60.1918 -30.6666 0
      vertex 61.5492 -33.0848 0
      vertex 60.2 -30.5 0
    endloop
  endfacet
  facet normal 0 0 1
    outer loop
      vertex 60.2 -30.5 0
      vertex 61.3284 -27.6716 0
      vertex 61.0376 -27.408 0
    endloop
  endfacet
  facet normal 0 0 1
    outer loop
      vertex 61.5319 33.1214 0
      vertex 65 34 0
      vertex 64.9855 34.2941 0
    endloop
  endfacet
  facet normal 0 0 1
    outer loop
      vertex 65 34 0
      vertex 61.65 28.0406 0
      vertex 65 -34 0
    endloop
  endfacet
  facet normal 0 0 1
    outer loop
      vertex 61.4815 33.2056 0
      vertex 64.9855 34.2941 0
      vertex 64.9424 34.5853 0
    endloop
  endfacet
  facet normal -0 0 1
    outer loop
      vertex 61.65 -28.0406 0
      vertex 65 -34 0
      vertex 61.65 28.0406 0
    endloop
  endfacet
  facet normal 0 0 1
    outer loop
      vertex 61.4815 33.2056 0
      vertex 64.9424 34.5853 0
      vertex 64.8708 34.8709 0
    endloop
  endfacet
  facet normal -0 0 1
    outer loop
      vertex 61.5492 -33.0848 0
      vertex 65 -34 0
      vertex 61.65 -28.0406 0
    endloop
  endfacet
  facet normal 0 0 1
    outer loop
      vertex 61.4815 33.2056 0
      vertex 64.8708 34.8709 0
      vertex 64.7716 35.148 0
    endloop
  endfacet
  facet normal -0 0 1
    outer loop
      vertex 61.5319 -33.1214 0
      vertex 65 -34 0
      vertex 61.5492 -33.0848 0
    endloop
  endfacet
  facet normal 0 0 1
    outer loop
      vertex 61.423 33.2844 0
      vertex 64.7716 35.148 0
      vertex 64.6458 35.4142 0
    endloop
  endfacet
  facet normal 0 0 1
    outer loop
      vertex 65 -34 0
      vertex 61.5319 -33.1214 0
      vertex 64.9855 -34.2941 0
    endloop
  endfacet
  facet normal 0 0 1
    outer loop
      vertex 61.423 33.2844 0
      vertex 64.6458 35.4142 0
      vertex 64.4944 35.6667 0
    endloop
  endfacet
  facet normal -0 0 1
    outer loop
      vertex 61.4815 -33.2056 0
      vertex 64.9855 -34.2941 0
      vertex 61.5319 -33.1214 0
    endloop
  endfacet
  facet normal 0 0 1
    outer loop
      vertex 61.423 33.2844 0
      vertex 64.4944 35.6667 0
      vertex 64.319 35.9032 0
    endloop
  endfacet
  facet normal 0 0 1
    outer loop
      vertex 64.9855 -34.2941 0
      vertex 61.4815 -33.2056 0
      vertex 64.9424 -34.5853 0
    endloop
  endfacet
  facet normal 0 0 1
    outer loop
      vertex 61.3571 33.3571 0
      vertex 64.319 35.9032 0
      vertex 64.1213 36.1213 0
    endloop
  endfacet
  facet normal 0 0 1
    outer loop
      vertex 64.9424 -34.5853 0
      vertex 61.4815 -33.2056 0
      vertex 64.8708 -34.8709 0
    endloop
  endfacet
  facet normal 0 0 1
    outer loop
      vertex 61.3571 33.3571 0
      vertex 64.1213 36.1213 0
      vertex 63.9032 36.319 0
    endloop
  endfacet
  facet normal 0 0 1
    outer loop
      vertex 64.8708 -34.8709 0
      vertex 61.4815 -33.2056 0
      vertex 64.7716 -35.148 0
    endloop
  endfacet
  facet normal 0 0 1
    outer loop
      vertex 61.3571 33.3571 0
      vertex 63.9032 36.319 0
      vertex 63.6667 36.4944 0
    endloop
  endfacet
  facet normal -0 0 1
    outer loop
      vertex 61.423 -33.2844 0
      vertex 64.7716 -35.148 0
      vertex 61.4815 -33.2056 0
    endloop
  endfacet
  facet normal 0 0 1
    outer loop
      vertex 61.2844 33.423 0
      vertex 63.6667 36.4944 0
      vertex 63.4142 36.6458 0
    endloop
  endfacet
  facet normal 0 0 1
    outer loop
      vertex 64.7716 -35.148 0
      vertex 61.423 -33.2844 0
      vertex 64.6458 -35.4142 0
    endloop
  endfacet
  facet normal 0 0 1
    outer loop
      vertex 61.2844 33.423 0
      vertex 63.4142 36.6458 0
      vertex 63.148 36.7716 0
    endloop
  endfacet
  facet normal 0 0 1
    outer loop
      vertex 64.6458 -35.4142 0
      vertex 61.423 -33.2844 0
      vertex 64.4944 -35.6667 0
    endloop
  endfacet
  facet normal 0 0 1
    outer loop
      vertex 61.2056 33.4815 0
      vertex 63.148 36.7716 0
      vertex 62.8709 36.8708 0
    endloop
  endfacet
  facet normal 0 0 1
    outer loop
      vertex 64.4944 -35.6667 0
      vertex 61.423 -33.2844 0
      vertex 64.319 -35.9032 0
    endloop
  endfacet
  facet normal 0 0 1
    outer loop
      vertex 61.2056 33.4815 0
      vertex 62.8709 36.8708 0
      vertex 62.5853 36.9424 0
    endloop
  endfacet
  facet normal -0 0 1
    outer loop
      vertex 61.3571 -33.3571 0
      vertex 64.319 -35.9032 0
      vertex 61.423 -33.2844 0
    endloop
  endfacet
  facet normal 0 0 1
    outer loop
      vertex 61.2056 33.4815 0
      vertex 62.5853 36.9424 0
      vertex 62.2941 36.9856 0
    endloop
  endfacet
  facet normal 0 0 1
    outer loop
      vertex 64.319 -35.9032 0
      vertex 61.3571 -33.3571 0
      vertex 64.1213 -36.1213 0
    endloop
  endfacet
  facet normal 0 0 1
    outer loop
      vertex 61.1214 33.5319 0
      vertex 62.2941 36.9856 0
      vertex 62 37 0
    endloop
  endfacet
  facet normal 0 0 1
    outer loop
      vertex 64.1213 -36.1213 0
      vertex 61.3571 -33.3571 0
      vertex 63.9032 -36.319 0
    endloop
  endfacet
  facet normal 0 0 1
    outer loop
      vertex 63.9032 -36.319 0
      vertex 61.3571 -33.3571 0
      vertex 63.6667 -36.4944 0
    endloop
  endfacet
  facet normal 0 0 1
    outer loop
      vertex 65 34 0
      vertex 61.5492 33.0848 0
      vertex 61.65 28.0406 0
    endloop
  endfacet
  facet normal -0 0 1
    outer loop
      vertex 60.2 30.5 0
      vertex 61.65 28.0406 0
      vertex 61.5492 33.0848 0
    endloop
  endfacet
  facet normal 0 0 1
    outer loop
      vertex 65 34 0
      vertex 61.5319 33.1214 0
      vertex 61.5492 33.0848 0
    endloop
  endfacet
  facet normal 0 0 1
    outer loop
      vertex 64.9855 34.2941 0
      vertex 61.4815 33.2056 0
      vertex 61.5319 33.1214 0
    endloop
  endfacet
  facet normal 0 0 1
    outer loop
      vertex 64.7716 35.148 0
      vertex 61.423 33.2844 0
      vertex 61.4815 33.2056 0
    endloop
  endfacet
  facet normal 0 0 1
    outer loop
      vertex 64.319 35.9032 0
      vertex 61.3571 33.3571 0
      vertex 61.423 33.2844 0
    endloop
  endfacet
  facet normal 0 0 1
    outer loop
      vertex 63.6667 36.4944 0
      vertex 61.2844 33.423 0
      vertex 61.3571 33.3571 0
    endloop
  endfacet
  facet normal 0 0 1
    outer loop
      vertex 63.148 36.7716 0
      vertex 61.2056 33.4815 0
      vertex 61.2844 33.423 0
    endloop
  endfacet
  facet normal 0 0 1
    outer loop
      vertex 62.2941 36.9856 0
      vertex 61.1214 33.5319 0
      vertex 61.2056 33.4815 0
    endloop
  endfacet
  facet normal 0 0 1
    outer loop
      vertex 62 37 0
      vertex 61.0848 33.5492 0
      vertex 61.1214 33.5319 0
    endloop
  endfacet
  facet normal -0 0 1
    outer loop
      vertex 60.1268 30.0065 0
      vertex 61.65 28.0406 0
      vertex 60.1673 30.1683 0
    endloop
  endfacet
  facet normal -0 0 1
    outer loop
      vertex 60.0706 29.8494 0
      vertex 61.65 28.0406 0
      vertex 60.1268 30.0065 0
    endloop
  endfacet
  facet normal -0 0 1
    outer loop
      vertex 59.9993 29.6986 0
      vertex 61.65 28.0406 0
      vertex 60.0706 29.8494 0
    endloop
  endfacet
  facet normal -0 0 1
    outer loop
      vertex 59.8141 29.4215 0
      vertex 61.65 28.0406 0
      vertex 59.9135 29.5555 0
    endloop
  endfacet
  facet normal -0 0 1
    outer loop
      vertex 59.9135 29.5555 0
      vertex 61.65 28.0406 0
      vertex 59.9993 29.6986 0
    endloop
  endfacet
  facet normal -0 0 1
    outer loop
      vertex 56.0406 33.65 0
      vertex 61.0848 33.5492 0
      vertex 62 37 0
    endloop
  endfacet
  facet normal 0 0 1
    outer loop
      vertex 61.0848 33.5492 0
      vertex 60.1918 30.6666 0
      vertex 60.2 30.5 0
    endloop
  endfacet
  facet normal 0 0 1
    outer loop
      vertex 61.0848 33.5492 0
      vertex 60.1673 30.8317 0
      vertex 60.1918 30.6666 0
    endloop
  endfacet
  facet normal 0 0 1
    outer loop
      vertex 61.0848 33.5492 0
      vertex 60.1268 30.9935 0
      vertex 60.1673 30.8317 0
    endloop
  endfacet
  facet normal 0 0 1
    outer loop
      vertex 61.0848 33.5492 0
      vertex 60.0706 31.1506 0
      vertex 60.1268 30.9935 0
    endloop
  endfacet
  facet normal 0 0 1
    outer loop
      vertex 61.0848 33.5492 0
      vertex 59.9993 31.3014 0
      vertex 60.0706 31.1506 0
    endloop
  endfacet
  facet normal 0 0 1
    outer loop
      vertex 61.0848 33.5492 0
      vertex 59.9135 31.4445 0
      vertex 59.9993 31.3014 0
    endloop
  endfacet
  facet normal 0 0 1
    outer loop
      vertex 61.0848 33.5492 0
      vertex 59.8141 31.5785 0
      vertex 59.9135 31.4445 0
    endloop
  endfacet
  facet normal 0 0 1
    outer loop
      vertex 61.0848 33.5492 0
      vertex 59.7021 31.7021 0
      vertex 59.8141 31.5785 0
    endloop
  endfacet
  facet normal 0 0 1
    outer loop
      vertex 61.0848 33.5492 0
      vertex 59.5785 31.8141 0
      vertex 59.7021 31.7021 0
    endloop
  endfacet
  facet normal 0 0 1
    outer loop
      vertex 61.0848 33.5492 0
      vertex 59.4445 31.9135 0
      vertex 59.5785 31.8141 0
    endloop
  endfacet
  facet normal 0 0 1
    outer loop
      vertex 61.0848 33.5492 0
      vertex 59.3014 31.9993 0
      vertex 59.4445 31.9135 0
    endloop
  endfacet
  facet normal 0 0 1
    outer loop
      vertex 61.0848 33.5492 0
      vertex 59.1506 32.0706 0
      vertex 59.3014 31.9993 0
    endloop
  endfacet
  facet normal 0 0 1
    outer loop
      vertex 61.0848 33.5492 0
      vertex 58.9935 32.1268 0
      vertex 59.1506 32.0706 0
    endloop
  endfacet
  facet normal 0 0 1
    outer loop
      vertex 61.0848 33.5492 0
      vertex 58.8317 32.1673 0
      vertex 58.9935 32.1268 0
    endloop
  endfacet
  facet normal 0 0 1
    outer loop
      vertex 61.0848 33.5492 0
      vertex 58.6666 32.1918 0
      vertex 58.8317 32.1673 0
    endloop
  endfacet
  facet normal 0 -0 1
    outer loop
      vertex 58.5 32.2 0
      vertex 61.0848 33.5492 0
      vertex 56.0406 33.65 0
    endloop
  endfacet
  facet normal 0 0 1
    outer loop
      vertex 61.0848 33.5492 0
      vertex 58.5 32.2 0
      vertex 58.6666 32.1918 0
    endloop
  endfacet
  facet normal 0 0 1
    outer loop
      vertex 58.5 32.2 0
      vertex 56.0406 33.65 0
      vertex 58.3334 32.1918 0
    endloop
  endfacet
  facet normal 0 0 1
    outer loop
      vertex 58.3334 32.1918 0
      vertex 56.0406 33.65 0
      vertex 58.1683 32.1673 0
    endloop
  endfacet
  facet normal 0 0 1
    outer loop
      vertex 58.1683 32.1673 0
      vertex 56.0406 33.65 0
      vertex 58.0065 32.1268 0
    endloop
  endfacet
  facet normal 0 0 1
    outer loop
      vertex 58.0065 32.1268 0
      vertex 56.0406 33.65 0
      vertex 57.8494 32.0706 0
    endloop
  endfacet
  facet normal 0 0 1
    outer loop
      vertex 57.8494 32.0706 0
      vertex 56.0406 33.65 0
      vertex 57.6986 31.9993 0
    endloop
  endfacet
  facet normal 0 0 1
    outer loop
      vertex 57.6986 31.9993 0
      vertex 56.0406 33.65 0
      vertex 57.5555 31.9135 0
    endloop
  endfacet
  facet normal 0 0 1
    outer loop
      vertex 57.5555 31.9135 0
      vertex 56.0406 33.65 0
      vertex 57.4215 31.8141 0
    endloop
  endfacet
  facet normal -0 0 1
    outer loop
      vertex 55.9624 33.592 0
      vertex 57.4215 31.8141 0
      vertex 56.0406 33.65 0
    endloop
  endfacet
  facet normal 0 0 1
    outer loop
      vertex 56.8327 -30.1683 0
      vertex 56.0406 -33.65 0
      vertex 56.8082 -30.3334 0
    endloop
  endfacet
  facet normal 0 0 1
    outer loop
      vertex 56.8732 30.9935 0
      vertex 54.9082 32.25 0
      vertex 56.8327 30.8317 0
    endloop
  endfacet
  facet normal 0 0 1
    outer loop
      vertex 56.9294 31.1506 0
      vertex 54.9082 32.25 0
      vertex 56.8732 30.9935 0
    endloop
  endfacet
  facet normal 0 0 1
    outer loop
      vertex 57.0007 31.3014 0
      vertex 54.9082 32.25 0
      vertex 56.9294 31.1506 0
    endloop
  endfacet
  facet normal 0 0 1
    outer loop
      vertex 57.0865 31.4445 0
      vertex 54.9082 32.25 0
      vertex 57.0007 31.3014 0
    endloop
  endfacet
  facet normal 0 0 1
    outer loop
      vertex 57.1859 31.5785 0
      vertex 54.9082 32.25 0
      vertex 57.0865 31.4445 0
    endloop
  endfacet
  facet normal -0 0 1
    outer loop
      vertex 54.9082 32.25 0
      vertex 57.1859 31.5785 0
      vertex 55.9624 33.592 0
    endloop
  endfacet
  facet normal 0 0 1
    outer loop
      vertex 57.2979 31.7021 0
      vertex 55.9624 33.592 0
      vertex 57.1859 31.5785 0
    endloop
  endfacet
  facet normal 0 0 1
    outer loop
      vertex 57.4215 31.8141 0
      vertex 55.9624 33.592 0
      vertex 57.2979 31.7021 0
    endloop
  endfacet
  facet normal 0 0 1
    outer loop
      vertex 62 37 0
      vertex -56.0406 33.65 0
      vertex 56.0406 33.65 0
    endloop
  endfacet
  facet normal -0 0 1
    outer loop
      vertex -57.0007 -31.3014 0
      vertex -54.9082 -32.25 0
      vertex -56.9294 -31.1506 0
    endloop
  endfacet
  facet normal 0 0 1
    outer loop
      vertex -54.9082 32.25 0
      vertex -56.8082 30.6666 0
      vertex -56.8 30.5 0
    endloop
  endfacet
  facet normal 0 0 1
    outer loop
      vertex -54.9082 32.25 0
      vertex -56.8327 30.8317 0
      vertex -56.8082 30.6666 0
    endloop
  endfacet
  facet normal 0 0 1
    outer loop
      vertex -54.9082 32.25 0
      vertex -56.8732 30.9935 0
      vertex -56.8327 30.8317 0
    endloop
  endfacet
  facet normal 0 0 1
    outer loop
      vertex -54.9082 32.25 0
      vertex -56.9294 31.1506 0
      vertex -56.8732 30.9935 0
    endloop
  endfacet
  facet normal 0 0 1
    outer loop
      vertex -54.9082 32.25 0
      vertex -57.0007 31.3014 0
      vertex -56.9294 31.1506 0
    endloop
  endfacet
  facet normal 0 0 1
    outer loop
      vertex -55.1741 32.7223 0
      vertex -57.0865 31.4445 0
      vertex -57.0007 31.3014 0
    endloop
  endfacet
  facet normal 0 0 1
    outer loop
      vertex -55.408 33.0376 0
      vertex -57.1859 31.5785 0
      vertex -57.0865 31.4445 0
    endloop
  endfacet
  facet normal 0 0 1
    outer loop
      vertex -55.6716 33.3284 0
      vertex -57.2979 31.7021 0
      vertex -57.1859 31.5785 0
    endloop
  endfacet
  facet normal 0 0 1
    outer loop
      vertex -55.9624 33.592 0
      vertex -57.4215 31.8141 0
      vertex -57.2979 31.7021 0
    endloop
  endfacet
  facet normal 0 0 1
    outer loop
      vertex -56.0406 33.65 0
      vertex -57.5555 31.9135 0
      vertex -57.4215 31.8141 0
    endloop
  endfacet
  facet normal 0 0 1
    outer loop
      vertex -56.0406 33.65 0
      vertex -57.6986 31.9993 0
      vertex -57.5555 31.9135 0
    endloop
  endfacet
  facet normal 0 0 1
    outer loop
      vertex -56.0406 33.65 0
      vertex -57.8494 32.0706 0
      vertex -57.6986 31.9993 0
    endloop
  endfacet
  facet normal 0 0 1
    outer loop
      vertex -56.0406 33.65 0
      vertex -58.0065 32.1268 0
      vertex -57.8494 32.0706 0
    endloop
  endfacet
  facet normal 0 0 1
    outer loop
      vertex -56.0406 33.65 0
      vertex -58.1683 32.1673 0
      vertex -58.0065 32.1268 0
    endloop
  endfacet
  facet normal 0 0 1
    outer loop
      vertex -56.0406 33.65 0
      vertex -58.3334 32.1918 0
      vertex -58.1683 32.1673 0
    endloop
  endfacet
  facet normal 0 0 1
    outer loop
      vertex -56.0406 33.65 0
      vertex -58.5 32.2 0
      vertex -58.3334 32.1918 0
    endloop
  endfacet
  facet normal -0 0 1
    outer loop
      vertex -61.0848 33.5492 0
      vertex -58.5 32.2 0
      vertex -56.0406 33.65 0
    endloop
  endfacet
  facet normal 0 0 1
    outer loop
      vertex -58.5 32.2 0
      vertex -61.0848 33.5492 0
      vertex -58.6666 32.1918 0
    endloop
  endfacet
  facet normal 0 0 1
    outer loop
      vertex -58.6666 32.1918 0
      vertex -61.0848 33.5492 0
      vertex -58.8317 32.1673 0
    endloop
  endfacet
  facet normal 0 0 1
    outer loop
      vertex -58.8317 32.1673 0
      vertex -61.0848 33.5492 0
      vertex -58.9935 32.1268 0
    endloop
  endfacet
  facet normal 0 0 1
    outer loop
      vertex -58.9935 32.1268 0
      vertex -61.0848 33.5492 0
      vertex -59.1506 32.0706 0
    endloop
  endfacet
  facet normal -0 0 1
    outer loop
      vertex -61.65 -28.0406 0
      vertex -59.8141 -29.4215 0
      vertex -61.592 -27.9624 0
    endloop
  endfacet
  facet normal 0 0 1
    outer loop
      vertex -59.3014 29.0007 0
      vertex -60.3856 26.9723 0
      vertex -60.25 26.9082 0
    endloop
  endfacet
  facet normal 0 0 1
    outer loop
      vertex -60.1268 30.9935 0
      vertex -61.5492 33.0848 0
      vertex -60.1673 30.8317 0
    endloop
  endfacet
  facet normal 0 0 1
    outer loop
      vertex -59.4445 29.0865 0
      vertex -60.7223 27.1741 0
      vertex -60.3856 26.9723 0
    endloop
  endfacet
  facet normal 0 0 1
    outer loop
      vertex -60.0706 31.1506 0
      vertex -61.5492 33.0848 0
      vertex -60.1268 30.9935 0
    endloop
  endfacet
  facet normal 0 0 1
    outer loop
      vertex -59.5785 29.1859 0
      vertex -61.0376 27.408 0
      vertex -60.7223 27.1741 0
    endloop
  endfacet
  facet normal 0 0 1
    outer loop
      vertex -59.9993 31.3014 0
      vertex -61.5492 33.0848 0
      vertex -60.0706 31.1506 0
    endloop
  endfacet
  facet normal 0 0 1
    outer loop
      vertex -60.1673 30.8317 0
      vertex -61.5492 33.0848 0
      vertex -60.1918 30.6666 0
    endloop
  endfacet
  facet normal 0 0 1
    outer loop
      vertex -59.9135 31.4445 0
      vertex -61.5492 33.0848 0
      vertex -59.9993 31.3014 0
    endloop
  endfacet
  facet normal 0 0 1
    outer loop
      vertex -59.8141 31.5785 0
      vertex -61.5492 33.0848 0
      vertex -59.9135 31.4445 0
    endloop
  endfacet
  facet normal 0 0 1
    outer loop
      vertex -59.7021 31.7021 0
      vertex -61.5492 33.0848 0
      vertex -59.8141 31.5785 0
    endloop
  endfacet
  facet normal -0 0 1
    outer loop
      vertex -61.5492 33.0848 0
      vertex -59.7021 31.7021 0
      vertex -61.3284 33.3284 0
    endloop
  endfacet
  facet normal -0 0 1
    outer loop
      vertex -61.3284 33.3284 0
      vertex -59.7021 31.7021 0
      vertex -61.0848 33.5492 0
    endloop
  endfacet
  facet normal 0 0 1
    outer loop
      vertex -59.5785 31.8141 0
      vertex -61.0848 33.5492 0
      vertex -59.7021 31.7021 0
    endloop
  endfacet
  facet normal 0 0 1
    outer loop
      vertex -59.4445 31.9135 0
      vertex -61.0848 33.5492 0
      vertex -59.5785 31.8141 0
    endloop
  endfacet
  facet normal 0 0 1
    outer loop
      vertex -59.3014 31.9993 0
      vertex -61.0848 33.5492 0
      vertex -59.4445 31.9135 0
    endloop
  endfacet
  facet normal 0 0 1
    outer loop
      vertex -59.1506 32.0706 0
      vertex -61.0848 33.5492 0
      vertex -59.3014 31.9993 0
    endloop
  endfacet
  facet normal -0 0 1
    outer loop
      vertex -62 37 0
      vertex -56.0406 33.65 0
      vertex 62 37 0
    endloop
  endfacet
  facet normal 0 0 1
    outer loop
      vertex -59.8141 29.4215 0
      vertex -61.592 27.9624 0
      vertex -61.3284 27.6716 0
    endloop
  endfacet
  facet normal 0 0 1
    outer loop
      vertex -61.5492 33.0848 0
      vertex -65 34 0
      vertex -61.65 28.0406 0
    endloop
  endfacet
  facet normal 0 0 1
    outer loop
      vertex -61.5319 33.1214 0
      vertex -65 34 0
      vertex -61.5492 33.0848 0
    endloop
  endfacet
  facet normal 0 0 1
    outer loop
      vertex -61.4815 33.2056 0
      vertex -65 34 0
      vertex -61.5319 33.1214 0
    endloop
  endfacet
  facet normal 0 0 1
    outer loop
      vertex -61.423 33.2844 0
      vertex -65 34 0
      vertex -61.4815 33.2056 0
    endloop
  endfacet
  facet normal 0 0 1
    outer loop
      vertex -61.3571 33.3571 0
      vertex -65 34 0
      vertex -61.423 33.2844 0
    endloop
  endfacet
  facet normal -0 0 1
    outer loop
      vertex -65 34 0
      vertex -61.3571 33.3571 0
      vertex -62 37 0
    endloop
  endfacet
  facet normal 0 0 1
    outer loop
      vertex -61.2844 33.423 0
      vertex -62 37 0
      vertex -61.3571 33.3571 0
    endloop
  endfacet
  facet normal 0 0 1
    outer loop
      vertex -61.2056 33.4815 0
      vertex -62 37 0
      vertex -61.2844 33.423 0
    endloop
  endfacet
  facet normal 0 0 1
    outer loop
      vertex -61.1214 33.5319 0
      vertex -62 37 0
      vertex -61.2056 33.4815 0
    endloop
  endfacet
  facet normal 0 0 1
    outer loop
      vertex -61.0848 33.5492 0
      vertex -62 37 0
      vertex -61.1214 33.5319 0
    endloop
  endfacet
  facet normal 0 0 1
    outer loop
      vertex -56.0406 33.65 0
      vertex -62 37 0
      vertex -61.0848 33.5492 0
    endloop
  endfacet
  facet normal -0 0 1
    outer loop
      vertex 61.2844 -33.423 0
      vertex 63.6667 -36.4944 0
      vertex 61.3571 -33.3571 0
    endloop
  endfacet
  facet normal 0 0 1
    outer loop
      vertex 60.2 -30.5 0
      vertex 61.592 -27.9624 0
      vertex 61.3284 -27.6716 0
    endloop
  endfacet
  facet normal 0 0 1
    outer loop
      vertex 63.6667 -36.4944 0
      vertex 61.2844 -33.423 0
      vertex 63.4142 -36.6458 0
    endloop
  endfacet
  facet normal 0 0 1
    outer loop
      vertex 63.4142 -36.6458 0
      vertex 61.2844 -33.423 0
      vertex 63.148 -36.7716 0
    endloop
  endfacet
  facet normal -0 0 1
    outer loop
      vertex 61.2056 -33.4815 0
      vertex 63.148 -36.7716 0
      vertex 61.2844 -33.423 0
    endloop
  endfacet
  facet normal 0 0 1
    outer loop
      vertex 63.148 -36.7716 0
      vertex 61.2056 -33.4815 0
      vertex 62.8709 -36.8708 0
    endloop
  endfacet
  facet normal 0 0 1
    outer loop
      vertex 62.8709 -36.8708 0
      vertex 61.2056 -33.4815 0
      vertex 62.5853 -36.9424 0
    endloop
  endfacet
  facet normal 0 0 1
    outer loop
      vertex 62.5853 -36.9424 0
      vertex 61.2056 -33.4815 0
      vertex 62.2941 -36.9856 0
    endloop
  endfacet
  facet normal -0 0 1
    outer loop
      vertex 61.1214 -33.5319 0
      vertex 62.2941 -36.9856 0
      vertex 61.2056 -33.4815 0
    endloop
  endfacet
  facet normal 0 0 1
    outer loop
      vertex 62.2941 -36.9856 0
      vertex 61.1214 -33.5319 0
      vertex 62 -37 0
    endloop
  endfacet
  facet normal -0 0 1
    outer loop
      vertex 61.0848 -33.5492 0
      vertex 62 -37 0
      vertex 61.1214 -33.5319 0
    endloop
  endfacet
  facet normal 0 0 1
    outer loop
      vertex 60.2 -30.5 0
      vertex 61.0376 -27.408 0
      vertex 60.7223 -27.1741 0
    endloop
  endfacet
  facet normal 0 0 1
    outer loop
      vertex 60.2 -30.5 0
      vertex 60.7223 -27.1741 0
      vertex 60.3856 -26.9723 0
    endloop
  endfacet
  facet normal 0 0 1
    outer loop
      vertex 60.2 -30.5 0
      vertex 60.3856 -26.9723 0
      vertex 60.25 -26.9082 0
    endloop
  endfacet
  facet normal 0 0 1
    outer loop
      vertex 61.65 28.0406 0
      vertex 59.8141 29.4215 0
      vertex 61.592 27.9624 0
    endloop
  endfacet
  facet normal -0 0 1
    outer loop
      vertex 60.1673 -30.8317 0
      vertex 61.5492 -33.0848 0
      vertex 60.1918 -30.6666 0
    endloop
  endfacet
  facet normal -0 0 1
    outer loop
      vertex 60.1268 -30.9935 0
      vertex 61.5492 -33.0848 0
      vertex 60.1673 -30.8317 0
    endloop
  endfacet
  facet normal -0 0 1
    outer loop
      vertex 60.0706 -31.1506 0
      vertex 61.5492 -33.0848 0
      vertex 60.1268 -30.9935 0
    endloop
  endfacet
  facet normal -0 0 1
    outer loop
      vertex 59.9993 -31.3014 0
      vertex 61.5492 -33.0848 0
      vertex 60.0706 -31.1506 0
    endloop
  endfacet
  facet normal -0 0 1
    outer loop
      vertex 59.9135 -31.4445 0
      vertex 61.5492 -33.0848 0
      vertex 59.9993 -31.3014 0
    endloop
  endfacet
  facet normal -0 0 1
    outer loop
      vertex 59.8141 -31.5785 0
      vertex 61.5492 -33.0848 0
      vertex 59.9135 -31.4445 0
    endloop
  endfacet
  facet normal -0 0 1
    outer loop
      vertex 59.7021 -31.7021 0
      vertex 61.5492 -33.0848 0
      vertex 59.8141 -31.5785 0
    endloop
  endfacet
  facet normal 0 0 1
    outer loop
      vertex 61.5492 -33.0848 0
      vertex 59.7021 -31.7021 0
      vertex 61.3284 -33.3284 0
    endloop
  endfacet
  facet normal 0 0 1
    outer loop
      vertex 61.3284 -33.3284 0
      vertex 59.7021 -31.7021 0
      vertex 61.0848 -33.5492 0
    endloop
  endfacet
  facet normal -0 0 1
    outer loop
      vertex 59.5785 -31.8141 0
      vertex 61.0848 -33.5492 0
      vertex 59.7021 -31.7021 0
    endloop
  endfacet
  facet normal -0 0 1
    outer loop
      vertex 59.4445 -31.9135 0
      vertex 61.0848 -33.5492 0
      vertex 59.5785 -31.8141 0
    endloop
  endfacet
  facet normal -0 0 1
    outer loop
      vertex 59.3014 -31.9993 0
      vertex 61.0848 -33.5492 0
      vertex 59.4445 -31.9135 0
    endloop
  endfacet
  facet normal -0 0 1
    outer loop
      vertex 59.1506 -32.0706 0
      vertex 61.0848 -33.5492 0
      vertex 59.3014 -31.9993 0
    endloop
  endfacet
  facet normal -0 0 1
    outer loop
      vertex 58.9935 -32.1268 0
      vertex 61.0848 -33.5492 0
      vertex 59.1506 -32.0706 0
    endloop
  endfacet
  facet normal -0 0 1
    outer loop
      vertex 58.8317 -32.1673 0
      vertex 61.0848 -33.5492 0
      vertex 58.9935 -32.1268 0
    endloop
  endfacet
  facet normal -0 0 1
    outer loop
      vertex 58.6666 -32.1918 0
      vertex 61.0848 -33.5492 0
      vertex 58.8317 -32.1673 0
    endloop
  endfacet
  facet normal -0 0 1
    outer loop
      vertex 58.5 -32.2 0
      vertex 61.0848 -33.5492 0
      vertex 58.6666 -32.1918 0
    endloop
  endfacet
  facet normal 0 0 1
    outer loop
      vertex 61.0848 -33.5492 0
      vertex 58.5 -32.2 0
      vertex 56.0406 -33.65 0
    endloop
  endfacet
  facet normal 0 0 1
    outer loop
      vertex 56.0406 -33.65 0
      vertex 58.5 -32.2 0
      vertex 58.3334 -32.1918 0
    endloop
  endfacet
  facet normal 0 0 1
    outer loop
      vertex 56.0406 -33.65 0
      vertex 58.3334 -32.1918 0
      vertex 58.1683 -32.1673 0
    endloop
  endfacet
  facet normal 0 0 1
    outer loop
      vertex 56.0406 -33.65 0
      vertex 58.1683 -32.1673 0
      vertex 58.0065 -32.1268 0
    endloop
  endfacet
  facet normal 0 0 1
    outer loop
      vertex 56.0406 -33.65 0
      vertex 58.0065 -32.1268 0
      vertex 57.8494 -32.0706 0
    endloop
  endfacet
  facet normal 0 0 1
    outer loop
      vertex 56.0406 -33.65 0
      vertex 57.8494 -32.0706 0
      vertex 57.6986 -31.9993 0
    endloop
  endfacet
  facet normal 0 0 1
    outer loop
      vertex 56.0406 -33.65 0
      vertex 57.6986 -31.9993 0
      vertex 57.5555 -31.9135 0
    endloop
  endfacet
  facet normal 0 0 1
    outer loop
      vertex 56.0406 -33.65 0
      vertex 57.5555 -31.9135 0
      vertex 57.4215 -31.8141 0
    endloop
  endfacet
  facet normal 0 0 1
    outer loop
      vertex 56.0406 -33.65 0
      vertex 57.4215 -31.8141 0
      vertex 57.2979 -31.7021 0
    endloop
  endfacet
  facet normal 0 0 1
    outer loop
      vertex 56.0406 -33.65 0
      vertex 57.2979 -31.7021 0
      vertex 57.1859 -31.5785 0
    endloop
  endfacet
  facet normal 0 0 1
    outer loop
      vertex 56.8082 -30.3334 0
      vertex 56.0406 -33.65 0
      vertex 56.8 -30.5 0
    endloop
  endfacet
  facet normal 0 0 1
    outer loop
      vertex 56.0406 -33.65 0
      vertex 56.8082 -30.6666 0
      vertex 56.8 -30.5 0
    endloop
  endfacet
  facet normal 0 0 1
    outer loop
      vertex 56.0406 -33.65 0
      vertex 56.8327 -30.8317 0
      vertex 56.8082 -30.6666 0
    endloop
  endfacet
  facet normal 0 0 1
    outer loop
      vertex 56.0406 -33.65 0
      vertex 56.8732 -30.9935 0
      vertex 56.8327 -30.8317 0
    endloop
  endfacet
  facet normal 0 0 1
    outer loop
      vertex 56.0406 -33.65 0
      vertex 56.9294 -31.1506 0
      vertex 56.8732 -30.9935 0
    endloop
  endfacet
  facet normal 0 0 1
    outer loop
      vertex 56.0406 -33.65 0
      vertex 57.0007 -31.3014 0
      vertex 56.9294 -31.1506 0
    endloop
  endfacet
  facet normal 0 0 1
    outer loop
      vertex 56.0406 -33.65 0
      vertex 57.0865 -31.4445 0
      vertex 57.0007 -31.3014 0
    endloop
  endfacet
  facet normal 0 0 1
    outer loop
      vertex 56.0406 -33.65 0
      vertex 57.1859 -31.5785 0
      vertex 57.0865 -31.4445 0
    endloop
  endfacet
  facet normal 0 0 1
    outer loop
      vertex 61.0848 -33.5492 0
      vertex 56.0406 -33.65 0
      vertex 62 -37 0
    endloop
  endfacet
  facet normal -0 0 1
    outer loop
      vertex -56.0406 -33.65 0
      vertex 62 -37 0
      vertex 56.0406 -33.65 0
    endloop
  endfacet
  facet normal 0 0 1
    outer loop
      vertex -54.9082 -32.25 0
      vertex -57.0007 -31.3014 0
      vertex -54.9723 -32.3856 0
    endloop
  endfacet
  facet normal 0 0 1
    outer loop
      vertex -54.9723 -32.3856 0
      vertex -57.0007 -31.3014 0
      vertex -55.1741 -32.7223 0
    endloop
  endfacet
  facet normal -0 0 1
    outer loop
      vertex -57.0865 -31.4445 0
      vertex -55.1741 -32.7223 0
      vertex -57.0007 -31.3014 0
    endloop
  endfacet
  facet normal 0 0 1
    outer loop
      vertex -55.1741 -32.7223 0
      vertex -57.0865 -31.4445 0
      vertex -55.408 -33.0376 0
    endloop
  endfacet
  facet normal -0 0 1
    outer loop
      vertex -57.1859 -31.5785 0
      vertex -55.408 -33.0376 0
      vertex -57.0865 -31.4445 0
    endloop
  endfacet
  facet normal 0 0 1
    outer loop
      vertex -55.408 -33.0376 0
      vertex -57.1859 -31.5785 0
      vertex -55.6716 -33.3284 0
    endloop
  endfacet
  facet normal -0 0 1
    outer loop
      vertex -57.2979 -31.7021 0
      vertex -55.6716 -33.3284 0
      vertex -57.1859 -31.5785 0
    endloop
  endfacet
  facet normal 0 0 1
    outer loop
      vertex -55.6716 -33.3284 0
      vertex -57.2979 -31.7021 0
      vertex -55.9624 -33.592 0
    endloop
  endfacet
  facet normal -0 0 1
    outer loop
      vertex -57.4215 -31.8141 0
      vertex -55.9624 -33.592 0
      vertex -57.2979 -31.7021 0
    endloop
  endfacet
  facet normal 0 0 1
    outer loop
      vertex -55.9624 -33.592 0
      vertex -57.4215 -31.8141 0
      vertex -56.0406 -33.65 0
    endloop
  endfacet
  facet normal -0 0 1
    outer loop
      vertex -57.5555 -31.9135 0
      vertex -56.0406 -33.65 0
      vertex -57.4215 -31.8141 0
    endloop
  endfacet
  facet normal -0 0 1
    outer loop
      vertex -57.6986 -31.9993 0
      vertex -56.0406 -33.65 0
      vertex -57.5555 -31.9135 0
    endloop
  endfacet
  facet normal -0 0 1
    outer loop
      vertex -57.8494 -32.0706 0
      vertex -56.0406 -33.65 0
      vertex -57.6986 -31.9993 0
    endloop
  endfacet
  facet normal -0 0 1
    outer loop
      vertex -58.0065 -32.1268 0
      vertex -56.0406 -33.65 0
      vertex -57.8494 -32.0706 0
    endloop
  endfacet
  facet normal -0 0 1
    outer loop
      vertex -58.1683 -32.1673 0
      vertex -56.0406 -33.65 0
      vertex -58.0065 -32.1268 0
    endloop
  endfacet
  facet normal -0 0 1
    outer loop
      vertex -58.3334 -32.1918 0
      vertex -56.0406 -33.65 0
      vertex -58.1683 -32.1673 0
    endloop
  endfacet
  facet normal -0 0 1
    outer loop
      vertex -58.5 -32.2 0
      vertex -56.0406 -33.65 0
      vertex -58.3334 -32.1918 0
    endloop
  endfacet
  facet normal 0 0 1
    outer loop
      vertex -61.0848 -33.5492 0
      vertex -58.5 -32.2 0
      vertex -58.6666 -32.1918 0
    endloop
  endfacet
  facet normal 0 0 1
    outer loop
      vertex -61.0848 -33.5492 0
      vertex -58.6666 -32.1918 0
      vertex -58.8317 -32.1673 0
    endloop
  endfacet
  facet normal 0 0 1
    outer loop
      vertex -61.0848 -33.5492 0
      vertex -58.8317 -32.1673 0
      vertex -58.9935 -32.1268 0
    endloop
  endfacet
  facet normal 0 0 1
    outer loop
      vertex -61.0848 -33.5492 0
      vertex -58.9935 -32.1268 0
      vertex -59.1506 -32.0706 0
    endloop
  endfacet
  facet normal 0 0 1
    outer loop
      vertex -61.0848 -33.5492 0
      vertex -59.1506 -32.0706 0
      vertex -59.3014 -31.9993 0
    endloop
  endfacet
  facet normal 0 0 1
    outer loop
      vertex -59.8141 -29.4215 0
      vertex -61.65 -28.0406 0
      vertex -59.9135 -29.5555 0
    endloop
  endfacet
  facet normal 0 0 1
    outer loop
      vertex -59.9135 -29.5555 0
      vertex -61.65 -28.0406 0
      vertex -59.9993 -29.6986 0
    endloop
  endfacet
  facet normal 0 0 1
    outer loop
      vertex -59.9993 -29.6986 0
      vertex -61.65 -28.0406 0
      vertex -60.0706 -29.8494 0
    endloop
  endfacet
  facet normal 0 0 1
    outer loop
      vertex -60.0706 -29.8494 0
      vertex -61.65 -28.0406 0
      vertex -60.1268 -30.0065 0
    endloop
  endfacet
  facet normal 0 0 1
    outer loop
      vertex -60.1268 -30.0065 0
      vertex -61.65 -28.0406 0
      vertex -60.1673 -30.1683 0
    endloop
  endfacet
  facet normal 0 0 1
    outer loop
      vertex -60.2 -30.5 0
      vertex -61.0848 -33.5492 0
      vertex -60.1918 -30.6666 0
    endloop
  endfacet
  facet normal 0 0 1
    outer loop
      vertex -60.1918 -30.6666 0
      vertex -61.0848 -33.5492 0
      vertex -60.1673 -30.8317 0
    endloop
  endfacet
  facet normal 0 0 1
    outer loop
      vertex -60.1673 -30.8317 0
      vertex -61.0848 -33.5492 0
      vertex -60.1268 -30.9935 0
    endloop
  endfacet
  facet normal 0 0 1
    outer loop
      vertex -61.0848 -33.5492 0
      vertex -60.0706 -31.1506 0
      vertex -60.1268 -30.9935 0
    endloop
  endfacet
  facet normal 0 0 1
    outer loop
      vertex -61.0848 -33.5492 0
      vertex -59.9993 -31.3014 0
      vertex -60.0706 -31.1506 0
    endloop
  endfacet
  facet normal 0 0 1
    outer loop
      vertex -61.0848 -33.5492 0
      vertex -59.9135 -31.4445 0
      vertex -59.9993 -31.3014 0
    endloop
  endfacet
  facet normal 0 0 1
    outer loop
      vertex -61.0848 -33.5492 0
      vertex -59.8141 -31.5785 0
      vertex -59.9135 -31.4445 0
    endloop
  endfacet
  facet normal 0 0 1
    outer loop
      vertex -61.0848 -33.5492 0
      vertex -59.7021 -31.7021 0
      vertex -59.8141 -31.5785 0
    endloop
  endfacet
  facet normal 0 0 1
    outer loop
      vertex -61.0848 -33.5492 0
      vertex -59.5785 -31.8141 0
      vertex -59.7021 -31.7021 0
    endloop
  endfacet
  facet normal 0 0 1
    outer loop
      vertex -61.0848 -33.5492 0
      vertex -59.4445 -31.9135 0
      vertex -59.5785 -31.8141 0
    endloop
  endfacet
  facet normal 0 0 1
    outer loop
      vertex -61.0848 -33.5492 0
      vertex -59.3014 -31.9993 0
      vertex -59.4445 -31.9135 0
    endloop
  endfacet
  facet normal 0 0 1
    outer loop
      vertex -58.5 -32.2 0
      vertex -61.0848 -33.5492 0
      vertex -56.0406 -33.65 0
    endloop
  endfacet
  facet normal 0 0 1
    outer loop
      vertex -62 -37 0
      vertex -56.0406 -33.65 0
      vertex -61.0848 -33.5492 0
    endloop
  endfacet
  facet normal 0 0 1
    outer loop
      vertex -60.2 -30.5 0
      vertex -61.65 -28.0406 0
      vertex -61.5492 -33.0848 0
    endloop
  endfacet
  facet normal 0 0 1
    outer loop
      vertex -56.0406 -33.65 0
      vertex -62 -37 0
      vertex 62 -37 0
    endloop
  endfacet
  facet normal 0 0 1
    outer loop
      vertex -61.1214 -33.5319 0
      vertex -62 -37 0
      vertex -61.0848 -33.5492 0
    endloop
  endfacet
  facet normal 0 0 1
    outer loop
      vertex -62.2941 -36.9856 0
      vertex -61.1214 -33.5319 0
      vertex -61.2056 -33.4815 0
    endloop
  endfacet
  facet normal 0 0 1
    outer loop
      vertex -63.148 -36.7716 0
      vertex -61.2056 -33.4815 0
      vertex -61.2844 -33.423 0
    endloop
  endfacet
  facet normal 0 0 1
    outer loop
      vertex -63.6667 -36.4944 0
      vertex -61.2844 -33.423 0
      vertex -61.3571 -33.3571 0
    endloop
  endfacet
  facet normal 0 0 1
    outer loop
      vertex -64.319 -35.9032 0
      vertex -61.3571 -33.3571 0
      vertex -61.423 -33.2844 0
    endloop
  endfacet
  facet normal 0 0 1
    outer loop
      vertex -64.7716 -35.148 0
      vertex -61.423 -33.2844 0
      vertex -61.4815 -33.2056 0
    endloop
  endfacet
  facet normal 0 0 1
    outer loop
      vertex -64.9855 -34.2941 0
      vertex -61.4815 -33.2056 0
      vertex -61.5319 -33.1214 0
    endloop
  endfacet
  facet normal 0 0 1
    outer loop
      vertex -65 -34 0
      vertex -61.5319 -33.1214 0
      vertex -61.5492 -33.0848 0
    endloop
  endfacet
  facet normal 0 0 1
    outer loop
      vertex -65 -34 0
      vertex -61.5492 -33.0848 0
      vertex -61.65 -28.0406 0
    endloop
  endfacet
  facet normal 0 0 1
    outer loop
      vertex -61.65 28.0406 0
      vertex -65 34 0
      vertex -61.65 -28.0406 0
    endloop
  endfacet
  facet normal 0 0 1
    outer loop
      vertex -65 34 0
      vertex -62 37 0
      vertex -62.2941 36.9856 0
    endloop
  endfacet
  facet normal 0 0 1
    outer loop
      vertex -65 -34 0
      vertex -61.65 -28.0406 0
      vertex -65 34 0
    endloop
  endfacet
  facet normal 0 0 1
    outer loop
      vertex -65 34 0
      vertex -62.2941 36.9856 0
      vertex -62.5853 36.9424 0
    endloop
  endfacet
  facet normal 0 0 1
    outer loop
      vertex -61.5319 -33.1214 0
      vertex -65 -34 0
      vertex -64.9855 -34.2941 0
    endloop
  endfacet
  facet normal 0 0 1
    outer loop
      vertex -65 34 0
      vertex -62.5853 36.9424 0
      vertex -62.8709 36.8708 0
    endloop
  endfacet
  facet normal 0 0 1
    outer loop
      vertex -61.1214 -33.5319 0
      vertex -62.2941 -36.9856 0
      vertex -62 -37 0
    endloop
  endfacet
  facet normal 0 0 1
    outer loop
      vertex -65 34 0
      vertex -62.8709 36.8708 0
      vertex -63.148 36.7716 0
    endloop
  endfacet
  facet normal 0 0 1
    outer loop
      vertex -61.2056 -33.4815 0
      vertex -62.5853 -36.9424 0
      vertex -62.2941 -36.9856 0
    endloop
  endfacet
  facet normal 0 0 1
    outer loop
      vertex -65 34 0
      vertex -63.148 36.7716 0
      vertex -63.4142 36.6458 0
    endloop
  endfacet
  facet normal 0 0 1
    outer loop
      vertex -61.2056 -33.4815 0
      vertex -62.8709 -36.8708 0
      vertex -62.5853 -36.9424 0
    endloop
  endfacet
  facet normal 0 0 1
    outer loop
      vertex -65 34 0
      vertex -63.4142 36.6458 0
      vertex -63.6667 36.4944 0
    endloop
  endfacet
  facet normal 0 0 1
    outer loop
      vertex -61.2056 -33.4815 0
      vertex -63.148 -36.7716 0
      vertex -62.8709 -36.8708 0
    endloop
  endfacet
  facet normal 0 0 1
    outer loop
      vertex -65 34 0
      vertex -63.6667 36.4944 0
      vertex -63.9032 36.319 0
    endloop
  endfacet
  facet normal 0 0 1
    outer loop
      vertex -61.2844 -33.423 0
      vertex -63.4142 -36.6458 0
      vertex -63.148 -36.7716 0
    endloop
  endfacet
  facet normal 0 0 1
    outer loop
      vertex -65 34 0
      vertex -63.9032 36.319 0
      vertex -64.1213 36.1213 0
    endloop
  endfacet
  facet normal 0 0 1
    outer loop
      vertex -61.2844 -33.423 0
      vertex -63.6667 -36.4944 0
      vertex -63.4142 -36.6458 0
    endloop
  endfacet
  facet normal 0 0 1
    outer loop
      vertex -65 34 0
      vertex -64.1213 36.1213 0
      vertex -64.319 35.9032 0
    endloop
  endfacet
  facet normal 0 0 1
    outer loop
      vertex -61.3571 -33.3571 0
      vertex -63.9032 -36.319 0
      vertex -63.6667 -36.4944 0
    endloop
  endfacet
  facet normal 0 0 1
    outer loop
      vertex -65 34 0
      vertex -64.319 35.9032 0
      vertex -64.4944 35.6667 0
    endloop
  endfacet
  facet normal 0 0 1
    outer loop
      vertex -61.3571 -33.3571 0
      vertex -64.1213 -36.1213 0
      vertex -63.9032 -36.319 0
    endloop
  endfacet
  facet normal 0 0 1
    outer loop
      vertex -65 34 0
      vertex -64.4944 35.6667 0
      vertex -64.6458 35.4142 0
    endloop
  endfacet
  facet normal 0 0 1
    outer loop
      vertex -61.3571 -33.3571 0
      vertex -64.319 -35.9032 0
      vertex -64.1213 -36.1213 0
    endloop
  endfacet
  facet normal 0 0 1
    outer loop
      vertex -65 34 0
      vertex -64.6458 35.4142 0
      vertex -64.7716 35.148 0
    endloop
  endfacet
  facet normal 0 0 1
    outer loop
      vertex -61.423 -33.2844 0
      vertex -64.4944 -35.6667 0
      vertex -64.319 -35.9032 0
    endloop
  endfacet
  facet normal 0 0 1
    outer loop
      vertex -65 34 0
      vertex -64.7716 35.148 0
      vertex -64.8708 34.8709 0
    endloop
  endfacet
  facet normal 0 0 1
    outer loop
      vertex -61.423 -33.2844 0
      vertex -64.6458 -35.4142 0
      vertex -64.4944 -35.6667 0
    endloop
  endfacet
  facet normal 0 0 1
    outer loop
      vertex -65 34 0
      vertex -64.8708 34.8709 0
      vertex -64.9424 34.5853 0
    endloop
  endfacet
  facet normal 0 0 1
    outer loop
      vertex -61.423 -33.2844 0
      vertex -64.7716 -35.148 0
      vertex -64.6458 -35.4142 0
    endloop
  endfacet
  facet normal 0 0 1
    outer loop
      vertex -65 34 0
      vertex -64.9424 34.5853 0
      vertex -64.9855 34.2941 0
    endloop
  endfacet
  facet normal 0 0 1
    outer loop
      vertex -61.4815 -33.2056 0
      vertex -64.8708 -34.8709 0
      vertex -64.7716 -35.148 0
    endloop
  endfacet
  facet normal 0 0 1
    outer loop
      vertex -61.4815 -33.2056 0
      vertex -64.9424 -34.5853 0
      vertex -64.8708 -34.8709 0
    endloop
  endfacet
  facet normal 0 0 1
    outer loop
      vertex -61.4815 -33.2056 0
      vertex -64.9855 -34.2941 0
      vertex -64.9424 -34.5853 0
    endloop
  endfacet
  facet normal 0 0 1
    outer loop
      vertex 60.2 30.5 0
      vertex 61.5492 33.0848 0
      vertex 61.3284 33.3284 0
    endloop
  endfacet
  facet normal -0 0 1
    outer loop
      vertex 60.1918 30.3334 0
      vertex 61.65 28.0406 0
      vertex 60.2 30.5 0
    endloop
  endfacet
  facet normal 0 0 1
    outer loop
      vertex 60.2 30.5 0
      vertex 61.3284 33.3284 0
      vertex 61.0848 33.5492 0
    endloop
  endfacet
  facet normal -0 0 1
    outer loop
      vertex 60.1673 30.1683 0
      vertex 61.65 28.0406 0
      vertex 60.1918 30.3334 0
    endloop
  endfacet
  facet normal -0.803208 -0.595699 0
    outer loop
      vertex -64.319 -35.9032 -2.4
      vertex -64.4944 -35.6667 0
      vertex -64.4944 -35.6667 -2.4
    endloop
  endfacet
  facet normal -0.803208 -0.595699 0
    outer loop
      vertex -64.4944 -35.6667 0
      vertex -64.319 -35.9032 -2.4
      vertex -64.319 -35.9032 0
    endloop
  endfacet
  facet normal -0.803208 0.595699 0
    outer loop
      vertex -64.4944 35.6667 -2.4
      vertex -64.319 35.9032 0
      vertex -64.319 35.9032 -2.4
    endloop
  endfacet
  facet normal -0.803208 0.595699 0
    outer loop
      vertex -64.319 35.9032 0
      vertex -64.4944 35.6667 -2.4
      vertex -64.4944 35.6667 0
    endloop
  endfacet
  facet normal 0.941488 0.337047 0
    outer loop
      vertex 64.8708 34.8709 0
      vertex 64.7716 35.148 -2.4
      vertex 64.7716 35.148 0
    endloop
  endfacet
  facet normal 0.941488 0.337047 0
    outer loop
      vertex 64.7716 35.148 -2.4
      vertex 64.8708 34.8709 0
      vertex 64.8708 34.8709 -2.4
    endloop
  endfacet
  facet normal 0.904125 0.427269 0
    outer loop
      vertex 64.7716 35.148 0
      vertex 64.6458 35.4142 -2.4
      vertex 64.6458 35.4142 0
    endloop
  endfacet
  facet normal 0.904125 0.427269 0
    outer loop
      vertex 64.6458 35.4142 -2.4
      vertex 64.7716 35.148 0
      vertex 64.7716 35.148 -2.4
    endloop
  endfacet
  facet normal 0.146746 0.989174 -0
    outer loop
      vertex 62.5853 36.9424 -2.4
      vertex 62.2941 36.9856 0
      vertex 62.5853 36.9424 0
    endloop
  endfacet
  facet normal 0.146746 0.989174 0
    outer loop
      vertex 62.2941 36.9856 0
      vertex 62.5853 36.9424 -2.4
      vertex 62.2941 36.9856 -2.4
    endloop
  endfacet
  facet normal -0.337047 0.941488 0
    outer loop
      vertex -62.8709 36.8708 -2.4
      vertex -63.148 36.7716 0
      vertex -62.8709 36.8708 0
    endloop
  endfacet
  facet normal -0.337047 0.941488 0
    outer loop
      vertex -63.148 36.7716 0
      vertex -62.8709 36.8708 -2.4
      vertex -63.148 36.7716 -2.4
    endloop
  endfacet
  facet normal -0.904125 -0.427269 0
    outer loop
      vertex -64.6458 -35.4142 -2.4
      vertex -64.7716 -35.148 0
      vertex -64.7716 -35.148 -2.4
    endloop
  endfacet
  facet normal -0.904125 -0.427269 0
    outer loop
      vertex -64.7716 -35.148 0
      vertex -64.6458 -35.4142 -2.4
      vertex -64.6458 -35.4142 0
    endloop
  endfacet
  facet normal 1 -0 0
    outer loop
      vertex 65 -34 0
      vertex 65 34 -2.4
      vertex 65 34 0
    endloop
  endfacet
  facet normal 1 0 0
    outer loop
      vertex 65 34 -2.4
      vertex 65 -34 0
      vertex 65 -34 -2.4
    endloop
  endfacet
  facet normal 0.998787 0.0492431 0
    outer loop
      vertex 65 34 0
      vertex 64.9855 34.2941 -2.4
      vertex 64.9855 34.2941 0
    endloop
  endfacet
  facet normal 0.998787 0.0492431 0
    outer loop
      vertex 64.9855 34.2941 -2.4
      vertex 65 34 0
      vertex 65 34 -2.4
    endloop
  endfacet
  facet normal -0.146746 0.989174 0
    outer loop
      vertex -62.2941 36.9856 -2.4
      vertex -62.5853 36.9424 0
      vertex -62.2941 36.9856 0
    endloop
  endfacet
  facet normal -0.146746 0.989174 0
    outer loop
      vertex -62.5853 36.9424 0
      vertex -62.2941 36.9856 -2.4
      vertex -62.5853 36.9424 -2.4
    endloop
  endfacet
  facet normal -0.969982 -0.243175 0
    outer loop
      vertex -64.8708 -34.8709 -2.4
      vertex -64.9424 -34.5853 0
      vertex -64.9424 -34.5853 -2.4
    endloop
  endfacet
  facet normal -0.969982 -0.243175 0
    outer loop
      vertex -64.9424 -34.5853 0
      vertex -64.8708 -34.8709 -2.4
      vertex -64.8708 -34.8709 0
    endloop
  endfacet
  facet normal 0.803208 -0.595699 0
    outer loop
      vertex 64.319 -35.9032 0
      vertex 64.4944 -35.6667 -2.4
      vertex 64.4944 -35.6667 0
    endloop
  endfacet
  facet normal 0.803208 -0.595699 0
    outer loop
      vertex 64.4944 -35.6667 -2.4
      vertex 64.319 -35.9032 0
      vertex 64.319 -35.9032 -2.4
    endloop
  endfacet
  facet normal -0.740908 0.671607 0
    outer loop
      vertex -64.319 35.9032 -2.4
      vertex -64.1213 36.1213 0
      vertex -64.1213 36.1213 -2.4
    endloop
  endfacet
  facet normal -0.740908 0.671607 0
    outer loop
      vertex -64.1213 36.1213 0
      vertex -64.319 35.9032 -2.4
      vertex -64.319 35.9032 0
    endloop
  endfacet
  facet normal 0.337047 -0.941488 0
    outer loop
      vertex 62.8709 -36.8708 -2.4
      vertex 63.148 -36.7716 0
      vertex 62.8709 -36.8708 0
    endloop
  endfacet
  facet normal 0.337047 -0.941488 0
    outer loop
      vertex 63.148 -36.7716 0
      vertex 62.8709 -36.8708 -2.4
      vertex 63.148 -36.7716 -2.4
    endloop
  endfacet
  facet normal 0.243175 0.969982 -0
    outer loop
      vertex 62.8709 36.8708 -2.4
      vertex 62.5853 36.9424 0
      vertex 62.8709 36.8708 0
    endloop
  endfacet
  facet normal 0.243175 0.969982 0
    outer loop
      vertex 62.5853 36.9424 0
      vertex 62.8709 36.8708 -2.4
      vertex 62.5853 36.9424 -2.4
    endloop
  endfacet
  facet normal -0.671607 0.740908 0
    outer loop
      vertex -63.9032 36.319 -2.4
      vertex -64.1213 36.1213 0
      vertex -63.9032 36.319 0
    endloop
  endfacet
  facet normal -0.671607 0.740908 0
    outer loop
      vertex -64.1213 36.1213 0
      vertex -63.9032 36.319 -2.4
      vertex -64.1213 36.1213 -2.4
    endloop
  endfacet
  facet normal -0.243175 0.969982 0
    outer loop
      vertex -62.5853 36.9424 -2.4
      vertex -62.8709 36.8708 0
      vertex -62.5853 36.9424 0
    endloop
  endfacet
  facet normal -0.243175 0.969982 0
    outer loop
      vertex -62.8709 36.8708 0
      vertex -62.5853 36.9424 -2.4
      vertex -62.8709 36.8708 -2.4
    endloop
  endfacet
  facet normal 0.243175 -0.969982 0
    outer loop
      vertex 62.5853 -36.9424 -2.4
      vertex 62.8709 -36.8708 0
      vertex 62.5853 -36.9424 0
    endloop
  endfacet
  facet normal 0.243175 -0.969982 0
    outer loop
      vertex 62.8709 -36.8708 0
      vertex 62.5853 -36.9424 -2.4
      vertex 62.8709 -36.8708 -2.4
    endloop
  endfacet
  facet normal -0.427269 0.904125 0
    outer loop
      vertex -63.148 36.7716 -2.4
      vertex -63.4142 36.6458 0
      vertex -63.148 36.7716 0
    endloop
  endfacet
  facet normal -0.427269 0.904125 0
    outer loop
      vertex -63.4142 36.6458 0
      vertex -63.148 36.7716 -2.4
      vertex -63.4142 36.6458 -2.4
    endloop
  endfacet
  facet normal -0.595699 0.803208 0
    outer loop
      vertex -63.6667 36.4944 -2.4
      vertex -63.9032 36.319 0
      vertex -63.6667 36.4944 0
    endloop
  endfacet
  facet normal -0.595699 0.803208 0
    outer loop
      vertex -63.9032 36.319 0
      vertex -63.6667 36.4944 -2.4
      vertex -63.9032 36.319 -2.4
    endloop
  endfacet
  facet normal -0.989224 -0.146413 0
    outer loop
      vertex -64.9424 -34.5853 -2.4
      vertex -64.9855 -34.2941 0
      vertex -64.9855 -34.2941 -2.4
    endloop
  endfacet
  facet normal -0.989224 -0.146413 0
    outer loop
      vertex -64.9855 -34.2941 0
      vertex -64.9424 -34.5853 -2.4
      vertex -64.9424 -34.5853 0
    endloop
  endfacet
  facet normal -0.595699 -0.803208 0
    outer loop
      vertex -63.9032 -36.319 -2.4
      vertex -63.6667 -36.4944 0
      vertex -63.9032 -36.319 0
    endloop
  endfacet
  facet normal -0.595699 -0.803208 -0
    outer loop
      vertex -63.6667 -36.4944 0
      vertex -63.9032 -36.319 -2.4
      vertex -63.6667 -36.4944 -2.4
    endloop
  endfacet
  facet normal 0.989224 0.146413 0
    outer loop
      vertex 64.9855 34.2941 0
      vertex 64.9424 34.5853 -2.4
      vertex 64.9424 34.5853 0
    endloop
  endfacet
  facet normal 0.989224 0.146413 0
    outer loop
      vertex 64.9424 34.5853 -2.4
      vertex 64.9855 34.2941 0
      vertex 64.9855 34.2941 -2.4
    endloop
  endfacet
  facet normal 0.671607 -0.740908 0
    outer loop
      vertex 63.9032 -36.319 -2.4
      vertex 64.1213 -36.1213 0
      vertex 63.9032 -36.319 0
    endloop
  endfacet
  facet normal 0.671607 -0.740908 0
    outer loop
      vertex 64.1213 -36.1213 0
      vertex 63.9032 -36.319 -2.4
      vertex 64.1213 -36.1213 -2.4
    endloop
  endfacet
  facet normal 0.427269 -0.904125 0
    outer loop
      vertex 63.148 -36.7716 -2.4
      vertex 63.4142 -36.6458 0
      vertex 63.148 -36.7716 0
    endloop
  endfacet
  facet normal 0.427269 -0.904125 0
    outer loop
      vertex 63.4142 -36.6458 0
      vertex 63.148 -36.7716 -2.4
      vertex 63.4142 -36.6458 -2.4
    endloop
  endfacet
  facet normal 0.998787 -0.0492431 0
    outer loop
      vertex 64.9855 -34.2941 0
      vertex 65 -34 -2.4
      vertex 65 -34 0
    endloop
  endfacet
  facet normal 0.998787 -0.0492431 0
    outer loop
      vertex 65 -34 -2.4
      vertex 64.9855 -34.2941 0
      vertex 64.9855 -34.2941 -2.4
    endloop
  endfacet
  facet normal 0.514246 -0.857643 0
    outer loop
      vertex 63.4142 -36.6458 -2.4
      vertex 63.6667 -36.4944 0
      vertex 63.4142 -36.6458 0
    endloop
  endfacet
  facet normal 0.514246 -0.857643 0
    outer loop
      vertex 63.6667 -36.4944 0
      vertex 63.4142 -36.6458 -2.4
      vertex 63.6667 -36.4944 -2.4
    endloop
  endfacet
  facet normal -0.904125 0.427269 0
    outer loop
      vertex -64.7716 35.148 -2.4
      vertex -64.6458 35.4142 0
      vertex -64.6458 35.4142 -2.4
    endloop
  endfacet
  facet normal -0.904125 0.427269 0
    outer loop
      vertex -64.6458 35.4142 0
      vertex -64.7716 35.148 -2.4
      vertex -64.7716 35.148 0
    endloop
  endfacet
  facet normal -0.740908 -0.671607 0
    outer loop
      vertex -64.1213 -36.1213 -2.4
      vertex -64.319 -35.9032 0
      vertex -64.319 -35.9032 -2.4
    endloop
  endfacet
  facet normal -0.740908 -0.671607 0
    outer loop
      vertex -64.319 -35.9032 0
      vertex -64.1213 -36.1213 -2.4
      vertex -64.1213 -36.1213 0
    endloop
  endfacet
  facet normal -0.514246 -0.857643 0
    outer loop
      vertex -63.6667 -36.4944 -2.4
      vertex -63.4142 -36.6458 0
      vertex -63.6667 -36.4944 0
    endloop
  endfacet
  facet normal -0.514246 -0.857643 -0
    outer loop
      vertex -63.4142 -36.6458 0
      vertex -63.6667 -36.4944 -2.4
      vertex -63.4142 -36.6458 -2.4
    endloop
  endfacet
  facet normal 0 0 -1
    outer loop
      vertex -56.9294 -29.8494 -2.4
      vertex 56.9294 -29.8494 -2.4
      vertex -56.8732 -30.0065 -2.4
    endloop
  endfacet
  facet normal 0 0 -1
    outer loop
      vertex 57.0007 29.6986 -2.4
      vertex -56.8082 30.3334 -2.4
      vertex -56.8 30.5 -2.4
    endloop
  endfacet
  facet normal 0 0 -1
    outer loop
      vertex 56.9294 -29.8494 -2.4
      vertex -56.9294 -29.8494 -2.4
      vertex 57.0007 -29.6986 -2.4
    endloop
  endfacet
  facet normal 0 0 -1
    outer loop
      vertex 57.0007 29.6986 -2.4
      vertex -56.8327 30.1683 -2.4
      vertex -56.8082 30.3334 -2.4
    endloop
  endfacet
  facet normal 0 0 -1
    outer loop
      vertex -57.0007 -29.6986 -2.4
      vertex 57.0007 -29.6986 -2.4
      vertex -56.9294 -29.8494 -2.4
    endloop
  endfacet
  facet normal 0 0 -1
    outer loop
      vertex 57.0007 29.6986 -2.4
      vertex -56.8732 30.0065 -2.4
      vertex -56.8327 30.1683 -2.4
    endloop
  endfacet
  facet normal 0 0 -1
    outer loop
      vertex 57.0007 -29.6986 -2.4
      vertex -57.0007 -29.6986 -2.4
      vertex 57.0007 29.6986 -2.4
    endloop
  endfacet
  facet normal 0 0 -1
    outer loop
      vertex 57.0007 29.6986 -2.4
      vertex -56.9294 29.8494 -2.4
      vertex -56.8732 30.0065 -2.4
    endloop
  endfacet
  facet normal 0 0 -1
    outer loop
      vertex -57.0007 29.6986 -2.4
      vertex 57.0007 29.6986 -2.4
      vertex -57.0007 -29.6986 -2.4
    endloop
  endfacet
  facet normal 0 0 -1
    outer loop
      vertex 57.0007 29.6986 -2.4
      vertex -57.0007 29.6986 -2.4
      vertex -56.9294 29.8494 -2.4
    endloop
  endfacet
  facet normal 0 0 -1
    outer loop
      vertex -57.0865 -29.5555 -2.4
      vertex -57.0007 29.6986 -2.4
      vertex -57.0007 -29.6986 -2.4
    endloop
  endfacet
  facet normal 0 0 -1
    outer loop
      vertex -57.0865 -29.5555 -2.4
      vertex -57.0865 29.5555 -2.4
      vertex -57.0007 29.6986 -2.4
    endloop
  endfacet
  facet normal 0 0 -1
    outer loop
      vertex -57.1859 -29.4215 -2.4
      vertex -57.0865 29.5555 -2.4
      vertex -57.0865 -29.5555 -2.4
    endloop
  endfacet
  facet normal 0 0 -1
    outer loop
      vertex -57.1859 -29.4215 -2.4
      vertex -57.1859 29.4215 -2.4
      vertex -57.0865 29.5555 -2.4
    endloop
  endfacet
  facet normal 0 0 -1
    outer loop
      vertex -57.2979 -29.2979 -2.4
      vertex -57.1859 29.4215 -2.4
      vertex -57.1859 -29.4215 -2.4
    endloop
  endfacet
  facet normal 0 0 -1
    outer loop
      vertex -57.2979 -29.2979 -2.4
      vertex -57.2979 29.2979 -2.4
      vertex -57.1859 29.4215 -2.4
    endloop
  endfacet
  facet normal 0 0 -1
    outer loop
      vertex -57.4215 -29.1859 -2.4
      vertex -57.2979 29.2979 -2.4
      vertex -57.2979 -29.2979 -2.4
    endloop
  endfacet
  facet normal 0 0 -1
    outer loop
      vertex -57.4215 -29.1859 -2.4
      vertex -57.4215 29.1859 -2.4
      vertex -57.2979 29.2979 -2.4
    endloop
  endfacet
  facet normal 0 0 -1
    outer loop
      vertex -57.5555 -29.0865 -2.4
      vertex -57.4215 29.1859 -2.4
      vertex -57.4215 -29.1859 -2.4
    endloop
  endfacet
  facet normal 0 0 -1
    outer loop
      vertex -57.5555 -29.0865 -2.4
      vertex -57.5555 29.0865 -2.4
      vertex -57.4215 29.1859 -2.4
    endloop
  endfacet
  facet normal 0 0 -1
    outer loop
      vertex -57.6986 -29.0007 -2.4
      vertex -57.5555 29.0865 -2.4
      vertex -57.5555 -29.0865 -2.4
    endloop
  endfacet
  facet normal 0 0 -1
    outer loop
      vertex -57.6986 -29.0007 -2.4
      vertex -57.6986 29.0007 -2.4
      vertex -57.5555 29.0865 -2.4
    endloop
  endfacet
  facet normal 0 0 -1
    outer loop
      vertex -57.8494 -28.9294 -2.4
      vertex -57.6986 29.0007 -2.4
      vertex -57.6986 -29.0007 -2.4
    endloop
  endfacet
  facet normal 0 0 -1
    outer loop
      vertex -57.8494 -28.9294 -2.4
      vertex -57.8494 28.9294 -2.4
      vertex -57.6986 29.0007 -2.4
    endloop
  endfacet
  facet normal 0 0 -1
    outer loop
      vertex -58.0065 -28.8732 -2.4
      vertex -57.8494 28.9294 -2.4
      vertex -57.8494 -28.9294 -2.4
    endloop
  endfacet
  facet normal 0 0 -1
    outer loop
      vertex -58.0065 -28.8732 -2.4
      vertex -58.0065 28.8732 -2.4
      vertex -57.8494 28.9294 -2.4
    endloop
  endfacet
  facet normal 0 0 -1
    outer loop
      vertex -58.1683 -28.8327 -2.4
      vertex -58.0065 28.8732 -2.4
      vertex -58.0065 -28.8732 -2.4
    endloop
  endfacet
  facet normal 0 0 -1
    outer loop
      vertex -58.1683 -28.8327 -2.4
      vertex -58.1683 28.8327 -2.4
      vertex -58.0065 28.8732 -2.4
    endloop
  endfacet
  facet normal 0 0 -1
    outer loop
      vertex -58.3334 -28.8082 -2.4
      vertex -58.1683 28.8327 -2.4
      vertex -58.1683 -28.8327 -2.4
    endloop
  endfacet
  facet normal 0 0 -1
    outer loop
      vertex -58.3334 -28.8082 -2.4
      vertex -58.3334 28.8082 -2.4
      vertex -58.1683 28.8327 -2.4
    endloop
  endfacet
  facet normal 0 0 -1
    outer loop
      vertex -58.5 -28.8 -2.4
      vertex -58.3334 28.8082 -2.4
      vertex -58.3334 -28.8082 -2.4
    endloop
  endfacet
  facet normal 0 0 -1
    outer loop
      vertex -58.5 -28.8 -2.4
      vertex -58.5 28.8 -2.4
      vertex -58.3334 28.8082 -2.4
    endloop
  endfacet
  facet normal 0 0 -1
    outer loop
      vertex -58.6666 -28.8082 -2.4
      vertex -58.5 28.8 -2.4
      vertex -58.5 -28.8 -2.4
    endloop
  endfacet
  facet normal 0 0 -1
    outer loop
      vertex -58.6666 -28.8082 -2.4
      vertex -58.6666 28.8082 -2.4
      vertex -58.5 28.8 -2.4
    endloop
  endfacet
  facet normal 0 0 -1
    outer loop
      vertex -58.8317 -28.8327 -2.4
      vertex -58.6666 28.8082 -2.4
      vertex -58.6666 -28.8082 -2.4
    endloop
  endfacet
  facet normal 0 0 -1
    outer loop
      vertex -58.8317 -28.8327 -2.4
      vertex -58.8317 28.8327 -2.4
      vertex -58.6666 28.8082 -2.4
    endloop
  endfacet
  facet normal 0 0 -1
    outer loop
      vertex -58.9935 -28.8732 -2.4
      vertex -58.8317 28.8327 -2.4
      vertex -58.8317 -28.8327 -2.4
    endloop
  endfacet
  facet normal 0 0 -1
    outer loop
      vertex -58.9935 -28.8732 -2.4
      vertex -58.9935 28.8732 -2.4
      vertex -58.8317 28.8327 -2.4
    endloop
  endfacet
  facet normal 0 0 -1
    outer loop
      vertex -59.1506 -28.9294 -2.4
      vertex -58.9935 28.8732 -2.4
      vertex -58.9935 -28.8732 -2.4
    endloop
  endfacet
  facet normal 0 0 -1
    outer loop
      vertex -59.1506 -28.9294 -2.4
      vertex -59.1506 28.9294 -2.4
      vertex -58.9935 28.8732 -2.4
    endloop
  endfacet
  facet normal 0 0 -1
    outer loop
      vertex -59.3014 -29.0007 -2.4
      vertex -59.1506 28.9294 -2.4
      vertex -59.1506 -28.9294 -2.4
    endloop
  endfacet
  facet normal 0 0 -1
    outer loop
      vertex -59.3014 -29.0007 -2.4
      vertex -59.3014 29.0007 -2.4
      vertex -59.1506 28.9294 -2.4
    endloop
  endfacet
  facet normal 0 0 -1
    outer loop
      vertex -59.4445 -29.0865 -2.4
      vertex -59.3014 29.0007 -2.4
      vertex -59.3014 -29.0007 -2.4
    endloop
  endfacet
  facet normal 0 0 -1
    outer loop
      vertex -59.4445 -29.0865 -2.4
      vertex -59.4445 29.0865 -2.4
      vertex -59.3014 29.0007 -2.4
    endloop
  endfacet
  facet normal 0 0 -1
    outer loop
      vertex -59.5785 -29.1859 -2.4
      vertex -59.4445 29.0865 -2.4
      vertex -59.4445 -29.0865 -2.4
    endloop
  endfacet
  facet normal 0 0 -1
    outer loop
      vertex -59.5785 -29.1859 -2.4
      vertex -59.5785 29.1859 -2.4
      vertex -59.4445 29.0865 -2.4
    endloop
  endfacet
  facet normal 0 0 -1
    outer loop
      vertex -59.7021 -29.2979 -2.4
      vertex -59.5785 29.1859 -2.4
      vertex -59.5785 -29.1859 -2.4
    endloop
  endfacet
  facet normal 0 0 -1
    outer loop
      vertex -59.7021 -29.2979 -2.4
      vertex -59.7021 29.2979 -2.4
      vertex -59.5785 29.1859 -2.4
    endloop
  endfacet
  facet normal 0 0 -1
    outer loop
      vertex -65 -34 -2.4
      vertex -59.7021 -29.2979 -2.4
      vertex -59.8141 -29.4215 -2.4
    endloop
  endfacet
  facet normal -0 0 -1
    outer loop
      vertex -59.7021 -29.2979 -2.4
      vertex -65 -34 -2.4
      vertex -59.7021 29.2979 -2.4
    endloop
  endfacet
  facet normal 0 0 -1
    outer loop
      vertex -65 -34 -2.4
      vertex -59.8141 -29.4215 -2.4
      vertex -59.9135 -29.5555 -2.4
    endloop
  endfacet
  facet normal 0 0 -1
    outer loop
      vertex -65 34 -2.4
      vertex -59.7021 29.2979 -2.4
      vertex -65 -34 -2.4
    endloop
  endfacet
  facet normal 0 0 -1
    outer loop
      vertex -65 -34 -2.4
      vertex -59.9135 -29.5555 -2.4
      vertex -59.9993 -29.6986 -2.4
    endloop
  endfacet
  facet normal 0 0 -1
    outer loop
      vertex -59.7021 29.2979 -2.4
      vertex -65 34 -2.4
      vertex -59.8141 29.4215 -2.4
    endloop
  endfacet
  facet normal 0 0 -1
    outer loop
      vertex -65 -34 -2.4
      vertex -59.9993 -29.6986 -2.4
      vertex -60.0706 -29.8494 -2.4
    endloop
  endfacet
  facet normal 0 0 -1
    outer loop
      vertex -59.8141 29.4215 -2.4
      vertex -65 34 -2.4
      vertex -59.9135 29.5555 -2.4
    endloop
  endfacet
  facet normal 0 0 -1
    outer loop
      vertex -65 -34 -2.4
      vertex -60.0706 -29.8494 -2.4
      vertex -60.1268 -30.0065 -2.4
    endloop
  endfacet
  facet normal 0 0 -1
    outer loop
      vertex -59.9135 29.5555 -2.4
      vertex -65 34 -2.4
      vertex -59.9993 29.6986 -2.4
    endloop
  endfacet
  facet normal 0 0 -1
    outer loop
      vertex -65 -34 -2.4
      vertex -60.1268 -30.0065 -2.4
      vertex -60.1673 -30.1683 -2.4
    endloop
  endfacet
  facet normal 0 0 -1
    outer loop
      vertex -59.9993 29.6986 -2.4
      vertex -65 34 -2.4
      vertex -60.0706 29.8494 -2.4
    endloop
  endfacet
  facet normal 0 0 -1
    outer loop
      vertex -65 -34 -2.4
      vertex -60.1673 -30.1683 -2.4
      vertex -60.1918 -30.3334 -2.4
    endloop
  endfacet
  facet normal 0 0 -1
    outer loop
      vertex -60.0706 29.8494 -2.4
      vertex -65 34 -2.4
      vertex -60.1268 30.0065 -2.4
    endloop
  endfacet
  facet normal 0 0 -1
    outer loop
      vertex -65 -34 -2.4
      vertex -60.1918 -30.3334 -2.4
      vertex -60.2 -30.5 -2.4
    endloop
  endfacet
  facet normal 0 0 -1
    outer loop
      vertex -60.1268 30.0065 -2.4
      vertex -65 34 -2.4
      vertex -60.1673 30.1683 -2.4
    endloop
  endfacet
  facet normal 0 0 -1
    outer loop
      vertex 60.1268 -30.0065 -2.4
      vertex 65 -34 -2.4
      vertex 60.1673 -30.1683 -2.4
    endloop
  endfacet
  facet normal 0 0 -1
    outer loop
      vertex 65 34 -2.4
      vertex 60.1918 30.3334 -2.4
      vertex 60.2 30.5 -2.4
    endloop
  endfacet
  facet normal 0 0 -1
    outer loop
      vertex 60.0706 -29.8494 -2.4
      vertex 65 -34 -2.4
      vertex 60.1268 -30.0065 -2.4
    endloop
  endfacet
  facet normal 0 0 -1
    outer loop
      vertex 65 34 -2.4
      vertex 60.1673 30.1683 -2.4
      vertex 60.1918 30.3334 -2.4
    endloop
  endfacet
  facet normal 0 0 -1
    outer loop
      vertex 59.9993 -29.6986 -2.4
      vertex 65 -34 -2.4
      vertex 60.0706 -29.8494 -2.4
    endloop
  endfacet
  facet normal 0 0 -1
    outer loop
      vertex 65 34 -2.4
      vertex 60.1268 30.0065 -2.4
      vertex 60.1673 30.1683 -2.4
    endloop
  endfacet
  facet normal 0 0 -1
    outer loop
      vertex 59.9135 -29.5555 -2.4
      vertex 65 -34 -2.4
      vertex 59.9993 -29.6986 -2.4
    endloop
  endfacet
  facet normal 0 0 -1
    outer loop
      vertex 65 34 -2.4
      vertex 60.0706 29.8494 -2.4
      vertex 60.1268 30.0065 -2.4
    endloop
  endfacet
  facet normal 0 0 -1
    outer loop
      vertex 59.8141 -29.4215 -2.4
      vertex 65 -34 -2.4
      vertex 59.9135 -29.5555 -2.4
    endloop
  endfacet
  facet normal 0 0 -1
    outer loop
      vertex 65 34 -2.4
      vertex 59.9993 29.6986 -2.4
      vertex 60.0706 29.8494 -2.4
    endloop
  endfacet
  facet normal 0 0 -1
    outer loop
      vertex 59.7021 -29.2979 -2.4
      vertex 65 -34 -2.4
      vertex 59.8141 -29.4215 -2.4
    endloop
  endfacet
  facet normal 0 0 -1
    outer loop
      vertex 65 34 -2.4
      vertex 59.9135 29.5555 -2.4
      vertex 59.9993 29.6986 -2.4
    endloop
  endfacet
  facet normal 0 0 -1
    outer loop
      vertex 65 -34 -2.4
      vertex 59.7021 -29.2979 -2.4
      vertex 65 34 -2.4
    endloop
  endfacet
  facet normal 0 0 -1
    outer loop
      vertex 65 34 -2.4
      vertex 59.8141 29.4215 -2.4
      vertex 59.9135 29.5555 -2.4
    endloop
  endfacet
  facet normal 0 0 -1
    outer loop
      vertex 59.7021 29.2979 -2.4
      vertex 65 34 -2.4
      vertex 59.7021 -29.2979 -2.4
    endloop
  endfacet
  facet normal 0 0 -1
    outer loop
      vertex 65 34 -2.4
      vertex 59.7021 29.2979 -2.4
      vertex 59.8141 29.4215 -2.4
    endloop
  endfacet
  facet normal 0 0 -1
    outer loop
      vertex 59.5785 -29.1859 -2.4
      vertex 59.7021 29.2979 -2.4
      vertex 59.7021 -29.2979 -2.4
    endloop
  endfacet
  facet normal 0 0 -1
    outer loop
      vertex 59.5785 -29.1859 -2.4
      vertex 59.5785 29.1859 -2.4
      vertex 59.7021 29.2979 -2.4
    endloop
  endfacet
  facet normal 0 0 -1
    outer loop
      vertex 59.4445 -29.0865 -2.4
      vertex 59.5785 29.1859 -2.4
      vertex 59.5785 -29.1859 -2.4
    endloop
  endfacet
  facet normal 0 0 -1
    outer loop
      vertex 59.4445 -29.0865 -2.4
      vertex 59.4445 29.0865 -2.4
      vertex 59.5785 29.1859 -2.4
    endloop
  endfacet
  facet normal 0 0 -1
    outer loop
      vertex 59.3014 -29.0007 -2.4
      vertex 59.4445 29.0865 -2.4
      vertex 59.4445 -29.0865 -2.4
    endloop
  endfacet
  facet normal 0 0 -1
    outer loop
      vertex 59.3014 -29.0007 -2.4
      vertex 59.3014 29.0007 -2.4
      vertex 59.4445 29.0865 -2.4
    endloop
  endfacet
  facet normal 0 0 -1
    outer loop
      vertex 59.1506 -28.9294 -2.4
      vertex 59.3014 29.0007 -2.4
      vertex 59.3014 -29.0007 -2.4
    endloop
  endfacet
  facet normal 0 0 -1
    outer loop
      vertex 59.1506 -28.9294 -2.4
      vertex 59.1506 28.9294 -2.4
      vertex 59.3014 29.0007 -2.4
    endloop
  endfacet
  facet normal 0 0 -1
    outer loop
      vertex 58.9935 -28.8732 -2.4
      vertex 59.1506 28.9294 -2.4
      vertex 59.1506 -28.9294 -2.4
    endloop
  endfacet
  facet normal 0 0 -1
    outer loop
      vertex 58.9935 -28.8732 -2.4
      vertex 58.9935 28.8732 -2.4
      vertex 59.1506 28.9294 -2.4
    endloop
  endfacet
  facet normal 0 0 -1
    outer loop
      vertex 58.8317 -28.8327 -2.4
      vertex 58.9935 28.8732 -2.4
      vertex 58.9935 -28.8732 -2.4
    endloop
  endfacet
  facet normal 0 0 -1
    outer loop
      vertex 58.8317 -28.8327 -2.4
      vertex 58.8317 28.8327 -2.4
      vertex 58.9935 28.8732 -2.4
    endloop
  endfacet
  facet normal 0 0 -1
    outer loop
      vertex 58.6666 -28.8082 -2.4
      vertex 58.8317 28.8327 -2.4
      vertex 58.8317 -28.8327 -2.4
    endloop
  endfacet
  facet normal 0 0 -1
    outer loop
      vertex 58.6666 -28.8082 -2.4
      vertex 58.6666 28.8082 -2.4
      vertex 58.8317 28.8327 -2.4
    endloop
  endfacet
  facet normal 0 0 -1
    outer loop
      vertex 58.5 -28.8 -2.4
      vertex 58.6666 28.8082 -2.4
      vertex 58.6666 -28.8082 -2.4
    endloop
  endfacet
  facet normal 0 0 -1
    outer loop
      vertex 58.5 -28.8 -2.4
      vertex 58.5 28.8 -2.4
      vertex 58.6666 28.8082 -2.4
    endloop
  endfacet
  facet normal 0 0 -1
    outer loop
      vertex 58.3334 -28.8082 -2.4
      vertex 58.5 28.8 -2.4
      vertex 58.5 -28.8 -2.4
    endloop
  endfacet
  facet normal 0 0 -1
    outer loop
      vertex 58.3334 -28.8082 -2.4
      vertex 58.3334 28.8082 -2.4
      vertex 58.5 28.8 -2.4
    endloop
  endfacet
  facet normal 0 0 -1
    outer loop
      vertex 58.1683 -28.8327 -2.4
      vertex 58.3334 28.8082 -2.4
      vertex 58.3334 -28.8082 -2.4
    endloop
  endfacet
  facet normal 0 0 -1
    outer loop
      vertex 58.1683 -28.8327 -2.4
      vertex 58.1683 28.8327 -2.4
      vertex 58.3334 28.8082 -2.4
    endloop
  endfacet
  facet normal 0 0 -1
    outer loop
      vertex 58.0065 -28.8732 -2.4
      vertex 58.1683 28.8327 -2.4
      vertex 58.1683 -28.8327 -2.4
    endloop
  endfacet
  facet normal 0 0 -1
    outer loop
      vertex 58.0065 -28.8732 -2.4
      vertex 58.0065 28.8732 -2.4
      vertex 58.1683 28.8327 -2.4
    endloop
  endfacet
  facet normal 0 0 -1
    outer loop
      vertex 57.8494 -28.9294 -2.4
      vertex 58.0065 28.8732 -2.4
      vertex 58.0065 -28.8732 -2.4
    endloop
  endfacet
  facet normal 0 0 -1
    outer loop
      vertex 57.8494 -28.9294 -2.4
      vertex 57.8494 28.9294 -2.4
      vertex 58.0065 28.8732 -2.4
    endloop
  endfacet
  facet normal 0 0 -1
    outer loop
      vertex 57.6986 -29.0007 -2.4
      vertex 57.8494 28.9294 -2.4
      vertex 57.8494 -28.9294 -2.4
    endloop
  endfacet
  facet normal 0 0 -1
    outer loop
      vertex 57.6986 -29.0007 -2.4
      vertex 57.6986 29.0007 -2.4
      vertex 57.8494 28.9294 -2.4
    endloop
  endfacet
  facet normal 0 0 -1
    outer loop
      vertex 57.5555 -29.0865 -2.4
      vertex 57.6986 29.0007 -2.4
      vertex 57.6986 -29.0007 -2.4
    endloop
  endfacet
  facet normal 0 0 -1
    outer loop
      vertex 57.5555 -29.0865 -2.4
      vertex 57.5555 29.0865 -2.4
      vertex 57.6986 29.0007 -2.4
    endloop
  endfacet
  facet normal 0 0 -1
    outer loop
      vertex 57.4215 -29.1859 -2.4
      vertex 57.5555 29.0865 -2.4
      vertex 57.5555 -29.0865 -2.4
    endloop
  endfacet
  facet normal 0 0 -1
    outer loop
      vertex 57.4215 -29.1859 -2.4
      vertex 57.4215 29.1859 -2.4
      vertex 57.5555 29.0865 -2.4
    endloop
  endfacet
  facet normal 0 0 -1
    outer loop
      vertex 57.2979 -29.2979 -2.4
      vertex 57.4215 29.1859 -2.4
      vertex 57.4215 -29.1859 -2.4
    endloop
  endfacet
  facet normal 0 0 -1
    outer loop
      vertex 57.2979 -29.2979 -2.4
      vertex 57.2979 29.2979 -2.4
      vertex 57.4215 29.1859 -2.4
    endloop
  endfacet
  facet normal 0 0 -1
    outer loop
      vertex 57.1859 -29.4215 -2.4
      vertex 57.2979 29.2979 -2.4
      vertex 57.2979 -29.2979 -2.4
    endloop
  endfacet
  facet normal 0 0 -1
    outer loop
      vertex 57.1859 -29.4215 -2.4
      vertex 57.1859 29.4215 -2.4
      vertex 57.2979 29.2979 -2.4
    endloop
  endfacet
  facet normal 0 0 -1
    outer loop
      vertex 57.0865 -29.5555 -2.4
      vertex 57.1859 29.4215 -2.4
      vertex 57.1859 -29.4215 -2.4
    endloop
  endfacet
  facet normal 0 0 -1
    outer loop
      vertex 57.0865 -29.5555 -2.4
      vertex 57.0865 29.5555 -2.4
      vertex 57.1859 29.4215 -2.4
    endloop
  endfacet
  facet normal 0 0 -1
    outer loop
      vertex 57.0007 -29.6986 -2.4
      vertex 57.0865 29.5555 -2.4
      vertex 57.0865 -29.5555 -2.4
    endloop
  endfacet
  facet normal 0 0 -1
    outer loop
      vertex 57.0007 -29.6986 -2.4
      vertex 57.0007 29.6986 -2.4
      vertex 57.0865 29.5555 -2.4
    endloop
  endfacet
  facet normal 0 0 -1
    outer loop
      vertex 56.8327 -30.1683 -2.4
      vertex -56.8327 -30.1683 -2.4
      vertex 56.8732 -30.0065 -2.4
    endloop
  endfacet
  facet normal 0 0 -1
    outer loop
      vertex -56.8732 -30.0065 -2.4
      vertex 56.8732 -30.0065 -2.4
      vertex -56.8327 -30.1683 -2.4
    endloop
  endfacet
  facet normal 0 0 -1
    outer loop
      vertex -56.8327 -30.1683 -2.4
      vertex 56.8327 -30.1683 -2.4
      vertex -56.8082 -30.3334 -2.4
    endloop
  endfacet
  facet normal 0 0 -1
    outer loop
      vertex 56.8732 -30.0065 -2.4
      vertex -56.8732 -30.0065 -2.4
      vertex 56.9294 -29.8494 -2.4
    endloop
  endfacet
  facet normal 0 0 -1
    outer loop
      vertex 56.8082 -30.3334 -2.4
      vertex -56.8082 -30.3334 -2.4
      vertex 56.8327 -30.1683 -2.4
    endloop
  endfacet
  facet normal 0 0 -1
    outer loop
      vertex 57.0007 29.6986 -2.4
      vertex -56.8 30.5 -2.4
      vertex 56.9294 29.8494 -2.4
    endloop
  endfacet
  facet normal 0 0 -1
    outer loop
      vertex -56.8082 -30.3334 -2.4
      vertex 56.8082 -30.3334 -2.4
      vertex -56.8 -30.5 -2.4
    endloop
  endfacet
  facet normal 0 0 -1
    outer loop
      vertex 56.9294 29.8494 -2.4
      vertex -56.8 30.5 -2.4
      vertex 56.8732 30.0065 -2.4
    endloop
  endfacet
  facet normal 0 0 -1
    outer loop
      vertex -56.8 -30.5 -2.4
      vertex 56.8082 -30.3334 -2.4
      vertex 56.8 -30.5 -2.4
    endloop
  endfacet
  facet normal 0 0 -1
    outer loop
      vertex 56.8732 30.0065 -2.4
      vertex -56.8 30.5 -2.4
      vertex 56.8327 30.1683 -2.4
    endloop
  endfacet
  facet normal 0 0 -1
    outer loop
      vertex 59.7021 -31.7021 -2.4
      vertex 65 -34 -2.4
      vertex 64.9855 -34.2941 -2.4
    endloop
  endfacet
  facet normal 0 0 -1
    outer loop
      vertex 60.1918 -30.3334 -2.4
      vertex 65 -34 -2.4
      vertex 60.2 -30.5 -2.4
    endloop
  endfacet
  facet normal 0 0 -1
    outer loop
      vertex 59.7021 -31.7021 -2.4
      vertex 64.9855 -34.2941 -2.4
      vertex 64.9424 -34.5853 -2.4
    endloop
  endfacet
  facet normal 0 0 -1
    outer loop
      vertex 60.1673 -30.1683 -2.4
      vertex 65 -34 -2.4
      vertex 60.1918 -30.3334 -2.4
    endloop
  endfacet
  facet normal 0 0 -1
    outer loop
      vertex 59.7021 -31.7021 -2.4
      vertex 64.9424 -34.5853 -2.4
      vertex 64.8708 -34.8709 -2.4
    endloop
  endfacet
  facet normal 0 0 -1
    outer loop
      vertex 60.1918 30.6666 -2.4
      vertex 65 34 -2.4
      vertex 60.2 30.5 -2.4
    endloop
  endfacet
  facet normal 0 0 -1
    outer loop
      vertex 59.7021 -31.7021 -2.4
      vertex 64.8708 -34.8709 -2.4
      vertex 64.7716 -35.148 -2.4
    endloop
  endfacet
  facet normal 0 0 -1
    outer loop
      vertex 60.1673 30.8317 -2.4
      vertex 65 34 -2.4
      vertex 60.1918 30.6666 -2.4
    endloop
  endfacet
  facet normal 0 0 -1
    outer loop
      vertex 59.7021 -31.7021 -2.4
      vertex 64.7716 -35.148 -2.4
      vertex 64.6458 -35.4142 -2.4
    endloop
  endfacet
  facet normal 0 0 -1
    outer loop
      vertex 60.1268 30.9935 -2.4
      vertex 65 34 -2.4
      vertex 60.1673 30.8317 -2.4
    endloop
  endfacet
  facet normal 0 0 -1
    outer loop
      vertex 59.7021 -31.7021 -2.4
      vertex 64.6458 -35.4142 -2.4
      vertex 64.4944 -35.6667 -2.4
    endloop
  endfacet
  facet normal 0 0 -1
    outer loop
      vertex 60.0706 31.1506 -2.4
      vertex 65 34 -2.4
      vertex 60.1268 30.9935 -2.4
    endloop
  endfacet
  facet normal 0 0 -1
    outer loop
      vertex 59.7021 -31.7021 -2.4
      vertex 64.4944 -35.6667 -2.4
      vertex 64.319 -35.9032 -2.4
    endloop
  endfacet
  facet normal 0 0 -1
    outer loop
      vertex 59.9993 31.3014 -2.4
      vertex 65 34 -2.4
      vertex 60.0706 31.1506 -2.4
    endloop
  endfacet
  facet normal 0 0 -1
    outer loop
      vertex 59.7021 -31.7021 -2.4
      vertex 64.319 -35.9032 -2.4
      vertex 64.1213 -36.1213 -2.4
    endloop
  endfacet
  facet normal 0 0 -1
    outer loop
      vertex 59.9135 31.4445 -2.4
      vertex 65 34 -2.4
      vertex 59.9993 31.3014 -2.4
    endloop
  endfacet
  facet normal 0 0 -1
    outer loop
      vertex 59.7021 -31.7021 -2.4
      vertex 64.1213 -36.1213 -2.4
      vertex 63.9032 -36.319 -2.4
    endloop
  endfacet
  facet normal 0 0 -1
    outer loop
      vertex 59.8141 31.5785 -2.4
      vertex 65 34 -2.4
      vertex 59.9135 31.4445 -2.4
    endloop
  endfacet
  facet normal 0 0 -1
    outer loop
      vertex 59.7021 -31.7021 -2.4
      vertex 63.9032 -36.319 -2.4
      vertex 63.6667 -36.4944 -2.4
    endloop
  endfacet
  facet normal 0 0 -1
    outer loop
      vertex 59.7021 31.7021 -2.4
      vertex 65 34 -2.4
      vertex 59.8141 31.5785 -2.4
    endloop
  endfacet
  facet normal 0 0 -1
    outer loop
      vertex 59.7021 -31.7021 -2.4
      vertex 63.6667 -36.4944 -2.4
      vertex 63.4142 -36.6458 -2.4
    endloop
  endfacet
  facet normal -0 0 -1
    outer loop
      vertex 65 34 -2.4
      vertex 59.7021 31.7021 -2.4
      vertex 64.9855 34.2941 -2.4
    endloop
  endfacet
  facet normal 0 0 -1
    outer loop
      vertex 59.7021 -31.7021 -2.4
      vertex 63.4142 -36.6458 -2.4
      vertex 63.148 -36.7716 -2.4
    endloop
  endfacet
  facet normal -0 0 -1
    outer loop
      vertex 64.9855 34.2941 -2.4
      vertex 59.7021 31.7021 -2.4
      vertex 64.9424 34.5853 -2.4
    endloop
  endfacet
  facet normal 0 0 -1
    outer loop
      vertex 59.7021 -31.7021 -2.4
      vertex 63.148 -36.7716 -2.4
      vertex 62.8709 -36.8708 -2.4
    endloop
  endfacet
  facet normal -0 0 -1
    outer loop
      vertex 64.9424 34.5853 -2.4
      vertex 59.7021 31.7021 -2.4
      vertex 64.8708 34.8709 -2.4
    endloop
  endfacet
  facet normal 0 0 -1
    outer loop
      vertex 59.7021 -31.7021 -2.4
      vertex 62.8709 -36.8708 -2.4
      vertex 62.5853 -36.9424 -2.4
    endloop
  endfacet
  facet normal -0 0 -1
    outer loop
      vertex 64.8708 34.8709 -2.4
      vertex 59.7021 31.7021 -2.4
      vertex 64.7716 35.148 -2.4
    endloop
  endfacet
  facet normal 0 0 -1
    outer loop
      vertex 59.7021 -31.7021 -2.4
      vertex 62.5853 -36.9424 -2.4
      vertex 62.2941 -36.9856 -2.4
    endloop
  endfacet
  facet normal -0 0 -1
    outer loop
      vertex 64.7716 35.148 -2.4
      vertex 59.7021 31.7021 -2.4
      vertex 64.6458 35.4142 -2.4
    endloop
  endfacet
  facet normal 0 0 -1
    outer loop
      vertex 59.7021 -31.7021 -2.4
      vertex 62.2941 -36.9856 -2.4
      vertex 62 -37 -2.4
    endloop
  endfacet
  facet normal -0 0 -1
    outer loop
      vertex 64.6458 35.4142 -2.4
      vertex 59.7021 31.7021 -2.4
      vertex 64.4944 35.6667 -2.4
    endloop
  endfacet
  facet normal -0 0 -1
    outer loop
      vertex 64.4944 35.6667 -2.4
      vertex 59.7021 31.7021 -2.4
      vertex 64.319 35.9032 -2.4
    endloop
  endfacet
  facet normal 0 0 -1
    outer loop
      vertex 65 -34 -2.4
      vertex 60.1918 -30.6666 -2.4
      vertex 60.2 -30.5 -2.4
    endloop
  endfacet
  facet normal 0 0 -1
    outer loop
      vertex 65 -34 -2.4
      vertex 60.1673 -30.8317 -2.4
      vertex 60.1918 -30.6666 -2.4
    endloop
  endfacet
  facet normal 0 0 -1
    outer loop
      vertex 65 -34 -2.4
      vertex 60.1268 -30.9935 -2.4
      vertex 60.1673 -30.8317 -2.4
    endloop
  endfacet
  facet normal 0 0 -1
    outer loop
      vertex 65 -34 -2.4
      vertex 60.0706 -31.1506 -2.4
      vertex 60.1268 -30.9935 -2.4
    endloop
  endfacet
  facet normal 0 0 -1
    outer loop
      vertex 65 -34 -2.4
      vertex 59.9993 -31.3014 -2.4
      vertex 60.0706 -31.1506 -2.4
    endloop
  endfacet
  facet normal 0 0 -1
    outer loop
      vertex 65 -34 -2.4
      vertex 59.9135 -31.4445 -2.4
      vertex 59.9993 -31.3014 -2.4
    endloop
  endfacet
  facet normal 0 0 -1
    outer loop
      vertex 65 -34 -2.4
      vertex 59.8141 -31.5785 -2.4
      vertex 59.9135 -31.4445 -2.4
    endloop
  endfacet
  facet normal 0 0 -1
    outer loop
      vertex 65 -34 -2.4
      vertex 59.7021 -31.7021 -2.4
      vertex 59.8141 -31.5785 -2.4
    endloop
  endfacet
  facet normal 0 0 -1
    outer loop
      vertex 62 -37 -2.4
      vertex 59.5785 -31.8141 -2.4
      vertex 59.7021 -31.7021 -2.4
    endloop
  endfacet
  facet normal 0 0 -1
    outer loop
      vertex 62 -37 -2.4
      vertex 59.4445 -31.9135 -2.4
      vertex 59.5785 -31.8141 -2.4
    endloop
  endfacet
  facet normal 0 0 -1
    outer loop
      vertex 62 -37 -2.4
      vertex 59.3014 -31.9993 -2.4
      vertex 59.4445 -31.9135 -2.4
    endloop
  endfacet
  facet normal 0 0 -1
    outer loop
      vertex 62 -37 -2.4
      vertex 59.1506 -32.0706 -2.4
      vertex 59.3014 -31.9993 -2.4
    endloop
  endfacet
  facet normal 0 0 -1
    outer loop
      vertex 62 -37 -2.4
      vertex 58.9935 -32.1268 -2.4
      vertex 59.1506 -32.0706 -2.4
    endloop
  endfacet
  facet normal 0 0 -1
    outer loop
      vertex 62 -37 -2.4
      vertex 58.8317 -32.1673 -2.4
      vertex 58.9935 -32.1268 -2.4
    endloop
  endfacet
  facet normal 0 0 -1
    outer loop
      vertex 62 -37 -2.4
      vertex 58.6666 -32.1918 -2.4
      vertex 58.8317 -32.1673 -2.4
    endloop
  endfacet
  facet normal 0 0 -1
    outer loop
      vertex 62 -37 -2.4
      vertex 58.5 -32.2 -2.4
      vertex 58.6666 -32.1918 -2.4
    endloop
  endfacet
  facet normal 0 0 -1
    outer loop
      vertex 62 -37 -2.4
      vertex 58.3334 -32.1918 -2.4
      vertex 58.5 -32.2 -2.4
    endloop
  endfacet
  facet normal 0 0 -1
    outer loop
      vertex 62 -37 -2.4
      vertex 58.1683 -32.1673 -2.4
      vertex 58.3334 -32.1918 -2.4
    endloop
  endfacet
  facet normal 0 0 -1
    outer loop
      vertex 62 -37 -2.4
      vertex 58.0065 -32.1268 -2.4
      vertex 58.1683 -32.1673 -2.4
    endloop
  endfacet
  facet normal 0 0 -1
    outer loop
      vertex 62 -37 -2.4
      vertex 57.8494 -32.0706 -2.4
      vertex 58.0065 -32.1268 -2.4
    endloop
  endfacet
  facet normal 0 0 -1
    outer loop
      vertex 62 -37 -2.4
      vertex 57.6986 -31.9993 -2.4
      vertex 57.8494 -32.0706 -2.4
    endloop
  endfacet
  facet normal 0 0 -1
    outer loop
      vertex 62 -37 -2.4
      vertex 57.5555 -31.9135 -2.4
      vertex 57.6986 -31.9993 -2.4
    endloop
  endfacet
  facet normal 0 0 -1
    outer loop
      vertex 62 -37 -2.4
      vertex 57.4215 -31.8141 -2.4
      vertex 57.5555 -31.9135 -2.4
    endloop
  endfacet
  facet normal 0 0 -1
    outer loop
      vertex 62 -37 -2.4
      vertex 57.2979 -31.7021 -2.4
      vertex 57.4215 -31.8141 -2.4
    endloop
  endfacet
  facet normal 0 0 -1
    outer loop
      vertex -57.2979 -31.7021 -2.4
      vertex 57.2979 -31.7021 -2.4
      vertex 62 -37 -2.4
    endloop
  endfacet
  facet normal 0 0 -1
    outer loop
      vertex 56.8327 30.1683 -2.4
      vertex -56.8 30.5 -2.4
      vertex 56.8082 30.3334 -2.4
    endloop
  endfacet
  facet normal 0 0 -1
    outer loop
      vertex 56.8082 -30.6666 -2.4
      vertex -56.8 -30.5 -2.4
      vertex 56.8 -30.5 -2.4
    endloop
  endfacet
  facet normal 0 0 -1
    outer loop
      vertex -56.8082 -30.6666 -2.4
      vertex 56.8082 -30.6666 -2.4
      vertex 56.8327 -30.8317 -2.4
    endloop
  endfacet
  facet normal 0 0 -1
    outer loop
      vertex -56.8327 -30.8317 -2.4
      vertex 56.8327 -30.8317 -2.4
      vertex 56.8732 -30.9935 -2.4
    endloop
  endfacet
  facet normal 0 0 -1
    outer loop
      vertex -56.8732 -30.9935 -2.4
      vertex 56.8732 -30.9935 -2.4
      vertex 56.9294 -31.1506 -2.4
    endloop
  endfacet
  facet normal 0 0 -1
    outer loop
      vertex -56.9294 -31.1506 -2.4
      vertex 56.9294 -31.1506 -2.4
      vertex 57.0007 -31.3014 -2.4
    endloop
  endfacet
  facet normal 0 0 -1
    outer loop
      vertex -57.0007 -31.3014 -2.4
      vertex 57.0007 -31.3014 -2.4
      vertex 57.0865 -31.4445 -2.4
    endloop
  endfacet
  facet normal 0 0 -1
    outer loop
      vertex -57.0865 -31.4445 -2.4
      vertex 57.0865 -31.4445 -2.4
      vertex 57.1859 -31.5785 -2.4
    endloop
  endfacet
  facet normal 0 0 -1
    outer loop
      vertex 57.2979 -31.7021 -2.4
      vertex -57.2979 -31.7021 -2.4
      vertex 57.1859 -31.5785 -2.4
    endloop
  endfacet
  facet normal 0 0 -1
    outer loop
      vertex 56.8082 -30.6666 -2.4
      vertex -56.8082 -30.6666 -2.4
      vertex -56.8 -30.5 -2.4
    endloop
  endfacet
  facet normal 0 0 -1
    outer loop
      vertex 56.8327 -30.8317 -2.4
      vertex -56.8327 -30.8317 -2.4
      vertex -56.8082 -30.6666 -2.4
    endloop
  endfacet
  facet normal 0 0 -1
    outer loop
      vertex 56.8732 -30.9935 -2.4
      vertex -56.8732 -30.9935 -2.4
      vertex -56.8327 -30.8317 -2.4
    endloop
  endfacet
  facet normal 0 0 -1
    outer loop
      vertex 56.9294 -31.1506 -2.4
      vertex -56.9294 -31.1506 -2.4
      vertex -56.8732 -30.9935 -2.4
    endloop
  endfacet
  facet normal 0 0 -1
    outer loop
      vertex 57.0007 -31.3014 -2.4
      vertex -57.0007 -31.3014 -2.4
      vertex -56.9294 -31.1506 -2.4
    endloop
  endfacet
  facet normal 0 0 -1
    outer loop
      vertex 57.0865 -31.4445 -2.4
      vertex -57.0865 -31.4445 -2.4
      vertex -57.0007 -31.3014 -2.4
    endloop
  endfacet
  facet normal 0 0 -1
    outer loop
      vertex 57.1859 -31.5785 -2.4
      vertex -57.1859 -31.5785 -2.4
      vertex -57.0865 -31.4445 -2.4
    endloop
  endfacet
  facet normal -0 0 -1
    outer loop
      vertex 57.1859 -31.5785 -2.4
      vertex -57.2979 -31.7021 -2.4
      vertex -57.1859 -31.5785 -2.4
    endloop
  endfacet
  facet normal 0 0 -1
    outer loop
      vertex -62 -37 -2.4
      vertex -57.2979 -31.7021 -2.4
      vertex 62 -37 -2.4
    endloop
  endfacet
  facet normal 0 0 -1
    outer loop
      vertex -57.2979 -31.7021 -2.4
      vertex -62 -37 -2.4
      vertex -57.4215 -31.8141 -2.4
    endloop
  endfacet
  facet normal 0 0 -1
    outer loop
      vertex -57.4215 -31.8141 -2.4
      vertex -62 -37 -2.4
      vertex -57.5555 -31.9135 -2.4
    endloop
  endfacet
  facet normal 0 0 -1
    outer loop
      vertex -57.5555 -31.9135 -2.4
      vertex -62 -37 -2.4
      vertex -57.6986 -31.9993 -2.4
    endloop
  endfacet
  facet normal 0 0 -1
    outer loop
      vertex -57.6986 -31.9993 -2.4
      vertex -62 -37 -2.4
      vertex -57.8494 -32.0706 -2.4
    endloop
  endfacet
  facet normal 0 0 -1
    outer loop
      vertex -57.8494 -32.0706 -2.4
      vertex -62 -37 -2.4
      vertex -58.0065 -32.1268 -2.4
    endloop
  endfacet
  facet normal 0 0 -1
    outer loop
      vertex -58.0065 -32.1268 -2.4
      vertex -62 -37 -2.4
      vertex -58.1683 -32.1673 -2.4
    endloop
  endfacet
  facet normal 0 0 -1
    outer loop
      vertex -58.1683 -32.1673 -2.4
      vertex -62 -37 -2.4
      vertex -58.3334 -32.1918 -2.4
    endloop
  endfacet
  facet normal -0 0 -1
    outer loop
      vertex -60.1918 -30.6666 -2.4
      vertex -65 -34 -2.4
      vertex -60.2 -30.5 -2.4
    endloop
  endfacet
  facet normal -0 0 -1
    outer loop
      vertex -60.1673 -30.8317 -2.4
      vertex -65 -34 -2.4
      vertex -60.1918 -30.6666 -2.4
    endloop
  endfacet
  facet normal -0 0 -1
    outer loop
      vertex -60.1268 -30.9935 -2.4
      vertex -65 -34 -2.4
      vertex -60.1673 -30.8317 -2.4
    endloop
  endfacet
  facet normal -0 0 -1
    outer loop
      vertex -60.0706 -31.1506 -2.4
      vertex -65 -34 -2.4
      vertex -60.1268 -30.9935 -2.4
    endloop
  endfacet
  facet normal -0 0 -1
    outer loop
      vertex -59.9993 -31.3014 -2.4
      vertex -65 -34 -2.4
      vertex -60.0706 -31.1506 -2.4
    endloop
  endfacet
  facet normal -0 0 -1
    outer loop
      vertex -59.9135 -31.4445 -2.4
      vertex -65 -34 -2.4
      vertex -59.9993 -31.3014 -2.4
    endloop
  endfacet
  facet normal -0 0 -1
    outer loop
      vertex -59.8141 -31.5785 -2.4
      vertex -65 -34 -2.4
      vertex -59.9135 -31.4445 -2.4
    endloop
  endfacet
  facet normal -0 0 -1
    outer loop
      vertex -59.7021 -31.7021 -2.4
      vertex -65 -34 -2.4
      vertex -59.8141 -31.5785 -2.4
    endloop
  endfacet
  facet normal 0 0 -1
    outer loop
      vertex -65 -34 -2.4
      vertex -59.7021 -31.7021 -2.4
      vertex -62 -37 -2.4
    endloop
  endfacet
  facet normal -0 0 -1
    outer loop
      vertex -59.5785 -31.8141 -2.4
      vertex -62 -37 -2.4
      vertex -59.7021 -31.7021 -2.4
    endloop
  endfacet
  facet normal -0 0 -1
    outer loop
      vertex -59.4445 -31.9135 -2.4
      vertex -62 -37 -2.4
      vertex -59.5785 -31.8141 -2.4
    endloop
  endfacet
  facet normal -0 0 -1
    outer loop
      vertex -59.3014 -31.9993 -2.4
      vertex -62 -37 -2.4
      vertex -59.4445 -31.9135 -2.4
    endloop
  endfacet
  facet normal -0 0 -1
    outer loop
      vertex -59.1506 -32.0706 -2.4
      vertex -62 -37 -2.4
      vertex -59.3014 -31.9993 -2.4
    endloop
  endfacet
  facet normal -0 0 -1
    outer loop
      vertex -58.9935 -32.1268 -2.4
      vertex -62 -37 -2.4
      vertex -59.1506 -32.0706 -2.4
    endloop
  endfacet
  facet normal -0 0 -1
    outer loop
      vertex -58.8317 -32.1673 -2.4
      vertex -62 -37 -2.4
      vertex -58.9935 -32.1268 -2.4
    endloop
  endfacet
  facet normal -0 0 -1
    outer loop
      vertex -58.6666 -32.1918 -2.4
      vertex -62 -37 -2.4
      vertex -58.8317 -32.1673 -2.4
    endloop
  endfacet
  facet normal -0 0 -1
    outer loop
      vertex -58.5 -32.2 -2.4
      vertex -62 -37 -2.4
      vertex -58.6666 -32.1918 -2.4
    endloop
  endfacet
  facet normal 0 0 -1
    outer loop
      vertex -58.3334 -32.1918 -2.4
      vertex -62 -37 -2.4
      vertex -58.5 -32.2 -2.4
    endloop
  endfacet
  facet normal -0 0 -1
    outer loop
      vertex 64.319 35.9032 -2.4
      vertex 59.7021 31.7021 -2.4
      vertex 64.1213 36.1213 -2.4
    endloop
  endfacet
  facet normal -0 0 -1
    outer loop
      vertex 64.1213 36.1213 -2.4
      vertex 59.7021 31.7021 -2.4
      vertex 63.9032 36.319 -2.4
    endloop
  endfacet
  facet normal -0 0 -1
    outer loop
      vertex 63.9032 36.319 -2.4
      vertex 59.7021 31.7021 -2.4
      vertex 63.6667 36.4944 -2.4
    endloop
  endfacet
  facet normal -0 0 -1
    outer loop
      vertex 63.6667 36.4944 -2.4
      vertex 59.7021 31.7021 -2.4
      vertex 63.4142 36.6458 -2.4
    endloop
  endfacet
  facet normal -0 0 -1
    outer loop
      vertex 63.4142 36.6458 -2.4
      vertex 59.7021 31.7021 -2.4
      vertex 63.148 36.7716 -2.4
    endloop
  endfacet
  facet normal -0 0 -1
    outer loop
      vertex 63.148 36.7716 -2.4
      vertex 59.7021 31.7021 -2.4
      vertex 62.8709 36.8708 -2.4
    endloop
  endfacet
  facet normal -0 0 -1
    outer loop
      vertex 62.8709 36.8708 -2.4
      vertex 59.7021 31.7021 -2.4
      vertex 62.5853 36.9424 -2.4
    endloop
  endfacet
  facet normal -0 0 -1
    outer loop
      vertex 62.5853 36.9424 -2.4
      vertex 59.7021 31.7021 -2.4
      vertex 62.2941 36.9856 -2.4
    endloop
  endfacet
  facet normal -0 0 -1
    outer loop
      vertex 62.2941 36.9856 -2.4
      vertex 59.7021 31.7021 -2.4
      vertex 62 37 -2.4
    endloop
  endfacet
  facet normal 0 0 -1
    outer loop
      vertex 59.5785 31.8141 -2.4
      vertex 62 37 -2.4
      vertex 59.7021 31.7021 -2.4
    endloop
  endfacet
  facet normal 0 0 -1
    outer loop
      vertex 59.4445 31.9135 -2.4
      vertex 62 37 -2.4
      vertex 59.5785 31.8141 -2.4
    endloop
  endfacet
  facet normal 0 0 -1
    outer loop
      vertex 59.3014 31.9993 -2.4
      vertex 62 37 -2.4
      vertex 59.4445 31.9135 -2.4
    endloop
  endfacet
  facet normal 0 0 -1
    outer loop
      vertex 59.1506 32.0706 -2.4
      vertex 62 37 -2.4
      vertex 59.3014 31.9993 -2.4
    endloop
  endfacet
  facet normal 0 0 -1
    outer loop
      vertex 58.9935 32.1268 -2.4
      vertex 62 37 -2.4
      vertex 59.1506 32.0706 -2.4
    endloop
  endfacet
  facet normal 0 0 -1
    outer loop
      vertex 58.8317 32.1673 -2.4
      vertex 62 37 -2.4
      vertex 58.9935 32.1268 -2.4
    endloop
  endfacet
  facet normal 0 0 -1
    outer loop
      vertex 58.6666 32.1918 -2.4
      vertex 62 37 -2.4
      vertex 58.8317 32.1673 -2.4
    endloop
  endfacet
  facet normal 0 0 -1
    outer loop
      vertex 58.5 32.2 -2.4
      vertex 62 37 -2.4
      vertex 58.6666 32.1918 -2.4
    endloop
  endfacet
  facet normal 0 0 -1
    outer loop
      vertex 58.3334 32.1918 -2.4
      vertex 62 37 -2.4
      vertex 58.5 32.2 -2.4
    endloop
  endfacet
  facet normal 0 0 -1
    outer loop
      vertex 58.1683 32.1673 -2.4
      vertex 62 37 -2.4
      vertex 58.3334 32.1918 -2.4
    endloop
  endfacet
  facet normal 0 0 -1
    outer loop
      vertex 58.0065 32.1268 -2.4
      vertex 62 37 -2.4
      vertex 58.1683 32.1673 -2.4
    endloop
  endfacet
  facet normal 0 0 -1
    outer loop
      vertex 57.8494 32.0706 -2.4
      vertex 62 37 -2.4
      vertex 58.0065 32.1268 -2.4
    endloop
  endfacet
  facet normal 0 0 -1
    outer loop
      vertex 57.6986 31.9993 -2.4
      vertex 62 37 -2.4
      vertex 57.8494 32.0706 -2.4
    endloop
  endfacet
  facet normal 0 0 -1
    outer loop
      vertex 57.5555 31.9135 -2.4
      vertex 62 37 -2.4
      vertex 57.6986 31.9993 -2.4
    endloop
  endfacet
  facet normal 0 0 -1
    outer loop
      vertex 57.4215 31.8141 -2.4
      vertex 62 37 -2.4
      vertex 57.5555 31.9135 -2.4
    endloop
  endfacet
  facet normal 0 0 -1
    outer loop
      vertex 57.2979 31.7021 -2.4
      vertex 62 37 -2.4
      vertex 57.4215 31.8141 -2.4
    endloop
  endfacet
  facet normal 0 0 -1
    outer loop
      vertex -57.2979 31.7021 -2.4
      vertex 57.2979 31.7021 -2.4
      vertex 57.1859 31.5785 -2.4
    endloop
  endfacet
  facet normal 0 0 -1
    outer loop
      vertex 56.8082 30.3334 -2.4
      vertex -56.8 30.5 -2.4
      vertex 56.8 30.5 -2.4
    endloop
  endfacet
  facet normal 0 0 -1
    outer loop
      vertex 56.8 30.5 -2.4
      vertex -56.8 30.5 -2.4
      vertex 56.8082 30.6666 -2.4
    endloop
  endfacet
  facet normal 0 0 -1
    outer loop
      vertex -56.8082 30.6666 -2.4
      vertex 56.8082 30.6666 -2.4
      vertex -56.8 30.5 -2.4
    endloop
  endfacet
  facet normal 0 0 -1
    outer loop
      vertex 56.8082 30.6666 -2.4
      vertex -56.8082 30.6666 -2.4
      vertex 56.8327 30.8317 -2.4
    endloop
  endfacet
  facet normal 0 0 -1
    outer loop
      vertex -56.8327 30.8317 -2.4
      vertex 56.8327 30.8317 -2.4
      vertex -56.8082 30.6666 -2.4
    endloop
  endfacet
  facet normal 0 0 -1
    outer loop
      vertex 56.8327 30.8317 -2.4
      vertex -56.8327 30.8317 -2.4
      vertex 56.8732 30.9935 -2.4
    endloop
  endfacet
  facet normal 0 0 -1
    outer loop
      vertex -56.8732 30.9935 -2.4
      vertex 56.8732 30.9935 -2.4
      vertex -56.8327 30.8317 -2.4
    endloop
  endfacet
  facet normal 0 0 -1
    outer loop
      vertex 56.8732 30.9935 -2.4
      vertex -56.8732 30.9935 -2.4
      vertex 56.9294 31.1506 -2.4
    endloop
  endfacet
  facet normal 0 0 -1
    outer loop
      vertex -56.9294 31.1506 -2.4
      vertex 56.9294 31.1506 -2.4
      vertex -56.8732 30.9935 -2.4
    endloop
  endfacet
  facet normal 0 0 -1
    outer loop
      vertex 56.9294 31.1506 -2.4
      vertex -56.9294 31.1506 -2.4
      vertex 57.0007 31.3014 -2.4
    endloop
  endfacet
  facet normal 0 0 -1
    outer loop
      vertex -57.0007 31.3014 -2.4
      vertex 57.0007 31.3014 -2.4
      vertex -56.9294 31.1506 -2.4
    endloop
  endfacet
  facet normal 0 0 -1
    outer loop
      vertex 57.0007 31.3014 -2.4
      vertex -57.0007 31.3014 -2.4
      vertex 57.0865 31.4445 -2.4
    endloop
  endfacet
  facet normal 0 0 -1
    outer loop
      vertex -57.0865 31.4445 -2.4
      vertex 57.0865 31.4445 -2.4
      vertex -57.0007 31.3014 -2.4
    endloop
  endfacet
  facet normal 0 0 -1
    outer loop
      vertex 57.0865 31.4445 -2.4
      vertex -57.0865 31.4445 -2.4
      vertex 57.1859 31.5785 -2.4
    endloop
  endfacet
  facet normal 0 0 -1
    outer loop
      vertex -57.1859 31.5785 -2.4
      vertex 57.1859 31.5785 -2.4
      vertex -57.0865 31.4445 -2.4
    endloop
  endfacet
  facet normal 0 0 -1
    outer loop
      vertex -57.2979 31.7021 -2.4
      vertex 57.1859 31.5785 -2.4
      vertex -57.1859 31.5785 -2.4
    endloop
  endfacet
  facet normal 0 0 -1
    outer loop
      vertex 57.2979 31.7021 -2.4
      vertex -57.2979 31.7021 -2.4
      vertex 62 37 -2.4
    endloop
  endfacet
  facet normal 0 0 -1
    outer loop
      vertex -62 37 -2.4
      vertex -57.2979 31.7021 -2.4
      vertex -57.4215 31.8141 -2.4
    endloop
  endfacet
  facet normal 0 0 -1
    outer loop
      vertex -62 37 -2.4
      vertex -57.4215 31.8141 -2.4
      vertex -57.5555 31.9135 -2.4
    endloop
  endfacet
  facet normal 0 0 -1
    outer loop
      vertex -62 37 -2.4
      vertex -57.5555 31.9135 -2.4
      vertex -57.6986 31.9993 -2.4
    endloop
  endfacet
  facet normal 0 0 -1
    outer loop
      vertex -62 37 -2.4
      vertex -57.6986 31.9993 -2.4
      vertex -57.8494 32.0706 -2.4
    endloop
  endfacet
  facet normal 0 0 -1
    outer loop
      vertex -62 37 -2.4
      vertex -57.8494 32.0706 -2.4
      vertex -58.0065 32.1268 -2.4
    endloop
  endfacet
  facet normal 0 0 -1
    outer loop
      vertex -62 37 -2.4
      vertex -58.0065 32.1268 -2.4
      vertex -58.1683 32.1673 -2.4
    endloop
  endfacet
  facet normal 0 0 -1
    outer loop
      vertex -62 37 -2.4
      vertex -58.1683 32.1673 -2.4
      vertex -58.3334 32.1918 -2.4
    endloop
  endfacet
  facet normal 0 0 -1
    outer loop
      vertex -62 37 -2.4
      vertex -58.3334 32.1918 -2.4
      vertex -58.5 32.2 -2.4
    endloop
  endfacet
  facet normal 0 0 -1
    outer loop
      vertex -57.2979 31.7021 -2.4
      vertex -62 37 -2.4
      vertex 62 37 -2.4
    endloop
  endfacet
  facet normal 0 0 -1
    outer loop
      vertex -58.6666 32.1918 -2.4
      vertex -62 37 -2.4
      vertex -58.5 32.2 -2.4
    endloop
  endfacet
  facet normal 0 0 -1
    outer loop
      vertex -58.8317 32.1673 -2.4
      vertex -62 37 -2.4
      vertex -58.6666 32.1918 -2.4
    endloop
  endfacet
  facet normal 0 0 -1
    outer loop
      vertex -58.9935 32.1268 -2.4
      vertex -62 37 -2.4
      vertex -58.8317 32.1673 -2.4
    endloop
  endfacet
  facet normal 0 0 -1
    outer loop
      vertex -59.1506 32.0706 -2.4
      vertex -62 37 -2.4
      vertex -58.9935 32.1268 -2.4
    endloop
  endfacet
  facet normal 0 0 -1
    outer loop
      vertex -59.3014 31.9993 -2.4
      vertex -62 37 -2.4
      vertex -59.1506 32.0706 -2.4
    endloop
  endfacet
  facet normal 0 0 -1
    outer loop
      vertex -59.4445 31.9135 -2.4
      vertex -62 37 -2.4
      vertex -59.3014 31.9993 -2.4
    endloop
  endfacet
  facet normal 0 0 -1
    outer loop
      vertex -59.5785 31.8141 -2.4
      vertex -62 37 -2.4
      vertex -59.4445 31.9135 -2.4
    endloop
  endfacet
  facet normal 0 0 -1
    outer loop
      vertex -59.7021 31.7021 -2.4
      vertex -62 37 -2.4
      vertex -59.5785 31.8141 -2.4
    endloop
  endfacet
  facet normal 0 0 -1
    outer loop
      vertex -65 34 -2.4
      vertex -59.7021 31.7021 -2.4
      vertex -59.8141 31.5785 -2.4
    endloop
  endfacet
  facet normal 0 0 -1
    outer loop
      vertex -65 34 -2.4
      vertex -59.8141 31.5785 -2.4
      vertex -59.9135 31.4445 -2.4
    endloop
  endfacet
  facet normal 0 0 -1
    outer loop
      vertex -65 34 -2.4
      vertex -59.9135 31.4445 -2.4
      vertex -59.9993 31.3014 -2.4
    endloop
  endfacet
  facet normal 0 0 -1
    outer loop
      vertex -65 34 -2.4
      vertex -59.9993 31.3014 -2.4
      vertex -60.0706 31.1506 -2.4
    endloop
  endfacet
  facet normal 0 0 -1
    outer loop
      vertex -65 34 -2.4
      vertex -60.0706 31.1506 -2.4
      vertex -60.1268 30.9935 -2.4
    endloop
  endfacet
  facet normal 0 0 -1
    outer loop
      vertex -65 34 -2.4
      vertex -60.1268 30.9935 -2.4
      vertex -60.1673 30.8317 -2.4
    endloop
  endfacet
  facet normal 0 0 -1
    outer loop
      vertex -65 34 -2.4
      vertex -60.1673 30.8317 -2.4
      vertex -60.1918 30.6666 -2.4
    endloop
  endfacet
  facet normal 0 0 -1
    outer loop
      vertex -65 34 -2.4
      vertex -60.1918 30.6666 -2.4
      vertex -60.2 30.5 -2.4
    endloop
  endfacet
  facet normal 0 0 -1
    outer loop
      vertex -60.1673 30.1683 -2.4
      vertex -65 34 -2.4
      vertex -60.1918 30.3334 -2.4
    endloop
  endfacet
  facet normal 0 0 -1
    outer loop
      vertex -65 -34 -2.4
      vertex -62 -37 -2.4
      vertex -62.2941 -36.9856 -2.4
    endloop
  endfacet
  facet normal 0 0 -1
    outer loop
      vertex -60.1918 30.3334 -2.4
      vertex -65 34 -2.4
      vertex -60.2 30.5 -2.4
    endloop
  endfacet
  facet normal 0 0 -1
    outer loop
      vertex -65 -34 -2.4
      vertex -62.2941 -36.9856 -2.4
      vertex -62.5853 -36.9424 -2.4
    endloop
  endfacet
  facet normal 0 0 -1
    outer loop
      vertex -59.7021 31.7021 -2.4
      vertex -65 34 -2.4
      vertex -62 37 -2.4
    endloop
  endfacet
  facet normal 0 0 -1
    outer loop
      vertex -65 -34 -2.4
      vertex -62.5853 -36.9424 -2.4
      vertex -62.8709 -36.8708 -2.4
    endloop
  endfacet
  facet normal 0 0 -1
    outer loop
      vertex -62 37 -2.4
      vertex -65 34 -2.4
      vertex -62.2941 36.9856 -2.4
    endloop
  endfacet
  facet normal 0 0 -1
    outer loop
      vertex -65 -34 -2.4
      vertex -62.8709 -36.8708 -2.4
      vertex -63.148 -36.7716 -2.4
    endloop
  endfacet
  facet normal 0 0 -1
    outer loop
      vertex -62.2941 36.9856 -2.4
      vertex -65 34 -2.4
      vertex -62.5853 36.9424 -2.4
    endloop
  endfacet
  facet normal 0 0 -1
    outer loop
      vertex -65 -34 -2.4
      vertex -63.148 -36.7716 -2.4
      vertex -63.4142 -36.6458 -2.4
    endloop
  endfacet
  facet normal 0 0 -1
    outer loop
      vertex -62.5853 36.9424 -2.4
      vertex -65 34 -2.4
      vertex -62.8709 36.8708 -2.4
    endloop
  endfacet
  facet normal 0 0 -1
    outer loop
      vertex -65 -34 -2.4
      vertex -63.4142 -36.6458 -2.4
      vertex -63.6667 -36.4944 -2.4
    endloop
  endfacet
  facet normal 0 0 -1
    outer loop
      vertex -62.8709 36.8708 -2.4
      vertex -65 34 -2.4
      vertex -63.148 36.7716 -2.4
    endloop
  endfacet
  facet normal 0 0 -1
    outer loop
      vertex -65 -34 -2.4
      vertex -63.6667 -36.4944 -2.4
      vertex -63.9032 -36.319 -2.4
    endloop
  endfacet
  facet normal 0 0 -1
    outer loop
      vertex -63.148 36.7716 -2.4
      vertex -65 34 -2.4
      vertex -63.4142 36.6458 -2.4
    endloop
  endfacet
  facet normal 0 0 -1
    outer loop
      vertex -65 -34 -2.4
      vertex -63.9032 -36.319 -2.4
      vertex -64.1213 -36.1213 -2.4
    endloop
  endfacet
  facet normal 0 0 -1
    outer loop
      vertex -63.4142 36.6458 -2.4
      vertex -65 34 -2.4
      vertex -63.6667 36.4944 -2.4
    endloop
  endfacet
  facet normal 0 0 -1
    outer loop
      vertex -65 -34 -2.4
      vertex -64.1213 -36.1213 -2.4
      vertex -64.319 -35.9032 -2.4
    endloop
  endfacet
  facet normal 0 0 -1
    outer loop
      vertex -63.6667 36.4944 -2.4
      vertex -65 34 -2.4
      vertex -63.9032 36.319 -2.4
    endloop
  endfacet
  facet normal 0 0 -1
    outer loop
      vertex -65 -34 -2.4
      vertex -64.319 -35.9032 -2.4
      vertex -64.4944 -35.6667 -2.4
    endloop
  endfacet
  facet normal 0 0 -1
    outer loop
      vertex -63.9032 36.319 -2.4
      vertex -65 34 -2.4
      vertex -64.1213 36.1213 -2.4
    endloop
  endfacet
  facet normal 0 0 -1
    outer loop
      vertex -65 -34 -2.4
      vertex -64.4944 -35.6667 -2.4
      vertex -64.6458 -35.4142 -2.4
    endloop
  endfacet
  facet normal 0 0 -1
    outer loop
      vertex -64.1213 36.1213 -2.4
      vertex -65 34 -2.4
      vertex -64.319 35.9032 -2.4
    endloop
  endfacet
  facet normal 0 0 -1
    outer loop
      vertex -65 -34 -2.4
      vertex -64.6458 -35.4142 -2.4
      vertex -64.7716 -35.148 -2.4
    endloop
  endfacet
  facet normal 0 0 -1
    outer loop
      vertex -64.319 35.9032 -2.4
      vertex -65 34 -2.4
      vertex -64.4944 35.6667 -2.4
    endloop
  endfacet
  facet normal 0 0 -1
    outer loop
      vertex -65 -34 -2.4
      vertex -64.7716 -35.148 -2.4
      vertex -64.8708 -34.8709 -2.4
    endloop
  endfacet
  facet normal 0 0 -1
    outer loop
      vertex -64.4944 35.6667 -2.4
      vertex -65 34 -2.4
      vertex -64.6458 35.4142 -2.4
    endloop
  endfacet
  facet normal 0 0 -1
    outer loop
      vertex -65 -34 -2.4
      vertex -64.8708 -34.8709 -2.4
      vertex -64.9424 -34.5853 -2.4
    endloop
  endfacet
  facet normal 0 0 -1
    outer loop
      vertex -64.6458 35.4142 -2.4
      vertex -65 34 -2.4
      vertex -64.7716 35.148 -2.4
    endloop
  endfacet
  facet normal 0 0 -1
    outer loop
      vertex -65 -34 -2.4
      vertex -64.9424 -34.5853 -2.4
      vertex -64.9855 -34.2941 -2.4
    endloop
  endfacet
  facet normal 0 0 -1
    outer loop
      vertex -64.7716 35.148 -2.4
      vertex -65 34 -2.4
      vertex -64.8708 34.8709 -2.4
    endloop
  endfacet
  facet normal 0 0 -1
    outer loop
      vertex -64.8708 34.8709 -2.4
      vertex -65 34 -2.4
      vertex -64.9424 34.5853 -2.4
    endloop
  endfacet
  facet normal 0 0 -1
    outer loop
      vertex -64.9424 34.5853 -2.4
      vertex -65 34 -2.4
      vertex -64.9855 34.2941 -2.4
    endloop
  endfacet
  facet normal -0.941488 -0.337047 0
    outer loop
      vertex -64.7716 -35.148 -2.4
      vertex -64.8708 -34.8709 0
      vertex -64.8708 -34.8709 -2.4
    endloop
  endfacet
  facet normal -0.941488 -0.337047 0
    outer loop
      vertex -64.8708 -34.8709 0
      vertex -64.7716 -35.148 -2.4
      vertex -64.7716 -35.148 0
    endloop
  endfacet
  facet normal 0.969982 -0.243175 0
    outer loop
      vertex 64.8708 -34.8709 0
      vertex 64.9424 -34.5853 -2.4
      vertex 64.9424 -34.5853 0
    endloop
  endfacet
  facet normal 0.969982 -0.243175 0
    outer loop
      vertex 64.9424 -34.5853 -2.4
      vertex 64.8708 -34.8709 0
      vertex 64.8708 -34.8709 -2.4
    endloop
  endfacet
  facet normal 0.989224 -0.146413 0
    outer loop
      vertex 64.9424 -34.5853 0
      vertex 64.9855 -34.2941 -2.4
      vertex 64.9855 -34.2941 0
    endloop
  endfacet
  facet normal 0.989224 -0.146413 0
    outer loop
      vertex 64.9855 -34.2941 -2.4
      vertex 64.9424 -34.5853 0
      vertex 64.9424 -34.5853 -2.4
    endloop
  endfacet
  facet normal -0.941488 0.337047 0
    outer loop
      vertex -64.8708 34.8709 -2.4
      vertex -64.7716 35.148 0
      vertex -64.7716 35.148 -2.4
    endloop
  endfacet
  facet normal -0.941488 0.337047 0
    outer loop
      vertex -64.7716 35.148 0
      vertex -64.8708 34.8709 -2.4
      vertex -64.8708 34.8709 0
    endloop
  endfacet
  facet normal -0.427269 -0.904125 0
    outer loop
      vertex -63.4142 -36.6458 -2.4
      vertex -63.148 -36.7716 0
      vertex -63.4142 -36.6458 0
    endloop
  endfacet
  facet normal -0.427269 -0.904125 -0
    outer loop
      vertex -63.148 -36.7716 0
      vertex -63.4142 -36.6458 -2.4
      vertex -63.148 -36.7716 -2.4
    endloop
  endfacet
  facet normal -0.989224 0.146413 0
    outer loop
      vertex -64.9855 34.2941 -2.4
      vertex -64.9424 34.5853 0
      vertex -64.9424 34.5853 -2.4
    endloop
  endfacet
  facet normal -0.989224 0.146413 0
    outer loop
      vertex -64.9424 34.5853 0
      vertex -64.9855 34.2941 -2.4
      vertex -64.9855 34.2941 0
    endloop
  endfacet
  facet normal -0.969982 0.243175 0
    outer loop
      vertex -64.9424 34.5853 -2.4
      vertex -64.8708 34.8709 0
      vertex -64.8708 34.8709 -2.4
    endloop
  endfacet
  facet normal -0.969982 0.243175 0
    outer loop
      vertex -64.8708 34.8709 0
      vertex -64.9424 34.5853 -2.4
      vertex -64.9424 34.5853 0
    endloop
  endfacet
  facet normal 0.146746 -0.989174 0
    outer loop
      vertex 62.2941 -36.9856 -2.4
      vertex 62.5853 -36.9424 0
      vertex 62.2941 -36.9856 0
    endloop
  endfacet
  facet normal 0.146746 -0.989174 0
    outer loop
      vertex 62.5853 -36.9424 0
      vertex 62.2941 -36.9856 -2.4
      vertex 62.5853 -36.9424 -2.4
    endloop
  endfacet
  facet normal -0.803137 -0.595794 0
    outer loop
      vertex -55.1741 32.7223 0
      vertex -55.408 33.0376 3
      vertex -55.408 33.0376 0
    endloop
  endfacet
  facet normal -0.803137 -0.595794 0
    outer loop
      vertex -55.408 33.0376 3
      vertex -55.1741 32.7223 0
      vertex -55.1741 32.7223 3
    endloop
  endfacet
  facet normal 0.74093 -0.671582 0
    outer loop
      vertex -61.5492 33.0848 3
      vertex -61.3284 33.3284 0
      vertex -61.3284 33.3284 3
    endloop
  endfacet
  facet normal 0.74093 -0.671582 0
    outer loop
      vertex -61.3284 33.3284 0
      vertex -61.5492 33.0848 3
      vertex -61.5492 33.0848 0
    endloop
  endfacet
  facet normal -0.904077 -0.42737 0
    outer loop
      vertex -54.9082 32.25 0
      vertex -54.9723 32.3856 3
      vertex -54.9723 32.3856 0
    endloop
  endfacet
  facet normal -0.904077 -0.42737 0
    outer loop
      vertex -54.9723 32.3856 3
      vertex -54.9082 32.25 0
      vertex -54.9082 32.25 3
    endloop
  endfacet
  facet normal 0.42737 0.904077 -0
    outer loop
      vertex -60.25 26.9082 0
      vertex -60.3856 26.9723 3
      vertex -60.25 26.9082 3
    endloop
  endfacet
  facet normal 0.42737 0.904077 0
    outer loop
      vertex -60.3856 26.9723 3
      vertex -60.25 26.9082 0
      vertex -60.3856 26.9723 0
    endloop
  endfacet
  facet normal 0.671607 0.740908 -0
    outer loop
      vertex -61.0376 27.408 0
      vertex -61.3284 27.6716 3
      vertex -61.0376 27.408 3
    endloop
  endfacet
  facet normal 0.671607 0.740908 0
    outer loop
      vertex -61.3284 27.6716 3
      vertex -61.0376 27.408 0
      vertex -61.3284 27.6716 0
    endloop
  endfacet
  facet normal -0.671607 -0.740908 0
    outer loop
      vertex -55.9624 33.592 0
      vertex -55.6716 33.3284 3
      vertex -55.9624 33.592 3
    endloop
  endfacet
  facet normal -0.671607 -0.740908 -0
    outer loop
      vertex -55.6716 33.3284 3
      vertex -55.9624 33.592 0
      vertex -55.6716 33.3284 0
    endloop
  endfacet
  facet normal 0.671582 -0.74093 0
    outer loop
      vertex -61.3284 33.3284 0
      vertex -61.0848 33.5492 3
      vertex -61.3284 33.3284 3
    endloop
  endfacet
  facet normal 0.671582 -0.74093 0
    outer loop
      vertex -61.0848 33.5492 3
      vertex -61.3284 33.3284 0
      vertex -61.0848 33.5492 0
    endloop
  endfacet
  facet normal 0.740908 0.671607 0
    outer loop
      vertex -61.3284 27.6716 3
      vertex -61.592 27.9624 0
      vertex -61.592 27.9624 3
    endloop
  endfacet
  facet normal 0.740908 0.671607 0
    outer loop
      vertex -61.592 27.9624 0
      vertex -61.3284 27.6716 3
      vertex -61.3284 27.6716 0
    endloop
  endfacet
  facet normal 0.595794 0.803137 -0
    outer loop
      vertex -60.7223 27.1741 0
      vertex -61.0376 27.408 3
      vertex -60.7223 27.1741 3
    endloop
  endfacet
  facet normal 0.595794 0.803137 0
    outer loop
      vertex -61.0376 27.408 3
      vertex -60.7223 27.1741 0
      vertex -61.0376 27.408 0
    endloop
  endfacet
  facet normal -0.85774 -0.514084 0
    outer loop
      vertex -54.9723 32.3856 0
      vertex -55.1741 32.7223 3
      vertex -55.1741 32.7223 0
    endloop
  endfacet
  facet normal -0.85774 -0.514084 0
    outer loop
      vertex -55.1741 32.7223 3
      vertex -54.9723 32.3856 0
      vertex -54.9723 32.3856 3
    endloop
  endfacet
  facet normal 0.514084 0.85774 -0
    outer loop
      vertex -60.3856 26.9723 0
      vertex -60.7223 27.1741 3
      vertex -60.3856 26.9723 3
    endloop
  endfacet
  facet normal 0.514084 0.85774 0
    outer loop
      vertex -60.7223 27.1741 3
      vertex -60.3856 26.9723 0
      vertex -60.7223 27.1741 0
    endloop
  endfacet
  facet normal -0.595719 -0.803193 0
    outer loop
      vertex -56.0406 33.65 0
      vertex -55.9624 33.592 3
      vertex -56.0406 33.65 3
    endloop
  endfacet
  facet normal -0.595719 -0.803193 -0
    outer loop
      vertex -55.9624 33.592 3
      vertex -56.0406 33.65 0
      vertex -55.9624 33.592 0
    endloop
  endfacet
  facet normal 0.803193 0.595719 0
    outer loop
      vertex -61.592 27.9624 3
      vertex -61.65 28.0406 0
      vertex -61.65 28.0406 3
    endloop
  endfacet
  facet normal 0.803193 0.595719 0
    outer loop
      vertex -61.65 28.0406 0
      vertex -61.592 27.9624 3
      vertex -61.592 27.9624 0
    endloop
  endfacet
  facet normal -0.740908 -0.671607 0
    outer loop
      vertex -55.408 33.0376 0
      vertex -55.6716 33.3284 3
      vertex -55.6716 33.3284 0
    endloop
  endfacet
  facet normal -0.740908 -0.671607 0
    outer loop
      vertex -55.6716 33.3284 3
      vertex -55.408 33.0376 0
      vertex -55.408 33.0376 3
    endloop
  endfacet
  facet normal 0.74093 0.671582 0
    outer loop
      vertex -61.3284 -33.3284 3
      vertex -61.5492 -33.0848 0
      vertex -61.5492 -33.0848 3
    endloop
  endfacet
  facet normal 0.74093 0.671582 0
    outer loop
      vertex -61.5492 -33.0848 0
      vertex -61.3284 -33.3284 3
      vertex -61.3284 -33.3284 0
    endloop
  endfacet
  facet normal 0.514084 -0.85774 0
    outer loop
      vertex -60.7223 -27.1741 0
      vertex -60.3856 -26.9723 3
      vertex -60.7223 -27.1741 3
    endloop
  endfacet
  facet normal 0.514084 -0.85774 0
    outer loop
      vertex -60.3856 -26.9723 3
      vertex -60.7223 -27.1741 0
      vertex -60.3856 -26.9723 0
    endloop
  endfacet
  facet normal -0.803137 0.595794 0
    outer loop
      vertex -55.408 -33.0376 0
      vertex -55.1741 -32.7223 3
      vertex -55.1741 -32.7223 0
    endloop
  endfacet
  facet normal -0.803137 0.595794 0
    outer loop
      vertex -55.1741 -32.7223 3
      vertex -55.408 -33.0376 0
      vertex -55.408 -33.0376 3
    endloop
  endfacet
  facet normal 0.595794 -0.803137 0
    outer loop
      vertex -61.0376 -27.408 0
      vertex -60.7223 -27.1741 3
      vertex -61.0376 -27.408 3
    endloop
  endfacet
  facet normal 0.595794 -0.803137 0
    outer loop
      vertex -60.7223 -27.1741 3
      vertex -61.0376 -27.408 0
      vertex -60.7223 -27.1741 0
    endloop
  endfacet
  facet normal -0.904077 0.42737 0
    outer loop
      vertex -54.9723 -32.3856 0
      vertex -54.9082 -32.25 3
      vertex -54.9082 -32.25 0
    endloop
  endfacet
  facet normal -0.904077 0.42737 0
    outer loop
      vertex -54.9082 -32.25 3
      vertex -54.9723 -32.3856 0
      vertex -54.9723 -32.3856 3
    endloop
  endfacet
  facet normal 0.740908 -0.671607 0
    outer loop
      vertex -61.592 -27.9624 3
      vertex -61.3284 -27.6716 0
      vertex -61.3284 -27.6716 3
    endloop
  endfacet
  facet normal 0.740908 -0.671607 0
    outer loop
      vertex -61.3284 -27.6716 0
      vertex -61.592 -27.9624 3
      vertex -61.592 -27.9624 0
    endloop
  endfacet
  facet normal -0.595719 0.803193 0
    outer loop
      vertex -55.9624 -33.592 0
      vertex -56.0406 -33.65 3
      vertex -55.9624 -33.592 3
    endloop
  endfacet
  facet normal -0.595719 0.803193 0
    outer loop
      vertex -56.0406 -33.65 3
      vertex -55.9624 -33.592 0
      vertex -56.0406 -33.65 0
    endloop
  endfacet
  facet normal -0.671607 0.740908 0
    outer loop
      vertex -55.6716 -33.3284 0
      vertex -55.9624 -33.592 3
      vertex -55.6716 -33.3284 3
    endloop
  endfacet
  facet normal -0.671607 0.740908 0
    outer loop
      vertex -55.9624 -33.592 3
      vertex -55.6716 -33.3284 0
      vertex -55.9624 -33.592 0
    endloop
  endfacet
  facet normal 0.671582 0.74093 -0
    outer loop
      vertex -61.0848 -33.5492 0
      vertex -61.3284 -33.3284 3
      vertex -61.0848 -33.5492 3
    endloop
  endfacet
  facet normal 0.671582 0.74093 0
    outer loop
      vertex -61.3284 -33.3284 3
      vertex -61.0848 -33.5492 0
      vertex -61.3284 -33.3284 0
    endloop
  endfacet
  facet normal 0.42737 -0.904077 0
    outer loop
      vertex -60.3856 -26.9723 0
      vertex -60.25 -26.9082 3
      vertex -60.3856 -26.9723 3
    endloop
  endfacet
  facet normal 0.42737 -0.904077 0
    outer loop
      vertex -60.25 -26.9082 3
      vertex -60.3856 -26.9723 0
      vertex -60.25 -26.9082 0
    endloop
  endfacet
  facet normal -0.85774 0.514084 0
    outer loop
      vertex -55.1741 -32.7223 0
      vertex -54.9723 -32.3856 3
      vertex -54.9723 -32.3856 0
    endloop
  endfacet
  facet normal -0.85774 0.514084 0
    outer loop
      vertex -54.9723 -32.3856 3
      vertex -55.1741 -32.7223 0
      vertex -55.1741 -32.7223 3
    endloop
  endfacet
  facet normal 0.803193 -0.595719 0
    outer loop
      vertex -61.65 -28.0406 3
      vertex -61.592 -27.9624 0
      vertex -61.592 -27.9624 3
    endloop
  endfacet
  facet normal 0.803193 -0.595719 0
    outer loop
      vertex -61.592 -27.9624 0
      vertex -61.65 -28.0406 3
      vertex -61.65 -28.0406 0
    endloop
  endfacet
  facet normal 0.671607 -0.740908 0
    outer loop
      vertex -61.3284 -27.6716 0
      vertex -61.0376 -27.408 3
      vertex -61.3284 -27.6716 3
    endloop
  endfacet
  facet normal 0.671607 -0.740908 0
    outer loop
      vertex -61.0376 -27.408 3
      vertex -61.3284 -27.6716 0
      vertex -61.0376 -27.408 0
    endloop
  endfacet
  facet normal -0.740908 0.671607 0
    outer loop
      vertex -55.6716 -33.3284 0
      vertex -55.408 -33.0376 3
      vertex -55.408 -33.0376 0
    endloop
  endfacet
  facet normal -0.740908 0.671607 0
    outer loop
      vertex -55.408 -33.0376 3
      vertex -55.6716 -33.3284 0
      vertex -55.6716 -33.3284 3
    endloop
  endfacet
  facet normal -0.671607 0.740908 0
    outer loop
      vertex 61.3284 27.6716 0
      vertex 61.0376 27.408 3
      vertex 61.3284 27.6716 3
    endloop
  endfacet
  facet normal -0.671607 0.740908 0
    outer loop
      vertex 61.0376 27.408 3
      vertex 61.3284 27.6716 0
      vertex 61.0376 27.408 0
    endloop
  endfacet
  facet normal -0.803193 0.595719 0
    outer loop
      vertex 61.592 27.9624 0
      vertex 61.65 28.0406 3
      vertex 61.65 28.0406 0
    endloop
  endfacet
  facet normal -0.803193 0.595719 0
    outer loop
      vertex 61.65 28.0406 3
      vertex 61.592 27.9624 0
      vertex 61.592 27.9624 3
    endloop
  endfacet
  facet normal -0.595794 0.803137 0
    outer loop
      vertex 61.0376 27.408 0
      vertex 60.7223 27.1741 3
      vertex 61.0376 27.408 3
    endloop
  endfacet
  facet normal -0.595794 0.803137 0
    outer loop
      vertex 60.7223 27.1741 3
      vertex 61.0376 27.408 0
      vertex 60.7223 27.1741 0
    endloop
  endfacet
  facet normal -0.42737 0.904077 0
    outer loop
      vertex 60.3856 26.9723 0
      vertex 60.25 26.9082 3
      vertex 60.3856 26.9723 3
    endloop
  endfacet
  facet normal -0.42737 0.904077 0
    outer loop
      vertex 60.25 26.9082 3
      vertex 60.3856 26.9723 0
      vertex 60.25 26.9082 0
    endloop
  endfacet
  facet normal -0.671582 -0.74093 0
    outer loop
      vertex 61.0848 33.5492 0
      vertex 61.3284 33.3284 3
      vertex 61.0848 33.5492 3
    endloop
  endfacet
  facet normal -0.671582 -0.74093 -0
    outer loop
      vertex 61.3284 33.3284 3
      vertex 61.0848 33.5492 0
      vertex 61.3284 33.3284 0
    endloop
  endfacet
  facet normal 0.671607 -0.740908 0
    outer loop
      vertex 55.6716 33.3284 0
      vertex 55.9624 33.592 3
      vertex 55.6716 33.3284 3
    endloop
  endfacet
  facet normal 0.671607 -0.740908 0
    outer loop
      vertex 55.9624 33.592 3
      vertex 55.6716 33.3284 0
      vertex 55.9624 33.592 0
    endloop
  endfacet
  facet normal 0.803137 -0.595794 0
    outer loop
      vertex 55.1741 32.7223 3
      vertex 55.408 33.0376 0
      vertex 55.408 33.0376 3
    endloop
  endfacet
  facet normal 0.803137 -0.595794 0
    outer loop
      vertex 55.408 33.0376 0
      vertex 55.1741 32.7223 3
      vertex 55.1741 32.7223 0
    endloop
  endfacet
  facet normal -0.514084 0.85774 0
    outer loop
      vertex 60.7223 27.1741 0
      vertex 60.3856 26.9723 3
      vertex 60.7223 27.1741 3
    endloop
  endfacet
  facet normal -0.514084 0.85774 0
    outer loop
      vertex 60.3856 26.9723 3
      vertex 60.7223 27.1741 0
      vertex 60.3856 26.9723 0
    endloop
  endfacet
  facet normal 0.740908 -0.671607 0
    outer loop
      vertex 55.408 33.0376 3
      vertex 55.6716 33.3284 0
      vertex 55.6716 33.3284 3
    endloop
  endfacet
  facet normal 0.740908 -0.671607 0
    outer loop
      vertex 55.6716 33.3284 0
      vertex 55.408 33.0376 3
      vertex 55.408 33.0376 0
    endloop
  endfacet
  facet normal -0.740908 0.671607 0
    outer loop
      vertex 61.3284 27.6716 0
      vertex 61.592 27.9624 3
      vertex 61.592 27.9624 0
    endloop
  endfacet
  facet normal -0.740908 0.671607 0
    outer loop
      vertex 61.592 27.9624 3
      vertex 61.3284 27.6716 0
      vertex 61.3284 27.6716 3
    endloop
  endfacet
  facet normal 0.904077 -0.42737 0
    outer loop
      vertex 54.9082 32.25 3
      vertex 54.9723 32.3856 0
      vertex 54.9723 32.3856 3
    endloop
  endfacet
  facet normal 0.904077 -0.42737 0
    outer loop
      vertex 54.9723 32.3856 0
      vertex 54.9082 32.25 3
      vertex 54.9082 32.25 0
    endloop
  endfacet
  facet normal 0.595719 -0.803193 0
    outer loop
      vertex 55.9624 33.592 0
      vertex 56.0406 33.65 3
      vertex 55.9624 33.592 3
    endloop
  endfacet
  facet normal 0.595719 -0.803193 0
    outer loop
      vertex 56.0406 33.65 3
      vertex 55.9624 33.592 0
      vertex 56.0406 33.65 0
    endloop
  endfacet
  facet normal -0.74093 -0.671582 0
    outer loop
      vertex 61.5492 33.0848 0
      vertex 61.3284 33.3284 3
      vertex 61.3284 33.3284 0
    endloop
  endfacet
  facet normal -0.74093 -0.671582 0
    outer loop
      vertex 61.3284 33.3284 3
      vertex 61.5492 33.0848 0
      vertex 61.5492 33.0848 3
    endloop
  endfacet
  facet normal 0.85774 -0.514084 0
    outer loop
      vertex 54.9723 32.3856 3
      vertex 55.1741 32.7223 0
      vertex 55.1741 32.7223 3
    endloop
  endfacet
  facet normal 0.85774 -0.514084 0
    outer loop
      vertex 55.1741 32.7223 0
      vertex 54.9723 32.3856 3
      vertex 54.9723 32.3856 0
    endloop
  endfacet
  facet normal -0.514084 -0.85774 0
    outer loop
      vertex 60.3856 -26.9723 0
      vertex 60.7223 -27.1741 3
      vertex 60.3856 -26.9723 3
    endloop
  endfacet
  facet normal -0.514084 -0.85774 -0
    outer loop
      vertex 60.7223 -27.1741 3
      vertex 60.3856 -26.9723 0
      vertex 60.7223 -27.1741 0
    endloop
  endfacet
  facet normal -0.803193 -0.595719 0
    outer loop
      vertex 61.65 -28.0406 0
      vertex 61.592 -27.9624 3
      vertex 61.592 -27.9624 0
    endloop
  endfacet
  facet normal -0.803193 -0.595719 0
    outer loop
      vertex 61.592 -27.9624 3
      vertex 61.65 -28.0406 0
      vertex 61.65 -28.0406 3
    endloop
  endfacet
  facet normal 0.595719 0.803193 -0
    outer loop
      vertex 56.0406 -33.65 0
      vertex 55.9624 -33.592 3
      vertex 56.0406 -33.65 3
    endloop
  endfacet
  facet normal 0.595719 0.803193 0
    outer loop
      vertex 55.9624 -33.592 3
      vertex 56.0406 -33.65 0
      vertex 55.9624 -33.592 0
    endloop
  endfacet
  facet normal 0.803137 0.595794 0
    outer loop
      vertex 55.408 -33.0376 3
      vertex 55.1741 -32.7223 0
      vertex 55.1741 -32.7223 3
    endloop
  endfacet
  facet normal 0.803137 0.595794 0
    outer loop
      vertex 55.1741 -32.7223 0
      vertex 55.408 -33.0376 3
      vertex 55.408 -33.0376 0
    endloop
  endfacet
  facet normal -0.671582 0.74093 0
    outer loop
      vertex 61.3284 -33.3284 0
      vertex 61.0848 -33.5492 3
      vertex 61.3284 -33.3284 3
    endloop
  endfacet
  facet normal -0.671582 0.74093 0
    outer loop
      vertex 61.0848 -33.5492 3
      vertex 61.3284 -33.3284 0
      vertex 61.0848 -33.5492 0
    endloop
  endfacet
  facet normal 0.671607 0.740908 -0
    outer loop
      vertex 55.9624 -33.592 0
      vertex 55.6716 -33.3284 3
      vertex 55.9624 -33.592 3
    endloop
  endfacet
  facet normal 0.671607 0.740908 0
    outer loop
      vertex 55.6716 -33.3284 3
      vertex 55.9624 -33.592 0
      vertex 55.6716 -33.3284 0
    endloop
  endfacet
  facet normal 0.85774 0.514084 0
    outer loop
      vertex 55.1741 -32.7223 3
      vertex 54.9723 -32.3856 0
      vertex 54.9723 -32.3856 3
    endloop
  endfacet
  facet normal 0.85774 0.514084 0
    outer loop
      vertex 54.9723 -32.3856 0
      vertex 55.1741 -32.7223 3
      vertex 55.1741 -32.7223 0
    endloop
  endfacet
  facet normal -0.74093 0.671582 0
    outer loop
      vertex 61.3284 -33.3284 0
      vertex 61.5492 -33.0848 3
      vertex 61.5492 -33.0848 0
    endloop
  endfacet
  facet normal -0.74093 0.671582 0
    outer loop
      vertex 61.5492 -33.0848 3
      vertex 61.3284 -33.3284 0
      vertex 61.3284 -33.3284 3
    endloop
  endfacet
  facet normal -0.671607 -0.740908 0
    outer loop
      vertex 61.0376 -27.408 0
      vertex 61.3284 -27.6716 3
      vertex 61.0376 -27.408 3
    endloop
  endfacet
  facet normal -0.671607 -0.740908 -0
    outer loop
      vertex 61.3284 -27.6716 3
      vertex 61.0376 -27.408 0
      vertex 61.3284 -27.6716 0
    endloop
  endfacet
  facet normal 0.740908 0.671607 0
    outer loop
      vertex 55.6716 -33.3284 3
      vertex 55.408 -33.0376 0
      vertex 55.408 -33.0376 3
    endloop
  endfacet
  facet normal 0.740908 0.671607 0
    outer loop
      vertex 55.408 -33.0376 0
      vertex 55.6716 -33.3284 3
      vertex 55.6716 -33.3284 0
    endloop
  endfacet
  facet normal 0.904077 0.42737 0
    outer loop
      vertex 54.9723 -32.3856 3
      vertex 54.9082 -32.25 0
      vertex 54.9082 -32.25 3
    endloop
  endfacet
  facet normal 0.904077 0.42737 0
    outer loop
      vertex 54.9082 -32.25 0
      vertex 54.9723 -32.3856 3
      vertex 54.9723 -32.3856 0
    endloop
  endfacet
  facet normal -0.42737 -0.904077 0
    outer loop
      vertex 60.25 -26.9082 0
      vertex 60.3856 -26.9723 3
      vertex 60.25 -26.9082 3
    endloop
  endfacet
  facet normal -0.42737 -0.904077 -0
    outer loop
      vertex 60.3856 -26.9723 3
      vertex 60.25 -26.9082 0
      vertex 60.3856 -26.9723 0
    endloop
  endfacet
  facet normal -0.595794 -0.803137 0
    outer loop
      vertex 60.7223 -27.1741 0
      vertex 61.0376 -27.408 3
      vertex 60.7223 -27.1741 3
    endloop
  endfacet
  facet normal -0.595794 -0.803137 -0
    outer loop
      vertex 61.0376 -27.408 3
      vertex 60.7223 -27.1741 0
      vertex 61.0376 -27.408 0
    endloop
  endfacet
  facet normal -0.740908 -0.671607 0
    outer loop
      vertex 61.592 -27.9624 0
      vertex 61.3284 -27.6716 3
      vertex 61.3284 -27.6716 0
    endloop
  endfacet
  facet normal -0.740908 -0.671607 0
    outer loop
      vertex 61.3284 -27.6716 3
      vertex 61.592 -27.9624 0
      vertex 61.592 -27.9624 3
    endloop
  endfacet
  facet normal 0 -1 0
    outer loop
      vertex -56.0406 -33.65 0
      vertex 56.0406 -33.65 3
      vertex -56.0406 -33.65 3
    endloop
  endfacet
  facet normal 0 -1 -0
    outer loop
      vertex 56.0406 -33.65 3
      vertex -56.0406 -33.65 0
      vertex 56.0406 -33.65 0
    endloop
  endfacet
  facet normal 1 -0 0
    outer loop
      vertex 61.65 -28.0406 3
      vertex 61.65 28.0406 0
      vertex 61.65 28.0406 3
    endloop
  endfacet
  facet normal 1 0 0
    outer loop
      vertex 61.65 28.0406 0
      vertex 61.65 -28.0406 3
      vertex 61.65 -28.0406 0
    endloop
  endfacet
  facet normal -0.802925 -0.59608 0
    outer loop
      vertex -61.423 -33.2844 0
      vertex -61.4815 -33.2056 3
      vertex -61.4815 -33.2056 0
    endloop
  endfacet
  facet normal -0.802925 -0.59608 0
    outer loop
      vertex -61.4815 -33.2056 3
      vertex -61.423 -33.2844 0
      vertex -61.423 -33.2844 3
    endloop
  endfacet
  facet normal 0.858032 0.513596 0
    outer loop
      vertex 61.5319 33.1214 3
      vertex 61.4815 33.2056 0
      vertex 61.4815 33.2056 3
    endloop
  endfacet
  facet normal 0.858032 0.513596 0
    outer loop
      vertex 61.4815 33.2056 0
      vertex 61.5319 33.1214 3
      vertex 61.5319 33.1214 0
    endloop
  endfacet
  facet normal -0.740908 0.671607 0
    outer loop
      vertex -61.423 33.2844 0
      vertex -61.3571 33.3571 3
      vertex -61.3571 33.3571 0
    endloop
  endfacet
  facet normal -0.740908 0.671607 0
    outer loop
      vertex -61.3571 33.3571 3
      vertex -61.423 33.2844 0
      vertex -61.423 33.2844 3
    endloop
  endfacet
  facet normal -0.858032 0.513596 0
    outer loop
      vertex -61.5319 33.1214 0
      vertex -61.4815 33.2056 3
      vertex -61.4815 33.2056 0
    endloop
  endfacet
  facet normal -0.858032 0.513596 0
    outer loop
      vertex -61.4815 33.2056 3
      vertex -61.5319 33.1214 0
      vertex -61.5319 33.1214 3
    endloop
  endfacet
  facet normal -0.427343 -0.90409 0
    outer loop
      vertex -61.1214 -33.5319 0
      vertex -61.0848 -33.5492 3
      vertex -61.1214 -33.5319 3
    endloop
  endfacet
  facet normal -0.427343 -0.90409 -0
    outer loop
      vertex -61.0848 -33.5492 3
      vertex -61.1214 -33.5319 0
      vertex -61.0848 -33.5492 0
    endloop
  endfacet
  facet normal -1 0 0
    outer loop
      vertex -61.65 -28.0406 0
      vertex -61.65 28.0406 3
      vertex -61.65 28.0406 0
    endloop
  endfacet
  facet normal -1 -0 0
    outer loop
      vertex -61.65 28.0406 3
      vertex -61.65 -28.0406 0
      vertex -61.65 -28.0406 3
    endloop
  endfacet
  facet normal 0.802925 0.59608 0
    outer loop
      vertex 61.4815 33.2056 3
      vertex 61.423 33.2844 0
      vertex 61.423 33.2844 3
    endloop
  endfacet
  facet normal 0.802925 0.59608 0
    outer loop
      vertex 61.423 33.2844 0
      vertex 61.4815 33.2056 3
      vertex 61.4815 33.2056 0
    endloop
  endfacet
  facet normal 0.427343 0.90409 -0
    outer loop
      vertex 61.1214 33.5319 0
      vertex 61.0848 33.5492 3
      vertex 61.1214 33.5319 3
    endloop
  endfacet
  facet normal 0.427343 0.90409 0
    outer loop
      vertex 61.0848 33.5492 3
      vertex 61.1214 33.5319 0
      vertex 61.0848 33.5492 0
    endloop
  endfacet
  facet normal -0.513596 0.858032 0
    outer loop
      vertex -61.1214 33.5319 0
      vertex -61.2056 33.4815 3
      vertex -61.1214 33.5319 3
    endloop
  endfacet
  facet normal -0.513596 0.858032 0
    outer loop
      vertex -61.2056 33.4815 3
      vertex -61.1214 33.5319 0
      vertex -61.2056 33.4815 0
    endloop
  endfacet
  facet normal -0.671607 -0.740908 0
    outer loop
      vertex -61.3571 -33.3571 0
      vertex -61.2844 -33.423 3
      vertex -61.3571 -33.3571 3
    endloop
  endfacet
  facet normal -0.671607 -0.740908 -0
    outer loop
      vertex -61.2844 -33.423 3
      vertex -61.3571 -33.3571 0
      vertex -61.2844 -33.423 0
    endloop
  endfacet
  facet normal -0.90409 -0.427343 0
    outer loop
      vertex -61.5319 -33.1214 0
      vertex -61.5492 -33.0848 3
      vertex -61.5492 -33.0848 0
    endloop
  endfacet
  facet normal -0.90409 -0.427343 0
    outer loop
      vertex -61.5492 -33.0848 3
      vertex -61.5319 -33.1214 0
      vertex -61.5319 -33.1214 3
    endloop
  endfacet
  facet normal 0.513596 -0.858032 0
    outer loop
      vertex 61.1214 -33.5319 0
      vertex 61.2056 -33.4815 3
      vertex 61.1214 -33.5319 3
    endloop
  endfacet
  facet normal 0.513596 -0.858032 0
    outer loop
      vertex 61.2056 -33.4815 3
      vertex 61.1214 -33.5319 0
      vertex 61.2056 -33.4815 0
    endloop
  endfacet
  facet normal 0.671607 0.740908 -0
    outer loop
      vertex 61.3571 33.3571 0
      vertex 61.2844 33.423 3
      vertex 61.3571 33.3571 3
    endloop
  endfacet
  facet normal 0.671607 0.740908 0
    outer loop
      vertex 61.2844 33.423 3
      vertex 61.3571 33.3571 0
      vertex 61.2844 33.423 0
    endloop
  endfacet
  facet normal 0.513596 0.858032 -0
    outer loop
      vertex 61.2056 33.4815 0
      vertex 61.1214 33.5319 3
      vertex 61.2056 33.4815 3
    endloop
  endfacet
  facet normal 0.513596 0.858032 0
    outer loop
      vertex 61.1214 33.5319 3
      vertex 61.2056 33.4815 0
      vertex 61.1214 33.5319 0
    endloop
  endfacet
  facet normal -0.802925 0.59608 0
    outer loop
      vertex -61.4815 33.2056 0
      vertex -61.423 33.2844 3
      vertex -61.423 33.2844 0
    endloop
  endfacet
  facet normal -0.802925 0.59608 0
    outer loop
      vertex -61.423 33.2844 3
      vertex -61.4815 33.2056 0
      vertex -61.4815 33.2056 3
    endloop
  endfacet
  facet normal -0.427343 0.90409 0
    outer loop
      vertex -61.0848 33.5492 0
      vertex -61.1214 33.5319 3
      vertex -61.0848 33.5492 3
    endloop
  endfacet
  facet normal -0.427343 0.90409 0
    outer loop
      vertex -61.1214 33.5319 3
      vertex -61.0848 33.5492 0
      vertex -61.1214 33.5319 0
    endloop
  endfacet
  facet normal 0.858032 -0.513596 0
    outer loop
      vertex 61.4815 -33.2056 3
      vertex 61.5319 -33.1214 0
      vertex 61.5319 -33.1214 3
    endloop
  endfacet
  facet normal 0.858032 -0.513596 0
    outer loop
      vertex 61.5319 -33.1214 0
      vertex 61.4815 -33.2056 3
      vertex 61.4815 -33.2056 0
    endloop
  endfacet
  facet normal -0.740908 -0.671607 0
    outer loop
      vertex -61.3571 -33.3571 0
      vertex -61.423 -33.2844 3
      vertex -61.423 -33.2844 0
    endloop
  endfacet
  facet normal -0.740908 -0.671607 0
    outer loop
      vertex -61.423 -33.2844 3
      vertex -61.3571 -33.3571 0
      vertex -61.3571 -33.3571 3
    endloop
  endfacet
  facet normal -0.513596 -0.858032 0
    outer loop
      vertex -61.2056 -33.4815 0
      vertex -61.1214 -33.5319 3
      vertex -61.2056 -33.4815 3
    endloop
  endfacet
  facet normal -0.513596 -0.858032 -0
    outer loop
      vertex -61.1214 -33.5319 3
      vertex -61.2056 -33.4815 0
      vertex -61.1214 -33.5319 0
    endloop
  endfacet
  facet normal -0.59608 0.802925 0
    outer loop
      vertex -61.2056 33.4815 0
      vertex -61.2844 33.423 3
      vertex -61.2056 33.4815 3
    endloop
  endfacet
  facet normal -0.59608 0.802925 0
    outer loop
      vertex -61.2844 33.423 3
      vertex -61.2056 33.4815 0
      vertex -61.2844 33.423 0
    endloop
  endfacet
  facet normal 0 1 -0
    outer loop
      vertex 56.0406 33.65 0
      vertex -56.0406 33.65 3
      vertex 56.0406 33.65 3
    endloop
  endfacet
  facet normal 0 1 0
    outer loop
      vertex -56.0406 33.65 3
      vertex 56.0406 33.65 0
      vertex -56.0406 33.65 0
    endloop
  endfacet
  facet normal 0.802925 -0.59608 0
    outer loop
      vertex 61.423 -33.2844 3
      vertex 61.4815 -33.2056 0
      vertex 61.4815 -33.2056 3
    endloop
  endfacet
  facet normal 0.802925 -0.59608 0
    outer loop
      vertex 61.4815 -33.2056 0
      vertex 61.423 -33.2844 3
      vertex 61.423 -33.2844 0
    endloop
  endfacet
  facet normal 0.740908 -0.671607 0
    outer loop
      vertex 61.3571 -33.3571 3
      vertex 61.423 -33.2844 0
      vertex 61.423 -33.2844 3
    endloop
  endfacet
  facet normal 0.740908 -0.671607 0
    outer loop
      vertex 61.423 -33.2844 0
      vertex 61.3571 -33.3571 3
      vertex 61.3571 -33.3571 0
    endloop
  endfacet
  facet normal -0.90409 0.427343 0
    outer loop
      vertex -61.5492 33.0848 0
      vertex -61.5319 33.1214 3
      vertex -61.5319 33.1214 0
    endloop
  endfacet
  facet normal -0.90409 0.427343 0
    outer loop
      vertex -61.5319 33.1214 3
      vertex -61.5492 33.0848 0
      vertex -61.5492 33.0848 3
    endloop
  endfacet
  facet normal 0.427343 -0.90409 0
    outer loop
      vertex 61.0848 -33.5492 0
      vertex 61.1214 -33.5319 3
      vertex 61.0848 -33.5492 3
    endloop
  endfacet
  facet normal 0.427343 -0.90409 0
    outer loop
      vertex 61.1214 -33.5319 3
      vertex 61.0848 -33.5492 0
      vertex 61.1214 -33.5319 0
    endloop
  endfacet
  facet normal -0.671607 0.740908 0
    outer loop
      vertex -61.2844 33.423 0
      vertex -61.3571 33.3571 3
      vertex -61.2844 33.423 3
    endloop
  endfacet
  facet normal -0.671607 0.740908 0
    outer loop
      vertex -61.3571 33.3571 3
      vertex -61.2844 33.423 0
      vertex -61.3571 33.3571 0
    endloop
  endfacet
  facet normal -0.59608 -0.802925 0
    outer loop
      vertex -61.2844 -33.423 0
      vertex -61.2056 -33.4815 3
      vertex -61.2844 -33.423 3
    endloop
  endfacet
  facet normal -0.59608 -0.802925 -0
    outer loop
      vertex -61.2056 -33.4815 3
      vertex -61.2844 -33.423 0
      vertex -61.2056 -33.4815 0
    endloop
  endfacet
  facet normal 0.671607 -0.740908 0
    outer loop
      vertex 61.2844 -33.423 0
      vertex 61.3571 -33.3571 3
      vertex 61.2844 -33.423 3
    endloop
  endfacet
  facet normal 0.671607 -0.740908 0
    outer loop
      vertex 61.3571 -33.3571 3
      vertex 61.2844 -33.423 0
      vertex 61.3571 -33.3571 0
    endloop
  endfacet
  facet normal 0.740908 0.671607 0
    outer loop
      vertex 61.423 33.2844 3
      vertex 61.3571 33.3571 0
      vertex 61.3571 33.3571 3
    endloop
  endfacet
  facet normal 0.740908 0.671607 0
    outer loop
      vertex 61.3571 33.3571 0
      vertex 61.423 33.2844 3
      vertex 61.423 33.2844 0
    endloop
  endfacet
  facet normal -0.858032 -0.513596 0
    outer loop
      vertex -61.4815 -33.2056 0
      vertex -61.5319 -33.1214 3
      vertex -61.5319 -33.1214 0
    endloop
  endfacet
  facet normal -0.858032 -0.513596 0
    outer loop
      vertex -61.5319 -33.1214 3
      vertex -61.4815 -33.2056 0
      vertex -61.4815 -33.2056 3
    endloop
  endfacet
  facet normal 0.59608 0.802925 -0
    outer loop
      vertex 61.2844 33.423 0
      vertex 61.2056 33.4815 3
      vertex 61.2844 33.423 3
    endloop
  endfacet
  facet normal 0.59608 0.802925 0
    outer loop
      vertex 61.2056 33.4815 3
      vertex 61.2844 33.423 0
      vertex 61.2056 33.4815 0
    endloop
  endfacet
  facet normal 0.90409 -0.427343 0
    outer loop
      vertex 61.5319 -33.1214 3
      vertex 61.5492 -33.0848 0
      vertex 61.5492 -33.0848 3
    endloop
  endfacet
  facet normal 0.90409 -0.427343 0
    outer loop
      vertex 61.5492 -33.0848 0
      vertex 61.5319 -33.1214 3
      vertex 61.5319 -33.1214 0
    endloop
  endfacet
  facet normal 0.90409 0.427343 0
    outer loop
      vertex 61.5492 33.0848 3
      vertex 61.5319 33.1214 0
      vertex 61.5319 33.1214 3
    endloop
  endfacet
  facet normal 0.90409 0.427343 0
    outer loop
      vertex 61.5319 33.1214 0
      vertex 61.5492 33.0848 3
      vertex 61.5492 33.0848 0
    endloop
  endfacet
  facet normal 0 0 1
    outer loop
      vertex 61.3284 33.3284 3
      vertex 61.5319 33.1214 3
      vertex 61.4815 33.2056 3
    endloop
  endfacet
  facet normal 0 0 1
    outer loop
      vertex 61.3284 33.3284 3
      vertex 61.4815 33.2056 3
      vertex 61.423 33.2844 3
    endloop
  endfacet
  facet normal -0 0 1
    outer loop
      vertex 61.3284 33.3284 3
      vertex 61.423 33.2844 3
      vertex 61.3571 33.3571 3
    endloop
  endfacet
  facet normal 0 0 1
    outer loop
      vertex 61.5319 33.1214 3
      vertex 61.3284 33.3284 3
      vertex 61.5492 33.0848 3
    endloop
  endfacet
  facet normal 0 0 1
    outer loop
      vertex 61.2844 33.423 3
      vertex 61.3284 33.3284 3
      vertex 61.3571 33.3571 3
    endloop
  endfacet
  facet normal 0 0 1
    outer loop
      vertex 61.2056 33.4815 3
      vertex 61.3284 33.3284 3
      vertex 61.2844 33.423 3
    endloop
  endfacet
  facet normal 0 0 1
    outer loop
      vertex 61.1214 33.5319 3
      vertex 61.3284 33.3284 3
      vertex 61.2056 33.4815 3
    endloop
  endfacet
  facet normal 0 0 1
    outer loop
      vertex 61.3284 33.3284 3
      vertex 61.1214 33.5319 3
      vertex 61.0848 33.5492 3
    endloop
  endfacet
  facet normal 0 0 1
    outer loop
      vertex 61.3284 -33.3284 3
      vertex 61.5319 -33.1214 3
      vertex 61.5492 -33.0848 3
    endloop
  endfacet
  facet normal 0 0 1
    outer loop
      vertex 61.5319 -33.1214 3
      vertex 61.3284 -33.3284 3
      vertex 61.4815 -33.2056 3
    endloop
  endfacet
  facet normal 0 0 1
    outer loop
      vertex 61.4815 -33.2056 3
      vertex 61.3284 -33.3284 3
      vertex 61.423 -33.2844 3
    endloop
  endfacet
  facet normal 0 0 1
    outer loop
      vertex 61.423 -33.2844 3
      vertex 61.3284 -33.3284 3
      vertex 61.3571 -33.3571 3
    endloop
  endfacet
  facet normal 0 0 1
    outer loop
      vertex 61.3284 -33.3284 3
      vertex 61.2844 -33.423 3
      vertex 61.3571 -33.3571 3
    endloop
  endfacet
  facet normal 0 0 1
    outer loop
      vertex 61.3284 -33.3284 3
      vertex 61.2056 -33.4815 3
      vertex 61.2844 -33.423 3
    endloop
  endfacet
  facet normal 0 0 1
    outer loop
      vertex 61.3284 -33.3284 3
      vertex 61.1214 -33.5319 3
      vertex 61.2056 -33.4815 3
    endloop
  endfacet
  facet normal 0 -0 1
    outer loop
      vertex 61.1214 -33.5319 3
      vertex 61.3284 -33.3284 3
      vertex 61.0848 -33.5492 3
    endloop
  endfacet
  facet normal 0 0 1
    outer loop
      vertex -61.3284 33.3284 3
      vertex -61.1214 33.5319 3
      vertex -61.2056 33.4815 3
    endloop
  endfacet
  facet normal 0 0 1
    outer loop
      vertex -61.3284 33.3284 3
      vertex -61.2056 33.4815 3
      vertex -61.2844 33.423 3
    endloop
  endfacet
  facet normal -0 0 1
    outer loop
      vertex -61.1214 33.5319 3
      vertex -61.3284 33.3284 3
      vertex -61.0848 33.5492 3
    endloop
  endfacet
  facet normal -0 0 1
    outer loop
      vertex -61.3571 33.3571 3
      vertex -61.3284 33.3284 3
      vertex -61.2844 33.423 3
    endloop
  endfacet
  facet normal 0 0 1
    outer loop
      vertex -61.423 33.2844 3
      vertex -61.3284 33.3284 3
      vertex -61.3571 33.3571 3
    endloop
  endfacet
  facet normal 0 0 1
    outer loop
      vertex -61.4815 33.2056 3
      vertex -61.3284 33.3284 3
      vertex -61.423 33.2844 3
    endloop
  endfacet
  facet normal 0 0 1
    outer loop
      vertex -61.5319 33.1214 3
      vertex -61.3284 33.3284 3
      vertex -61.4815 33.2056 3
    endloop
  endfacet
  facet normal 0 0 1
    outer loop
      vertex -61.3284 33.3284 3
      vertex -61.5319 33.1214 3
      vertex -61.5492 33.0848 3
    endloop
  endfacet
  facet normal 0 0 1
    outer loop
      vertex -61.3284 -33.3284 3
      vertex -61.1214 -33.5319 3
      vertex -61.0848 -33.5492 3
    endloop
  endfacet
  facet normal 0 0 1
    outer loop
      vertex -61.1214 -33.5319 3
      vertex -61.3284 -33.3284 3
      vertex -61.2056 -33.4815 3
    endloop
  endfacet
  facet normal 0 0 1
    outer loop
      vertex -61.2056 -33.4815 3
      vertex -61.3284 -33.3284 3
      vertex -61.2844 -33.423 3
    endloop
  endfacet
  facet normal 0 0 1
    outer loop
      vertex -61.3284 -33.3284 3
      vertex -61.3571 -33.3571 3
      vertex -61.2844 -33.423 3
    endloop
  endfacet
  facet normal 0 0 1
    outer loop
      vertex -61.3284 -33.3284 3
      vertex -61.423 -33.2844 3
      vertex -61.3571 -33.3571 3
    endloop
  endfacet
  facet normal 0 0 1
    outer loop
      vertex -61.3284 -33.3284 3
      vertex -61.4815 -33.2056 3
      vertex -61.423 -33.2844 3
    endloop
  endfacet
  facet normal 0 0 1
    outer loop
      vertex -61.3284 -33.3284 3
      vertex -61.5319 -33.1214 3
      vertex -61.4815 -33.2056 3
    endloop
  endfacet
  facet normal -0 -0 1
    outer loop
      vertex -61.5319 -33.1214 3
      vertex -61.3284 -33.3284 3
      vertex -61.5492 -33.0848 3
    endloop
  endfacet
  facet normal 0 0 1
    outer loop
      vertex -60.3856 26.9723 3
      vertex -60.25 -26.9082 3
      vertex -60.25 26.9082 3
    endloop
  endfacet
  facet normal 0 0 1
    outer loop
      vertex -60.3856 26.9723 3
      vertex -60.3856 -26.9723 3
      vertex -60.25 -26.9082 3
    endloop
  endfacet
  facet normal 0 0 1
    outer loop
      vertex -60.7223 27.1741 3
      vertex -60.3856 -26.9723 3
      vertex -60.3856 26.9723 3
    endloop
  endfacet
  facet normal 0 0 1
    outer loop
      vertex -60.7223 27.1741 3
      vertex -60.7223 -27.1741 3
      vertex -60.3856 -26.9723 3
    endloop
  endfacet
  facet normal 0 0 1
    outer loop
      vertex -61.0376 27.408 3
      vertex -60.7223 -27.1741 3
      vertex -60.7223 27.1741 3
    endloop
  endfacet
  facet normal 0 0 1
    outer loop
      vertex -61.0376 27.408 3
      vertex -61.0376 -27.408 3
      vertex -60.7223 -27.1741 3
    endloop
  endfacet
  facet normal 0 0 1
    outer loop
      vertex -61.3284 27.6716 3
      vertex -61.0376 -27.408 3
      vertex -61.0376 27.408 3
    endloop
  endfacet
  facet normal 0 0 1
    outer loop
      vertex -61.3284 27.6716 3
      vertex -61.3284 -27.6716 3
      vertex -61.0376 -27.408 3
    endloop
  endfacet
  facet normal 0 0 1
    outer loop
      vertex -61.592 27.9624 3
      vertex -61.3284 -27.6716 3
      vertex -61.3284 27.6716 3
    endloop
  endfacet
  facet normal 0 0 1
    outer loop
      vertex -61.592 27.9624 3
      vertex -61.592 -27.9624 3
      vertex -61.3284 -27.6716 3
    endloop
  endfacet
  facet normal 0 0 1
    outer loop
      vertex -61.65 28.0406 3
      vertex -61.592 -27.9624 3
      vertex -61.592 27.9624 3
    endloop
  endfacet
  facet normal 0 0 1
    outer loop
      vertex -61.592 -27.9624 3
      vertex -61.65 28.0406 3
      vertex -61.65 -28.0406 3
    endloop
  endfacet
  facet normal -0 0 1
    outer loop
      vertex -54.9082 -32.25 3
      vertex 54.9723 -32.3856 3
      vertex 54.9082 -32.25 3
    endloop
  endfacet
  facet normal 0 0 1
    outer loop
      vertex -54.9723 -32.3856 3
      vertex 54.9723 -32.3856 3
      vertex -54.9082 -32.25 3
    endloop
  endfacet
  facet normal 0 0 1
    outer loop
      vertex 54.9723 -32.3856 3
      vertex -54.9723 -32.3856 3
      vertex 55.1741 -32.7223 3
    endloop
  endfacet
  facet normal 0 0 1
    outer loop
      vertex -55.1741 -32.7223 3
      vertex 55.1741 -32.7223 3
      vertex -54.9723 -32.3856 3
    endloop
  endfacet
  facet normal 0 0 1
    outer loop
      vertex 55.1741 -32.7223 3
      vertex -55.1741 -32.7223 3
      vertex 55.408 -33.0376 3
    endloop
  endfacet
  facet normal 0 0 1
    outer loop
      vertex -55.408 -33.0376 3
      vertex 55.408 -33.0376 3
      vertex -55.1741 -32.7223 3
    endloop
  endfacet
  facet normal 0 0 1
    outer loop
      vertex 55.408 -33.0376 3
      vertex -55.408 -33.0376 3
      vertex 55.6716 -33.3284 3
    endloop
  endfacet
  facet normal 0 0 1
    outer loop
      vertex -55.6716 -33.3284 3
      vertex 55.6716 -33.3284 3
      vertex -55.408 -33.0376 3
    endloop
  endfacet
  facet normal 0 0 1
    outer loop
      vertex 55.6716 -33.3284 3
      vertex -55.6716 -33.3284 3
      vertex 55.9624 -33.592 3
    endloop
  endfacet
  facet normal 0 0 1
    outer loop
      vertex -55.9624 -33.592 3
      vertex 55.9624 -33.592 3
      vertex -55.6716 -33.3284 3
    endloop
  endfacet
  facet normal 0 0 1
    outer loop
      vertex 55.9624 -33.592 3
      vertex -55.9624 -33.592 3
      vertex 56.0406 -33.65 3
    endloop
  endfacet
  facet normal 0 0 1
    outer loop
      vertex 56.0406 -33.65 3
      vertex -55.9624 -33.592 3
      vertex -56.0406 -33.65 3
    endloop
  endfacet
  facet normal 0 0 1
    outer loop
      vertex 54.9723 32.3856 3
      vertex -54.9082 32.25 3
      vertex 54.9082 32.25 3
    endloop
  endfacet
  facet normal 0 0 1
    outer loop
      vertex -54.9723 32.3856 3
      vertex 54.9723 32.3856 3
      vertex 55.1741 32.7223 3
    endloop
  endfacet
  facet normal 0 0 1
    outer loop
      vertex -55.1741 32.7223 3
      vertex 55.1741 32.7223 3
      vertex 55.408 33.0376 3
    endloop
  endfacet
  facet normal 0 0 1
    outer loop
      vertex -55.408 33.0376 3
      vertex 55.408 33.0376 3
      vertex 55.6716 33.3284 3
    endloop
  endfacet
  facet normal 0 0 1
    outer loop
      vertex -55.6716 33.3284 3
      vertex 55.6716 33.3284 3
      vertex 55.9624 33.592 3
    endloop
  endfacet
  facet normal 0 0 1
    outer loop
      vertex -55.9624 33.592 3
      vertex 55.9624 33.592 3
      vertex 56.0406 33.65 3
    endloop
  endfacet
  facet normal 0 0 1
    outer loop
      vertex 54.9723 32.3856 3
      vertex -54.9723 32.3856 3
      vertex -54.9082 32.25 3
    endloop
  endfacet
  facet normal 0 0 1
    outer loop
      vertex 55.1741 32.7223 3
      vertex -55.1741 32.7223 3
      vertex -54.9723 32.3856 3
    endloop
  endfacet
  facet normal 0 0 1
    outer loop
      vertex 55.408 33.0376 3
      vertex -55.408 33.0376 3
      vertex -55.1741 32.7223 3
    endloop
  endfacet
  facet normal 0 0 1
    outer loop
      vertex 55.6716 33.3284 3
      vertex -55.6716 33.3284 3
      vertex -55.408 33.0376 3
    endloop
  endfacet
  facet normal 0 0 1
    outer loop
      vertex 55.9624 33.592 3
      vertex -55.9624 33.592 3
      vertex -55.6716 33.3284 3
    endloop
  endfacet
  facet normal 0 -0 1
    outer loop
      vertex -55.9624 33.592 3
      vertex 56.0406 33.65 3
      vertex -56.0406 33.65 3
    endloop
  endfacet
  facet normal -0 0 1
    outer loop
      vertex 61.592 27.9624 3
      vertex 61.65 -28.0406 3
      vertex 61.65 28.0406 3
    endloop
  endfacet
  facet normal 0 0 1
    outer loop
      vertex 61.592 27.9624 3
      vertex 61.592 -27.9624 3
      vertex 61.65 -28.0406 3
    endloop
  endfacet
  facet normal -0 0 1
    outer loop
      vertex 61.3284 27.6716 3
      vertex 61.592 -27.9624 3
      vertex 61.592 27.9624 3
    endloop
  endfacet
  facet normal 0 0 1
    outer loop
      vertex 61.3284 27.6716 3
      vertex 61.3284 -27.6716 3
      vertex 61.592 -27.9624 3
    endloop
  endfacet
  facet normal -0 0 1
    outer loop
      vertex 61.0376 27.408 3
      vertex 61.3284 -27.6716 3
      vertex 61.3284 27.6716 3
    endloop
  endfacet
  facet normal 0 0 1
    outer loop
      vertex 61.0376 27.408 3
      vertex 61.0376 -27.408 3
      vertex 61.3284 -27.6716 3
    endloop
  endfacet
  facet normal -0 0 1
    outer loop
      vertex 60.7223 27.1741 3
      vertex 61.0376 -27.408 3
      vertex 61.0376 27.408 3
    endloop
  endfacet
  facet normal 0 0 1
    outer loop
      vertex 60.7223 27.1741 3
      vertex 60.7223 -27.1741 3
      vertex 61.0376 -27.408 3
    endloop
  endfacet
  facet normal -0 0 1
    outer loop
      vertex 60.3856 26.9723 3
      vertex 60.7223 -27.1741 3
      vertex 60.7223 27.1741 3
    endloop
  endfacet
  facet normal 0 0 1
    outer loop
      vertex 60.3856 26.9723 3
      vertex 60.3856 -26.9723 3
      vertex 60.7223 -27.1741 3
    endloop
  endfacet
  facet normal -0 0 1
    outer loop
      vertex 60.25 26.9082 3
      vertex 60.3856 -26.9723 3
      vertex 60.3856 26.9723 3
    endloop
  endfacet
  facet normal 0 0 1
    outer loop
      vertex 60.3856 -26.9723 3
      vertex 60.25 26.9082 3
      vertex 60.25 -26.9082 3
    endloop
  endfacet
  facet normal 0.59608 -0.802925 0
    outer loop
      vertex 61.2056 -33.4815 0
      vertex 61.2844 -33.423 3
      vertex 61.2056 -33.4815 3
    endloop
  endfacet
  facet normal 0.59608 -0.802925 0
    outer loop
      vertex 61.2844 -33.423 3
      vertex 61.2056 -33.4815 0
      vertex 61.2844 -33.423 0
    endloop
  endfacet
  facet normal 0 -1 0
    outer loop
      vertex -54.9082 32.25 0
      vertex 54.9082 32.25 3
      vertex -54.9082 32.25 3
    endloop
  endfacet
  facet normal 0 -1 -0
    outer loop
      vertex 54.9082 32.25 3
      vertex -54.9082 32.25 0
      vertex 54.9082 32.25 0
    endloop
  endfacet
  facet normal -1 0 0
    outer loop
      vertex 60.25 -26.9082 0
      vertex 60.25 26.9082 3
      vertex 60.25 26.9082 0
    endloop
  endfacet
  facet normal -1 -0 0
    outer loop
      vertex 60.25 26.9082 3
      vertex 60.25 -26.9082 0
      vertex 60.25 -26.9082 3
    endloop
  endfacet
  facet normal 0 1 -0
    outer loop
      vertex 54.9082 -32.25 0
      vertex -54.9082 -32.25 3
      vertex 54.9082 -32.25 3
    endloop
  endfacet
  facet normal 0 1 0
    outer loop
      vertex -54.9082 -32.25 3
      vertex 54.9082 -32.25 0
      vertex -54.9082 -32.25 0
    endloop
  endfacet
  facet normal 1 -0 0
    outer loop
      vertex -60.25 -26.9082 3
      vertex -60.25 26.9082 0
      vertex -60.25 26.9082 3
    endloop
  endfacet
  facet normal 1 0 0
    outer loop
      vertex -60.25 26.9082 0
      vertex -60.25 -26.9082 3
      vertex -60.25 -26.9082 0
    endloop
  endfacet
endsolid OpenSCAD_Model
