solid OpenSCAD_Model
  facet normal 0.904043 -0.427442 0
    outer loop
      vertex 33.6794 18.9806 2.4
      vertex 33.7507 19.1314 0
      vertex 33.7507 19.1314 2.4
    endloop
  endfacet
  facet normal 0.904043 -0.427442 0
    outer loop
      vertex 33.7507 19.1314 0
      vertex 33.6794 18.9806 2.4
      vertex 33.6794 18.9806 0
    endloop
  endfacet
  facet normal -0.989168 -0.146788 0
    outer loop
      vertex 36.9418 18.4966 0
      vertex 36.9173 18.6617 2.4
      vertex 36.9173 18.6617 0
    endloop
  endfacet
  facet normal -0.989168 -0.146788 0
    outer loop
      vertex 36.9173 18.6617 2.4
      vertex 36.9418 18.4966 0
      vertex 36.9418 18.4966 2.4
    endloop
  endfacet
  facet normal -0.998791 -0.0491602 0
    outer loop
      vertex 36.95 18.33 0
      vertex 36.9418 18.4966 2.4
      vertex 36.9418 18.4966 0
    endloop
  endfacet
  facet normal -0.998791 -0.0491602 0
    outer loop
      vertex 36.9418 18.4966 2.4
      vertex 36.95 18.33 0
      vertex 36.95 18.33 2.4
    endloop
  endfacet
  facet normal -0.970072 -0.242818 0
    outer loop
      vertex 36.9173 18.6617 0
      vertex 36.8768 18.8235 2.4
      vertex 36.8768 18.8235 0
    endloop
  endfacet
  facet normal -0.970072 -0.242818 0
    outer loop
      vertex 36.8768 18.8235 2.4
      vertex 36.9173 18.6617 0
      vertex 36.9173 18.6617 2.4
    endloop
  endfacet
  facet normal -0.146788 -0.989168 0
    outer loop
      vertex 35.4166 20.0218 0
      vertex 35.5817 19.9973 2.4
      vertex 35.4166 20.0218 2.4
    endloop
  endfacet
  facet normal -0.146788 -0.989168 -0
    outer loop
      vertex 35.5817 19.9973 2.4
      vertex 35.4166 20.0218 0
      vertex 35.5817 19.9973 0
    endloop
  endfacet
  facet normal 0.146788 -0.989168 0
    outer loop
      vertex 34.9183 19.9973 0
      vertex 35.0834 20.0218 2.4
      vertex 34.9183 19.9973 2.4
    endloop
  endfacet
  facet normal 0.146788 -0.989168 0
    outer loop
      vertex 35.0834 20.0218 2.4
      vertex 34.9183 19.9973 0
      vertex 35.0834 20.0218 0
    endloop
  endfacet
  facet normal -0.803154 -0.595772 0
    outer loop
      vertex 36.6635 19.2745 0
      vertex 36.5641 19.4085 2.4
      vertex 36.5641 19.4085 0
    endloop
  endfacet
  facet normal -0.803154 -0.595772 0
    outer loop
      vertex 36.5641 19.4085 2.4
      vertex 36.6635 19.2745 0
      vertex 36.6635 19.2745 2.4
    endloop
  endfacet
  facet normal -0.514231 0.857652 0
    outer loop
      vertex 36.1945 16.9165 0
      vertex 36.0514 16.8307 2.4
      vertex 36.1945 16.9165 2.4
    endloop
  endfacet
  facet normal -0.514231 0.857652 0
    outer loop
      vertex 36.0514 16.8307 2.4
      vertex 36.1945 16.9165 0
      vertex 36.0514 16.8307 0
    endloop
  endfacet
  facet normal -0.595772 -0.803154 0
    outer loop
      vertex 36.1945 19.7435 0
      vertex 36.3285 19.6441 2.4
      vertex 36.1945 19.7435 2.4
    endloop
  endfacet
  facet normal -0.595772 -0.803154 -0
    outer loop
      vertex 36.3285 19.6441 2.4
      vertex 36.1945 19.7435 0
      vertex 36.3285 19.6441 0
    endloop
  endfacet
  facet normal -0.998791 0.0491602 0
    outer loop
      vertex 36.9418 18.1634 0
      vertex 36.95 18.33 2.4
      vertex 36.95 18.33 0
    endloop
  endfacet
  facet normal -0.998791 0.0491602 0
    outer loop
      vertex 36.95 18.33 2.4
      vertex 36.9418 18.1634 0
      vertex 36.9418 18.1634 2.4
    endloop
  endfacet
  facet normal 0.242818 -0.970072 0
    outer loop
      vertex 34.7565 19.9568 0
      vertex 34.9183 19.9973 2.4
      vertex 34.7565 19.9568 2.4
    endloop
  endfacet
  facet normal 0.242818 -0.970072 0
    outer loop
      vertex 34.9183 19.9973 2.4
      vertex 34.7565 19.9568 0
      vertex 34.9183 19.9973 0
    endloop
  endfacet
  facet normal 0.803154 -0.595772 0
    outer loop
      vertex 33.8365 19.2745 2.4
      vertex 33.9359 19.4085 0
      vertex 33.9359 19.4085 2.4
    endloop
  endfacet
  facet normal 0.803154 -0.595772 0
    outer loop
      vertex 33.9359 19.4085 0
      vertex 33.8365 19.2745 2.4
      vertex 33.8365 19.2745 0
    endloop
  endfacet
  facet normal 0.427442 0.904043 -0
    outer loop
      vertex 34.5994 16.7594 0
      vertex 34.4486 16.8307 2.4
      vertex 34.5994 16.7594 2.4
    endloop
  endfacet
  facet normal 0.427442 0.904043 0
    outer loop
      vertex 34.4486 16.8307 2.4
      vertex 34.5994 16.7594 0
      vertex 34.4486 16.8307 0
    endloop
  endfacet
  facet normal -0.427442 -0.904043 0
    outer loop
      vertex 35.9006 19.9006 0
      vertex 36.0514 19.8293 2.4
      vertex 35.9006 19.9006 2.4
    endloop
  endfacet
  facet normal -0.427442 -0.904043 -0
    outer loop
      vertex 36.0514 19.8293 2.4
      vertex 35.9006 19.9006 0
      vertex 36.0514 19.8293 0
    endloop
  endfacet
  facet normal 0.989168 0.146788 0
    outer loop
      vertex 33.5827 17.9983 2.4
      vertex 33.5582 18.1634 0
      vertex 33.5582 18.1634 2.4
    endloop
  endfacet
  facet normal 0.989168 0.146788 0
    outer loop
      vertex 33.5582 18.1634 0
      vertex 33.5827 17.9983 2.4
      vertex 33.5827 17.9983 0
    endloop
  endfacet
  facet normal -0.671478 0.741024 0
    outer loop
      vertex 36.4521 17.1279 0
      vertex 36.3285 17.0159 2.4
      vertex 36.4521 17.1279 2.4
    endloop
  endfacet
  facet normal -0.671478 0.741024 0
    outer loop
      vertex 36.3285 17.0159 2.4
      vertex 36.4521 17.1279 0
      vertex 36.3285 17.0159 0
    endloop
  endfacet
  facet normal 0.427442 -0.904043 0
    outer loop
      vertex 34.4486 19.8293 0
      vertex 34.5994 19.9006 2.4
      vertex 34.4486 19.8293 2.4
    endloop
  endfacet
  facet normal 0.427442 -0.904043 0
    outer loop
      vertex 34.5994 19.9006 2.4
      vertex 34.4486 19.8293 0
      vertex 34.5994 19.9006 0
    endloop
  endfacet
  facet normal -0.970072 0.242818 0
    outer loop
      vertex 36.8768 17.8365 0
      vertex 36.9173 17.9983 2.4
      vertex 36.9173 17.9983 0
    endloop
  endfacet
  facet normal -0.970072 0.242818 0
    outer loop
      vertex 36.9173 17.9983 2.4
      vertex 36.8768 17.8365 0
      vertex 36.8768 17.8365 2.4
    endloop
  endfacet
  facet normal -0.242818 0.970072 0
    outer loop
      vertex 35.7435 16.7032 0
      vertex 35.5817 16.6627 2.4
      vertex 35.7435 16.7032 2.4
    endloop
  endfacet
  facet normal -0.242818 0.970072 0
    outer loop
      vertex 35.5817 16.6627 2.4
      vertex 35.7435 16.7032 0
      vertex 35.5817 16.6627 0
    endloop
  endfacet
  facet normal 0.989168 -0.146788 0
    outer loop
      vertex 33.5582 18.4966 2.4
      vertex 33.5827 18.6617 0
      vertex 33.5827 18.6617 2.4
    endloop
  endfacet
  facet normal 0.989168 -0.146788 0
    outer loop
      vertex 33.5827 18.6617 0
      vertex 33.5582 18.4966 2.4
      vertex 33.5582 18.4966 0
    endloop
  endfacet
  facet normal -0.941566 -0.33683 0
    outer loop
      vertex 36.8768 18.8235 0
      vertex 36.8206 18.9806 2.4
      vertex 36.8206 18.9806 0
    endloop
  endfacet
  facet normal -0.941566 -0.33683 0
    outer loop
      vertex 36.8206 18.9806 2.4
      vertex 36.8768 18.8235 0
      vertex 36.8768 18.8235 2.4
    endloop
  endfacet
  facet normal 0.514231 0.857652 -0
    outer loop
      vertex 34.4486 16.8307 0
      vertex 34.3055 16.9165 2.4
      vertex 34.4486 16.8307 2.4
    endloop
  endfacet
  facet normal 0.514231 0.857652 0
    outer loop
      vertex 34.3055 16.9165 2.4
      vertex 34.4486 16.8307 0
      vertex 34.3055 16.9165 0
    endloop
  endfacet
  facet normal 0.970072 -0.242818 0
    outer loop
      vertex 33.5827 18.6617 2.4
      vertex 33.6232 18.8235 0
      vertex 33.6232 18.8235 2.4
    endloop
  endfacet
  facet normal 0.970072 -0.242818 0
    outer loop
      vertex 33.6232 18.8235 0
      vertex 33.5827 18.6617 2.4
      vertex 33.5827 18.6617 0
    endloop
  endfacet
  facet normal -0.803154 0.595772 0
    outer loop
      vertex 36.5641 17.2515 0
      vertex 36.6635 17.3855 2.4
      vertex 36.6635 17.3855 0
    endloop
  endfacet
  facet normal -0.803154 0.595772 0
    outer loop
      vertex 36.6635 17.3855 2.4
      vertex 36.5641 17.2515 0
      vertex 36.5641 17.2515 2.4
    endloop
  endfacet
  facet normal 0.595772 0.803154 -0
    outer loop
      vertex 34.3055 16.9165 0
      vertex 34.1715 17.0159 2.4
      vertex 34.3055 16.9165 2.4
    endloop
  endfacet
  facet normal 0.595772 0.803154 0
    outer loop
      vertex 34.1715 17.0159 2.4
      vertex 34.3055 16.9165 0
      vertex 34.1715 17.0159 0
    endloop
  endfacet
  facet normal 0.33683 0.941566 -0
    outer loop
      vertex 34.7565 16.7032 0
      vertex 34.5994 16.7594 2.4
      vertex 34.7565 16.7032 2.4
    endloop
  endfacet
  facet normal 0.33683 0.941566 0
    outer loop
      vertex 34.5994 16.7594 2.4
      vertex 34.7565 16.7032 0
      vertex 34.5994 16.7594 0
    endloop
  endfacet
  facet normal -0.33683 -0.941566 0
    outer loop
      vertex 35.7435 19.9568 0
      vertex 35.9006 19.9006 2.4
      vertex 35.7435 19.9568 2.4
    endloop
  endfacet
  facet normal -0.33683 -0.941566 -0
    outer loop
      vertex 35.9006 19.9006 2.4
      vertex 35.7435 19.9568 0
      vertex 35.9006 19.9006 0
    endloop
  endfacet
  facet normal 0.741024 0.671478 0
    outer loop
      vertex 34.0479 17.1279 2.4
      vertex 33.9359 17.2515 0
      vertex 33.9359 17.2515 2.4
    endloop
  endfacet
  facet normal 0.741024 0.671478 0
    outer loop
      vertex 33.9359 17.2515 0
      vertex 34.0479 17.1279 2.4
      vertex 34.0479 17.1279 0
    endloop
  endfacet
  facet normal -0.514231 -0.857652 0
    outer loop
      vertex 36.0514 19.8293 0
      vertex 36.1945 19.7435 2.4
      vertex 36.0514 19.8293 2.4
    endloop
  endfacet
  facet normal -0.514231 -0.857652 -0
    outer loop
      vertex 36.1945 19.7435 2.4
      vertex 36.0514 19.8293 0
      vertex 36.1945 19.7435 0
    endloop
  endfacet
  facet normal 0.33683 -0.941566 0
    outer loop
      vertex 34.5994 19.9006 0
      vertex 34.7565 19.9568 2.4
      vertex 34.5994 19.9006 2.4
    endloop
  endfacet
  facet normal 0.33683 -0.941566 0
    outer loop
      vertex 34.7565 19.9568 2.4
      vertex 34.5994 19.9006 0
      vertex 34.7565 19.9568 0
    endloop
  endfacet
  facet normal 0.904043 0.427442 0
    outer loop
      vertex 33.7507 17.5286 2.4
      vertex 33.6794 17.6794 0
      vertex 33.6794 17.6794 2.4
    endloop
  endfacet
  facet normal 0.904043 0.427442 0
    outer loop
      vertex 33.6794 17.6794 0
      vertex 33.7507 17.5286 2.4
      vertex 33.7507 17.5286 0
    endloop
  endfacet
  facet normal 0.941566 0.33683 0
    outer loop
      vertex 33.6794 17.6794 2.4
      vertex 33.6232 17.8365 0
      vertex 33.6232 17.8365 2.4
    endloop
  endfacet
  facet normal 0.941566 0.33683 0
    outer loop
      vertex 33.6232 17.8365 0
      vertex 33.6794 17.6794 2.4
      vertex 33.6794 17.6794 0
    endloop
  endfacet
  facet normal -0.904043 -0.427442 0
    outer loop
      vertex 36.8206 18.9806 0
      vertex 36.7493 19.1314 2.4
      vertex 36.7493 19.1314 0
    endloop
  endfacet
  facet normal -0.904043 -0.427442 0
    outer loop
      vertex 36.7493 19.1314 2.4
      vertex 36.8206 18.9806 0
      vertex 36.8206 18.9806 2.4
    endloop
  endfacet
  facet normal 0.970072 0.242818 0
    outer loop
      vertex 33.6232 17.8365 2.4
      vertex 33.5827 17.9983 0
      vertex 33.5827 17.9983 2.4
    endloop
  endfacet
  facet normal 0.970072 0.242818 0
    outer loop
      vertex 33.5827 17.9983 0
      vertex 33.6232 17.8365 2.4
      vertex 33.6232 17.8365 0
    endloop
  endfacet
  facet normal 0.595772 -0.803154 0
    outer loop
      vertex 34.1715 19.6441 0
      vertex 34.3055 19.7435 2.4
      vertex 34.1715 19.6441 2.4
    endloop
  endfacet
  facet normal 0.595772 -0.803154 0
    outer loop
      vertex 34.3055 19.7435 2.4
      vertex 34.1715 19.6441 0
      vertex 34.3055 19.7435 0
    endloop
  endfacet
  facet normal 0.671478 0.741024 -0
    outer loop
      vertex 34.1715 17.0159 0
      vertex 34.0479 17.1279 2.4
      vertex 34.1715 17.0159 2.4
    endloop
  endfacet
  facet normal 0.671478 0.741024 0
    outer loop
      vertex 34.0479 17.1279 2.4
      vertex 34.1715 17.0159 0
      vertex 34.0479 17.1279 0
    endloop
  endfacet
  facet normal 0.146788 0.989168 -0
    outer loop
      vertex 35.0834 16.6382 0
      vertex 34.9183 16.6627 2.4
      vertex 35.0834 16.6382 2.4
    endloop
  endfacet
  facet normal 0.146788 0.989168 0
    outer loop
      vertex 34.9183 16.6627 2.4
      vertex 35.0834 16.6382 0
      vertex 34.9183 16.6627 0
    endloop
  endfacet
  facet normal -0.741024 0.671478 0
    outer loop
      vertex 36.4521 17.1279 0
      vertex 36.5641 17.2515 2.4
      vertex 36.5641 17.2515 0
    endloop
  endfacet
  facet normal -0.741024 0.671478 0
    outer loop
      vertex 36.5641 17.2515 2.4
      vertex 36.4521 17.1279 0
      vertex 36.4521 17.1279 2.4
    endloop
  endfacet
  facet normal -0.146788 0.989168 0
    outer loop
      vertex 35.5817 16.6627 0
      vertex 35.4166 16.6382 2.4
      vertex 35.5817 16.6627 2.4
    endloop
  endfacet
  facet normal -0.146788 0.989168 0
    outer loop
      vertex 35.4166 16.6382 2.4
      vertex 35.5817 16.6627 0
      vertex 35.4166 16.6382 0
    endloop
  endfacet
  facet normal 0.514231 -0.857652 0
    outer loop
      vertex 34.3055 19.7435 0
      vertex 34.4486 19.8293 2.4
      vertex 34.3055 19.7435 2.4
    endloop
  endfacet
  facet normal 0.514231 -0.857652 0
    outer loop
      vertex 34.4486 19.8293 2.4
      vertex 34.3055 19.7435 0
      vertex 34.4486 19.8293 0
    endloop
  endfacet
  facet normal -0.0491602 -0.998791 0
    outer loop
      vertex 35.25 20.03 0
      vertex 35.4166 20.0218 2.4
      vertex 35.25 20.03 2.4
    endloop
  endfacet
  facet normal -0.0491602 -0.998791 -0
    outer loop
      vertex 35.4166 20.0218 2.4
      vertex 35.25 20.03 0
      vertex 35.4166 20.0218 0
    endloop
  endfacet
  facet normal -0.242818 -0.970072 0
    outer loop
      vertex 35.5817 19.9973 0
      vertex 35.7435 19.9568 2.4
      vertex 35.5817 19.9973 2.4
    endloop
  endfacet
  facet normal -0.242818 -0.970072 -0
    outer loop
      vertex 35.7435 19.9568 2.4
      vertex 35.5817 19.9973 0
      vertex 35.7435 19.9568 0
    endloop
  endfacet
  facet normal 0.941566 -0.33683 0
    outer loop
      vertex 33.6232 18.8235 2.4
      vertex 33.6794 18.9806 0
      vertex 33.6794 18.9806 2.4
    endloop
  endfacet
  facet normal 0.941566 -0.33683 0
    outer loop
      vertex 33.6794 18.9806 0
      vertex 33.6232 18.8235 2.4
      vertex 33.6232 18.8235 0
    endloop
  endfacet
  facet normal -0.671478 -0.741024 0
    outer loop
      vertex 36.3285 19.6441 0
      vertex 36.4521 19.5321 2.4
      vertex 36.3285 19.6441 2.4
    endloop
  endfacet
  facet normal -0.671478 -0.741024 -0
    outer loop
      vertex 36.4521 19.5321 2.4
      vertex 36.3285 19.6441 0
      vertex 36.4521 19.5321 0
    endloop
  endfacet
  facet normal 0.0491602 -0.998791 0
    outer loop
      vertex 35.0834 20.0218 0
      vertex 35.25 20.03 2.4
      vertex 35.0834 20.0218 2.4
    endloop
  endfacet
  facet normal 0.0491602 -0.998791 0
    outer loop
      vertex 35.25 20.03 2.4
      vertex 35.0834 20.0218 0
      vertex 35.25 20.03 0
    endloop
  endfacet
  facet normal -0.427442 0.904043 0
    outer loop
      vertex 36.0514 16.8307 0
      vertex 35.9006 16.7594 2.4
      vertex 36.0514 16.8307 2.4
    endloop
  endfacet
  facet normal -0.427442 0.904043 0
    outer loop
      vertex 35.9006 16.7594 2.4
      vertex 36.0514 16.8307 0
      vertex 35.9006 16.7594 0
    endloop
  endfacet
  facet normal -0.989168 0.146788 0
    outer loop
      vertex 36.9173 17.9983 0
      vertex 36.9418 18.1634 2.4
      vertex 36.9418 18.1634 0
    endloop
  endfacet
  facet normal -0.989168 0.146788 0
    outer loop
      vertex 36.9418 18.1634 2.4
      vertex 36.9173 17.9983 0
      vertex 36.9173 17.9983 2.4
    endloop
  endfacet
  facet normal -0.857652 -0.514231 0
    outer loop
      vertex 36.7493 19.1314 0
      vertex 36.6635 19.2745 2.4
      vertex 36.6635 19.2745 0
    endloop
  endfacet
  facet normal -0.857652 -0.514231 0
    outer loop
      vertex 36.6635 19.2745 2.4
      vertex 36.7493 19.1314 0
      vertex 36.7493 19.1314 2.4
    endloop
  endfacet
  facet normal 0.0491602 0.998791 -0
    outer loop
      vertex 35.25 16.63 0
      vertex 35.0834 16.6382 2.4
      vertex 35.25 16.63 2.4
    endloop
  endfacet
  facet normal 0.0491602 0.998791 0
    outer loop
      vertex 35.0834 16.6382 2.4
      vertex 35.25 16.63 0
      vertex 35.0834 16.6382 0
    endloop
  endfacet
  facet normal 0.671478 -0.741024 0
    outer loop
      vertex 34.0479 19.5321 0
      vertex 34.1715 19.6441 2.4
      vertex 34.0479 19.5321 2.4
    endloop
  endfacet
  facet normal 0.671478 -0.741024 0
    outer loop
      vertex 34.1715 19.6441 2.4
      vertex 34.0479 19.5321 0
      vertex 34.1715 19.6441 0
    endloop
  endfacet
  facet normal 0.741024 -0.671478 0
    outer loop
      vertex 33.9359 19.4085 2.4
      vertex 34.0479 19.5321 0
      vertex 34.0479 19.5321 2.4
    endloop
  endfacet
  facet normal 0.741024 -0.671478 0
    outer loop
      vertex 34.0479 19.5321 0
      vertex 33.9359 19.4085 2.4
      vertex 33.9359 19.4085 0
    endloop
  endfacet
  facet normal -0.904043 0.427442 0
    outer loop
      vertex 36.7493 17.5286 0
      vertex 36.8206 17.6794 2.4
      vertex 36.8206 17.6794 0
    endloop
  endfacet
  facet normal -0.904043 0.427442 0
    outer loop
      vertex 36.8206 17.6794 2.4
      vertex 36.7493 17.5286 0
      vertex 36.7493 17.5286 2.4
    endloop
  endfacet
  facet normal -0.0491602 0.998791 0
    outer loop
      vertex 35.4166 16.6382 0
      vertex 35.25 16.63 2.4
      vertex 35.4166 16.6382 2.4
    endloop
  endfacet
  facet normal -0.0491602 0.998791 0
    outer loop
      vertex 35.25 16.63 2.4
      vertex 35.4166 16.6382 0
      vertex 35.25 16.63 0
    endloop
  endfacet
  facet normal -0.941566 0.33683 0
    outer loop
      vertex 36.8206 17.6794 0
      vertex 36.8768 17.8365 2.4
      vertex 36.8768 17.8365 0
    endloop
  endfacet
  facet normal -0.941566 0.33683 0
    outer loop
      vertex 36.8768 17.8365 2.4
      vertex 36.8206 17.6794 0
      vertex 36.8206 17.6794 2.4
    endloop
  endfacet
  facet normal -0.741024 -0.671478 0
    outer loop
      vertex 36.5641 19.4085 0
      vertex 36.4521 19.5321 2.4
      vertex 36.4521 19.5321 0
    endloop
  endfacet
  facet normal -0.741024 -0.671478 0
    outer loop
      vertex 36.4521 19.5321 2.4
      vertex 36.5641 19.4085 0
      vertex 36.5641 19.4085 2.4
    endloop
  endfacet
  facet normal 0.242818 0.970072 -0
    outer loop
      vertex 34.9183 16.6627 0
      vertex 34.7565 16.7032 2.4
      vertex 34.9183 16.6627 2.4
    endloop
  endfacet
  facet normal 0.242818 0.970072 0
    outer loop
      vertex 34.7565 16.7032 2.4
      vertex 34.9183 16.6627 0
      vertex 34.7565 16.7032 0
    endloop
  endfacet
  facet normal -0.595772 0.803154 0
    outer loop
      vertex 36.3285 17.0159 0
      vertex 36.1945 16.9165 2.4
      vertex 36.3285 17.0159 2.4
    endloop
  endfacet
  facet normal -0.595772 0.803154 0
    outer loop
      vertex 36.1945 16.9165 2.4
      vertex 36.3285 17.0159 0
      vertex 36.1945 16.9165 0
    endloop
  endfacet
  facet normal -0.857652 0.514231 0
    outer loop
      vertex 36.6635 17.3855 0
      vertex 36.7493 17.5286 2.4
      vertex 36.7493 17.5286 0
    endloop
  endfacet
  facet normal -0.857652 0.514231 0
    outer loop
      vertex 36.7493 17.5286 2.4
      vertex 36.6635 17.3855 0
      vertex 36.6635 17.3855 2.4
    endloop
  endfacet
  facet normal 0.803154 0.595772 0
    outer loop
      vertex 33.9359 17.2515 2.4
      vertex 33.8365 17.3855 0
      vertex 33.8365 17.3855 2.4
    endloop
  endfacet
  facet normal 0.803154 0.595772 0
    outer loop
      vertex 33.8365 17.3855 0
      vertex 33.9359 17.2515 2.4
      vertex 33.9359 17.2515 0
    endloop
  endfacet
  facet normal 0.857652 -0.514231 0
    outer loop
      vertex 33.7507 19.1314 2.4
      vertex 33.8365 19.2745 0
      vertex 33.8365 19.2745 2.4
    endloop
  endfacet
  facet normal 0.857652 -0.514231 0
    outer loop
      vertex 33.8365 19.2745 0
      vertex 33.7507 19.1314 2.4
      vertex 33.7507 19.1314 0
    endloop
  endfacet
  facet normal -0.33683 0.941566 0
    outer loop
      vertex 35.9006 16.7594 0
      vertex 35.7435 16.7032 2.4
      vertex 35.9006 16.7594 2.4
    endloop
  endfacet
  facet normal -0.33683 0.941566 0
    outer loop
      vertex 35.7435 16.7032 2.4
      vertex 35.9006 16.7594 0
      vertex 35.7435 16.7032 0
    endloop
  endfacet
  facet normal 0.857652 0.514231 0
    outer loop
      vertex 33.8365 17.3855 2.4
      vertex 33.7507 17.5286 0
      vertex 33.7507 17.5286 2.4
    endloop
  endfacet
  facet normal 0.857652 0.514231 0
    outer loop
      vertex 33.7507 17.5286 0
      vertex 33.8365 17.3855 2.4
      vertex 33.8365 17.3855 0
    endloop
  endfacet
  facet normal 0.998791 -0.0491602 0
    outer loop
      vertex 33.55 18.33 2.4
      vertex 33.5582 18.4966 0
      vertex 33.5582 18.4966 2.4
    endloop
  endfacet
  facet normal 0.998791 -0.0491602 0
    outer loop
      vertex 33.5582 18.4966 0
      vertex 33.55 18.33 2.4
      vertex 33.55 18.33 0
    endloop
  endfacet
  facet normal 0.998791 0.0491602 0
    outer loop
      vertex 33.5582 18.1634 2.4
      vertex 33.55 18.33 0
      vertex 33.55 18.33 2.4
    endloop
  endfacet
  facet normal 0.998791 0.0491602 0
    outer loop
      vertex 33.55 18.33 0
      vertex 33.5582 18.1634 2.4
      vertex 33.5582 18.1634 0
    endloop
  endfacet
  facet normal 0.904043 -0.427442 0
    outer loop
      vertex -36.8206 18.9806 2.4
      vertex -36.7493 19.1314 0
      vertex -36.7493 19.1314 2.4
    endloop
  endfacet
  facet normal 0.904043 -0.427442 0
    outer loop
      vertex -36.7493 19.1314 0
      vertex -36.8206 18.9806 2.4
      vertex -36.8206 18.9806 0
    endloop
  endfacet
  facet normal -0.989168 -0.146788 0
    outer loop
      vertex -33.5582 18.4966 0
      vertex -33.5827 18.6617 2.4
      vertex -33.5827 18.6617 0
    endloop
  endfacet
  facet normal -0.989168 -0.146788 0
    outer loop
      vertex -33.5827 18.6617 2.4
      vertex -33.5582 18.4966 0
      vertex -33.5582 18.4966 2.4
    endloop
  endfacet
  facet normal -0.998791 -0.0491602 0
    outer loop
      vertex -33.55 18.33 0
      vertex -33.5582 18.4966 2.4
      vertex -33.5582 18.4966 0
    endloop
  endfacet
  facet normal -0.998791 -0.0491602 0
    outer loop
      vertex -33.5582 18.4966 2.4
      vertex -33.55 18.33 0
      vertex -33.55 18.33 2.4
    endloop
  endfacet
  facet normal -0.970072 -0.242818 0
    outer loop
      vertex -33.5827 18.6617 0
      vertex -33.6232 18.8235 2.4
      vertex -33.6232 18.8235 0
    endloop
  endfacet
  facet normal -0.970072 -0.242818 0
    outer loop
      vertex -33.6232 18.8235 2.4
      vertex -33.5827 18.6617 0
      vertex -33.5827 18.6617 2.4
    endloop
  endfacet
  facet normal -0.146788 -0.989168 0
    outer loop
      vertex -35.0834 20.0218 0
      vertex -34.9183 19.9973 2.4
      vertex -35.0834 20.0218 2.4
    endloop
  endfacet
  facet normal -0.146788 -0.989168 -0
    outer loop
      vertex -34.9183 19.9973 2.4
      vertex -35.0834 20.0218 0
      vertex -34.9183 19.9973 0
    endloop
  endfacet
  facet normal 0.146788 -0.989168 0
    outer loop
      vertex -35.5817 19.9973 0
      vertex -35.4166 20.0218 2.4
      vertex -35.5817 19.9973 2.4
    endloop
  endfacet
  facet normal 0.146788 -0.989168 0
    outer loop
      vertex -35.4166 20.0218 2.4
      vertex -35.5817 19.9973 0
      vertex -35.4166 20.0218 0
    endloop
  endfacet
  facet normal -0.803154 -0.595772 0
    outer loop
      vertex -33.8365 19.2745 0
      vertex -33.9359 19.4085 2.4
      vertex -33.9359 19.4085 0
    endloop
  endfacet
  facet normal -0.803154 -0.595772 0
    outer loop
      vertex -33.9359 19.4085 2.4
      vertex -33.8365 19.2745 0
      vertex -33.8365 19.2745 2.4
    endloop
  endfacet
  facet normal -0.514231 0.857652 0
    outer loop
      vertex -34.3055 16.9165 0
      vertex -34.4486 16.8307 2.4
      vertex -34.3055 16.9165 2.4
    endloop
  endfacet
  facet normal -0.514231 0.857652 0
    outer loop
      vertex -34.4486 16.8307 2.4
      vertex -34.3055 16.9165 0
      vertex -34.4486 16.8307 0
    endloop
  endfacet
  facet normal -0.595772 -0.803154 0
    outer loop
      vertex -34.3055 19.7435 0
      vertex -34.1715 19.6441 2.4
      vertex -34.3055 19.7435 2.4
    endloop
  endfacet
  facet normal -0.595772 -0.803154 -0
    outer loop
      vertex -34.1715 19.6441 2.4
      vertex -34.3055 19.7435 0
      vertex -34.1715 19.6441 0
    endloop
  endfacet
  facet normal -0.998791 0.0491602 0
    outer loop
      vertex -33.5582 18.1634 0
      vertex -33.55 18.33 2.4
      vertex -33.55 18.33 0
    endloop
  endfacet
  facet normal -0.998791 0.0491602 0
    outer loop
      vertex -33.55 18.33 2.4
      vertex -33.5582 18.1634 0
      vertex -33.5582 18.1634 2.4
    endloop
  endfacet
  facet normal 0.242818 -0.970072 0
    outer loop
      vertex -35.7435 19.9568 0
      vertex -35.5817 19.9973 2.4
      vertex -35.7435 19.9568 2.4
    endloop
  endfacet
  facet normal 0.242818 -0.970072 0
    outer loop
      vertex -35.5817 19.9973 2.4
      vertex -35.7435 19.9568 0
      vertex -35.5817 19.9973 0
    endloop
  endfacet
  facet normal 0.803154 -0.595772 0
    outer loop
      vertex -36.6635 19.2745 2.4
      vertex -36.5641 19.4085 0
      vertex -36.5641 19.4085 2.4
    endloop
  endfacet
  facet normal 0.803154 -0.595772 0
    outer loop
      vertex -36.5641 19.4085 0
      vertex -36.6635 19.2745 2.4
      vertex -36.6635 19.2745 0
    endloop
  endfacet
  facet normal 0.427442 0.904043 -0
    outer loop
      vertex -35.9006 16.7594 0
      vertex -36.0514 16.8307 2.4
      vertex -35.9006 16.7594 2.4
    endloop
  endfacet
  facet normal 0.427442 0.904043 0
    outer loop
      vertex -36.0514 16.8307 2.4
      vertex -35.9006 16.7594 0
      vertex -36.0514 16.8307 0
    endloop
  endfacet
  facet normal -0.427442 -0.904043 0
    outer loop
      vertex -34.5994 19.9006 0
      vertex -34.4486 19.8293 2.4
      vertex -34.5994 19.9006 2.4
    endloop
  endfacet
  facet normal -0.427442 -0.904043 -0
    outer loop
      vertex -34.4486 19.8293 2.4
      vertex -34.5994 19.9006 0
      vertex -34.4486 19.8293 0
    endloop
  endfacet
  facet normal 0.989168 0.146788 0
    outer loop
      vertex -36.9173 17.9983 2.4
      vertex -36.9418 18.1634 0
      vertex -36.9418 18.1634 2.4
    endloop
  endfacet
  facet normal 0.989168 0.146788 0
    outer loop
      vertex -36.9418 18.1634 0
      vertex -36.9173 17.9983 2.4
      vertex -36.9173 17.9983 0
    endloop
  endfacet
  facet normal -0.671478 0.741024 0
    outer loop
      vertex -34.0479 17.1279 0
      vertex -34.1715 17.0159 2.4
      vertex -34.0479 17.1279 2.4
    endloop
  endfacet
  facet normal -0.671478 0.741024 0
    outer loop
      vertex -34.1715 17.0159 2.4
      vertex -34.0479 17.1279 0
      vertex -34.1715 17.0159 0
    endloop
  endfacet
  facet normal 0.427442 -0.904043 0
    outer loop
      vertex -36.0514 19.8293 0
      vertex -35.9006 19.9006 2.4
      vertex -36.0514 19.8293 2.4
    endloop
  endfacet
  facet normal 0.427442 -0.904043 0
    outer loop
      vertex -35.9006 19.9006 2.4
      vertex -36.0514 19.8293 0
      vertex -35.9006 19.9006 0
    endloop
  endfacet
  facet normal -0.970072 0.242818 0
    outer loop
      vertex -33.6232 17.8365 0
      vertex -33.5827 17.9983 2.4
      vertex -33.5827 17.9983 0
    endloop
  endfacet
  facet normal -0.970072 0.242818 0
    outer loop
      vertex -33.5827 17.9983 2.4
      vertex -33.6232 17.8365 0
      vertex -33.6232 17.8365 2.4
    endloop
  endfacet
  facet normal -0.242818 0.970072 0
    outer loop
      vertex -34.7565 16.7032 0
      vertex -34.9183 16.6627 2.4
      vertex -34.7565 16.7032 2.4
    endloop
  endfacet
  facet normal -0.242818 0.970072 0
    outer loop
      vertex -34.9183 16.6627 2.4
      vertex -34.7565 16.7032 0
      vertex -34.9183 16.6627 0
    endloop
  endfacet
  facet normal 0.989168 -0.146788 0
    outer loop
      vertex -36.9418 18.4966 2.4
      vertex -36.9173 18.6617 0
      vertex -36.9173 18.6617 2.4
    endloop
  endfacet
  facet normal 0.989168 -0.146788 0
    outer loop
      vertex -36.9173 18.6617 0
      vertex -36.9418 18.4966 2.4
      vertex -36.9418 18.4966 0
    endloop
  endfacet
  facet normal -0.941566 -0.33683 0
    outer loop
      vertex -33.6232 18.8235 0
      vertex -33.6794 18.9806 2.4
      vertex -33.6794 18.9806 0
    endloop
  endfacet
  facet normal -0.941566 -0.33683 0
    outer loop
      vertex -33.6794 18.9806 2.4
      vertex -33.6232 18.8235 0
      vertex -33.6232 18.8235 2.4
    endloop
  endfacet
  facet normal 0.514231 0.857652 -0
    outer loop
      vertex -36.0514 16.8307 0
      vertex -36.1945 16.9165 2.4
      vertex -36.0514 16.8307 2.4
    endloop
  endfacet
  facet normal 0.514231 0.857652 0
    outer loop
      vertex -36.1945 16.9165 2.4
      vertex -36.0514 16.8307 0
      vertex -36.1945 16.9165 0
    endloop
  endfacet
  facet normal 0.970072 -0.242818 0
    outer loop
      vertex -36.9173 18.6617 2.4
      vertex -36.8768 18.8235 0
      vertex -36.8768 18.8235 2.4
    endloop
  endfacet
  facet normal 0.970072 -0.242818 0
    outer loop
      vertex -36.8768 18.8235 0
      vertex -36.9173 18.6617 2.4
      vertex -36.9173 18.6617 0
    endloop
  endfacet
  facet normal -0.803154 0.595772 0
    outer loop
      vertex -33.9359 17.2515 0
      vertex -33.8365 17.3855 2.4
      vertex -33.8365 17.3855 0
    endloop
  endfacet
  facet normal -0.803154 0.595772 0
    outer loop
      vertex -33.8365 17.3855 2.4
      vertex -33.9359 17.2515 0
      vertex -33.9359 17.2515 2.4
    endloop
  endfacet
  facet normal 0.595772 0.803154 -0
    outer loop
      vertex -36.1945 16.9165 0
      vertex -36.3285 17.0159 2.4
      vertex -36.1945 16.9165 2.4
    endloop
  endfacet
  facet normal 0.595772 0.803154 0
    outer loop
      vertex -36.3285 17.0159 2.4
      vertex -36.1945 16.9165 0
      vertex -36.3285 17.0159 0
    endloop
  endfacet
  facet normal 0.33683 0.941566 -0
    outer loop
      vertex -35.7435 16.7032 0
      vertex -35.9006 16.7594 2.4
      vertex -35.7435 16.7032 2.4
    endloop
  endfacet
  facet normal 0.33683 0.941566 0
    outer loop
      vertex -35.9006 16.7594 2.4
      vertex -35.7435 16.7032 0
      vertex -35.9006 16.7594 0
    endloop
  endfacet
  facet normal -0.33683 -0.941566 0
    outer loop
      vertex -34.7565 19.9568 0
      vertex -34.5994 19.9006 2.4
      vertex -34.7565 19.9568 2.4
    endloop
  endfacet
  facet normal -0.33683 -0.941566 -0
    outer loop
      vertex -34.5994 19.9006 2.4
      vertex -34.7565 19.9568 0
      vertex -34.5994 19.9006 0
    endloop
  endfacet
  facet normal 0.741024 0.671478 0
    outer loop
      vertex -36.4521 17.1279 2.4
      vertex -36.5641 17.2515 0
      vertex -36.5641 17.2515 2.4
    endloop
  endfacet
  facet normal 0.741024 0.671478 0
    outer loop
      vertex -36.5641 17.2515 0
      vertex -36.4521 17.1279 2.4
      vertex -36.4521 17.1279 0
    endloop
  endfacet
  facet normal -0.514231 -0.857652 0
    outer loop
      vertex -34.4486 19.8293 0
      vertex -34.3055 19.7435 2.4
      vertex -34.4486 19.8293 2.4
    endloop
  endfacet
  facet normal -0.514231 -0.857652 -0
    outer loop
      vertex -34.3055 19.7435 2.4
      vertex -34.4486 19.8293 0
      vertex -34.3055 19.7435 0
    endloop
  endfacet
  facet normal 0.33683 -0.941566 0
    outer loop
      vertex -35.9006 19.9006 0
      vertex -35.7435 19.9568 2.4
      vertex -35.9006 19.9006 2.4
    endloop
  endfacet
  facet normal 0.33683 -0.941566 0
    outer loop
      vertex -35.7435 19.9568 2.4
      vertex -35.9006 19.9006 0
      vertex -35.7435 19.9568 0
    endloop
  endfacet
  facet normal 0.904043 0.427442 0
    outer loop
      vertex -36.7493 17.5286 2.4
      vertex -36.8206 17.6794 0
      vertex -36.8206 17.6794 2.4
    endloop
  endfacet
  facet normal 0.904043 0.427442 0
    outer loop
      vertex -36.8206 17.6794 0
      vertex -36.7493 17.5286 2.4
      vertex -36.7493 17.5286 0
    endloop
  endfacet
  facet normal 0.941566 0.33683 0
    outer loop
      vertex -36.8206 17.6794 2.4
      vertex -36.8768 17.8365 0
      vertex -36.8768 17.8365 2.4
    endloop
  endfacet
  facet normal 0.941566 0.33683 0
    outer loop
      vertex -36.8768 17.8365 0
      vertex -36.8206 17.6794 2.4
      vertex -36.8206 17.6794 0
    endloop
  endfacet
  facet normal -0.904043 -0.427442 0
    outer loop
      vertex -33.6794 18.9806 0
      vertex -33.7507 19.1314 2.4
      vertex -33.7507 19.1314 0
    endloop
  endfacet
  facet normal -0.904043 -0.427442 0
    outer loop
      vertex -33.7507 19.1314 2.4
      vertex -33.6794 18.9806 0
      vertex -33.6794 18.9806 2.4
    endloop
  endfacet
  facet normal 0.970072 0.242818 0
    outer loop
      vertex -36.8768 17.8365 2.4
      vertex -36.9173 17.9983 0
      vertex -36.9173 17.9983 2.4
    endloop
  endfacet
  facet normal 0.970072 0.242818 0
    outer loop
      vertex -36.9173 17.9983 0
      vertex -36.8768 17.8365 2.4
      vertex -36.8768 17.8365 0
    endloop
  endfacet
  facet normal 0.595772 -0.803154 0
    outer loop
      vertex -36.3285 19.6441 0
      vertex -36.1945 19.7435 2.4
      vertex -36.3285 19.6441 2.4
    endloop
  endfacet
  facet normal 0.595772 -0.803154 0
    outer loop
      vertex -36.1945 19.7435 2.4
      vertex -36.3285 19.6441 0
      vertex -36.1945 19.7435 0
    endloop
  endfacet
  facet normal 0.146788 0.989168 -0
    outer loop
      vertex -35.4166 16.6382 0
      vertex -35.5817 16.6627 2.4
      vertex -35.4166 16.6382 2.4
    endloop
  endfacet
  facet normal 0.146788 0.989168 0
    outer loop
      vertex -35.5817 16.6627 2.4
      vertex -35.4166 16.6382 0
      vertex -35.5817 16.6627 0
    endloop
  endfacet
  facet normal -0.741024 0.671478 0
    outer loop
      vertex -34.0479 17.1279 0
      vertex -33.9359 17.2515 2.4
      vertex -33.9359 17.2515 0
    endloop
  endfacet
  facet normal -0.741024 0.671478 0
    outer loop
      vertex -33.9359 17.2515 2.4
      vertex -34.0479 17.1279 0
      vertex -34.0479 17.1279 2.4
    endloop
  endfacet
  facet normal -0.146788 0.989168 0
    outer loop
      vertex -34.9183 16.6627 0
      vertex -35.0834 16.6382 2.4
      vertex -34.9183 16.6627 2.4
    endloop
  endfacet
  facet normal -0.146788 0.989168 0
    outer loop
      vertex -35.0834 16.6382 2.4
      vertex -34.9183 16.6627 0
      vertex -35.0834 16.6382 0
    endloop
  endfacet
  facet normal 0.514231 -0.857652 0
    outer loop
      vertex -36.1945 19.7435 0
      vertex -36.0514 19.8293 2.4
      vertex -36.1945 19.7435 2.4
    endloop
  endfacet
  facet normal 0.514231 -0.857652 0
    outer loop
      vertex -36.0514 19.8293 2.4
      vertex -36.1945 19.7435 0
      vertex -36.0514 19.8293 0
    endloop
  endfacet
  facet normal -0.0491602 -0.998791 0
    outer loop
      vertex -35.25 20.03 0
      vertex -35.0834 20.0218 2.4
      vertex -35.25 20.03 2.4
    endloop
  endfacet
  facet normal -0.0491602 -0.998791 -0
    outer loop
      vertex -35.0834 20.0218 2.4
      vertex -35.25 20.03 0
      vertex -35.0834 20.0218 0
    endloop
  endfacet
  facet normal -0.242818 -0.970072 0
    outer loop
      vertex -34.9183 19.9973 0
      vertex -34.7565 19.9568 2.4
      vertex -34.9183 19.9973 2.4
    endloop
  endfacet
  facet normal -0.242818 -0.970072 -0
    outer loop
      vertex -34.7565 19.9568 2.4
      vertex -34.9183 19.9973 0
      vertex -34.7565 19.9568 0
    endloop
  endfacet
  facet normal 0.941566 -0.33683 0
    outer loop
      vertex -36.8768 18.8235 2.4
      vertex -36.8206 18.9806 0
      vertex -36.8206 18.9806 2.4
    endloop
  endfacet
  facet normal 0.941566 -0.33683 0
    outer loop
      vertex -36.8206 18.9806 0
      vertex -36.8768 18.8235 2.4
      vertex -36.8768 18.8235 0
    endloop
  endfacet
  facet normal -0.671478 -0.741024 0
    outer loop
      vertex -34.1715 19.6441 0
      vertex -34.0479 19.5321 2.4
      vertex -34.1715 19.6441 2.4
    endloop
  endfacet
  facet normal -0.671478 -0.741024 -0
    outer loop
      vertex -34.0479 19.5321 2.4
      vertex -34.1715 19.6441 0
      vertex -34.0479 19.5321 0
    endloop
  endfacet
  facet normal 0.0491602 -0.998791 0
    outer loop
      vertex -35.4166 20.0218 0
      vertex -35.25 20.03 2.4
      vertex -35.4166 20.0218 2.4
    endloop
  endfacet
  facet normal 0.0491602 -0.998791 0
    outer loop
      vertex -35.25 20.03 2.4
      vertex -35.4166 20.0218 0
      vertex -35.25 20.03 0
    endloop
  endfacet
  facet normal -0.427442 0.904043 0
    outer loop
      vertex -34.4486 16.8307 0
      vertex -34.5994 16.7594 2.4
      vertex -34.4486 16.8307 2.4
    endloop
  endfacet
  facet normal -0.427442 0.904043 0
    outer loop
      vertex -34.5994 16.7594 2.4
      vertex -34.4486 16.8307 0
      vertex -34.5994 16.7594 0
    endloop
  endfacet
  facet normal -0.989168 0.146788 0
    outer loop
      vertex -33.5827 17.9983 0
      vertex -33.5582 18.1634 2.4
      vertex -33.5582 18.1634 0
    endloop
  endfacet
  facet normal -0.989168 0.146788 0
    outer loop
      vertex -33.5582 18.1634 2.4
      vertex -33.5827 17.9983 0
      vertex -33.5827 17.9983 2.4
    endloop
  endfacet
  facet normal -0.857652 -0.514231 0
    outer loop
      vertex -33.7507 19.1314 0
      vertex -33.8365 19.2745 2.4
      vertex -33.8365 19.2745 0
    endloop
  endfacet
  facet normal -0.857652 -0.514231 0
    outer loop
      vertex -33.8365 19.2745 2.4
      vertex -33.7507 19.1314 0
      vertex -33.7507 19.1314 2.4
    endloop
  endfacet
  facet normal 0.0491602 0.998791 -0
    outer loop
      vertex -35.25 16.63 0
      vertex -35.4166 16.6382 2.4
      vertex -35.25 16.63 2.4
    endloop
  endfacet
  facet normal 0.0491602 0.998791 0
    outer loop
      vertex -35.4166 16.6382 2.4
      vertex -35.25 16.63 0
      vertex -35.4166 16.6382 0
    endloop
  endfacet
  facet normal 0.671478 -0.741024 0
    outer loop
      vertex -36.4521 19.5321 0
      vertex -36.3285 19.6441 2.4
      vertex -36.4521 19.5321 2.4
    endloop
  endfacet
  facet normal 0.671478 -0.741024 0
    outer loop
      vertex -36.3285 19.6441 2.4
      vertex -36.4521 19.5321 0
      vertex -36.3285 19.6441 0
    endloop
  endfacet
  facet normal 0.741024 -0.671478 0
    outer loop
      vertex -36.5641 19.4085 2.4
      vertex -36.4521 19.5321 0
      vertex -36.4521 19.5321 2.4
    endloop
  endfacet
  facet normal 0.741024 -0.671478 0
    outer loop
      vertex -36.4521 19.5321 0
      vertex -36.5641 19.4085 2.4
      vertex -36.5641 19.4085 0
    endloop
  endfacet
  facet normal -0.904043 0.427442 0
    outer loop
      vertex -33.7507 17.5286 0
      vertex -33.6794 17.6794 2.4
      vertex -33.6794 17.6794 0
    endloop
  endfacet
  facet normal -0.904043 0.427442 0
    outer loop
      vertex -33.6794 17.6794 2.4
      vertex -33.7507 17.5286 0
      vertex -33.7507 17.5286 2.4
    endloop
  endfacet
  facet normal -0.0491602 0.998791 0
    outer loop
      vertex -35.0834 16.6382 0
      vertex -35.25 16.63 2.4
      vertex -35.0834 16.6382 2.4
    endloop
  endfacet
  facet normal -0.0491602 0.998791 0
    outer loop
      vertex -35.25 16.63 2.4
      vertex -35.0834 16.6382 0
      vertex -35.25 16.63 0
    endloop
  endfacet
  facet normal 0.671478 0.741024 -0
    outer loop
      vertex -36.3285 17.0159 0
      vertex -36.4521 17.1279 2.4
      vertex -36.3285 17.0159 2.4
    endloop
  endfacet
  facet normal 0.671478 0.741024 0
    outer loop
      vertex -36.4521 17.1279 2.4
      vertex -36.3285 17.0159 0
      vertex -36.4521 17.1279 0
    endloop
  endfacet
  facet normal -0.941566 0.33683 0
    outer loop
      vertex -33.6794 17.6794 0
      vertex -33.6232 17.8365 2.4
      vertex -33.6232 17.8365 0
    endloop
  endfacet
  facet normal -0.941566 0.33683 0
    outer loop
      vertex -33.6232 17.8365 2.4
      vertex -33.6794 17.6794 0
      vertex -33.6794 17.6794 2.4
    endloop
  endfacet
  facet normal -0.741024 -0.671478 0
    outer loop
      vertex -33.9359 19.4085 0
      vertex -34.0479 19.5321 2.4
      vertex -34.0479 19.5321 0
    endloop
  endfacet
  facet normal -0.741024 -0.671478 0
    outer loop
      vertex -34.0479 19.5321 2.4
      vertex -33.9359 19.4085 0
      vertex -33.9359 19.4085 2.4
    endloop
  endfacet
  facet normal 0.242818 0.970072 -0
    outer loop
      vertex -35.5817 16.6627 0
      vertex -35.7435 16.7032 2.4
      vertex -35.5817 16.6627 2.4
    endloop
  endfacet
  facet normal 0.242818 0.970072 0
    outer loop
      vertex -35.7435 16.7032 2.4
      vertex -35.5817 16.6627 0
      vertex -35.7435 16.7032 0
    endloop
  endfacet
  facet normal -0.595772 0.803154 0
    outer loop
      vertex -34.1715 17.0159 0
      vertex -34.3055 16.9165 2.4
      vertex -34.1715 17.0159 2.4
    endloop
  endfacet
  facet normal -0.595772 0.803154 0
    outer loop
      vertex -34.3055 16.9165 2.4
      vertex -34.1715 17.0159 0
      vertex -34.3055 16.9165 0
    endloop
  endfacet
  facet normal -0.857652 0.514231 0
    outer loop
      vertex -33.8365 17.3855 0
      vertex -33.7507 17.5286 2.4
      vertex -33.7507 17.5286 0
    endloop
  endfacet
  facet normal -0.857652 0.514231 0
    outer loop
      vertex -33.7507 17.5286 2.4
      vertex -33.8365 17.3855 0
      vertex -33.8365 17.3855 2.4
    endloop
  endfacet
  facet normal 0.803154 0.595772 0
    outer loop
      vertex -36.5641 17.2515 2.4
      vertex -36.6635 17.3855 0
      vertex -36.6635 17.3855 2.4
    endloop
  endfacet
  facet normal 0.803154 0.595772 0
    outer loop
      vertex -36.6635 17.3855 0
      vertex -36.5641 17.2515 2.4
      vertex -36.5641 17.2515 0
    endloop
  endfacet
  facet normal 0.857652 -0.514231 0
    outer loop
      vertex -36.7493 19.1314 2.4
      vertex -36.6635 19.2745 0
      vertex -36.6635 19.2745 2.4
    endloop
  endfacet
  facet normal 0.857652 -0.514231 0
    outer loop
      vertex -36.6635 19.2745 0
      vertex -36.7493 19.1314 2.4
      vertex -36.7493 19.1314 0
    endloop
  endfacet
  facet normal -0.33683 0.941566 0
    outer loop
      vertex -34.5994 16.7594 0
      vertex -34.7565 16.7032 2.4
      vertex -34.5994 16.7594 2.4
    endloop
  endfacet
  facet normal -0.33683 0.941566 0
    outer loop
      vertex -34.7565 16.7032 2.4
      vertex -34.5994 16.7594 0
      vertex -34.7565 16.7032 0
    endloop
  endfacet
  facet normal 0.857652 0.514231 0
    outer loop
      vertex -36.6635 17.3855 2.4
      vertex -36.7493 17.5286 0
      vertex -36.7493 17.5286 2.4
    endloop
  endfacet
  facet normal 0.857652 0.514231 0
    outer loop
      vertex -36.7493 17.5286 0
      vertex -36.6635 17.3855 2.4
      vertex -36.6635 17.3855 0
    endloop
  endfacet
  facet normal 0.998791 -0.0491602 0
    outer loop
      vertex -36.95 18.33 2.4
      vertex -36.9418 18.4966 0
      vertex -36.9418 18.4966 2.4
    endloop
  endfacet
  facet normal 0.998791 -0.0491602 0
    outer loop
      vertex -36.9418 18.4966 0
      vertex -36.95 18.33 2.4
      vertex -36.95 18.33 0
    endloop
  endfacet
  facet normal 0.998791 0.0491602 0
    outer loop
      vertex -36.9418 18.1634 2.4
      vertex -36.95 18.33 0
      vertex -36.95 18.33 2.4
    endloop
  endfacet
  facet normal 0.998791 0.0491602 0
    outer loop
      vertex -36.95 18.33 0
      vertex -36.9418 18.1634 2.4
      vertex -36.9418 18.1634 0
    endloop
  endfacet
  facet normal 0.427442 0.904043 -0
    outer loop
      vertex 34.5994 -19.9006 0
      vertex 34.4486 -19.8293 2.4
      vertex 34.5994 -19.9006 2.4
    endloop
  endfacet
  facet normal 0.427442 0.904043 0
    outer loop
      vertex 34.4486 -19.8293 2.4
      vertex 34.5994 -19.9006 0
      vertex 34.4486 -19.8293 0
    endloop
  endfacet
  facet normal -0.989168 -0.146788 0
    outer loop
      vertex 36.9418 -18.1634 0
      vertex 36.9173 -17.9983 2.4
      vertex 36.9173 -17.9983 0
    endloop
  endfacet
  facet normal -0.989168 -0.146788 0
    outer loop
      vertex 36.9173 -17.9983 2.4
      vertex 36.9418 -18.1634 0
      vertex 36.9418 -18.1634 2.4
    endloop
  endfacet
  facet normal -0.998791 -0.0491602 0
    outer loop
      vertex 36.95 -18.33 0
      vertex 36.9418 -18.1634 2.4
      vertex 36.9418 -18.1634 0
    endloop
  endfacet
  facet normal -0.998791 -0.0491602 0
    outer loop
      vertex 36.9418 -18.1634 2.4
      vertex 36.95 -18.33 0
      vertex 36.95 -18.33 2.4
    endloop
  endfacet
  facet normal -0.970072 -0.242818 0
    outer loop
      vertex 36.9173 -17.9983 0
      vertex 36.8768 -17.8365 2.4
      vertex 36.8768 -17.8365 0
    endloop
  endfacet
  facet normal -0.970072 -0.242818 0
    outer loop
      vertex 36.8768 -17.8365 2.4
      vertex 36.9173 -17.9983 0
      vertex 36.9173 -17.9983 2.4
    endloop
  endfacet
  facet normal -0.427442 0.904043 0
    outer loop
      vertex 36.0514 -19.8293 0
      vertex 35.9006 -19.9006 2.4
      vertex 36.0514 -19.8293 2.4
    endloop
  endfacet
  facet normal -0.427442 0.904043 0
    outer loop
      vertex 35.9006 -19.9006 2.4
      vertex 36.0514 -19.8293 0
      vertex 35.9006 -19.9006 0
    endloop
  endfacet
  facet normal 0.0491602 -0.998791 0
    outer loop
      vertex 35.0834 -16.6382 0
      vertex 35.25 -16.63 2.4
      vertex 35.0834 -16.6382 2.4
    endloop
  endfacet
  facet normal 0.0491602 -0.998791 0
    outer loop
      vertex 35.25 -16.63 2.4
      vertex 35.0834 -16.6382 0
      vertex 35.25 -16.63 0
    endloop
  endfacet
  facet normal 0.989168 -0.146788 0
    outer loop
      vertex 33.5582 -18.1634 2.4
      vertex 33.5827 -17.9983 0
      vertex 33.5827 -17.9983 2.4
    endloop
  endfacet
  facet normal 0.989168 -0.146788 0
    outer loop
      vertex 33.5827 -17.9983 0
      vertex 33.5582 -18.1634 2.4
      vertex 33.5582 -18.1634 0
    endloop
  endfacet
  facet normal 0.146788 0.989168 -0
    outer loop
      vertex 35.0834 -20.0218 0
      vertex 34.9183 -19.9973 2.4
      vertex 35.0834 -20.0218 2.4
    endloop
  endfacet
  facet normal 0.146788 0.989168 0
    outer loop
      vertex 34.9183 -19.9973 2.4
      vertex 35.0834 -20.0218 0
      vertex 34.9183 -19.9973 0
    endloop
  endfacet
  facet normal -0.427442 -0.904043 0
    outer loop
      vertex 35.9006 -16.7594 0
      vertex 36.0514 -16.8307 2.4
      vertex 35.9006 -16.7594 2.4
    endloop
  endfacet
  facet normal -0.427442 -0.904043 -0
    outer loop
      vertex 36.0514 -16.8307 2.4
      vertex 35.9006 -16.7594 0
      vertex 36.0514 -16.8307 0
    endloop
  endfacet
  facet normal 0.146788 -0.989168 0
    outer loop
      vertex 34.9183 -16.6627 0
      vertex 35.0834 -16.6382 2.4
      vertex 34.9183 -16.6627 2.4
    endloop
  endfacet
  facet normal 0.146788 -0.989168 0
    outer loop
      vertex 35.0834 -16.6382 2.4
      vertex 34.9183 -16.6627 0
      vertex 35.0834 -16.6382 0
    endloop
  endfacet
  facet normal 0.242818 0.970072 -0
    outer loop
      vertex 34.9183 -19.9973 0
      vertex 34.7565 -19.9568 2.4
      vertex 34.9183 -19.9973 2.4
    endloop
  endfacet
  facet normal 0.242818 0.970072 0
    outer loop
      vertex 34.7565 -19.9568 2.4
      vertex 34.9183 -19.9973 0
      vertex 34.7565 -19.9568 0
    endloop
  endfacet
  facet normal 0.595772 -0.803154 0
    outer loop
      vertex 34.1715 -17.0159 0
      vertex 34.3055 -16.9165 2.4
      vertex 34.1715 -17.0159 2.4
    endloop
  endfacet
  facet normal 0.595772 -0.803154 0
    outer loop
      vertex 34.3055 -16.9165 2.4
      vertex 34.1715 -17.0159 0
      vertex 34.3055 -16.9165 0
    endloop
  endfacet
  facet normal 0.904043 -0.427442 0
    outer loop
      vertex 33.6794 -17.6794 2.4
      vertex 33.7507 -17.5286 0
      vertex 33.7507 -17.5286 2.4
    endloop
  endfacet
  facet normal 0.904043 -0.427442 0
    outer loop
      vertex 33.7507 -17.5286 0
      vertex 33.6794 -17.6794 2.4
      vertex 33.6794 -17.6794 0
    endloop
  endfacet
  facet normal -0.146788 0.989168 0
    outer loop
      vertex 35.5817 -19.9973 0
      vertex 35.4166 -20.0218 2.4
      vertex 35.5817 -19.9973 2.4
    endloop
  endfacet
  facet normal -0.146788 0.989168 0
    outer loop
      vertex 35.4166 -20.0218 2.4
      vertex 35.5817 -19.9973 0
      vertex 35.4166 -20.0218 0
    endloop
  endfacet
  facet normal 0.595772 0.803154 -0
    outer loop
      vertex 34.3055 -19.7435 0
      vertex 34.1715 -19.6441 2.4
      vertex 34.3055 -19.7435 2.4
    endloop
  endfacet
  facet normal 0.595772 0.803154 0
    outer loop
      vertex 34.1715 -19.6441 2.4
      vertex 34.3055 -19.7435 0
      vertex 34.1715 -19.6441 0
    endloop
  endfacet
  facet normal 0.904043 0.427442 0
    outer loop
      vertex 33.7507 -19.1314 2.4
      vertex 33.6794 -18.9806 0
      vertex 33.6794 -18.9806 2.4
    endloop
  endfacet
  facet normal 0.904043 0.427442 0
    outer loop
      vertex 33.6794 -18.9806 0
      vertex 33.7507 -19.1314 2.4
      vertex 33.7507 -19.1314 0
    endloop
  endfacet
  facet normal -0.514231 -0.857652 0
    outer loop
      vertex 36.0514 -16.8307 0
      vertex 36.1945 -16.9165 2.4
      vertex 36.0514 -16.8307 2.4
    endloop
  endfacet
  facet normal -0.514231 -0.857652 -0
    outer loop
      vertex 36.1945 -16.9165 2.4
      vertex 36.0514 -16.8307 0
      vertex 36.1945 -16.9165 0
    endloop
  endfacet
  facet normal -0.595772 0.803154 0
    outer loop
      vertex 36.3285 -19.6441 0
      vertex 36.1945 -19.7435 2.4
      vertex 36.3285 -19.6441 2.4
    endloop
  endfacet
  facet normal -0.595772 0.803154 0
    outer loop
      vertex 36.1945 -19.7435 2.4
      vertex 36.3285 -19.6441 0
      vertex 36.1945 -19.7435 0
    endloop
  endfacet
  facet normal -0.0491602 -0.998791 0
    outer loop
      vertex 35.25 -16.63 0
      vertex 35.4166 -16.6382 2.4
      vertex 35.25 -16.63 2.4
    endloop
  endfacet
  facet normal -0.0491602 -0.998791 -0
    outer loop
      vertex 35.4166 -16.6382 2.4
      vertex 35.25 -16.63 0
      vertex 35.4166 -16.6382 0
    endloop
  endfacet
  facet normal 0.998791 0.0491602 0
    outer loop
      vertex 33.5582 -18.4966 2.4
      vertex 33.55 -18.33 0
      vertex 33.55 -18.33 2.4
    endloop
  endfacet
  facet normal 0.998791 0.0491602 0
    outer loop
      vertex 33.55 -18.33 0
      vertex 33.5582 -18.4966 2.4
      vertex 33.5582 -18.4966 0
    endloop
  endfacet
  facet normal -0.595772 -0.803154 0
    outer loop
      vertex 36.1945 -16.9165 0
      vertex 36.3285 -17.0159 2.4
      vertex 36.1945 -16.9165 2.4
    endloop
  endfacet
  facet normal -0.595772 -0.803154 -0
    outer loop
      vertex 36.3285 -17.0159 2.4
      vertex 36.1945 -16.9165 0
      vertex 36.3285 -17.0159 0
    endloop
  endfacet
  facet normal -0.970072 0.242818 0
    outer loop
      vertex 36.8768 -18.8235 0
      vertex 36.9173 -18.6617 2.4
      vertex 36.9173 -18.6617 0
    endloop
  endfacet
  facet normal -0.970072 0.242818 0
    outer loop
      vertex 36.9173 -18.6617 2.4
      vertex 36.8768 -18.8235 0
      vertex 36.8768 -18.8235 2.4
    endloop
  endfacet
  facet normal -0.741024 -0.671478 0
    outer loop
      vertex 36.5641 -17.2515 0
      vertex 36.4521 -17.1279 2.4
      vertex 36.4521 -17.1279 0
    endloop
  endfacet
  facet normal -0.741024 -0.671478 0
    outer loop
      vertex 36.4521 -17.1279 2.4
      vertex 36.5641 -17.2515 0
      vertex 36.5641 -17.2515 2.4
    endloop
  endfacet
  facet normal 0.941566 0.33683 0
    outer loop
      vertex 33.6794 -18.9806 2.4
      vertex 33.6232 -18.8235 0
      vertex 33.6232 -18.8235 2.4
    endloop
  endfacet
  facet normal 0.941566 0.33683 0
    outer loop
      vertex 33.6232 -18.8235 0
      vertex 33.6794 -18.9806 2.4
      vertex 33.6794 -18.9806 0
    endloop
  endfacet
  facet normal -0.242818 -0.970072 0
    outer loop
      vertex 35.5817 -16.6627 0
      vertex 35.7435 -16.7032 2.4
      vertex 35.5817 -16.6627 2.4
    endloop
  endfacet
  facet normal -0.242818 -0.970072 -0
    outer loop
      vertex 35.7435 -16.7032 2.4
      vertex 35.5817 -16.6627 0
      vertex 35.7435 -16.7032 0
    endloop
  endfacet
  facet normal 0.741024 -0.671478 0
    outer loop
      vertex 33.9359 -17.2515 2.4
      vertex 34.0479 -17.1279 0
      vertex 34.0479 -17.1279 2.4
    endloop
  endfacet
  facet normal 0.741024 -0.671478 0
    outer loop
      vertex 34.0479 -17.1279 0
      vertex 33.9359 -17.2515 2.4
      vertex 33.9359 -17.2515 0
    endloop
  endfacet
  facet normal -0.0491602 0.998791 0
    outer loop
      vertex 35.4166 -20.0218 0
      vertex 35.25 -20.03 2.4
      vertex 35.4166 -20.0218 2.4
    endloop
  endfacet
  facet normal -0.0491602 0.998791 0
    outer loop
      vertex 35.25 -20.03 2.4
      vertex 35.4166 -20.0218 0
      vertex 35.25 -20.03 0
    endloop
  endfacet
  facet normal -0.803154 -0.595772 0
    outer loop
      vertex 36.6635 -17.3855 0
      vertex 36.5641 -17.2515 2.4
      vertex 36.5641 -17.2515 0
    endloop
  endfacet
  facet normal -0.803154 -0.595772 0
    outer loop
      vertex 36.5641 -17.2515 2.4
      vertex 36.6635 -17.3855 0
      vertex 36.6635 -17.3855 2.4
    endloop
  endfacet
  facet normal 0.970072 0.242818 0
    outer loop
      vertex 33.6232 -18.8235 2.4
      vertex 33.5827 -18.6617 0
      vertex 33.5827 -18.6617 2.4
    endloop
  endfacet
  facet normal 0.970072 0.242818 0
    outer loop
      vertex 33.5827 -18.6617 0
      vertex 33.6232 -18.8235 2.4
      vertex 33.6232 -18.8235 0
    endloop
  endfacet
  facet normal -0.989168 0.146788 0
    outer loop
      vertex 36.9173 -18.6617 0
      vertex 36.9418 -18.4966 2.4
      vertex 36.9418 -18.4966 0
    endloop
  endfacet
  facet normal -0.989168 0.146788 0
    outer loop
      vertex 36.9418 -18.4966 2.4
      vertex 36.9173 -18.6617 0
      vertex 36.9173 -18.6617 2.4
    endloop
  endfacet
  facet normal -0.514231 0.857652 0
    outer loop
      vertex 36.1945 -19.7435 0
      vertex 36.0514 -19.8293 2.4
      vertex 36.1945 -19.7435 2.4
    endloop
  endfacet
  facet normal -0.514231 0.857652 0
    outer loop
      vertex 36.0514 -19.8293 2.4
      vertex 36.1945 -19.7435 0
      vertex 36.0514 -19.8293 0
    endloop
  endfacet
  facet normal 0.941566 -0.33683 0
    outer loop
      vertex 33.6232 -17.8365 2.4
      vertex 33.6794 -17.6794 0
      vertex 33.6794 -17.6794 2.4
    endloop
  endfacet
  facet normal 0.941566 -0.33683 0
    outer loop
      vertex 33.6794 -17.6794 0
      vertex 33.6232 -17.8365 2.4
      vertex 33.6232 -17.8365 0
    endloop
  endfacet
  facet normal -0.904043 0.427442 0
    outer loop
      vertex 36.7493 -19.1314 0
      vertex 36.8206 -18.9806 2.4
      vertex 36.8206 -18.9806 0
    endloop
  endfacet
  facet normal -0.904043 0.427442 0
    outer loop
      vertex 36.8206 -18.9806 2.4
      vertex 36.7493 -19.1314 0
      vertex 36.7493 -19.1314 2.4
    endloop
  endfacet
  facet normal -0.33683 -0.941566 0
    outer loop
      vertex 35.7435 -16.7032 0
      vertex 35.9006 -16.7594 2.4
      vertex 35.7435 -16.7032 2.4
    endloop
  endfacet
  facet normal -0.33683 -0.941566 -0
    outer loop
      vertex 35.9006 -16.7594 2.4
      vertex 35.7435 -16.7032 0
      vertex 35.9006 -16.7594 0
    endloop
  endfacet
  facet normal -0.998791 0.0491602 0
    outer loop
      vertex 36.9418 -18.4966 0
      vertex 36.95 -18.33 2.4
      vertex 36.95 -18.33 0
    endloop
  endfacet
  facet normal -0.998791 0.0491602 0
    outer loop
      vertex 36.95 -18.33 2.4
      vertex 36.9418 -18.4966 0
      vertex 36.9418 -18.4966 2.4
    endloop
  endfacet
  facet normal -0.33683 0.941566 0
    outer loop
      vertex 35.9006 -19.9006 0
      vertex 35.7435 -19.9568 2.4
      vertex 35.9006 -19.9006 2.4
    endloop
  endfacet
  facet normal -0.33683 0.941566 0
    outer loop
      vertex 35.7435 -19.9568 2.4
      vertex 35.9006 -19.9006 0
      vertex 35.7435 -19.9568 0
    endloop
  endfacet
  facet normal -0.941566 -0.33683 0
    outer loop
      vertex 36.8768 -17.8365 0
      vertex 36.8206 -17.6794 2.4
      vertex 36.8206 -17.6794 0
    endloop
  endfacet
  facet normal -0.941566 -0.33683 0
    outer loop
      vertex 36.8206 -17.6794 2.4
      vertex 36.8768 -17.8365 0
      vertex 36.8768 -17.8365 2.4
    endloop
  endfacet
  facet normal -0.803154 0.595772 0
    outer loop
      vertex 36.5641 -19.4085 0
      vertex 36.6635 -19.2745 2.4
      vertex 36.6635 -19.2745 0
    endloop
  endfacet
  facet normal -0.803154 0.595772 0
    outer loop
      vertex 36.6635 -19.2745 2.4
      vertex 36.5641 -19.4085 0
      vertex 36.5641 -19.4085 2.4
    endloop
  endfacet
  facet normal -0.857652 0.514231 0
    outer loop
      vertex 36.6635 -19.2745 0
      vertex 36.7493 -19.1314 2.4
      vertex 36.7493 -19.1314 0
    endloop
  endfacet
  facet normal -0.857652 0.514231 0
    outer loop
      vertex 36.7493 -19.1314 2.4
      vertex 36.6635 -19.2745 0
      vertex 36.6635 -19.2745 2.4
    endloop
  endfacet
  facet normal 0.242818 -0.970072 0
    outer loop
      vertex 34.7565 -16.7032 0
      vertex 34.9183 -16.6627 2.4
      vertex 34.7565 -16.7032 2.4
    endloop
  endfacet
  facet normal 0.242818 -0.970072 0
    outer loop
      vertex 34.9183 -16.6627 2.4
      vertex 34.7565 -16.7032 0
      vertex 34.9183 -16.6627 0
    endloop
  endfacet
  facet normal -0.941566 0.33683 0
    outer loop
      vertex 36.8206 -18.9806 0
      vertex 36.8768 -18.8235 2.4
      vertex 36.8768 -18.8235 0
    endloop
  endfacet
  facet normal -0.941566 0.33683 0
    outer loop
      vertex 36.8768 -18.8235 2.4
      vertex 36.8206 -18.9806 0
      vertex 36.8206 -18.9806 2.4
    endloop
  endfacet
  facet normal -0.904043 -0.427442 0
    outer loop
      vertex 36.8206 -17.6794 0
      vertex 36.7493 -17.5286 2.4
      vertex 36.7493 -17.5286 0
    endloop
  endfacet
  facet normal -0.904043 -0.427442 0
    outer loop
      vertex 36.7493 -17.5286 2.4
      vertex 36.8206 -17.6794 0
      vertex 36.8206 -17.6794 2.4
    endloop
  endfacet
  facet normal -0.146788 -0.989168 0
    outer loop
      vertex 35.4166 -16.6382 0
      vertex 35.5817 -16.6627 2.4
      vertex 35.4166 -16.6382 2.4
    endloop
  endfacet
  facet normal -0.146788 -0.989168 -0
    outer loop
      vertex 35.5817 -16.6627 2.4
      vertex 35.4166 -16.6382 0
      vertex 35.5817 -16.6627 0
    endloop
  endfacet
  facet normal 0.857652 0.514231 0
    outer loop
      vertex 33.8365 -19.2745 2.4
      vertex 33.7507 -19.1314 0
      vertex 33.7507 -19.1314 2.4
    endloop
  endfacet
  facet normal 0.857652 0.514231 0
    outer loop
      vertex 33.7507 -19.1314 0
      vertex 33.8365 -19.2745 2.4
      vertex 33.8365 -19.2745 0
    endloop
  endfacet
  facet normal -0.857652 -0.514231 0
    outer loop
      vertex 36.7493 -17.5286 0
      vertex 36.6635 -17.3855 2.4
      vertex 36.6635 -17.3855 0
    endloop
  endfacet
  facet normal -0.857652 -0.514231 0
    outer loop
      vertex 36.6635 -17.3855 2.4
      vertex 36.7493 -17.5286 0
      vertex 36.7493 -17.5286 2.4
    endloop
  endfacet
  facet normal 0.33683 -0.941566 0
    outer loop
      vertex 34.5994 -16.7594 0
      vertex 34.7565 -16.7032 2.4
      vertex 34.5994 -16.7594 2.4
    endloop
  endfacet
  facet normal 0.33683 -0.941566 0
    outer loop
      vertex 34.7565 -16.7032 2.4
      vertex 34.5994 -16.7594 0
      vertex 34.7565 -16.7032 0
    endloop
  endfacet
  facet normal 0.741024 0.671478 0
    outer loop
      vertex 34.0479 -19.5321 2.4
      vertex 33.9359 -19.4085 0
      vertex 33.9359 -19.4085 2.4
    endloop
  endfacet
  facet normal 0.741024 0.671478 0
    outer loop
      vertex 33.9359 -19.4085 0
      vertex 34.0479 -19.5321 2.4
      vertex 34.0479 -19.5321 0
    endloop
  endfacet
  facet normal 0.671478 -0.741024 0
    outer loop
      vertex 34.0479 -17.1279 0
      vertex 34.1715 -17.0159 2.4
      vertex 34.0479 -17.1279 2.4
    endloop
  endfacet
  facet normal 0.671478 -0.741024 0
    outer loop
      vertex 34.1715 -17.0159 2.4
      vertex 34.0479 -17.1279 0
      vertex 34.1715 -17.0159 0
    endloop
  endfacet
  facet normal -0.242818 0.970072 0
    outer loop
      vertex 35.7435 -19.9568 0
      vertex 35.5817 -19.9973 2.4
      vertex 35.7435 -19.9568 2.4
    endloop
  endfacet
  facet normal -0.242818 0.970072 0
    outer loop
      vertex 35.5817 -19.9973 2.4
      vertex 35.7435 -19.9568 0
      vertex 35.5817 -19.9973 0
    endloop
  endfacet
  facet normal 0.514231 -0.857652 0
    outer loop
      vertex 34.3055 -16.9165 0
      vertex 34.4486 -16.8307 2.4
      vertex 34.3055 -16.9165 2.4
    endloop
  endfacet
  facet normal 0.514231 -0.857652 0
    outer loop
      vertex 34.4486 -16.8307 2.4
      vertex 34.3055 -16.9165 0
      vertex 34.4486 -16.8307 0
    endloop
  endfacet
  facet normal 0.427442 -0.904043 0
    outer loop
      vertex 34.4486 -16.8307 0
      vertex 34.5994 -16.7594 2.4
      vertex 34.4486 -16.8307 2.4
    endloop
  endfacet
  facet normal 0.427442 -0.904043 0
    outer loop
      vertex 34.5994 -16.7594 2.4
      vertex 34.4486 -16.8307 0
      vertex 34.5994 -16.7594 0
    endloop
  endfacet
  facet normal 0.514231 0.857652 -0
    outer loop
      vertex 34.4486 -19.8293 0
      vertex 34.3055 -19.7435 2.4
      vertex 34.4486 -19.8293 2.4
    endloop
  endfacet
  facet normal 0.514231 0.857652 0
    outer loop
      vertex 34.3055 -19.7435 2.4
      vertex 34.4486 -19.8293 0
      vertex 34.3055 -19.7435 0
    endloop
  endfacet
  facet normal -0.671478 -0.741024 0
    outer loop
      vertex 36.3285 -17.0159 0
      vertex 36.4521 -17.1279 2.4
      vertex 36.3285 -17.0159 2.4
    endloop
  endfacet
  facet normal -0.671478 -0.741024 -0
    outer loop
      vertex 36.4521 -17.1279 2.4
      vertex 36.3285 -17.0159 0
      vertex 36.4521 -17.1279 0
    endloop
  endfacet
  facet normal 0.970072 -0.242818 0
    outer loop
      vertex 33.5827 -17.9983 2.4
      vertex 33.6232 -17.8365 0
      vertex 33.6232 -17.8365 2.4
    endloop
  endfacet
  facet normal 0.970072 -0.242818 0
    outer loop
      vertex 33.6232 -17.8365 0
      vertex 33.5827 -17.9983 2.4
      vertex 33.5827 -17.9983 0
    endloop
  endfacet
  facet normal 0.803154 0.595772 0
    outer loop
      vertex 33.9359 -19.4085 2.4
      vertex 33.8365 -19.2745 0
      vertex 33.8365 -19.2745 2.4
    endloop
  endfacet
  facet normal 0.803154 0.595772 0
    outer loop
      vertex 33.8365 -19.2745 0
      vertex 33.9359 -19.4085 2.4
      vertex 33.9359 -19.4085 0
    endloop
  endfacet
  facet normal 0.989168 0.146788 0
    outer loop
      vertex 33.5827 -18.6617 2.4
      vertex 33.5582 -18.4966 0
      vertex 33.5582 -18.4966 2.4
    endloop
  endfacet
  facet normal 0.989168 0.146788 0
    outer loop
      vertex 33.5582 -18.4966 0
      vertex 33.5827 -18.6617 2.4
      vertex 33.5827 -18.6617 0
    endloop
  endfacet
  facet normal 0.671478 0.741024 -0
    outer loop
      vertex 34.1715 -19.6441 0
      vertex 34.0479 -19.5321 2.4
      vertex 34.1715 -19.6441 2.4
    endloop
  endfacet
  facet normal 0.671478 0.741024 0
    outer loop
      vertex 34.0479 -19.5321 2.4
      vertex 34.1715 -19.6441 0
      vertex 34.0479 -19.5321 0
    endloop
  endfacet
  facet normal 0.803154 -0.595772 0
    outer loop
      vertex 33.8365 -17.3855 2.4
      vertex 33.9359 -17.2515 0
      vertex 33.9359 -17.2515 2.4
    endloop
  endfacet
  facet normal 0.803154 -0.595772 0
    outer loop
      vertex 33.9359 -17.2515 0
      vertex 33.8365 -17.3855 2.4
      vertex 33.8365 -17.3855 0
    endloop
  endfacet
  facet normal 0.857652 -0.514231 0
    outer loop
      vertex 33.7507 -17.5286 2.4
      vertex 33.8365 -17.3855 0
      vertex 33.8365 -17.3855 2.4
    endloop
  endfacet
  facet normal 0.857652 -0.514231 0
    outer loop
      vertex 33.8365 -17.3855 0
      vertex 33.7507 -17.5286 2.4
      vertex 33.7507 -17.5286 0
    endloop
  endfacet
  facet normal 0.0491602 0.998791 -0
    outer loop
      vertex 35.25 -20.03 0
      vertex 35.0834 -20.0218 2.4
      vertex 35.25 -20.03 2.4
    endloop
  endfacet
  facet normal 0.0491602 0.998791 0
    outer loop
      vertex 35.0834 -20.0218 2.4
      vertex 35.25 -20.03 0
      vertex 35.0834 -20.0218 0
    endloop
  endfacet
  facet normal 0.998791 -0.0491602 0
    outer loop
      vertex 33.55 -18.33 2.4
      vertex 33.5582 -18.1634 0
      vertex 33.5582 -18.1634 2.4
    endloop
  endfacet
  facet normal 0.998791 -0.0491602 0
    outer loop
      vertex 33.5582 -18.1634 0
      vertex 33.55 -18.33 2.4
      vertex 33.55 -18.33 0
    endloop
  endfacet
  facet normal 0.33683 0.941566 -0
    outer loop
      vertex 34.7565 -19.9568 0
      vertex 34.5994 -19.9006 2.4
      vertex 34.7565 -19.9568 2.4
    endloop
  endfacet
  facet normal 0.33683 0.941566 0
    outer loop
      vertex 34.5994 -19.9006 2.4
      vertex 34.7565 -19.9568 0
      vertex 34.5994 -19.9006 0
    endloop
  endfacet
  facet normal -0.741024 0.671478 0
    outer loop
      vertex 36.4521 -19.5321 0
      vertex 36.5641 -19.4085 2.4
      vertex 36.5641 -19.4085 0
    endloop
  endfacet
  facet normal -0.741024 0.671478 0
    outer loop
      vertex 36.5641 -19.4085 2.4
      vertex 36.4521 -19.5321 0
      vertex 36.4521 -19.5321 2.4
    endloop
  endfacet
  facet normal -0.671478 0.741024 0
    outer loop
      vertex 36.4521 -19.5321 0
      vertex 36.3285 -19.6441 2.4
      vertex 36.4521 -19.5321 2.4
    endloop
  endfacet
  facet normal -0.671478 0.741024 0
    outer loop
      vertex 36.3285 -19.6441 2.4
      vertex 36.4521 -19.5321 0
      vertex 36.3285 -19.6441 0
    endloop
  endfacet
  facet normal 0.427442 0.904043 -0
    outer loop
      vertex -35.9006 -19.9006 0
      vertex -36.0514 -19.8293 2.4
      vertex -35.9006 -19.9006 2.4
    endloop
  endfacet
  facet normal 0.427442 0.904043 0
    outer loop
      vertex -36.0514 -19.8293 2.4
      vertex -35.9006 -19.9006 0
      vertex -36.0514 -19.8293 0
    endloop
  endfacet
  facet normal -0.989168 -0.146788 0
    outer loop
      vertex -33.5582 -18.1634 0
      vertex -33.5827 -17.9983 2.4
      vertex -33.5827 -17.9983 0
    endloop
  endfacet
  facet normal -0.989168 -0.146788 0
    outer loop
      vertex -33.5827 -17.9983 2.4
      vertex -33.5582 -18.1634 0
      vertex -33.5582 -18.1634 2.4
    endloop
  endfacet
  facet normal -0.998791 -0.0491602 0
    outer loop
      vertex -33.55 -18.33 0
      vertex -33.5582 -18.1634 2.4
      vertex -33.5582 -18.1634 0
    endloop
  endfacet
  facet normal -0.998791 -0.0491602 0
    outer loop
      vertex -33.5582 -18.1634 2.4
      vertex -33.55 -18.33 0
      vertex -33.55 -18.33 2.4
    endloop
  endfacet
  facet normal -0.970072 -0.242818 0
    outer loop
      vertex -33.5827 -17.9983 0
      vertex -33.6232 -17.8365 2.4
      vertex -33.6232 -17.8365 0
    endloop
  endfacet
  facet normal -0.970072 -0.242818 0
    outer loop
      vertex -33.6232 -17.8365 2.4
      vertex -33.5827 -17.9983 0
      vertex -33.5827 -17.9983 2.4
    endloop
  endfacet
  facet normal -0.427442 0.904043 0
    outer loop
      vertex -34.4486 -19.8293 0
      vertex -34.5994 -19.9006 2.4
      vertex -34.4486 -19.8293 2.4
    endloop
  endfacet
  facet normal -0.427442 0.904043 0
    outer loop
      vertex -34.5994 -19.9006 2.4
      vertex -34.4486 -19.8293 0
      vertex -34.5994 -19.9006 0
    endloop
  endfacet
  facet normal 0.0491602 -0.998791 0
    outer loop
      vertex -35.4166 -16.6382 0
      vertex -35.25 -16.63 2.4
      vertex -35.4166 -16.6382 2.4
    endloop
  endfacet
  facet normal 0.0491602 -0.998791 0
    outer loop
      vertex -35.25 -16.63 2.4
      vertex -35.4166 -16.6382 0
      vertex -35.25 -16.63 0
    endloop
  endfacet
  facet normal 0.989168 -0.146788 0
    outer loop
      vertex -36.9418 -18.1634 2.4
      vertex -36.9173 -17.9983 0
      vertex -36.9173 -17.9983 2.4
    endloop
  endfacet
  facet normal 0.989168 -0.146788 0
    outer loop
      vertex -36.9173 -17.9983 0
      vertex -36.9418 -18.1634 2.4
      vertex -36.9418 -18.1634 0
    endloop
  endfacet
  facet normal 0.146788 0.989168 -0
    outer loop
      vertex -35.4166 -20.0218 0
      vertex -35.5817 -19.9973 2.4
      vertex -35.4166 -20.0218 2.4
    endloop
  endfacet
  facet normal 0.146788 0.989168 0
    outer loop
      vertex -35.5817 -19.9973 2.4
      vertex -35.4166 -20.0218 0
      vertex -35.5817 -19.9973 0
    endloop
  endfacet
  facet normal -0.427442 -0.904043 0
    outer loop
      vertex -34.5994 -16.7594 0
      vertex -34.4486 -16.8307 2.4
      vertex -34.5994 -16.7594 2.4
    endloop
  endfacet
  facet normal -0.427442 -0.904043 -0
    outer loop
      vertex -34.4486 -16.8307 2.4
      vertex -34.5994 -16.7594 0
      vertex -34.4486 -16.8307 0
    endloop
  endfacet
  facet normal 0.146788 -0.989168 0
    outer loop
      vertex -35.5817 -16.6627 0
      vertex -35.4166 -16.6382 2.4
      vertex -35.5817 -16.6627 2.4
    endloop
  endfacet
  facet normal 0.146788 -0.989168 0
    outer loop
      vertex -35.4166 -16.6382 2.4
      vertex -35.5817 -16.6627 0
      vertex -35.4166 -16.6382 0
    endloop
  endfacet
  facet normal 0.242818 0.970072 -0
    outer loop
      vertex -35.5817 -19.9973 0
      vertex -35.7435 -19.9568 2.4
      vertex -35.5817 -19.9973 2.4
    endloop
  endfacet
  facet normal 0.242818 0.970072 0
    outer loop
      vertex -35.7435 -19.9568 2.4
      vertex -35.5817 -19.9973 0
      vertex -35.7435 -19.9568 0
    endloop
  endfacet
  facet normal 0.595772 -0.803154 0
    outer loop
      vertex -36.3285 -17.0159 0
      vertex -36.1945 -16.9165 2.4
      vertex -36.3285 -17.0159 2.4
    endloop
  endfacet
  facet normal 0.595772 -0.803154 0
    outer loop
      vertex -36.1945 -16.9165 2.4
      vertex -36.3285 -17.0159 0
      vertex -36.1945 -16.9165 0
    endloop
  endfacet
  facet normal -0.146788 0.989168 0
    outer loop
      vertex -34.9183 -19.9973 0
      vertex -35.0834 -20.0218 2.4
      vertex -34.9183 -19.9973 2.4
    endloop
  endfacet
  facet normal -0.146788 0.989168 0
    outer loop
      vertex -35.0834 -20.0218 2.4
      vertex -34.9183 -19.9973 0
      vertex -35.0834 -20.0218 0
    endloop
  endfacet
  facet normal 0.595772 0.803154 -0
    outer loop
      vertex -36.1945 -19.7435 0
      vertex -36.3285 -19.6441 2.4
      vertex -36.1945 -19.7435 2.4
    endloop
  endfacet
  facet normal 0.595772 0.803154 0
    outer loop
      vertex -36.3285 -19.6441 2.4
      vertex -36.1945 -19.7435 0
      vertex -36.3285 -19.6441 0
    endloop
  endfacet
  facet normal 0.904043 0.427442 0
    outer loop
      vertex -36.7493 -19.1314 2.4
      vertex -36.8206 -18.9806 0
      vertex -36.8206 -18.9806 2.4
    endloop
  endfacet
  facet normal 0.904043 0.427442 0
    outer loop
      vertex -36.8206 -18.9806 0
      vertex -36.7493 -19.1314 2.4
      vertex -36.7493 -19.1314 0
    endloop
  endfacet
  facet normal -0.514231 -0.857652 0
    outer loop
      vertex -34.4486 -16.8307 0
      vertex -34.3055 -16.9165 2.4
      vertex -34.4486 -16.8307 2.4
    endloop
  endfacet
  facet normal -0.514231 -0.857652 -0
    outer loop
      vertex -34.3055 -16.9165 2.4
      vertex -34.4486 -16.8307 0
      vertex -34.3055 -16.9165 0
    endloop
  endfacet
  facet normal -0.0491602 -0.998791 0
    outer loop
      vertex -35.25 -16.63 0
      vertex -35.0834 -16.6382 2.4
      vertex -35.25 -16.63 2.4
    endloop
  endfacet
  facet normal -0.0491602 -0.998791 -0
    outer loop
      vertex -35.0834 -16.6382 2.4
      vertex -35.25 -16.63 0
      vertex -35.0834 -16.6382 0
    endloop
  endfacet
  facet normal 0.998791 0.0491602 0
    outer loop
      vertex -36.9418 -18.4966 2.4
      vertex -36.95 -18.33 0
      vertex -36.95 -18.33 2.4
    endloop
  endfacet
  facet normal 0.998791 0.0491602 0
    outer loop
      vertex -36.95 -18.33 0
      vertex -36.9418 -18.4966 2.4
      vertex -36.9418 -18.4966 0
    endloop
  endfacet
  facet normal -0.595772 -0.803154 0
    outer loop
      vertex -34.3055 -16.9165 0
      vertex -34.1715 -17.0159 2.4
      vertex -34.3055 -16.9165 2.4
    endloop
  endfacet
  facet normal -0.595772 -0.803154 -0
    outer loop
      vertex -34.1715 -17.0159 2.4
      vertex -34.3055 -16.9165 0
      vertex -34.1715 -17.0159 0
    endloop
  endfacet
  facet normal -0.970072 0.242818 0
    outer loop
      vertex -33.6232 -18.8235 0
      vertex -33.5827 -18.6617 2.4
      vertex -33.5827 -18.6617 0
    endloop
  endfacet
  facet normal -0.970072 0.242818 0
    outer loop
      vertex -33.5827 -18.6617 2.4
      vertex -33.6232 -18.8235 0
      vertex -33.6232 -18.8235 2.4
    endloop
  endfacet
  facet normal -0.741024 -0.671478 0
    outer loop
      vertex -33.9359 -17.2515 0
      vertex -34.0479 -17.1279 2.4
      vertex -34.0479 -17.1279 0
    endloop
  endfacet
  facet normal -0.741024 -0.671478 0
    outer loop
      vertex -34.0479 -17.1279 2.4
      vertex -33.9359 -17.2515 0
      vertex -33.9359 -17.2515 2.4
    endloop
  endfacet
  facet normal 0.941566 0.33683 0
    outer loop
      vertex -36.8206 -18.9806 2.4
      vertex -36.8768 -18.8235 0
      vertex -36.8768 -18.8235 2.4
    endloop
  endfacet
  facet normal 0.941566 0.33683 0
    outer loop
      vertex -36.8768 -18.8235 0
      vertex -36.8206 -18.9806 2.4
      vertex -36.8206 -18.9806 0
    endloop
  endfacet
  facet normal -0.242818 -0.970072 0
    outer loop
      vertex -34.9183 -16.6627 0
      vertex -34.7565 -16.7032 2.4
      vertex -34.9183 -16.6627 2.4
    endloop
  endfacet
  facet normal -0.242818 -0.970072 -0
    outer loop
      vertex -34.7565 -16.7032 2.4
      vertex -34.9183 -16.6627 0
      vertex -34.7565 -16.7032 0
    endloop
  endfacet
  facet normal 0.741024 -0.671478 0
    outer loop
      vertex -36.5641 -17.2515 2.4
      vertex -36.4521 -17.1279 0
      vertex -36.4521 -17.1279 2.4
    endloop
  endfacet
  facet normal 0.741024 -0.671478 0
    outer loop
      vertex -36.4521 -17.1279 0
      vertex -36.5641 -17.2515 2.4
      vertex -36.5641 -17.2515 0
    endloop
  endfacet
  facet normal -0.0491602 0.998791 0
    outer loop
      vertex -35.0834 -20.0218 0
      vertex -35.25 -20.03 2.4
      vertex -35.0834 -20.0218 2.4
    endloop
  endfacet
  facet normal -0.0491602 0.998791 0
    outer loop
      vertex -35.25 -20.03 2.4
      vertex -35.0834 -20.0218 0
      vertex -35.25 -20.03 0
    endloop
  endfacet
  facet normal -0.803154 -0.595772 0
    outer loop
      vertex -33.8365 -17.3855 0
      vertex -33.9359 -17.2515 2.4
      vertex -33.9359 -17.2515 0
    endloop
  endfacet
  facet normal -0.803154 -0.595772 0
    outer loop
      vertex -33.9359 -17.2515 2.4
      vertex -33.8365 -17.3855 0
      vertex -33.8365 -17.3855 2.4
    endloop
  endfacet
  facet normal 0.970072 0.242818 0
    outer loop
      vertex -36.8768 -18.8235 2.4
      vertex -36.9173 -18.6617 0
      vertex -36.9173 -18.6617 2.4
    endloop
  endfacet
  facet normal 0.970072 0.242818 0
    outer loop
      vertex -36.9173 -18.6617 0
      vertex -36.8768 -18.8235 2.4
      vertex -36.8768 -18.8235 0
    endloop
  endfacet
  facet normal -0.989168 0.146788 0
    outer loop
      vertex -33.5827 -18.6617 0
      vertex -33.5582 -18.4966 2.4
      vertex -33.5582 -18.4966 0
    endloop
  endfacet
  facet normal -0.989168 0.146788 0
    outer loop
      vertex -33.5582 -18.4966 2.4
      vertex -33.5827 -18.6617 0
      vertex -33.5827 -18.6617 2.4
    endloop
  endfacet
  facet normal -0.514231 0.857652 0
    outer loop
      vertex -34.3055 -19.7435 0
      vertex -34.4486 -19.8293 2.4
      vertex -34.3055 -19.7435 2.4
    endloop
  endfacet
  facet normal -0.514231 0.857652 0
    outer loop
      vertex -34.4486 -19.8293 2.4
      vertex -34.3055 -19.7435 0
      vertex -34.4486 -19.8293 0
    endloop
  endfacet
  facet normal 0.941566 -0.33683 0
    outer loop
      vertex -36.8768 -17.8365 2.4
      vertex -36.8206 -17.6794 0
      vertex -36.8206 -17.6794 2.4
    endloop
  endfacet
  facet normal 0.941566 -0.33683 0
    outer loop
      vertex -36.8206 -17.6794 0
      vertex -36.8768 -17.8365 2.4
      vertex -36.8768 -17.8365 0
    endloop
  endfacet
  facet normal -0.904043 0.427442 0
    outer loop
      vertex -33.7507 -19.1314 0
      vertex -33.6794 -18.9806 2.4
      vertex -33.6794 -18.9806 0
    endloop
  endfacet
  facet normal -0.904043 0.427442 0
    outer loop
      vertex -33.6794 -18.9806 2.4
      vertex -33.7507 -19.1314 0
      vertex -33.7507 -19.1314 2.4
    endloop
  endfacet
  facet normal -0.998791 0.0491602 0
    outer loop
      vertex -33.5582 -18.4966 0
      vertex -33.55 -18.33 2.4
      vertex -33.55 -18.33 0
    endloop
  endfacet
  facet normal -0.998791 0.0491602 0
    outer loop
      vertex -33.55 -18.33 2.4
      vertex -33.5582 -18.4966 0
      vertex -33.5582 -18.4966 2.4
    endloop
  endfacet
  facet normal -0.33683 0.941566 0
    outer loop
      vertex -34.5994 -19.9006 0
      vertex -34.7565 -19.9568 2.4
      vertex -34.5994 -19.9006 2.4
    endloop
  endfacet
  facet normal -0.33683 0.941566 0
    outer loop
      vertex -34.7565 -19.9568 2.4
      vertex -34.5994 -19.9006 0
      vertex -34.7565 -19.9568 0
    endloop
  endfacet
  facet normal -0.941566 -0.33683 0
    outer loop
      vertex -33.6232 -17.8365 0
      vertex -33.6794 -17.6794 2.4
      vertex -33.6794 -17.6794 0
    endloop
  endfacet
  facet normal -0.941566 -0.33683 0
    outer loop
      vertex -33.6794 -17.6794 2.4
      vertex -33.6232 -17.8365 0
      vertex -33.6232 -17.8365 2.4
    endloop
  endfacet
  facet normal -0.803154 0.595772 0
    outer loop
      vertex -33.9359 -19.4085 0
      vertex -33.8365 -19.2745 2.4
      vertex -33.8365 -19.2745 0
    endloop
  endfacet
  facet normal -0.803154 0.595772 0
    outer loop
      vertex -33.8365 -19.2745 2.4
      vertex -33.9359 -19.4085 0
      vertex -33.9359 -19.4085 2.4
    endloop
  endfacet
  facet normal -0.857652 0.514231 0
    outer loop
      vertex -33.8365 -19.2745 0
      vertex -33.7507 -19.1314 2.4
      vertex -33.7507 -19.1314 0
    endloop
  endfacet
  facet normal -0.857652 0.514231 0
    outer loop
      vertex -33.7507 -19.1314 2.4
      vertex -33.8365 -19.2745 0
      vertex -33.8365 -19.2745 2.4
    endloop
  endfacet
  facet normal 0.242818 -0.970072 0
    outer loop
      vertex -35.7435 -16.7032 0
      vertex -35.5817 -16.6627 2.4
      vertex -35.7435 -16.7032 2.4
    endloop
  endfacet
  facet normal 0.242818 -0.970072 0
    outer loop
      vertex -35.5817 -16.6627 2.4
      vertex -35.7435 -16.7032 0
      vertex -35.5817 -16.6627 0
    endloop
  endfacet
  facet normal -0.941566 0.33683 0
    outer loop
      vertex -33.6794 -18.9806 0
      vertex -33.6232 -18.8235 2.4
      vertex -33.6232 -18.8235 0
    endloop
  endfacet
  facet normal -0.941566 0.33683 0
    outer loop
      vertex -33.6232 -18.8235 2.4
      vertex -33.6794 -18.9806 0
      vertex -33.6794 -18.9806 2.4
    endloop
  endfacet
  facet normal 0.904043 -0.427442 0
    outer loop
      vertex -36.8206 -17.6794 2.4
      vertex -36.7493 -17.5286 0
      vertex -36.7493 -17.5286 2.4
    endloop
  endfacet
  facet normal 0.904043 -0.427442 0
    outer loop
      vertex -36.7493 -17.5286 0
      vertex -36.8206 -17.6794 2.4
      vertex -36.8206 -17.6794 0
    endloop
  endfacet
  facet normal -0.904043 -0.427442 0
    outer loop
      vertex -33.6794 -17.6794 0
      vertex -33.7507 -17.5286 2.4
      vertex -33.7507 -17.5286 0
    endloop
  endfacet
  facet normal -0.904043 -0.427442 0
    outer loop
      vertex -33.7507 -17.5286 2.4
      vertex -33.6794 -17.6794 0
      vertex -33.6794 -17.6794 2.4
    endloop
  endfacet
  facet normal -0.146788 -0.989168 0
    outer loop
      vertex -35.0834 -16.6382 0
      vertex -34.9183 -16.6627 2.4
      vertex -35.0834 -16.6382 2.4
    endloop
  endfacet
  facet normal -0.146788 -0.989168 -0
    outer loop
      vertex -34.9183 -16.6627 2.4
      vertex -35.0834 -16.6382 0
      vertex -34.9183 -16.6627 0
    endloop
  endfacet
  facet normal 0.857652 0.514231 0
    outer loop
      vertex -36.6635 -19.2745 2.4
      vertex -36.7493 -19.1314 0
      vertex -36.7493 -19.1314 2.4
    endloop
  endfacet
  facet normal 0.857652 0.514231 0
    outer loop
      vertex -36.7493 -19.1314 0
      vertex -36.6635 -19.2745 2.4
      vertex -36.6635 -19.2745 0
    endloop
  endfacet
  facet normal -0.857652 -0.514231 0
    outer loop
      vertex -33.7507 -17.5286 0
      vertex -33.8365 -17.3855 2.4
      vertex -33.8365 -17.3855 0
    endloop
  endfacet
  facet normal -0.857652 -0.514231 0
    outer loop
      vertex -33.8365 -17.3855 2.4
      vertex -33.7507 -17.5286 0
      vertex -33.7507 -17.5286 2.4
    endloop
  endfacet
  facet normal 0.33683 -0.941566 0
    outer loop
      vertex -35.9006 -16.7594 0
      vertex -35.7435 -16.7032 2.4
      vertex -35.9006 -16.7594 2.4
    endloop
  endfacet
  facet normal 0.33683 -0.941566 0
    outer loop
      vertex -35.7435 -16.7032 2.4
      vertex -35.9006 -16.7594 0
      vertex -35.7435 -16.7032 0
    endloop
  endfacet
  facet normal 0.741024 0.671478 0
    outer loop
      vertex -36.4521 -19.5321 2.4
      vertex -36.5641 -19.4085 0
      vertex -36.5641 -19.4085 2.4
    endloop
  endfacet
  facet normal 0.741024 0.671478 0
    outer loop
      vertex -36.5641 -19.4085 0
      vertex -36.4521 -19.5321 2.4
      vertex -36.4521 -19.5321 0
    endloop
  endfacet
  facet normal 0.671478 -0.741024 0
    outer loop
      vertex -36.4521 -17.1279 0
      vertex -36.3285 -17.0159 2.4
      vertex -36.4521 -17.1279 2.4
    endloop
  endfacet
  facet normal 0.671478 -0.741024 0
    outer loop
      vertex -36.3285 -17.0159 2.4
      vertex -36.4521 -17.1279 0
      vertex -36.3285 -17.0159 0
    endloop
  endfacet
  facet normal -0.242818 0.970072 0
    outer loop
      vertex -34.7565 -19.9568 0
      vertex -34.9183 -19.9973 2.4
      vertex -34.7565 -19.9568 2.4
    endloop
  endfacet
  facet normal -0.242818 0.970072 0
    outer loop
      vertex -34.9183 -19.9973 2.4
      vertex -34.7565 -19.9568 0
      vertex -34.9183 -19.9973 0
    endloop
  endfacet
  facet normal 0.514231 -0.857652 0
    outer loop
      vertex -36.1945 -16.9165 0
      vertex -36.0514 -16.8307 2.4
      vertex -36.1945 -16.9165 2.4
    endloop
  endfacet
  facet normal 0.514231 -0.857652 0
    outer loop
      vertex -36.0514 -16.8307 2.4
      vertex -36.1945 -16.9165 0
      vertex -36.0514 -16.8307 0
    endloop
  endfacet
  facet normal 0.427442 -0.904043 0
    outer loop
      vertex -36.0514 -16.8307 0
      vertex -35.9006 -16.7594 2.4
      vertex -36.0514 -16.8307 2.4
    endloop
  endfacet
  facet normal 0.427442 -0.904043 0
    outer loop
      vertex -35.9006 -16.7594 2.4
      vertex -36.0514 -16.8307 0
      vertex -35.9006 -16.7594 0
    endloop
  endfacet
  facet normal 0.514231 0.857652 -0
    outer loop
      vertex -36.0514 -19.8293 0
      vertex -36.1945 -19.7435 2.4
      vertex -36.0514 -19.8293 2.4
    endloop
  endfacet
  facet normal 0.514231 0.857652 0
    outer loop
      vertex -36.1945 -19.7435 2.4
      vertex -36.0514 -19.8293 0
      vertex -36.1945 -19.7435 0
    endloop
  endfacet
  facet normal -0.671478 -0.741024 0
    outer loop
      vertex -34.1715 -17.0159 0
      vertex -34.0479 -17.1279 2.4
      vertex -34.1715 -17.0159 2.4
    endloop
  endfacet
  facet normal -0.671478 -0.741024 -0
    outer loop
      vertex -34.0479 -17.1279 2.4
      vertex -34.1715 -17.0159 0
      vertex -34.0479 -17.1279 0
    endloop
  endfacet
  facet normal -0.33683 -0.941566 0
    outer loop
      vertex -34.7565 -16.7032 0
      vertex -34.5994 -16.7594 2.4
      vertex -34.7565 -16.7032 2.4
    endloop
  endfacet
  facet normal -0.33683 -0.941566 -0
    outer loop
      vertex -34.5994 -16.7594 2.4
      vertex -34.7565 -16.7032 0
      vertex -34.5994 -16.7594 0
    endloop
  endfacet
  facet normal 0.970072 -0.242818 0
    outer loop
      vertex -36.9173 -17.9983 2.4
      vertex -36.8768 -17.8365 0
      vertex -36.8768 -17.8365 2.4
    endloop
  endfacet
  facet normal 0.970072 -0.242818 0
    outer loop
      vertex -36.8768 -17.8365 0
      vertex -36.9173 -17.9983 2.4
      vertex -36.9173 -17.9983 0
    endloop
  endfacet
  facet normal 0.803154 0.595772 0
    outer loop
      vertex -36.5641 -19.4085 2.4
      vertex -36.6635 -19.2745 0
      vertex -36.6635 -19.2745 2.4
    endloop
  endfacet
  facet normal 0.803154 0.595772 0
    outer loop
      vertex -36.6635 -19.2745 0
      vertex -36.5641 -19.4085 2.4
      vertex -36.5641 -19.4085 0
    endloop
  endfacet
  facet normal 0.989168 0.146788 0
    outer loop
      vertex -36.9173 -18.6617 2.4
      vertex -36.9418 -18.4966 0
      vertex -36.9418 -18.4966 2.4
    endloop
  endfacet
  facet normal 0.989168 0.146788 0
    outer loop
      vertex -36.9418 -18.4966 0
      vertex -36.9173 -18.6617 2.4
      vertex -36.9173 -18.6617 0
    endloop
  endfacet
  facet normal -0.595772 0.803154 0
    outer loop
      vertex -34.1715 -19.6441 0
      vertex -34.3055 -19.7435 2.4
      vertex -34.1715 -19.6441 2.4
    endloop
  endfacet
  facet normal -0.595772 0.803154 0
    outer loop
      vertex -34.3055 -19.7435 2.4
      vertex -34.1715 -19.6441 0
      vertex -34.3055 -19.7435 0
    endloop
  endfacet
  facet normal 0.671478 0.741024 -0
    outer loop
      vertex -36.3285 -19.6441 0
      vertex -36.4521 -19.5321 2.4
      vertex -36.3285 -19.6441 2.4
    endloop
  endfacet
  facet normal 0.671478 0.741024 0
    outer loop
      vertex -36.4521 -19.5321 2.4
      vertex -36.3285 -19.6441 0
      vertex -36.4521 -19.5321 0
    endloop
  endfacet
  facet normal 0.803154 -0.595772 0
    outer loop
      vertex -36.6635 -17.3855 2.4
      vertex -36.5641 -17.2515 0
      vertex -36.5641 -17.2515 2.4
    endloop
  endfacet
  facet normal 0.803154 -0.595772 0
    outer loop
      vertex -36.5641 -17.2515 0
      vertex -36.6635 -17.3855 2.4
      vertex -36.6635 -17.3855 0
    endloop
  endfacet
  facet normal 0.857652 -0.514231 0
    outer loop
      vertex -36.7493 -17.5286 2.4
      vertex -36.6635 -17.3855 0
      vertex -36.6635 -17.3855 2.4
    endloop
  endfacet
  facet normal 0.857652 -0.514231 0
    outer loop
      vertex -36.6635 -17.3855 0
      vertex -36.7493 -17.5286 2.4
      vertex -36.7493 -17.5286 0
    endloop
  endfacet
  facet normal 0.0491602 0.998791 -0
    outer loop
      vertex -35.25 -20.03 0
      vertex -35.4166 -20.0218 2.4
      vertex -35.25 -20.03 2.4
    endloop
  endfacet
  facet normal 0.0491602 0.998791 0
    outer loop
      vertex -35.4166 -20.0218 2.4
      vertex -35.25 -20.03 0
      vertex -35.4166 -20.0218 0
    endloop
  endfacet
  facet normal 0.998791 -0.0491602 0
    outer loop
      vertex -36.95 -18.33 2.4
      vertex -36.9418 -18.1634 0
      vertex -36.9418 -18.1634 2.4
    endloop
  endfacet
  facet normal 0.998791 -0.0491602 0
    outer loop
      vertex -36.9418 -18.1634 0
      vertex -36.95 -18.33 2.4
      vertex -36.95 -18.33 0
    endloop
  endfacet
  facet normal 0.33683 0.941566 -0
    outer loop
      vertex -35.7435 -19.9568 0
      vertex -35.9006 -19.9006 2.4
      vertex -35.7435 -19.9568 2.4
    endloop
  endfacet
  facet normal 0.33683 0.941566 0
    outer loop
      vertex -35.9006 -19.9006 2.4
      vertex -35.7435 -19.9568 0
      vertex -35.9006 -19.9006 0
    endloop
  endfacet
  facet normal -0.741024 0.671478 0
    outer loop
      vertex -34.0479 -19.5321 0
      vertex -33.9359 -19.4085 2.4
      vertex -33.9359 -19.4085 0
    endloop
  endfacet
  facet normal -0.741024 0.671478 0
    outer loop
      vertex -33.9359 -19.4085 2.4
      vertex -34.0479 -19.5321 0
      vertex -34.0479 -19.5321 2.4
    endloop
  endfacet
  facet normal -0.671478 0.741024 0
    outer loop
      vertex -34.0479 -19.5321 0
      vertex -34.1715 -19.6441 2.4
      vertex -34.0479 -19.5321 2.4
    endloop
  endfacet
  facet normal -0.671478 0.741024 0
    outer loop
      vertex -34.1715 -19.6441 2.4
      vertex -34.0479 -19.5321 0
      vertex -34.1715 -19.6441 0
    endloop
  endfacet
  facet normal -0.970068 0.242835 0
    outer loop
      vertex -39.1731 19.1104 0
      vertex -39.0778 19.4911 2.4
      vertex -39.0778 19.4911 0
    endloop
  endfacet
  facet normal -0.970068 0.242835 0
    outer loop
      vertex -39.0778 19.4911 2.4
      vertex -39.1731 19.1104 0
      vertex -39.1731 19.1104 2.4
    endloop
  endfacet
  facet normal -0.146733 -0.989176 0
    outer loop
      vertex -36.0304 -22.2531 0
      vertex -35.6421 -22.3107 2.4
      vertex -36.0304 -22.2531 2.4
    endloop
  endfacet
  facet normal -0.146733 -0.989176 -0
    outer loop
      vertex -35.6421 -22.3107 2.4
      vertex -36.0304 -22.2531 0
      vertex -35.6421 -22.3107 0
    endloop
  endfacet
  facet normal -0.337014 -0.9415 0
    outer loop
      vertex -36.7807 -22.0255 0
      vertex -36.4111 -22.1578 2.4
      vertex -36.7807 -22.0255 2.4
    endloop
  endfacet
  facet normal -0.337014 -0.9415 -0
    outer loop
      vertex -36.4111 -22.1578 2.4
      vertex -36.7807 -22.0255 0
      vertex -36.4111 -22.1578 0
    endloop
  endfacet
  facet normal -0.514084 -0.85774 0
    outer loop
      vertex -37.4723 -21.6559 0
      vertex -37.1356 -21.8577 2.4
      vertex -37.4723 -21.6559 2.4
    endloop
  endfacet
  facet normal -0.514084 -0.85774 -0
    outer loop
      vertex -37.1356 -21.8577 2.4
      vertex -37.4723 -21.6559 0
      vertex -37.1356 -21.8577 0
    endloop
  endfacet
  facet normal -1 0 0
    outer loop
      vertex -39.25 -18.33 0
      vertex -39.25 18.33 2.4
      vertex -39.25 18.33 0
    endloop
  endfacet
  facet normal -1 -0 0
    outer loop
      vertex -39.25 18.33 2.4
      vertex -39.25 -18.33 0
      vertex -39.25 -18.33 2.4
    endloop
  endfacet
  facet normal -0.740908 -0.671607 0
    outer loop
      vertex -38.0784 -21.1584 0
      vertex -38.342 -20.8676 2.4
      vertex -38.342 -20.8676 0
    endloop
  endfacet
  facet normal -0.740908 -0.671607 0
    outer loop
      vertex -38.342 -20.8676 2.4
      vertex -38.0784 -21.1584 0
      vertex -38.0784 -21.1584 2.4
    endloop
  endfacet
  facet normal 0.42744 -0.904044 0
    outer loop
      vertex 36.7807 -22.0255 0
      vertex 37.1356 -21.8577 2.4
      vertex 36.7807 -22.0255 2.4
    endloop
  endfacet
  facet normal 0.42744 -0.904044 0
    outer loop
      vertex 37.1356 -21.8577 2.4
      vertex 36.7807 -22.0255 0
      vertex 37.1356 -21.8577 0
    endloop
  endfacet
  facet normal 0.671607 0.740908 -0
    outer loop
      vertex 38.0784 21.1584 0
      vertex 37.7876 21.422 2.4
      vertex 38.0784 21.1584 2.4
    endloop
  endfacet
  facet normal 0.671607 0.740908 0
    outer loop
      vertex 37.7876 21.422 2.4
      vertex 38.0784 21.1584 0
      vertex 37.7876 21.422 0
    endloop
  endfacet
  facet normal -0.671607 -0.740908 0
    outer loop
      vertex -38.0784 -21.1584 0
      vertex -37.7876 -21.422 2.4
      vertex -38.0784 -21.1584 2.4
    endloop
  endfacet
  facet normal -0.671607 -0.740908 -0
    outer loop
      vertex -37.7876 -21.422 2.4
      vertex -38.0784 -21.1584 0
      vertex -37.7876 -21.422 0
    endloop
  endfacet
  facet normal 0 -1 0
    outer loop
      vertex -35.25 -22.33 0
      vertex 35.25 -22.33 2.4
      vertex -35.25 -22.33 2.4
    endloop
  endfacet
  facet normal 0 -1 -0
    outer loop
      vertex 35.25 -22.33 2.4
      vertex -35.25 -22.33 0
      vertex 35.25 -22.33 0
    endloop
  endfacet
  facet normal -0.85774 -0.514084 0
    outer loop
      vertex -38.5759 -20.5523 0
      vertex -38.7777 -20.2156 2.4
      vertex -38.7777 -20.2156 0
    endloop
  endfacet
  facet normal -0.85774 -0.514084 0
    outer loop
      vertex -38.7777 -20.2156 2.4
      vertex -38.5759 -20.5523 0
      vertex -38.5759 -20.5523 2.4
    endloop
  endfacet
  facet normal -0.740908 0.671607 0
    outer loop
      vertex -38.342 20.8676 0
      vertex -38.0784 21.1584 2.4
      vertex -38.0784 21.1584 0
    endloop
  endfacet
  facet normal -0.740908 0.671607 0
    outer loop
      vertex -38.0784 21.1584 2.4
      vertex -38.342 20.8676 0
      vertex -38.342 20.8676 2.4
    endloop
  endfacet
  facet normal 0.242835 0.970068 -0
    outer loop
      vertex 36.4111 22.1578 0
      vertex 36.0304 22.2531 2.4
      vertex 36.4111 22.1578 2.4
    endloop
  endfacet
  facet normal 0.242835 0.970068 0
    outer loop
      vertex 36.0304 22.2531 2.4
      vertex 36.4111 22.1578 0
      vertex 36.0304 22.2531 0
    endloop
  endfacet
  facet normal 0.514084 0.85774 -0
    outer loop
      vertex 37.4723 21.6559 0
      vertex 37.1356 21.8577 2.4
      vertex 37.4723 21.6559 2.4
    endloop
  endfacet
  facet normal 0.514084 0.85774 0
    outer loop
      vertex 37.1356 21.8577 2.4
      vertex 37.4723 21.6559 0
      vertex 37.1356 21.8577 0
    endloop
  endfacet
  facet normal -0.998791 -0.0491626 0
    outer loop
      vertex -39.2307 -18.7221 0
      vertex -39.25 -18.33 2.4
      vertex -39.25 -18.33 0
    endloop
  endfacet
  facet normal -0.998791 -0.0491626 0
    outer loop
      vertex -39.25 -18.33 2.4
      vertex -39.2307 -18.7221 0
      vertex -39.2307 -18.7221 2.4
    endloop
  endfacet
  facet normal -0.989176 -0.146733 0
    outer loop
      vertex -39.1731 -19.1104 0
      vertex -39.2307 -18.7221 2.4
      vertex -39.2307 -18.7221 0
    endloop
  endfacet
  facet normal -0.989176 -0.146733 0
    outer loop
      vertex -39.2307 -18.7221 2.4
      vertex -39.1731 -19.1104 0
      vertex -39.1731 -19.1104 2.4
    endloop
  endfacet
  facet normal -0.998791 0.0491626 0
    outer loop
      vertex -39.25 18.33 0
      vertex -39.2307 18.7221 2.4
      vertex -39.2307 18.7221 0
    endloop
  endfacet
  facet normal -0.998791 0.0491626 0
    outer loop
      vertex -39.2307 18.7221 2.4
      vertex -39.25 18.33 0
      vertex -39.25 18.33 2.4
    endloop
  endfacet
  facet normal 0.146733 -0.989176 0
    outer loop
      vertex 35.6421 -22.3107 0
      vertex 36.0304 -22.2531 2.4
      vertex 35.6421 -22.3107 2.4
    endloop
  endfacet
  facet normal 0.146733 -0.989176 0
    outer loop
      vertex 36.0304 -22.2531 2.4
      vertex 35.6421 -22.3107 0
      vertex 36.0304 -22.2531 0
    endloop
  endfacet
  facet normal 0.803137 0.595794 0
    outer loop
      vertex 38.5759 20.5523 2.4
      vertex 38.342 20.8676 0
      vertex 38.342 20.8676 2.4
    endloop
  endfacet
  facet normal 0.803137 0.595794 0
    outer loop
      vertex 38.342 20.8676 0
      vertex 38.5759 20.5523 2.4
      vertex 38.5759 20.5523 0
    endloop
  endfacet
  facet normal -0.595794 0.803137 0
    outer loop
      vertex -37.4723 21.6559 0
      vertex -37.7876 21.422 2.4
      vertex -37.4723 21.6559 2.4
    endloop
  endfacet
  facet normal -0.595794 0.803137 0
    outer loop
      vertex -37.7876 21.422 2.4
      vertex -37.4723 21.6559 0
      vertex -37.7876 21.422 0
    endloop
  endfacet
  facet normal -0.42744 0.904044 0
    outer loop
      vertex -36.7807 22.0255 0
      vertex -37.1356 21.8577 2.4
      vertex -36.7807 22.0255 2.4
    endloop
  endfacet
  facet normal -0.42744 0.904044 0
    outer loop
      vertex -37.1356 21.8577 2.4
      vertex -36.7807 22.0255 0
      vertex -37.1356 21.8577 0
    endloop
  endfacet
  facet normal 0.740908 0.671607 0
    outer loop
      vertex 38.342 20.8676 2.4
      vertex 38.0784 21.1584 0
      vertex 38.0784 21.1584 2.4
    endloop
  endfacet
  facet normal 0.740908 0.671607 0
    outer loop
      vertex 38.0784 21.1584 0
      vertex 38.342 20.8676 2.4
      vertex 38.342 20.8676 0
    endloop
  endfacet
  facet normal -0.9415 0.337014 0
    outer loop
      vertex -39.0778 19.4911 0
      vertex -38.9455 19.8607 2.4
      vertex -38.9455 19.8607 0
    endloop
  endfacet
  facet normal -0.9415 0.337014 0
    outer loop
      vertex -38.9455 19.8607 2.4
      vertex -39.0778 19.4911 0
      vertex -39.0778 19.4911 2.4
    endloop
  endfacet
  facet normal -0.671607 0.740908 0
    outer loop
      vertex -37.7876 21.422 0
      vertex -38.0784 21.1584 2.4
      vertex -37.7876 21.422 2.4
    endloop
  endfacet
  facet normal -0.671607 0.740908 0
    outer loop
      vertex -38.0784 21.1584 2.4
      vertex -37.7876 21.422 0
      vertex -38.0784 21.1584 0
    endloop
  endfacet
  facet normal -0.904044 -0.42744 0
    outer loop
      vertex -38.7777 -20.2156 0
      vertex -38.9455 -19.8607 2.4
      vertex -38.9455 -19.8607 0
    endloop
  endfacet
  facet normal -0.904044 -0.42744 0
    outer loop
      vertex -38.9455 -19.8607 2.4
      vertex -38.7777 -20.2156 0
      vertex -38.7777 -20.2156 2.4
    endloop
  endfacet
  facet normal -0.242835 -0.970068 0
    outer loop
      vertex -36.4111 -22.1578 0
      vertex -36.0304 -22.2531 2.4
      vertex -36.4111 -22.1578 2.4
    endloop
  endfacet
  facet normal -0.242835 -0.970068 -0
    outer loop
      vertex -36.0304 -22.2531 2.4
      vertex -36.4111 -22.1578 0
      vertex -36.0304 -22.2531 0
    endloop
  endfacet
  facet normal -0.595794 -0.803137 0
    outer loop
      vertex -37.7876 -21.422 0
      vertex -37.4723 -21.6559 2.4
      vertex -37.7876 -21.422 2.4
    endloop
  endfacet
  facet normal -0.595794 -0.803137 -0
    outer loop
      vertex -37.4723 -21.6559 2.4
      vertex -37.7876 -21.422 0
      vertex -37.4723 -21.6559 0
    endloop
  endfacet
  facet normal -0.0491626 -0.998791 0
    outer loop
      vertex -35.6421 -22.3107 0
      vertex -35.25 -22.33 2.4
      vertex -35.6421 -22.3107 2.4
    endloop
  endfacet
  facet normal -0.0491626 -0.998791 -0
    outer loop
      vertex -35.25 -22.33 2.4
      vertex -35.6421 -22.3107 0
      vertex -35.25 -22.33 0
    endloop
  endfacet
  facet normal -0.42744 -0.904044 0
    outer loop
      vertex -37.1356 -21.8577 0
      vertex -36.7807 -22.0255 2.4
      vertex -37.1356 -21.8577 2.4
    endloop
  endfacet
  facet normal -0.42744 -0.904044 -0
    outer loop
      vertex -36.7807 -22.0255 2.4
      vertex -37.1356 -21.8577 0
      vertex -36.7807 -22.0255 0
    endloop
  endfacet
  facet normal -0.337014 0.9415 0
    outer loop
      vertex -36.4111 22.1578 0
      vertex -36.7807 22.0255 2.4
      vertex -36.4111 22.1578 2.4
    endloop
  endfacet
  facet normal -0.337014 0.9415 0
    outer loop
      vertex -36.7807 22.0255 2.4
      vertex -36.4111 22.1578 0
      vertex -36.7807 22.0255 0
    endloop
  endfacet
  facet normal 0.0491626 -0.998791 0
    outer loop
      vertex 35.25 -22.33 0
      vertex 35.6421 -22.3107 2.4
      vertex 35.25 -22.33 2.4
    endloop
  endfacet
  facet normal 0.0491626 -0.998791 0
    outer loop
      vertex 35.6421 -22.3107 2.4
      vertex 35.25 -22.33 0
      vertex 35.6421 -22.3107 0
    endloop
  endfacet
  facet normal -0 0 1
    outer loop
      vertex -33.5827 17.9983 2.4
      vertex -5.5 14.33 2.4
      vertex -33.5582 18.1634 2.4
    endloop
  endfacet
  facet normal 0 0 1
    outer loop
      vertex -5.5 14.33 2.4
      vertex -33.5582 -18.1634 2.4
      vertex -33.55 -18.33 2.4
    endloop
  endfacet
  facet normal -0 0 1
    outer loop
      vertex -33.6232 17.8365 2.4
      vertex -5.5 14.33 2.4
      vertex -33.5827 17.9983 2.4
    endloop
  endfacet
  facet normal 0 0 1
    outer loop
      vertex -5.5 14.33 2.4
      vertex -33.5827 -17.9983 2.4
      vertex -33.5582 -18.1634 2.4
    endloop
  endfacet
  facet normal -0 0 1
    outer loop
      vertex -33.6794 17.6794 2.4
      vertex -5.5 14.33 2.4
      vertex -33.6232 17.8365 2.4
    endloop
  endfacet
  facet normal 0 0 1
    outer loop
      vertex -5.5 14.33 2.4
      vertex -33.6232 -17.8365 2.4
      vertex -33.5827 -17.9983 2.4
    endloop
  endfacet
  facet normal -0 0 1
    outer loop
      vertex -33.7507 17.5286 2.4
      vertex -5.5 14.33 2.4
      vertex -33.6794 17.6794 2.4
    endloop
  endfacet
  facet normal 0 0 1
    outer loop
      vertex -5.5 14.33 2.4
      vertex -33.6794 -17.6794 2.4
      vertex -33.6232 -17.8365 2.4
    endloop
  endfacet
  facet normal -0 0 1
    outer loop
      vertex -33.8365 17.3855 2.4
      vertex -5.5 14.33 2.4
      vertex -33.7507 17.5286 2.4
    endloop
  endfacet
  facet normal 0 0 1
    outer loop
      vertex -5.5 14.33 2.4
      vertex -33.7507 -17.5286 2.4
      vertex -33.6794 -17.6794 2.4
    endloop
  endfacet
  facet normal -0 0 1
    outer loop
      vertex -33.9359 17.2515 2.4
      vertex -5.5 14.33 2.4
      vertex -33.8365 17.3855 2.4
    endloop
  endfacet
  facet normal 0 0 1
    outer loop
      vertex -5.5 14.33 2.4
      vertex -33.8365 -17.3855 2.4
      vertex -33.7507 -17.5286 2.4
    endloop
  endfacet
  facet normal -0 0 1
    outer loop
      vertex -34.0479 17.1279 2.4
      vertex -5.5 14.33 2.4
      vertex -33.9359 17.2515 2.4
    endloop
  endfacet
  facet normal 0 0 1
    outer loop
      vertex -5.5 14.33 2.4
      vertex -33.9359 -17.2515 2.4
      vertex -33.8365 -17.3855 2.4
    endloop
  endfacet
  facet normal -0 0 1
    outer loop
      vertex -34.1715 17.0159 2.4
      vertex -5.5 14.33 2.4
      vertex -34.0479 17.1279 2.4
    endloop
  endfacet
  facet normal 0 0 1
    outer loop
      vertex -5.5 14.33 2.4
      vertex -34.0479 -17.1279 2.4
      vertex -33.9359 -17.2515 2.4
    endloop
  endfacet
  facet normal 0 0 1
    outer loop
      vertex -34.1715 -17.0159 2.4
      vertex -5.5 14.33 2.4
      vertex -34.1715 17.0159 2.4
    endloop
  endfacet
  facet normal 0 0 1
    outer loop
      vertex -5.5 14.33 2.4
      vertex -34.1715 -17.0159 2.4
      vertex -34.0479 -17.1279 2.4
    endloop
  endfacet
  facet normal -0 0 1
    outer loop
      vertex -34.3055 16.9165 2.4
      vertex -34.1715 -17.0159 2.4
      vertex -34.1715 17.0159 2.4
    endloop
  endfacet
  facet normal 0 0 1
    outer loop
      vertex -34.3055 16.9165 2.4
      vertex -34.3055 -16.9165 2.4
      vertex -34.1715 -17.0159 2.4
    endloop
  endfacet
  facet normal -0 0 1
    outer loop
      vertex -34.4486 16.8307 2.4
      vertex -34.3055 -16.9165 2.4
      vertex -34.3055 16.9165 2.4
    endloop
  endfacet
  facet normal 0 0 1
    outer loop
      vertex -34.4486 16.8307 2.4
      vertex -34.4486 -16.8307 2.4
      vertex -34.3055 -16.9165 2.4
    endloop
  endfacet
  facet normal -0 0 1
    outer loop
      vertex -34.5994 16.7594 2.4
      vertex -34.4486 -16.8307 2.4
      vertex -34.4486 16.8307 2.4
    endloop
  endfacet
  facet normal 0 0 1
    outer loop
      vertex -34.5994 16.7594 2.4
      vertex -34.5994 -16.7594 2.4
      vertex -34.4486 -16.8307 2.4
    endloop
  endfacet
  facet normal -0 0 1
    outer loop
      vertex -34.7565 16.7032 2.4
      vertex -34.5994 -16.7594 2.4
      vertex -34.5994 16.7594 2.4
    endloop
  endfacet
  facet normal 0 0 1
    outer loop
      vertex -34.7565 16.7032 2.4
      vertex -34.7565 -16.7032 2.4
      vertex -34.5994 -16.7594 2.4
    endloop
  endfacet
  facet normal -0 0 1
    outer loop
      vertex -34.9183 16.6627 2.4
      vertex -34.7565 -16.7032 2.4
      vertex -34.7565 16.7032 2.4
    endloop
  endfacet
  facet normal 0 0 1
    outer loop
      vertex -34.9183 16.6627 2.4
      vertex -34.9183 -16.6627 2.4
      vertex -34.7565 -16.7032 2.4
    endloop
  endfacet
  facet normal -0 0 1
    outer loop
      vertex -35.0834 16.6382 2.4
      vertex -34.9183 -16.6627 2.4
      vertex -34.9183 16.6627 2.4
    endloop
  endfacet
  facet normal 0 0 1
    outer loop
      vertex -35.0834 16.6382 2.4
      vertex -35.0834 -16.6382 2.4
      vertex -34.9183 -16.6627 2.4
    endloop
  endfacet
  facet normal -0 0 1
    outer loop
      vertex -35.25 16.63 2.4
      vertex -35.0834 -16.6382 2.4
      vertex -35.0834 16.6382 2.4
    endloop
  endfacet
  facet normal 0 0 1
    outer loop
      vertex -35.25 16.63 2.4
      vertex -35.25 -16.63 2.4
      vertex -35.0834 -16.6382 2.4
    endloop
  endfacet
  facet normal 0 0 1
    outer loop
      vertex -35.4166 16.6382 2.4
      vertex -35.25 -16.63 2.4
      vertex -35.25 16.63 2.4
    endloop
  endfacet
  facet normal 0 0 1
    outer loop
      vertex -35.4166 16.6382 2.4
      vertex -35.4166 -16.6382 2.4
      vertex -35.25 -16.63 2.4
    endloop
  endfacet
  facet normal 0 0 1
    outer loop
      vertex -35.5817 16.6627 2.4
      vertex -35.4166 -16.6382 2.4
      vertex -35.4166 16.6382 2.4
    endloop
  endfacet
  facet normal 0 0 1
    outer loop
      vertex -35.5817 16.6627 2.4
      vertex -35.5817 -16.6627 2.4
      vertex -35.4166 -16.6382 2.4
    endloop
  endfacet
  facet normal 0 0 1
    outer loop
      vertex -35.7435 16.7032 2.4
      vertex -35.5817 -16.6627 2.4
      vertex -35.5817 16.6627 2.4
    endloop
  endfacet
  facet normal 0 0 1
    outer loop
      vertex -35.7435 16.7032 2.4
      vertex -35.7435 -16.7032 2.4
      vertex -35.5817 -16.6627 2.4
    endloop
  endfacet
  facet normal 0 0 1
    outer loop
      vertex -35.9006 16.7594 2.4
      vertex -35.7435 -16.7032 2.4
      vertex -35.7435 16.7032 2.4
    endloop
  endfacet
  facet normal 0 0 1
    outer loop
      vertex -35.9006 16.7594 2.4
      vertex -35.9006 -16.7594 2.4
      vertex -35.7435 -16.7032 2.4
    endloop
  endfacet
  facet normal 0 0 1
    outer loop
      vertex -36.0514 16.8307 2.4
      vertex -35.9006 -16.7594 2.4
      vertex -35.9006 16.7594 2.4
    endloop
  endfacet
  facet normal 0 0 1
    outer loop
      vertex -36.0514 16.8307 2.4
      vertex -36.0514 -16.8307 2.4
      vertex -35.9006 -16.7594 2.4
    endloop
  endfacet
  facet normal 0 0 1
    outer loop
      vertex -39.25 18.33 2.4
      vertex -36.0514 16.8307 2.4
      vertex -36.1945 16.9165 2.4
    endloop
  endfacet
  facet normal 0 0 1
    outer loop
      vertex -36.0514 16.8307 2.4
      vertex -39.25 18.33 2.4
      vertex -36.0514 -16.8307 2.4
    endloop
  endfacet
  facet normal 0 0 1
    outer loop
      vertex -39.25 18.33 2.4
      vertex -36.1945 16.9165 2.4
      vertex -36.3285 17.0159 2.4
    endloop
  endfacet
  facet normal 0 0 1
    outer loop
      vertex -39.25 -18.33 2.4
      vertex -36.0514 -16.8307 2.4
      vertex -39.25 18.33 2.4
    endloop
  endfacet
  facet normal 0 0 1
    outer loop
      vertex -39.25 18.33 2.4
      vertex -36.3285 17.0159 2.4
      vertex -36.4521 17.1279 2.4
    endloop
  endfacet
  facet normal 0 0 1
    outer loop
      vertex -36.0514 -16.8307 2.4
      vertex -39.25 -18.33 2.4
      vertex -36.1945 -16.9165 2.4
    endloop
  endfacet
  facet normal 0 0 1
    outer loop
      vertex -39.25 18.33 2.4
      vertex -36.4521 17.1279 2.4
      vertex -36.5641 17.2515 2.4
    endloop
  endfacet
  facet normal 0 0 1
    outer loop
      vertex -36.1945 -16.9165 2.4
      vertex -39.25 -18.33 2.4
      vertex -36.3285 -17.0159 2.4
    endloop
  endfacet
  facet normal 0 0 1
    outer loop
      vertex -39.25 18.33 2.4
      vertex -36.5641 17.2515 2.4
      vertex -36.6635 17.3855 2.4
    endloop
  endfacet
  facet normal 0 0 1
    outer loop
      vertex -36.3285 -17.0159 2.4
      vertex -39.25 -18.33 2.4
      vertex -36.4521 -17.1279 2.4
    endloop
  endfacet
  facet normal 0 0 1
    outer loop
      vertex -39.25 18.33 2.4
      vertex -36.6635 17.3855 2.4
      vertex -36.7493 17.5286 2.4
    endloop
  endfacet
  facet normal 0 0 1
    outer loop
      vertex -36.4521 -17.1279 2.4
      vertex -39.25 -18.33 2.4
      vertex -36.5641 -17.2515 2.4
    endloop
  endfacet
  facet normal 0 0 1
    outer loop
      vertex -39.25 18.33 2.4
      vertex -36.7493 17.5286 2.4
      vertex -36.8206 17.6794 2.4
    endloop
  endfacet
  facet normal 0 0 1
    outer loop
      vertex -36.5641 -17.2515 2.4
      vertex -39.25 -18.33 2.4
      vertex -36.6635 -17.3855 2.4
    endloop
  endfacet
  facet normal 0 0 1
    outer loop
      vertex -39.25 18.33 2.4
      vertex -36.8206 17.6794 2.4
      vertex -36.8768 17.8365 2.4
    endloop
  endfacet
  facet normal 0 0 1
    outer loop
      vertex -36.6635 -17.3855 2.4
      vertex -39.25 -18.33 2.4
      vertex -36.7493 -17.5286 2.4
    endloop
  endfacet
  facet normal 0 0 1
    outer loop
      vertex -39.25 18.33 2.4
      vertex -36.8768 17.8365 2.4
      vertex -36.9173 17.9983 2.4
    endloop
  endfacet
  facet normal 0 0 1
    outer loop
      vertex -36.7493 -17.5286 2.4
      vertex -39.25 -18.33 2.4
      vertex -36.8206 -17.6794 2.4
    endloop
  endfacet
  facet normal 0 0 1
    outer loop
      vertex -39.25 18.33 2.4
      vertex -36.9173 17.9983 2.4
      vertex -36.9418 18.1634 2.4
    endloop
  endfacet
  facet normal 0 0 1
    outer loop
      vertex -36.8206 -17.6794 2.4
      vertex -39.25 -18.33 2.4
      vertex -36.8768 -17.8365 2.4
    endloop
  endfacet
  facet normal -0 0 1
    outer loop
      vertex -39.25 18.33 2.4
      vertex -36.9418 18.1634 2.4
      vertex -36.95 18.33 2.4
    endloop
  endfacet
  facet normal 0 0 1
    outer loop
      vertex -36.8768 -17.8365 2.4
      vertex -39.25 -18.33 2.4
      vertex -36.9173 -17.9983 2.4
    endloop
  endfacet
  facet normal 0 0 1
    outer loop
      vertex 36.8768 17.8365 2.4
      vertex 39.25 18.33 2.4
      vertex 36.9173 17.9983 2.4
    endloop
  endfacet
  facet normal 0 0 1
    outer loop
      vertex 39.25 -18.33 2.4
      vertex 36.9418 -18.1634 2.4
      vertex 36.95 -18.33 2.4
    endloop
  endfacet
  facet normal 0 0 1
    outer loop
      vertex 36.8206 17.6794 2.4
      vertex 39.25 18.33 2.4
      vertex 36.8768 17.8365 2.4
    endloop
  endfacet
  facet normal 0 0 1
    outer loop
      vertex 39.25 -18.33 2.4
      vertex 36.9173 -17.9983 2.4
      vertex 36.9418 -18.1634 2.4
    endloop
  endfacet
  facet normal 0 0 1
    outer loop
      vertex 36.7493 17.5286 2.4
      vertex 39.25 18.33 2.4
      vertex 36.8206 17.6794 2.4
    endloop
  endfacet
  facet normal 0 0 1
    outer loop
      vertex 39.25 -18.33 2.4
      vertex 36.8768 -17.8365 2.4
      vertex 36.9173 -17.9983 2.4
    endloop
  endfacet
  facet normal 0 0 1
    outer loop
      vertex 36.6635 17.3855 2.4
      vertex 39.25 18.33 2.4
      vertex 36.7493 17.5286 2.4
    endloop
  endfacet
  facet normal 0 0 1
    outer loop
      vertex 39.25 -18.33 2.4
      vertex 36.8206 -17.6794 2.4
      vertex 36.8768 -17.8365 2.4
    endloop
  endfacet
  facet normal 0 0 1
    outer loop
      vertex 36.5641 17.2515 2.4
      vertex 39.25 18.33 2.4
      vertex 36.6635 17.3855 2.4
    endloop
  endfacet
  facet normal 0 0 1
    outer loop
      vertex 39.25 -18.33 2.4
      vertex 36.7493 -17.5286 2.4
      vertex 36.8206 -17.6794 2.4
    endloop
  endfacet
  facet normal 0 0 1
    outer loop
      vertex 36.4521 17.1279 2.4
      vertex 39.25 18.33 2.4
      vertex 36.5641 17.2515 2.4
    endloop
  endfacet
  facet normal 0 0 1
    outer loop
      vertex 39.25 -18.33 2.4
      vertex 36.6635 -17.3855 2.4
      vertex 36.7493 -17.5286 2.4
    endloop
  endfacet
  facet normal 0 0 1
    outer loop
      vertex 36.3285 17.0159 2.4
      vertex 39.25 18.33 2.4
      vertex 36.4521 17.1279 2.4
    endloop
  endfacet
  facet normal 0 0 1
    outer loop
      vertex 39.25 -18.33 2.4
      vertex 36.5641 -17.2515 2.4
      vertex 36.6635 -17.3855 2.4
    endloop
  endfacet
  facet normal 0 0 1
    outer loop
      vertex 36.1945 16.9165 2.4
      vertex 39.25 18.33 2.4
      vertex 36.3285 17.0159 2.4
    endloop
  endfacet
  facet normal 0 0 1
    outer loop
      vertex 39.25 -18.33 2.4
      vertex 36.4521 -17.1279 2.4
      vertex 36.5641 -17.2515 2.4
    endloop
  endfacet
  facet normal 0 0 1
    outer loop
      vertex 36.0514 16.8307 2.4
      vertex 39.25 18.33 2.4
      vertex 36.1945 16.9165 2.4
    endloop
  endfacet
  facet normal 0 0 1
    outer loop
      vertex 39.25 -18.33 2.4
      vertex 36.3285 -17.0159 2.4
      vertex 36.4521 -17.1279 2.4
    endloop
  endfacet
  facet normal 0 0 1
    outer loop
      vertex 39.25 18.33 2.4
      vertex 36.0514 16.8307 2.4
      vertex 39.25 -18.33 2.4
    endloop
  endfacet
  facet normal 0 0 1
    outer loop
      vertex 39.25 -18.33 2.4
      vertex 36.1945 -16.9165 2.4
      vertex 36.3285 -17.0159 2.4
    endloop
  endfacet
  facet normal -0 0 1
    outer loop
      vertex 36.0514 -16.8307 2.4
      vertex 39.25 -18.33 2.4
      vertex 36.0514 16.8307 2.4
    endloop
  endfacet
  facet normal 0 0 1
    outer loop
      vertex 39.25 -18.33 2.4
      vertex 36.0514 -16.8307 2.4
      vertex 36.1945 -16.9165 2.4
    endloop
  endfacet
  facet normal -0 0 1
    outer loop
      vertex 35.9006 16.7594 2.4
      vertex 36.0514 -16.8307 2.4
      vertex 36.0514 16.8307 2.4
    endloop
  endfacet
  facet normal 0 0 1
    outer loop
      vertex 35.9006 16.7594 2.4
      vertex 35.9006 -16.7594 2.4
      vertex 36.0514 -16.8307 2.4
    endloop
  endfacet
  facet normal -0 0 1
    outer loop
      vertex 35.7435 16.7032 2.4
      vertex 35.9006 -16.7594 2.4
      vertex 35.9006 16.7594 2.4
    endloop
  endfacet
  facet normal 0 0 1
    outer loop
      vertex 35.7435 16.7032 2.4
      vertex 35.7435 -16.7032 2.4
      vertex 35.9006 -16.7594 2.4
    endloop
  endfacet
  facet normal -0 0 1
    outer loop
      vertex 35.5817 16.6627 2.4
      vertex 35.7435 -16.7032 2.4
      vertex 35.7435 16.7032 2.4
    endloop
  endfacet
  facet normal 0 0 1
    outer loop
      vertex 35.5817 16.6627 2.4
      vertex 35.5817 -16.6627 2.4
      vertex 35.7435 -16.7032 2.4
    endloop
  endfacet
  facet normal -0 0 1
    outer loop
      vertex 35.4166 16.6382 2.4
      vertex 35.5817 -16.6627 2.4
      vertex 35.5817 16.6627 2.4
    endloop
  endfacet
  facet normal 0 0 1
    outer loop
      vertex 35.4166 16.6382 2.4
      vertex 35.4166 -16.6382 2.4
      vertex 35.5817 -16.6627 2.4
    endloop
  endfacet
  facet normal -0 0 1
    outer loop
      vertex 35.25 16.63 2.4
      vertex 35.4166 -16.6382 2.4
      vertex 35.4166 16.6382 2.4
    endloop
  endfacet
  facet normal 0 0 1
    outer loop
      vertex 35.25 16.63 2.4
      vertex 35.25 -16.63 2.4
      vertex 35.4166 -16.6382 2.4
    endloop
  endfacet
  facet normal 0 0 1
    outer loop
      vertex 35.0834 16.6382 2.4
      vertex 35.25 -16.63 2.4
      vertex 35.25 16.63 2.4
    endloop
  endfacet
  facet normal 0 0 1
    outer loop
      vertex 35.0834 16.6382 2.4
      vertex 35.0834 -16.6382 2.4
      vertex 35.25 -16.63 2.4
    endloop
  endfacet
  facet normal 0 0 1
    outer loop
      vertex 34.9183 16.6627 2.4
      vertex 35.0834 -16.6382 2.4
      vertex 35.0834 16.6382 2.4
    endloop
  endfacet
  facet normal 0 0 1
    outer loop
      vertex 34.9183 16.6627 2.4
      vertex 34.9183 -16.6627 2.4
      vertex 35.0834 -16.6382 2.4
    endloop
  endfacet
  facet normal 0 0 1
    outer loop
      vertex 34.7565 16.7032 2.4
      vertex 34.9183 -16.6627 2.4
      vertex 34.9183 16.6627 2.4
    endloop
  endfacet
  facet normal 0 0 1
    outer loop
      vertex 34.7565 16.7032 2.4
      vertex 34.7565 -16.7032 2.4
      vertex 34.9183 -16.6627 2.4
    endloop
  endfacet
  facet normal 0 0 1
    outer loop
      vertex 34.5994 16.7594 2.4
      vertex 34.7565 -16.7032 2.4
      vertex 34.7565 16.7032 2.4
    endloop
  endfacet
  facet normal 0 0 1
    outer loop
      vertex 34.5994 16.7594 2.4
      vertex 34.5994 -16.7594 2.4
      vertex 34.7565 -16.7032 2.4
    endloop
  endfacet
  facet normal 0 0 1
    outer loop
      vertex 34.4486 16.8307 2.4
      vertex 34.5994 -16.7594 2.4
      vertex 34.5994 16.7594 2.4
    endloop
  endfacet
  facet normal 0 0 1
    outer loop
      vertex 34.4486 16.8307 2.4
      vertex 34.4486 -16.8307 2.4
      vertex 34.5994 -16.7594 2.4
    endloop
  endfacet
  facet normal 0 0 1
    outer loop
      vertex 34.3055 16.9165 2.4
      vertex 34.4486 -16.8307 2.4
      vertex 34.4486 16.8307 2.4
    endloop
  endfacet
  facet normal 0 0 1
    outer loop
      vertex 34.3055 16.9165 2.4
      vertex 34.3055 -16.9165 2.4
      vertex 34.4486 -16.8307 2.4
    endloop
  endfacet
  facet normal 0 0 1
    outer loop
      vertex 34.1715 17.0159 2.4
      vertex 34.3055 -16.9165 2.4
      vertex 34.3055 16.9165 2.4
    endloop
  endfacet
  facet normal 0 0 1
    outer loop
      vertex 34.1715 17.0159 2.4
      vertex 34.1715 -17.0159 2.4
      vertex 34.3055 -16.9165 2.4
    endloop
  endfacet
  facet normal 0 0 1
    outer loop
      vertex 5.5 14.33 2.4
      vertex 34.1715 17.0159 2.4
      vertex 34.0479 17.1279 2.4
    endloop
  endfacet
  facet normal 0 0 1
    outer loop
      vertex 34.1715 17.0159 2.4
      vertex 5.5 14.33 2.4
      vertex 34.1715 -17.0159 2.4
    endloop
  endfacet
  facet normal 0 0 1
    outer loop
      vertex 5.5 14.33 2.4
      vertex 34.0479 17.1279 2.4
      vertex 33.9359 17.2515 2.4
    endloop
  endfacet
  facet normal 0 0 1
    outer loop
      vertex 34.1715 -17.0159 2.4
      vertex 5.5 14.33 2.4
      vertex 34.0479 -17.1279 2.4
    endloop
  endfacet
  facet normal 0 0 1
    outer loop
      vertex 5.5 14.33 2.4
      vertex 33.9359 17.2515 2.4
      vertex 33.8365 17.3855 2.4
    endloop
  endfacet
  facet normal 0 0 1
    outer loop
      vertex 34.0479 -17.1279 2.4
      vertex 5.5 14.33 2.4
      vertex 33.9359 -17.2515 2.4
    endloop
  endfacet
  facet normal 0 0 1
    outer loop
      vertex 5.5 14.33 2.4
      vertex 33.8365 17.3855 2.4
      vertex 33.7507 17.5286 2.4
    endloop
  endfacet
  facet normal 0 0 1
    outer loop
      vertex 33.9359 -17.2515 2.4
      vertex 5.5 14.33 2.4
      vertex 33.8365 -17.3855 2.4
    endloop
  endfacet
  facet normal 0 0 1
    outer loop
      vertex 5.5 14.33 2.4
      vertex 33.7507 17.5286 2.4
      vertex 33.6794 17.6794 2.4
    endloop
  endfacet
  facet normal 0 0 1
    outer loop
      vertex 33.8365 -17.3855 2.4
      vertex 5.5 14.33 2.4
      vertex 33.7507 -17.5286 2.4
    endloop
  endfacet
  facet normal 0 0 1
    outer loop
      vertex 5.5 14.33 2.4
      vertex 33.6794 17.6794 2.4
      vertex 33.6232 17.8365 2.4
    endloop
  endfacet
  facet normal 0 0 1
    outer loop
      vertex 33.7507 -17.5286 2.4
      vertex 5.5 14.33 2.4
      vertex 33.6794 -17.6794 2.4
    endloop
  endfacet
  facet normal 0 0 1
    outer loop
      vertex 5.5 14.33 2.4
      vertex 33.6232 17.8365 2.4
      vertex 33.5827 17.9983 2.4
    endloop
  endfacet
  facet normal 0 0 1
    outer loop
      vertex 33.6794 -17.6794 2.4
      vertex 5.5 14.33 2.4
      vertex 33.6232 -17.8365 2.4
    endloop
  endfacet
  facet normal 0 0 1
    outer loop
      vertex 5.5 14.33 2.4
      vertex 33.5827 17.9983 2.4
      vertex 33.5582 18.1634 2.4
    endloop
  endfacet
  facet normal 0 0 1
    outer loop
      vertex 33.6232 -17.8365 2.4
      vertex 5.5 14.33 2.4
      vertex 33.5827 -17.9983 2.4
    endloop
  endfacet
  facet normal 0 0 1
    outer loop
      vertex 5.5 20.33 2.4
      vertex 33.5582 18.1634 2.4
      vertex 33.55 18.33 2.4
    endloop
  endfacet
  facet normal 0 0 1
    outer loop
      vertex 33.5827 -17.9983 2.4
      vertex 5.5 14.33 2.4
      vertex 33.5582 -18.1634 2.4
    endloop
  endfacet
  facet normal 0 0 1
    outer loop
      vertex 36.95 18.33 2.4
      vertex 39.25 18.33 2.4
      vertex 39.2307 18.7221 2.4
    endloop
  endfacet
  facet normal 0 0 1
    outer loop
      vertex 36.9418 18.1634 2.4
      vertex 39.25 18.33 2.4
      vertex 36.95 18.33 2.4
    endloop
  endfacet
  facet normal 0 0 1
    outer loop
      vertex 36.9418 18.4966 2.4
      vertex 39.2307 18.7221 2.4
      vertex 39.1731 19.1104 2.4
    endloop
  endfacet
  facet normal 0 0 1
    outer loop
      vertex 36.9173 17.9983 2.4
      vertex 39.25 18.33 2.4
      vertex 36.9418 18.1634 2.4
    endloop
  endfacet
  facet normal 0 0 1
    outer loop
      vertex 36.9173 18.6617 2.4
      vertex 39.1731 19.1104 2.4
      vertex 39.0778 19.4911 2.4
    endloop
  endfacet
  facet normal 0 0 1
    outer loop
      vertex 39.25 -18.33 2.4
      vertex 36.95 -18.33 2.4
      vertex 39.2307 -18.7221 2.4
    endloop
  endfacet
  facet normal 0 0 1
    outer loop
      vertex 36.8768 18.8235 2.4
      vertex 39.0778 19.4911 2.4
      vertex 38.9455 19.8607 2.4
    endloop
  endfacet
  facet normal -0 0 1
    outer loop
      vertex 36.9418 -18.4966 2.4
      vertex 39.2307 -18.7221 2.4
      vertex 36.95 -18.33 2.4
    endloop
  endfacet
  facet normal 0 0 1
    outer loop
      vertex 36.8206 18.9806 2.4
      vertex 38.9455 19.8607 2.4
      vertex 38.7777 20.2156 2.4
    endloop
  endfacet
  facet normal 0 0 1
    outer loop
      vertex 39.2307 -18.7221 2.4
      vertex 36.9418 -18.4966 2.4
      vertex 39.1731 -19.1104 2.4
    endloop
  endfacet
  facet normal 0 0 1
    outer loop
      vertex 36.7493 19.1314 2.4
      vertex 38.7777 20.2156 2.4
      vertex 38.5759 20.5523 2.4
    endloop
  endfacet
  facet normal -0 0 1
    outer loop
      vertex 36.9173 -18.6617 2.4
      vertex 39.1731 -19.1104 2.4
      vertex 36.9418 -18.4966 2.4
    endloop
  endfacet
  facet normal 0 0 1
    outer loop
      vertex 36.6635 19.2745 2.4
      vertex 38.5759 20.5523 2.4
      vertex 38.342 20.8676 2.4
    endloop
  endfacet
  facet normal 0 0 1
    outer loop
      vertex 39.1731 -19.1104 2.4
      vertex 36.9173 -18.6617 2.4
      vertex 39.0778 -19.4911 2.4
    endloop
  endfacet
  facet normal 0 0 1
    outer loop
      vertex 36.5641 19.4085 2.4
      vertex 38.342 20.8676 2.4
      vertex 38.0784 21.1584 2.4
    endloop
  endfacet
  facet normal -0 0 1
    outer loop
      vertex 36.8768 -18.8235 2.4
      vertex 39.0778 -19.4911 2.4
      vertex 36.9173 -18.6617 2.4
    endloop
  endfacet
  facet normal 0 0 1
    outer loop
      vertex 36.4521 19.5321 2.4
      vertex 38.0784 21.1584 2.4
      vertex 37.7876 21.422 2.4
    endloop
  endfacet
  facet normal 0 0 1
    outer loop
      vertex 39.0778 -19.4911 2.4
      vertex 36.8768 -18.8235 2.4
      vertex 38.9455 -19.8607 2.4
    endloop
  endfacet
  facet normal 0 0 1
    outer loop
      vertex 36.3285 19.6441 2.4
      vertex 37.7876 21.422 2.4
      vertex 37.4723 21.6559 2.4
    endloop
  endfacet
  facet normal -0 0 1
    outer loop
      vertex 36.8206 -18.9806 2.4
      vertex 38.9455 -19.8607 2.4
      vertex 36.8768 -18.8235 2.4
    endloop
  endfacet
  facet normal 0 0 1
    outer loop
      vertex 36.1945 19.7435 2.4
      vertex 37.4723 21.6559 2.4
      vertex 37.1356 21.8577 2.4
    endloop
  endfacet
  facet normal 0 0 1
    outer loop
      vertex 38.9455 -19.8607 2.4
      vertex 36.8206 -18.9806 2.4
      vertex 38.7777 -20.2156 2.4
    endloop
  endfacet
  facet normal -0 0 1
    outer loop
      vertex 36.7493 -19.1314 2.4
      vertex 38.7777 -20.2156 2.4
      vertex 36.8206 -18.9806 2.4
    endloop
  endfacet
  facet normal 0 0 1
    outer loop
      vertex 39.2307 18.7221 2.4
      vertex 36.9418 18.4966 2.4
      vertex 36.95 18.33 2.4
    endloop
  endfacet
  facet normal 0 0 1
    outer loop
      vertex 39.1731 19.1104 2.4
      vertex 36.9173 18.6617 2.4
      vertex 36.9418 18.4966 2.4
    endloop
  endfacet
  facet normal 0 0 1
    outer loop
      vertex 39.0778 19.4911 2.4
      vertex 36.8768 18.8235 2.4
      vertex 36.9173 18.6617 2.4
    endloop
  endfacet
  facet normal 0 0 1
    outer loop
      vertex 38.9455 19.8607 2.4
      vertex 36.8206 18.9806 2.4
      vertex 36.8768 18.8235 2.4
    endloop
  endfacet
  facet normal 0 0 1
    outer loop
      vertex 36.0514 19.8293 2.4
      vertex 37.1356 21.8577 2.4
      vertex 36.7807 22.0255 2.4
    endloop
  endfacet
  facet normal 0 0 1
    outer loop
      vertex 38.7777 20.2156 2.4
      vertex 36.7493 19.1314 2.4
      vertex 36.8206 18.9806 2.4
    endloop
  endfacet
  facet normal 0 0 1
    outer loop
      vertex 38.5759 20.5523 2.4
      vertex 36.6635 19.2745 2.4
      vertex 36.7493 19.1314 2.4
    endloop
  endfacet
  facet normal 0 0 1
    outer loop
      vertex 38.342 20.8676 2.4
      vertex 36.5641 19.4085 2.4
      vertex 36.6635 19.2745 2.4
    endloop
  endfacet
  facet normal 0 0 1
    outer loop
      vertex 38.0784 21.1584 2.4
      vertex 36.4521 19.5321 2.4
      vertex 36.5641 19.4085 2.4
    endloop
  endfacet
  facet normal 0 0 1
    outer loop
      vertex 35.9006 19.9006 2.4
      vertex 36.7807 22.0255 2.4
      vertex 36.4111 22.1578 2.4
    endloop
  endfacet
  facet normal 0 0 1
    outer loop
      vertex 37.7876 21.422 2.4
      vertex 36.3285 19.6441 2.4
      vertex 36.4521 19.5321 2.4
    endloop
  endfacet
  facet normal 0 0 1
    outer loop
      vertex 37.4723 21.6559 2.4
      vertex 36.1945 19.7435 2.4
      vertex 36.3285 19.6441 2.4
    endloop
  endfacet
  facet normal 0 0 1
    outer loop
      vertex 37.1356 21.8577 2.4
      vertex 36.0514 19.8293 2.4
      vertex 36.1945 19.7435 2.4
    endloop
  endfacet
  facet normal 0 0 1
    outer loop
      vertex 35.7435 19.9568 2.4
      vertex 36.4111 22.1578 2.4
      vertex 36.0304 22.2531 2.4
    endloop
  endfacet
  facet normal 0 0 1
    outer loop
      vertex 36.7807 22.0255 2.4
      vertex 35.9006 19.9006 2.4
      vertex 36.0514 19.8293 2.4
    endloop
  endfacet
  facet normal 0 0 1
    outer loop
      vertex 36.4111 22.1578 2.4
      vertex 35.7435 19.9568 2.4
      vertex 35.9006 19.9006 2.4
    endloop
  endfacet
  facet normal 0 0 1
    outer loop
      vertex 35.5817 19.9973 2.4
      vertex 36.0304 22.2531 2.4
      vertex 35.6421 22.3107 2.4
    endloop
  endfacet
  facet normal 0 0 1
    outer loop
      vertex 36.0304 22.2531 2.4
      vertex 35.5817 19.9973 2.4
      vertex 35.7435 19.9568 2.4
    endloop
  endfacet
  facet normal 0 0 1
    outer loop
      vertex 35.6421 22.3107 2.4
      vertex 35.4166 20.0218 2.4
      vertex 35.5817 19.9973 2.4
    endloop
  endfacet
  facet normal 0 0 1
    outer loop
      vertex 35.25 22.33 2.4
      vertex 35.4166 20.0218 2.4
      vertex 35.6421 22.3107 2.4
    endloop
  endfacet
  facet normal 0 0 1
    outer loop
      vertex 35.25 22.33 2.4
      vertex 35.25 20.03 2.4
      vertex 35.4166 20.0218 2.4
    endloop
  endfacet
  facet normal 0 0 1
    outer loop
      vertex 35.25 22.33 2.4
      vertex 35.0834 20.0218 2.4
      vertex 35.25 20.03 2.4
    endloop
  endfacet
  facet normal 0 0 1
    outer loop
      vertex 35.25 22.33 2.4
      vertex 34.9183 19.9973 2.4
      vertex 35.0834 20.0218 2.4
    endloop
  endfacet
  facet normal 0 0 1
    outer loop
      vertex 35.25 22.33 2.4
      vertex 34.7565 19.9568 2.4
      vertex 34.9183 19.9973 2.4
    endloop
  endfacet
  facet normal 0 0 1
    outer loop
      vertex 35.25 22.33 2.4
      vertex 34.5994 19.9006 2.4
      vertex 34.7565 19.9568 2.4
    endloop
  endfacet
  facet normal 0 0 1
    outer loop
      vertex 35.25 22.33 2.4
      vertex 34.4486 19.8293 2.4
      vertex 34.5994 19.9006 2.4
    endloop
  endfacet
  facet normal 0 0 1
    outer loop
      vertex 35.25 22.33 2.4
      vertex 34.3055 19.7435 2.4
      vertex 34.4486 19.8293 2.4
    endloop
  endfacet
  facet normal 0 0 1
    outer loop
      vertex 35.25 22.33 2.4
      vertex 34.1715 19.6441 2.4
      vertex 34.3055 19.7435 2.4
    endloop
  endfacet
  facet normal 0 0 1
    outer loop
      vertex 35.25 22.33 2.4
      vertex 34.0479 19.5321 2.4
      vertex 34.1715 19.6441 2.4
    endloop
  endfacet
  facet normal 0 0 1
    outer loop
      vertex 35.25 22.33 2.4
      vertex 33.9359 19.4085 2.4
      vertex 34.0479 19.5321 2.4
    endloop
  endfacet
  facet normal 0 0 1
    outer loop
      vertex 35.25 22.33 2.4
      vertex 33.8365 19.2745 2.4
      vertex 33.9359 19.4085 2.4
    endloop
  endfacet
  facet normal 0 0 1
    outer loop
      vertex 35.25 22.33 2.4
      vertex 33.7507 19.1314 2.4
      vertex 33.8365 19.2745 2.4
    endloop
  endfacet
  facet normal -0 0 1
    outer loop
      vertex 5.5 20.33 2.4
      vertex 33.7507 19.1314 2.4
      vertex 35.25 22.33 2.4
    endloop
  endfacet
  facet normal 0 0 1
    outer loop
      vertex 33.5582 18.1634 2.4
      vertex 5.5 20.33 2.4
      vertex 5.5 14.33 2.4
    endloop
  endfacet
  facet normal 0 0 1
    outer loop
      vertex 33.5582 18.4966 2.4
      vertex 5.5 20.33 2.4
      vertex 33.55 18.33 2.4
    endloop
  endfacet
  facet normal 0 0 1
    outer loop
      vertex 33.5827 18.6617 2.4
      vertex 5.5 20.33 2.4
      vertex 33.5582 18.4966 2.4
    endloop
  endfacet
  facet normal 0 0 1
    outer loop
      vertex 33.6232 18.8235 2.4
      vertex 5.5 20.33 2.4
      vertex 33.5827 18.6617 2.4
    endloop
  endfacet
  facet normal 0 0 1
    outer loop
      vertex 33.6794 18.9806 2.4
      vertex 5.5 20.33 2.4
      vertex 33.6232 18.8235 2.4
    endloop
  endfacet
  facet normal 0 0 1
    outer loop
      vertex 33.7507 19.1314 2.4
      vertex 5.5 20.33 2.4
      vertex 33.6794 18.9806 2.4
    endloop
  endfacet
  facet normal 0 0 1
    outer loop
      vertex 35.25 22.33 2.4
      vertex -5.5 20.33 2.4
      vertex 5.5 20.33 2.4
    endloop
  endfacet
  facet normal 0 0 1
    outer loop
      vertex -33.5582 18.1634 2.4
      vertex -5.5 20.33 2.4
      vertex -33.55 18.33 2.4
    endloop
  endfacet
  facet normal 0 0 1
    outer loop
      vertex -5.5 20.33 2.4
      vertex -33.5582 18.4966 2.4
      vertex -33.55 18.33 2.4
    endloop
  endfacet
  facet normal 0 0 1
    outer loop
      vertex -5.5 20.33 2.4
      vertex -33.5827 18.6617 2.4
      vertex -33.5582 18.4966 2.4
    endloop
  endfacet
  facet normal 0 0 1
    outer loop
      vertex -5.5 20.33 2.4
      vertex -33.6232 18.8235 2.4
      vertex -33.5827 18.6617 2.4
    endloop
  endfacet
  facet normal 0 0 1
    outer loop
      vertex -5.5 20.33 2.4
      vertex -33.6794 18.9806 2.4
      vertex -33.6232 18.8235 2.4
    endloop
  endfacet
  facet normal -0 0 1
    outer loop
      vertex -35.25 22.33 2.4
      vertex -5.5 20.33 2.4
      vertex 35.25 22.33 2.4
    endloop
  endfacet
  facet normal 0 0 1
    outer loop
      vertex -5.5 20.33 2.4
      vertex -33.7507 19.1314 2.4
      vertex -33.6794 18.9806 2.4
    endloop
  endfacet
  facet normal 0 0 1
    outer loop
      vertex -5.5 20.33 2.4
      vertex -35.25 22.33 2.4
      vertex -33.7507 19.1314 2.4
    endloop
  endfacet
  facet normal 0 0 1
    outer loop
      vertex -33.7507 19.1314 2.4
      vertex -35.25 22.33 2.4
      vertex -33.8365 19.2745 2.4
    endloop
  endfacet
  facet normal 0 0 1
    outer loop
      vertex -33.8365 19.2745 2.4
      vertex -35.25 22.33 2.4
      vertex -33.9359 19.4085 2.4
    endloop
  endfacet
  facet normal 0 0 1
    outer loop
      vertex -33.9359 19.4085 2.4
      vertex -35.25 22.33 2.4
      vertex -34.0479 19.5321 2.4
    endloop
  endfacet
  facet normal 0 0 1
    outer loop
      vertex -34.0479 19.5321 2.4
      vertex -35.25 22.33 2.4
      vertex -34.1715 19.6441 2.4
    endloop
  endfacet
  facet normal 0 0 1
    outer loop
      vertex -34.1715 19.6441 2.4
      vertex -35.25 22.33 2.4
      vertex -34.3055 19.7435 2.4
    endloop
  endfacet
  facet normal 0 0 1
    outer loop
      vertex -34.3055 19.7435 2.4
      vertex -35.25 22.33 2.4
      vertex -34.4486 19.8293 2.4
    endloop
  endfacet
  facet normal 0 0 1
    outer loop
      vertex -34.4486 19.8293 2.4
      vertex -35.25 22.33 2.4
      vertex -34.5994 19.9006 2.4
    endloop
  endfacet
  facet normal 0 0 1
    outer loop
      vertex -34.5994 19.9006 2.4
      vertex -35.25 22.33 2.4
      vertex -34.7565 19.9568 2.4
    endloop
  endfacet
  facet normal 0 0 1
    outer loop
      vertex -34.7565 19.9568 2.4
      vertex -35.25 22.33 2.4
      vertex -34.9183 19.9973 2.4
    endloop
  endfacet
  facet normal 0 0 1
    outer loop
      vertex -34.9183 19.9973 2.4
      vertex -35.25 22.33 2.4
      vertex -35.0834 20.0218 2.4
    endloop
  endfacet
  facet normal 0 0 1
    outer loop
      vertex -35.25 22.33 2.4
      vertex -35.25 20.03 2.4
      vertex -35.0834 20.0218 2.4
    endloop
  endfacet
  facet normal 0 0 1
    outer loop
      vertex -35.25 22.33 2.4
      vertex -35.4166 20.0218 2.4
      vertex -35.25 20.03 2.4
    endloop
  endfacet
  facet normal -0 0 1
    outer loop
      vertex -35.6421 22.3107 2.4
      vertex -35.4166 20.0218 2.4
      vertex -35.25 22.33 2.4
    endloop
  endfacet
  facet normal 0 0 1
    outer loop
      vertex -35.4166 20.0218 2.4
      vertex -35.6421 22.3107 2.4
      vertex -35.5817 19.9973 2.4
    endloop
  endfacet
  facet normal -0 0 1
    outer loop
      vertex -36.0304 22.2531 2.4
      vertex -35.5817 19.9973 2.4
      vertex -35.6421 22.3107 2.4
    endloop
  endfacet
  facet normal 0 0 1
    outer loop
      vertex -35.5817 19.9973 2.4
      vertex -36.0304 22.2531 2.4
      vertex -35.7435 19.9568 2.4
    endloop
  endfacet
  facet normal -0 0 1
    outer loop
      vertex -36.4111 22.1578 2.4
      vertex -35.7435 19.9568 2.4
      vertex -36.0304 22.2531 2.4
    endloop
  endfacet
  facet normal 0 0 1
    outer loop
      vertex -35.7435 19.9568 2.4
      vertex -36.4111 22.1578 2.4
      vertex -35.9006 19.9006 2.4
    endloop
  endfacet
  facet normal -0 0 1
    outer loop
      vertex -36.7807 22.0255 2.4
      vertex -35.9006 19.9006 2.4
      vertex -36.4111 22.1578 2.4
    endloop
  endfacet
  facet normal 0 0 1
    outer loop
      vertex -35.9006 19.9006 2.4
      vertex -36.7807 22.0255 2.4
      vertex -36.0514 19.8293 2.4
    endloop
  endfacet
  facet normal -0 0 1
    outer loop
      vertex -37.1356 21.8577 2.4
      vertex -36.0514 19.8293 2.4
      vertex -36.7807 22.0255 2.4
    endloop
  endfacet
  facet normal 0 0 1
    outer loop
      vertex -36.0514 19.8293 2.4
      vertex -37.1356 21.8577 2.4
      vertex -36.1945 19.7435 2.4
    endloop
  endfacet
  facet normal -0 0 1
    outer loop
      vertex -37.4723 21.6559 2.4
      vertex -36.1945 19.7435 2.4
      vertex -37.1356 21.8577 2.4
    endloop
  endfacet
  facet normal 0 0 1
    outer loop
      vertex -36.1945 19.7435 2.4
      vertex -37.4723 21.6559 2.4
      vertex -36.3285 19.6441 2.4
    endloop
  endfacet
  facet normal -0 0 1
    outer loop
      vertex -37.7876 21.422 2.4
      vertex -36.3285 19.6441 2.4
      vertex -37.4723 21.6559 2.4
    endloop
  endfacet
  facet normal 0 0 1
    outer loop
      vertex -36.3285 19.6441 2.4
      vertex -37.7876 21.422 2.4
      vertex -36.4521 19.5321 2.4
    endloop
  endfacet
  facet normal -0 0 1
    outer loop
      vertex -38.0784 21.1584 2.4
      vertex -36.4521 19.5321 2.4
      vertex -37.7876 21.422 2.4
    endloop
  endfacet
  facet normal 0 0 1
    outer loop
      vertex -36.4521 19.5321 2.4
      vertex -38.0784 21.1584 2.4
      vertex -36.5641 19.4085 2.4
    endloop
  endfacet
  facet normal -0 0 1
    outer loop
      vertex -38.342 20.8676 2.4
      vertex -36.5641 19.4085 2.4
      vertex -38.0784 21.1584 2.4
    endloop
  endfacet
  facet normal 0 0 1
    outer loop
      vertex -36.5641 19.4085 2.4
      vertex -38.342 20.8676 2.4
      vertex -36.6635 19.2745 2.4
    endloop
  endfacet
  facet normal -0 0 1
    outer loop
      vertex -38.5759 20.5523 2.4
      vertex -36.6635 19.2745 2.4
      vertex -38.342 20.8676 2.4
    endloop
  endfacet
  facet normal -0 0 1
    outer loop
      vertex -38.7777 20.2156 2.4
      vertex -36.7493 19.1314 2.4
      vertex -38.5759 20.5523 2.4
    endloop
  endfacet
  facet normal 0 0 1
    outer loop
      vertex -36.6635 19.2745 2.4
      vertex -38.5759 20.5523 2.4
      vertex -36.7493 19.1314 2.4
    endloop
  endfacet
  facet normal 0 0 1
    outer loop
      vertex 38.7777 -20.2156 2.4
      vertex 36.7493 -19.1314 2.4
      vertex 38.5759 -20.5523 2.4
    endloop
  endfacet
  facet normal -0 0 1
    outer loop
      vertex 36.6635 -19.2745 2.4
      vertex 38.5759 -20.5523 2.4
      vertex 36.7493 -19.1314 2.4
    endloop
  endfacet
  facet normal 0 0 1
    outer loop
      vertex 38.5759 -20.5523 2.4
      vertex 36.6635 -19.2745 2.4
      vertex 38.342 -20.8676 2.4
    endloop
  endfacet
  facet normal -0 0 1
    outer loop
      vertex 36.5641 -19.4085 2.4
      vertex 38.342 -20.8676 2.4
      vertex 36.6635 -19.2745 2.4
    endloop
  endfacet
  facet normal 0 0 1
    outer loop
      vertex 38.342 -20.8676 2.4
      vertex 36.5641 -19.4085 2.4
      vertex 38.0784 -21.1584 2.4
    endloop
  endfacet
  facet normal -0 0 1
    outer loop
      vertex 36.4521 -19.5321 2.4
      vertex 38.0784 -21.1584 2.4
      vertex 36.5641 -19.4085 2.4
    endloop
  endfacet
  facet normal 0 0 1
    outer loop
      vertex 38.0784 -21.1584 2.4
      vertex 36.4521 -19.5321 2.4
      vertex 37.7876 -21.422 2.4
    endloop
  endfacet
  facet normal -0 0 1
    outer loop
      vertex 36.3285 -19.6441 2.4
      vertex 37.7876 -21.422 2.4
      vertex 36.4521 -19.5321 2.4
    endloop
  endfacet
  facet normal 0 0 1
    outer loop
      vertex 37.7876 -21.422 2.4
      vertex 36.3285 -19.6441 2.4
      vertex 37.4723 -21.6559 2.4
    endloop
  endfacet
  facet normal -0 0 1
    outer loop
      vertex 36.1945 -19.7435 2.4
      vertex 37.4723 -21.6559 2.4
      vertex 36.3285 -19.6441 2.4
    endloop
  endfacet
  facet normal 0 0 1
    outer loop
      vertex 37.4723 -21.6559 2.4
      vertex 36.1945 -19.7435 2.4
      vertex 37.1356 -21.8577 2.4
    endloop
  endfacet
  facet normal -0 0 1
    outer loop
      vertex 36.0514 -19.8293 2.4
      vertex 37.1356 -21.8577 2.4
      vertex 36.1945 -19.7435 2.4
    endloop
  endfacet
  facet normal 0 0 1
    outer loop
      vertex 37.1356 -21.8577 2.4
      vertex 36.0514 -19.8293 2.4
      vertex 36.7807 -22.0255 2.4
    endloop
  endfacet
  facet normal -0 0 1
    outer loop
      vertex 35.9006 -19.9006 2.4
      vertex 36.7807 -22.0255 2.4
      vertex 36.0514 -19.8293 2.4
    endloop
  endfacet
  facet normal 0 0 1
    outer loop
      vertex 36.7807 -22.0255 2.4
      vertex 35.9006 -19.9006 2.4
      vertex 36.4111 -22.1578 2.4
    endloop
  endfacet
  facet normal -0 0 1
    outer loop
      vertex 35.7435 -19.9568 2.4
      vertex 36.4111 -22.1578 2.4
      vertex 35.9006 -19.9006 2.4
    endloop
  endfacet
  facet normal 0 0 1
    outer loop
      vertex 36.4111 -22.1578 2.4
      vertex 35.7435 -19.9568 2.4
      vertex 36.0304 -22.2531 2.4
    endloop
  endfacet
  facet normal -0 0 1
    outer loop
      vertex 35.5817 -19.9973 2.4
      vertex 36.0304 -22.2531 2.4
      vertex 35.7435 -19.9568 2.4
    endloop
  endfacet
  facet normal 0 0 1
    outer loop
      vertex 36.0304 -22.2531 2.4
      vertex 35.5817 -19.9973 2.4
      vertex 35.6421 -22.3107 2.4
    endloop
  endfacet
  facet normal -0 0 1
    outer loop
      vertex 35.4166 -20.0218 2.4
      vertex 35.6421 -22.3107 2.4
      vertex 35.5817 -19.9973 2.4
    endloop
  endfacet
  facet normal -0 0 1
    outer loop
      vertex 35.25 -20.03 2.4
      vertex 35.6421 -22.3107 2.4
      vertex 35.4166 -20.0218 2.4
    endloop
  endfacet
  facet normal 0 0 1
    outer loop
      vertex 35.25 -20.03 2.4
      vertex 35.25 -22.33 2.4
      vertex 35.6421 -22.3107 2.4
    endloop
  endfacet
  facet normal 0 0 1
    outer loop
      vertex 35.0834 -20.0218 2.4
      vertex 35.25 -22.33 2.4
      vertex 35.25 -20.03 2.4
    endloop
  endfacet
  facet normal 0 0 1
    outer loop
      vertex 34.9183 -19.9973 2.4
      vertex 35.25 -22.33 2.4
      vertex 35.0834 -20.0218 2.4
    endloop
  endfacet
  facet normal 0 0 1
    outer loop
      vertex 34.7565 -19.9568 2.4
      vertex 35.25 -22.33 2.4
      vertex 34.9183 -19.9973 2.4
    endloop
  endfacet
  facet normal 0 0 1
    outer loop
      vertex 34.5994 -19.9006 2.4
      vertex 35.25 -22.33 2.4
      vertex 34.7565 -19.9568 2.4
    endloop
  endfacet
  facet normal 0 0 1
    outer loop
      vertex 34.4486 -19.8293 2.4
      vertex 35.25 -22.33 2.4
      vertex 34.5994 -19.9006 2.4
    endloop
  endfacet
  facet normal 0 0 1
    outer loop
      vertex 34.3055 -19.7435 2.4
      vertex 35.25 -22.33 2.4
      vertex 34.4486 -19.8293 2.4
    endloop
  endfacet
  facet normal 0 0 1
    outer loop
      vertex 34.1715 -19.6441 2.4
      vertex 35.25 -22.33 2.4
      vertex 34.3055 -19.7435 2.4
    endloop
  endfacet
  facet normal 0 0 1
    outer loop
      vertex 34.0479 -19.5321 2.4
      vertex 35.25 -22.33 2.4
      vertex 34.1715 -19.6441 2.4
    endloop
  endfacet
  facet normal 0 0 1
    outer loop
      vertex 33.9359 -19.4085 2.4
      vertex 35.25 -22.33 2.4
      vertex 34.0479 -19.5321 2.4
    endloop
  endfacet
  facet normal 0 0 1
    outer loop
      vertex 33.8365 -19.2745 2.4
      vertex 35.25 -22.33 2.4
      vertex 33.9359 -19.4085 2.4
    endloop
  endfacet
  facet normal 0 0 1
    outer loop
      vertex 33.7507 -19.1314 2.4
      vertex 35.25 -22.33 2.4
      vertex 33.8365 -19.2745 2.4
    endloop
  endfacet
  facet normal 0 0 1
    outer loop
      vertex -33.7507 -19.1314 2.4
      vertex 33.7507 -19.1314 2.4
      vertex 33.6794 -18.9806 2.4
    endloop
  endfacet
  facet normal 0 0 1
    outer loop
      vertex 33.5582 -18.1634 2.4
      vertex 5.5 14.33 2.4
      vertex 33.55 -18.33 2.4
    endloop
  endfacet
  facet normal 0 0 1
    outer loop
      vertex -33.55 -18.33 2.4
      vertex 33.55 -18.33 2.4
      vertex 5.5 14.33 2.4
    endloop
  endfacet
  facet normal 0 0 1
    outer loop
      vertex 33.55 -18.33 2.4
      vertex -33.55 -18.33 2.4
      vertex 33.5582 -18.4966 2.4
    endloop
  endfacet
  facet normal 0 0 1
    outer loop
      vertex -33.5582 -18.4966 2.4
      vertex 33.5582 -18.4966 2.4
      vertex -33.55 -18.33 2.4
    endloop
  endfacet
  facet normal 0 0 1
    outer loop
      vertex 33.5582 -18.4966 2.4
      vertex -33.5582 -18.4966 2.4
      vertex 33.5827 -18.6617 2.4
    endloop
  endfacet
  facet normal 0 0 1
    outer loop
      vertex -33.5827 -18.6617 2.4
      vertex 33.5827 -18.6617 2.4
      vertex -33.5582 -18.4966 2.4
    endloop
  endfacet
  facet normal 0 0 1
    outer loop
      vertex -33.55 -18.33 2.4
      vertex 5.5 14.33 2.4
      vertex -5.5 14.33 2.4
    endloop
  endfacet
  facet normal 0 0 1
    outer loop
      vertex -5.5 20.33 2.4
      vertex -33.5582 18.1634 2.4
      vertex -5.5 14.33 2.4
    endloop
  endfacet
  facet normal 0 0 1
    outer loop
      vertex 33.5827 -18.6617 2.4
      vertex -33.5827 -18.6617 2.4
      vertex 33.6232 -18.8235 2.4
    endloop
  endfacet
  facet normal 0 0 1
    outer loop
      vertex -33.6232 -18.8235 2.4
      vertex 33.6232 -18.8235 2.4
      vertex -33.5827 -18.6617 2.4
    endloop
  endfacet
  facet normal 0 0 1
    outer loop
      vertex 33.6232 -18.8235 2.4
      vertex -33.6232 -18.8235 2.4
      vertex 33.6794 -18.9806 2.4
    endloop
  endfacet
  facet normal 0 0 1
    outer loop
      vertex -33.6794 -18.9806 2.4
      vertex 33.6794 -18.9806 2.4
      vertex -33.6232 -18.8235 2.4
    endloop
  endfacet
  facet normal 0 0 1
    outer loop
      vertex -33.7507 -19.1314 2.4
      vertex 33.6794 -18.9806 2.4
      vertex -33.6794 -18.9806 2.4
    endloop
  endfacet
  facet normal 0 0 1
    outer loop
      vertex 33.7507 -19.1314 2.4
      vertex -33.7507 -19.1314 2.4
      vertex 35.25 -22.33 2.4
    endloop
  endfacet
  facet normal 0 0 1
    outer loop
      vertex -35.25 -22.33 2.4
      vertex -33.7507 -19.1314 2.4
      vertex -33.8365 -19.2745 2.4
    endloop
  endfacet
  facet normal 0 0 1
    outer loop
      vertex -35.25 -22.33 2.4
      vertex -33.8365 -19.2745 2.4
      vertex -33.9359 -19.4085 2.4
    endloop
  endfacet
  facet normal 0 0 1
    outer loop
      vertex -35.25 -22.33 2.4
      vertex -33.9359 -19.4085 2.4
      vertex -34.0479 -19.5321 2.4
    endloop
  endfacet
  facet normal 0 0 1
    outer loop
      vertex -35.25 -22.33 2.4
      vertex -34.0479 -19.5321 2.4
      vertex -34.1715 -19.6441 2.4
    endloop
  endfacet
  facet normal 0 0 1
    outer loop
      vertex -35.25 -22.33 2.4
      vertex -34.1715 -19.6441 2.4
      vertex -34.3055 -19.7435 2.4
    endloop
  endfacet
  facet normal 0 0 1
    outer loop
      vertex -35.25 -22.33 2.4
      vertex -34.3055 -19.7435 2.4
      vertex -34.4486 -19.8293 2.4
    endloop
  endfacet
  facet normal 0 0 1
    outer loop
      vertex -35.25 -22.33 2.4
      vertex -34.4486 -19.8293 2.4
      vertex -34.5994 -19.9006 2.4
    endloop
  endfacet
  facet normal 0 0 1
    outer loop
      vertex -35.25 -22.33 2.4
      vertex -34.5994 -19.9006 2.4
      vertex -34.7565 -19.9568 2.4
    endloop
  endfacet
  facet normal 0 0 1
    outer loop
      vertex -35.25 -22.33 2.4
      vertex -34.7565 -19.9568 2.4
      vertex -34.9183 -19.9973 2.4
    endloop
  endfacet
  facet normal 0 0 1
    outer loop
      vertex -35.25 -22.33 2.4
      vertex -34.9183 -19.9973 2.4
      vertex -35.0834 -20.0218 2.4
    endloop
  endfacet
  facet normal 0 0 1
    outer loop
      vertex -35.25 -22.33 2.4
      vertex -35.0834 -20.0218 2.4
      vertex -35.25 -20.03 2.4
    endloop
  endfacet
  facet normal 0 0 1
    outer loop
      vertex -33.7507 -19.1314 2.4
      vertex -35.25 -22.33 2.4
      vertex 35.25 -22.33 2.4
    endloop
  endfacet
  facet normal 0 0 1
    outer loop
      vertex -35.4166 -20.0218 2.4
      vertex -35.25 -22.33 2.4
      vertex -35.25 -20.03 2.4
    endloop
  endfacet
  facet normal 0 0 1
    outer loop
      vertex -35.6421 -22.3107 2.4
      vertex -35.4166 -20.0218 2.4
      vertex -35.5817 -19.9973 2.4
    endloop
  endfacet
  facet normal 0 0 1
    outer loop
      vertex -35.4166 -20.0218 2.4
      vertex -35.6421 -22.3107 2.4
      vertex -35.25 -22.33 2.4
    endloop
  endfacet
  facet normal 0 0 1
    outer loop
      vertex -36.0304 -22.2531 2.4
      vertex -35.5817 -19.9973 2.4
      vertex -35.7435 -19.9568 2.4
    endloop
  endfacet
  facet normal 0 0 1
    outer loop
      vertex -36.4111 -22.1578 2.4
      vertex -35.7435 -19.9568 2.4
      vertex -35.9006 -19.9006 2.4
    endloop
  endfacet
  facet normal 0 0 1
    outer loop
      vertex -35.5817 -19.9973 2.4
      vertex -36.0304 -22.2531 2.4
      vertex -35.6421 -22.3107 2.4
    endloop
  endfacet
  facet normal 0 0 1
    outer loop
      vertex -36.7807 -22.0255 2.4
      vertex -35.9006 -19.9006 2.4
      vertex -36.0514 -19.8293 2.4
    endloop
  endfacet
  facet normal 0 0 1
    outer loop
      vertex -37.1356 -21.8577 2.4
      vertex -36.0514 -19.8293 2.4
      vertex -36.1945 -19.7435 2.4
    endloop
  endfacet
  facet normal 0 0 1
    outer loop
      vertex -37.4723 -21.6559 2.4
      vertex -36.1945 -19.7435 2.4
      vertex -36.3285 -19.6441 2.4
    endloop
  endfacet
  facet normal 0 0 1
    outer loop
      vertex -35.7435 -19.9568 2.4
      vertex -36.4111 -22.1578 2.4
      vertex -36.0304 -22.2531 2.4
    endloop
  endfacet
  facet normal 0 0 1
    outer loop
      vertex -37.7876 -21.422 2.4
      vertex -36.3285 -19.6441 2.4
      vertex -36.4521 -19.5321 2.4
    endloop
  endfacet
  facet normal 0 0 1
    outer loop
      vertex -38.0784 -21.1584 2.4
      vertex -36.4521 -19.5321 2.4
      vertex -36.5641 -19.4085 2.4
    endloop
  endfacet
  facet normal 0 0 1
    outer loop
      vertex -38.342 -20.8676 2.4
      vertex -36.5641 -19.4085 2.4
      vertex -36.6635 -19.2745 2.4
    endloop
  endfacet
  facet normal 0 0 1
    outer loop
      vertex -38.5759 -20.5523 2.4
      vertex -36.6635 -19.2745 2.4
      vertex -36.7493 -19.1314 2.4
    endloop
  endfacet
  facet normal 0 0 1
    outer loop
      vertex -35.9006 -19.9006 2.4
      vertex -36.7807 -22.0255 2.4
      vertex -36.4111 -22.1578 2.4
    endloop
  endfacet
  facet normal 0 0 1
    outer loop
      vertex -38.7777 -20.2156 2.4
      vertex -36.7493 -19.1314 2.4
      vertex -36.8206 -18.9806 2.4
    endloop
  endfacet
  facet normal 0 0 1
    outer loop
      vertex -38.9455 -19.8607 2.4
      vertex -36.8206 -18.9806 2.4
      vertex -36.8768 -18.8235 2.4
    endloop
  endfacet
  facet normal 0 0 1
    outer loop
      vertex -39.0778 -19.4911 2.4
      vertex -36.8768 -18.8235 2.4
      vertex -36.9173 -18.6617 2.4
    endloop
  endfacet
  facet normal 0 0 1
    outer loop
      vertex -39.1731 -19.1104 2.4
      vertex -36.9173 -18.6617 2.4
      vertex -36.9418 -18.4966 2.4
    endloop
  endfacet
  facet normal 0 0 1
    outer loop
      vertex -39.2307 -18.7221 2.4
      vertex -36.9418 -18.4966 2.4
      vertex -36.95 -18.33 2.4
    endloop
  endfacet
  facet normal 0 0 1
    outer loop
      vertex -36.0514 -19.8293 2.4
      vertex -37.1356 -21.8577 2.4
      vertex -36.7807 -22.0255 2.4
    endloop
  endfacet
  facet normal 0 0 1
    outer loop
      vertex -36.9173 -17.9983 2.4
      vertex -39.25 -18.33 2.4
      vertex -36.9418 -18.1634 2.4
    endloop
  endfacet
  facet normal 0 0 1
    outer loop
      vertex -36.7493 19.1314 2.4
      vertex -38.7777 20.2156 2.4
      vertex -36.8206 18.9806 2.4
    endloop
  endfacet
  facet normal 0 0 1
    outer loop
      vertex -36.9418 -18.1634 2.4
      vertex -39.25 -18.33 2.4
      vertex -36.95 -18.33 2.4
    endloop
  endfacet
  facet normal -0 0 1
    outer loop
      vertex -38.9455 19.8607 2.4
      vertex -36.8206 18.9806 2.4
      vertex -38.7777 20.2156 2.4
    endloop
  endfacet
  facet normal 0 -0 1
    outer loop
      vertex -39.2307 -18.7221 2.4
      vertex -36.95 -18.33 2.4
      vertex -39.25 -18.33 2.4
    endloop
  endfacet
  facet normal 0 0 1
    outer loop
      vertex -36.8206 18.9806 2.4
      vertex -38.9455 19.8607 2.4
      vertex -36.8768 18.8235 2.4
    endloop
  endfacet
  facet normal 0 0 1
    outer loop
      vertex -36.1945 -19.7435 2.4
      vertex -37.4723 -21.6559 2.4
      vertex -37.1356 -21.8577 2.4
    endloop
  endfacet
  facet normal -0 0 1
    outer loop
      vertex -39.0778 19.4911 2.4
      vertex -36.8768 18.8235 2.4
      vertex -38.9455 19.8607 2.4
    endloop
  endfacet
  facet normal 0 0 1
    outer loop
      vertex -36.3285 -19.6441 2.4
      vertex -37.7876 -21.422 2.4
      vertex -37.4723 -21.6559 2.4
    endloop
  endfacet
  facet normal 0 0 1
    outer loop
      vertex -36.8768 18.8235 2.4
      vertex -39.0778 19.4911 2.4
      vertex -36.9173 18.6617 2.4
    endloop
  endfacet
  facet normal 0 0 1
    outer loop
      vertex -36.4521 -19.5321 2.4
      vertex -38.0784 -21.1584 2.4
      vertex -37.7876 -21.422 2.4
    endloop
  endfacet
  facet normal -0 0 1
    outer loop
      vertex -39.1731 19.1104 2.4
      vertex -36.9173 18.6617 2.4
      vertex -39.0778 19.4911 2.4
    endloop
  endfacet
  facet normal 0 0 1
    outer loop
      vertex -36.5641 -19.4085 2.4
      vertex -38.342 -20.8676 2.4
      vertex -38.0784 -21.1584 2.4
    endloop
  endfacet
  facet normal 0 0 1
    outer loop
      vertex -36.9173 18.6617 2.4
      vertex -39.1731 19.1104 2.4
      vertex -36.9418 18.4966 2.4
    endloop
  endfacet
  facet normal 0 0 1
    outer loop
      vertex -36.6635 -19.2745 2.4
      vertex -38.5759 -20.5523 2.4
      vertex -38.342 -20.8676 2.4
    endloop
  endfacet
  facet normal -0 0 1
    outer loop
      vertex -39.2307 18.7221 2.4
      vertex -36.9418 18.4966 2.4
      vertex -39.1731 19.1104 2.4
    endloop
  endfacet
  facet normal 0 0 1
    outer loop
      vertex -36.7493 -19.1314 2.4
      vertex -38.7777 -20.2156 2.4
      vertex -38.5759 -20.5523 2.4
    endloop
  endfacet
  facet normal 0 0 1
    outer loop
      vertex -36.9418 18.4966 2.4
      vertex -39.2307 18.7221 2.4
      vertex -36.95 18.33 2.4
    endloop
  endfacet
  facet normal 0 0 1
    outer loop
      vertex -36.8206 -18.9806 2.4
      vertex -38.9455 -19.8607 2.4
      vertex -38.7777 -20.2156 2.4
    endloop
  endfacet
  facet normal 0 0 1
    outer loop
      vertex -36.95 18.33 2.4
      vertex -39.2307 18.7221 2.4
      vertex -39.25 18.33 2.4
    endloop
  endfacet
  facet normal 0 0 1
    outer loop
      vertex -36.8768 -18.8235 2.4
      vertex -39.0778 -19.4911 2.4
      vertex -38.9455 -19.8607 2.4
    endloop
  endfacet
  facet normal 0 0 1
    outer loop
      vertex -36.9173 -18.6617 2.4
      vertex -39.1731 -19.1104 2.4
      vertex -39.0778 -19.4911 2.4
    endloop
  endfacet
  facet normal 0 0 1
    outer loop
      vertex -36.9418 -18.4966 2.4
      vertex -39.2307 -18.7221 2.4
      vertex -39.1731 -19.1104 2.4
    endloop
  endfacet
  facet normal 0 1 -0
    outer loop
      vertex 35.25 22.33 0
      vertex -35.25 22.33 2.4
      vertex 35.25 22.33 2.4
    endloop
  endfacet
  facet normal 0 1 0
    outer loop
      vertex -35.25 22.33 2.4
      vertex 35.25 22.33 0
      vertex -35.25 22.33 0
    endloop
  endfacet
  facet normal 0.595794 0.803137 -0
    outer loop
      vertex 37.7876 21.422 0
      vertex 37.4723 21.6559 2.4
      vertex 37.7876 21.422 2.4
    endloop
  endfacet
  facet normal 0.595794 0.803137 0
    outer loop
      vertex 37.4723 21.6559 2.4
      vertex 37.7876 21.422 0
      vertex 37.4723 21.6559 0
    endloop
  endfacet
  facet normal 0.989176 -0.146733 0
    outer loop
      vertex 39.1731 -19.1104 2.4
      vertex 39.2307 -18.7221 0
      vertex 39.2307 -18.7221 2.4
    endloop
  endfacet
  facet normal 0.989176 -0.146733 0
    outer loop
      vertex 39.2307 -18.7221 0
      vertex 39.1731 -19.1104 2.4
      vertex 39.1731 -19.1104 0
    endloop
  endfacet
  facet normal 0.9415 0.337014 0
    outer loop
      vertex 39.0778 19.4911 2.4
      vertex 38.9455 19.8607 0
      vertex 38.9455 19.8607 2.4
    endloop
  endfacet
  facet normal 0.9415 0.337014 0
    outer loop
      vertex 38.9455 19.8607 0
      vertex 39.0778 19.4911 2.4
      vertex 39.0778 19.4911 0
    endloop
  endfacet
  facet normal 0.998791 -0.0491626 0
    outer loop
      vertex 39.2307 -18.7221 2.4
      vertex 39.25 -18.33 0
      vertex 39.25 -18.33 2.4
    endloop
  endfacet
  facet normal 0.998791 -0.0491626 0
    outer loop
      vertex 39.25 -18.33 0
      vertex 39.2307 -18.7221 2.4
      vertex 39.2307 -18.7221 0
    endloop
  endfacet
  facet normal -0.970068 -0.242835 0
    outer loop
      vertex -39.0778 -19.4911 0
      vertex -39.1731 -19.1104 2.4
      vertex -39.1731 -19.1104 0
    endloop
  endfacet
  facet normal -0.970068 -0.242835 0
    outer loop
      vertex -39.1731 -19.1104 2.4
      vertex -39.0778 -19.4911 0
      vertex -39.0778 -19.4911 2.4
    endloop
  endfacet
  facet normal 0.904044 0.42744 0
    outer loop
      vertex 38.9455 19.8607 2.4
      vertex 38.7777 20.2156 0
      vertex 38.7777 20.2156 2.4
    endloop
  endfacet
  facet normal 0.904044 0.42744 0
    outer loop
      vertex 38.7777 20.2156 0
      vertex 38.9455 19.8607 2.4
      vertex 38.9455 19.8607 0
    endloop
  endfacet
  facet normal -0.85774 0.514084 0
    outer loop
      vertex -38.7777 20.2156 0
      vertex -38.5759 20.5523 2.4
      vertex -38.5759 20.5523 0
    endloop
  endfacet
  facet normal -0.85774 0.514084 0
    outer loop
      vertex -38.5759 20.5523 2.4
      vertex -38.7777 20.2156 0
      vertex -38.7777 20.2156 2.4
    endloop
  endfacet
  facet normal 0.337014 0.9415 -0
    outer loop
      vertex 36.7807 22.0255 0
      vertex 36.4111 22.1578 2.4
      vertex 36.7807 22.0255 2.4
    endloop
  endfacet
  facet normal 0.337014 0.9415 0
    outer loop
      vertex 36.4111 22.1578 2.4
      vertex 36.7807 22.0255 0
      vertex 36.4111 22.1578 0
    endloop
  endfacet
  facet normal 0.337014 -0.9415 0
    outer loop
      vertex 36.4111 -22.1578 0
      vertex 36.7807 -22.0255 2.4
      vertex 36.4111 -22.1578 2.4
    endloop
  endfacet
  facet normal 0.337014 -0.9415 0
    outer loop
      vertex 36.7807 -22.0255 2.4
      vertex 36.4111 -22.1578 0
      vertex 36.7807 -22.0255 0
    endloop
  endfacet
  facet normal -0.0491626 0.998791 0
    outer loop
      vertex -35.25 22.33 0
      vertex -35.6421 22.3107 2.4
      vertex -35.25 22.33 2.4
    endloop
  endfacet
  facet normal -0.0491626 0.998791 0
    outer loop
      vertex -35.6421 22.3107 2.4
      vertex -35.25 22.33 0
      vertex -35.6421 22.3107 0
    endloop
  endfacet
  facet normal 0.514084 -0.85774 0
    outer loop
      vertex 37.1356 -21.8577 0
      vertex 37.4723 -21.6559 2.4
      vertex 37.1356 -21.8577 2.4
    endloop
  endfacet
  facet normal 0.514084 -0.85774 0
    outer loop
      vertex 37.4723 -21.6559 2.4
      vertex 37.1356 -21.8577 0
      vertex 37.4723 -21.6559 0
    endloop
  endfacet
  facet normal 1 -0 0
    outer loop
      vertex 39.25 -18.33 2.4
      vertex 39.25 18.33 0
      vertex 39.25 18.33 2.4
    endloop
  endfacet
  facet normal 1 0 0
    outer loop
      vertex 39.25 18.33 0
      vertex 39.25 -18.33 2.4
      vertex 39.25 -18.33 0
    endloop
  endfacet
  facet normal 0.998791 0.0491626 0
    outer loop
      vertex 39.25 18.33 2.4
      vertex 39.2307 18.7221 0
      vertex 39.2307 18.7221 2.4
    endloop
  endfacet
  facet normal 0.998791 0.0491626 0
    outer loop
      vertex 39.2307 18.7221 0
      vertex 39.25 18.33 2.4
      vertex 39.25 18.33 0
    endloop
  endfacet
  facet normal -0.146733 0.989176 0
    outer loop
      vertex -35.6421 22.3107 0
      vertex -36.0304 22.2531 2.4
      vertex -35.6421 22.3107 2.4
    endloop
  endfacet
  facet normal -0.146733 0.989176 0
    outer loop
      vertex -36.0304 22.2531 2.4
      vertex -35.6421 22.3107 0
      vertex -36.0304 22.2531 0
    endloop
  endfacet
  facet normal -0.989176 0.146733 0
    outer loop
      vertex -39.2307 18.7221 0
      vertex -39.1731 19.1104 2.4
      vertex -39.1731 19.1104 0
    endloop
  endfacet
  facet normal -0.989176 0.146733 0
    outer loop
      vertex -39.1731 19.1104 2.4
      vertex -39.2307 18.7221 0
      vertex -39.2307 18.7221 2.4
    endloop
  endfacet
  facet normal -0.9415 -0.337014 0
    outer loop
      vertex -38.9455 -19.8607 0
      vertex -39.0778 -19.4911 2.4
      vertex -39.0778 -19.4911 0
    endloop
  endfacet
  facet normal -0.9415 -0.337014 0
    outer loop
      vertex -39.0778 -19.4911 2.4
      vertex -38.9455 -19.8607 0
      vertex -38.9455 -19.8607 2.4
    endloop
  endfacet
  facet normal -0.904044 0.42744 0
    outer loop
      vertex -38.9455 19.8607 0
      vertex -38.7777 20.2156 2.4
      vertex -38.7777 20.2156 0
    endloop
  endfacet
  facet normal -0.904044 0.42744 0
    outer loop
      vertex -38.7777 20.2156 2.4
      vertex -38.9455 19.8607 0
      vertex -38.9455 19.8607 2.4
    endloop
  endfacet
  facet normal 0.242835 -0.970068 0
    outer loop
      vertex 36.0304 -22.2531 0
      vertex 36.4111 -22.1578 2.4
      vertex 36.0304 -22.2531 2.4
    endloop
  endfacet
  facet normal 0.242835 -0.970068 0
    outer loop
      vertex 36.4111 -22.1578 2.4
      vertex 36.0304 -22.2531 0
      vertex 36.4111 -22.1578 0
    endloop
  endfacet
  facet normal -0.514084 0.85774 0
    outer loop
      vertex -37.1356 21.8577 0
      vertex -37.4723 21.6559 2.4
      vertex -37.1356 21.8577 2.4
    endloop
  endfacet
  facet normal -0.514084 0.85774 0
    outer loop
      vertex -37.4723 21.6559 2.4
      vertex -37.1356 21.8577 0
      vertex -37.4723 21.6559 0
    endloop
  endfacet
  facet normal -0.803137 -0.595794 0
    outer loop
      vertex -38.342 -20.8676 0
      vertex -38.5759 -20.5523 2.4
      vertex -38.5759 -20.5523 0
    endloop
  endfacet
  facet normal -0.803137 -0.595794 0
    outer loop
      vertex -38.5759 -20.5523 2.4
      vertex -38.342 -20.8676 0
      vertex -38.342 -20.8676 2.4
    endloop
  endfacet
  facet normal 0.671607 -0.740908 0
    outer loop
      vertex 37.7876 -21.422 0
      vertex 38.0784 -21.1584 2.4
      vertex 37.7876 -21.422 2.4
    endloop
  endfacet
  facet normal 0.671607 -0.740908 0
    outer loop
      vertex 38.0784 -21.1584 2.4
      vertex 37.7876 -21.422 0
      vertex 38.0784 -21.1584 0
    endloop
  endfacet
  facet normal 0.904044 -0.42744 0
    outer loop
      vertex 38.7777 -20.2156 2.4
      vertex 38.9455 -19.8607 0
      vertex 38.9455 -19.8607 2.4
    endloop
  endfacet
  facet normal 0.904044 -0.42744 0
    outer loop
      vertex 38.9455 -19.8607 0
      vertex 38.7777 -20.2156 2.4
      vertex 38.7777 -20.2156 0
    endloop
  endfacet
  facet normal 0.970068 -0.242835 0
    outer loop
      vertex 39.0778 -19.4911 2.4
      vertex 39.1731 -19.1104 0
      vertex 39.1731 -19.1104 2.4
    endloop
  endfacet
  facet normal 0.970068 -0.242835 0
    outer loop
      vertex 39.1731 -19.1104 0
      vertex 39.0778 -19.4911 2.4
      vertex 39.0778 -19.4911 0
    endloop
  endfacet
  facet normal -0.242835 0.970068 0
    outer loop
      vertex -36.0304 22.2531 0
      vertex -36.4111 22.1578 2.4
      vertex -36.0304 22.2531 2.4
    endloop
  endfacet
  facet normal -0.242835 0.970068 0
    outer loop
      vertex -36.4111 22.1578 2.4
      vertex -36.0304 22.2531 0
      vertex -36.4111 22.1578 0
    endloop
  endfacet
  facet normal 0.85774 0.514084 0
    outer loop
      vertex 38.7777 20.2156 2.4
      vertex 38.5759 20.5523 0
      vertex 38.5759 20.5523 2.4
    endloop
  endfacet
  facet normal 0.85774 0.514084 0
    outer loop
      vertex 38.5759 20.5523 0
      vertex 38.7777 20.2156 2.4
      vertex 38.7777 20.2156 0
    endloop
  endfacet
  facet normal 0.595794 -0.803137 0
    outer loop
      vertex 37.4723 -21.6559 0
      vertex 37.7876 -21.422 2.4
      vertex 37.4723 -21.6559 2.4
    endloop
  endfacet
  facet normal 0.595794 -0.803137 0
    outer loop
      vertex 37.7876 -21.422 2.4
      vertex 37.4723 -21.6559 0
      vertex 37.7876 -21.422 0
    endloop
  endfacet
  facet normal 0.0491626 0.998791 -0
    outer loop
      vertex 35.6421 22.3107 0
      vertex 35.25 22.33 2.4
      vertex 35.6421 22.3107 2.4
    endloop
  endfacet
  facet normal 0.0491626 0.998791 0
    outer loop
      vertex 35.25 22.33 2.4
      vertex 35.6421 22.3107 0
      vertex 35.25 22.33 0
    endloop
  endfacet
  facet normal 0.146733 0.989176 -0
    outer loop
      vertex 36.0304 22.2531 0
      vertex 35.6421 22.3107 2.4
      vertex 36.0304 22.2531 2.4
    endloop
  endfacet
  facet normal 0.146733 0.989176 0
    outer loop
      vertex 35.6421 22.3107 2.4
      vertex 36.0304 22.2531 0
      vertex 35.6421 22.3107 0
    endloop
  endfacet
  facet normal 0.989176 0.146733 0
    outer loop
      vertex 39.2307 18.7221 2.4
      vertex 39.1731 19.1104 0
      vertex 39.1731 19.1104 2.4
    endloop
  endfacet
  facet normal 0.989176 0.146733 0
    outer loop
      vertex 39.1731 19.1104 0
      vertex 39.2307 18.7221 2.4
      vertex 39.2307 18.7221 0
    endloop
  endfacet
  facet normal -0.803137 0.595794 0
    outer loop
      vertex -38.5759 20.5523 0
      vertex -38.342 20.8676 2.4
      vertex -38.342 20.8676 0
    endloop
  endfacet
  facet normal -0.803137 0.595794 0
    outer loop
      vertex -38.342 20.8676 2.4
      vertex -38.5759 20.5523 0
      vertex -38.5759 20.5523 2.4
    endloop
  endfacet
  facet normal 0.42744 0.904044 -0
    outer loop
      vertex 37.1356 21.8577 0
      vertex 36.7807 22.0255 2.4
      vertex 37.1356 21.8577 2.4
    endloop
  endfacet
  facet normal 0.42744 0.904044 0
    outer loop
      vertex 36.7807 22.0255 2.4
      vertex 37.1356 21.8577 0
      vertex 36.7807 22.0255 0
    endloop
  endfacet
  facet normal 0.803137 -0.595794 0
    outer loop
      vertex 38.342 -20.8676 2.4
      vertex 38.5759 -20.5523 0
      vertex 38.5759 -20.5523 2.4
    endloop
  endfacet
  facet normal 0.803137 -0.595794 0
    outer loop
      vertex 38.5759 -20.5523 0
      vertex 38.342 -20.8676 2.4
      vertex 38.342 -20.8676 0
    endloop
  endfacet
  facet normal 0.85774 -0.514084 0
    outer loop
      vertex 38.5759 -20.5523 2.4
      vertex 38.7777 -20.2156 0
      vertex 38.7777 -20.2156 2.4
    endloop
  endfacet
  facet normal 0.85774 -0.514084 0
    outer loop
      vertex 38.7777 -20.2156 0
      vertex 38.5759 -20.5523 2.4
      vertex 38.5759 -20.5523 0
    endloop
  endfacet
  facet normal 0.9415 -0.337014 0
    outer loop
      vertex 38.9455 -19.8607 2.4
      vertex 39.0778 -19.4911 0
      vertex 39.0778 -19.4911 2.4
    endloop
  endfacet
  facet normal 0.9415 -0.337014 0
    outer loop
      vertex 39.0778 -19.4911 0
      vertex 38.9455 -19.8607 2.4
      vertex 38.9455 -19.8607 0
    endloop
  endfacet
  facet normal 0.970068 0.242835 0
    outer loop
      vertex 39.1731 19.1104 2.4
      vertex 39.0778 19.4911 0
      vertex 39.0778 19.4911 2.4
    endloop
  endfacet
  facet normal 0.970068 0.242835 0
    outer loop
      vertex 39.0778 19.4911 0
      vertex 39.1731 19.1104 2.4
      vertex 39.1731 19.1104 0
    endloop
  endfacet
  facet normal 0.740908 -0.671607 0
    outer loop
      vertex 38.0784 -21.1584 2.4
      vertex 38.342 -20.8676 0
      vertex 38.342 -20.8676 2.4
    endloop
  endfacet
  facet normal 0.740908 -0.671607 0
    outer loop
      vertex 38.342 -20.8676 0
      vertex 38.0784 -21.1584 2.4
      vertex 38.0784 -21.1584 0
    endloop
  endfacet
  facet normal 0 0 -1
    outer loop
      vertex -33.5827 -17.9983 0
      vertex -5.5 14.33 0
      vertex -33.5582 -18.1634 0
    endloop
  endfacet
  facet normal 0 0 -1
    outer loop
      vertex -5.5 14.33 0
      vertex -33.5582 18.1634 0
      vertex -33.55 18.33 0
    endloop
  endfacet
  facet normal 0 0 -1
    outer loop
      vertex -33.6232 -17.8365 0
      vertex -5.5 14.33 0
      vertex -33.5827 -17.9983 0
    endloop
  endfacet
  facet normal 0 0 -1
    outer loop
      vertex -5.5 14.33 0
      vertex -33.5827 17.9983 0
      vertex -33.5582 18.1634 0
    endloop
  endfacet
  facet normal 0 0 -1
    outer loop
      vertex -33.6794 -17.6794 0
      vertex -5.5 14.33 0
      vertex -33.6232 -17.8365 0
    endloop
  endfacet
  facet normal 0 0 -1
    outer loop
      vertex -5.5 14.33 0
      vertex -33.6232 17.8365 0
      vertex -33.5827 17.9983 0
    endloop
  endfacet
  facet normal 0 0 -1
    outer loop
      vertex -33.7507 -17.5286 0
      vertex -5.5 14.33 0
      vertex -33.6794 -17.6794 0
    endloop
  endfacet
  facet normal 0 0 -1
    outer loop
      vertex -5.5 14.33 0
      vertex -33.6794 17.6794 0
      vertex -33.6232 17.8365 0
    endloop
  endfacet
  facet normal 0 0 -1
    outer loop
      vertex -33.8365 -17.3855 0
      vertex -5.5 14.33 0
      vertex -33.7507 -17.5286 0
    endloop
  endfacet
  facet normal 0 0 -1
    outer loop
      vertex -5.5 14.33 0
      vertex -33.7507 17.5286 0
      vertex -33.6794 17.6794 0
    endloop
  endfacet
  facet normal 0 0 -1
    outer loop
      vertex -33.9359 -17.2515 0
      vertex -5.5 14.33 0
      vertex -33.8365 -17.3855 0
    endloop
  endfacet
  facet normal 0 0 -1
    outer loop
      vertex -5.5 14.33 0
      vertex -33.8365 17.3855 0
      vertex -33.7507 17.5286 0
    endloop
  endfacet
  facet normal 0 0 -1
    outer loop
      vertex -34.0479 -17.1279 0
      vertex -5.5 14.33 0
      vertex -33.9359 -17.2515 0
    endloop
  endfacet
  facet normal 0 0 -1
    outer loop
      vertex -5.5 14.33 0
      vertex -33.9359 17.2515 0
      vertex -33.8365 17.3855 0
    endloop
  endfacet
  facet normal 0 0 -1
    outer loop
      vertex -34.1715 -17.0159 0
      vertex -5.5 14.33 0
      vertex -34.0479 -17.1279 0
    endloop
  endfacet
  facet normal 0 0 -1
    outer loop
      vertex -5.5 14.33 0
      vertex -34.0479 17.1279 0
      vertex -33.9359 17.2515 0
    endloop
  endfacet
  facet normal 0 0 -1
    outer loop
      vertex -34.1715 17.0159 0
      vertex -5.5 14.33 0
      vertex -34.1715 -17.0159 0
    endloop
  endfacet
  facet normal 0 0 -1
    outer loop
      vertex -5.5 14.33 0
      vertex -34.1715 17.0159 0
      vertex -34.0479 17.1279 0
    endloop
  endfacet
  facet normal 0 0 -1
    outer loop
      vertex -34.3055 -16.9165 0
      vertex -34.1715 17.0159 0
      vertex -34.1715 -17.0159 0
    endloop
  endfacet
  facet normal 0 0 -1
    outer loop
      vertex -34.3055 -16.9165 0
      vertex -34.3055 16.9165 0
      vertex -34.1715 17.0159 0
    endloop
  endfacet
  facet normal 0 0 -1
    outer loop
      vertex -34.4486 -16.8307 0
      vertex -34.3055 16.9165 0
      vertex -34.3055 -16.9165 0
    endloop
  endfacet
  facet normal 0 0 -1
    outer loop
      vertex -34.4486 -16.8307 0
      vertex -34.4486 16.8307 0
      vertex -34.3055 16.9165 0
    endloop
  endfacet
  facet normal 0 0 -1
    outer loop
      vertex -34.5994 -16.7594 0
      vertex -34.4486 16.8307 0
      vertex -34.4486 -16.8307 0
    endloop
  endfacet
  facet normal 0 0 -1
    outer loop
      vertex -34.5994 -16.7594 0
      vertex -34.5994 16.7594 0
      vertex -34.4486 16.8307 0
    endloop
  endfacet
  facet normal 0 0 -1
    outer loop
      vertex -34.7565 -16.7032 0
      vertex -34.5994 16.7594 0
      vertex -34.5994 -16.7594 0
    endloop
  endfacet
  facet normal 0 0 -1
    outer loop
      vertex -34.7565 -16.7032 0
      vertex -34.7565 16.7032 0
      vertex -34.5994 16.7594 0
    endloop
  endfacet
  facet normal 0 0 -1
    outer loop
      vertex -34.9183 -16.6627 0
      vertex -34.7565 16.7032 0
      vertex -34.7565 -16.7032 0
    endloop
  endfacet
  facet normal 0 0 -1
    outer loop
      vertex -34.9183 -16.6627 0
      vertex -34.9183 16.6627 0
      vertex -34.7565 16.7032 0
    endloop
  endfacet
  facet normal 0 0 -1
    outer loop
      vertex -35.0834 -16.6382 0
      vertex -34.9183 16.6627 0
      vertex -34.9183 -16.6627 0
    endloop
  endfacet
  facet normal 0 0 -1
    outer loop
      vertex -35.0834 -16.6382 0
      vertex -35.0834 16.6382 0
      vertex -34.9183 16.6627 0
    endloop
  endfacet
  facet normal 0 0 -1
    outer loop
      vertex -35.25 -16.63 0
      vertex -35.0834 16.6382 0
      vertex -35.0834 -16.6382 0
    endloop
  endfacet
  facet normal 0 0 -1
    outer loop
      vertex -35.25 -16.63 0
      vertex -35.25 16.63 0
      vertex -35.0834 16.6382 0
    endloop
  endfacet
  facet normal 0 0 -1
    outer loop
      vertex -35.4166 -16.6382 0
      vertex -35.25 16.63 0
      vertex -35.25 -16.63 0
    endloop
  endfacet
  facet normal 0 0 -1
    outer loop
      vertex -35.4166 -16.6382 0
      vertex -35.4166 16.6382 0
      vertex -35.25 16.63 0
    endloop
  endfacet
  facet normal 0 0 -1
    outer loop
      vertex -35.5817 -16.6627 0
      vertex -35.4166 16.6382 0
      vertex -35.4166 -16.6382 0
    endloop
  endfacet
  facet normal 0 0 -1
    outer loop
      vertex -35.5817 -16.6627 0
      vertex -35.5817 16.6627 0
      vertex -35.4166 16.6382 0
    endloop
  endfacet
  facet normal 0 0 -1
    outer loop
      vertex -35.7435 -16.7032 0
      vertex -35.5817 16.6627 0
      vertex -35.5817 -16.6627 0
    endloop
  endfacet
  facet normal 0 0 -1
    outer loop
      vertex -35.7435 -16.7032 0
      vertex -35.7435 16.7032 0
      vertex -35.5817 16.6627 0
    endloop
  endfacet
  facet normal 0 0 -1
    outer loop
      vertex -35.9006 -16.7594 0
      vertex -35.7435 16.7032 0
      vertex -35.7435 -16.7032 0
    endloop
  endfacet
  facet normal 0 0 -1
    outer loop
      vertex -35.9006 -16.7594 0
      vertex -35.9006 16.7594 0
      vertex -35.7435 16.7032 0
    endloop
  endfacet
  facet normal 0 0 -1
    outer loop
      vertex -36.0514 -16.8307 0
      vertex -35.9006 16.7594 0
      vertex -35.9006 -16.7594 0
    endloop
  endfacet
  facet normal 0 0 -1
    outer loop
      vertex -36.0514 -16.8307 0
      vertex -36.0514 16.8307 0
      vertex -35.9006 16.7594 0
    endloop
  endfacet
  facet normal 0 0 -1
    outer loop
      vertex -39.25 -18.33 0
      vertex -36.0514 -16.8307 0
      vertex -36.1945 -16.9165 0
    endloop
  endfacet
  facet normal -0 0 -1
    outer loop
      vertex -36.0514 -16.8307 0
      vertex -39.25 -18.33 0
      vertex -36.0514 16.8307 0
    endloop
  endfacet
  facet normal 0 0 -1
    outer loop
      vertex -39.25 -18.33 0
      vertex -36.1945 -16.9165 0
      vertex -36.3285 -17.0159 0
    endloop
  endfacet
  facet normal 0 0 -1
    outer loop
      vertex -39.25 18.33 0
      vertex -36.0514 16.8307 0
      vertex -39.25 -18.33 0
    endloop
  endfacet
  facet normal 0 0 -1
    outer loop
      vertex -39.25 -18.33 0
      vertex -36.3285 -17.0159 0
      vertex -36.4521 -17.1279 0
    endloop
  endfacet
  facet normal 0 0 -1
    outer loop
      vertex -36.0514 16.8307 0
      vertex -39.25 18.33 0
      vertex -36.1945 16.9165 0
    endloop
  endfacet
  facet normal 0 0 -1
    outer loop
      vertex -39.25 -18.33 0
      vertex -36.4521 -17.1279 0
      vertex -36.5641 -17.2515 0
    endloop
  endfacet
  facet normal 0 0 -1
    outer loop
      vertex -36.1945 16.9165 0
      vertex -39.25 18.33 0
      vertex -36.3285 17.0159 0
    endloop
  endfacet
  facet normal 0 0 -1
    outer loop
      vertex -39.25 -18.33 0
      vertex -36.5641 -17.2515 0
      vertex -36.6635 -17.3855 0
    endloop
  endfacet
  facet normal 0 0 -1
    outer loop
      vertex -36.3285 17.0159 0
      vertex -39.25 18.33 0
      vertex -36.4521 17.1279 0
    endloop
  endfacet
  facet normal 0 0 -1
    outer loop
      vertex -39.25 -18.33 0
      vertex -36.6635 -17.3855 0
      vertex -36.7493 -17.5286 0
    endloop
  endfacet
  facet normal 0 0 -1
    outer loop
      vertex -36.4521 17.1279 0
      vertex -39.25 18.33 0
      vertex -36.5641 17.2515 0
    endloop
  endfacet
  facet normal 0 0 -1
    outer loop
      vertex -39.25 -18.33 0
      vertex -36.7493 -17.5286 0
      vertex -36.8206 -17.6794 0
    endloop
  endfacet
  facet normal 0 0 -1
    outer loop
      vertex -36.5641 17.2515 0
      vertex -39.25 18.33 0
      vertex -36.6635 17.3855 0
    endloop
  endfacet
  facet normal 0 0 -1
    outer loop
      vertex -39.25 -18.33 0
      vertex -36.8206 -17.6794 0
      vertex -36.8768 -17.8365 0
    endloop
  endfacet
  facet normal 0 0 -1
    outer loop
      vertex -36.6635 17.3855 0
      vertex -39.25 18.33 0
      vertex -36.7493 17.5286 0
    endloop
  endfacet
  facet normal 0 0 -1
    outer loop
      vertex -39.25 -18.33 0
      vertex -36.8768 -17.8365 0
      vertex -36.9173 -17.9983 0
    endloop
  endfacet
  facet normal 0 0 -1
    outer loop
      vertex -36.7493 17.5286 0
      vertex -39.25 18.33 0
      vertex -36.8206 17.6794 0
    endloop
  endfacet
  facet normal 0 0 -1
    outer loop
      vertex -39.25 -18.33 0
      vertex -36.9173 -17.9983 0
      vertex -36.9418 -18.1634 0
    endloop
  endfacet
  facet normal 0 0 -1
    outer loop
      vertex -36.8206 17.6794 0
      vertex -39.25 18.33 0
      vertex -36.8768 17.8365 0
    endloop
  endfacet
  facet normal 0 0 -1
    outer loop
      vertex -39.25 -18.33 0
      vertex -36.9418 -18.1634 0
      vertex -36.95 -18.33 0
    endloop
  endfacet
  facet normal 0 0 -1
    outer loop
      vertex -36.8768 17.8365 0
      vertex -39.25 18.33 0
      vertex -36.9173 17.9983 0
    endloop
  endfacet
  facet normal 0 0 -1
    outer loop
      vertex 36.8768 -17.8365 0
      vertex 39.25 -18.33 0
      vertex 36.9173 -17.9983 0
    endloop
  endfacet
  facet normal -0 0 -1
    outer loop
      vertex 39.25 18.33 0
      vertex 36.9418 18.1634 0
      vertex 36.95 18.33 0
    endloop
  endfacet
  facet normal 0 0 -1
    outer loop
      vertex 36.8206 -17.6794 0
      vertex 39.25 -18.33 0
      vertex 36.8768 -17.8365 0
    endloop
  endfacet
  facet normal 0 0 -1
    outer loop
      vertex 39.25 18.33 0
      vertex 36.9173 17.9983 0
      vertex 36.9418 18.1634 0
    endloop
  endfacet
  facet normal 0 0 -1
    outer loop
      vertex 36.7493 -17.5286 0
      vertex 39.25 -18.33 0
      vertex 36.8206 -17.6794 0
    endloop
  endfacet
  facet normal 0 0 -1
    outer loop
      vertex 39.25 18.33 0
      vertex 36.8768 17.8365 0
      vertex 36.9173 17.9983 0
    endloop
  endfacet
  facet normal 0 0 -1
    outer loop
      vertex 36.6635 -17.3855 0
      vertex 39.25 -18.33 0
      vertex 36.7493 -17.5286 0
    endloop
  endfacet
  facet normal 0 0 -1
    outer loop
      vertex 39.25 18.33 0
      vertex 36.8206 17.6794 0
      vertex 36.8768 17.8365 0
    endloop
  endfacet
  facet normal 0 0 -1
    outer loop
      vertex 36.5641 -17.2515 0
      vertex 39.25 -18.33 0
      vertex 36.6635 -17.3855 0
    endloop
  endfacet
  facet normal 0 0 -1
    outer loop
      vertex 39.25 18.33 0
      vertex 36.7493 17.5286 0
      vertex 36.8206 17.6794 0
    endloop
  endfacet
  facet normal 0 0 -1
    outer loop
      vertex 36.4521 -17.1279 0
      vertex 39.25 -18.33 0
      vertex 36.5641 -17.2515 0
    endloop
  endfacet
  facet normal 0 0 -1
    outer loop
      vertex 39.25 18.33 0
      vertex 36.6635 17.3855 0
      vertex 36.7493 17.5286 0
    endloop
  endfacet
  facet normal 0 0 -1
    outer loop
      vertex 36.3285 -17.0159 0
      vertex 39.25 -18.33 0
      vertex 36.4521 -17.1279 0
    endloop
  endfacet
  facet normal 0 0 -1
    outer loop
      vertex 39.25 18.33 0
      vertex 36.5641 17.2515 0
      vertex 36.6635 17.3855 0
    endloop
  endfacet
  facet normal 0 0 -1
    outer loop
      vertex 36.1945 -16.9165 0
      vertex 39.25 -18.33 0
      vertex 36.3285 -17.0159 0
    endloop
  endfacet
  facet normal 0 0 -1
    outer loop
      vertex 39.25 18.33 0
      vertex 36.4521 17.1279 0
      vertex 36.5641 17.2515 0
    endloop
  endfacet
  facet normal 0 0 -1
    outer loop
      vertex 36.0514 -16.8307 0
      vertex 39.25 -18.33 0
      vertex 36.1945 -16.9165 0
    endloop
  endfacet
  facet normal 0 0 -1
    outer loop
      vertex 39.25 18.33 0
      vertex 36.3285 17.0159 0
      vertex 36.4521 17.1279 0
    endloop
  endfacet
  facet normal 0 0 -1
    outer loop
      vertex 39.25 -18.33 0
      vertex 36.0514 -16.8307 0
      vertex 39.25 18.33 0
    endloop
  endfacet
  facet normal 0 0 -1
    outer loop
      vertex 39.25 18.33 0
      vertex 36.1945 16.9165 0
      vertex 36.3285 17.0159 0
    endloop
  endfacet
  facet normal 0 0 -1
    outer loop
      vertex 36.0514 16.8307 0
      vertex 39.25 18.33 0
      vertex 36.0514 -16.8307 0
    endloop
  endfacet
  facet normal 0 0 -1
    outer loop
      vertex 39.25 18.33 0
      vertex 36.0514 16.8307 0
      vertex 36.1945 16.9165 0
    endloop
  endfacet
  facet normal 0 0 -1
    outer loop
      vertex 35.9006 -16.7594 0
      vertex 36.0514 16.8307 0
      vertex 36.0514 -16.8307 0
    endloop
  endfacet
  facet normal 0 0 -1
    outer loop
      vertex 35.9006 -16.7594 0
      vertex 35.9006 16.7594 0
      vertex 36.0514 16.8307 0
    endloop
  endfacet
  facet normal 0 0 -1
    outer loop
      vertex 35.7435 -16.7032 0
      vertex 35.9006 16.7594 0
      vertex 35.9006 -16.7594 0
    endloop
  endfacet
  facet normal 0 0 -1
    outer loop
      vertex 35.7435 -16.7032 0
      vertex 35.7435 16.7032 0
      vertex 35.9006 16.7594 0
    endloop
  endfacet
  facet normal 0 0 -1
    outer loop
      vertex 35.5817 -16.6627 0
      vertex 35.7435 16.7032 0
      vertex 35.7435 -16.7032 0
    endloop
  endfacet
  facet normal 0 0 -1
    outer loop
      vertex 35.5817 -16.6627 0
      vertex 35.5817 16.6627 0
      vertex 35.7435 16.7032 0
    endloop
  endfacet
  facet normal 0 0 -1
    outer loop
      vertex 35.4166 -16.6382 0
      vertex 35.5817 16.6627 0
      vertex 35.5817 -16.6627 0
    endloop
  endfacet
  facet normal 0 0 -1
    outer loop
      vertex 35.4166 -16.6382 0
      vertex 35.4166 16.6382 0
      vertex 35.5817 16.6627 0
    endloop
  endfacet
  facet normal 0 0 -1
    outer loop
      vertex 35.25 -16.63 0
      vertex 35.4166 16.6382 0
      vertex 35.4166 -16.6382 0
    endloop
  endfacet
  facet normal 0 0 -1
    outer loop
      vertex 35.25 -16.63 0
      vertex 35.25 16.63 0
      vertex 35.4166 16.6382 0
    endloop
  endfacet
  facet normal 0 0 -1
    outer loop
      vertex 35.0834 -16.6382 0
      vertex 35.25 16.63 0
      vertex 35.25 -16.63 0
    endloop
  endfacet
  facet normal 0 0 -1
    outer loop
      vertex 35.0834 -16.6382 0
      vertex 35.0834 16.6382 0
      vertex 35.25 16.63 0
    endloop
  endfacet
  facet normal 0 0 -1
    outer loop
      vertex 34.9183 -16.6627 0
      vertex 35.0834 16.6382 0
      vertex 35.0834 -16.6382 0
    endloop
  endfacet
  facet normal 0 0 -1
    outer loop
      vertex 34.9183 -16.6627 0
      vertex 34.9183 16.6627 0
      vertex 35.0834 16.6382 0
    endloop
  endfacet
  facet normal 0 0 -1
    outer loop
      vertex 34.7565 -16.7032 0
      vertex 34.9183 16.6627 0
      vertex 34.9183 -16.6627 0
    endloop
  endfacet
  facet normal 0 0 -1
    outer loop
      vertex 34.7565 -16.7032 0
      vertex 34.7565 16.7032 0
      vertex 34.9183 16.6627 0
    endloop
  endfacet
  facet normal 0 0 -1
    outer loop
      vertex 34.5994 -16.7594 0
      vertex 34.7565 16.7032 0
      vertex 34.7565 -16.7032 0
    endloop
  endfacet
  facet normal 0 0 -1
    outer loop
      vertex 34.5994 -16.7594 0
      vertex 34.5994 16.7594 0
      vertex 34.7565 16.7032 0
    endloop
  endfacet
  facet normal 0 0 -1
    outer loop
      vertex 34.4486 -16.8307 0
      vertex 34.5994 16.7594 0
      vertex 34.5994 -16.7594 0
    endloop
  endfacet
  facet normal 0 0 -1
    outer loop
      vertex 34.4486 -16.8307 0
      vertex 34.4486 16.8307 0
      vertex 34.5994 16.7594 0
    endloop
  endfacet
  facet normal 0 0 -1
    outer loop
      vertex 34.3055 -16.9165 0
      vertex 34.4486 16.8307 0
      vertex 34.4486 -16.8307 0
    endloop
  endfacet
  facet normal 0 0 -1
    outer loop
      vertex 34.3055 -16.9165 0
      vertex 34.3055 16.9165 0
      vertex 34.4486 16.8307 0
    endloop
  endfacet
  facet normal 0 0 -1
    outer loop
      vertex 34.1715 -17.0159 0
      vertex 34.3055 16.9165 0
      vertex 34.3055 -16.9165 0
    endloop
  endfacet
  facet normal 0 0 -1
    outer loop
      vertex 34.1715 -17.0159 0
      vertex 34.1715 17.0159 0
      vertex 34.3055 16.9165 0
    endloop
  endfacet
  facet normal 0 0 -1
    outer loop
      vertex 5.5 14.33 0
      vertex 34.1715 -17.0159 0
      vertex 34.0479 -17.1279 0
    endloop
  endfacet
  facet normal 0 0 -1
    outer loop
      vertex 34.1715 -17.0159 0
      vertex 5.5 14.33 0
      vertex 34.1715 17.0159 0
    endloop
  endfacet
  facet normal 0 0 -1
    outer loop
      vertex 5.5 14.33 0
      vertex 34.0479 -17.1279 0
      vertex 33.9359 -17.2515 0
    endloop
  endfacet
  facet normal -0 0 -1
    outer loop
      vertex 34.1715 17.0159 0
      vertex 5.5 14.33 0
      vertex 34.0479 17.1279 0
    endloop
  endfacet
  facet normal 0 0 -1
    outer loop
      vertex 5.5 14.33 0
      vertex 33.9359 -17.2515 0
      vertex 33.8365 -17.3855 0
    endloop
  endfacet
  facet normal -0 0 -1
    outer loop
      vertex 34.0479 17.1279 0
      vertex 5.5 14.33 0
      vertex 33.9359 17.2515 0
    endloop
  endfacet
  facet normal 0 0 -1
    outer loop
      vertex 5.5 14.33 0
      vertex 33.8365 -17.3855 0
      vertex 33.7507 -17.5286 0
    endloop
  endfacet
  facet normal -0 0 -1
    outer loop
      vertex 33.9359 17.2515 0
      vertex 5.5 14.33 0
      vertex 33.8365 17.3855 0
    endloop
  endfacet
  facet normal 0 0 -1
    outer loop
      vertex 5.5 14.33 0
      vertex 33.7507 -17.5286 0
      vertex 33.6794 -17.6794 0
    endloop
  endfacet
  facet normal -0 0 -1
    outer loop
      vertex 33.8365 17.3855 0
      vertex 5.5 14.33 0
      vertex 33.7507 17.5286 0
    endloop
  endfacet
  facet normal 0 0 -1
    outer loop
      vertex 5.5 14.33 0
      vertex 33.6794 -17.6794 0
      vertex 33.6232 -17.8365 0
    endloop
  endfacet
  facet normal -0 0 -1
    outer loop
      vertex 33.7507 17.5286 0
      vertex 5.5 14.33 0
      vertex 33.6794 17.6794 0
    endloop
  endfacet
  facet normal 0 0 -1
    outer loop
      vertex 5.5 14.33 0
      vertex 33.6232 -17.8365 0
      vertex 33.5827 -17.9983 0
    endloop
  endfacet
  facet normal -0 0 -1
    outer loop
      vertex 33.6794 17.6794 0
      vertex 5.5 14.33 0
      vertex 33.6232 17.8365 0
    endloop
  endfacet
  facet normal 0 0 -1
    outer loop
      vertex 5.5 14.33 0
      vertex 33.5827 -17.9983 0
      vertex 33.5582 -18.1634 0
    endloop
  endfacet
  facet normal -0 0 -1
    outer loop
      vertex 33.6232 17.8365 0
      vertex 5.5 14.33 0
      vertex 33.5827 17.9983 0
    endloop
  endfacet
  facet normal 0 0 -1
    outer loop
      vertex 5.5 14.33 0
      vertex 33.5582 -18.1634 0
      vertex 33.55 -18.33 0
    endloop
  endfacet
  facet normal -0 0 -1
    outer loop
      vertex 33.5827 17.9983 0
      vertex 5.5 14.33 0
      vertex 33.5582 18.1634 0
    endloop
  endfacet
  facet normal 0 0 -1
    outer loop
      vertex 36.95 -18.33 0
      vertex 39.25 -18.33 0
      vertex 39.2307 -18.7221 0
    endloop
  endfacet
  facet normal 0 0 -1
    outer loop
      vertex 36.9418 -18.1634 0
      vertex 39.25 -18.33 0
      vertex 36.95 -18.33 0
    endloop
  endfacet
  facet normal 0 0 -1
    outer loop
      vertex 36.9418 -18.4966 0
      vertex 39.2307 -18.7221 0
      vertex 39.1731 -19.1104 0
    endloop
  endfacet
  facet normal 0 0 -1
    outer loop
      vertex 36.9173 -17.9983 0
      vertex 39.25 -18.33 0
      vertex 36.9418 -18.1634 0
    endloop
  endfacet
  facet normal 0 0 -1
    outer loop
      vertex 36.9173 -18.6617 0
      vertex 39.1731 -19.1104 0
      vertex 39.0778 -19.4911 0
    endloop
  endfacet
  facet normal 0 0 -1
    outer loop
      vertex 39.25 18.33 0
      vertex 36.95 18.33 0
      vertex 39.2307 18.7221 0
    endloop
  endfacet
  facet normal 0 0 -1
    outer loop
      vertex 36.8768 -18.8235 0
      vertex 39.0778 -19.4911 0
      vertex 38.9455 -19.8607 0
    endloop
  endfacet
  facet normal 0 0 -1
    outer loop
      vertex 36.9418 18.4966 0
      vertex 39.2307 18.7221 0
      vertex 36.95 18.33 0
    endloop
  endfacet
  facet normal 0 0 -1
    outer loop
      vertex 36.8206 -18.9806 0
      vertex 38.9455 -19.8607 0
      vertex 38.7777 -20.2156 0
    endloop
  endfacet
  facet normal -0 0 -1
    outer loop
      vertex 39.2307 18.7221 0
      vertex 36.9418 18.4966 0
      vertex 39.1731 19.1104 0
    endloop
  endfacet
  facet normal 0 0 -1
    outer loop
      vertex 36.7493 -19.1314 0
      vertex 38.7777 -20.2156 0
      vertex 38.5759 -20.5523 0
    endloop
  endfacet
  facet normal 0 0 -1
    outer loop
      vertex 36.9173 18.6617 0
      vertex 39.1731 19.1104 0
      vertex 36.9418 18.4966 0
    endloop
  endfacet
  facet normal 0 0 -1
    outer loop
      vertex 36.6635 -19.2745 0
      vertex 38.5759 -20.5523 0
      vertex 38.342 -20.8676 0
    endloop
  endfacet
  facet normal -0 0 -1
    outer loop
      vertex 39.1731 19.1104 0
      vertex 36.9173 18.6617 0
      vertex 39.0778 19.4911 0
    endloop
  endfacet
  facet normal 0 0 -1
    outer loop
      vertex 36.5641 -19.4085 0
      vertex 38.342 -20.8676 0
      vertex 38.0784 -21.1584 0
    endloop
  endfacet
  facet normal 0 0 -1
    outer loop
      vertex 36.8768 18.8235 0
      vertex 39.0778 19.4911 0
      vertex 36.9173 18.6617 0
    endloop
  endfacet
  facet normal 0 0 -1
    outer loop
      vertex 36.4521 -19.5321 0
      vertex 38.0784 -21.1584 0
      vertex 37.7876 -21.422 0
    endloop
  endfacet
  facet normal -0 0 -1
    outer loop
      vertex 39.0778 19.4911 0
      vertex 36.8768 18.8235 0
      vertex 38.9455 19.8607 0
    endloop
  endfacet
  facet normal 0 0 -1
    outer loop
      vertex 36.3285 -19.6441 0
      vertex 37.7876 -21.422 0
      vertex 37.4723 -21.6559 0
    endloop
  endfacet
  facet normal 0 0 -1
    outer loop
      vertex 36.8206 18.9806 0
      vertex 38.9455 19.8607 0
      vertex 36.8768 18.8235 0
    endloop
  endfacet
  facet normal 0 0 -1
    outer loop
      vertex 36.1945 -19.7435 0
      vertex 37.4723 -21.6559 0
      vertex 37.1356 -21.8577 0
    endloop
  endfacet
  facet normal -0 0 -1
    outer loop
      vertex 38.9455 19.8607 0
      vertex 36.8206 18.9806 0
      vertex 38.7777 20.2156 0
    endloop
  endfacet
  facet normal 0 0 -1
    outer loop
      vertex 36.7493 19.1314 0
      vertex 38.7777 20.2156 0
      vertex 36.8206 18.9806 0
    endloop
  endfacet
  facet normal 0 0 -1
    outer loop
      vertex 39.2307 -18.7221 0
      vertex 36.9418 -18.4966 0
      vertex 36.95 -18.33 0
    endloop
  endfacet
  facet normal 0 0 -1
    outer loop
      vertex 39.1731 -19.1104 0
      vertex 36.9173 -18.6617 0
      vertex 36.9418 -18.4966 0
    endloop
  endfacet
  facet normal 0 0 -1
    outer loop
      vertex 39.0778 -19.4911 0
      vertex 36.8768 -18.8235 0
      vertex 36.9173 -18.6617 0
    endloop
  endfacet
  facet normal 0 0 -1
    outer loop
      vertex 38.9455 -19.8607 0
      vertex 36.8206 -18.9806 0
      vertex 36.8768 -18.8235 0
    endloop
  endfacet
  facet normal 0 0 -1
    outer loop
      vertex 36.0514 -19.8293 0
      vertex 37.1356 -21.8577 0
      vertex 36.7807 -22.0255 0
    endloop
  endfacet
  facet normal 0 0 -1
    outer loop
      vertex 38.7777 -20.2156 0
      vertex 36.7493 -19.1314 0
      vertex 36.8206 -18.9806 0
    endloop
  endfacet
  facet normal 0 0 -1
    outer loop
      vertex 38.5759 -20.5523 0
      vertex 36.6635 -19.2745 0
      vertex 36.7493 -19.1314 0
    endloop
  endfacet
  facet normal 0 0 -1
    outer loop
      vertex 38.342 -20.8676 0
      vertex 36.5641 -19.4085 0
      vertex 36.6635 -19.2745 0
    endloop
  endfacet
  facet normal 0 0 -1
    outer loop
      vertex 38.0784 -21.1584 0
      vertex 36.4521 -19.5321 0
      vertex 36.5641 -19.4085 0
    endloop
  endfacet
  facet normal 0 0 -1
    outer loop
      vertex 35.9006 -19.9006 0
      vertex 36.7807 -22.0255 0
      vertex 36.4111 -22.1578 0
    endloop
  endfacet
  facet normal 0 0 -1
    outer loop
      vertex 37.7876 -21.422 0
      vertex 36.3285 -19.6441 0
      vertex 36.4521 -19.5321 0
    endloop
  endfacet
  facet normal 0 0 -1
    outer loop
      vertex 37.4723 -21.6559 0
      vertex 36.1945 -19.7435 0
      vertex 36.3285 -19.6441 0
    endloop
  endfacet
  facet normal 0 0 -1
    outer loop
      vertex 37.1356 -21.8577 0
      vertex 36.0514 -19.8293 0
      vertex 36.1945 -19.7435 0
    endloop
  endfacet
  facet normal 0 0 -1
    outer loop
      vertex 35.7435 -19.9568 0
      vertex 36.4111 -22.1578 0
      vertex 36.0304 -22.2531 0
    endloop
  endfacet
  facet normal 0 0 -1
    outer loop
      vertex 36.7807 -22.0255 0
      vertex 35.9006 -19.9006 0
      vertex 36.0514 -19.8293 0
    endloop
  endfacet
  facet normal 0 0 -1
    outer loop
      vertex 36.4111 -22.1578 0
      vertex 35.7435 -19.9568 0
      vertex 35.9006 -19.9006 0
    endloop
  endfacet
  facet normal 0 0 -1
    outer loop
      vertex 35.5817 -19.9973 0
      vertex 36.0304 -22.2531 0
      vertex 35.6421 -22.3107 0
    endloop
  endfacet
  facet normal 0 0 -1
    outer loop
      vertex 36.0304 -22.2531 0
      vertex 35.5817 -19.9973 0
      vertex 35.7435 -19.9568 0
    endloop
  endfacet
  facet normal 0 0 -1
    outer loop
      vertex 35.6421 -22.3107 0
      vertex 35.4166 -20.0218 0
      vertex 35.5817 -19.9973 0
    endloop
  endfacet
  facet normal 0 0 -1
    outer loop
      vertex 35.25 -22.33 0
      vertex 35.4166 -20.0218 0
      vertex 35.6421 -22.3107 0
    endloop
  endfacet
  facet normal 0 0 -1
    outer loop
      vertex 35.25 -22.33 0
      vertex 35.25 -20.03 0
      vertex 35.4166 -20.0218 0
    endloop
  endfacet
  facet normal 0 0 -1
    outer loop
      vertex 35.25 -22.33 0
      vertex 35.0834 -20.0218 0
      vertex 35.25 -20.03 0
    endloop
  endfacet
  facet normal 0 0 -1
    outer loop
      vertex 35.25 -22.33 0
      vertex 34.9183 -19.9973 0
      vertex 35.0834 -20.0218 0
    endloop
  endfacet
  facet normal 0 0 -1
    outer loop
      vertex 35.25 -22.33 0
      vertex 34.7565 -19.9568 0
      vertex 34.9183 -19.9973 0
    endloop
  endfacet
  facet normal 0 0 -1
    outer loop
      vertex 35.25 -22.33 0
      vertex 34.5994 -19.9006 0
      vertex 34.7565 -19.9568 0
    endloop
  endfacet
  facet normal 0 0 -1
    outer loop
      vertex 35.25 -22.33 0
      vertex 34.4486 -19.8293 0
      vertex 34.5994 -19.9006 0
    endloop
  endfacet
  facet normal 0 0 -1
    outer loop
      vertex 35.25 -22.33 0
      vertex 34.3055 -19.7435 0
      vertex 34.4486 -19.8293 0
    endloop
  endfacet
  facet normal 0 0 -1
    outer loop
      vertex 35.25 -22.33 0
      vertex 34.1715 -19.6441 0
      vertex 34.3055 -19.7435 0
    endloop
  endfacet
  facet normal 0 0 -1
    outer loop
      vertex 35.25 -22.33 0
      vertex 34.0479 -19.5321 0
      vertex 34.1715 -19.6441 0
    endloop
  endfacet
  facet normal 0 0 -1
    outer loop
      vertex 35.25 -22.33 0
      vertex 33.9359 -19.4085 0
      vertex 34.0479 -19.5321 0
    endloop
  endfacet
  facet normal 0 0 -1
    outer loop
      vertex 35.25 -22.33 0
      vertex 33.8365 -19.2745 0
      vertex 33.9359 -19.4085 0
    endloop
  endfacet
  facet normal 0 0 -1
    outer loop
      vertex 35.25 -22.33 0
      vertex 33.7507 -19.1314 0
      vertex 33.8365 -19.2745 0
    endloop
  endfacet
  facet normal 0 0 -1
    outer loop
      vertex -33.7507 -19.1314 0
      vertex 33.7507 -19.1314 0
      vertex 35.25 -22.33 0
    endloop
  endfacet
  facet normal 0 0 -1
    outer loop
      vertex 5.5 20.33 0
      vertex 33.5582 18.1634 0
      vertex 5.5 14.33 0
    endloop
  endfacet
  facet normal 0 0 -1
    outer loop
      vertex -33.55 -18.33 0
      vertex 33.55 -18.33 0
      vertex 33.5582 -18.4966 0
    endloop
  endfacet
  facet normal 0 0 -1
    outer loop
      vertex -33.5582 -18.4966 0
      vertex 33.5582 -18.4966 0
      vertex 33.5827 -18.6617 0
    endloop
  endfacet
  facet normal 0 0 -1
    outer loop
      vertex -33.5827 -18.6617 0
      vertex 33.5827 -18.6617 0
      vertex 33.6232 -18.8235 0
    endloop
  endfacet
  facet normal 0 0 -1
    outer loop
      vertex -33.6232 -18.8235 0
      vertex 33.6232 -18.8235 0
      vertex 33.6794 -18.9806 0
    endloop
  endfacet
  facet normal 0 0 -1
    outer loop
      vertex 33.7507 -19.1314 0
      vertex -33.7507 -19.1314 0
      vertex 33.6794 -18.9806 0
    endloop
  endfacet
  facet normal 0 0 -1
    outer loop
      vertex 33.55 -18.33 0
      vertex -33.55 -18.33 0
      vertex 5.5 14.33 0
    endloop
  endfacet
  facet normal 0 0 -1
    outer loop
      vertex -33.5582 -18.1634 0
      vertex -5.5 14.33 0
      vertex -33.55 -18.33 0
    endloop
  endfacet
  facet normal -0 0 -1
    outer loop
      vertex 5.5 14.33 0
      vertex -33.55 -18.33 0
      vertex -5.5 14.33 0
    endloop
  endfacet
  facet normal 0 0 -1
    outer loop
      vertex 33.5582 -18.4966 0
      vertex -33.5582 -18.4966 0
      vertex -33.55 -18.33 0
    endloop
  endfacet
  facet normal 0 0 -1
    outer loop
      vertex 33.5827 -18.6617 0
      vertex -33.5827 -18.6617 0
      vertex -33.5582 -18.4966 0
    endloop
  endfacet
  facet normal 0 0 -1
    outer loop
      vertex 33.6232 -18.8235 0
      vertex -33.6232 -18.8235 0
      vertex -33.5827 -18.6617 0
    endloop
  endfacet
  facet normal 0 0 -1
    outer loop
      vertex 33.6794 -18.9806 0
      vertex -33.6794 -18.9806 0
      vertex -33.6232 -18.8235 0
    endloop
  endfacet
  facet normal -0 0 -1
    outer loop
      vertex 33.6794 -18.9806 0
      vertex -33.7507 -19.1314 0
      vertex -33.6794 -18.9806 0
    endloop
  endfacet
  facet normal 0 0 -1
    outer loop
      vertex -35.25 -22.33 0
      vertex -33.7507 -19.1314 0
      vertex 35.25 -22.33 0
    endloop
  endfacet
  facet normal 0 0 -1
    outer loop
      vertex -33.7507 -19.1314 0
      vertex -35.25 -22.33 0
      vertex -33.8365 -19.2745 0
    endloop
  endfacet
  facet normal 0 0 -1
    outer loop
      vertex -33.8365 -19.2745 0
      vertex -35.25 -22.33 0
      vertex -33.9359 -19.4085 0
    endloop
  endfacet
  facet normal 0 0 -1
    outer loop
      vertex -33.9359 -19.4085 0
      vertex -35.25 -22.33 0
      vertex -34.0479 -19.5321 0
    endloop
  endfacet
  facet normal 0 0 -1
    outer loop
      vertex -34.0479 -19.5321 0
      vertex -35.25 -22.33 0
      vertex -34.1715 -19.6441 0
    endloop
  endfacet
  facet normal 0 0 -1
    outer loop
      vertex -34.1715 -19.6441 0
      vertex -35.25 -22.33 0
      vertex -34.3055 -19.7435 0
    endloop
  endfacet
  facet normal 0 0 -1
    outer loop
      vertex -34.3055 -19.7435 0
      vertex -35.25 -22.33 0
      vertex -34.4486 -19.8293 0
    endloop
  endfacet
  facet normal 0 0 -1
    outer loop
      vertex -34.4486 -19.8293 0
      vertex -35.25 -22.33 0
      vertex -34.5994 -19.9006 0
    endloop
  endfacet
  facet normal 0 0 -1
    outer loop
      vertex -34.5994 -19.9006 0
      vertex -35.25 -22.33 0
      vertex -34.7565 -19.9568 0
    endloop
  endfacet
  facet normal 0 0 -1
    outer loop
      vertex -34.7565 -19.9568 0
      vertex -35.25 -22.33 0
      vertex -34.9183 -19.9973 0
    endloop
  endfacet
  facet normal 0 0 -1
    outer loop
      vertex -34.9183 -19.9973 0
      vertex -35.25 -22.33 0
      vertex -35.0834 -20.0218 0
    endloop
  endfacet
  facet normal 0 0 -1
    outer loop
      vertex -35.25 -22.33 0
      vertex -35.25 -20.03 0
      vertex -35.0834 -20.0218 0
    endloop
  endfacet
  facet normal 0 0 -1
    outer loop
      vertex -35.25 -22.33 0
      vertex -35.4166 -20.0218 0
      vertex -35.25 -20.03 0
    endloop
  endfacet
  facet normal 0 0 -1
    outer loop
      vertex -35.6421 -22.3107 0
      vertex -35.4166 -20.0218 0
      vertex -35.25 -22.33 0
    endloop
  endfacet
  facet normal -0 0 -1
    outer loop
      vertex -35.4166 -20.0218 0
      vertex -35.6421 -22.3107 0
      vertex -35.5817 -19.9973 0
    endloop
  endfacet
  facet normal 0 0 -1
    outer loop
      vertex -36.0304 -22.2531 0
      vertex -35.5817 -19.9973 0
      vertex -35.6421 -22.3107 0
    endloop
  endfacet
  facet normal -0 0 -1
    outer loop
      vertex -35.5817 -19.9973 0
      vertex -36.0304 -22.2531 0
      vertex -35.7435 -19.9568 0
    endloop
  endfacet
  facet normal 0 0 -1
    outer loop
      vertex -36.4111 -22.1578 0
      vertex -35.7435 -19.9568 0
      vertex -36.0304 -22.2531 0
    endloop
  endfacet
  facet normal -0 0 -1
    outer loop
      vertex -35.7435 -19.9568 0
      vertex -36.4111 -22.1578 0
      vertex -35.9006 -19.9006 0
    endloop
  endfacet
  facet normal 0 0 -1
    outer loop
      vertex -36.7807 -22.0255 0
      vertex -35.9006 -19.9006 0
      vertex -36.4111 -22.1578 0
    endloop
  endfacet
  facet normal -0 0 -1
    outer loop
      vertex -35.9006 -19.9006 0
      vertex -36.7807 -22.0255 0
      vertex -36.0514 -19.8293 0
    endloop
  endfacet
  facet normal 0 0 -1
    outer loop
      vertex -37.1356 -21.8577 0
      vertex -36.0514 -19.8293 0
      vertex -36.7807 -22.0255 0
    endloop
  endfacet
  facet normal -0 0 -1
    outer loop
      vertex -36.0514 -19.8293 0
      vertex -37.1356 -21.8577 0
      vertex -36.1945 -19.7435 0
    endloop
  endfacet
  facet normal 0 0 -1
    outer loop
      vertex -37.4723 -21.6559 0
      vertex -36.1945 -19.7435 0
      vertex -37.1356 -21.8577 0
    endloop
  endfacet
  facet normal -0 0 -1
    outer loop
      vertex -36.1945 -19.7435 0
      vertex -37.4723 -21.6559 0
      vertex -36.3285 -19.6441 0
    endloop
  endfacet
  facet normal 0 0 -1
    outer loop
      vertex -37.7876 -21.422 0
      vertex -36.3285 -19.6441 0
      vertex -37.4723 -21.6559 0
    endloop
  endfacet
  facet normal -0 0 -1
    outer loop
      vertex -36.3285 -19.6441 0
      vertex -37.7876 -21.422 0
      vertex -36.4521 -19.5321 0
    endloop
  endfacet
  facet normal 0 0 -1
    outer loop
      vertex -38.0784 -21.1584 0
      vertex -36.4521 -19.5321 0
      vertex -37.7876 -21.422 0
    endloop
  endfacet
  facet normal -0 0 -1
    outer loop
      vertex -36.4521 -19.5321 0
      vertex -38.0784 -21.1584 0
      vertex -36.5641 -19.4085 0
    endloop
  endfacet
  facet normal 0 0 -1
    outer loop
      vertex -38.342 -20.8676 0
      vertex -36.5641 -19.4085 0
      vertex -38.0784 -21.1584 0
    endloop
  endfacet
  facet normal -0 0 -1
    outer loop
      vertex -36.5641 -19.4085 0
      vertex -38.342 -20.8676 0
      vertex -36.6635 -19.2745 0
    endloop
  endfacet
  facet normal 0 0 -1
    outer loop
      vertex -38.5759 -20.5523 0
      vertex -36.6635 -19.2745 0
      vertex -38.342 -20.8676 0
    endloop
  endfacet
  facet normal 0 0 -1
    outer loop
      vertex -38.7777 -20.2156 0
      vertex -36.7493 -19.1314 0
      vertex -38.5759 -20.5523 0
    endloop
  endfacet
  facet normal -0 0 -1
    outer loop
      vertex -36.6635 -19.2745 0
      vertex -38.5759 -20.5523 0
      vertex -36.7493 -19.1314 0
    endloop
  endfacet
  facet normal -0 0 -1
    outer loop
      vertex 38.7777 20.2156 0
      vertex 36.7493 19.1314 0
      vertex 38.5759 20.5523 0
    endloop
  endfacet
  facet normal 0 0 -1
    outer loop
      vertex 36.6635 19.2745 0
      vertex 38.5759 20.5523 0
      vertex 36.7493 19.1314 0
    endloop
  endfacet
  facet normal -0 0 -1
    outer loop
      vertex 38.5759 20.5523 0
      vertex 36.6635 19.2745 0
      vertex 38.342 20.8676 0
    endloop
  endfacet
  facet normal 0 0 -1
    outer loop
      vertex 36.5641 19.4085 0
      vertex 38.342 20.8676 0
      vertex 36.6635 19.2745 0
    endloop
  endfacet
  facet normal -0 0 -1
    outer loop
      vertex 38.342 20.8676 0
      vertex 36.5641 19.4085 0
      vertex 38.0784 21.1584 0
    endloop
  endfacet
  facet normal 0 0 -1
    outer loop
      vertex 36.4521 19.5321 0
      vertex 38.0784 21.1584 0
      vertex 36.5641 19.4085 0
    endloop
  endfacet
  facet normal -0 0 -1
    outer loop
      vertex 38.0784 21.1584 0
      vertex 36.4521 19.5321 0
      vertex 37.7876 21.422 0
    endloop
  endfacet
  facet normal 0 0 -1
    outer loop
      vertex 36.3285 19.6441 0
      vertex 37.7876 21.422 0
      vertex 36.4521 19.5321 0
    endloop
  endfacet
  facet normal -0 0 -1
    outer loop
      vertex 37.7876 21.422 0
      vertex 36.3285 19.6441 0
      vertex 37.4723 21.6559 0
    endloop
  endfacet
  facet normal 0 0 -1
    outer loop
      vertex 36.1945 19.7435 0
      vertex 37.4723 21.6559 0
      vertex 36.3285 19.6441 0
    endloop
  endfacet
  facet normal -0 0 -1
    outer loop
      vertex 37.4723 21.6559 0
      vertex 36.1945 19.7435 0
      vertex 37.1356 21.8577 0
    endloop
  endfacet
  facet normal 0 0 -1
    outer loop
      vertex 36.0514 19.8293 0
      vertex 37.1356 21.8577 0
      vertex 36.1945 19.7435 0
    endloop
  endfacet
  facet normal -0 0 -1
    outer loop
      vertex 37.1356 21.8577 0
      vertex 36.0514 19.8293 0
      vertex 36.7807 22.0255 0
    endloop
  endfacet
  facet normal 0 0 -1
    outer loop
      vertex 35.9006 19.9006 0
      vertex 36.7807 22.0255 0
      vertex 36.0514 19.8293 0
    endloop
  endfacet
  facet normal -0 0 -1
    outer loop
      vertex 36.7807 22.0255 0
      vertex 35.9006 19.9006 0
      vertex 36.4111 22.1578 0
    endloop
  endfacet
  facet normal 0 0 -1
    outer loop
      vertex 35.7435 19.9568 0
      vertex 36.4111 22.1578 0
      vertex 35.9006 19.9006 0
    endloop
  endfacet
  facet normal -0 0 -1
    outer loop
      vertex 36.4111 22.1578 0
      vertex 35.7435 19.9568 0
      vertex 36.0304 22.2531 0
    endloop
  endfacet
  facet normal 0 0 -1
    outer loop
      vertex 35.5817 19.9973 0
      vertex 36.0304 22.2531 0
      vertex 35.7435 19.9568 0
    endloop
  endfacet
  facet normal -0 0 -1
    outer loop
      vertex 36.0304 22.2531 0
      vertex 35.5817 19.9973 0
      vertex 35.6421 22.3107 0
    endloop
  endfacet
  facet normal 0 0 -1
    outer loop
      vertex 35.4166 20.0218 0
      vertex 35.6421 22.3107 0
      vertex 35.5817 19.9973 0
    endloop
  endfacet
  facet normal 0 0 -1
    outer loop
      vertex 35.25 20.03 0
      vertex 35.6421 22.3107 0
      vertex 35.4166 20.0218 0
    endloop
  endfacet
  facet normal 0 0 -1
    outer loop
      vertex 35.25 20.03 0
      vertex 35.25 22.33 0
      vertex 35.6421 22.3107 0
    endloop
  endfacet
  facet normal 0 0 -1
    outer loop
      vertex 35.0834 20.0218 0
      vertex 35.25 22.33 0
      vertex 35.25 20.03 0
    endloop
  endfacet
  facet normal 0 0 -1
    outer loop
      vertex 34.9183 19.9973 0
      vertex 35.25 22.33 0
      vertex 35.0834 20.0218 0
    endloop
  endfacet
  facet normal 0 0 -1
    outer loop
      vertex 34.7565 19.9568 0
      vertex 35.25 22.33 0
      vertex 34.9183 19.9973 0
    endloop
  endfacet
  facet normal 0 0 -1
    outer loop
      vertex 34.5994 19.9006 0
      vertex 35.25 22.33 0
      vertex 34.7565 19.9568 0
    endloop
  endfacet
  facet normal 0 0 -1
    outer loop
      vertex 34.4486 19.8293 0
      vertex 35.25 22.33 0
      vertex 34.5994 19.9006 0
    endloop
  endfacet
  facet normal 0 0 -1
    outer loop
      vertex 34.3055 19.7435 0
      vertex 35.25 22.33 0
      vertex 34.4486 19.8293 0
    endloop
  endfacet
  facet normal 0 0 -1
    outer loop
      vertex 34.1715 19.6441 0
      vertex 35.25 22.33 0
      vertex 34.3055 19.7435 0
    endloop
  endfacet
  facet normal 0 0 -1
    outer loop
      vertex 34.0479 19.5321 0
      vertex 35.25 22.33 0
      vertex 34.1715 19.6441 0
    endloop
  endfacet
  facet normal 0 0 -1
    outer loop
      vertex 33.9359 19.4085 0
      vertex 35.25 22.33 0
      vertex 34.0479 19.5321 0
    endloop
  endfacet
  facet normal 0 0 -1
    outer loop
      vertex 33.8365 19.2745 0
      vertex 35.25 22.33 0
      vertex 33.9359 19.4085 0
    endloop
  endfacet
  facet normal 0 0 -1
    outer loop
      vertex 33.7507 19.1314 0
      vertex 35.25 22.33 0
      vertex 33.8365 19.2745 0
    endloop
  endfacet
  facet normal 0 0 -1
    outer loop
      vertex 5.5 20.33 0
      vertex 33.7507 19.1314 0
      vertex 33.6794 18.9806 0
    endloop
  endfacet
  facet normal 0 0 -1
    outer loop
      vertex 33.5582 18.1634 0
      vertex 5.5 20.33 0
      vertex 33.55 18.33 0
    endloop
  endfacet
  facet normal 0 0 -1
    outer loop
      vertex 33.55 18.33 0
      vertex 5.5 20.33 0
      vertex 33.5582 18.4966 0
    endloop
  endfacet
  facet normal 0 0 -1
    outer loop
      vertex 33.5582 18.4966 0
      vertex 5.5 20.33 0
      vertex 33.5827 18.6617 0
    endloop
  endfacet
  facet normal 0 0 -1
    outer loop
      vertex 33.5827 18.6617 0
      vertex 5.5 20.33 0
      vertex 33.6232 18.8235 0
    endloop
  endfacet
  facet normal 0 0 -1
    outer loop
      vertex 33.6232 18.8235 0
      vertex 5.5 20.33 0
      vertex 33.6794 18.9806 0
    endloop
  endfacet
  facet normal 0 0 -1
    outer loop
      vertex 33.7507 19.1314 0
      vertex 5.5 20.33 0
      vertex 35.25 22.33 0
    endloop
  endfacet
  facet normal 0 0 -1
    outer loop
      vertex -5.5 20.33 0
      vertex 35.25 22.33 0
      vertex 5.5 20.33 0
    endloop
  endfacet
  facet normal 0 0 -1
    outer loop
      vertex -5.5 14.33 0
      vertex -33.55 18.33 0
      vertex -5.5 20.33 0
    endloop
  endfacet
  facet normal 0 0 -1
    outer loop
      vertex -33.5582 18.4966 0
      vertex -5.5 20.33 0
      vertex -33.55 18.33 0
    endloop
  endfacet
  facet normal 0 0 -1
    outer loop
      vertex -33.5827 18.6617 0
      vertex -5.5 20.33 0
      vertex -33.5582 18.4966 0
    endloop
  endfacet
  facet normal 0 0 -1
    outer loop
      vertex -33.6232 18.8235 0
      vertex -5.5 20.33 0
      vertex -33.5827 18.6617 0
    endloop
  endfacet
  facet normal 0 0 -1
    outer loop
      vertex -33.6794 18.9806 0
      vertex -5.5 20.33 0
      vertex -33.6232 18.8235 0
    endloop
  endfacet
  facet normal 0 0 -1
    outer loop
      vertex -33.7507 19.1314 0
      vertex -5.5 20.33 0
      vertex -33.6794 18.9806 0
    endloop
  endfacet
  facet normal 0 0 -1
    outer loop
      vertex -35.25 22.33 0
      vertex -5.5 20.33 0
      vertex -33.7507 19.1314 0
    endloop
  endfacet
  facet normal 0 0 -1
    outer loop
      vertex -35.25 22.33 0
      vertex -33.7507 19.1314 0
      vertex -33.8365 19.2745 0
    endloop
  endfacet
  facet normal 0 0 -1
    outer loop
      vertex -35.25 22.33 0
      vertex -33.8365 19.2745 0
      vertex -33.9359 19.4085 0
    endloop
  endfacet
  facet normal 0 0 -1
    outer loop
      vertex -35.25 22.33 0
      vertex -33.9359 19.4085 0
      vertex -34.0479 19.5321 0
    endloop
  endfacet
  facet normal 0 0 -1
    outer loop
      vertex -35.25 22.33 0
      vertex -34.0479 19.5321 0
      vertex -34.1715 19.6441 0
    endloop
  endfacet
  facet normal 0 0 -1
    outer loop
      vertex -35.25 22.33 0
      vertex -34.1715 19.6441 0
      vertex -34.3055 19.7435 0
    endloop
  endfacet
  facet normal 0 0 -1
    outer loop
      vertex -35.25 22.33 0
      vertex -34.3055 19.7435 0
      vertex -34.4486 19.8293 0
    endloop
  endfacet
  facet normal 0 0 -1
    outer loop
      vertex -35.25 22.33 0
      vertex -34.4486 19.8293 0
      vertex -34.5994 19.9006 0
    endloop
  endfacet
  facet normal 0 0 -1
    outer loop
      vertex -35.25 22.33 0
      vertex -34.5994 19.9006 0
      vertex -34.7565 19.9568 0
    endloop
  endfacet
  facet normal 0 0 -1
    outer loop
      vertex -35.25 22.33 0
      vertex -34.7565 19.9568 0
      vertex -34.9183 19.9973 0
    endloop
  endfacet
  facet normal 0 0 -1
    outer loop
      vertex -35.25 22.33 0
      vertex -34.9183 19.9973 0
      vertex -35.0834 20.0218 0
    endloop
  endfacet
  facet normal 0 0 -1
    outer loop
      vertex -35.25 22.33 0
      vertex -35.0834 20.0218 0
      vertex -35.25 20.03 0
    endloop
  endfacet
  facet normal 0 0 -1
    outer loop
      vertex -5.5 20.33 0
      vertex -35.25 22.33 0
      vertex 35.25 22.33 0
    endloop
  endfacet
  facet normal 0 0 -1
    outer loop
      vertex -35.4166 20.0218 0
      vertex -35.25 22.33 0
      vertex -35.25 20.03 0
    endloop
  endfacet
  facet normal 0 0 -1
    outer loop
      vertex -35.6421 22.3107 0
      vertex -35.4166 20.0218 0
      vertex -35.5817 19.9973 0
    endloop
  endfacet
  facet normal 0 0 -1
    outer loop
      vertex -35.4166 20.0218 0
      vertex -35.6421 22.3107 0
      vertex -35.25 22.33 0
    endloop
  endfacet
  facet normal 0 0 -1
    outer loop
      vertex -36.0304 22.2531 0
      vertex -35.5817 19.9973 0
      vertex -35.7435 19.9568 0
    endloop
  endfacet
  facet normal 0 0 -1
    outer loop
      vertex -36.4111 22.1578 0
      vertex -35.7435 19.9568 0
      vertex -35.9006 19.9006 0
    endloop
  endfacet
  facet normal 0 0 -1
    outer loop
      vertex -35.5817 19.9973 0
      vertex -36.0304 22.2531 0
      vertex -35.6421 22.3107 0
    endloop
  endfacet
  facet normal 0 0 -1
    outer loop
      vertex -36.7807 22.0255 0
      vertex -35.9006 19.9006 0
      vertex -36.0514 19.8293 0
    endloop
  endfacet
  facet normal 0 0 -1
    outer loop
      vertex -37.1356 21.8577 0
      vertex -36.0514 19.8293 0
      vertex -36.1945 19.7435 0
    endloop
  endfacet
  facet normal 0 0 -1
    outer loop
      vertex -37.4723 21.6559 0
      vertex -36.1945 19.7435 0
      vertex -36.3285 19.6441 0
    endloop
  endfacet
  facet normal 0 0 -1
    outer loop
      vertex -35.7435 19.9568 0
      vertex -36.4111 22.1578 0
      vertex -36.0304 22.2531 0
    endloop
  endfacet
  facet normal 0 0 -1
    outer loop
      vertex -37.7876 21.422 0
      vertex -36.3285 19.6441 0
      vertex -36.4521 19.5321 0
    endloop
  endfacet
  facet normal 0 0 -1
    outer loop
      vertex -38.0784 21.1584 0
      vertex -36.4521 19.5321 0
      vertex -36.5641 19.4085 0
    endloop
  endfacet
  facet normal 0 0 -1
    outer loop
      vertex -38.342 20.8676 0
      vertex -36.5641 19.4085 0
      vertex -36.6635 19.2745 0
    endloop
  endfacet
  facet normal 0 0 -1
    outer loop
      vertex -38.5759 20.5523 0
      vertex -36.6635 19.2745 0
      vertex -36.7493 19.1314 0
    endloop
  endfacet
  facet normal 0 0 -1
    outer loop
      vertex -35.9006 19.9006 0
      vertex -36.7807 22.0255 0
      vertex -36.4111 22.1578 0
    endloop
  endfacet
  facet normal 0 0 -1
    outer loop
      vertex -38.7777 20.2156 0
      vertex -36.7493 19.1314 0
      vertex -36.8206 18.9806 0
    endloop
  endfacet
  facet normal 0 0 -1
    outer loop
      vertex -38.9455 19.8607 0
      vertex -36.8206 18.9806 0
      vertex -36.8768 18.8235 0
    endloop
  endfacet
  facet normal 0 0 -1
    outer loop
      vertex -39.0778 19.4911 0
      vertex -36.8768 18.8235 0
      vertex -36.9173 18.6617 0
    endloop
  endfacet
  facet normal 0 0 -1
    outer loop
      vertex -39.1731 19.1104 0
      vertex -36.9173 18.6617 0
      vertex -36.9418 18.4966 0
    endloop
  endfacet
  facet normal 0 0 -1
    outer loop
      vertex -39.2307 18.7221 0
      vertex -36.9418 18.4966 0
      vertex -36.95 18.33 0
    endloop
  endfacet
  facet normal 0 0 -1
    outer loop
      vertex -36.0514 19.8293 0
      vertex -37.1356 21.8577 0
      vertex -36.7807 22.0255 0
    endloop
  endfacet
  facet normal 0 0 -1
    outer loop
      vertex -36.9173 17.9983 0
      vertex -39.25 18.33 0
      vertex -36.9418 18.1634 0
    endloop
  endfacet
  facet normal -0 0 -1
    outer loop
      vertex -36.7493 -19.1314 0
      vertex -38.7777 -20.2156 0
      vertex -36.8206 -18.9806 0
    endloop
  endfacet
  facet normal 0 0 -1
    outer loop
      vertex -36.9418 18.1634 0
      vertex -39.25 18.33 0
      vertex -36.95 18.33 0
    endloop
  endfacet
  facet normal 0 0 -1
    outer loop
      vertex -38.9455 -19.8607 0
      vertex -36.8206 -18.9806 0
      vertex -38.7777 -20.2156 0
    endloop
  endfacet
  facet normal 0 -0 -1
    outer loop
      vertex -39.2307 18.7221 0
      vertex -36.95 18.33 0
      vertex -39.25 18.33 0
    endloop
  endfacet
  facet normal -0 0 -1
    outer loop
      vertex -36.8206 -18.9806 0
      vertex -38.9455 -19.8607 0
      vertex -36.8768 -18.8235 0
    endloop
  endfacet
  facet normal 0 0 -1
    outer loop
      vertex -36.1945 19.7435 0
      vertex -37.4723 21.6559 0
      vertex -37.1356 21.8577 0
    endloop
  endfacet
  facet normal 0 0 -1
    outer loop
      vertex -39.0778 -19.4911 0
      vertex -36.8768 -18.8235 0
      vertex -38.9455 -19.8607 0
    endloop
  endfacet
  facet normal 0 0 -1
    outer loop
      vertex -36.3285 19.6441 0
      vertex -37.7876 21.422 0
      vertex -37.4723 21.6559 0
    endloop
  endfacet
  facet normal -0 0 -1
    outer loop
      vertex -36.8768 -18.8235 0
      vertex -39.0778 -19.4911 0
      vertex -36.9173 -18.6617 0
    endloop
  endfacet
  facet normal 0 0 -1
    outer loop
      vertex -36.4521 19.5321 0
      vertex -38.0784 21.1584 0
      vertex -37.7876 21.422 0
    endloop
  endfacet
  facet normal 0 0 -1
    outer loop
      vertex -39.1731 -19.1104 0
      vertex -36.9173 -18.6617 0
      vertex -39.0778 -19.4911 0
    endloop
  endfacet
  facet normal 0 0 -1
    outer loop
      vertex -36.5641 19.4085 0
      vertex -38.342 20.8676 0
      vertex -38.0784 21.1584 0
    endloop
  endfacet
  facet normal -0 0 -1
    outer loop
      vertex -36.9173 -18.6617 0
      vertex -39.1731 -19.1104 0
      vertex -36.9418 -18.4966 0
    endloop
  endfacet
  facet normal 0 0 -1
    outer loop
      vertex -36.6635 19.2745 0
      vertex -38.5759 20.5523 0
      vertex -38.342 20.8676 0
    endloop
  endfacet
  facet normal 0 0 -1
    outer loop
      vertex -39.2307 -18.7221 0
      vertex -36.9418 -18.4966 0
      vertex -39.1731 -19.1104 0
    endloop
  endfacet
  facet normal 0 0 -1
    outer loop
      vertex -36.7493 19.1314 0
      vertex -38.7777 20.2156 0
      vertex -38.5759 20.5523 0
    endloop
  endfacet
  facet normal -0 0 -1
    outer loop
      vertex -36.9418 -18.4966 0
      vertex -39.2307 -18.7221 0
      vertex -36.95 -18.33 0
    endloop
  endfacet
  facet normal 0 0 -1
    outer loop
      vertex -36.8206 18.9806 0
      vertex -38.9455 19.8607 0
      vertex -38.7777 20.2156 0
    endloop
  endfacet
  facet normal -0 0 -1
    outer loop
      vertex -36.95 -18.33 0
      vertex -39.2307 -18.7221 0
      vertex -39.25 -18.33 0
    endloop
  endfacet
  facet normal 0 0 -1
    outer loop
      vertex -36.8768 18.8235 0
      vertex -39.0778 19.4911 0
      vertex -38.9455 19.8607 0
    endloop
  endfacet
  facet normal 0 0 -1
    outer loop
      vertex -36.9173 18.6617 0
      vertex -39.1731 19.1104 0
      vertex -39.0778 19.4911 0
    endloop
  endfacet
  facet normal 0 0 -1
    outer loop
      vertex -36.9418 18.4966 0
      vertex -39.2307 18.7221 0
      vertex -39.1731 19.1104 0
    endloop
  endfacet
  facet normal -1 0 0
    outer loop
      vertex 5.5 14.33 0
      vertex 5.5 20.33 2.4
      vertex 5.5 20.33 0
    endloop
  endfacet
  facet normal -1 -0 0
    outer loop
      vertex 5.5 20.33 2.4
      vertex 5.5 14.33 0
      vertex 5.5 14.33 2.4
    endloop
  endfacet
  facet normal 1 -0 0
    outer loop
      vertex -5.5 14.33 2.4
      vertex -5.5 20.33 0
      vertex -5.5 20.33 2.4
    endloop
  endfacet
  facet normal 1 0 0
    outer loop
      vertex -5.5 20.33 0
      vertex -5.5 14.33 2.4
      vertex -5.5 14.33 0
    endloop
  endfacet
  facet normal 0 -1 0
    outer loop
      vertex -5.5 20.33 0
      vertex 5.5 20.33 2.4
      vertex -5.5 20.33 2.4
    endloop
  endfacet
  facet normal 0 -1 -0
    outer loop
      vertex 5.5 20.33 2.4
      vertex -5.5 20.33 0
      vertex 5.5 20.33 0
    endloop
  endfacet
  facet normal 0 1 -0
    outer loop
      vertex 5.5 14.33 0
      vertex -5.5 14.33 2.4
      vertex 5.5 14.33 2.4
    endloop
  endfacet
  facet normal 0 1 0
    outer loop
      vertex -5.5 14.33 2.4
      vertex 5.5 14.33 0
      vertex -5.5 14.33 0
    endloop
  endfacet
endsolid OpenSCAD_Model
