solid OpenSCAD_Model
  facet normal 0.857709 0.514136 0
    outer loop
      vertex 54.8796 69.087 4
      vertex 54.6273 69.5079 0
      vertex 54.6273 69.5079 4
    endloop
  endfacet
  facet normal 0.857709 0.514136 0
    outer loop
      vertex 54.6273 69.5079 0
      vertex 54.8796 69.087 4
      vertex 54.8796 69.087 0
    endloop
  endfacet
  facet normal 0.998793 -0.0491143 0
    outer loop
      vertex 55.4459 -23.0201 4
      vertex 55.47 -22.53 0
      vertex 55.47 -22.53 4
    endloop
  endfacet
  facet normal 0.998793 -0.0491143 0
    outer loop
      vertex 55.47 -22.53 0
      vertex 55.4459 -23.0201 4
      vertex 55.4459 -23.0201 0
    endloop
  endfacet
  facet normal 0.146755 0.989173 -0
    outer loop
      vertex 51.4454 71.6339 0
      vertex 50.9601 71.7059 4
      vertex 51.4454 71.6339 4
    endloop
  endfacet
  facet normal 0.146755 0.989173 0
    outer loop
      vertex 50.9601 71.7059 4
      vertex 51.4454 71.6339 0
      vertex 50.9601 71.7059 0
    endloop
  endfacet
  facet normal 0.903995 0.427543 0
    outer loop
      vertex 55.0894 68.6434 4
      vertex 54.8796 69.087 0
      vertex 54.8796 69.087 4
    endloop
  endfacet
  facet normal 0.903995 0.427543 0
    outer loop
      vertex 54.8796 69.087 0
      vertex 55.0894 68.6434 4
      vertex 55.0894 68.6434 0
    endloop
  endfacet
  facet normal 0 -1 0
    outer loop
      vertex -50.47 -27.53 0
      vertex 50.47 -27.53 4
      vertex -50.47 -27.53 4
    endloop
  endfacet
  facet normal 0 -1 -0
    outer loop
      vertex 50.47 -27.53 4
      vertex -50.47 -27.53 0
      vertex 50.47 -27.53 0
    endloop
  endfacet
  facet normal 0.242919 -0.970047 0
    outer loop
      vertex 51.4454 -27.4339 0
      vertex 51.9214 -27.3147 4
      vertex 51.4454 -27.4339 4
    endloop
  endfacet
  facet normal 0.242919 -0.970047 0
    outer loop
      vertex 51.9214 -27.3147 4
      vertex 51.4454 -27.4339 0
      vertex 51.9214 -27.3147 0
    endloop
  endfacet
  facet normal -0.740806 0.671719 0
    outer loop
      vertex -54.3351 69.902 0
      vertex -54.0055 70.2655 4
      vertex -54.0055 70.2655 0
    endloop
  endfacet
  facet normal -0.740806 0.671719 0
    outer loop
      vertex -54.0055 70.2655 4
      vertex -54.3351 69.902 0
      vertex -54.3351 69.902 4
    endloop
  endfacet
  facet normal -0.595491 -0.803362 0
    outer loop
      vertex -53.642 -26.3951 0
      vertex -53.2478 -26.6873 4
      vertex -53.642 -26.3951 4
    endloop
  endfacet
  facet normal -0.595491 -0.803362 -0
    outer loop
      vertex -53.2478 -26.6873 4
      vertex -53.642 -26.3951 0
      vertex -53.2478 -26.6873 0
    endloop
  endfacet
  facet normal 0.740806 0.671719 0
    outer loop
      vertex 54.3351 69.902 4
      vertex 54.0055 70.2655 0
      vertex 54.0055 70.2655 4
    endloop
  endfacet
  facet normal 0.740806 0.671719 0
    outer loop
      vertex 54.0055 70.2655 0
      vertex 54.3351 69.902 4
      vertex 54.3351 69.902 0
    endloop
  endfacet
  facet normal 0 1 -0
    outer loop
      vertex 50.47 71.73 0
      vertex -50.47 71.73 4
      vertex 50.47 71.73 4
    endloop
  endfacet
  facet normal 0 1 0
    outer loop
      vertex -50.47 71.73 4
      vertex 50.47 71.73 0
      vertex -50.47 71.73 0
    endloop
  endfacet
  facet normal 0.970034 -0.242967 0
    outer loop
      vertex 55.2547 -23.9814 4
      vertex 55.3739 -23.5055 0
      vertex 55.3739 -23.5055 4
    endloop
  endfacet
  facet normal 0.970034 -0.242967 0
    outer loop
      vertex 55.3739 -23.5055 0
      vertex 55.2547 -23.9814 4
      vertex 55.2547 -23.9814 0
    endloop
  endfacet
  facet normal -1 0 0
    outer loop
      vertex -55.47 -22.53 0
      vertex -55.47 66.73 4
      vertex -55.47 66.73 0
    endloop
  endfacet
  facet normal -1 -0 0
    outer loop
      vertex -55.47 66.73 4
      vertex -55.47 -22.53 0
      vertex -55.47 -22.53 4
    endloop
  endfacet
  facet normal 0.80329 0.595588 0
    outer loop
      vertex 54.6273 69.5079 4
      vertex 54.3351 69.902 0
      vertex 54.3351 69.902 4
    endloop
  endfacet
  facet normal 0.80329 0.595588 0
    outer loop
      vertex 54.3351 69.902 0
      vertex 54.6273 69.5079 4
      vertex 54.6273 69.5079 0
    endloop
  endfacet
  facet normal -0.941548 0.336879 0
    outer loop
      vertex -55.2547 68.1814 0
      vertex -55.0894 68.6434 4
      vertex -55.0894 68.6434 0
    endloop
  endfacet
  facet normal -0.941548 0.336879 0
    outer loop
      vertex -55.0894 68.6434 4
      vertex -55.2547 68.1814 0
      vertex -55.2547 68.1814 4
    endloop
  endfacet
  facet normal 0.336879 -0.941548 0
    outer loop
      vertex 51.9214 -27.3147 0
      vertex 52.3834 -27.1494 4
      vertex 51.9214 -27.3147 4
    endloop
  endfacet
  facet normal 0.336879 -0.941548 0
    outer loop
      vertex 52.3834 -27.1494 4
      vertex 51.9214 -27.3147 0
      vertex 52.3834 -27.1494 0
    endloop
  endfacet
  facet normal -0.941548 -0.336879 0
    outer loop
      vertex -55.0894 -24.4434 0
      vertex -55.2547 -23.9814 4
      vertex -55.2547 -23.9814 0
    endloop
  endfacet
  facet normal -0.941548 -0.336879 0
    outer loop
      vertex -55.2547 -23.9814 4
      vertex -55.0894 -24.4434 0
      vertex -55.0894 -24.4434 4
    endloop
  endfacet
  facet normal -0.336879 0.941548 0
    outer loop
      vertex -51.9214 71.5147 0
      vertex -52.3834 71.3494 4
      vertex -51.9214 71.5147 4
    endloop
  endfacet
  facet normal -0.336879 0.941548 0
    outer loop
      vertex -52.3834 71.3494 4
      vertex -51.9214 71.5147 0
      vertex -52.3834 71.3494 0
    endloop
  endfacet
  facet normal 1 -0 0
    outer loop
      vertex 55.47 -22.53 4
      vertex 55.47 66.73 0
      vertex 55.47 66.73 4
    endloop
  endfacet
  facet normal 1 0 0
    outer loop
      vertex 55.47 66.73 0
      vertex 55.47 -22.53 4
      vertex 55.47 -22.53 0
    endloop
  endfacet
  facet normal -0.0491143 0.998793 0
    outer loop
      vertex -50.47 71.73 0
      vertex -50.9601 71.7059 4
      vertex -50.47 71.73 4
    endloop
  endfacet
  facet normal -0.0491143 0.998793 0
    outer loop
      vertex -50.9601 71.7059 4
      vertex -50.47 71.73 0
      vertex -50.9601 71.7059 0
    endloop
  endfacet
  facet normal -0.671719 -0.740806 0
    outer loop
      vertex -54.0055 -26.0655 0
      vertex -53.642 -26.3951 4
      vertex -54.0055 -26.0655 4
    endloop
  endfacet
  facet normal -0.671719 -0.740806 -0
    outer loop
      vertex -53.642 -26.3951 4
      vertex -54.0055 -26.0655 0
      vertex -53.642 -26.3951 0
    endloop
  endfacet
  facet normal 0.0491143 -0.998793 0
    outer loop
      vertex 50.47 -27.53 0
      vertex 50.9601 -27.5059 4
      vertex 50.47 -27.53 4
    endloop
  endfacet
  facet normal 0.0491143 -0.998793 0
    outer loop
      vertex 50.9601 -27.5059 4
      vertex 50.47 -27.53 0
      vertex 50.9601 -27.5059 0
    endloop
  endfacet
  facet normal 0.671607 0.740908 -0
    outer loop
      vertex 54.0055 70.2655 0
      vertex 53.642 70.595 4
      vertex 54.0055 70.2655 4
    endloop
  endfacet
  facet normal 0.671607 0.740908 0
    outer loop
      vertex 53.642 70.595 4
      vertex 54.0055 70.2655 0
      vertex 53.642 70.595 0
    endloop
  endfacet
  facet normal -0.857655 -0.514226 0
    outer loop
      vertex -54.6273 -25.3078 0
      vertex -54.8796 -24.887 4
      vertex -54.8796 -24.887 0
    endloop
  endfacet
  facet normal -0.857655 -0.514226 0
    outer loop
      vertex -54.8796 -24.887 4
      vertex -54.6273 -25.3078 0
      vertex -54.6273 -25.3078 4
    endloop
  endfacet
  facet normal -0.998793 0.0491143 0
    outer loop
      vertex -55.47 66.73 0
      vertex -55.4459 67.2201 4
      vertex -55.4459 67.2201 0
    endloop
  endfacet
  facet normal -0.998793 0.0491143 0
    outer loop
      vertex -55.4459 67.2201 4
      vertex -55.47 66.73 0
      vertex -55.47 66.73 4
    endloop
  endfacet
  facet normal 0.427543 -0.903995 0
    outer loop
      vertex 52.3834 -27.1494 0
      vertex 52.827 -26.9396 4
      vertex 52.3834 -27.1494 4
    endloop
  endfacet
  facet normal 0.427543 -0.903995 0
    outer loop
      vertex 52.827 -26.9396 4
      vertex 52.3834 -27.1494 0
      vertex 52.827 -26.9396 0
    endloop
  endfacet
  facet normal -0.989177 0.146726 0
    outer loop
      vertex -55.4459 67.2201 0
      vertex -55.3739 67.7055 4
      vertex -55.3739 67.7055 0
    endloop
  endfacet
  facet normal -0.989177 0.146726 0
    outer loop
      vertex -55.3739 67.7055 4
      vertex -55.4459 67.2201 0
      vertex -55.4459 67.2201 4
    endloop
  endfacet
  facet normal -0.989177 -0.146726 0
    outer loop
      vertex -55.3739 -23.5055 0
      vertex -55.4459 -23.0201 4
      vertex -55.4459 -23.0201 0
    endloop
  endfacet
  facet normal -0.989177 -0.146726 0
    outer loop
      vertex -55.4459 -23.0201 4
      vertex -55.3739 -23.5055 0
      vertex -55.3739 -23.5055 4
    endloop
  endfacet
  facet normal -0.242919 0.970047 0
    outer loop
      vertex -51.4454 71.6339 0
      vertex -51.9214 71.5147 4
      vertex -51.4454 71.6339 4
    endloop
  endfacet
  facet normal -0.242919 0.970047 0
    outer loop
      vertex -51.9214 71.5147 4
      vertex -51.4454 71.6339 0
      vertex -51.9214 71.5147 0
    endloop
  endfacet
  facet normal -0.336879 -0.941548 0
    outer loop
      vertex -52.3834 -27.1494 0
      vertex -51.9214 -27.3147 4
      vertex -52.3834 -27.1494 4
    endloop
  endfacet
  facet normal -0.336879 -0.941548 -0
    outer loop
      vertex -51.9214 -27.3147 4
      vertex -52.3834 -27.1494 0
      vertex -51.9214 -27.3147 0
    endloop
  endfacet
  facet normal -0.146755 0.989173 0
    outer loop
      vertex -50.9601 71.7059 0
      vertex -51.4454 71.6339 4
      vertex -50.9601 71.7059 4
    endloop
  endfacet
  facet normal -0.146755 0.989173 0
    outer loop
      vertex -51.4454 71.6339 4
      vertex -50.9601 71.7059 0
      vertex -51.4454 71.6339 0
    endloop
  endfacet
  facet normal 0.146755 -0.989173 0
    outer loop
      vertex 50.9601 -27.5059 0
      vertex 51.4454 -27.4339 4
      vertex 50.9601 -27.5059 4
    endloop
  endfacet
  facet normal 0.146755 -0.989173 0
    outer loop
      vertex 51.4454 -27.4339 4
      vertex 50.9601 -27.5059 0
      vertex 51.4454 -27.4339 0
    endloop
  endfacet
  facet normal 0.970034 0.242967 0
    outer loop
      vertex 55.3739 67.7055 4
      vertex 55.2547 68.1814 0
      vertex 55.2547 68.1814 4
    endloop
  endfacet
  facet normal 0.970034 0.242967 0
    outer loop
      vertex 55.2547 68.1814 0
      vertex 55.3739 67.7055 4
      vertex 55.3739 67.7055 0
    endloop
  endfacet
  facet normal 0.803362 -0.595491 0
    outer loop
      vertex 54.3351 -25.702 4
      vertex 54.6273 -25.3078 0
      vertex 54.6273 -25.3078 4
    endloop
  endfacet
  facet normal 0.803362 -0.595491 0
    outer loop
      vertex 54.6273 -25.3078 0
      vertex 54.3351 -25.702 4
      vertex 54.3351 -25.702 0
    endloop
  endfacet
  facet normal 0.857655 -0.514226 0
    outer loop
      vertex 54.6273 -25.3078 4
      vertex 54.8796 -24.887 0
      vertex 54.8796 -24.887 4
    endloop
  endfacet
  facet normal 0.857655 -0.514226 0
    outer loop
      vertex 54.8796 -24.887 0
      vertex 54.6273 -25.3078 4
      vertex 54.6273 -25.3078 0
    endloop
  endfacet
  facet normal -0.671607 0.740908 0
    outer loop
      vertex -53.642 70.595 0
      vertex -54.0055 70.2655 4
      vertex -53.642 70.595 4
    endloop
  endfacet
  facet normal -0.671607 0.740908 0
    outer loop
      vertex -54.0055 70.2655 4
      vertex -53.642 70.595 0
      vertex -54.0055 70.2655 0
    endloop
  endfacet
  facet normal -0.80329 0.595588 0
    outer loop
      vertex -54.6273 69.5079 0
      vertex -54.3351 69.902 4
      vertex -54.3351 69.902 0
    endloop
  endfacet
  facet normal -0.80329 0.595588 0
    outer loop
      vertex -54.3351 69.902 4
      vertex -54.6273 69.5079 0
      vertex -54.6273 69.5079 4
    endloop
  endfacet
  facet normal 0 0 -1
    outer loop
      vertex -48.1408 -20.8077 0
      vertex -33.9616 -14.8902 0
      vertex -48.0298 -20.9929 0
    endloop
  endfacet
  facet normal 0 0 -1
    outer loop
      vertex -33.9904 14.696 0
      vertex -47.7806 66.0144 0
      vertex -47.77 66.23 0
    endloop
  endfacet
  facet normal -0 0 -1
    outer loop
      vertex -33.9616 -14.8902 0
      vertex -48.1408 -20.8077 0
      vertex -33.9904 -14.696 0
    endloop
  endfacet
  facet normal 0 0 -1
    outer loop
      vertex -33.9904 14.696 0
      vertex -47.8123 65.8008 0
      vertex -47.7806 66.0144 0
    endloop
  endfacet
  facet normal 0 0 -1
    outer loop
      vertex -48.2694 -20.6343 0
      vertex -33.9904 -14.696 0
      vertex -48.1408 -20.8077 0
    endloop
  endfacet
  facet normal 0 0 -1
    outer loop
      vertex -33.9904 14.696 0
      vertex -47.8647 65.5914 0
      vertex -47.8123 65.8008 0
    endloop
  endfacet
  facet normal -0 0 -1
    outer loop
      vertex -33.9904 -14.696 0
      vertex -48.2694 -20.6343 0
      vertex -34 -14.5 0
    endloop
  endfacet
  facet normal 0 0 -1
    outer loop
      vertex -33.9904 14.696 0
      vertex -47.9375 65.3881 0
      vertex -47.8647 65.5914 0
    endloop
  endfacet
  facet normal 0 0 -1
    outer loop
      vertex -48.4144 -20.4744 0
      vertex -34 -14.5 0
      vertex -48.2694 -20.6343 0
    endloop
  endfacet
  facet normal 0 0 -1
    outer loop
      vertex -33.9904 14.696 0
      vertex -48.0298 65.1929 0
      vertex -47.9375 65.3881 0
    endloop
  endfacet
  facet normal 0 0 -1
    outer loop
      vertex -48.5743 -20.3294 0
      vertex -34 -14.5 0
      vertex -48.4144 -20.4744 0
    endloop
  endfacet
  facet normal 0 0 -1
    outer loop
      vertex -33.9904 14.696 0
      vertex -48.1408 65.0077 0
      vertex -48.0298 65.1929 0
    endloop
  endfacet
  facet normal 0 0 -1
    outer loop
      vertex -48.7477 -20.2008 0
      vertex -34 -14.5 0
      vertex -48.5743 -20.3294 0
    endloop
  endfacet
  facet normal 0 0 -1
    outer loop
      vertex -33.9904 14.696 0
      vertex -48.2694 64.8343 0
      vertex -48.1408 65.0077 0
    endloop
  endfacet
  facet normal 0 0 -1
    outer loop
      vertex -48.9329 -20.0898 0
      vertex -34 -14.5 0
      vertex -48.7477 -20.2008 0
    endloop
  endfacet
  facet normal 0 0 -1
    outer loop
      vertex -33.9904 14.696 0
      vertex -48.4144 64.6744 0
      vertex -48.2694 64.8343 0
    endloop
  endfacet
  facet normal 0 0 -1
    outer loop
      vertex -49.1281 -19.9975 0
      vertex -34 -14.5 0
      vertex -48.9329 -20.0898 0
    endloop
  endfacet
  facet normal 0 0 -1
    outer loop
      vertex -33.9904 14.696 0
      vertex -48.5743 64.5294 0
      vertex -48.4144 64.6744 0
    endloop
  endfacet
  facet normal 0 0 -1
    outer loop
      vertex -49.3314 -19.9247 0
      vertex -34 -14.5 0
      vertex -49.1281 -19.9975 0
    endloop
  endfacet
  facet normal 0 0 -1
    outer loop
      vertex -33.9904 14.696 0
      vertex -48.7477 64.4008 0
      vertex -48.5743 64.5294 0
    endloop
  endfacet
  facet normal 0 0 -1
    outer loop
      vertex -49.5408 -19.8723 0
      vertex -34 -14.5 0
      vertex -49.3314 -19.9247 0
    endloop
  endfacet
  facet normal 0 0 -1
    outer loop
      vertex -33.9904 14.696 0
      vertex -48.9329 64.2898 0
      vertex -48.7477 64.4008 0
    endloop
  endfacet
  facet normal 0 0 -1
    outer loop
      vertex -49.7544 -19.8406 0
      vertex -34 -14.5 0
      vertex -49.5408 -19.8723 0
    endloop
  endfacet
  facet normal 0 0 -1
    outer loop
      vertex -33.9904 14.696 0
      vertex -49.1281 64.1975 0
      vertex -48.9329 64.2898 0
    endloop
  endfacet
  facet normal -0 0 -1
    outer loop
      vertex -34 -14.5 0
      vertex -49.7544 -19.8406 0
      vertex -34 14.5 0
    endloop
  endfacet
  facet normal 0 0 -1
    outer loop
      vertex -33.9904 14.696 0
      vertex -49.3314 64.1247 0
      vertex -49.1281 64.1975 0
    endloop
  endfacet
  facet normal 0 0 -1
    outer loop
      vertex -49.97 -19.83 0
      vertex -34 14.5 0
      vertex -49.7544 -19.8406 0
    endloop
  endfacet
  facet normal 0 0 -1
    outer loop
      vertex -33.9904 14.696 0
      vertex -49.5408 64.0723 0
      vertex -49.3314 64.1247 0
    endloop
  endfacet
  facet normal 0 0 -1
    outer loop
      vertex -50.1856 -19.8406 0
      vertex -34 14.5 0
      vertex -49.97 -19.83 0
    endloop
  endfacet
  facet normal 0 0 -1
    outer loop
      vertex -33.9904 14.696 0
      vertex -49.7544 64.0406 0
      vertex -49.5408 64.0723 0
    endloop
  endfacet
  facet normal 0 0 -1
    outer loop
      vertex -50.3992 -19.8723 0
      vertex -34 14.5 0
      vertex -50.1856 -19.8406 0
    endloop
  endfacet
  facet normal 0 0 -1
    outer loop
      vertex -33.9904 14.696 0
      vertex -49.97 64.03 0
      vertex -49.7544 64.0406 0
    endloop
  endfacet
  facet normal 0 0 -1
    outer loop
      vertex -50.6086 -19.9247 0
      vertex -34 14.5 0
      vertex -50.3992 -19.8723 0
    endloop
  endfacet
  facet normal 0 0 -1
    outer loop
      vertex -33.9904 14.696 0
      vertex -50.1856 64.0406 0
      vertex -49.97 64.03 0
    endloop
  endfacet
  facet normal 0 0 -1
    outer loop
      vertex -50.8119 -19.9975 0
      vertex -34 14.5 0
      vertex -50.6086 -19.9247 0
    endloop
  endfacet
  facet normal 0 0 -1
    outer loop
      vertex -33.9904 14.696 0
      vertex -50.3992 64.0723 0
      vertex -50.1856 64.0406 0
    endloop
  endfacet
  facet normal 0 0 -1
    outer loop
      vertex -51.0071 -20.0898 0
      vertex -34 14.5 0
      vertex -50.8119 -19.9975 0
    endloop
  endfacet
  facet normal 0 0 -1
    outer loop
      vertex -33.9904 14.696 0
      vertex -50.6086 64.1247 0
      vertex -50.3992 64.0723 0
    endloop
  endfacet
  facet normal 0 0 -1
    outer loop
      vertex -51.1923 -20.2008 0
      vertex -34 14.5 0
      vertex -51.0071 -20.0898 0
    endloop
  endfacet
  facet normal 0 0 -1
    outer loop
      vertex -33.9904 14.696 0
      vertex -50.8119 64.1975 0
      vertex -50.6086 64.1247 0
    endloop
  endfacet
  facet normal 0 0 -1
    outer loop
      vertex -55.47 -22.53 0
      vertex -34 14.5 0
      vertex -51.1923 -20.2008 0
    endloop
  endfacet
  facet normal 0 0 -1
    outer loop
      vertex -33.9904 14.696 0
      vertex -51.0071 64.2898 0
      vertex -50.8119 64.1975 0
    endloop
  endfacet
  facet normal -0 0 -1
    outer loop
      vertex -34 14.5 0
      vertex -55.47 -22.53 0
      vertex -33.9904 14.696 0
    endloop
  endfacet
  facet normal 0 0 -1
    outer loop
      vertex -33.9904 14.696 0
      vertex -51.1923 64.4008 0
      vertex -51.0071 64.2898 0
    endloop
  endfacet
  facet normal 0 0 -1
    outer loop
      vertex -55.47 -22.53 0
      vertex -51.1923 -20.2008 0
      vertex -51.3657 -20.3294 0
    endloop
  endfacet
  facet normal 0 0 -1
    outer loop
      vertex -55.47 66.73 0
      vertex -33.9904 14.696 0
      vertex -55.47 -22.53 0
    endloop
  endfacet
  facet normal 0 0 -1
    outer loop
      vertex -55.47 -22.53 0
      vertex -51.3657 -20.3294 0
      vertex -51.5256 -20.4744 0
    endloop
  endfacet
  facet normal 0 0 -1
    outer loop
      vertex -33.9904 14.696 0
      vertex -55.47 66.73 0
      vertex -51.1923 64.4008 0
    endloop
  endfacet
  facet normal 0 0 -1
    outer loop
      vertex -55.47 -22.53 0
      vertex -51.5256 -20.4744 0
      vertex -51.6706 -20.6343 0
    endloop
  endfacet
  facet normal 0 0 -1
    outer loop
      vertex -51.1923 64.4008 0
      vertex -55.47 66.73 0
      vertex -51.3657 64.5294 0
    endloop
  endfacet
  facet normal 0 0 -1
    outer loop
      vertex -55.47 -22.53 0
      vertex -51.6706 -20.6343 0
      vertex -51.7992 -20.8077 0
    endloop
  endfacet
  facet normal 0 0 -1
    outer loop
      vertex -51.3657 64.5294 0
      vertex -55.47 66.73 0
      vertex -51.5256 64.6744 0
    endloop
  endfacet
  facet normal 0 0 -1
    outer loop
      vertex -55.47 -22.53 0
      vertex -51.7992 -20.8077 0
      vertex -51.9102 -20.9929 0
    endloop
  endfacet
  facet normal 0 0 -1
    outer loop
      vertex -51.5256 64.6744 0
      vertex -55.47 66.73 0
      vertex -51.6706 64.8343 0
    endloop
  endfacet
  facet normal 0 0 -1
    outer loop
      vertex -55.47 -22.53 0
      vertex -51.9102 -20.9929 0
      vertex -52.0025 -21.1881 0
    endloop
  endfacet
  facet normal 0 0 -1
    outer loop
      vertex -51.6706 64.8343 0
      vertex -55.47 66.73 0
      vertex -51.7992 65.0077 0
    endloop
  endfacet
  facet normal 0 0 -1
    outer loop
      vertex -55.47 -22.53 0
      vertex -52.0025 -21.1881 0
      vertex -52.0753 -21.3914 0
    endloop
  endfacet
  facet normal 0 0 -1
    outer loop
      vertex -51.7992 65.0077 0
      vertex -55.47 66.73 0
      vertex -51.9102 65.1929 0
    endloop
  endfacet
  facet normal 0 0 -1
    outer loop
      vertex -55.47 -22.53 0
      vertex -52.0753 -21.3914 0
      vertex -52.1277 -21.6008 0
    endloop
  endfacet
  facet normal 0 0 -1
    outer loop
      vertex -51.9102 65.1929 0
      vertex -55.47 66.73 0
      vertex -52.0025 65.3881 0
    endloop
  endfacet
  facet normal 0 0 -1
    outer loop
      vertex -55.47 -22.53 0
      vertex -52.1277 -21.6008 0
      vertex -52.1594 -21.8144 0
    endloop
  endfacet
  facet normal 0 0 -1
    outer loop
      vertex -52.0025 65.3881 0
      vertex -55.47 66.73 0
      vertex -52.0753 65.5914 0
    endloop
  endfacet
  facet normal 0 0 -1
    outer loop
      vertex -55.47 -22.53 0
      vertex -52.1594 -21.8144 0
      vertex -52.17 -22.03 0
    endloop
  endfacet
  facet normal 0 0 -1
    outer loop
      vertex -52.0753 65.5914 0
      vertex -55.47 66.73 0
      vertex -52.1277 65.8008 0
    endloop
  endfacet
  facet normal 0 0 -1
    outer loop
      vertex 52.0753 -21.3914 0
      vertex 55.47 -22.53 0
      vertex 52.1277 -21.6008 0
    endloop
  endfacet
  facet normal 0 0 -1
    outer loop
      vertex 55.47 66.73 0
      vertex 52.1594 66.0144 0
      vertex 52.17 66.23 0
    endloop
  endfacet
  facet normal 0 0 -1
    outer loop
      vertex 52.0025 -21.1881 0
      vertex 55.47 -22.53 0
      vertex 52.0753 -21.3914 0
    endloop
  endfacet
  facet normal 0 0 -1
    outer loop
      vertex 55.47 66.73 0
      vertex 52.1277 65.8008 0
      vertex 52.1594 66.0144 0
    endloop
  endfacet
  facet normal 0 0 -1
    outer loop
      vertex 51.9102 -20.9929 0
      vertex 55.47 -22.53 0
      vertex 52.0025 -21.1881 0
    endloop
  endfacet
  facet normal 0 0 -1
    outer loop
      vertex 55.47 66.73 0
      vertex 52.0753 65.5914 0
      vertex 52.1277 65.8008 0
    endloop
  endfacet
  facet normal 0 0 -1
    outer loop
      vertex 51.7992 -20.8077 0
      vertex 55.47 -22.53 0
      vertex 51.9102 -20.9929 0
    endloop
  endfacet
  facet normal 0 0 -1
    outer loop
      vertex 55.47 66.73 0
      vertex 52.0025 65.3881 0
      vertex 52.0753 65.5914 0
    endloop
  endfacet
  facet normal 0 0 -1
    outer loop
      vertex 51.6706 -20.6343 0
      vertex 55.47 -22.53 0
      vertex 51.7992 -20.8077 0
    endloop
  endfacet
  facet normal 0 0 -1
    outer loop
      vertex 55.47 66.73 0
      vertex 51.9102 65.1929 0
      vertex 52.0025 65.3881 0
    endloop
  endfacet
  facet normal 0 0 -1
    outer loop
      vertex 51.5256 -20.4744 0
      vertex 55.47 -22.53 0
      vertex 51.6706 -20.6343 0
    endloop
  endfacet
  facet normal 0 0 -1
    outer loop
      vertex 55.47 66.73 0
      vertex 51.7992 65.0077 0
      vertex 51.9102 65.1929 0
    endloop
  endfacet
  facet normal 0 0 -1
    outer loop
      vertex 51.3657 -20.3294 0
      vertex 55.47 -22.53 0
      vertex 51.5256 -20.4744 0
    endloop
  endfacet
  facet normal 0 0 -1
    outer loop
      vertex 55.47 66.73 0
      vertex 51.6706 64.8343 0
      vertex 51.7992 65.0077 0
    endloop
  endfacet
  facet normal 0 0 -1
    outer loop
      vertex 55.47 -22.53 0
      vertex 33.9904 14.696 0
      vertex 55.47 66.73 0
    endloop
  endfacet
  facet normal 0 0 -1
    outer loop
      vertex 55.47 66.73 0
      vertex 51.5256 64.6744 0
      vertex 51.6706 64.8343 0
    endloop
  endfacet
  facet normal 0 0 -1
    outer loop
      vertex 51.1923 -20.2008 0
      vertex 55.47 -22.53 0
      vertex 51.3657 -20.3294 0
    endloop
  endfacet
  facet normal 0 0 -1
    outer loop
      vertex 33.9616 14.8902 0
      vertex 55.47 66.73 0
      vertex 33.9904 14.696 0
    endloop
  endfacet
  facet normal 0 0 -1
    outer loop
      vertex 55.47 -22.53 0
      vertex 51.1923 -20.2008 0
      vertex 34 14.5 0
    endloop
  endfacet
  facet normal 0 0 -1
    outer loop
      vertex 33.9139 15.0806 0
      vertex 55.47 66.73 0
      vertex 33.9616 14.8902 0
    endloop
  endfacet
  facet normal 0 0 -1
    outer loop
      vertex 34 14.5 0
      vertex 51.1923 -20.2008 0
      vertex 51.0071 -20.0898 0
    endloop
  endfacet
  facet normal 0 0 -1
    outer loop
      vertex 55.47 66.73 0
      vertex 51.3657 64.5294 0
      vertex 51.5256 64.6744 0
    endloop
  endfacet
  facet normal 0 0 -1
    outer loop
      vertex 34 14.5 0
      vertex 51.0071 -20.0898 0
      vertex 50.8119 -19.9975 0
    endloop
  endfacet
  facet normal 0 -0 -1
    outer loop
      vertex 51.1923 64.4008 0
      vertex 55.47 66.73 0
      vertex 33.9139 15.0806 0
    endloop
  endfacet
  facet normal 0 0 -1
    outer loop
      vertex 34 14.5 0
      vertex 50.8119 -19.9975 0
      vertex 50.6086 -19.9247 0
    endloop
  endfacet
  facet normal 0 0 -1
    outer loop
      vertex 55.47 66.73 0
      vertex 51.1923 64.4008 0
      vertex 51.3657 64.5294 0
    endloop
  endfacet
  facet normal 0 0 -1
    outer loop
      vertex 34 14.5 0
      vertex 50.6086 -19.9247 0
      vertex 50.3992 -19.8723 0
    endloop
  endfacet
  facet normal 0 0 -1
    outer loop
      vertex 33.8478 15.2654 0
      vertex 51.1923 64.4008 0
      vertex 33.9139 15.0806 0
    endloop
  endfacet
  facet normal 0 0 -1
    outer loop
      vertex 34 14.5 0
      vertex 50.3992 -19.8723 0
      vertex 50.1856 -19.8406 0
    endloop
  endfacet
  facet normal 0 0 -1
    outer loop
      vertex 51.1923 64.4008 0
      vertex 33.8478 15.2654 0
      vertex 51.0071 64.2898 0
    endloop
  endfacet
  facet normal 0 0 -1
    outer loop
      vertex 34 14.5 0
      vertex 50.1856 -19.8406 0
      vertex 49.97 -19.83 0
    endloop
  endfacet
  facet normal 0 0 -1
    outer loop
      vertex 33.7638 15.4428 0
      vertex 51.0071 64.2898 0
      vertex 33.8478 15.2654 0
    endloop
  endfacet
  facet normal 0 0 -1
    outer loop
      vertex 34 14.5 0
      vertex 49.97 -19.83 0
      vertex 49.7544 -19.8406 0
    endloop
  endfacet
  facet normal 0 0 -1
    outer loop
      vertex 51.0071 64.2898 0
      vertex 33.7638 15.4428 0
      vertex 50.8119 64.1975 0
    endloop
  endfacet
  facet normal 0 0 -1
    outer loop
      vertex 34 -14.5 0
      vertex 49.7544 -19.8406 0
      vertex 49.5408 -19.8723 0
    endloop
  endfacet
  facet normal 0 0 -1
    outer loop
      vertex 33.6629 15.6111 0
      vertex 50.8119 64.1975 0
      vertex 33.7638 15.4428 0
    endloop
  endfacet
  facet normal 0 0 -1
    outer loop
      vertex 34 -14.5 0
      vertex 49.5408 -19.8723 0
      vertex 49.3314 -19.9247 0
    endloop
  endfacet
  facet normal 0 0 -1
    outer loop
      vertex 50.8119 64.1975 0
      vertex 33.6629 15.6111 0
      vertex 50.6086 64.1247 0
    endloop
  endfacet
  facet normal 0 0 -1
    outer loop
      vertex 34 -14.5 0
      vertex 49.3314 -19.9247 0
      vertex 49.1281 -19.9975 0
    endloop
  endfacet
  facet normal 0 0 -1
    outer loop
      vertex 33.546 15.7688 0
      vertex 50.6086 64.1247 0
      vertex 33.6629 15.6111 0
    endloop
  endfacet
  facet normal 0 0 -1
    outer loop
      vertex 34 -14.5 0
      vertex 49.1281 -19.9975 0
      vertex 48.9329 -20.0898 0
    endloop
  endfacet
  facet normal 0 0 -1
    outer loop
      vertex 50.6086 64.1247 0
      vertex 33.546 15.7688 0
      vertex 50.3992 64.0723 0
    endloop
  endfacet
  facet normal 0 0 -1
    outer loop
      vertex 34 -14.5 0
      vertex 48.9329 -20.0898 0
      vertex 48.7477 -20.2008 0
    endloop
  endfacet
  facet normal 0 0 -1
    outer loop
      vertex 33.4142 15.9142 0
      vertex 50.3992 64.0723 0
      vertex 33.546 15.7688 0
    endloop
  endfacet
  facet normal 0 0 -1
    outer loop
      vertex 34 -14.5 0
      vertex 48.7477 -20.2008 0
      vertex 48.5743 -20.3294 0
    endloop
  endfacet
  facet normal 0 0 -1
    outer loop
      vertex 50.3992 64.0723 0
      vertex 33.4142 15.9142 0
      vertex 50.1856 64.0406 0
    endloop
  endfacet
  facet normal 0 0 -1
    outer loop
      vertex 34 -14.5 0
      vertex 48.5743 -20.3294 0
      vertex 48.4144 -20.4744 0
    endloop
  endfacet
  facet normal 0 0 -1
    outer loop
      vertex 33.2688 16.046 0
      vertex 50.1856 64.0406 0
      vertex 33.4142 15.9142 0
    endloop
  endfacet
  facet normal 0 0 -1
    outer loop
      vertex 34 -14.5 0
      vertex 48.4144 -20.4744 0
      vertex 48.2694 -20.6343 0
    endloop
  endfacet
  facet normal 0 0 -1
    outer loop
      vertex 50.1856 64.0406 0
      vertex 33.2688 16.046 0
      vertex 49.97 64.03 0
    endloop
  endfacet
  facet normal 0 0 -1
    outer loop
      vertex 33.9904 -14.696 0
      vertex 48.2694 -20.6343 0
      vertex 48.1408 -20.8077 0
    endloop
  endfacet
  facet normal 0 0 -1
    outer loop
      vertex 33.1111 16.1629 0
      vertex 49.97 64.03 0
      vertex 33.2688 16.046 0
    endloop
  endfacet
  facet normal 0 0 -1
    outer loop
      vertex 33.9616 -14.8902 0
      vertex 48.1408 -20.8077 0
      vertex 48.0298 -20.9929 0
    endloop
  endfacet
  facet normal -0 0 -1
    outer loop
      vertex 49.97 64.03 0
      vertex 33.1111 16.1629 0
      vertex 49.7544 64.0406 0
    endloop
  endfacet
  facet normal 0 0 -1
    outer loop
      vertex 33.9139 -15.0806 0
      vertex 48.0298 -20.9929 0
      vertex 47.9375 -21.1881 0
    endloop
  endfacet
  facet normal 0 0 -1
    outer loop
      vertex 32.9428 16.2638 0
      vertex 49.7544 64.0406 0
      vertex 33.1111 16.1629 0
    endloop
  endfacet
  facet normal 0 0 -1
    outer loop
      vertex 33.7638 -15.4428 0
      vertex 47.9375 -21.1881 0
      vertex 47.8647 -21.3914 0
    endloop
  endfacet
  facet normal -0 0 -1
    outer loop
      vertex 49.7544 64.0406 0
      vertex 32.9428 16.2638 0
      vertex 49.5408 64.0723 0
    endloop
  endfacet
  facet normal 0 0 -1
    outer loop
      vertex 33.6629 -15.6111 0
      vertex 47.8647 -21.3914 0
      vertex 47.8123 -21.6008 0
    endloop
  endfacet
  facet normal 0 0 -1
    outer loop
      vertex 32.7654 16.3478 0
      vertex 49.5408 64.0723 0
      vertex 32.9428 16.2638 0
    endloop
  endfacet
  facet normal 0 0 -1
    outer loop
      vertex 33.546 -15.7688 0
      vertex 47.8123 -21.6008 0
      vertex 47.7806 -21.8144 0
    endloop
  endfacet
  facet normal -0 0 -1
    outer loop
      vertex 49.5408 64.0723 0
      vertex 32.7654 16.3478 0
      vertex 49.3314 64.1247 0
    endloop
  endfacet
  facet normal 0 0 -1
    outer loop
      vertex 33.4142 -15.9142 0
      vertex 47.7806 -21.8144 0
      vertex 47.77 -22.03 0
    endloop
  endfacet
  facet normal 0 0 -1
    outer loop
      vertex 32.5806 16.4139 0
      vertex 49.3314 64.1247 0
      vertex 32.7654 16.3478 0
    endloop
  endfacet
  facet normal 0 0 -1
    outer loop
      vertex 52.1277 -22.4592 0
      vertex 55.47 -22.53 0
      vertex 55.4459 -23.0201 0
    endloop
  endfacet
  facet normal 0 0 -1
    outer loop
      vertex 52.1594 -21.8144 0
      vertex 55.47 -22.53 0
      vertex 52.17 -22.03 0
    endloop
  endfacet
  facet normal 0 0 -1
    outer loop
      vertex 52.0753 -22.6686 0
      vertex 55.4459 -23.0201 0
      vertex 55.3739 -23.5055 0
    endloop
  endfacet
  facet normal 0 0 -1
    outer loop
      vertex 52.1277 -21.6008 0
      vertex 55.47 -22.53 0
      vertex 52.1594 -21.8144 0
    endloop
  endfacet
  facet normal 0 0 -1
    outer loop
      vertex 52.0753 -22.6686 0
      vertex 55.3739 -23.5055 0
      vertex 55.2547 -23.9814 0
    endloop
  endfacet
  facet normal 0 0 -1
    outer loop
      vertex 52.1594 66.4456 0
      vertex 55.47 66.73 0
      vertex 52.17 66.23 0
    endloop
  endfacet
  facet normal 0 0 -1
    outer loop
      vertex 52.0025 -22.8719 0
      vertex 55.2547 -23.9814 0
      vertex 55.0894 -24.4434 0
    endloop
  endfacet
  facet normal 0 0 -1
    outer loop
      vertex 52.1277 66.6592 0
      vertex 55.47 66.73 0
      vertex 52.1594 66.4456 0
    endloop
  endfacet
  facet normal 0 0 -1
    outer loop
      vertex 51.9102 -23.0671 0
      vertex 55.0894 -24.4434 0
      vertex 54.8796 -24.887 0
    endloop
  endfacet
  facet normal -0 0 -1
    outer loop
      vertex 55.47 66.73 0
      vertex 52.1277 66.6592 0
      vertex 55.4459 67.2201 0
    endloop
  endfacet
  facet normal 0 0 -1
    outer loop
      vertex 51.7992 -23.2523 0
      vertex 54.8796 -24.887 0
      vertex 54.6273 -25.3078 0
    endloop
  endfacet
  facet normal 0 0 -1
    outer loop
      vertex 52.0753 66.8686 0
      vertex 55.4459 67.2201 0
      vertex 52.1277 66.6592 0
    endloop
  endfacet
  facet normal 0 0 -1
    outer loop
      vertex 51.6706 -23.4257 0
      vertex 54.6273 -25.3078 0
      vertex 54.3351 -25.702 0
    endloop
  endfacet
  facet normal -0 0 -1
    outer loop
      vertex 55.4459 67.2201 0
      vertex 52.0753 66.8686 0
      vertex 55.3739 67.7055 0
    endloop
  endfacet
  facet normal 0 0 -1
    outer loop
      vertex 51.5256 -23.5856 0
      vertex 54.3351 -25.702 0
      vertex 54.0055 -26.0655 0
    endloop
  endfacet
  facet normal -0 0 -1
    outer loop
      vertex 55.3739 67.7055 0
      vertex 52.0753 66.8686 0
      vertex 55.2547 68.1814 0
    endloop
  endfacet
  facet normal 0 0 -1
    outer loop
      vertex 51.5256 -23.5856 0
      vertex 54.0055 -26.0655 0
      vertex 53.642 -26.3951 0
    endloop
  endfacet
  facet normal 0 0 -1
    outer loop
      vertex 52.0025 67.0719 0
      vertex 55.2547 68.1814 0
      vertex 52.0753 66.8686 0
    endloop
  endfacet
  facet normal 0 0 -1
    outer loop
      vertex 51.3657 -23.7306 0
      vertex 53.642 -26.3951 0
      vertex 53.2478 -26.6873 0
    endloop
  endfacet
  facet normal -0 0 -1
    outer loop
      vertex 55.2547 68.1814 0
      vertex 52.0025 67.0719 0
      vertex 55.0894 68.6434 0
    endloop
  endfacet
  facet normal 0 0 -1
    outer loop
      vertex 51.1923 -23.8592 0
      vertex 53.2478 -26.6873 0
      vertex 52.827 -26.9396 0
    endloop
  endfacet
  facet normal 0 0 -1
    outer loop
      vertex 51.9102 67.2671 0
      vertex 55.0894 68.6434 0
      vertex 52.0025 67.0719 0
    endloop
  endfacet
  facet normal 0 0 -1
    outer loop
      vertex 51.0071 -23.9702 0
      vertex 52.827 -26.9396 0
      vertex 52.3834 -27.1494 0
    endloop
  endfacet
  facet normal -0 0 -1
    outer loop
      vertex 55.0894 68.6434 0
      vertex 51.9102 67.2671 0
      vertex 54.8796 69.087 0
    endloop
  endfacet
  facet normal 0 0 -1
    outer loop
      vertex 51.7992 67.4523 0
      vertex 54.8796 69.087 0
      vertex 51.9102 67.2671 0
    endloop
  endfacet
  facet normal 0 0 -1
    outer loop
      vertex 55.47 -22.53 0
      vertex 52.1594 -22.2456 0
      vertex 52.17 -22.03 0
    endloop
  endfacet
  facet normal 0 0 -1
    outer loop
      vertex 55.47 -22.53 0
      vertex 52.1277 -22.4592 0
      vertex 52.1594 -22.2456 0
    endloop
  endfacet
  facet normal 0 0 -1
    outer loop
      vertex 55.4459 -23.0201 0
      vertex 52.0753 -22.6686 0
      vertex 52.1277 -22.4592 0
    endloop
  endfacet
  facet normal 0 0 -1
    outer loop
      vertex 55.2547 -23.9814 0
      vertex 52.0025 -22.8719 0
      vertex 52.0753 -22.6686 0
    endloop
  endfacet
  facet normal 0 0 -1
    outer loop
      vertex 50.8119 -24.0625 0
      vertex 52.3834 -27.1494 0
      vertex 51.9214 -27.3147 0
    endloop
  endfacet
  facet normal 0 0 -1
    outer loop
      vertex 55.0894 -24.4434 0
      vertex 51.9102 -23.0671 0
      vertex 52.0025 -22.8719 0
    endloop
  endfacet
  facet normal 0 0 -1
    outer loop
      vertex 54.8796 -24.887 0
      vertex 51.7992 -23.2523 0
      vertex 51.9102 -23.0671 0
    endloop
  endfacet
  facet normal 0 0 -1
    outer loop
      vertex 54.6273 -25.3078 0
      vertex 51.6706 -23.4257 0
      vertex 51.7992 -23.2523 0
    endloop
  endfacet
  facet normal 0 0 -1
    outer loop
      vertex 54.3351 -25.702 0
      vertex 51.5256 -23.5856 0
      vertex 51.6706 -23.4257 0
    endloop
  endfacet
  facet normal 0 0 -1
    outer loop
      vertex 50.6086 -24.1353 0
      vertex 51.9214 -27.3147 0
      vertex 51.4454 -27.4339 0
    endloop
  endfacet
  facet normal 0 0 -1
    outer loop
      vertex 53.642 -26.3951 0
      vertex 51.3657 -23.7306 0
      vertex 51.5256 -23.5856 0
    endloop
  endfacet
  facet normal 0 0 -1
    outer loop
      vertex 53.2478 -26.6873 0
      vertex 51.1923 -23.8592 0
      vertex 51.3657 -23.7306 0
    endloop
  endfacet
  facet normal 0 0 -1
    outer loop
      vertex 52.827 -26.9396 0
      vertex 51.0071 -23.9702 0
      vertex 51.1923 -23.8592 0
    endloop
  endfacet
  facet normal 0 0 -1
    outer loop
      vertex 50.6086 -24.1353 0
      vertex 51.4454 -27.4339 0
      vertex 50.9601 -27.5059 0
    endloop
  endfacet
  facet normal 0 0 -1
    outer loop
      vertex 52.3834 -27.1494 0
      vertex 50.8119 -24.0625 0
      vertex 51.0071 -23.9702 0
    endloop
  endfacet
  facet normal 0 0 -1
    outer loop
      vertex 51.9214 -27.3147 0
      vertex 50.6086 -24.1353 0
      vertex 50.8119 -24.0625 0
    endloop
  endfacet
  facet normal 0 0 -1
    outer loop
      vertex 50.3992 -24.1877 0
      vertex 50.9601 -27.5059 0
      vertex 50.47 -27.53 0
    endloop
  endfacet
  facet normal 0 0 -1
    outer loop
      vertex 50.9601 -27.5059 0
      vertex 50.3992 -24.1877 0
      vertex 50.6086 -24.1353 0
    endloop
  endfacet
  facet normal 0 0 -1
    outer loop
      vertex 50.47 -27.53 0
      vertex 50.1856 -24.2194 0
      vertex 50.3992 -24.1877 0
    endloop
  endfacet
  facet normal 0 0 -1
    outer loop
      vertex 50.47 -27.53 0
      vertex 49.97 -24.23 0
      vertex 50.1856 -24.2194 0
    endloop
  endfacet
  facet normal 0 0 -1
    outer loop
      vertex 50.47 -27.53 0
      vertex 49.7544 -24.2194 0
      vertex 49.97 -24.23 0
    endloop
  endfacet
  facet normal 0 0 -1
    outer loop
      vertex 50.47 -27.53 0
      vertex 49.5408 -24.1877 0
      vertex 49.7544 -24.2194 0
    endloop
  endfacet
  facet normal 0 0 -1
    outer loop
      vertex 50.47 -27.53 0
      vertex 49.3314 -24.1353 0
      vertex 49.5408 -24.1877 0
    endloop
  endfacet
  facet normal 0 0 -1
    outer loop
      vertex 50.47 -27.53 0
      vertex 49.1281 -24.0625 0
      vertex 49.3314 -24.1353 0
    endloop
  endfacet
  facet normal 0 0 -1
    outer loop
      vertex 50.47 -27.53 0
      vertex 48.9329 -23.9702 0
      vertex 49.1281 -24.0625 0
    endloop
  endfacet
  facet normal 0 0 -1
    outer loop
      vertex 50.47 -27.53 0
      vertex 48.7477 -23.8592 0
      vertex 48.9329 -23.9702 0
    endloop
  endfacet
  facet normal 0 0 -1
    outer loop
      vertex 50.47 -27.53 0
      vertex 48.5743 -23.7306 0
      vertex 48.7477 -23.8592 0
    endloop
  endfacet
  facet normal 0 0 -1
    outer loop
      vertex 50.47 -27.53 0
      vertex 48.4144 -23.5856 0
      vertex 48.5743 -23.7306 0
    endloop
  endfacet
  facet normal 0 0 -1
    outer loop
      vertex 50.47 -27.53 0
      vertex 48.2694 -23.4257 0
      vertex 48.4144 -23.5856 0
    endloop
  endfacet
  facet normal 0 0 -1
    outer loop
      vertex 50.47 -27.53 0
      vertex 48.1408 -23.2523 0
      vertex 48.2694 -23.4257 0
    endloop
  endfacet
  facet normal 0 0 -1
    outer loop
      vertex 32.196 -16.4904 0
      vertex 48.1408 -23.2523 0
      vertex 50.47 -27.53 0
    endloop
  endfacet
  facet normal 0 0 -1
    outer loop
      vertex 49.7544 -19.8406 0
      vertex 34 -14.5 0
      vertex 34 14.5 0
    endloop
  endfacet
  facet normal 0 0 -1
    outer loop
      vertex 33.2688 -16.046 0
      vertex 47.77 -22.03 0
      vertex 47.7806 -22.2456 0
    endloop
  endfacet
  facet normal 0 0 -1
    outer loop
      vertex 33.1111 -16.1629 0
      vertex 47.7806 -22.2456 0
      vertex 47.8123 -22.4592 0
    endloop
  endfacet
  facet normal 0 0 -1
    outer loop
      vertex 32.9428 -16.2638 0
      vertex 47.8123 -22.4592 0
      vertex 47.8647 -22.6686 0
    endloop
  endfacet
  facet normal 0 0 -1
    outer loop
      vertex 32.7654 -16.3478 0
      vertex 47.8647 -22.6686 0
      vertex 47.9375 -22.8719 0
    endloop
  endfacet
  facet normal 0 0 -1
    outer loop
      vertex 32.5806 -16.4139 0
      vertex 47.9375 -22.8719 0
      vertex 48.0298 -23.0671 0
    endloop
  endfacet
  facet normal 0 -0 -1
    outer loop
      vertex 32.3902 -16.4616 0
      vertex 48.1408 -23.2523 0
      vertex 32.196 -16.4904 0
    endloop
  endfacet
  facet normal 0 0 -1
    outer loop
      vertex 48.2694 -20.6343 0
      vertex 33.9904 -14.696 0
      vertex 34 -14.5 0
    endloop
  endfacet
  facet normal 0 0 -1
    outer loop
      vertex 48.1408 -20.8077 0
      vertex 33.9616 -14.8902 0
      vertex 33.9904 -14.696 0
    endloop
  endfacet
  facet normal 0 0 -1
    outer loop
      vertex 48.0298 -20.9929 0
      vertex 33.9139 -15.0806 0
      vertex 33.9616 -14.8902 0
    endloop
  endfacet
  facet normal 0 0 -1
    outer loop
      vertex 47.9375 -21.1881 0
      vertex 33.8478 -15.2654 0
      vertex 33.9139 -15.0806 0
    endloop
  endfacet
  facet normal 0 0 -1
    outer loop
      vertex 47.9375 -21.1881 0
      vertex 33.7638 -15.4428 0
      vertex 33.8478 -15.2654 0
    endloop
  endfacet
  facet normal 0 0 -1
    outer loop
      vertex 47.8647 -21.3914 0
      vertex 33.6629 -15.6111 0
      vertex 33.7638 -15.4428 0
    endloop
  endfacet
  facet normal 0 0 -1
    outer loop
      vertex 47.8123 -21.6008 0
      vertex 33.546 -15.7688 0
      vertex 33.6629 -15.6111 0
    endloop
  endfacet
  facet normal 0 0 -1
    outer loop
      vertex 47.7806 -21.8144 0
      vertex 33.4142 -15.9142 0
      vertex 33.546 -15.7688 0
    endloop
  endfacet
  facet normal 0 0 -1
    outer loop
      vertex 47.77 -22.03 0
      vertex 33.2688 -16.046 0
      vertex 33.4142 -15.9142 0
    endloop
  endfacet
  facet normal 0 0 -1
    outer loop
      vertex 47.7806 -22.2456 0
      vertex 33.1111 -16.1629 0
      vertex 33.2688 -16.046 0
    endloop
  endfacet
  facet normal 0 0 -1
    outer loop
      vertex 47.8123 -22.4592 0
      vertex 32.9428 -16.2638 0
      vertex 33.1111 -16.1629 0
    endloop
  endfacet
  facet normal 0 0 -1
    outer loop
      vertex 47.8647 -22.6686 0
      vertex 32.7654 -16.3478 0
      vertex 32.9428 -16.2638 0
    endloop
  endfacet
  facet normal 0 0 -1
    outer loop
      vertex 47.9375 -22.8719 0
      vertex 32.5806 -16.4139 0
      vertex 32.7654 -16.3478 0
    endloop
  endfacet
  facet normal 0 0 -1
    outer loop
      vertex 48.0298 -23.0671 0
      vertex 32.3902 -16.4616 0
      vertex 32.5806 -16.4139 0
    endloop
  endfacet
  facet normal 0 0 -1
    outer loop
      vertex 48.1408 -23.2523 0
      vertex 32.3902 -16.4616 0
      vertex 48.0298 -23.0671 0
    endloop
  endfacet
  facet normal 0 0 -1
    outer loop
      vertex 50.47 -27.53 0
      vertex 32 -16.5 0
      vertex 32.196 -16.4904 0
    endloop
  endfacet
  facet normal 0 0 -1
    outer loop
      vertex 50.47 -27.53 0
      vertex -32 -16.5 0
      vertex 32 -16.5 0
    endloop
  endfacet
  facet normal 0 0 -1
    outer loop
      vertex -50.47 -27.53 0
      vertex -32 -16.5 0
      vertex 50.47 -27.53 0
    endloop
  endfacet
  facet normal -0 0 -1
    outer loop
      vertex -33.8478 -15.2654 0
      vertex -47.9375 -21.1881 0
      vertex -33.9139 -15.0806 0
    endloop
  endfacet
  facet normal -0 0 -1
    outer loop
      vertex -33.7638 -15.4428 0
      vertex -47.9375 -21.1881 0
      vertex -33.8478 -15.2654 0
    endloop
  endfacet
  facet normal 0 0 -1
    outer loop
      vertex -47.9375 -21.1881 0
      vertex -33.7638 -15.4428 0
      vertex -47.8647 -21.3914 0
    endloop
  endfacet
  facet normal -0 0 -1
    outer loop
      vertex -33.6629 -15.6111 0
      vertex -47.8647 -21.3914 0
      vertex -33.7638 -15.4428 0
    endloop
  endfacet
  facet normal 0 0 -1
    outer loop
      vertex -47.8647 -21.3914 0
      vertex -33.6629 -15.6111 0
      vertex -47.8123 -21.6008 0
    endloop
  endfacet
  facet normal -0 0 -1
    outer loop
      vertex -33.546 -15.7688 0
      vertex -47.8123 -21.6008 0
      vertex -33.6629 -15.6111 0
    endloop
  endfacet
  facet normal 0 0 -1
    outer loop
      vertex -47.8123 -21.6008 0
      vertex -33.546 -15.7688 0
      vertex -47.7806 -21.8144 0
    endloop
  endfacet
  facet normal -0 0 -1
    outer loop
      vertex -33.4142 -15.9142 0
      vertex -47.7806 -21.8144 0
      vertex -33.546 -15.7688 0
    endloop
  endfacet
  facet normal 0 0 -1
    outer loop
      vertex -47.7806 -21.8144 0
      vertex -33.4142 -15.9142 0
      vertex -47.77 -22.03 0
    endloop
  endfacet
  facet normal -0 0 -1
    outer loop
      vertex -33.2688 -16.046 0
      vertex -47.77 -22.03 0
      vertex -33.4142 -15.9142 0
    endloop
  endfacet
  facet normal 0 0 -1
    outer loop
      vertex -47.7806 -22.2456 0
      vertex -33.2688 -16.046 0
      vertex -33.1111 -16.1629 0
    endloop
  endfacet
  facet normal 0 0 -1
    outer loop
      vertex -47.8123 -22.4592 0
      vertex -33.1111 -16.1629 0
      vertex -32.9428 -16.2638 0
    endloop
  endfacet
  facet normal 0 0 -1
    outer loop
      vertex -47.8647 -22.6686 0
      vertex -32.9428 -16.2638 0
      vertex -32.7654 -16.3478 0
    endloop
  endfacet
  facet normal 0 0 -1
    outer loop
      vertex -47.9375 -22.8719 0
      vertex -32.7654 -16.3478 0
      vertex -32.5806 -16.4139 0
    endloop
  endfacet
  facet normal 0 0 -1
    outer loop
      vertex -48.0298 -23.0671 0
      vertex -32.5806 -16.4139 0
      vertex -32.3902 -16.4616 0
    endloop
  endfacet
  facet normal 0 0 -1
    outer loop
      vertex -48.1408 -23.2523 0
      vertex -32.3902 -16.4616 0
      vertex -32.196 -16.4904 0
    endloop
  endfacet
  facet normal -0 0 -1
    outer loop
      vertex -32 -16.5 0
      vertex -50.47 -27.53 0
      vertex -32.196 -16.4904 0
    endloop
  endfacet
  facet normal 0 0 -1
    outer loop
      vertex -33.2688 -16.046 0
      vertex -47.7806 -22.2456 0
      vertex -47.77 -22.03 0
    endloop
  endfacet
  facet normal 0 0 -1
    outer loop
      vertex -33.1111 -16.1629 0
      vertex -47.8123 -22.4592 0
      vertex -47.7806 -22.2456 0
    endloop
  endfacet
  facet normal 0 0 -1
    outer loop
      vertex -32.9428 -16.2638 0
      vertex -47.8647 -22.6686 0
      vertex -47.8123 -22.4592 0
    endloop
  endfacet
  facet normal 0 0 -1
    outer loop
      vertex -32.7654 -16.3478 0
      vertex -47.9375 -22.8719 0
      vertex -47.8647 -22.6686 0
    endloop
  endfacet
  facet normal 0 0 -1
    outer loop
      vertex -32.5806 -16.4139 0
      vertex -48.0298 -23.0671 0
      vertex -47.9375 -22.8719 0
    endloop
  endfacet
  facet normal 0 0 -1
    outer loop
      vertex -32.3902 -16.4616 0
      vertex -48.1408 -23.2523 0
      vertex -48.0298 -23.0671 0
    endloop
  endfacet
  facet normal 0 0 -1
    outer loop
      vertex -32.196 -16.4904 0
      vertex -50.47 -27.53 0
      vertex -48.1408 -23.2523 0
    endloop
  endfacet
  facet normal 0 0 -1
    outer loop
      vertex -48.1408 -23.2523 0
      vertex -50.47 -27.53 0
      vertex -48.2694 -23.4257 0
    endloop
  endfacet
  facet normal 0 0 -1
    outer loop
      vertex -48.2694 -23.4257 0
      vertex -50.47 -27.53 0
      vertex -48.4144 -23.5856 0
    endloop
  endfacet
  facet normal 0 0 -1
    outer loop
      vertex -48.4144 -23.5856 0
      vertex -50.47 -27.53 0
      vertex -48.5743 -23.7306 0
    endloop
  endfacet
  facet normal 0 0 -1
    outer loop
      vertex -48.5743 -23.7306 0
      vertex -50.47 -27.53 0
      vertex -48.7477 -23.8592 0
    endloop
  endfacet
  facet normal 0 0 -1
    outer loop
      vertex -48.7477 -23.8592 0
      vertex -50.47 -27.53 0
      vertex -48.9329 -23.9702 0
    endloop
  endfacet
  facet normal 0 0 -1
    outer loop
      vertex -48.9329 -23.9702 0
      vertex -50.47 -27.53 0
      vertex -49.1281 -24.0625 0
    endloop
  endfacet
  facet normal 0 0 -1
    outer loop
      vertex -49.1281 -24.0625 0
      vertex -50.47 -27.53 0
      vertex -49.3314 -24.1353 0
    endloop
  endfacet
  facet normal 0 0 -1
    outer loop
      vertex -49.3314 -24.1353 0
      vertex -50.47 -27.53 0
      vertex -49.5408 -24.1877 0
    endloop
  endfacet
  facet normal 0 0 -1
    outer loop
      vertex -49.5408 -24.1877 0
      vertex -50.47 -27.53 0
      vertex -49.7544 -24.2194 0
    endloop
  endfacet
  facet normal 0 0 -1
    outer loop
      vertex -49.7544 -24.2194 0
      vertex -50.47 -27.53 0
      vertex -49.97 -24.23 0
    endloop
  endfacet
  facet normal 0 0 -1
    outer loop
      vertex -50.47 -27.53 0
      vertex -50.1856 -24.2194 0
      vertex -49.97 -24.23 0
    endloop
  endfacet
  facet normal 0 0 -1
    outer loop
      vertex -50.47 -27.53 0
      vertex -50.3992 -24.1877 0
      vertex -50.1856 -24.2194 0
    endloop
  endfacet
  facet normal 0 0 -1
    outer loop
      vertex -50.9601 -27.5059 0
      vertex -50.3992 -24.1877 0
      vertex -50.47 -27.53 0
    endloop
  endfacet
  facet normal -0 0 -1
    outer loop
      vertex -50.3992 -24.1877 0
      vertex -50.9601 -27.5059 0
      vertex -50.6086 -24.1353 0
    endloop
  endfacet
  facet normal 0 0 -1
    outer loop
      vertex -51.4454 -27.4339 0
      vertex -50.6086 -24.1353 0
      vertex -50.9601 -27.5059 0
    endloop
  endfacet
  facet normal 0 0 -1
    outer loop
      vertex -51.9214 -27.3147 0
      vertex -50.6086 -24.1353 0
      vertex -51.4454 -27.4339 0
    endloop
  endfacet
  facet normal -0 0 -1
    outer loop
      vertex -50.6086 -24.1353 0
      vertex -51.9214 -27.3147 0
      vertex -50.8119 -24.0625 0
    endloop
  endfacet
  facet normal 0 0 -1
    outer loop
      vertex -52.3834 -27.1494 0
      vertex -50.8119 -24.0625 0
      vertex -51.9214 -27.3147 0
    endloop
  endfacet
  facet normal -0 0 -1
    outer loop
      vertex -50.8119 -24.0625 0
      vertex -52.3834 -27.1494 0
      vertex -51.0071 -23.9702 0
    endloop
  endfacet
  facet normal 0 0 -1
    outer loop
      vertex -52.827 -26.9396 0
      vertex -51.0071 -23.9702 0
      vertex -52.3834 -27.1494 0
    endloop
  endfacet
  facet normal -0 0 -1
    outer loop
      vertex -51.0071 -23.9702 0
      vertex -52.827 -26.9396 0
      vertex -51.1923 -23.8592 0
    endloop
  endfacet
  facet normal 0 0 -1
    outer loop
      vertex -53.2478 -26.6873 0
      vertex -51.1923 -23.8592 0
      vertex -52.827 -26.9396 0
    endloop
  endfacet
  facet normal -0 0 -1
    outer loop
      vertex -51.1923 -23.8592 0
      vertex -53.2478 -26.6873 0
      vertex -51.3657 -23.7306 0
    endloop
  endfacet
  facet normal 0 0 -1
    outer loop
      vertex -53.642 -26.3951 0
      vertex -51.3657 -23.7306 0
      vertex -53.2478 -26.6873 0
    endloop
  endfacet
  facet normal -0 0 -1
    outer loop
      vertex -51.3657 -23.7306 0
      vertex -53.642 -26.3951 0
      vertex -51.5256 -23.5856 0
    endloop
  endfacet
  facet normal 0 0 -1
    outer loop
      vertex -54.0055 -26.0655 0
      vertex -51.5256 -23.5856 0
      vertex -53.642 -26.3951 0
    endloop
  endfacet
  facet normal 0 0 -1
    outer loop
      vertex -54.3351 -25.702 0
      vertex -51.5256 -23.5856 0
      vertex -54.0055 -26.0655 0
    endloop
  endfacet
  facet normal -0 0 -1
    outer loop
      vertex -51.5256 -23.5856 0
      vertex -54.3351 -25.702 0
      vertex -51.6706 -23.4257 0
    endloop
  endfacet
  facet normal 0 0 -1
    outer loop
      vertex -54.6273 -25.3078 0
      vertex -51.6706 -23.4257 0
      vertex -54.3351 -25.702 0
    endloop
  endfacet
  facet normal 0 0 -1
    outer loop
      vertex -54.8796 -24.887 0
      vertex -51.7992 -23.2523 0
      vertex -54.6273 -25.3078 0
    endloop
  endfacet
  facet normal -0 0 -1
    outer loop
      vertex -51.6706 -23.4257 0
      vertex -54.6273 -25.3078 0
      vertex -51.7992 -23.2523 0
    endloop
  endfacet
  facet normal -0 0 -1
    outer loop
      vertex 54.8796 69.087 0
      vertex 51.7992 67.4523 0
      vertex 54.6273 69.5079 0
    endloop
  endfacet
  facet normal 0 0 -1
    outer loop
      vertex 51.6706 67.6257 0
      vertex 54.6273 69.5079 0
      vertex 51.7992 67.4523 0
    endloop
  endfacet
  facet normal -0 0 -1
    outer loop
      vertex 54.6273 69.5079 0
      vertex 51.6706 67.6257 0
      vertex 54.3351 69.902 0
    endloop
  endfacet
  facet normal 0 0 -1
    outer loop
      vertex 51.5256 67.7856 0
      vertex 54.3351 69.902 0
      vertex 51.6706 67.6257 0
    endloop
  endfacet
  facet normal -0 0 -1
    outer loop
      vertex 54.3351 69.902 0
      vertex 51.5256 67.7856 0
      vertex 54.0055 70.2655 0
    endloop
  endfacet
  facet normal -0 0 -1
    outer loop
      vertex 54.0055 70.2655 0
      vertex 51.5256 67.7856 0
      vertex 53.642 70.595 0
    endloop
  endfacet
  facet normal 0 0 -1
    outer loop
      vertex 51.3657 67.9306 0
      vertex 53.642 70.595 0
      vertex 51.5256 67.7856 0
    endloop
  endfacet
  facet normal -0 0 -1
    outer loop
      vertex 53.642 70.595 0
      vertex 51.3657 67.9306 0
      vertex 53.2478 70.8873 0
    endloop
  endfacet
  facet normal 0 0 -1
    outer loop
      vertex 51.1923 68.0592 0
      vertex 53.2478 70.8873 0
      vertex 51.3657 67.9306 0
    endloop
  endfacet
  facet normal -0 0 -1
    outer loop
      vertex 53.2478 70.8873 0
      vertex 51.1923 68.0592 0
      vertex 52.827 71.1396 0
    endloop
  endfacet
  facet normal 0 0 -1
    outer loop
      vertex 51.0071 68.1702 0
      vertex 52.827 71.1396 0
      vertex 51.1923 68.0592 0
    endloop
  endfacet
  facet normal -0 0 -1
    outer loop
      vertex 52.827 71.1396 0
      vertex 51.0071 68.1702 0
      vertex 52.3834 71.3494 0
    endloop
  endfacet
  facet normal 0 0 -1
    outer loop
      vertex 50.8119 68.2625 0
      vertex 52.3834 71.3494 0
      vertex 51.0071 68.1702 0
    endloop
  endfacet
  facet normal -0 0 -1
    outer loop
      vertex 52.3834 71.3494 0
      vertex 50.8119 68.2625 0
      vertex 51.9214 71.5147 0
    endloop
  endfacet
  facet normal 0 0 -1
    outer loop
      vertex 50.6086 68.3353 0
      vertex 51.9214 71.5147 0
      vertex 50.8119 68.2625 0
    endloop
  endfacet
  facet normal -0 0 -1
    outer loop
      vertex 51.9214 71.5147 0
      vertex 50.6086 68.3353 0
      vertex 51.4454 71.6339 0
    endloop
  endfacet
  facet normal -0 0 -1
    outer loop
      vertex 51.4454 71.6339 0
      vertex 50.6086 68.3353 0
      vertex 50.9601 71.7059 0
    endloop
  endfacet
  facet normal 0 0 -1
    outer loop
      vertex 50.3992 68.3877 0
      vertex 50.9601 71.7059 0
      vertex 50.6086 68.3353 0
    endloop
  endfacet
  facet normal -0 0 -1
    outer loop
      vertex 50.9601 71.7059 0
      vertex 50.3992 68.3877 0
      vertex 50.47 71.73 0
    endloop
  endfacet
  facet normal 0 0 -1
    outer loop
      vertex 50.1856 68.4194 0
      vertex 50.47 71.73 0
      vertex 50.3992 68.3877 0
    endloop
  endfacet
  facet normal 0 0 -1
    outer loop
      vertex 49.97 68.43 0
      vertex 50.47 71.73 0
      vertex 50.1856 68.4194 0
    endloop
  endfacet
  facet normal 0 0 -1
    outer loop
      vertex 49.7544 68.4194 0
      vertex 50.47 71.73 0
      vertex 49.97 68.43 0
    endloop
  endfacet
  facet normal 0 0 -1
    outer loop
      vertex 49.5408 68.3877 0
      vertex 50.47 71.73 0
      vertex 49.7544 68.4194 0
    endloop
  endfacet
  facet normal 0 0 -1
    outer loop
      vertex 49.3314 68.3353 0
      vertex 50.47 71.73 0
      vertex 49.5408 68.3877 0
    endloop
  endfacet
  facet normal 0 0 -1
    outer loop
      vertex 49.1281 68.2625 0
      vertex 50.47 71.73 0
      vertex 49.3314 68.3353 0
    endloop
  endfacet
  facet normal 0 0 -1
    outer loop
      vertex 48.9329 68.1702 0
      vertex 50.47 71.73 0
      vertex 49.1281 68.2625 0
    endloop
  endfacet
  facet normal 0 0 -1
    outer loop
      vertex 48.7477 68.0592 0
      vertex 50.47 71.73 0
      vertex 48.9329 68.1702 0
    endloop
  endfacet
  facet normal 0 0 -1
    outer loop
      vertex 48.5743 67.9306 0
      vertex 50.47 71.73 0
      vertex 48.7477 68.0592 0
    endloop
  endfacet
  facet normal 0 0 -1
    outer loop
      vertex 48.4144 67.7856 0
      vertex 50.47 71.73 0
      vertex 48.5743 67.9306 0
    endloop
  endfacet
  facet normal 0 0 -1
    outer loop
      vertex 48.2694 67.6257 0
      vertex 50.47 71.73 0
      vertex 48.4144 67.7856 0
    endloop
  endfacet
  facet normal 0 0 -1
    outer loop
      vertex 48.1408 67.4523 0
      vertex 50.47 71.73 0
      vertex 48.2694 67.6257 0
    endloop
  endfacet
  facet normal 0 0 -1
    outer loop
      vertex 48.0298 67.2671 0
      vertex 50.47 71.73 0
      vertex 48.1408 67.4523 0
    endloop
  endfacet
  facet normal 0 0 -1
    outer loop
      vertex 55.47 -22.53 0
      vertex 34 14.5 0
      vertex 33.9904 14.696 0
    endloop
  endfacet
  facet normal -0 0 -1
    outer loop
      vertex 49.3314 64.1247 0
      vertex 32.5806 16.4139 0
      vertex 49.1281 64.1975 0
    endloop
  endfacet
  facet normal 0 0 -1
    outer loop
      vertex 32.3902 16.4616 0
      vertex 49.1281 64.1975 0
      vertex 32.5806 16.4139 0
    endloop
  endfacet
  facet normal -0 0 -1
    outer loop
      vertex 49.1281 64.1975 0
      vertex 32.3902 16.4616 0
      vertex 48.9329 64.2898 0
    endloop
  endfacet
  facet normal 0 0 -1
    outer loop
      vertex 32.196 16.4904 0
      vertex 48.9329 64.2898 0
      vertex 32.3902 16.4616 0
    endloop
  endfacet
  facet normal -0 0 -1
    outer loop
      vertex 48.9329 64.2898 0
      vertex 32.196 16.4904 0
      vertex 48.7477 64.4008 0
    endloop
  endfacet
  facet normal 0 0 -1
    outer loop
      vertex 32 16.5 0
      vertex 48.7477 64.4008 0
      vertex 32.196 16.4904 0
    endloop
  endfacet
  facet normal -0 0 -1
    outer loop
      vertex 48.7477 64.4008 0
      vertex 32 16.5 0
      vertex 48.5743 64.5294 0
    endloop
  endfacet
  facet normal -0 0 -1
    outer loop
      vertex 48.5743 64.5294 0
      vertex 32 16.5 0
      vertex 48.4144 64.6744 0
    endloop
  endfacet
  facet normal -0 0 -1
    outer loop
      vertex 48.4144 64.6744 0
      vertex 32 16.5 0
      vertex 48.2694 64.8343 0
    endloop
  endfacet
  facet normal -0 0 -1
    outer loop
      vertex 48.2694 64.8343 0
      vertex 32 16.5 0
      vertex 48.1408 65.0077 0
    endloop
  endfacet
  facet normal -0 0 -1
    outer loop
      vertex 48.1408 65.0077 0
      vertex 32 16.5 0
      vertex 48.0298 65.1929 0
    endloop
  endfacet
  facet normal -0 0 -1
    outer loop
      vertex 48.0298 65.1929 0
      vertex 32 16.5 0
      vertex 47.9375 65.3881 0
    endloop
  endfacet
  facet normal -0 0 -1
    outer loop
      vertex 47.9375 65.3881 0
      vertex 32 16.5 0
      vertex 47.8647 65.5914 0
    endloop
  endfacet
  facet normal -0 0 -1
    outer loop
      vertex 47.8647 65.5914 0
      vertex 32 16.5 0
      vertex 47.8123 65.8008 0
    endloop
  endfacet
  facet normal 0 0 -1
    outer loop
      vertex -32 16.5 0
      vertex 47.8123 65.8008 0
      vertex 32 16.5 0
    endloop
  endfacet
  facet normal 0 0 -1
    outer loop
      vertex -47.77 66.23 0
      vertex 47.8123 65.8008 0
      vertex -32 16.5 0
    endloop
  endfacet
  facet normal 0 0 -1
    outer loop
      vertex 47.8123 65.8008 0
      vertex -47.77 66.23 0
      vertex 47.7806 66.0144 0
    endloop
  endfacet
  facet normal 0 0 -1
    outer loop
      vertex 47.7806 66.0144 0
      vertex -47.77 66.23 0
      vertex 47.77 66.23 0
    endloop
  endfacet
  facet normal 0 0 -1
    outer loop
      vertex 47.77 66.23 0
      vertex -47.77 66.23 0
      vertex 47.7806 66.4456 0
    endloop
  endfacet
  facet normal 0 0 -1
    outer loop
      vertex -47.7806 66.4456 0
      vertex 47.7806 66.4456 0
      vertex -47.77 66.23 0
    endloop
  endfacet
  facet normal 0 0 -1
    outer loop
      vertex 47.7806 66.4456 0
      vertex -47.7806 66.4456 0
      vertex 47.8123 66.6592 0
    endloop
  endfacet
  facet normal 0 0 -1
    outer loop
      vertex -47.8123 66.6592 0
      vertex 47.8123 66.6592 0
      vertex -47.7806 66.4456 0
    endloop
  endfacet
  facet normal 0 0 -1
    outer loop
      vertex 47.8123 66.6592 0
      vertex -47.8123 66.6592 0
      vertex 47.8647 66.8686 0
    endloop
  endfacet
  facet normal 0 0 -1
    outer loop
      vertex -47.77 66.23 0
      vertex -32 16.5 0
      vertex -32.196 16.4904 0
    endloop
  endfacet
  facet normal 0 0 -1
    outer loop
      vertex -47.77 66.23 0
      vertex -32.196 16.4904 0
      vertex -32.3902 16.4616 0
    endloop
  endfacet
  facet normal 0 0 -1
    outer loop
      vertex -47.77 66.23 0
      vertex -32.3902 16.4616 0
      vertex -32.5806 16.4139 0
    endloop
  endfacet
  facet normal 0 0 -1
    outer loop
      vertex -47.77 66.23 0
      vertex -32.5806 16.4139 0
      vertex -32.7654 16.3478 0
    endloop
  endfacet
  facet normal 0 0 -1
    outer loop
      vertex -47.77 66.23 0
      vertex -32.7654 16.3478 0
      vertex -32.9428 16.2638 0
    endloop
  endfacet
  facet normal 0 0 -1
    outer loop
      vertex -47.77 66.23 0
      vertex -32.9428 16.2638 0
      vertex -33.1111 16.1629 0
    endloop
  endfacet
  facet normal 0 0 -1
    outer loop
      vertex -48.0298 -20.9929 0
      vertex -33.9139 -15.0806 0
      vertex -47.9375 -21.1881 0
    endloop
  endfacet
  facet normal -0 0 -1
    outer loop
      vertex -33.9139 -15.0806 0
      vertex -48.0298 -20.9929 0
      vertex -33.9616 -14.8902 0
    endloop
  endfacet
  facet normal 0 0 -1
    outer loop
      vertex -33.9904 14.696 0
      vertex -47.77 66.23 0
      vertex -33.9616 14.8902 0
    endloop
  endfacet
  facet normal 0 0 -1
    outer loop
      vertex -33.9616 14.8902 0
      vertex -47.77 66.23 0
      vertex -33.9139 15.0806 0
    endloop
  endfacet
  facet normal 0 0 -1
    outer loop
      vertex -33.9139 15.0806 0
      vertex -47.77 66.23 0
      vertex -33.8478 15.2654 0
    endloop
  endfacet
  facet normal 0 0 -1
    outer loop
      vertex -47.77 66.23 0
      vertex -33.7638 15.4428 0
      vertex -33.8478 15.2654 0
    endloop
  endfacet
  facet normal 0 0 -1
    outer loop
      vertex -47.77 66.23 0
      vertex -33.6629 15.6111 0
      vertex -33.7638 15.4428 0
    endloop
  endfacet
  facet normal 0 0 -1
    outer loop
      vertex -47.77 66.23 0
      vertex -33.546 15.7688 0
      vertex -33.6629 15.6111 0
    endloop
  endfacet
  facet normal 0 0 -1
    outer loop
      vertex -47.77 66.23 0
      vertex -33.4142 15.9142 0
      vertex -33.546 15.7688 0
    endloop
  endfacet
  facet normal 0 0 -1
    outer loop
      vertex -47.77 66.23 0
      vertex -33.2688 16.046 0
      vertex -33.4142 15.9142 0
    endloop
  endfacet
  facet normal 0 0 -1
    outer loop
      vertex -47.77 66.23 0
      vertex -33.1111 16.1629 0
      vertex -33.2688 16.046 0
    endloop
  endfacet
  facet normal 0 0 -1
    outer loop
      vertex -47.8647 66.8686 0
      vertex 47.8647 66.8686 0
      vertex -47.8123 66.6592 0
    endloop
  endfacet
  facet normal 0 0 -1
    outer loop
      vertex 47.8647 66.8686 0
      vertex -47.8647 66.8686 0
      vertex 47.9375 67.0719 0
    endloop
  endfacet
  facet normal 0 0 -1
    outer loop
      vertex -47.9375 67.0719 0
      vertex 47.9375 67.0719 0
      vertex -47.8647 66.8686 0
    endloop
  endfacet
  facet normal 0 0 -1
    outer loop
      vertex 47.9375 67.0719 0
      vertex -47.9375 67.0719 0
      vertex 48.0298 67.2671 0
    endloop
  endfacet
  facet normal 0 0 -1
    outer loop
      vertex -48.0298 67.2671 0
      vertex 48.0298 67.2671 0
      vertex -47.9375 67.0719 0
    endloop
  endfacet
  facet normal 0 0 -1
    outer loop
      vertex 48.0298 67.2671 0
      vertex -48.0298 67.2671 0
      vertex 50.47 71.73 0
    endloop
  endfacet
  facet normal 0 0 -1
    outer loop
      vertex -48.1408 67.4523 0
      vertex 50.47 71.73 0
      vertex -48.0298 67.2671 0
    endloop
  endfacet
  facet normal 0 0 -1
    outer loop
      vertex -50.47 71.73 0
      vertex -48.1408 67.4523 0
      vertex -48.2694 67.6257 0
    endloop
  endfacet
  facet normal 0 0 -1
    outer loop
      vertex -50.47 71.73 0
      vertex -48.2694 67.6257 0
      vertex -48.4144 67.7856 0
    endloop
  endfacet
  facet normal 0 0 -1
    outer loop
      vertex -50.47 71.73 0
      vertex -48.4144 67.7856 0
      vertex -48.5743 67.9306 0
    endloop
  endfacet
  facet normal 0 0 -1
    outer loop
      vertex -50.47 71.73 0
      vertex -48.5743 67.9306 0
      vertex -48.7477 68.0592 0
    endloop
  endfacet
  facet normal 0 0 -1
    outer loop
      vertex -50.47 71.73 0
      vertex -48.7477 68.0592 0
      vertex -48.9329 68.1702 0
    endloop
  endfacet
  facet normal 0 0 -1
    outer loop
      vertex -50.47 71.73 0
      vertex -48.9329 68.1702 0
      vertex -49.1281 68.2625 0
    endloop
  endfacet
  facet normal 0 0 -1
    outer loop
      vertex -50.47 71.73 0
      vertex -49.1281 68.2625 0
      vertex -49.3314 68.3353 0
    endloop
  endfacet
  facet normal 0 0 -1
    outer loop
      vertex -50.47 71.73 0
      vertex -49.3314 68.3353 0
      vertex -49.5408 68.3877 0
    endloop
  endfacet
  facet normal 0 0 -1
    outer loop
      vertex -50.47 71.73 0
      vertex -49.5408 68.3877 0
      vertex -49.7544 68.4194 0
    endloop
  endfacet
  facet normal 0 0 -1
    outer loop
      vertex -50.47 71.73 0
      vertex -49.7544 68.4194 0
      vertex -49.97 68.43 0
    endloop
  endfacet
  facet normal 0 0 -1
    outer loop
      vertex -48.1408 67.4523 0
      vertex -50.47 71.73 0
      vertex 50.47 71.73 0
    endloop
  endfacet
  facet normal 0 0 -1
    outer loop
      vertex -50.1856 68.4194 0
      vertex -50.47 71.73 0
      vertex -49.97 68.43 0
    endloop
  endfacet
  facet normal 0 0 -1
    outer loop
      vertex -50.3992 68.3877 0
      vertex -50.47 71.73 0
      vertex -50.1856 68.4194 0
    endloop
  endfacet
  facet normal 0 0 -1
    outer loop
      vertex -50.9601 71.7059 0
      vertex -50.3992 68.3877 0
      vertex -50.6086 68.3353 0
    endloop
  endfacet
  facet normal 0 0 -1
    outer loop
      vertex -51.9214 71.5147 0
      vertex -50.6086 68.3353 0
      vertex -50.8119 68.2625 0
    endloop
  endfacet
  facet normal 0 0 -1
    outer loop
      vertex -50.3992 68.3877 0
      vertex -50.9601 71.7059 0
      vertex -50.47 71.73 0
    endloop
  endfacet
  facet normal 0 0 -1
    outer loop
      vertex -52.3834 71.3494 0
      vertex -50.8119 68.2625 0
      vertex -51.0071 68.1702 0
    endloop
  endfacet
  facet normal 0 0 -1
    outer loop
      vertex -52.827 71.1396 0
      vertex -51.0071 68.1702 0
      vertex -51.1923 68.0592 0
    endloop
  endfacet
  facet normal 0 0 -1
    outer loop
      vertex -53.2478 70.8873 0
      vertex -51.1923 68.0592 0
      vertex -51.3657 67.9306 0
    endloop
  endfacet
  facet normal 0 0 -1
    outer loop
      vertex -50.6086 68.3353 0
      vertex -51.4454 71.6339 0
      vertex -50.9601 71.7059 0
    endloop
  endfacet
  facet normal 0 0 -1
    outer loop
      vertex -53.642 70.595 0
      vertex -51.3657 67.9306 0
      vertex -51.5256 67.7856 0
    endloop
  endfacet
  facet normal 0 0 -1
    outer loop
      vertex -54.3351 69.902 0
      vertex -51.5256 67.7856 0
      vertex -51.6706 67.6257 0
    endloop
  endfacet
  facet normal 0 0 -1
    outer loop
      vertex -54.6273 69.5079 0
      vertex -51.6706 67.6257 0
      vertex -51.7992 67.4523 0
    endloop
  endfacet
  facet normal 0 0 -1
    outer loop
      vertex -54.8796 69.087 0
      vertex -51.7992 67.4523 0
      vertex -51.9102 67.2671 0
    endloop
  endfacet
  facet normal 0 0 -1
    outer loop
      vertex -50.6086 68.3353 0
      vertex -51.9214 71.5147 0
      vertex -51.4454 71.6339 0
    endloop
  endfacet
  facet normal 0 0 -1
    outer loop
      vertex -55.0894 68.6434 0
      vertex -51.9102 67.2671 0
      vertex -52.0025 67.0719 0
    endloop
  endfacet
  facet normal 0 0 -1
    outer loop
      vertex -55.2547 68.1814 0
      vertex -52.0025 67.0719 0
      vertex -52.0753 66.8686 0
    endloop
  endfacet
  facet normal 0 0 -1
    outer loop
      vertex -55.4459 67.2201 0
      vertex -52.0753 66.8686 0
      vertex -52.1277 66.6592 0
    endloop
  endfacet
  facet normal 0 0 -1
    outer loop
      vertex -55.47 66.73 0
      vertex -52.1277 66.6592 0
      vertex -52.1594 66.4456 0
    endloop
  endfacet
  facet normal 0 0 -1
    outer loop
      vertex -55.47 66.73 0
      vertex -52.1594 66.4456 0
      vertex -52.17 66.23 0
    endloop
  endfacet
  facet normal 0 0 -1
    outer loop
      vertex -50.8119 68.2625 0
      vertex -52.3834 71.3494 0
      vertex -51.9214 71.5147 0
    endloop
  endfacet
  facet normal 0 0 -1
    outer loop
      vertex -52.1277 65.8008 0
      vertex -55.47 66.73 0
      vertex -52.1594 66.0144 0
    endloop
  endfacet
  facet normal -0 0 -1
    outer loop
      vertex -51.7992 -23.2523 0
      vertex -54.8796 -24.887 0
      vertex -51.9102 -23.0671 0
    endloop
  endfacet
  facet normal 0 0 -1
    outer loop
      vertex -52.1594 66.0144 0
      vertex -55.47 66.73 0
      vertex -52.17 66.23 0
    endloop
  endfacet
  facet normal 0 0 -1
    outer loop
      vertex -55.0894 -24.4434 0
      vertex -51.9102 -23.0671 0
      vertex -54.8796 -24.887 0
    endloop
  endfacet
  facet normal 0 0 -1
    outer loop
      vertex -52.1277 66.6592 0
      vertex -55.47 66.73 0
      vertex -55.4459 67.2201 0
    endloop
  endfacet
  facet normal -0 0 -1
    outer loop
      vertex -51.9102 -23.0671 0
      vertex -55.0894 -24.4434 0
      vertex -52.0025 -22.8719 0
    endloop
  endfacet
  facet normal 0 0 -1
    outer loop
      vertex -51.0071 68.1702 0
      vertex -52.827 71.1396 0
      vertex -52.3834 71.3494 0
    endloop
  endfacet
  facet normal 0 0 -1
    outer loop
      vertex -55.2547 -23.9814 0
      vertex -52.0025 -22.8719 0
      vertex -55.0894 -24.4434 0
    endloop
  endfacet
  facet normal 0 0 -1
    outer loop
      vertex -51.1923 68.0592 0
      vertex -53.2478 70.8873 0
      vertex -52.827 71.1396 0
    endloop
  endfacet
  facet normal -0 0 -1
    outer loop
      vertex -52.0025 -22.8719 0
      vertex -55.2547 -23.9814 0
      vertex -52.0753 -22.6686 0
    endloop
  endfacet
  facet normal 0 0 -1
    outer loop
      vertex -51.3657 67.9306 0
      vertex -53.642 70.595 0
      vertex -53.2478 70.8873 0
    endloop
  endfacet
  facet normal 0 0 -1
    outer loop
      vertex -55.3739 -23.5055 0
      vertex -52.0753 -22.6686 0
      vertex -55.2547 -23.9814 0
    endloop
  endfacet
  facet normal 0 0 -1
    outer loop
      vertex -51.5256 67.7856 0
      vertex -54.0055 70.2655 0
      vertex -53.642 70.595 0
    endloop
  endfacet
  facet normal 0 0 -1
    outer loop
      vertex -55.4459 -23.0201 0
      vertex -52.0753 -22.6686 0
      vertex -55.3739 -23.5055 0
    endloop
  endfacet
  facet normal 0 0 -1
    outer loop
      vertex -51.5256 67.7856 0
      vertex -54.3351 69.902 0
      vertex -54.0055 70.2655 0
    endloop
  endfacet
  facet normal -0 0 -1
    outer loop
      vertex -52.0753 -22.6686 0
      vertex -55.4459 -23.0201 0
      vertex -52.1277 -22.4592 0
    endloop
  endfacet
  facet normal 0 0 -1
    outer loop
      vertex -51.6706 67.6257 0
      vertex -54.6273 69.5079 0
      vertex -54.3351 69.902 0
    endloop
  endfacet
  facet normal 0 0 -1
    outer loop
      vertex -55.47 -22.53 0
      vertex -52.1277 -22.4592 0
      vertex -55.4459 -23.0201 0
    endloop
  endfacet
  facet normal 0 0 -1
    outer loop
      vertex -51.7992 67.4523 0
      vertex -54.8796 69.087 0
      vertex -54.6273 69.5079 0
    endloop
  endfacet
  facet normal -0 0 -1
    outer loop
      vertex -52.1277 -22.4592 0
      vertex -55.47 -22.53 0
      vertex -52.1594 -22.2456 0
    endloop
  endfacet
  facet normal 0 0 -1
    outer loop
      vertex -51.9102 67.2671 0
      vertex -55.0894 68.6434 0
      vertex -54.8796 69.087 0
    endloop
  endfacet
  facet normal -0 0 -1
    outer loop
      vertex -52.1594 -22.2456 0
      vertex -55.47 -22.53 0
      vertex -52.17 -22.03 0
    endloop
  endfacet
  facet normal 0 0 -1
    outer loop
      vertex -52.0025 67.0719 0
      vertex -55.2547 68.1814 0
      vertex -55.0894 68.6434 0
    endloop
  endfacet
  facet normal 0 0 -1
    outer loop
      vertex -52.0753 66.8686 0
      vertex -55.3739 67.7055 0
      vertex -55.2547 68.1814 0
    endloop
  endfacet
  facet normal 0 0 -1
    outer loop
      vertex -52.0753 66.8686 0
      vertex -55.4459 67.2201 0
      vertex -55.3739 67.7055 0
    endloop
  endfacet
  facet normal 0.336879 0.941548 -0
    outer loop
      vertex 52.3834 71.3494 0
      vertex 51.9214 71.5147 4
      vertex 52.3834 71.3494 4
    endloop
  endfacet
  facet normal 0.336879 0.941548 0
    outer loop
      vertex 51.9214 71.5147 4
      vertex 52.3834 71.3494 0
      vertex 51.9214 71.5147 0
    endloop
  endfacet
  facet normal -0.903995 -0.427543 0
    outer loop
      vertex -54.8796 -24.887 0
      vertex -55.0894 -24.4434 4
      vertex -55.0894 -24.4434 0
    endloop
  endfacet
  facet normal -0.903995 -0.427543 0
    outer loop
      vertex -55.0894 -24.4434 4
      vertex -54.8796 -24.887 0
      vertex -54.8796 -24.887 4
    endloop
  endfacet
  facet normal 0.671719 -0.740806 0
    outer loop
      vertex 53.642 -26.3951 0
      vertex 54.0055 -26.0655 4
      vertex 53.642 -26.3951 4
    endloop
  endfacet
  facet normal 0.671719 -0.740806 0
    outer loop
      vertex 54.0055 -26.0655 4
      vertex 53.642 -26.3951 0
      vertex 54.0055 -26.0655 0
    endloop
  endfacet
  facet normal -0.970034 0.242967 0
    outer loop
      vertex -55.3739 67.7055 0
      vertex -55.2547 68.1814 4
      vertex -55.2547 68.1814 0
    endloop
  endfacet
  facet normal -0.970034 0.242967 0
    outer loop
      vertex -55.2547 68.1814 4
      vertex -55.3739 67.7055 0
      vertex -55.3739 67.7055 4
    endloop
  endfacet
  facet normal 0.740806 -0.671719 0
    outer loop
      vertex 54.0055 -26.0655 4
      vertex 54.3351 -25.702 0
      vertex 54.3351 -25.702 4
    endloop
  endfacet
  facet normal 0.740806 -0.671719 0
    outer loop
      vertex 54.3351 -25.702 0
      vertex 54.0055 -26.0655 4
      vertex 54.0055 -26.0655 0
    endloop
  endfacet
  facet normal -0.146755 -0.989173 0
    outer loop
      vertex -51.4454 -27.4339 0
      vertex -50.9601 -27.5059 4
      vertex -51.4454 -27.4339 4
    endloop
  endfacet
  facet normal -0.146755 -0.989173 -0
    outer loop
      vertex -50.9601 -27.5059 4
      vertex -51.4454 -27.4339 0
      vertex -50.9601 -27.5059 0
    endloop
  endfacet
  facet normal -0.427543 0.903995 0
    outer loop
      vertex -52.3834 71.3494 0
      vertex -52.827 71.1396 4
      vertex -52.3834 71.3494 4
    endloop
  endfacet
  facet normal -0.427543 0.903995 0
    outer loop
      vertex -52.827 71.1396 4
      vertex -52.3834 71.3494 0
      vertex -52.827 71.1396 0
    endloop
  endfacet
  facet normal 0.595491 -0.803362 0
    outer loop
      vertex 53.2478 -26.6873 0
      vertex 53.642 -26.3951 4
      vertex 53.2478 -26.6873 4
    endloop
  endfacet
  facet normal 0.595491 -0.803362 0
    outer loop
      vertex 53.642 -26.3951 4
      vertex 53.2478 -26.6873 0
      vertex 53.642 -26.3951 0
    endloop
  endfacet
  facet normal -0.0491143 -0.998793 0
    outer loop
      vertex -50.9601 -27.5059 0
      vertex -50.47 -27.53 4
      vertex -50.9601 -27.5059 4
    endloop
  endfacet
  facet normal -0.0491143 -0.998793 -0
    outer loop
      vertex -50.47 -27.53 4
      vertex -50.9601 -27.5059 0
      vertex -50.47 -27.53 0
    endloop
  endfacet
  facet normal -0.514226 -0.857655 0
    outer loop
      vertex -53.2478 -26.6873 0
      vertex -52.827 -26.9396 4
      vertex -53.2478 -26.6873 4
    endloop
  endfacet
  facet normal -0.514226 -0.857655 -0
    outer loop
      vertex -52.827 -26.9396 4
      vertex -53.2478 -26.6873 0
      vertex -52.827 -26.9396 0
    endloop
  endfacet
  facet normal -0.427543 -0.903995 0
    outer loop
      vertex -52.827 -26.9396 0
      vertex -52.3834 -27.1494 4
      vertex -52.827 -26.9396 4
    endloop
  endfacet
  facet normal -0.427543 -0.903995 -0
    outer loop
      vertex -52.3834 -27.1494 4
      vertex -52.827 -26.9396 0
      vertex -52.3834 -27.1494 0
    endloop
  endfacet
  facet normal 0.989177 -0.146726 0
    outer loop
      vertex 55.3739 -23.5055 4
      vertex 55.4459 -23.0201 0
      vertex 55.4459 -23.0201 4
    endloop
  endfacet
  facet normal 0.989177 -0.146726 0
    outer loop
      vertex 55.4459 -23.0201 0
      vertex 55.3739 -23.5055 4
      vertex 55.3739 -23.5055 0
    endloop
  endfacet
  facet normal 0.989177 0.146726 0
    outer loop
      vertex 55.4459 67.2201 4
      vertex 55.3739 67.7055 0
      vertex 55.3739 67.7055 4
    endloop
  endfacet
  facet normal 0.989177 0.146726 0
    outer loop
      vertex 55.3739 67.7055 0
      vertex 55.4459 67.2201 4
      vertex 55.4459 67.2201 0
    endloop
  endfacet
  facet normal 0.941548 0.336879 0
    outer loop
      vertex 55.2547 68.1814 4
      vertex 55.0894 68.6434 0
      vertex 55.0894 68.6434 4
    endloop
  endfacet
  facet normal 0.941548 0.336879 0
    outer loop
      vertex 55.0894 68.6434 0
      vertex 55.2547 68.1814 4
      vertex 55.2547 68.1814 0
    endloop
  endfacet
  facet normal 0 0 1
    outer loop
      vertex -47.0007 -21.2255 4
      vertex -47.7806 -21.8144 4
      vertex -47.77 -22.03 4
    endloop
  endfacet
  facet normal 0 0 1
    outer loop
      vertex -47.3556 -21.0577 4
      vertex -47.8123 -21.6008 4
      vertex -47.7806 -21.8144 4
    endloop
  endfacet
  facet normal 0 0 1
    outer loop
      vertex -47.3556 -21.0577 4
      vertex -47.8647 -21.3914 4
      vertex -47.8123 -21.6008 4
    endloop
  endfacet
  facet normal 0 0 1
    outer loop
      vertex -47.3556 -21.0577 4
      vertex -47.9375 -21.1881 4
      vertex -47.8647 -21.3914 4
    endloop
  endfacet
  facet normal 0 0 1
    outer loop
      vertex -48.0298 -20.9929 4
      vertex -47.6923 -20.8559 4
      vertex -48.0076 -20.622 4
    endloop
  endfacet
  facet normal 0 0 1
    outer loop
      vertex -47.6923 -20.8559 4
      vertex -48.0298 -20.9929 4
      vertex -47.9375 -21.1881 4
    endloop
  endfacet
  facet normal 0 0 1
    outer loop
      vertex -48.0076 -20.622 4
      vertex -48.1408 -20.8077 4
      vertex -48.0298 -20.9929 4
    endloop
  endfacet
  facet normal 0 0 1
    outer loop
      vertex -48.0076 -20.622 4
      vertex -48.2694 -20.6343 4
      vertex -48.1408 -20.8077 4
    endloop
  endfacet
  facet normal 0 0 1
    outer loop
      vertex -48.2984 -20.3584 4
      vertex -48.2694 -20.6343 4
      vertex -48.0076 -20.622 4
    endloop
  endfacet
  facet normal 0 0 1
    outer loop
      vertex -48.2984 -20.3584 4
      vertex -48.4144 -20.4744 4
      vertex -48.2694 -20.6343 4
    endloop
  endfacet
  facet normal -0 0 1
    outer loop
      vertex -48.5743 -20.3294 4
      vertex -48.2984 -20.3584 4
      vertex -48.562 -20.0676 4
    endloop
  endfacet
  facet normal 0 0 1
    outer loop
      vertex -48.2984 -20.3584 4
      vertex -48.5743 -20.3294 4
      vertex -48.4144 -20.4744 4
    endloop
  endfacet
  facet normal 0 0 1
    outer loop
      vertex -48.562 -20.0676 4
      vertex -48.7477 -20.2008 4
      vertex -48.5743 -20.3294 4
    endloop
  endfacet
  facet normal 0 0 1
    outer loop
      vertex -48.9329 -20.0898 4
      vertex -48.562 -20.0676 4
      vertex -48.7959 -19.7523 4
    endloop
  endfacet
  facet normal 0 0 1
    outer loop
      vertex -48.562 -20.0676 4
      vertex -48.9329 -20.0898 4
      vertex -48.7477 -20.2008 4
    endloop
  endfacet
  facet normal 0 0 1
    outer loop
      vertex -49.1281 -19.9975 4
      vertex -48.7959 -19.7523 4
      vertex -48.9977 -19.4156 4
    endloop
  endfacet
  facet normal 0 0 1
    outer loop
      vertex -48.7959 -19.7523 4
      vertex -49.1281 -19.9975 4
      vertex -48.9329 -20.0898 4
    endloop
  endfacet
  facet normal 0 0 1
    outer loop
      vertex -49.5408 -19.8723 4
      vertex -48.9977 -19.4156 4
      vertex -49.1655 -19.0607 4
    endloop
  endfacet
  facet normal 0 0 1
    outer loop
      vertex -49.97 -19.83 4
      vertex -49.1655 -19.0607 4
      vertex -49.2978 -18.6911 4
    endloop
  endfacet
  facet normal 0 0 1
    outer loop
      vertex -48.9977 -19.4156 4
      vertex -49.3314 -19.9247 4
      vertex -49.1281 -19.9975 4
    endloop
  endfacet
  facet normal 0 0 1
    outer loop
      vertex -50.1856 -19.8406 4
      vertex -49.2978 -18.6911 4
      vertex -49.3931 -18.3104 4
    endloop
  endfacet
  facet normal 0 0 1
    outer loop
      vertex -50.6086 -19.9247 4
      vertex -49.3931 -18.3104 4
      vertex -49.4507 -17.9221 4
    endloop
  endfacet
  facet normal 0 0 1
    outer loop
      vertex -48.9977 -19.4156 4
      vertex -49.5408 -19.8723 4
      vertex -49.3314 -19.9247 4
    endloop
  endfacet
  facet normal 0 0 1
    outer loop
      vertex -50.8119 -19.9975 4
      vertex -49.4507 -17.9221 4
      vertex -49.47 -17.53 4
    endloop
  endfacet
  facet normal 0 0 1
    outer loop
      vertex -50.3992 64.0723 4
      vertex -49.3931 62.5104 4
      vertex -50.1856 64.0406 4
    endloop
  endfacet
  facet normal 0 0 1
    outer loop
      vertex -50.6086 64.1247 4
      vertex -49.3931 62.5104 4
      vertex -50.3992 64.0723 4
    endloop
  endfacet
  facet normal 0 0 1
    outer loop
      vertex -49.1655 -19.0607 4
      vertex -49.7544 -19.8406 4
      vertex -49.5408 -19.8723 4
    endloop
  endfacet
  facet normal 0 0 1
    outer loop
      vertex -49.3931 62.5104 4
      vertex -50.6086 64.1247 4
      vertex -49.4507 62.1221 4
    endloop
  endfacet
  facet normal 0 0 1
    outer loop
      vertex -49.1655 -19.0607 4
      vertex -49.97 -19.83 4
      vertex -49.7544 -19.8406 4
    endloop
  endfacet
  facet normal 0 0 1
    outer loop
      vertex -50.8119 64.1975 4
      vertex -49.4507 62.1221 4
      vertex -50.6086 64.1247 4
    endloop
  endfacet
  facet normal 0 0 1
    outer loop
      vertex -49.2978 -18.6911 4
      vertex -50.1856 -19.8406 4
      vertex -49.97 -19.83 4
    endloop
  endfacet
  facet normal 0 0 1
    outer loop
      vertex -49.4507 62.1221 4
      vertex -50.8119 64.1975 4
      vertex -49.47 61.73 4
    endloop
  endfacet
  facet normal 0 0 1
    outer loop
      vertex -49.3931 -18.3104 4
      vertex -50.3992 -19.8723 4
      vertex -50.1856 -19.8406 4
    endloop
  endfacet
  facet normal 0 0 1
    outer loop
      vertex -51.0071 64.2898 4
      vertex -49.47 61.73 4
      vertex -50.8119 64.1975 4
    endloop
  endfacet
  facet normal 0 0 1
    outer loop
      vertex -49.3931 -18.3104 4
      vertex -50.6086 -19.9247 4
      vertex -50.3992 -19.8723 4
    endloop
  endfacet
  facet normal 0 0 1
    outer loop
      vertex -51.1923 64.4008 4
      vertex -49.47 61.73 4
      vertex -51.0071 64.2898 4
    endloop
  endfacet
  facet normal 0 0 1
    outer loop
      vertex -49.4507 -17.9221 4
      vertex -50.8119 -19.9975 4
      vertex -50.6086 -19.9247 4
    endloop
  endfacet
  facet normal 0 0 1
    outer loop
      vertex -51.3657 64.5294 4
      vertex -49.47 61.73 4
      vertex -51.1923 64.4008 4
    endloop
  endfacet
  facet normal 0 0 1
    outer loop
      vertex -49.47 -17.53 4
      vertex -51.0071 -20.0898 4
      vertex -50.8119 -19.9975 4
    endloop
  endfacet
  facet normal 0 0 1
    outer loop
      vertex -49.47 61.73 4
      vertex -55.47 66.73 4
      vertex -49.47 -17.53 4
    endloop
  endfacet
  facet normal 0 0 1
    outer loop
      vertex -49.47 -17.53 4
      vertex -51.1923 -20.2008 4
      vertex -51.0071 -20.0898 4
    endloop
  endfacet
  facet normal 0 0 1
    outer loop
      vertex -51.5256 64.6744 4
      vertex -49.47 61.73 4
      vertex -51.3657 64.5294 4
    endloop
  endfacet
  facet normal 0 0 1
    outer loop
      vertex -55.47 -22.53 4
      vertex -49.47 -17.53 4
      vertex -55.47 66.73 4
    endloop
  endfacet
  facet normal 0 0 1
    outer loop
      vertex -49.47 61.73 4
      vertex -51.5256 64.6744 4
      vertex -55.47 66.73 4
    endloop
  endfacet
  facet normal 0 -0 1
    outer loop
      vertex -51.5256 -20.4744 4
      vertex -49.47 -17.53 4
      vertex -55.47 -22.53 4
    endloop
  endfacet
  facet normal 0 0 1
    outer loop
      vertex -55.47 66.73 4
      vertex -51.5256 64.6744 4
      vertex -51.6706 64.8343 4
    endloop
  endfacet
  facet normal 0 0 1
    outer loop
      vertex -49.47 -17.53 4
      vertex -51.3657 -20.3294 4
      vertex -51.1923 -20.2008 4
    endloop
  endfacet
  facet normal 0 0 1
    outer loop
      vertex -55.47 66.73 4
      vertex -51.6706 64.8343 4
      vertex -51.7992 65.0077 4
    endloop
  endfacet
  facet normal 0 0 1
    outer loop
      vertex -49.47 -17.53 4
      vertex -51.5256 -20.4744 4
      vertex -51.3657 -20.3294 4
    endloop
  endfacet
  facet normal 0 0 1
    outer loop
      vertex -55.47 66.73 4
      vertex -51.7992 65.0077 4
      vertex -51.9102 65.1929 4
    endloop
  endfacet
  facet normal 0 0 1
    outer loop
      vertex -51.5256 -20.4744 4
      vertex -55.47 -22.53 4
      vertex -51.6706 -20.6343 4
    endloop
  endfacet
  facet normal 0 0 1
    outer loop
      vertex -55.47 66.73 4
      vertex -51.9102 65.1929 4
      vertex -52.0025 65.3881 4
    endloop
  endfacet
  facet normal 0 0 1
    outer loop
      vertex -51.6706 -20.6343 4
      vertex -55.47 -22.53 4
      vertex -51.7992 -20.8077 4
    endloop
  endfacet
  facet normal 0 0 1
    outer loop
      vertex -55.47 66.73 4
      vertex -52.0025 65.3881 4
      vertex -52.0753 65.5914 4
    endloop
  endfacet
  facet normal 0 0 1
    outer loop
      vertex -51.7992 -20.8077 4
      vertex -55.47 -22.53 4
      vertex -51.9102 -20.9929 4
    endloop
  endfacet
  facet normal 0 0 1
    outer loop
      vertex -55.47 66.73 4
      vertex -52.0753 65.5914 4
      vertex -52.1277 65.8008 4
    endloop
  endfacet
  facet normal 0 0 1
    outer loop
      vertex -51.9102 -20.9929 4
      vertex -55.47 -22.53 4
      vertex -52.0025 -21.1881 4
    endloop
  endfacet
  facet normal 0 0 1
    outer loop
      vertex -55.47 66.73 4
      vertex -52.1277 65.8008 4
      vertex -52.1594 66.0144 4
    endloop
  endfacet
  facet normal 0 0 1
    outer loop
      vertex -52.0025 -21.1881 4
      vertex -55.47 -22.53 4
      vertex -52.0753 -21.3914 4
    endloop
  endfacet
  facet normal 0 0 1
    outer loop
      vertex -55.47 66.73 4
      vertex -52.1594 66.0144 4
      vertex -52.17 66.23 4
    endloop
  endfacet
  facet normal 0 0 1
    outer loop
      vertex -52.0753 -21.3914 4
      vertex -55.47 -22.53 4
      vertex -52.1277 -21.6008 4
    endloop
  endfacet
  facet normal 0 0 1
    outer loop
      vertex -47.0007 65.4255 4
      vertex -47.8123 65.8008 4
      vertex -47.3556 65.2577 4
    endloop
  endfacet
  facet normal -0 0 1
    outer loop
      vertex -47.8647 65.5914 4
      vertex -47.3556 65.2577 4
      vertex -47.8123 65.8008 4
    endloop
  endfacet
  facet normal -0 0 1
    outer loop
      vertex -47.9375 65.3881 4
      vertex -47.3556 65.2577 4
      vertex -47.8647 65.5914 4
    endloop
  endfacet
  facet normal 0 0 1
    outer loop
      vertex -47.3556 65.2577 4
      vertex -47.9375 65.3881 4
      vertex -47.6923 65.0559 4
    endloop
  endfacet
  facet normal -0 0 1
    outer loop
      vertex -48.0298 65.1929 4
      vertex -47.6923 65.0559 4
      vertex -47.9375 65.3881 4
    endloop
  endfacet
  facet normal 0 0 1
    outer loop
      vertex -47.6923 65.0559 4
      vertex -48.0298 65.1929 4
      vertex -48.0076 64.822 4
    endloop
  endfacet
  facet normal -0 0 1
    outer loop
      vertex -48.1408 65.0077 4
      vertex -48.0076 64.822 4
      vertex -48.0298 65.1929 4
    endloop
  endfacet
  facet normal -0 0 1
    outer loop
      vertex -48.2694 64.8343 4
      vertex -48.0076 64.822 4
      vertex -48.1408 65.0077 4
    endloop
  endfacet
  facet normal 0 0 1
    outer loop
      vertex -48.2694 64.8343 4
      vertex -48.2984 64.5584 4
      vertex -48.0076 64.822 4
    endloop
  endfacet
  facet normal -0 0 1
    outer loop
      vertex -48.4144 64.6744 4
      vertex -48.2984 64.5584 4
      vertex -48.2694 64.8343 4
    endloop
  endfacet
  facet normal 0 0 1
    outer loop
      vertex -48.5743 64.5294 4
      vertex -48.2984 64.5584 4
      vertex -48.4144 64.6744 4
    endloop
  endfacet
  facet normal 0 0 1
    outer loop
      vertex -48.2984 64.5584 4
      vertex -48.5743 64.5294 4
      vertex -48.562 64.2676 4
    endloop
  endfacet
  facet normal -0 0 1
    outer loop
      vertex -48.7477 64.4008 4
      vertex -48.562 64.2676 4
      vertex -48.5743 64.5294 4
    endloop
  endfacet
  facet normal -0 0 1
    outer loop
      vertex -48.9329 64.2898 4
      vertex -48.562 64.2676 4
      vertex -48.7477 64.4008 4
    endloop
  endfacet
  facet normal 0 0 1
    outer loop
      vertex -48.562 64.2676 4
      vertex -48.9329 64.2898 4
      vertex -48.7959 63.9523 4
    endloop
  endfacet
  facet normal -0 0 1
    outer loop
      vertex -49.1281 64.1975 4
      vertex -48.7959 63.9523 4
      vertex -48.9329 64.2898 4
    endloop
  endfacet
  facet normal 0 0 1
    outer loop
      vertex -48.7959 63.9523 4
      vertex -49.1281 64.1975 4
      vertex -48.9977 63.6156 4
    endloop
  endfacet
  facet normal -0 0 1
    outer loop
      vertex -49.3314 64.1247 4
      vertex -48.9977 63.6156 4
      vertex -49.1281 64.1975 4
    endloop
  endfacet
  facet normal -0 0 1
    outer loop
      vertex -49.5408 64.0723 4
      vertex -48.9977 63.6156 4
      vertex -49.3314 64.1247 4
    endloop
  endfacet
  facet normal 0 0 1
    outer loop
      vertex -48.9977 63.6156 4
      vertex -49.5408 64.0723 4
      vertex -49.1655 63.2607 4
    endloop
  endfacet
  facet normal -0 0 1
    outer loop
      vertex -49.7544 64.0406 4
      vertex -49.1655 63.2607 4
      vertex -49.5408 64.0723 4
    endloop
  endfacet
  facet normal -0 0 1
    outer loop
      vertex -49.97 64.03 4
      vertex -49.1655 63.2607 4
      vertex -49.7544 64.0406 4
    endloop
  endfacet
  facet normal 0 0 1
    outer loop
      vertex -49.2978 62.8911 4
      vertex -50.1856 64.0406 4
      vertex -49.3931 62.5104 4
    endloop
  endfacet
  facet normal 0 0 1
    outer loop
      vertex -50.1856 64.0406 4
      vertex -49.2978 62.8911 4
      vertex -49.97 64.03 4
    endloop
  endfacet
  facet normal 0 0 1
    outer loop
      vertex -49.1655 63.2607 4
      vertex -49.97 64.03 4
      vertex -49.2978 62.8911 4
    endloop
  endfacet
  facet normal 0 0 1
    outer loop
      vertex 52.0753 65.5914 4
      vertex 55.47 66.73 4
      vertex 52.1277 65.8008 4
    endloop
  endfacet
  facet normal 0 0 1
    outer loop
      vertex 55.47 -22.53 4
      vertex 52.1594 -21.8144 4
      vertex 52.17 -22.03 4
    endloop
  endfacet
  facet normal 0 0 1
    outer loop
      vertex 52.0025 65.3881 4
      vertex 55.47 66.73 4
      vertex 52.0753 65.5914 4
    endloop
  endfacet
  facet normal 0 0 1
    outer loop
      vertex 55.47 -22.53 4
      vertex 52.1277 -21.6008 4
      vertex 52.1594 -21.8144 4
    endloop
  endfacet
  facet normal 0 0 1
    outer loop
      vertex 51.9102 65.1929 4
      vertex 55.47 66.73 4
      vertex 52.0025 65.3881 4
    endloop
  endfacet
  facet normal 0 0 1
    outer loop
      vertex 55.47 -22.53 4
      vertex 52.0753 -21.3914 4
      vertex 52.1277 -21.6008 4
    endloop
  endfacet
  facet normal 0 0 1
    outer loop
      vertex 51.7992 65.0077 4
      vertex 55.47 66.73 4
      vertex 51.9102 65.1929 4
    endloop
  endfacet
  facet normal 0 0 1
    outer loop
      vertex 55.47 -22.53 4
      vertex 52.0025 -21.1881 4
      vertex 52.0753 -21.3914 4
    endloop
  endfacet
  facet normal 0 0 1
    outer loop
      vertex 51.6706 64.8343 4
      vertex 55.47 66.73 4
      vertex 51.7992 65.0077 4
    endloop
  endfacet
  facet normal 0 0 1
    outer loop
      vertex 55.47 -22.53 4
      vertex 51.9102 -20.9929 4
      vertex 52.0025 -21.1881 4
    endloop
  endfacet
  facet normal 0 0 1
    outer loop
      vertex 51.5256 64.6744 4
      vertex 55.47 66.73 4
      vertex 51.6706 64.8343 4
    endloop
  endfacet
  facet normal 0 0 1
    outer loop
      vertex 55.47 -22.53 4
      vertex 51.7992 -20.8077 4
      vertex 51.9102 -20.9929 4
    endloop
  endfacet
  facet normal 0 0 1
    outer loop
      vertex 55.47 66.73 4
      vertex 49.47 61.73 4
      vertex 55.47 -22.53 4
    endloop
  endfacet
  facet normal 0 0 1
    outer loop
      vertex 55.47 -22.53 4
      vertex 51.6706 -20.6343 4
      vertex 51.7992 -20.8077 4
    endloop
  endfacet
  facet normal 0 0 1
    outer loop
      vertex 55.47 66.73 4
      vertex 51.5256 64.6744 4
      vertex 49.47 61.73 4
    endloop
  endfacet
  facet normal -0 0 1
    outer loop
      vertex 49.47 -17.53 4
      vertex 55.47 -22.53 4
      vertex 49.47 61.73 4
    endloop
  endfacet
  facet normal 0 0 1
    outer loop
      vertex 49.47 61.73 4
      vertex 51.5256 64.6744 4
      vertex 51.3657 64.5294 4
    endloop
  endfacet
  facet normal -0 -0 1
    outer loop
      vertex 51.5256 -20.4744 4
      vertex 55.47 -22.53 4
      vertex 49.47 -17.53 4
    endloop
  endfacet
  facet normal 0 0 1
    outer loop
      vertex 49.47 61.73 4
      vertex 51.3657 64.5294 4
      vertex 51.1923 64.4008 4
    endloop
  endfacet
  facet normal 0 0 1
    outer loop
      vertex 55.47 -22.53 4
      vertex 51.5256 -20.4744 4
      vertex 51.6706 -20.6343 4
    endloop
  endfacet
  facet normal 0 0 1
    outer loop
      vertex 49.47 61.73 4
      vertex 51.1923 64.4008 4
      vertex 51.0071 64.2898 4
    endloop
  endfacet
  facet normal 0 0 1
    outer loop
      vertex 51.5256 -20.4744 4
      vertex 49.47 -17.53 4
      vertex 51.3657 -20.3294 4
    endloop
  endfacet
  facet normal 0 0 1
    outer loop
      vertex 49.47 61.73 4
      vertex 51.0071 64.2898 4
      vertex 50.8119 64.1975 4
    endloop
  endfacet
  facet normal 0 0 1
    outer loop
      vertex 51.3657 -20.3294 4
      vertex 49.47 -17.53 4
      vertex 51.1923 -20.2008 4
    endloop
  endfacet
  facet normal 0 0 1
    outer loop
      vertex 49.4507 62.1221 4
      vertex 50.8119 64.1975 4
      vertex 50.6086 64.1247 4
    endloop
  endfacet
  facet normal 0 0 1
    outer loop
      vertex 51.1923 -20.2008 4
      vertex 49.47 -17.53 4
      vertex 51.0071 -20.0898 4
    endloop
  endfacet
  facet normal 0 0 1
    outer loop
      vertex 49.3931 62.5104 4
      vertex 50.6086 64.1247 4
      vertex 50.3992 64.0723 4
    endloop
  endfacet
  facet normal 0 0 1
    outer loop
      vertex 51.0071 -20.0898 4
      vertex 49.47 -17.53 4
      vertex 50.8119 -19.9975 4
    endloop
  endfacet
  facet normal 0 0 1
    outer loop
      vertex 49.3931 62.5104 4
      vertex 50.3992 64.0723 4
      vertex 50.1856 64.0406 4
    endloop
  endfacet
  facet normal -0 0 1
    outer loop
      vertex 49.4507 -17.9221 4
      vertex 50.8119 -19.9975 4
      vertex 49.47 -17.53 4
    endloop
  endfacet
  facet normal 0 0 1
    outer loop
      vertex 49.2978 62.8911 4
      vertex 50.1856 64.0406 4
      vertex 49.97 64.03 4
    endloop
  endfacet
  facet normal 0 0 1
    outer loop
      vertex 50.8119 -19.9975 4
      vertex 49.4507 -17.9221 4
      vertex 50.6086 -19.9247 4
    endloop
  endfacet
  facet normal 0 0 1
    outer loop
      vertex 49.1655 63.2607 4
      vertex 49.97 64.03 4
      vertex 49.7544 64.0406 4
    endloop
  endfacet
  facet normal -0 0 1
    outer loop
      vertex 49.3931 -18.3104 4
      vertex 50.6086 -19.9247 4
      vertex 49.4507 -17.9221 4
    endloop
  endfacet
  facet normal 0 0 1
    outer loop
      vertex 49.1655 63.2607 4
      vertex 49.7544 64.0406 4
      vertex 49.5408 64.0723 4
    endloop
  endfacet
  facet normal 0 0 1
    outer loop
      vertex 50.6086 -19.9247 4
      vertex 49.3931 -18.3104 4
      vertex 50.3992 -19.8723 4
    endloop
  endfacet
  facet normal 0 0 1
    outer loop
      vertex 50.3992 -19.8723 4
      vertex 49.3931 -18.3104 4
      vertex 50.1856 -19.8406 4
    endloop
  endfacet
  facet normal 0 0 1
    outer loop
      vertex 50.8119 64.1975 4
      vertex 49.4507 62.1221 4
      vertex 49.47 61.73 4
    endloop
  endfacet
  facet normal 0 0 1
    outer loop
      vertex 50.6086 64.1247 4
      vertex 49.3931 62.5104 4
      vertex 49.4507 62.1221 4
    endloop
  endfacet
  facet normal 0 0 1
    outer loop
      vertex 48.9977 63.6156 4
      vertex 49.5408 64.0723 4
      vertex 49.3314 64.1247 4
    endloop
  endfacet
  facet normal 0 0 1
    outer loop
      vertex 50.1856 64.0406 4
      vertex 49.2978 62.8911 4
      vertex 49.3931 62.5104 4
    endloop
  endfacet
  facet normal 0 0 1
    outer loop
      vertex 49.97 64.03 4
      vertex 49.1655 63.2607 4
      vertex 49.2978 62.8911 4
    endloop
  endfacet
  facet normal 0 0 1
    outer loop
      vertex 48.9977 63.6156 4
      vertex 49.3314 64.1247 4
      vertex 49.1281 64.1975 4
    endloop
  endfacet
  facet normal 0 0 1
    outer loop
      vertex 49.5408 64.0723 4
      vertex 48.9977 63.6156 4
      vertex 49.1655 63.2607 4
    endloop
  endfacet
  facet normal 0 0 1
    outer loop
      vertex 48.7959 63.9523 4
      vertex 49.1281 64.1975 4
      vertex 48.9329 64.2898 4
    endloop
  endfacet
  facet normal 0 0 1
    outer loop
      vertex 49.1281 64.1975 4
      vertex 48.7959 63.9523 4
      vertex 48.9977 63.6156 4
    endloop
  endfacet
  facet normal 0 0 1
    outer loop
      vertex 48.562 64.2676 4
      vertex 48.9329 64.2898 4
      vertex 48.7477 64.4008 4
    endloop
  endfacet
  facet normal 0 0 1
    outer loop
      vertex 48.562 64.2676 4
      vertex 48.7477 64.4008 4
      vertex 48.5743 64.5294 4
    endloop
  endfacet
  facet normal 0 0 1
    outer loop
      vertex 48.9329 64.2898 4
      vertex 48.562 64.2676 4
      vertex 48.7959 63.9523 4
    endloop
  endfacet
  facet normal -0 0 1
    outer loop
      vertex 48.2984 64.5584 4
      vertex 48.5743 64.5294 4
      vertex 48.4144 64.6744 4
    endloop
  endfacet
  facet normal 0 0 1
    outer loop
      vertex 48.5743 64.5294 4
      vertex 48.2984 64.5584 4
      vertex 48.562 64.2676 4
    endloop
  endfacet
  facet normal 0 0 1
    outer loop
      vertex 48.2694 64.8343 4
      vertex 48.2984 64.5584 4
      vertex 48.4144 64.6744 4
    endloop
  endfacet
  facet normal 0 0 1
    outer loop
      vertex 48.0076 64.822 4
      vertex 48.2694 64.8343 4
      vertex 48.1408 65.0077 4
    endloop
  endfacet
  facet normal 0 0 1
    outer loop
      vertex 48.0076 64.822 4
      vertex 48.1408 65.0077 4
      vertex 48.0298 65.1929 4
    endloop
  endfacet
  facet normal 0 0 1
    outer loop
      vertex 48.2694 64.8343 4
      vertex 48.0076 64.822 4
      vertex 48.2984 64.5584 4
    endloop
  endfacet
  facet normal 0 0 1
    outer loop
      vertex 47.6923 65.0559 4
      vertex 48.0298 65.1929 4
      vertex 47.9375 65.3881 4
    endloop
  endfacet
  facet normal 0 0 1
    outer loop
      vertex 47.3556 65.2577 4
      vertex 47.9375 65.3881 4
      vertex 47.8647 65.5914 4
    endloop
  endfacet
  facet normal 0 0 1
    outer loop
      vertex 47.3556 65.2577 4
      vertex 47.8647 65.5914 4
      vertex 47.8123 65.8008 4
    endloop
  endfacet
  facet normal 0 0 1
    outer loop
      vertex 48.0298 65.1929 4
      vertex 47.6923 65.0559 4
      vertex 48.0076 64.822 4
    endloop
  endfacet
  facet normal 0 0 1
    outer loop
      vertex 47.0007 65.4255 4
      vertex 47.8123 65.8008 4
      vertex 47.7806 66.0144 4
    endloop
  endfacet
  facet normal 0 0 1
    outer loop
      vertex 47.0007 65.4255 4
      vertex 47.7806 66.0144 4
      vertex 47.77 66.23 4
    endloop
  endfacet
  facet normal 0 0 1
    outer loop
      vertex 52.1277 66.6592 4
      vertex 55.47 66.73 4
      vertex 55.4459 67.2201 4
    endloop
  endfacet
  facet normal 0 0 1
    outer loop
      vertex 52.1594 66.0144 4
      vertex 55.47 66.73 4
      vertex 52.17 66.23 4
    endloop
  endfacet
  facet normal 0 0 1
    outer loop
      vertex 52.0753 66.8686 4
      vertex 55.4459 67.2201 4
      vertex 55.3739 67.7055 4
    endloop
  endfacet
  facet normal 0 0 1
    outer loop
      vertex 52.1277 65.8008 4
      vertex 55.47 66.73 4
      vertex 52.1594 66.0144 4
    endloop
  endfacet
  facet normal 0 0 1
    outer loop
      vertex 52.0753 66.8686 4
      vertex 55.3739 67.7055 4
      vertex 55.2547 68.1814 4
    endloop
  endfacet
  facet normal -0 0 1
    outer loop
      vertex 52.1594 -22.2456 4
      vertex 55.47 -22.53 4
      vertex 52.17 -22.03 4
    endloop
  endfacet
  facet normal 0 0 1
    outer loop
      vertex 52.0025 67.0719 4
      vertex 55.2547 68.1814 4
      vertex 55.0894 68.6434 4
    endloop
  endfacet
  facet normal -0 0 1
    outer loop
      vertex 52.1277 -22.4592 4
      vertex 55.47 -22.53 4
      vertex 52.1594 -22.2456 4
    endloop
  endfacet
  facet normal 0 0 1
    outer loop
      vertex 51.9102 67.2671 4
      vertex 55.0894 68.6434 4
      vertex 54.8796 69.087 4
    endloop
  endfacet
  facet normal 0 0 1
    outer loop
      vertex 55.47 -22.53 4
      vertex 52.1277 -22.4592 4
      vertex 55.4459 -23.0201 4
    endloop
  endfacet
  facet normal 0 0 1
    outer loop
      vertex 51.7992 67.4523 4
      vertex 54.8796 69.087 4
      vertex 54.6273 69.5079 4
    endloop
  endfacet
  facet normal -0 0 1
    outer loop
      vertex 52.0753 -22.6686 4
      vertex 55.4459 -23.0201 4
      vertex 52.1277 -22.4592 4
    endloop
  endfacet
  facet normal 0 0 1
    outer loop
      vertex 51.6706 67.6257 4
      vertex 54.6273 69.5079 4
      vertex 54.3351 69.902 4
    endloop
  endfacet
  facet normal 0 0 1
    outer loop
      vertex 55.4459 -23.0201 4
      vertex 52.0753 -22.6686 4
      vertex 55.3739 -23.5055 4
    endloop
  endfacet
  facet normal 0 0 1
    outer loop
      vertex 51.5256 67.7856 4
      vertex 54.3351 69.902 4
      vertex 54.0055 70.2655 4
    endloop
  endfacet
  facet normal 0 0 1
    outer loop
      vertex 55.3739 -23.5055 4
      vertex 52.0753 -22.6686 4
      vertex 55.2547 -23.9814 4
    endloop
  endfacet
  facet normal 0 0 1
    outer loop
      vertex 51.5256 67.7856 4
      vertex 54.0055 70.2655 4
      vertex 53.642 70.595 4
    endloop
  endfacet
  facet normal -0 0 1
    outer loop
      vertex 52.0025 -22.8719 4
      vertex 55.2547 -23.9814 4
      vertex 52.0753 -22.6686 4
    endloop
  endfacet
  facet normal 0 0 1
    outer loop
      vertex 51.3657 67.9306 4
      vertex 53.642 70.595 4
      vertex 53.2478 70.8873 4
    endloop
  endfacet
  facet normal 0 0 1
    outer loop
      vertex 55.2547 -23.9814 4
      vertex 52.0025 -22.8719 4
      vertex 55.0894 -24.4434 4
    endloop
  endfacet
  facet normal 0 0 1
    outer loop
      vertex 51.1923 68.0592 4
      vertex 53.2478 70.8873 4
      vertex 52.827 71.1396 4
    endloop
  endfacet
  facet normal -0 0 1
    outer loop
      vertex 51.9102 -23.0671 4
      vertex 55.0894 -24.4434 4
      vertex 52.0025 -22.8719 4
    endloop
  endfacet
  facet normal 0 0 1
    outer loop
      vertex 51.0071 68.1702 4
      vertex 52.827 71.1396 4
      vertex 52.3834 71.3494 4
    endloop
  endfacet
  facet normal 0 0 1
    outer loop
      vertex 55.0894 -24.4434 4
      vertex 51.9102 -23.0671 4
      vertex 54.8796 -24.887 4
    endloop
  endfacet
  facet normal -0 0 1
    outer loop
      vertex 51.7992 -23.2523 4
      vertex 54.8796 -24.887 4
      vertex 51.9102 -23.0671 4
    endloop
  endfacet
  facet normal 0 0 1
    outer loop
      vertex 55.47 66.73 4
      vertex 52.1594 66.4456 4
      vertex 52.17 66.23 4
    endloop
  endfacet
  facet normal 0 0 1
    outer loop
      vertex 55.47 66.73 4
      vertex 52.1277 66.6592 4
      vertex 52.1594 66.4456 4
    endloop
  endfacet
  facet normal 0 0 1
    outer loop
      vertex 55.4459 67.2201 4
      vertex 52.0753 66.8686 4
      vertex 52.1277 66.6592 4
    endloop
  endfacet
  facet normal 0 0 1
    outer loop
      vertex 55.2547 68.1814 4
      vertex 52.0025 67.0719 4
      vertex 52.0753 66.8686 4
    endloop
  endfacet
  facet normal 0 0 1
    outer loop
      vertex 50.8119 68.2625 4
      vertex 52.3834 71.3494 4
      vertex 51.9214 71.5147 4
    endloop
  endfacet
  facet normal 0 0 1
    outer loop
      vertex 55.0894 68.6434 4
      vertex 51.9102 67.2671 4
      vertex 52.0025 67.0719 4
    endloop
  endfacet
  facet normal 0 0 1
    outer loop
      vertex 54.8796 69.087 4
      vertex 51.7992 67.4523 4
      vertex 51.9102 67.2671 4
    endloop
  endfacet
  facet normal 0 0 1
    outer loop
      vertex 54.6273 69.5079 4
      vertex 51.6706 67.6257 4
      vertex 51.7992 67.4523 4
    endloop
  endfacet
  facet normal 0 0 1
    outer loop
      vertex 54.3351 69.902 4
      vertex 51.5256 67.7856 4
      vertex 51.6706 67.6257 4
    endloop
  endfacet
  facet normal 0 0 1
    outer loop
      vertex 50.6086 68.3353 4
      vertex 51.9214 71.5147 4
      vertex 51.4454 71.6339 4
    endloop
  endfacet
  facet normal 0 0 1
    outer loop
      vertex 53.642 70.595 4
      vertex 51.3657 67.9306 4
      vertex 51.5256 67.7856 4
    endloop
  endfacet
  facet normal 0 0 1
    outer loop
      vertex 53.2478 70.8873 4
      vertex 51.1923 68.0592 4
      vertex 51.3657 67.9306 4
    endloop
  endfacet
  facet normal 0 0 1
    outer loop
      vertex 52.827 71.1396 4
      vertex 51.0071 68.1702 4
      vertex 51.1923 68.0592 4
    endloop
  endfacet
  facet normal 0 0 1
    outer loop
      vertex 50.6086 68.3353 4
      vertex 51.4454 71.6339 4
      vertex 50.9601 71.7059 4
    endloop
  endfacet
  facet normal 0 0 1
    outer loop
      vertex 52.3834 71.3494 4
      vertex 50.8119 68.2625 4
      vertex 51.0071 68.1702 4
    endloop
  endfacet
  facet normal 0 0 1
    outer loop
      vertex 51.9214 71.5147 4
      vertex 50.6086 68.3353 4
      vertex 50.8119 68.2625 4
    endloop
  endfacet
  facet normal 0 0 1
    outer loop
      vertex 50.3992 68.3877 4
      vertex 50.9601 71.7059 4
      vertex 50.47 71.73 4
    endloop
  endfacet
  facet normal 0 0 1
    outer loop
      vertex 50.9601 71.7059 4
      vertex 50.3992 68.3877 4
      vertex 50.6086 68.3353 4
    endloop
  endfacet
  facet normal 0 0 1
    outer loop
      vertex 50.47 71.73 4
      vertex 50.1856 68.4194 4
      vertex 50.3992 68.3877 4
    endloop
  endfacet
  facet normal 0 0 1
    outer loop
      vertex 50.47 71.73 4
      vertex 49.97 68.43 4
      vertex 50.1856 68.4194 4
    endloop
  endfacet
  facet normal 0 0 1
    outer loop
      vertex 50.47 71.73 4
      vertex 49.7544 68.4194 4
      vertex 49.97 68.43 4
    endloop
  endfacet
  facet normal 0 0 1
    outer loop
      vertex 50.47 71.73 4
      vertex 49.5408 68.3877 4
      vertex 49.7544 68.4194 4
    endloop
  endfacet
  facet normal 0 0 1
    outer loop
      vertex 50.47 71.73 4
      vertex 49.3314 68.3353 4
      vertex 49.5408 68.3877 4
    endloop
  endfacet
  facet normal 0 0 1
    outer loop
      vertex 50.47 71.73 4
      vertex 49.1281 68.2625 4
      vertex 49.3314 68.3353 4
    endloop
  endfacet
  facet normal 0 0 1
    outer loop
      vertex 50.47 71.73 4
      vertex 48.9329 68.1702 4
      vertex 49.1281 68.2625 4
    endloop
  endfacet
  facet normal 0 0 1
    outer loop
      vertex 50.47 71.73 4
      vertex 48.7477 68.0592 4
      vertex 48.9329 68.1702 4
    endloop
  endfacet
  facet normal 0 0 1
    outer loop
      vertex 50.47 71.73 4
      vertex 48.5743 67.9306 4
      vertex 48.7477 68.0592 4
    endloop
  endfacet
  facet normal 0 0 1
    outer loop
      vertex 50.47 71.73 4
      vertex 48.4144 67.7856 4
      vertex 48.5743 67.9306 4
    endloop
  endfacet
  facet normal 0 0 1
    outer loop
      vertex 45.47 65.73 4
      vertex 48.4144 67.7856 4
      vertex 50.47 71.73 4
    endloop
  endfacet
  facet normal 0 0 1
    outer loop
      vertex 48.4144 67.7856 4
      vertex 45.47 65.73 4
      vertex 48.2694 67.6257 4
    endloop
  endfacet
  facet normal 0 0 1
    outer loop
      vertex 48.2694 67.6257 4
      vertex 45.47 65.73 4
      vertex 48.1408 67.4523 4
    endloop
  endfacet
  facet normal 0 0 1
    outer loop
      vertex 46.6311 65.5578 4
      vertex 47.77 66.23 4
      vertex 47.7806 66.4456 4
    endloop
  endfacet
  facet normal 0 0 1
    outer loop
      vertex 47.9375 65.3881 4
      vertex 47.3556 65.2577 4
      vertex 47.6923 65.0559 4
    endloop
  endfacet
  facet normal 0 0 1
    outer loop
      vertex 46.2504 65.6531 4
      vertex 47.7806 66.4456 4
      vertex 47.8123 66.6592 4
    endloop
  endfacet
  facet normal 0 0 1
    outer loop
      vertex 46.2504 65.6531 4
      vertex 47.8123 66.6592 4
      vertex 47.8647 66.8686 4
    endloop
  endfacet
  facet normal 0 0 1
    outer loop
      vertex 47.8123 65.8008 4
      vertex 47.0007 65.4255 4
      vertex 47.3556 65.2577 4
    endloop
  endfacet
  facet normal 0 0 1
    outer loop
      vertex 45.8621 65.7107 4
      vertex 47.8647 66.8686 4
      vertex 47.9375 67.0719 4
    endloop
  endfacet
  facet normal 0 0 1
    outer loop
      vertex 45.47 65.73 4
      vertex 47.9375 67.0719 4
      vertex 48.0298 67.2671 4
    endloop
  endfacet
  facet normal 0 0 1
    outer loop
      vertex 48.1408 67.4523 4
      vertex 45.47 65.73 4
      vertex 48.0298 67.2671 4
    endloop
  endfacet
  facet normal 0 0 1
    outer loop
      vertex 47.77 66.23 4
      vertex 46.6311 65.5578 4
      vertex 47.0007 65.4255 4
    endloop
  endfacet
  facet normal 0 0 1
    outer loop
      vertex 47.7806 66.4456 4
      vertex 46.2504 65.6531 4
      vertex 46.6311 65.5578 4
    endloop
  endfacet
  facet normal 0 0 1
    outer loop
      vertex 47.8647 66.8686 4
      vertex 45.8621 65.7107 4
      vertex 46.2504 65.6531 4
    endloop
  endfacet
  facet normal 0 0 1
    outer loop
      vertex 47.9375 67.0719 4
      vertex 45.47 65.73 4
      vertex 45.8621 65.7107 4
    endloop
  endfacet
  facet normal 0 0 1
    outer loop
      vertex 50.47 71.73 4
      vertex -45.47 65.73 4
      vertex 45.47 65.73 4
    endloop
  endfacet
  facet normal -0 0 1
    outer loop
      vertex -50.47 71.73 4
      vertex -45.47 65.73 4
      vertex 50.47 71.73 4
    endloop
  endfacet
  facet normal -0 0 1
    outer loop
      vertex -47.8123 65.8008 4
      vertex -47.0007 65.4255 4
      vertex -47.7806 66.0144 4
    endloop
  endfacet
  facet normal -0 0 1
    outer loop
      vertex -47.7806 66.0144 4
      vertex -47.0007 65.4255 4
      vertex -47.77 66.23 4
    endloop
  endfacet
  facet normal 0 0 1
    outer loop
      vertex -46.6311 65.5578 4
      vertex -47.77 66.23 4
      vertex -47.0007 65.4255 4
    endloop
  endfacet
  facet normal 0 0 1
    outer loop
      vertex -47.7806 66.4456 4
      vertex -46.6311 65.5578 4
      vertex -46.2504 65.6531 4
    endloop
  endfacet
  facet normal 0 0 1
    outer loop
      vertex -47.8647 66.8686 4
      vertex -46.2504 65.6531 4
      vertex -45.8621 65.7107 4
    endloop
  endfacet
  facet normal -0 -0 1
    outer loop
      vertex -48.4144 67.7856 4
      vertex -45.47 65.73 4
      vertex -50.47 71.73 4
    endloop
  endfacet
  facet normal 0 0 1
    outer loop
      vertex -46.6311 65.5578 4
      vertex -47.7806 66.4456 4
      vertex -47.77 66.23 4
    endloop
  endfacet
  facet normal 0 0 1
    outer loop
      vertex -46.2504 65.6531 4
      vertex -47.8123 66.6592 4
      vertex -47.7806 66.4456 4
    endloop
  endfacet
  facet normal 0 0 1
    outer loop
      vertex -46.2504 65.6531 4
      vertex -47.8647 66.8686 4
      vertex -47.8123 66.6592 4
    endloop
  endfacet
  facet normal 0 0 1
    outer loop
      vertex -45.8621 65.7107 4
      vertex -47.9375 67.0719 4
      vertex -47.8647 66.8686 4
    endloop
  endfacet
  facet normal 0 0 1
    outer loop
      vertex -45.47 65.73 4
      vertex -47.9375 67.0719 4
      vertex -45.8621 65.7107 4
    endloop
  endfacet
  facet normal -0 -0 1
    outer loop
      vertex -47.9375 67.0719 4
      vertex -45.47 65.73 4
      vertex -48.0298 67.2671 4
    endloop
  endfacet
  facet normal -0 -0 1
    outer loop
      vertex -48.1408 67.4523 4
      vertex -45.47 65.73 4
      vertex -48.2694 67.6257 4
    endloop
  endfacet
  facet normal -0 -0 1
    outer loop
      vertex -48.0298 67.2671 4
      vertex -45.47 65.73 4
      vertex -48.1408 67.4523 4
    endloop
  endfacet
  facet normal 0 0 1
    outer loop
      vertex -45.47 65.73 4
      vertex -48.4144 67.7856 4
      vertex -48.2694 67.6257 4
    endloop
  endfacet
  facet normal 0 0 1
    outer loop
      vertex -48.4144 67.7856 4
      vertex -50.47 71.73 4
      vertex -48.5743 67.9306 4
    endloop
  endfacet
  facet normal 0 0 1
    outer loop
      vertex -48.5743 67.9306 4
      vertex -50.47 71.73 4
      vertex -48.7477 68.0592 4
    endloop
  endfacet
  facet normal 0 0 1
    outer loop
      vertex -48.7477 68.0592 4
      vertex -50.47 71.73 4
      vertex -48.9329 68.1702 4
    endloop
  endfacet
  facet normal 0 0 1
    outer loop
      vertex -48.9329 68.1702 4
      vertex -50.47 71.73 4
      vertex -49.1281 68.2625 4
    endloop
  endfacet
  facet normal 0 0 1
    outer loop
      vertex -49.1281 68.2625 4
      vertex -50.47 71.73 4
      vertex -49.3314 68.3353 4
    endloop
  endfacet
  facet normal 0 0 1
    outer loop
      vertex -49.3314 68.3353 4
      vertex -50.47 71.73 4
      vertex -49.5408 68.3877 4
    endloop
  endfacet
  facet normal 0 0 1
    outer loop
      vertex -49.5408 68.3877 4
      vertex -50.47 71.73 4
      vertex -49.7544 68.4194 4
    endloop
  endfacet
  facet normal 0 0 1
    outer loop
      vertex -49.7544 68.4194 4
      vertex -50.47 71.73 4
      vertex -49.97 68.43 4
    endloop
  endfacet
  facet normal 0 0 1
    outer loop
      vertex -50.47 71.73 4
      vertex -50.1856 68.4194 4
      vertex -49.97 68.43 4
    endloop
  endfacet
  facet normal 0 0 1
    outer loop
      vertex -50.47 71.73 4
      vertex -50.3992 68.3877 4
      vertex -50.1856 68.4194 4
    endloop
  endfacet
  facet normal -0 0 1
    outer loop
      vertex -50.9601 71.7059 4
      vertex -50.3992 68.3877 4
      vertex -50.47 71.73 4
    endloop
  endfacet
  facet normal 0 0 1
    outer loop
      vertex -50.3992 68.3877 4
      vertex -50.9601 71.7059 4
      vertex -50.6086 68.3353 4
    endloop
  endfacet
  facet normal -0 0 1
    outer loop
      vertex -51.4454 71.6339 4
      vertex -50.6086 68.3353 4
      vertex -50.9601 71.7059 4
    endloop
  endfacet
  facet normal -0 0 1
    outer loop
      vertex -51.9214 71.5147 4
      vertex -50.6086 68.3353 4
      vertex -51.4454 71.6339 4
    endloop
  endfacet
  facet normal 0 0 1
    outer loop
      vertex -50.6086 68.3353 4
      vertex -51.9214 71.5147 4
      vertex -50.8119 68.2625 4
    endloop
  endfacet
  facet normal -0 0 1
    outer loop
      vertex -52.3834 71.3494 4
      vertex -50.8119 68.2625 4
      vertex -51.9214 71.5147 4
    endloop
  endfacet
  facet normal 0 0 1
    outer loop
      vertex -50.8119 68.2625 4
      vertex -52.3834 71.3494 4
      vertex -51.0071 68.1702 4
    endloop
  endfacet
  facet normal -0 0 1
    outer loop
      vertex -52.827 71.1396 4
      vertex -51.0071 68.1702 4
      vertex -52.3834 71.3494 4
    endloop
  endfacet
  facet normal 0 0 1
    outer loop
      vertex -51.0071 68.1702 4
      vertex -52.827 71.1396 4
      vertex -51.1923 68.0592 4
    endloop
  endfacet
  facet normal -0 0 1
    outer loop
      vertex -53.2478 70.8873 4
      vertex -51.1923 68.0592 4
      vertex -52.827 71.1396 4
    endloop
  endfacet
  facet normal 0 0 1
    outer loop
      vertex -51.1923 68.0592 4
      vertex -53.2478 70.8873 4
      vertex -51.3657 67.9306 4
    endloop
  endfacet
  facet normal -0 0 1
    outer loop
      vertex -53.642 70.595 4
      vertex -51.3657 67.9306 4
      vertex -53.2478 70.8873 4
    endloop
  endfacet
  facet normal 0 0 1
    outer loop
      vertex -51.3657 67.9306 4
      vertex -53.642 70.595 4
      vertex -51.5256 67.7856 4
    endloop
  endfacet
  facet normal -0 0 1
    outer loop
      vertex -54.0055 70.2655 4
      vertex -51.5256 67.7856 4
      vertex -53.642 70.595 4
    endloop
  endfacet
  facet normal -0 0 1
    outer loop
      vertex -54.3351 69.902 4
      vertex -51.5256 67.7856 4
      vertex -54.0055 70.2655 4
    endloop
  endfacet
  facet normal 0 0 1
    outer loop
      vertex -51.5256 67.7856 4
      vertex -54.3351 69.902 4
      vertex -51.6706 67.6257 4
    endloop
  endfacet
  facet normal -0 0 1
    outer loop
      vertex -54.6273 69.5079 4
      vertex -51.6706 67.6257 4
      vertex -54.3351 69.902 4
    endloop
  endfacet
  facet normal -0 0 1
    outer loop
      vertex -54.8796 69.087 4
      vertex -51.7992 67.4523 4
      vertex -54.6273 69.5079 4
    endloop
  endfacet
  facet normal 0 0 1
    outer loop
      vertex -51.6706 67.6257 4
      vertex -54.6273 69.5079 4
      vertex -51.7992 67.4523 4
    endloop
  endfacet
  facet normal 0 0 1
    outer loop
      vertex 54.8796 -24.887 4
      vertex 51.7992 -23.2523 4
      vertex 54.6273 -25.3078 4
    endloop
  endfacet
  facet normal -0 0 1
    outer loop
      vertex 51.6706 -23.4257 4
      vertex 54.6273 -25.3078 4
      vertex 51.7992 -23.2523 4
    endloop
  endfacet
  facet normal 0 0 1
    outer loop
      vertex 54.6273 -25.3078 4
      vertex 51.6706 -23.4257 4
      vertex 54.3351 -25.702 4
    endloop
  endfacet
  facet normal -0 0 1
    outer loop
      vertex 51.5256 -23.5856 4
      vertex 54.3351 -25.702 4
      vertex 51.6706 -23.4257 4
    endloop
  endfacet
  facet normal 0 0 1
    outer loop
      vertex 54.3351 -25.702 4
      vertex 51.5256 -23.5856 4
      vertex 54.0055 -26.0655 4
    endloop
  endfacet
  facet normal 0 0 1
    outer loop
      vertex 54.0055 -26.0655 4
      vertex 51.5256 -23.5856 4
      vertex 53.642 -26.3951 4
    endloop
  endfacet
  facet normal -0 0 1
    outer loop
      vertex 51.3657 -23.7306 4
      vertex 53.642 -26.3951 4
      vertex 51.5256 -23.5856 4
    endloop
  endfacet
  facet normal 0 0 1
    outer loop
      vertex 53.642 -26.3951 4
      vertex 51.3657 -23.7306 4
      vertex 53.2478 -26.6873 4
    endloop
  endfacet
  facet normal -0 0 1
    outer loop
      vertex 51.1923 -23.8592 4
      vertex 53.2478 -26.6873 4
      vertex 51.3657 -23.7306 4
    endloop
  endfacet
  facet normal 0 0 1
    outer loop
      vertex 53.2478 -26.6873 4
      vertex 51.1923 -23.8592 4
      vertex 52.827 -26.9396 4
    endloop
  endfacet
  facet normal -0 0 1
    outer loop
      vertex 51.0071 -23.9702 4
      vertex 52.827 -26.9396 4
      vertex 51.1923 -23.8592 4
    endloop
  endfacet
  facet normal 0 0 1
    outer loop
      vertex 52.827 -26.9396 4
      vertex 51.0071 -23.9702 4
      vertex 52.3834 -27.1494 4
    endloop
  endfacet
  facet normal -0 0 1
    outer loop
      vertex 50.8119 -24.0625 4
      vertex 52.3834 -27.1494 4
      vertex 51.0071 -23.9702 4
    endloop
  endfacet
  facet normal 0 0 1
    outer loop
      vertex 52.3834 -27.1494 4
      vertex 50.8119 -24.0625 4
      vertex 51.9214 -27.3147 4
    endloop
  endfacet
  facet normal -0 0 1
    outer loop
      vertex 50.6086 -24.1353 4
      vertex 51.9214 -27.3147 4
      vertex 50.8119 -24.0625 4
    endloop
  endfacet
  facet normal 0 0 1
    outer loop
      vertex 51.9214 -27.3147 4
      vertex 50.6086 -24.1353 4
      vertex 51.4454 -27.4339 4
    endloop
  endfacet
  facet normal 0 0 1
    outer loop
      vertex 51.4454 -27.4339 4
      vertex 50.6086 -24.1353 4
      vertex 50.9601 -27.5059 4
    endloop
  endfacet
  facet normal -0 0 1
    outer loop
      vertex 50.3992 -24.1877 4
      vertex 50.9601 -27.5059 4
      vertex 50.6086 -24.1353 4
    endloop
  endfacet
  facet normal 0 0 1
    outer loop
      vertex 50.9601 -27.5059 4
      vertex 50.3992 -24.1877 4
      vertex 50.47 -27.53 4
    endloop
  endfacet
  facet normal -0 0 1
    outer loop
      vertex 50.1856 -24.2194 4
      vertex 50.47 -27.53 4
      vertex 50.3992 -24.1877 4
    endloop
  endfacet
  facet normal -0 0 1
    outer loop
      vertex 49.97 -24.23 4
      vertex 50.47 -27.53 4
      vertex 50.1856 -24.2194 4
    endloop
  endfacet
  facet normal 0 0 1
    outer loop
      vertex 49.7544 -24.2194 4
      vertex 50.47 -27.53 4
      vertex 49.97 -24.23 4
    endloop
  endfacet
  facet normal 0 0 1
    outer loop
      vertex 49.5408 -24.1877 4
      vertex 50.47 -27.53 4
      vertex 49.7544 -24.2194 4
    endloop
  endfacet
  facet normal 0 0 1
    outer loop
      vertex 49.3314 -24.1353 4
      vertex 50.47 -27.53 4
      vertex 49.5408 -24.1877 4
    endloop
  endfacet
  facet normal 0 0 1
    outer loop
      vertex 49.1281 -24.0625 4
      vertex 50.47 -27.53 4
      vertex 49.3314 -24.1353 4
    endloop
  endfacet
  facet normal 0 0 1
    outer loop
      vertex 48.9329 -23.9702 4
      vertex 50.47 -27.53 4
      vertex 49.1281 -24.0625 4
    endloop
  endfacet
  facet normal 0 0 1
    outer loop
      vertex 48.7477 -23.8592 4
      vertex 50.47 -27.53 4
      vertex 48.9329 -23.9702 4
    endloop
  endfacet
  facet normal 0 0 1
    outer loop
      vertex 48.5743 -23.7306 4
      vertex 50.47 -27.53 4
      vertex 48.7477 -23.8592 4
    endloop
  endfacet
  facet normal 0 0 1
    outer loop
      vertex 48.4144 -23.5856 4
      vertex 50.47 -27.53 4
      vertex 48.5743 -23.7306 4
    endloop
  endfacet
  facet normal 0 0 1
    outer loop
      vertex 45.47 -21.53 4
      vertex 48.4144 -23.5856 4
      vertex 48.2694 -23.4257 4
    endloop
  endfacet
  facet normal 0 0 1
    outer loop
      vertex 45.47 -21.53 4
      vertex 48.2694 -23.4257 4
      vertex 48.1408 -23.2523 4
    endloop
  endfacet
  facet normal 0 0 1
    outer loop
      vertex 45.47 -21.53 4
      vertex 48.1408 -23.2523 4
      vertex 48.0298 -23.0671 4
    endloop
  endfacet
  facet normal 0 0 1
    outer loop
      vertex 47.8123 -21.6008 4
      vertex 47.0007 -21.2255 4
      vertex 47.7806 -21.8144 4
    endloop
  endfacet
  facet normal 0 0 1
    outer loop
      vertex 47.7806 -21.8144 4
      vertex 47.0007 -21.2255 4
      vertex 47.77 -22.03 4
    endloop
  endfacet
  facet normal -0 0 1
    outer loop
      vertex 46.6311 -21.3578 4
      vertex 47.77 -22.03 4
      vertex 47.0007 -21.2255 4
    endloop
  endfacet
  facet normal 0 0 1
    outer loop
      vertex 47.77 -22.03 4
      vertex 46.6311 -21.3578 4
      vertex 47.7806 -22.2456 4
    endloop
  endfacet
  facet normal -0 0 1
    outer loop
      vertex 46.2504 -21.4531 4
      vertex 47.7806 -22.2456 4
      vertex 46.6311 -21.3578 4
    endloop
  endfacet
  facet normal 0 0 1
    outer loop
      vertex 47.7806 -22.2456 4
      vertex 46.2504 -21.4531 4
      vertex 47.8123 -22.4592 4
    endloop
  endfacet
  facet normal 0 0 1
    outer loop
      vertex 47.8123 -22.4592 4
      vertex 46.2504 -21.4531 4
      vertex 47.8647 -22.6686 4
    endloop
  endfacet
  facet normal -0 0 1
    outer loop
      vertex 45.8621 -21.5107 4
      vertex 47.8647 -22.6686 4
      vertex 46.2504 -21.4531 4
    endloop
  endfacet
  facet normal 0 0 1
    outer loop
      vertex 47.8647 -22.6686 4
      vertex 45.8621 -21.5107 4
      vertex 47.9375 -22.8719 4
    endloop
  endfacet
  facet normal -0 0 1
    outer loop
      vertex 45.47 -21.53 4
      vertex 47.9375 -22.8719 4
      vertex 45.8621 -21.5107 4
    endloop
  endfacet
  facet normal 0 0 1
    outer loop
      vertex 47.9375 -22.8719 4
      vertex 45.47 -21.53 4
      vertex 48.0298 -23.0671 4
    endloop
  endfacet
  facet normal 0 0 1
    outer loop
      vertex 48.4144 -23.5856 4
      vertex 45.47 -21.53 4
      vertex 50.47 -27.53 4
    endloop
  endfacet
  facet normal -0 0 1
    outer loop
      vertex -45.47 -21.53 4
      vertex 50.47 -27.53 4
      vertex 45.47 -21.53 4
    endloop
  endfacet
  facet normal 0 0 1
    outer loop
      vertex -47.9375 -22.8719 4
      vertex -45.47 -21.53 4
      vertex -45.8621 -21.5107 4
    endloop
  endfacet
  facet normal 0 0 1
    outer loop
      vertex -47.9375 -21.1881 4
      vertex -47.3556 -21.0577 4
      vertex -47.6923 -20.8559 4
    endloop
  endfacet
  facet normal 0 0 1
    outer loop
      vertex -47.7806 -21.8144 4
      vertex -47.0007 -21.2255 4
      vertex -47.3556 -21.0577 4
    endloop
  endfacet
  facet normal 0 0 1
    outer loop
      vertex -47.77 -22.03 4
      vertex -46.6311 -21.3578 4
      vertex -47.0007 -21.2255 4
    endloop
  endfacet
  facet normal 0 0 1
    outer loop
      vertex -47.7806 -22.2456 4
      vertex -46.6311 -21.3578 4
      vertex -47.77 -22.03 4
    endloop
  endfacet
  facet normal 0 0 1
    outer loop
      vertex -46.6311 -21.3578 4
      vertex -47.7806 -22.2456 4
      vertex -46.2504 -21.4531 4
    endloop
  endfacet
  facet normal 0 0 1
    outer loop
      vertex -47.8123 -22.4592 4
      vertex -46.2504 -21.4531 4
      vertex -47.7806 -22.2456 4
    endloop
  endfacet
  facet normal 0 0 1
    outer loop
      vertex -47.8647 -22.6686 4
      vertex -46.2504 -21.4531 4
      vertex -47.8123 -22.4592 4
    endloop
  endfacet
  facet normal 0 0 1
    outer loop
      vertex -46.2504 -21.4531 4
      vertex -47.8647 -22.6686 4
      vertex -45.8621 -21.5107 4
    endloop
  endfacet
  facet normal 0 0 1
    outer loop
      vertex -47.9375 -22.8719 4
      vertex -45.8621 -21.5107 4
      vertex -47.8647 -22.6686 4
    endloop
  endfacet
  facet normal 0 0 1
    outer loop
      vertex -45.47 -21.53 4
      vertex -47.9375 -22.8719 4
      vertex -48.0298 -23.0671 4
    endloop
  endfacet
  facet normal 0 0 1
    outer loop
      vertex -45.47 -21.53 4
      vertex -48.0298 -23.0671 4
      vertex -48.1408 -23.2523 4
    endloop
  endfacet
  facet normal 0 0 1
    outer loop
      vertex -45.47 -21.53 4
      vertex -48.1408 -23.2523 4
      vertex -48.2694 -23.4257 4
    endloop
  endfacet
  facet normal 0 0 1
    outer loop
      vertex -48.4144 -23.5856 4
      vertex -45.47 -21.53 4
      vertex -48.2694 -23.4257 4
    endloop
  endfacet
  facet normal 0 0 1
    outer loop
      vertex -45.47 -21.53 4
      vertex -48.4144 -23.5856 4
      vertex -50.47 -27.53 4
    endloop
  endfacet
  facet normal 0 0 1
    outer loop
      vertex -50.47 -27.53 4
      vertex -48.4144 -23.5856 4
      vertex -48.5743 -23.7306 4
    endloop
  endfacet
  facet normal 0 0 1
    outer loop
      vertex -50.47 -27.53 4
      vertex -48.5743 -23.7306 4
      vertex -48.7477 -23.8592 4
    endloop
  endfacet
  facet normal 0 0 1
    outer loop
      vertex -50.47 -27.53 4
      vertex -48.7477 -23.8592 4
      vertex -48.9329 -23.9702 4
    endloop
  endfacet
  facet normal 0 0 1
    outer loop
      vertex -50.47 -27.53 4
      vertex -48.9329 -23.9702 4
      vertex -49.1281 -24.0625 4
    endloop
  endfacet
  facet normal 0 0 1
    outer loop
      vertex -50.47 -27.53 4
      vertex -49.1281 -24.0625 4
      vertex -49.3314 -24.1353 4
    endloop
  endfacet
  facet normal 0 0 1
    outer loop
      vertex -50.47 -27.53 4
      vertex -49.3314 -24.1353 4
      vertex -49.5408 -24.1877 4
    endloop
  endfacet
  facet normal 0 0 1
    outer loop
      vertex -50.47 -27.53 4
      vertex -49.5408 -24.1877 4
      vertex -49.7544 -24.2194 4
    endloop
  endfacet
  facet normal 0 0 1
    outer loop
      vertex -50.47 -27.53 4
      vertex -49.7544 -24.2194 4
      vertex -49.97 -24.23 4
    endloop
  endfacet
  facet normal 0 0 1
    outer loop
      vertex -45.47 -21.53 4
      vertex -50.47 -27.53 4
      vertex 50.47 -27.53 4
    endloop
  endfacet
  facet normal 0 0 1
    outer loop
      vertex -50.1856 -24.2194 4
      vertex -50.47 -27.53 4
      vertex -49.97 -24.23 4
    endloop
  endfacet
  facet normal 0 0 1
    outer loop
      vertex -50.3992 -24.1877 4
      vertex -50.47 -27.53 4
      vertex -50.1856 -24.2194 4
    endloop
  endfacet
  facet normal 0 0 1
    outer loop
      vertex -50.9601 -27.5059 4
      vertex -50.3992 -24.1877 4
      vertex -50.6086 -24.1353 4
    endloop
  endfacet
  facet normal 0 0 1
    outer loop
      vertex -51.9214 -27.3147 4
      vertex -50.6086 -24.1353 4
      vertex -50.8119 -24.0625 4
    endloop
  endfacet
  facet normal 0 0 1
    outer loop
      vertex -50.3992 -24.1877 4
      vertex -50.9601 -27.5059 4
      vertex -50.47 -27.53 4
    endloop
  endfacet
  facet normal 0 0 1
    outer loop
      vertex -52.3834 -27.1494 4
      vertex -50.8119 -24.0625 4
      vertex -51.0071 -23.9702 4
    endloop
  endfacet
  facet normal 0 0 1
    outer loop
      vertex -52.827 -26.9396 4
      vertex -51.0071 -23.9702 4
      vertex -51.1923 -23.8592 4
    endloop
  endfacet
  facet normal 0 0 1
    outer loop
      vertex -53.2478 -26.6873 4
      vertex -51.1923 -23.8592 4
      vertex -51.3657 -23.7306 4
    endloop
  endfacet
  facet normal 0 0 1
    outer loop
      vertex -50.6086 -24.1353 4
      vertex -51.4454 -27.4339 4
      vertex -50.9601 -27.5059 4
    endloop
  endfacet
  facet normal 0 0 1
    outer loop
      vertex -53.642 -26.3951 4
      vertex -51.3657 -23.7306 4
      vertex -51.5256 -23.5856 4
    endloop
  endfacet
  facet normal 0 0 1
    outer loop
      vertex -54.3351 -25.702 4
      vertex -51.5256 -23.5856 4
      vertex -51.6706 -23.4257 4
    endloop
  endfacet
  facet normal 0 0 1
    outer loop
      vertex -54.6273 -25.3078 4
      vertex -51.6706 -23.4257 4
      vertex -51.7992 -23.2523 4
    endloop
  endfacet
  facet normal 0 0 1
    outer loop
      vertex -54.8796 -24.887 4
      vertex -51.7992 -23.2523 4
      vertex -51.9102 -23.0671 4
    endloop
  endfacet
  facet normal 0 0 1
    outer loop
      vertex -50.6086 -24.1353 4
      vertex -51.9214 -27.3147 4
      vertex -51.4454 -27.4339 4
    endloop
  endfacet
  facet normal 0 0 1
    outer loop
      vertex -55.0894 -24.4434 4
      vertex -51.9102 -23.0671 4
      vertex -52.0025 -22.8719 4
    endloop
  endfacet
  facet normal 0 0 1
    outer loop
      vertex -55.2547 -23.9814 4
      vertex -52.0025 -22.8719 4
      vertex -52.0753 -22.6686 4
    endloop
  endfacet
  facet normal 0 0 1
    outer loop
      vertex -55.4459 -23.0201 4
      vertex -52.0753 -22.6686 4
      vertex -52.1277 -22.4592 4
    endloop
  endfacet
  facet normal 0 0 1
    outer loop
      vertex -55.47 -22.53 4
      vertex -52.1277 -22.4592 4
      vertex -52.1594 -22.2456 4
    endloop
  endfacet
  facet normal 0 0 1
    outer loop
      vertex -55.47 -22.53 4
      vertex -52.1594 -22.2456 4
      vertex -52.17 -22.03 4
    endloop
  endfacet
  facet normal 0 0 1
    outer loop
      vertex -50.8119 -24.0625 4
      vertex -52.3834 -27.1494 4
      vertex -51.9214 -27.3147 4
    endloop
  endfacet
  facet normal 0 0 1
    outer loop
      vertex -52.1277 -21.6008 4
      vertex -55.47 -22.53 4
      vertex -52.1594 -21.8144 4
    endloop
  endfacet
  facet normal 0 0 1
    outer loop
      vertex -51.7992 67.4523 4
      vertex -54.8796 69.087 4
      vertex -51.9102 67.2671 4
    endloop
  endfacet
  facet normal 0 0 1
    outer loop
      vertex -52.1594 -21.8144 4
      vertex -55.47 -22.53 4
      vertex -52.17 -22.03 4
    endloop
  endfacet
  facet normal -0 0 1
    outer loop
      vertex -55.0894 68.6434 4
      vertex -51.9102 67.2671 4
      vertex -54.8796 69.087 4
    endloop
  endfacet
  facet normal 0 0 1
    outer loop
      vertex -52.1277 -22.4592 4
      vertex -55.47 -22.53 4
      vertex -55.4459 -23.0201 4
    endloop
  endfacet
  facet normal 0 0 1
    outer loop
      vertex -51.9102 67.2671 4
      vertex -55.0894 68.6434 4
      vertex -52.0025 67.0719 4
    endloop
  endfacet
  facet normal 0 0 1
    outer loop
      vertex -51.0071 -23.9702 4
      vertex -52.827 -26.9396 4
      vertex -52.3834 -27.1494 4
    endloop
  endfacet
  facet normal -0 0 1
    outer loop
      vertex -55.2547 68.1814 4
      vertex -52.0025 67.0719 4
      vertex -55.0894 68.6434 4
    endloop
  endfacet
  facet normal 0 0 1
    outer loop
      vertex -51.1923 -23.8592 4
      vertex -53.2478 -26.6873 4
      vertex -52.827 -26.9396 4
    endloop
  endfacet
  facet normal 0 0 1
    outer loop
      vertex -52.0025 67.0719 4
      vertex -55.2547 68.1814 4
      vertex -52.0753 66.8686 4
    endloop
  endfacet
  facet normal 0 0 1
    outer loop
      vertex -51.3657 -23.7306 4
      vertex -53.642 -26.3951 4
      vertex -53.2478 -26.6873 4
    endloop
  endfacet
  facet normal -0 0 1
    outer loop
      vertex -55.3739 67.7055 4
      vertex -52.0753 66.8686 4
      vertex -55.2547 68.1814 4
    endloop
  endfacet
  facet normal 0 0 1
    outer loop
      vertex -51.5256 -23.5856 4
      vertex -54.0055 -26.0655 4
      vertex -53.642 -26.3951 4
    endloop
  endfacet
  facet normal -0 0 1
    outer loop
      vertex -55.4459 67.2201 4
      vertex -52.0753 66.8686 4
      vertex -55.3739 67.7055 4
    endloop
  endfacet
  facet normal 0 0 1
    outer loop
      vertex -51.5256 -23.5856 4
      vertex -54.3351 -25.702 4
      vertex -54.0055 -26.0655 4
    endloop
  endfacet
  facet normal 0 0 1
    outer loop
      vertex -52.0753 66.8686 4
      vertex -55.4459 67.2201 4
      vertex -52.1277 66.6592 4
    endloop
  endfacet
  facet normal 0 0 1
    outer loop
      vertex -51.6706 -23.4257 4
      vertex -54.6273 -25.3078 4
      vertex -54.3351 -25.702 4
    endloop
  endfacet
  facet normal -0 0 1
    outer loop
      vertex -55.47 66.73 4
      vertex -52.1277 66.6592 4
      vertex -55.4459 67.2201 4
    endloop
  endfacet
  facet normal 0 0 1
    outer loop
      vertex -51.7992 -23.2523 4
      vertex -54.8796 -24.887 4
      vertex -54.6273 -25.3078 4
    endloop
  endfacet
  facet normal 0 0 1
    outer loop
      vertex -52.1277 66.6592 4
      vertex -55.47 66.73 4
      vertex -52.1594 66.4456 4
    endloop
  endfacet
  facet normal 0 0 1
    outer loop
      vertex -51.9102 -23.0671 4
      vertex -55.0894 -24.4434 4
      vertex -54.8796 -24.887 4
    endloop
  endfacet
  facet normal 0 0 1
    outer loop
      vertex -52.1594 66.4456 4
      vertex -55.47 66.73 4
      vertex -52.17 66.23 4
    endloop
  endfacet
  facet normal 0 0 1
    outer loop
      vertex -52.0025 -22.8719 4
      vertex -55.2547 -23.9814 4
      vertex -55.0894 -24.4434 4
    endloop
  endfacet
  facet normal 0 0 1
    outer loop
      vertex -52.0753 -22.6686 4
      vertex -55.3739 -23.5055 4
      vertex -55.2547 -23.9814 4
    endloop
  endfacet
  facet normal 0 0 1
    outer loop
      vertex -52.0753 -22.6686 4
      vertex -55.4459 -23.0201 4
      vertex -55.3739 -23.5055 4
    endloop
  endfacet
  facet normal -0 0 1
    outer loop
      vertex 49.2978 -18.6911 4
      vertex 50.1856 -19.8406 4
      vertex 49.3931 -18.3104 4
    endloop
  endfacet
  facet normal 0 0 1
    outer loop
      vertex 50.1856 -19.8406 4
      vertex 49.2978 -18.6911 4
      vertex 49.97 -19.83 4
    endloop
  endfacet
  facet normal -0 0 1
    outer loop
      vertex 49.1655 -19.0607 4
      vertex 49.97 -19.83 4
      vertex 49.2978 -18.6911 4
    endloop
  endfacet
  facet normal 0 0 1
    outer loop
      vertex 49.97 -19.83 4
      vertex 49.1655 -19.0607 4
      vertex 49.7544 -19.8406 4
    endloop
  endfacet
  facet normal 0 0 1
    outer loop
      vertex 49.7544 -19.8406 4
      vertex 49.1655 -19.0607 4
      vertex 49.5408 -19.8723 4
    endloop
  endfacet
  facet normal -0 0 1
    outer loop
      vertex 48.9977 -19.4156 4
      vertex 49.5408 -19.8723 4
      vertex 49.1655 -19.0607 4
    endloop
  endfacet
  facet normal 0 0 1
    outer loop
      vertex 49.5408 -19.8723 4
      vertex 48.9977 -19.4156 4
      vertex 49.3314 -19.9247 4
    endloop
  endfacet
  facet normal 0 0 1
    outer loop
      vertex 49.3314 -19.9247 4
      vertex 48.9977 -19.4156 4
      vertex 49.1281 -19.9975 4
    endloop
  endfacet
  facet normal -0 0 1
    outer loop
      vertex 48.7959 -19.7523 4
      vertex 49.1281 -19.9975 4
      vertex 48.9977 -19.4156 4
    endloop
  endfacet
  facet normal 0 0 1
    outer loop
      vertex 49.1281 -19.9975 4
      vertex 48.7959 -19.7523 4
      vertex 48.9329 -20.0898 4
    endloop
  endfacet
  facet normal -0 0 1
    outer loop
      vertex 48.562 -20.0676 4
      vertex 48.9329 -20.0898 4
      vertex 48.7959 -19.7523 4
    endloop
  endfacet
  facet normal 0 0 1
    outer loop
      vertex 48.9329 -20.0898 4
      vertex 48.562 -20.0676 4
      vertex 48.7477 -20.2008 4
    endloop
  endfacet
  facet normal 0 0 1
    outer loop
      vertex 48.7477 -20.2008 4
      vertex 48.562 -20.0676 4
      vertex 48.5743 -20.3294 4
    endloop
  endfacet
  facet normal 0 0 1
    outer loop
      vertex 48.2984 -20.3584 4
      vertex 48.5743 -20.3294 4
      vertex 48.562 -20.0676 4
    endloop
  endfacet
  facet normal 0 0 1
    outer loop
      vertex 48.5743 -20.3294 4
      vertex 48.2984 -20.3584 4
      vertex 48.4144 -20.4744 4
    endloop
  endfacet
  facet normal 0 0 1
    outer loop
      vertex 48.2984 -20.3584 4
      vertex 48.2694 -20.6343 4
      vertex 48.4144 -20.4744 4
    endloop
  endfacet
  facet normal -0 0 1
    outer loop
      vertex 48.0076 -20.622 4
      vertex 48.2694 -20.6343 4
      vertex 48.2984 -20.3584 4
    endloop
  endfacet
  facet normal 0 0 1
    outer loop
      vertex 48.2694 -20.6343 4
      vertex 48.0076 -20.622 4
      vertex 48.1408 -20.8077 4
    endloop
  endfacet
  facet normal 0 0 1
    outer loop
      vertex 48.1408 -20.8077 4
      vertex 48.0076 -20.622 4
      vertex 48.0298 -20.9929 4
    endloop
  endfacet
  facet normal -0 0 1
    outer loop
      vertex 47.6923 -20.8559 4
      vertex 48.0298 -20.9929 4
      vertex 48.0076 -20.622 4
    endloop
  endfacet
  facet normal 0 0 1
    outer loop
      vertex 48.0298 -20.9929 4
      vertex 47.6923 -20.8559 4
      vertex 47.9375 -21.1881 4
    endloop
  endfacet
  facet normal -0 0 1
    outer loop
      vertex 47.3556 -21.0577 4
      vertex 47.9375 -21.1881 4
      vertex 47.6923 -20.8559 4
    endloop
  endfacet
  facet normal -0 0 1
    outer loop
      vertex 47.0007 -21.2255 4
      vertex 47.8123 -21.6008 4
      vertex 47.3556 -21.0577 4
    endloop
  endfacet
  facet normal 0 0 1
    outer loop
      vertex 47.8647 -21.3914 4
      vertex 47.3556 -21.0577 4
      vertex 47.8123 -21.6008 4
    endloop
  endfacet
  facet normal 0 0 1
    outer loop
      vertex 47.9375 -21.1881 4
      vertex 47.3556 -21.0577 4
      vertex 47.8647 -21.3914 4
    endloop
  endfacet
  facet normal 0.595622 0.803265 -0
    outer loop
      vertex 53.642 70.595 0
      vertex 53.2478 70.8873 4
      vertex 53.642 70.595 4
    endloop
  endfacet
  facet normal 0.595622 0.803265 0
    outer loop
      vertex 53.2478 70.8873 4
      vertex 53.642 70.595 0
      vertex 53.2478 70.8873 0
    endloop
  endfacet
  facet normal -0.857709 0.514136 0
    outer loop
      vertex -54.8796 69.087 0
      vertex -54.6273 69.5079 4
      vertex -54.6273 69.5079 0
    endloop
  endfacet
  facet normal -0.857709 0.514136 0
    outer loop
      vertex -54.6273 69.5079 4
      vertex -54.8796 69.087 0
      vertex -54.8796 69.087 4
    endloop
  endfacet
  facet normal 0.427543 0.903995 -0
    outer loop
      vertex 52.827 71.1396 0
      vertex 52.3834 71.3494 4
      vertex 52.827 71.1396 4
    endloop
  endfacet
  facet normal 0.427543 0.903995 0
    outer loop
      vertex 52.3834 71.3494 4
      vertex 52.827 71.1396 0
      vertex 52.3834 71.3494 0
    endloop
  endfacet
  facet normal -0.998793 -0.0491143 0
    outer loop
      vertex -55.4459 -23.0201 0
      vertex -55.47 -22.53 4
      vertex -55.47 -22.53 0
    endloop
  endfacet
  facet normal -0.998793 -0.0491143 0
    outer loop
      vertex -55.47 -22.53 4
      vertex -55.4459 -23.0201 0
      vertex -55.4459 -23.0201 4
    endloop
  endfacet
  facet normal 0.514226 -0.857655 0
    outer loop
      vertex 52.827 -26.9396 0
      vertex 53.2478 -26.6873 4
      vertex 52.827 -26.9396 4
    endloop
  endfacet
  facet normal 0.514226 -0.857655 0
    outer loop
      vertex 53.2478 -26.6873 4
      vertex 52.827 -26.9396 0
      vertex 53.2478 -26.6873 0
    endloop
  endfacet
  facet normal -0.514226 0.857655 0
    outer loop
      vertex -52.827 71.1396 0
      vertex -53.2478 70.8873 4
      vertex -52.827 71.1396 4
    endloop
  endfacet
  facet normal -0.514226 0.857655 0
    outer loop
      vertex -53.2478 70.8873 4
      vertex -52.827 71.1396 0
      vertex -53.2478 70.8873 0
    endloop
  endfacet
  facet normal -0.242919 -0.970047 0
    outer loop
      vertex -51.9214 -27.3147 0
      vertex -51.4454 -27.4339 4
      vertex -51.9214 -27.3147 4
    endloop
  endfacet
  facet normal -0.242919 -0.970047 -0
    outer loop
      vertex -51.4454 -27.4339 4
      vertex -51.9214 -27.3147 0
      vertex -51.4454 -27.4339 0
    endloop
  endfacet
  facet normal -0.595622 0.803265 0
    outer loop
      vertex -53.2478 70.8873 0
      vertex -53.642 70.595 4
      vertex -53.2478 70.8873 4
    endloop
  endfacet
  facet normal -0.595622 0.803265 0
    outer loop
      vertex -53.642 70.595 4
      vertex -53.2478 70.8873 0
      vertex -53.642 70.595 0
    endloop
  endfacet
  facet normal -0.903995 0.427543 0
    outer loop
      vertex -55.0894 68.6434 0
      vertex -54.8796 69.087 4
      vertex -54.8796 69.087 0
    endloop
  endfacet
  facet normal -0.903995 0.427543 0
    outer loop
      vertex -54.8796 69.087 4
      vertex -55.0894 68.6434 0
      vertex -55.0894 68.6434 4
    endloop
  endfacet
  facet normal 0.514226 0.857655 -0
    outer loop
      vertex 53.2478 70.8873 0
      vertex 52.827 71.1396 4
      vertex 53.2478 70.8873 4
    endloop
  endfacet
  facet normal 0.514226 0.857655 0
    outer loop
      vertex 52.827 71.1396 4
      vertex 53.2478 70.8873 0
      vertex 52.827 71.1396 0
    endloop
  endfacet
  facet normal 0.998793 0.0491143 0
    outer loop
      vertex 55.47 66.73 4
      vertex 55.4459 67.2201 0
      vertex 55.4459 67.2201 4
    endloop
  endfacet
  facet normal 0.998793 0.0491143 0
    outer loop
      vertex 55.4459 67.2201 0
      vertex 55.47 66.73 4
      vertex 55.47 66.73 0
    endloop
  endfacet
  facet normal 0.903995 -0.427543 0
    outer loop
      vertex 54.8796 -24.887 4
      vertex 55.0894 -24.4434 0
      vertex 55.0894 -24.4434 4
    endloop
  endfacet
  facet normal 0.903995 -0.427543 0
    outer loop
      vertex 55.0894 -24.4434 0
      vertex 54.8796 -24.887 4
      vertex 54.8796 -24.887 0
    endloop
  endfacet
  facet normal 0.941548 -0.336879 0
    outer loop
      vertex 55.0894 -24.4434 4
      vertex 55.2547 -23.9814 0
      vertex 55.2547 -23.9814 4
    endloop
  endfacet
  facet normal 0.941548 -0.336879 0
    outer loop
      vertex 55.2547 -23.9814 0
      vertex 55.0894 -24.4434 4
      vertex 55.0894 -24.4434 0
    endloop
  endfacet
  facet normal -0.803362 -0.595491 0
    outer loop
      vertex -54.3351 -25.702 0
      vertex -54.6273 -25.3078 4
      vertex -54.6273 -25.3078 0
    endloop
  endfacet
  facet normal -0.803362 -0.595491 0
    outer loop
      vertex -54.6273 -25.3078 4
      vertex -54.3351 -25.702 0
      vertex -54.3351 -25.702 4
    endloop
  endfacet
  facet normal -0.740806 -0.671719 0
    outer loop
      vertex -54.0055 -26.0655 0
      vertex -54.3351 -25.702 4
      vertex -54.3351 -25.702 0
    endloop
  endfacet
  facet normal -0.740806 -0.671719 0
    outer loop
      vertex -54.3351 -25.702 4
      vertex -54.0055 -26.0655 0
      vertex -54.0055 -26.0655 4
    endloop
  endfacet
  facet normal 0.0491143 0.998793 -0
    outer loop
      vertex 50.9601 71.7059 0
      vertex 50.47 71.73 4
      vertex 50.9601 71.7059 4
    endloop
  endfacet
  facet normal 0.0491143 0.998793 0
    outer loop
      vertex 50.47 71.73 4
      vertex 50.9601 71.7059 0
      vertex 50.47 71.73 0
    endloop
  endfacet
  facet normal -0.970034 -0.242967 0
    outer loop
      vertex -55.2547 -23.9814 0
      vertex -55.3739 -23.5055 4
      vertex -55.3739 -23.5055 0
    endloop
  endfacet
  facet normal -0.970034 -0.242967 0
    outer loop
      vertex -55.3739 -23.5055 4
      vertex -55.2547 -23.9814 0
      vertex -55.2547 -23.9814 4
    endloop
  endfacet
  facet normal 0.242919 0.970047 -0
    outer loop
      vertex 51.9214 71.5147 0
      vertex 51.4454 71.6339 4
      vertex 51.9214 71.5147 4
    endloop
  endfacet
  facet normal 0.242919 0.970047 0
    outer loop
      vertex 51.4454 71.6339 4
      vertex 51.9214 71.5147 0
      vertex 51.4454 71.6339 0
    endloop
  endfacet
  facet normal -0.998791 0.0491626 0
    outer loop
      vertex -49.47 61.73 4
      vertex -49.4507 62.1221 28
      vertex -49.4507 62.1221 4
    endloop
  endfacet
  facet normal -0.998791 0.0491626 0
    outer loop
      vertex -49.4507 62.1221 28
      vertex -49.47 61.73 4
      vertex -49.47 61.73 28
    endloop
  endfacet
  facet normal 0.998791 -0.0491626 0
    outer loop
      vertex 49.4507 -17.9221 28
      vertex 49.47 -17.53 4
      vertex 49.47 -17.53 28
    endloop
  endfacet
  facet normal 0.998791 -0.0491626 0
    outer loop
      vertex 49.47 -17.53 4
      vertex 49.4507 -17.9221 28
      vertex 49.4507 -17.9221 4
    endloop
  endfacet
  facet normal -0.904044 -0.42744 0
    outer loop
      vertex -48.9977 -19.4156 4
      vertex -49.1655 -19.0607 28
      vertex -49.1655 -19.0607 4
    endloop
  endfacet
  facet normal -0.904044 -0.42744 0
    outer loop
      vertex -49.1655 -19.0607 28
      vertex -48.9977 -19.4156 4
      vertex -48.9977 -19.4156 28
    endloop
  endfacet
  facet normal 0.42744 -0.904044 0
    outer loop
      vertex 47.0007 -21.2255 4
      vertex 47.3556 -21.0577 28
      vertex 47.0007 -21.2255 28
    endloop
  endfacet
  facet normal 0.42744 -0.904044 0
    outer loop
      vertex 47.3556 -21.0577 28
      vertex 47.0007 -21.2255 4
      vertex 47.3556 -21.0577 4
    endloop
  endfacet
  facet normal 0.595794 0.803137 -0
    outer loop
      vertex 48.0076 64.822 4
      vertex 47.6923 65.0559 28
      vertex 48.0076 64.822 28
    endloop
  endfacet
  facet normal 0.595794 0.803137 0
    outer loop
      vertex 47.6923 65.0559 28
      vertex 48.0076 64.822 4
      vertex 47.6923 65.0559 4
    endloop
  endfacet
  facet normal -0.242835 0.970068 0
    outer loop
      vertex -46.2504 65.6531 4
      vertex -46.6311 65.5578 28
      vertex -46.2504 65.6531 28
    endloop
  endfacet
  facet normal -0.242835 0.970068 0
    outer loop
      vertex -46.6311 65.5578 28
      vertex -46.2504 65.6531 4
      vertex -46.6311 65.5578 4
    endloop
  endfacet
  facet normal -0.146733 0.989176 0
    outer loop
      vertex -45.8621 65.7107 4
      vertex -46.2504 65.6531 28
      vertex -45.8621 65.7107 28
    endloop
  endfacet
  facet normal -0.146733 0.989176 0
    outer loop
      vertex -46.2504 65.6531 28
      vertex -45.8621 65.7107 4
      vertex -46.2504 65.6531 4
    endloop
  endfacet
  facet normal 0 1 0
    outer loop
      vertex 45.47 65.73 28
      vertex 20.8002 65.73 21.0318
      vertex -45.47 65.73 28
    endloop
  endfacet
  facet normal 0 1 0
    outer loop
      vertex -45.47 65.73 28
      vertex -21.3972 65.73 21.1204
      vertex -22 65.73 21.15
    endloop
  endfacet
  facet normal 0 1 -0
    outer loop
      vertex -20.8002 65.73 21.0318
      vertex -45.47 65.73 28
      vertex 20.8002 65.73 21.0318
    endloop
  endfacet
  facet normal 0 1 0
    outer loop
      vertex -45.47 65.73 28
      vertex -20.8002 65.73 21.0318
      vertex -21.3972 65.73 21.1204
    endloop
  endfacet
  facet normal 0 1 -0
    outer loop
      vertex 20.2147 65.73 20.8852
      vertex -20.8002 65.73 21.0318
      vertex 20.8002 65.73 21.0318
    endloop
  endfacet
  facet normal 0 1 0
    outer loop
      vertex 20.2147 65.73 20.8852
      vertex -20.2147 65.73 20.8852
      vertex -20.8002 65.73 21.0318
    endloop
  endfacet
  facet normal 0 1 -0
    outer loop
      vertex 19.6465 65.73 20.6819
      vertex -20.2147 65.73 20.8852
      vertex 20.2147 65.73 20.8852
    endloop
  endfacet
  facet normal 0 1 0
    outer loop
      vertex 19.6465 65.73 20.6819
      vertex -19.6465 65.73 20.6819
      vertex -20.2147 65.73 20.8852
    endloop
  endfacet
  facet normal 0 1 -0
    outer loop
      vertex 19.1009 65.73 20.4238
      vertex -19.6465 65.73 20.6819
      vertex 19.6465 65.73 20.6819
    endloop
  endfacet
  facet normal 0 1 0
    outer loop
      vertex 19.1009 65.73 20.4238
      vertex -19.1009 65.73 20.4238
      vertex -19.6465 65.73 20.6819
    endloop
  endfacet
  facet normal 0 1 -0
    outer loop
      vertex 18.5832 65.73 20.1135
      vertex -19.1009 65.73 20.4238
      vertex 19.1009 65.73 20.4238
    endloop
  endfacet
  facet normal 0 1 0
    outer loop
      vertex 18.5832 65.73 20.1135
      vertex -18.5832 65.73 20.1135
      vertex -19.1009 65.73 20.4238
    endloop
  endfacet
  facet normal 0 1 -0
    outer loop
      vertex 18.0985 65.73 19.754
      vertex -18.5832 65.73 20.1135
      vertex 18.5832 65.73 20.1135
    endloop
  endfacet
  facet normal 0 1 0
    outer loop
      vertex 18.0985 65.73 19.754
      vertex -18.0985 65.73 19.754
      vertex -18.5832 65.73 20.1135
    endloop
  endfacet
  facet normal 0 1 -0
    outer loop
      vertex 17.6513 65.73 19.3487
      vertex -18.0985 65.73 19.754
      vertex 18.0985 65.73 19.754
    endloop
  endfacet
  facet normal 0 1 0
    outer loop
      vertex 17.6513 65.73 19.3487
      vertex -17.6513 65.73 19.3487
      vertex -18.0985 65.73 19.754
    endloop
  endfacet
  facet normal 0 1 -0
    outer loop
      vertex 17.246 65.73 18.9015
      vertex -17.6513 65.73 19.3487
      vertex 17.6513 65.73 19.3487
    endloop
  endfacet
  facet normal 0 1 0
    outer loop
      vertex 17.246 65.73 18.9015
      vertex -17.246 65.73 18.9015
      vertex -17.6513 65.73 19.3487
    endloop
  endfacet
  facet normal 0 1 -0
    outer loop
      vertex 16.8865 65.73 18.4168
      vertex -17.246 65.73 18.9015
      vertex 17.246 65.73 18.9015
    endloop
  endfacet
  facet normal 0 1 0
    outer loop
      vertex 16.8865 65.73 18.4168
      vertex -16.8865 65.73 18.4168
      vertex -17.246 65.73 18.9015
    endloop
  endfacet
  facet normal 0 1 -0
    outer loop
      vertex 16.5762 65.73 17.8991
      vertex -16.8865 65.73 18.4168
      vertex 16.8865 65.73 18.4168
    endloop
  endfacet
  facet normal 0 1 0
    outer loop
      vertex 16.5762 65.73 17.8991
      vertex -16.5762 65.73 17.8991
      vertex -16.8865 65.73 18.4168
    endloop
  endfacet
  facet normal 0 1 -0
    outer loop
      vertex 16.3181 65.73 17.3535
      vertex -16.5762 65.73 17.8991
      vertex 16.5762 65.73 17.8991
    endloop
  endfacet
  facet normal 0 1 0
    outer loop
      vertex 16.3181 65.73 17.3535
      vertex -16.3181 65.73 17.3535
      vertex -16.5762 65.73 17.8991
    endloop
  endfacet
  facet normal 0 1 -0
    outer loop
      vertex 16.1148 65.73 16.7853
      vertex -16.3181 65.73 17.3535
      vertex 16.3181 65.73 17.3535
    endloop
  endfacet
  facet normal 0 1 0
    outer loop
      vertex 16.1148 65.73 16.7853
      vertex -16.1148 65.73 16.7853
      vertex -16.3181 65.73 17.3535
    endloop
  endfacet
  facet normal 0 1 -0
    outer loop
      vertex 15.9682 65.73 16.1998
      vertex -16.1148 65.73 16.7853
      vertex 16.1148 65.73 16.7853
    endloop
  endfacet
  facet normal 0 1 0
    outer loop
      vertex 15.9682 65.73 16.1998
      vertex -15.9682 65.73 16.1998
      vertex -16.1148 65.73 16.7853
    endloop
  endfacet
  facet normal 0 1 -0
    outer loop
      vertex 15.8796 65.73 15.6028
      vertex -15.9682 65.73 16.1998
      vertex 15.9682 65.73 16.1998
    endloop
  endfacet
  facet normal 0 1 0
    outer loop
      vertex 15.8796 65.73 15.6028
      vertex -15.8796 65.73 15.6028
      vertex -15.9682 65.73 16.1998
    endloop
  endfacet
  facet normal 0 1 -0
    outer loop
      vertex 15.85 65.73 15
      vertex -15.8796 65.73 15.6028
      vertex 15.8796 65.73 15.6028
    endloop
  endfacet
  facet normal 0 1 0
    outer loop
      vertex 15.85 65.73 15
      vertex -15.85 65.73 15
      vertex -15.8796 65.73 15.6028
    endloop
  endfacet
  facet normal 0 1 0
    outer loop
      vertex 15.8796 65.73 14.3972
      vertex -15.85 65.73 15
      vertex 15.85 65.73 15
    endloop
  endfacet
  facet normal 0 1 0
    outer loop
      vertex 15.8796 65.73 14.3972
      vertex -15.8796 65.73 14.3972
      vertex -15.85 65.73 15
    endloop
  endfacet
  facet normal 0 1 0
    outer loop
      vertex 15.9682 65.73 13.8002
      vertex -15.8796 65.73 14.3972
      vertex 15.8796 65.73 14.3972
    endloop
  endfacet
  facet normal 0 1 0
    outer loop
      vertex 15.9682 65.73 13.8002
      vertex -15.9682 65.73 13.8002
      vertex -15.8796 65.73 14.3972
    endloop
  endfacet
  facet normal 0 1 0
    outer loop
      vertex 16.1148 65.73 13.2147
      vertex -15.9682 65.73 13.8002
      vertex 15.9682 65.73 13.8002
    endloop
  endfacet
  facet normal 0 1 0
    outer loop
      vertex 16.1148 65.73 13.2147
      vertex -16.1148 65.73 13.2147
      vertex -15.9682 65.73 13.8002
    endloop
  endfacet
  facet normal 0 1 0
    outer loop
      vertex 16.3181 65.73 12.6465
      vertex -16.1148 65.73 13.2147
      vertex 16.1148 65.73 13.2147
    endloop
  endfacet
  facet normal 0 1 0
    outer loop
      vertex 16.3181 65.73 12.6465
      vertex -16.3181 65.73 12.6465
      vertex -16.1148 65.73 13.2147
    endloop
  endfacet
  facet normal 0 1 0
    outer loop
      vertex 16.5762 65.73 12.1009
      vertex -16.3181 65.73 12.6465
      vertex 16.3181 65.73 12.6465
    endloop
  endfacet
  facet normal 0 1 0
    outer loop
      vertex 16.5762 65.73 12.1009
      vertex -16.5762 65.73 12.1009
      vertex -16.3181 65.73 12.6465
    endloop
  endfacet
  facet normal 0 1 0
    outer loop
      vertex 16.8865 65.73 11.5832
      vertex -16.5762 65.73 12.1009
      vertex 16.5762 65.73 12.1009
    endloop
  endfacet
  facet normal 0 1 0
    outer loop
      vertex 16.8865 65.73 11.5832
      vertex -16.8865 65.73 11.5832
      vertex -16.5762 65.73 12.1009
    endloop
  endfacet
  facet normal 0 1 0
    outer loop
      vertex 17.246 65.73 11.0985
      vertex -16.8865 65.73 11.5832
      vertex 16.8865 65.73 11.5832
    endloop
  endfacet
  facet normal 0 1 0
    outer loop
      vertex 17.246 65.73 11.0985
      vertex -17.246 65.73 11.0985
      vertex -16.8865 65.73 11.5832
    endloop
  endfacet
  facet normal 0 1 0
    outer loop
      vertex 17.6513 65.73 10.6513
      vertex -17.246 65.73 11.0985
      vertex 17.246 65.73 11.0985
    endloop
  endfacet
  facet normal 0 1 0
    outer loop
      vertex 17.6513 65.73 10.6513
      vertex -17.6513 65.73 10.6513
      vertex -17.246 65.73 11.0985
    endloop
  endfacet
  facet normal 0 1 0
    outer loop
      vertex 18.0985 65.73 10.246
      vertex -17.6513 65.73 10.6513
      vertex 17.6513 65.73 10.6513
    endloop
  endfacet
  facet normal 0 1 0
    outer loop
      vertex 18.0985 65.73 10.246
      vertex -18.0985 65.73 10.246
      vertex -17.6513 65.73 10.6513
    endloop
  endfacet
  facet normal 0 1 0
    outer loop
      vertex 18.5832 65.73 9.88646
      vertex -18.0985 65.73 10.246
      vertex 18.0985 65.73 10.246
    endloop
  endfacet
  facet normal 0 1 0
    outer loop
      vertex 18.5832 65.73 9.88646
      vertex -18.5832 65.73 9.88646
      vertex -18.0985 65.73 10.246
    endloop
  endfacet
  facet normal 0 1 0
    outer loop
      vertex 19.1009 65.73 9.57618
      vertex -18.5832 65.73 9.88646
      vertex 18.5832 65.73 9.88646
    endloop
  endfacet
  facet normal 0 1 0
    outer loop
      vertex 19.1009 65.73 9.57618
      vertex -19.1009 65.73 9.57618
      vertex -18.5832 65.73 9.88646
    endloop
  endfacet
  facet normal 0 1 0
    outer loop
      vertex 19.6465 65.73 9.31814
      vertex -19.1009 65.73 9.57618
      vertex 19.1009 65.73 9.57618
    endloop
  endfacet
  facet normal 0 1 0
    outer loop
      vertex 19.6465 65.73 9.31814
      vertex -19.6465 65.73 9.31814
      vertex -19.1009 65.73 9.57618
    endloop
  endfacet
  facet normal 0 1 0
    outer loop
      vertex 20.2147 65.73 9.11482
      vertex -19.6465 65.73 9.31814
      vertex 19.6465 65.73 9.31814
    endloop
  endfacet
  facet normal 0 1 0
    outer loop
      vertex 20.2147 65.73 9.11482
      vertex -20.2147 65.73 9.11482
      vertex -19.6465 65.73 9.31814
    endloop
  endfacet
  facet normal 0 1 0
    outer loop
      vertex 20.8002 65.73 8.96817
      vertex -20.2147 65.73 9.11482
      vertex 20.2147 65.73 9.11482
    endloop
  endfacet
  facet normal 0 1 0
    outer loop
      vertex 20.8002 65.73 8.96817
      vertex -20.8002 65.73 8.96817
      vertex -20.2147 65.73 9.11482
    endloop
  endfacet
  facet normal 0 1 0
    outer loop
      vertex 21.3972 65.73 8.87961
      vertex -20.8002 65.73 8.96817
      vertex 20.8002 65.73 8.96817
    endloop
  endfacet
  facet normal 0 1 0
    outer loop
      vertex 21.3972 65.73 8.87961
      vertex -21.3972 65.73 8.87961
      vertex -20.8002 65.73 8.96817
    endloop
  endfacet
  facet normal 0 1 0
    outer loop
      vertex 45.47 65.73 4
      vertex 21.3972 65.73 8.87961
      vertex 22 65.73 8.85
    endloop
  endfacet
  facet normal 0 1 0
    outer loop
      vertex 21.3972 65.73 8.87961
      vertex 45.47 65.73 4
      vertex -21.3972 65.73 8.87961
    endloop
  endfacet
  facet normal 0 1 0
    outer loop
      vertex 21.3972 65.73 21.1204
      vertex 45.47 65.73 28
      vertex 22 65.73 21.15
    endloop
  endfacet
  facet normal 0 1 0
    outer loop
      vertex 45.47 65.73 28
      vertex 22.6028 65.73 21.1204
      vertex 22 65.73 21.15
    endloop
  endfacet
  facet normal 0 1 0
    outer loop
      vertex 45.47 65.73 28
      vertex 23.1998 65.73 21.0318
      vertex 22.6028 65.73 21.1204
    endloop
  endfacet
  facet normal 0 1 0
    outer loop
      vertex 45.47 65.73 28
      vertex 23.7853 65.73 20.8852
      vertex 23.1998 65.73 21.0318
    endloop
  endfacet
  facet normal 0 1 0
    outer loop
      vertex 45.47 65.73 28
      vertex 24.3535 65.73 20.6819
      vertex 23.7853 65.73 20.8852
    endloop
  endfacet
  facet normal 0 1 0
    outer loop
      vertex 45.47 65.73 28
      vertex 24.8991 65.73 20.4238
      vertex 24.3535 65.73 20.6819
    endloop
  endfacet
  facet normal 0 1 0
    outer loop
      vertex 45.47 65.73 28
      vertex 25.4168 65.73 20.1135
      vertex 24.8991 65.73 20.4238
    endloop
  endfacet
  facet normal 0 1 0
    outer loop
      vertex 45.47 65.73 28
      vertex 25.9015 65.73 19.754
      vertex 25.4168 65.73 20.1135
    endloop
  endfacet
  facet normal 0 1 0
    outer loop
      vertex 45.47 65.73 28
      vertex 26.3487 65.73 19.3487
      vertex 25.9015 65.73 19.754
    endloop
  endfacet
  facet normal 0 1 0
    outer loop
      vertex 45.47 65.73 28
      vertex 26.754 65.73 18.9015
      vertex 26.3487 65.73 19.3487
    endloop
  endfacet
  facet normal 0 1 0
    outer loop
      vertex 45.47 65.73 28
      vertex 27.1135 65.73 18.4168
      vertex 26.754 65.73 18.9015
    endloop
  endfacet
  facet normal 0 1 0
    outer loop
      vertex 45.47 65.73 28
      vertex 27.4238 65.73 17.8991
      vertex 27.1135 65.73 18.4168
    endloop
  endfacet
  facet normal 0 1 0
    outer loop
      vertex 45.47 65.73 28
      vertex 27.6819 65.73 17.3535
      vertex 27.4238 65.73 17.8991
    endloop
  endfacet
  facet normal 0 1 0
    outer loop
      vertex 45.47 65.73 28
      vertex 27.8852 65.73 16.7853
      vertex 27.6819 65.73 17.3535
    endloop
  endfacet
  facet normal 0 1 0
    outer loop
      vertex 45.47 65.73 28
      vertex 28.0318 65.73 16.1998
      vertex 27.8852 65.73 16.7853
    endloop
  endfacet
  facet normal 0 1 0
    outer loop
      vertex 45.47 65.73 28
      vertex 28.1204 65.73 15.6028
      vertex 28.0318 65.73 16.1998
    endloop
  endfacet
  facet normal 0 1 0
    outer loop
      vertex 45.47 65.73 28
      vertex 28.15 65.73 15
      vertex 28.1204 65.73 15.6028
    endloop
  endfacet
  facet normal 0 1 -0
    outer loop
      vertex 45.47 65.73 4
      vertex 28.15 65.73 15
      vertex 45.47 65.73 28
    endloop
  endfacet
  facet normal 0 1 0
    outer loop
      vertex 28.15 65.73 15
      vertex 45.47 65.73 4
      vertex 28.1204 65.73 14.3972
    endloop
  endfacet
  facet normal 0 1 0
    outer loop
      vertex 28.1204 65.73 14.3972
      vertex 45.47 65.73 4
      vertex 28.0318 65.73 13.8002
    endloop
  endfacet
  facet normal 0 1 0
    outer loop
      vertex 28.0318 65.73 13.8002
      vertex 45.47 65.73 4
      vertex 27.8852 65.73 13.2147
    endloop
  endfacet
  facet normal 0 1 0
    outer loop
      vertex 27.8852 65.73 13.2147
      vertex 45.47 65.73 4
      vertex 27.6819 65.73 12.6465
    endloop
  endfacet
  facet normal 0 1 0
    outer loop
      vertex 27.6819 65.73 12.6465
      vertex 45.47 65.73 4
      vertex 27.4238 65.73 12.1009
    endloop
  endfacet
  facet normal 0 1 0
    outer loop
      vertex 27.4238 65.73 12.1009
      vertex 45.47 65.73 4
      vertex 27.1135 65.73 11.5832
    endloop
  endfacet
  facet normal 0 1 0
    outer loop
      vertex 27.1135 65.73 11.5832
      vertex 45.47 65.73 4
      vertex 26.754 65.73 11.0985
    endloop
  endfacet
  facet normal 0 1 0
    outer loop
      vertex -45.47 65.73 4
      vertex -21.3972 65.73 8.87961
      vertex 45.47 65.73 4
    endloop
  endfacet
  facet normal 0 1 0
    outer loop
      vertex 22.6028 65.73 8.87961
      vertex 45.47 65.73 4
      vertex 22 65.73 8.85
    endloop
  endfacet
  facet normal 0 1 0
    outer loop
      vertex 23.1998 65.73 8.96817
      vertex 45.47 65.73 4
      vertex 22.6028 65.73 8.87961
    endloop
  endfacet
  facet normal 0 1 0
    outer loop
      vertex 23.7853 65.73 9.11482
      vertex 45.47 65.73 4
      vertex 23.1998 65.73 8.96817
    endloop
  endfacet
  facet normal 0 1 0
    outer loop
      vertex 24.3535 65.73 9.31814
      vertex 45.47 65.73 4
      vertex 23.7853 65.73 9.11482
    endloop
  endfacet
  facet normal 0 1 0
    outer loop
      vertex 24.8991 65.73 9.57618
      vertex 45.47 65.73 4
      vertex 24.3535 65.73 9.31814
    endloop
  endfacet
  facet normal 0 1 0
    outer loop
      vertex 25.4168 65.73 9.88646
      vertex 45.47 65.73 4
      vertex 24.8991 65.73 9.57618
    endloop
  endfacet
  facet normal 0 1 0
    outer loop
      vertex 25.9015 65.73 10.246
      vertex 45.47 65.73 4
      vertex 25.4168 65.73 9.88646
    endloop
  endfacet
  facet normal 0 1 0
    outer loop
      vertex 26.3487 65.73 10.6513
      vertex 45.47 65.73 4
      vertex 25.9015 65.73 10.246
    endloop
  endfacet
  facet normal 0 1 0
    outer loop
      vertex 26.754 65.73 11.0985
      vertex 45.47 65.73 4
      vertex 26.3487 65.73 10.6513
    endloop
  endfacet
  facet normal 0 1 0
    outer loop
      vertex 20.8002 65.73 21.0318
      vertex 45.47 65.73 28
      vertex 21.3972 65.73 21.1204
    endloop
  endfacet
  facet normal 0 1 -0
    outer loop
      vertex -22.6028 65.73 21.1204
      vertex -45.47 65.73 28
      vertex -22 65.73 21.15
    endloop
  endfacet
  facet normal 0 1 -0
    outer loop
      vertex -23.1998 65.73 21.0318
      vertex -45.47 65.73 28
      vertex -22.6028 65.73 21.1204
    endloop
  endfacet
  facet normal 0 1 -0
    outer loop
      vertex -23.7853 65.73 20.8852
      vertex -45.47 65.73 28
      vertex -23.1998 65.73 21.0318
    endloop
  endfacet
  facet normal 0 1 -0
    outer loop
      vertex -24.3535 65.73 20.6819
      vertex -45.47 65.73 28
      vertex -23.7853 65.73 20.8852
    endloop
  endfacet
  facet normal 0 1 -0
    outer loop
      vertex -24.8991 65.73 20.4238
      vertex -45.47 65.73 28
      vertex -24.3535 65.73 20.6819
    endloop
  endfacet
  facet normal 0 1 -0
    outer loop
      vertex -25.4168 65.73 20.1135
      vertex -45.47 65.73 28
      vertex -24.8991 65.73 20.4238
    endloop
  endfacet
  facet normal 0 1 -0
    outer loop
      vertex -25.9015 65.73 19.754
      vertex -45.47 65.73 28
      vertex -25.4168 65.73 20.1135
    endloop
  endfacet
  facet normal 0 1 -0
    outer loop
      vertex -26.3487 65.73 19.3487
      vertex -45.47 65.73 28
      vertex -25.9015 65.73 19.754
    endloop
  endfacet
  facet normal 0 1 -0
    outer loop
      vertex -26.754 65.73 18.9015
      vertex -45.47 65.73 28
      vertex -26.3487 65.73 19.3487
    endloop
  endfacet
  facet normal 0 1 -0
    outer loop
      vertex -27.1135 65.73 18.4168
      vertex -45.47 65.73 28
      vertex -26.754 65.73 18.9015
    endloop
  endfacet
  facet normal 0 1 -0
    outer loop
      vertex -27.4238 65.73 17.8991
      vertex -45.47 65.73 28
      vertex -27.1135 65.73 18.4168
    endloop
  endfacet
  facet normal 0 1 -0
    outer loop
      vertex -27.6819 65.73 17.3535
      vertex -45.47 65.73 28
      vertex -27.4238 65.73 17.8991
    endloop
  endfacet
  facet normal 0 1 -0
    outer loop
      vertex -27.8852 65.73 16.7853
      vertex -45.47 65.73 28
      vertex -27.6819 65.73 17.3535
    endloop
  endfacet
  facet normal 0 1 -0
    outer loop
      vertex -28.0318 65.73 16.1998
      vertex -45.47 65.73 28
      vertex -27.8852 65.73 16.7853
    endloop
  endfacet
  facet normal 0 1 -0
    outer loop
      vertex -28.1204 65.73 15.6028
      vertex -45.47 65.73 28
      vertex -28.0318 65.73 16.1998
    endloop
  endfacet
  facet normal 0 1 -0
    outer loop
      vertex -28.15 65.73 15
      vertex -45.47 65.73 28
      vertex -28.1204 65.73 15.6028
    endloop
  endfacet
  facet normal 0 1 0
    outer loop
      vertex -45.47 65.73 4
      vertex -28.15 65.73 15
      vertex -28.1204 65.73 14.3972
    endloop
  endfacet
  facet normal 0 1 0
    outer loop
      vertex -45.47 65.73 4
      vertex -28.1204 65.73 14.3972
      vertex -28.0318 65.73 13.8002
    endloop
  endfacet
  facet normal 0 1 0
    outer loop
      vertex -45.47 65.73 4
      vertex -28.0318 65.73 13.8002
      vertex -27.8852 65.73 13.2147
    endloop
  endfacet
  facet normal 0 1 0
    outer loop
      vertex -45.47 65.73 4
      vertex -27.8852 65.73 13.2147
      vertex -27.6819 65.73 12.6465
    endloop
  endfacet
  facet normal 0 1 0
    outer loop
      vertex -45.47 65.73 4
      vertex -27.6819 65.73 12.6465
      vertex -27.4238 65.73 12.1009
    endloop
  endfacet
  facet normal 0 1 0
    outer loop
      vertex -45.47 65.73 4
      vertex -27.4238 65.73 12.1009
      vertex -27.1135 65.73 11.5832
    endloop
  endfacet
  facet normal 0 1 0
    outer loop
      vertex -45.47 65.73 4
      vertex -27.1135 65.73 11.5832
      vertex -26.754 65.73 11.0985
    endloop
  endfacet
  facet normal 0 1 0
    outer loop
      vertex -45.47 65.73 4
      vertex -26.754 65.73 11.0985
      vertex -26.3487 65.73 10.6513
    endloop
  endfacet
  facet normal 0 1 0
    outer loop
      vertex -21.3972 65.73 8.87961
      vertex -45.47 65.73 4
      vertex -22 65.73 8.85
    endloop
  endfacet
  facet normal 0 1 0
    outer loop
      vertex -28.15 65.73 15
      vertex -45.47 65.73 4
      vertex -45.47 65.73 28
    endloop
  endfacet
  facet normal 0 1 0
    outer loop
      vertex -25.9015 65.73 10.246
      vertex -45.47 65.73 4
      vertex -26.3487 65.73 10.6513
    endloop
  endfacet
  facet normal 0 1 0
    outer loop
      vertex -25.4168 65.73 9.88646
      vertex -45.47 65.73 4
      vertex -25.9015 65.73 10.246
    endloop
  endfacet
  facet normal 0 1 0
    outer loop
      vertex -24.8991 65.73 9.57618
      vertex -45.47 65.73 4
      vertex -25.4168 65.73 9.88646
    endloop
  endfacet
  facet normal 0 1 0
    outer loop
      vertex -24.3535 65.73 9.31814
      vertex -45.47 65.73 4
      vertex -24.8991 65.73 9.57618
    endloop
  endfacet
  facet normal 0 1 0
    outer loop
      vertex -23.7853 65.73 9.11482
      vertex -45.47 65.73 4
      vertex -24.3535 65.73 9.31814
    endloop
  endfacet
  facet normal 0 1 0
    outer loop
      vertex -23.1998 65.73 8.96817
      vertex -45.47 65.73 4
      vertex -23.7853 65.73 9.11482
    endloop
  endfacet
  facet normal 0 1 0
    outer loop
      vertex -22.6028 65.73 8.87961
      vertex -45.47 65.73 4
      vertex -23.1998 65.73 8.96817
    endloop
  endfacet
  facet normal 0 1 0
    outer loop
      vertex -22 65.73 8.85
      vertex -45.47 65.73 4
      vertex -22.6028 65.73 8.87961
    endloop
  endfacet
  facet normal -1 0 0
    outer loop
      vertex -49.47 -17.53 4
      vertex -49.47 61.73 28
      vertex -49.47 61.73 4
    endloop
  endfacet
  facet normal -1 -0 0
    outer loop
      vertex -49.47 61.73 28
      vertex -49.47 -17.53 4
      vertex -49.47 -17.53 28
    endloop
  endfacet
  facet normal 0.514084 0.85774 -0
    outer loop
      vertex 47.6923 65.0559 4
      vertex 47.3556 65.2577 28
      vertex 47.6923 65.0559 28
    endloop
  endfacet
  facet normal 0.514084 0.85774 0
    outer loop
      vertex 47.3556 65.2577 28
      vertex 47.6923 65.0559 4
      vertex 47.3556 65.2577 4
    endloop
  endfacet
  facet normal 0.803137 -0.595794 0
    outer loop
      vertex 48.562 -20.0676 28
      vertex 48.7959 -19.7523 4
      vertex 48.7959 -19.7523 28
    endloop
  endfacet
  facet normal 0.803137 -0.595794 0
    outer loop
      vertex 48.7959 -19.7523 4
      vertex 48.562 -20.0676 28
      vertex 48.562 -20.0676 4
    endloop
  endfacet
  facet normal 0.9415 -0.337014 0
    outer loop
      vertex 49.1655 -19.0607 28
      vertex 49.2978 -18.6911 4
      vertex 49.2978 -18.6911 28
    endloop
  endfacet
  facet normal 0.9415 -0.337014 0
    outer loop
      vertex 49.2978 -18.6911 4
      vertex 49.1655 -19.0607 28
      vertex 49.1655 -19.0607 4
    endloop
  endfacet
  facet normal 0.740908 -0.671607 0
    outer loop
      vertex 48.2984 -20.3584 28
      vertex 48.562 -20.0676 4
      vertex 48.562 -20.0676 28
    endloop
  endfacet
  facet normal 0.740908 -0.671607 0
    outer loop
      vertex 48.562 -20.0676 4
      vertex 48.2984 -20.3584 28
      vertex 48.2984 -20.3584 4
    endloop
  endfacet
  facet normal -0.989176 -0.146733 0
    outer loop
      vertex -49.3931 -18.3104 4
      vertex -49.4507 -17.9221 28
      vertex -49.4507 -17.9221 4
    endloop
  endfacet
  facet normal -0.989176 -0.146733 0
    outer loop
      vertex -49.4507 -17.9221 28
      vertex -49.3931 -18.3104 4
      vertex -49.3931 -18.3104 28
    endloop
  endfacet
  facet normal -0.85774 -0.514084 0
    outer loop
      vertex -48.7959 -19.7523 4
      vertex -48.9977 -19.4156 28
      vertex -48.9977 -19.4156 4
    endloop
  endfacet
  facet normal -0.85774 -0.514084 0
    outer loop
      vertex -48.9977 -19.4156 28
      vertex -48.7959 -19.7523 4
      vertex -48.7959 -19.7523 28
    endloop
  endfacet
  facet normal 0.514084 -0.85774 0
    outer loop
      vertex 47.3556 -21.0577 4
      vertex 47.6923 -20.8559 28
      vertex 47.3556 -21.0577 28
    endloop
  endfacet
  facet normal 0.514084 -0.85774 0
    outer loop
      vertex 47.6923 -20.8559 28
      vertex 47.3556 -21.0577 4
      vertex 47.6923 -20.8559 4
    endloop
  endfacet
  facet normal 0.9415 0.337014 0
    outer loop
      vertex 49.2978 62.8911 28
      vertex 49.1655 63.2607 4
      vertex 49.1655 63.2607 28
    endloop
  endfacet
  facet normal 0.9415 0.337014 0
    outer loop
      vertex 49.1655 63.2607 4
      vertex 49.2978 62.8911 28
      vertex 49.2978 62.8911 4
    endloop
  endfacet
  facet normal 0 -1 0
    outer loop
      vertex -45.47 -21.53 4
      vertex 45.47 -21.53 28
      vertex -45.47 -21.53 28
    endloop
  endfacet
  facet normal 0 -1 -0
    outer loop
      vertex 45.47 -21.53 28
      vertex -45.47 -21.53 4
      vertex 45.47 -21.53 4
    endloop
  endfacet
  facet normal 1 -0 0
    outer loop
      vertex 49.47 53.8856 6.03147
      vertex 49.47 61.73 4
      vertex 49.47 61.73 28
    endloop
  endfacet
  facet normal 1 0 0
    outer loop
      vertex 49.47 61.73 4
      vertex 49.47 54.3252 5.29802
      vertex 49.47 54.33 5.2
    endloop
  endfacet
  facet normal 1 0 0
    outer loop
      vertex 49.47 61.73 4
      vertex 49.47 54.3108 5.39509
      vertex 49.47 54.3252 5.29802
    endloop
  endfacet
  facet normal 1 0 0
    outer loop
      vertex 49.47 61.73 4
      vertex 49.47 54.2869 5.49028
      vertex 49.47 54.3108 5.39509
    endloop
  endfacet
  facet normal 1 0 0
    outer loop
      vertex 49.47 61.73 4
      vertex 49.47 54.2539 5.58268
      vertex 49.47 54.2869 5.49028
    endloop
  endfacet
  facet normal 1 0 0
    outer loop
      vertex 49.47 61.73 4
      vertex 49.47 54.2119 5.6714
      vertex 49.47 54.2539 5.58268
    endloop
  endfacet
  facet normal 1 0 0
    outer loop
      vertex 49.47 61.73 4
      vertex 49.47 54.1615 5.75557
      vertex 49.47 54.2119 5.6714
    endloop
  endfacet
  facet normal 1 0 0
    outer loop
      vertex 49.47 61.73 4
      vertex 49.47 54.103 5.83439
      vertex 49.47 54.1615 5.75557
    endloop
  endfacet
  facet normal 1 0 0
    outer loop
      vertex 49.47 61.73 4
      vertex 49.47 54.0371 5.90711
      vertex 49.47 54.103 5.83439
    endloop
  endfacet
  facet normal 1 0 0
    outer loop
      vertex 49.47 61.73 4
      vertex 49.47 53.9644 5.97301
      vertex 49.47 54.0371 5.90711
    endloop
  endfacet
  facet normal 1 0 0
    outer loop
      vertex 49.47 61.73 4
      vertex 49.47 53.8856 6.03147
      vertex 49.47 53.9644 5.97301
    endloop
  endfacet
  facet normal 1 0 0
    outer loop
      vertex 49.47 61.73 28
      vertex 49.47 53.8014 6.08192
      vertex 49.47 53.8856 6.03147
    endloop
  endfacet
  facet normal 1 0 0
    outer loop
      vertex 49.47 61.73 28
      vertex 49.47 53.7127 6.12388
      vertex 49.47 53.8014 6.08192
    endloop
  endfacet
  facet normal 1 0 0
    outer loop
      vertex 49.47 61.73 28
      vertex 49.47 53.6203 6.15694
      vertex 49.47 53.7127 6.12388
    endloop
  endfacet
  facet normal 1 0 0
    outer loop
      vertex 49.47 61.73 28
      vertex 49.47 53.5251 6.18079
      vertex 49.47 53.6203 6.15694
    endloop
  endfacet
  facet normal 1 0 0
    outer loop
      vertex 49.47 61.73 28
      vertex 49.47 53.428 6.19518
      vertex 49.47 53.5251 6.18079
    endloop
  endfacet
  facet normal 1 0 0
    outer loop
      vertex 49.47 61.73 28
      vertex 49.47 53.33 6.2
      vertex 49.47 53.428 6.19518
    endloop
  endfacet
  facet normal 1 0 0
    outer loop
      vertex 49.47 61.73 28
      vertex 49.47 53.232 6.19518
      vertex 49.47 53.33 6.2
    endloop
  endfacet
  facet normal 1 0 0
    outer loop
      vertex 49.47 61.73 28
      vertex 49.47 53.1349 6.18079
      vertex 49.47 53.232 6.19518
    endloop
  endfacet
  facet normal 1 0 0
    outer loop
      vertex 49.47 61.73 28
      vertex 49.47 53.0397 6.15694
      vertex 49.47 53.1349 6.18079
    endloop
  endfacet
  facet normal 1 0 0
    outer loop
      vertex 49.47 61.73 28
      vertex 49.47 52.9473 6.12388
      vertex 49.47 53.0397 6.15694
    endloop
  endfacet
  facet normal 1 0 0
    outer loop
      vertex 49.47 61.73 28
      vertex 49.47 52.8586 6.08192
      vertex 49.47 52.9473 6.12388
    endloop
  endfacet
  facet normal 1 0 0
    outer loop
      vertex 49.47 61.73 28
      vertex 49.47 52.7744 6.03147
      vertex 49.47 52.8586 6.08192
    endloop
  endfacet
  facet normal 1 0 0
    outer loop
      vertex 49.47 61.73 28
      vertex 49.47 52.6956 5.97301
      vertex 49.47 52.7744 6.03147
    endloop
  endfacet
  facet normal 1 0 0
    outer loop
      vertex 49.47 61.73 28
      vertex 49.47 52.6229 5.90711
      vertex 49.47 52.6956 5.97301
    endloop
  endfacet
  facet normal 1 0 0
    outer loop
      vertex 49.47 61.73 28
      vertex 49.47 52.557 5.83439
      vertex 49.47 52.6229 5.90711
    endloop
  endfacet
  facet normal 1 -0 0
    outer loop
      vertex 49.47 -17.53 28
      vertex 49.47 52.557 5.83439
      vertex 49.47 61.73 28
    endloop
  endfacet
  facet normal 1 0 0
    outer loop
      vertex 49.47 52.557 5.83439
      vertex 49.47 -17.53 28
      vertex 49.47 52.4985 5.75557
    endloop
  endfacet
  facet normal 1 0 0
    outer loop
      vertex 49.47 52.4985 5.75557
      vertex 49.47 -17.53 28
      vertex 49.47 52.4481 5.6714
    endloop
  endfacet
  facet normal 1 0 0
    outer loop
      vertex 49.47 52.3492 5.39509
      vertex 49.47 -17.53 4
      vertex 49.47 52.3348 5.29802
    endloop
  endfacet
  facet normal 1 0 0
    outer loop
      vertex 49.47 52.3731 5.49028
      vertex 49.47 -17.53 4
      vertex 49.47 52.3492 5.39509
    endloop
  endfacet
  facet normal 1 0 0
    outer loop
      vertex 49.47 -17.53 4
      vertex 49.47 52.3731 5.49028
      vertex 49.47 -17.53 28
    endloop
  endfacet
  facet normal 1 0 0
    outer loop
      vertex 49.47 52.4061 5.58268
      vertex 49.47 -17.53 28
      vertex 49.47 52.3731 5.49028
    endloop
  endfacet
  facet normal 1 0 0
    outer loop
      vertex 49.47 52.4481 5.6714
      vertex 49.47 -17.53 28
      vertex 49.47 52.4061 5.58268
    endloop
  endfacet
  facet normal 1 -0 0
    outer loop
      vertex 49.47 54.3252 5.10198
      vertex 49.47 61.73 4
      vertex 49.47 54.33 5.2
    endloop
  endfacet
  facet normal 1 -0 0
    outer loop
      vertex 49.47 54.3108 5.00491
      vertex 49.47 61.73 4
      vertex 49.47 54.3252 5.10198
    endloop
  endfacet
  facet normal 1 -0 0
    outer loop
      vertex 49.47 54.2869 4.90971
      vertex 49.47 61.73 4
      vertex 49.47 54.3108 5.00491
    endloop
  endfacet
  facet normal 1 -0 0
    outer loop
      vertex 49.47 54.2539 4.81732
      vertex 49.47 61.73 4
      vertex 49.47 54.2869 4.90971
    endloop
  endfacet
  facet normal 1 -0 0
    outer loop
      vertex 49.47 54.2119 4.7286
      vertex 49.47 61.73 4
      vertex 49.47 54.2539 4.81732
    endloop
  endfacet
  facet normal 1 -0 0
    outer loop
      vertex 49.47 54.1615 4.64443
      vertex 49.47 61.73 4
      vertex 49.47 54.2119 4.7286
    endloop
  endfacet
  facet normal 1 -0 0
    outer loop
      vertex 49.47 54.103 4.56561
      vertex 49.47 61.73 4
      vertex 49.47 54.1615 4.64443
    endloop
  endfacet
  facet normal 1 -0 0
    outer loop
      vertex 49.47 54.0371 4.49289
      vertex 49.47 61.73 4
      vertex 49.47 54.103 4.56561
    endloop
  endfacet
  facet normal 1 -0 0
    outer loop
      vertex 49.47 53.9644 4.42699
      vertex 49.47 61.73 4
      vertex 49.47 54.0371 4.49289
    endloop
  endfacet
  facet normal 1 -0 0
    outer loop
      vertex 49.47 53.8856 4.36853
      vertex 49.47 61.73 4
      vertex 49.47 53.9644 4.42699
    endloop
  endfacet
  facet normal 1 -0 0
    outer loop
      vertex 49.47 53.8014 4.31808
      vertex 49.47 61.73 4
      vertex 49.47 53.8856 4.36853
    endloop
  endfacet
  facet normal 1 -0 0
    outer loop
      vertex 49.47 53.7127 4.27612
      vertex 49.47 61.73 4
      vertex 49.47 53.8014 4.31808
    endloop
  endfacet
  facet normal 1 -0 0
    outer loop
      vertex 49.47 53.6203 4.24306
      vertex 49.47 61.73 4
      vertex 49.47 53.7127 4.27612
    endloop
  endfacet
  facet normal 1 -0 0
    outer loop
      vertex 49.47 53.5251 4.21921
      vertex 49.47 61.73 4
      vertex 49.47 53.6203 4.24306
    endloop
  endfacet
  facet normal 1 -0 0
    outer loop
      vertex 49.47 53.428 4.20481
      vertex 49.47 61.73 4
      vertex 49.47 53.5251 4.21921
    endloop
  endfacet
  facet normal 1 -0 0
    outer loop
      vertex 49.47 53.33 4.2
      vertex 49.47 61.73 4
      vertex 49.47 53.428 4.20481
    endloop
  endfacet
  facet normal 1 0 0
    outer loop
      vertex 49.47 52.3348 5.29802
      vertex 49.47 -17.53 4
      vertex 49.47 52.33 5.2
    endloop
  endfacet
  facet normal 1 0 0
    outer loop
      vertex 49.47 52.33 5.2
      vertex 49.47 -17.53 4
      vertex 49.47 52.3348 5.10198
    endloop
  endfacet
  facet normal 1 0 0
    outer loop
      vertex 49.47 52.3348 5.10198
      vertex 49.47 -17.53 4
      vertex 49.47 52.3492 5.00491
    endloop
  endfacet
  facet normal 1 0 0
    outer loop
      vertex 49.47 52.3492 5.00491
      vertex 49.47 -17.53 4
      vertex 49.47 52.3731 4.90971
    endloop
  endfacet
  facet normal 1 0 0
    outer loop
      vertex 49.47 52.3731 4.90971
      vertex 49.47 -17.53 4
      vertex 49.47 52.4061 4.81732
    endloop
  endfacet
  facet normal 1 0 0
    outer loop
      vertex 49.47 52.4061 4.81732
      vertex 49.47 -17.53 4
      vertex 49.47 52.4481 4.7286
    endloop
  endfacet
  facet normal 1 0 0
    outer loop
      vertex 49.47 52.4481 4.7286
      vertex 49.47 -17.53 4
      vertex 49.47 52.4985 4.64443
    endloop
  endfacet
  facet normal 1 0 0
    outer loop
      vertex 49.47 52.4985 4.64443
      vertex 49.47 -17.53 4
      vertex 49.47 52.557 4.56561
    endloop
  endfacet
  facet normal 1 0 0
    outer loop
      vertex 49.47 52.557 4.56561
      vertex 49.47 -17.53 4
      vertex 49.47 52.6229 4.49289
    endloop
  endfacet
  facet normal 1 0 0
    outer loop
      vertex 49.47 52.6229 4.49289
      vertex 49.47 -17.53 4
      vertex 49.47 52.6956 4.42699
    endloop
  endfacet
  facet normal 1 0 0
    outer loop
      vertex 49.47 52.6956 4.42699
      vertex 49.47 -17.53 4
      vertex 49.47 52.7744 4.36853
    endloop
  endfacet
  facet normal 1 0 0
    outer loop
      vertex 49.47 52.7744 4.36853
      vertex 49.47 -17.53 4
      vertex 49.47 52.8586 4.31808
    endloop
  endfacet
  facet normal 1 0 0
    outer loop
      vertex 49.47 52.8586 4.31808
      vertex 49.47 -17.53 4
      vertex 49.47 52.9473 4.27612
    endloop
  endfacet
  facet normal 1 0 0
    outer loop
      vertex 49.47 53.33 4.2
      vertex 49.47 -17.53 4
      vertex 49.47 61.73 4
    endloop
  endfacet
  facet normal 1 0 0
    outer loop
      vertex 49.47 53.232 4.20481
      vertex 49.47 -17.53 4
      vertex 49.47 53.33 4.2
    endloop
  endfacet
  facet normal 1 0 0
    outer loop
      vertex 49.47 53.1349 4.21921
      vertex 49.47 -17.53 4
      vertex 49.47 53.232 4.20481
    endloop
  endfacet
  facet normal 1 0 0
    outer loop
      vertex 49.47 53.0397 4.24306
      vertex 49.47 -17.53 4
      vertex 49.47 53.1349 4.21921
    endloop
  endfacet
  facet normal 1 0 0
    outer loop
      vertex 49.47 52.9473 4.27612
      vertex 49.47 -17.53 4
      vertex 49.47 53.0397 4.24306
    endloop
  endfacet
  facet normal -0 0 1
    outer loop
      vertex -44.2738 61.3671 28
      vertex -43.07 59.33 28
      vertex -44.244 61.4861 28
    endloop
  endfacet
  facet normal 0 0 1
    outer loop
      vertex -43.07 -15.13 28
      vertex -44.226 -17.4075 28
      vertex -44.22 -17.53 28
    endloop
  endfacet
  facet normal -0 0 1
    outer loop
      vertex -44.3152 61.2516 28
      vertex -43.07 59.33 28
      vertex -44.2738 61.3671 28
    endloop
  endfacet
  facet normal 0 0 1
    outer loop
      vertex -43.07 -15.13 28
      vertex -44.244 -17.2861 28
      vertex -44.226 -17.4075 28
    endloop
  endfacet
  facet normal -0 0 1
    outer loop
      vertex -44.3676 61.1408 28
      vertex -43.07 59.33 28
      vertex -44.3152 61.2516 28
    endloop
  endfacet
  facet normal 0 0 1
    outer loop
      vertex -43.07 -15.13 28
      vertex -44.2738 -17.1671 28
      vertex -44.244 -17.2861 28
    endloop
  endfacet
  facet normal -0 0 1
    outer loop
      vertex -44.4307 61.0355 28
      vertex -43.07 59.33 28
      vertex -44.3676 61.1408 28
    endloop
  endfacet
  facet normal 0 0 1
    outer loop
      vertex -43.07 -15.13 28
      vertex -44.3152 -17.0516 28
      vertex -44.2738 -17.1671 28
    endloop
  endfacet
  facet normal -0 0 1
    outer loop
      vertex -44.5037 60.937 28
      vertex -43.07 59.33 28
      vertex -44.4307 61.0355 28
    endloop
  endfacet
  facet normal 0 0 1
    outer loop
      vertex -43.07 -15.13 28
      vertex -44.3676 -16.9408 28
      vertex -44.3152 -17.0516 28
    endloop
  endfacet
  facet normal -0 0 1
    outer loop
      vertex -44.5861 60.8461 28
      vertex -43.07 59.33 28
      vertex -44.5037 60.937 28
    endloop
  endfacet
  facet normal 0 0 1
    outer loop
      vertex -43.07 -15.13 28
      vertex -44.4307 -16.8355 28
      vertex -44.3676 -16.9408 28
    endloop
  endfacet
  facet normal -0 0 1
    outer loop
      vertex -44.677 60.7637 28
      vertex -43.07 59.33 28
      vertex -44.5861 60.8461 28
    endloop
  endfacet
  facet normal 0 0 1
    outer loop
      vertex -43.07 -15.13 28
      vertex -44.5037 -16.737 28
      vertex -44.4307 -16.8355 28
    endloop
  endfacet
  facet normal -0 0 1
    outer loop
      vertex -44.7755 60.6907 28
      vertex -43.07 59.33 28
      vertex -44.677 60.7637 28
    endloop
  endfacet
  facet normal 0 0 1
    outer loop
      vertex -43.07 -15.13 28
      vertex -44.5861 -16.6461 28
      vertex -44.5037 -16.737 28
    endloop
  endfacet
  facet normal -0 0 1
    outer loop
      vertex -44.8808 60.6276 28
      vertex -43.07 59.33 28
      vertex -44.7755 60.6907 28
    endloop
  endfacet
  facet normal 0 0 1
    outer loop
      vertex -43.07 -15.13 28
      vertex -44.677 -16.5637 28
      vertex -44.5861 -16.6461 28
    endloop
  endfacet
  facet normal -0 0 1
    outer loop
      vertex -44.9916 60.5751 28
      vertex -43.07 59.33 28
      vertex -44.8808 60.6276 28
    endloop
  endfacet
  facet normal 0 0 1
    outer loop
      vertex -43.07 -15.13 28
      vertex -44.7755 -16.4907 28
      vertex -44.677 -16.5637 28
    endloop
  endfacet
  facet normal -0 0 1
    outer loop
      vertex -45.1071 60.5338 28
      vertex -43.07 59.33 28
      vertex -44.9916 60.5751 28
    endloop
  endfacet
  facet normal 0 0 1
    outer loop
      vertex -43.07 -15.13 28
      vertex -44.8808 -16.4276 28
      vertex -44.7755 -16.4907 28
    endloop
  endfacet
  facet normal -0 0 1
    outer loop
      vertex -45.2261 60.504 28
      vertex -43.07 59.33 28
      vertex -45.1071 60.5338 28
    endloop
  endfacet
  facet normal 0 0 1
    outer loop
      vertex -43.07 -15.13 28
      vertex -44.9916 -16.3751 28
      vertex -44.8808 -16.4276 28
    endloop
  endfacet
  facet normal -0 0 1
    outer loop
      vertex -45.3475 60.486 28
      vertex -43.07 59.33 28
      vertex -45.2261 60.504 28
    endloop
  endfacet
  facet normal 0 0 1
    outer loop
      vertex -43.07 -15.13 28
      vertex -45.1071 -16.3338 28
      vertex -44.9916 -16.3751 28
    endloop
  endfacet
  facet normal -0 0 1
    outer loop
      vertex -45.47 60.48 28
      vertex -43.07 59.33 28
      vertex -45.3475 60.486 28
    endloop
  endfacet
  facet normal 0 0 1
    outer loop
      vertex -43.07 -15.13 28
      vertex -45.2261 -16.304 28
      vertex -45.1071 -16.3338 28
    endloop
  endfacet
  facet normal 0 0 1
    outer loop
      vertex -45.5925 60.486 28
      vertex -43.07 59.33 28
      vertex -45.47 60.48 28
    endloop
  endfacet
  facet normal 0 0 1
    outer loop
      vertex -43.07 -15.13 28
      vertex -45.3475 -16.286 28
      vertex -45.2261 -16.304 28
    endloop
  endfacet
  facet normal 0 0 1
    outer loop
      vertex -45.7139 60.504 28
      vertex -43.07 59.33 28
      vertex -45.5925 60.486 28
    endloop
  endfacet
  facet normal 0 0 1
    outer loop
      vertex -43.07 -15.13 28
      vertex -45.47 -16.28 28
      vertex -45.3475 -16.286 28
    endloop
  endfacet
  facet normal 0 0 1
    outer loop
      vertex -45.8329 60.5338 28
      vertex -43.07 59.33 28
      vertex -45.7139 60.504 28
    endloop
  endfacet
  facet normal 0 0 1
    outer loop
      vertex -43.07 -15.13 28
      vertex -45.5925 -16.286 28
      vertex -45.47 -16.28 28
    endloop
  endfacet
  facet normal 0 0 1
    outer loop
      vertex -45.9484 60.5751 28
      vertex -43.07 59.33 28
      vertex -45.8329 60.5338 28
    endloop
  endfacet
  facet normal 0 0 1
    outer loop
      vertex -43.07 -15.13 28
      vertex -45.7139 -16.304 28
      vertex -45.5925 -16.286 28
    endloop
  endfacet
  facet normal 0 0 1
    outer loop
      vertex -43.07 59.33 28
      vertex -45.9484 60.5751 28
      vertex -43.07 -15.13 28
    endloop
  endfacet
  facet normal 0 0 1
    outer loop
      vertex -43.07 -15.13 28
      vertex -45.8329 -16.3338 28
      vertex -45.7139 -16.304 28
    endloop
  endfacet
  facet normal 0 0 1
    outer loop
      vertex -45.9484 -16.3751 28
      vertex -43.07 -15.13 28
      vertex -45.9484 60.5751 28
    endloop
  endfacet
  facet normal 0 0 1
    outer loop
      vertex -43.07 -15.13 28
      vertex -45.9484 -16.3751 28
      vertex -45.8329 -16.3338 28
    endloop
  endfacet
  facet normal 0 0 1
    outer loop
      vertex -49.47 61.73 28
      vertex -45.9484 60.5751 28
      vertex -46.0592 60.6276 28
    endloop
  endfacet
  facet normal 0 0 1
    outer loop
      vertex -45.9484 60.5751 28
      vertex -49.47 61.73 28
      vertex -45.9484 -16.3751 28
    endloop
  endfacet
  facet normal 0 0 1
    outer loop
      vertex -49.47 61.73 28
      vertex -46.0592 60.6276 28
      vertex -46.1645 60.6907 28
    endloop
  endfacet
  facet normal 0 0 1
    outer loop
      vertex -49.47 -17.53 28
      vertex -45.9484 -16.3751 28
      vertex -49.47 61.73 28
    endloop
  endfacet
  facet normal 0 0 1
    outer loop
      vertex -49.47 61.73 28
      vertex -46.1645 60.6907 28
      vertex -46.263 60.7637 28
    endloop
  endfacet
  facet normal 0 0 1
    outer loop
      vertex -45.9484 -16.3751 28
      vertex -49.47 -17.53 28
      vertex -46.0592 -16.4276 28
    endloop
  endfacet
  facet normal 0 0 1
    outer loop
      vertex -49.47 61.73 28
      vertex -46.263 60.7637 28
      vertex -46.3539 60.8461 28
    endloop
  endfacet
  facet normal 0 0 1
    outer loop
      vertex -46.0592 -16.4276 28
      vertex -49.47 -17.53 28
      vertex -46.1645 -16.4907 28
    endloop
  endfacet
  facet normal 0 0 1
    outer loop
      vertex -49.47 61.73 28
      vertex -46.3539 60.8461 28
      vertex -46.4363 60.937 28
    endloop
  endfacet
  facet normal 0 0 1
    outer loop
      vertex -46.1645 -16.4907 28
      vertex -49.47 -17.53 28
      vertex -46.263 -16.5637 28
    endloop
  endfacet
  facet normal 0 0 1
    outer loop
      vertex -49.47 61.73 28
      vertex -46.4363 60.937 28
      vertex -46.5093 61.0355 28
    endloop
  endfacet
  facet normal 0 0 1
    outer loop
      vertex -46.263 -16.5637 28
      vertex -49.47 -17.53 28
      vertex -46.3539 -16.6461 28
    endloop
  endfacet
  facet normal 0 0 1
    outer loop
      vertex -49.47 61.73 28
      vertex -46.5093 61.0355 28
      vertex -46.5724 61.1408 28
    endloop
  endfacet
  facet normal 0 0 1
    outer loop
      vertex -46.3539 -16.6461 28
      vertex -49.47 -17.53 28
      vertex -46.4363 -16.737 28
    endloop
  endfacet
  facet normal 0 0 1
    outer loop
      vertex -49.47 61.73 28
      vertex -46.5724 61.1408 28
      vertex -46.6248 61.2516 28
    endloop
  endfacet
  facet normal 0 0 1
    outer loop
      vertex -46.4363 -16.737 28
      vertex -49.47 -17.53 28
      vertex -46.5093 -16.8355 28
    endloop
  endfacet
  facet normal 0 0 1
    outer loop
      vertex -49.47 61.73 28
      vertex -46.6248 61.2516 28
      vertex -46.6662 61.3671 28
    endloop
  endfacet
  facet normal 0 0 1
    outer loop
      vertex -46.5093 -16.8355 28
      vertex -49.47 -17.53 28
      vertex -46.5724 -16.9408 28
    endloop
  endfacet
  facet normal 0 0 1
    outer loop
      vertex -49.47 61.73 28
      vertex -46.6662 61.3671 28
      vertex -46.696 61.4861 28
    endloop
  endfacet
  facet normal 0 0 1
    outer loop
      vertex -46.5724 -16.9408 28
      vertex -49.47 -17.53 28
      vertex -46.6248 -17.0516 28
    endloop
  endfacet
  facet normal 0 0 1
    outer loop
      vertex -49.47 61.73 28
      vertex -46.696 61.4861 28
      vertex -46.714 61.6075 28
    endloop
  endfacet
  facet normal 0 0 1
    outer loop
      vertex -46.6248 -17.0516 28
      vertex -49.47 -17.53 28
      vertex -46.6662 -17.1671 28
    endloop
  endfacet
  facet normal -0 0 1
    outer loop
      vertex -49.47 61.73 28
      vertex -46.714 61.6075 28
      vertex -46.72 61.73 28
    endloop
  endfacet
  facet normal 0 0 1
    outer loop
      vertex -46.6662 -17.1671 28
      vertex -49.47 -17.53 28
      vertex -46.696 -17.2861 28
    endloop
  endfacet
  facet normal 0 0 1
    outer loop
      vertex 46.6662 61.3671 28
      vertex 49.47 61.73 28
      vertex 46.696 61.4861 28
    endloop
  endfacet
  facet normal 0 0 1
    outer loop
      vertex 49.47 -17.53 28
      vertex 46.714 -17.4075 28
      vertex 46.72 -17.53 28
    endloop
  endfacet
  facet normal 0 0 1
    outer loop
      vertex 46.6248 61.2516 28
      vertex 49.47 61.73 28
      vertex 46.6662 61.3671 28
    endloop
  endfacet
  facet normal 0 0 1
    outer loop
      vertex 49.47 -17.53 28
      vertex 46.696 -17.2861 28
      vertex 46.714 -17.4075 28
    endloop
  endfacet
  facet normal 0 0 1
    outer loop
      vertex 46.5724 61.1408 28
      vertex 49.47 61.73 28
      vertex 46.6248 61.2516 28
    endloop
  endfacet
  facet normal 0 0 1
    outer loop
      vertex 49.47 -17.53 28
      vertex 46.6662 -17.1671 28
      vertex 46.696 -17.2861 28
    endloop
  endfacet
  facet normal 0 0 1
    outer loop
      vertex 46.5093 61.0355 28
      vertex 49.47 61.73 28
      vertex 46.5724 61.1408 28
    endloop
  endfacet
  facet normal 0 0 1
    outer loop
      vertex 49.47 -17.53 28
      vertex 46.6248 -17.0516 28
      vertex 46.6662 -17.1671 28
    endloop
  endfacet
  facet normal 0 0 1
    outer loop
      vertex 46.4363 60.937 28
      vertex 49.47 61.73 28
      vertex 46.5093 61.0355 28
    endloop
  endfacet
  facet normal 0 0 1
    outer loop
      vertex 49.47 -17.53 28
      vertex 46.5724 -16.9408 28
      vertex 46.6248 -17.0516 28
    endloop
  endfacet
  facet normal 0 0 1
    outer loop
      vertex 46.3539 60.8461 28
      vertex 49.47 61.73 28
      vertex 46.4363 60.937 28
    endloop
  endfacet
  facet normal 0 0 1
    outer loop
      vertex 49.47 -17.53 28
      vertex 46.5093 -16.8355 28
      vertex 46.5724 -16.9408 28
    endloop
  endfacet
  facet normal 0 0 1
    outer loop
      vertex 46.263 60.7637 28
      vertex 49.47 61.73 28
      vertex 46.3539 60.8461 28
    endloop
  endfacet
  facet normal 0 0 1
    outer loop
      vertex 49.47 -17.53 28
      vertex 46.4363 -16.737 28
      vertex 46.5093 -16.8355 28
    endloop
  endfacet
  facet normal 0 0 1
    outer loop
      vertex 46.1645 60.6907 28
      vertex 49.47 61.73 28
      vertex 46.263 60.7637 28
    endloop
  endfacet
  facet normal 0 0 1
    outer loop
      vertex 49.47 -17.53 28
      vertex 46.3539 -16.6461 28
      vertex 46.4363 -16.737 28
    endloop
  endfacet
  facet normal 0 0 1
    outer loop
      vertex 46.0592 60.6276 28
      vertex 49.47 61.73 28
      vertex 46.1645 60.6907 28
    endloop
  endfacet
  facet normal 0 0 1
    outer loop
      vertex 49.47 -17.53 28
      vertex 46.263 -16.5637 28
      vertex 46.3539 -16.6461 28
    endloop
  endfacet
  facet normal 0 0 1
    outer loop
      vertex 45.9484 60.5751 28
      vertex 49.47 61.73 28
      vertex 46.0592 60.6276 28
    endloop
  endfacet
  facet normal 0 0 1
    outer loop
      vertex 49.47 -17.53 28
      vertex 46.1645 -16.4907 28
      vertex 46.263 -16.5637 28
    endloop
  endfacet
  facet normal 0 0 1
    outer loop
      vertex 49.47 61.73 28
      vertex 45.9484 60.5751 28
      vertex 49.47 -17.53 28
    endloop
  endfacet
  facet normal 0 0 1
    outer loop
      vertex 49.47 -17.53 28
      vertex 46.0592 -16.4276 28
      vertex 46.1645 -16.4907 28
    endloop
  endfacet
  facet normal -0 0 1
    outer loop
      vertex 45.9484 -16.3751 28
      vertex 49.47 -17.53 28
      vertex 45.9484 60.5751 28
    endloop
  endfacet
  facet normal 0 0 1
    outer loop
      vertex 49.47 -17.53 28
      vertex 45.9484 -16.3751 28
      vertex 46.0592 -16.4276 28
    endloop
  endfacet
  facet normal 0 0 1
    outer loop
      vertex 43.07 59.33 28
      vertex 45.9484 60.5751 28
      vertex 45.8329 60.5338 28
    endloop
  endfacet
  facet normal 0 0 1
    outer loop
      vertex 45.9484 60.5751 28
      vertex 43.07 59.33 28
      vertex 45.9484 -16.3751 28
    endloop
  endfacet
  facet normal 0 0 1
    outer loop
      vertex 43.07 59.33 28
      vertex 45.8329 60.5338 28
      vertex 45.7139 60.504 28
    endloop
  endfacet
  facet normal -0 0 1
    outer loop
      vertex 43.07 -15.13 28
      vertex 45.9484 -16.3751 28
      vertex 43.07 59.33 28
    endloop
  endfacet
  facet normal 0 0 1
    outer loop
      vertex 43.07 59.33 28
      vertex 45.7139 60.504 28
      vertex 45.5925 60.486 28
    endloop
  endfacet
  facet normal 0 0 1
    outer loop
      vertex 45.9484 -16.3751 28
      vertex 43.07 -15.13 28
      vertex 45.8329 -16.3338 28
    endloop
  endfacet
  facet normal 0 0 1
    outer loop
      vertex 43.07 59.33 28
      vertex 45.5925 60.486 28
      vertex 45.47 60.48 28
    endloop
  endfacet
  facet normal 0 0 1
    outer loop
      vertex 45.8329 -16.3338 28
      vertex 43.07 -15.13 28
      vertex 45.7139 -16.304 28
    endloop
  endfacet
  facet normal 0 0 1
    outer loop
      vertex 43.07 59.33 28
      vertex 45.47 60.48 28
      vertex 45.3475 60.486 28
    endloop
  endfacet
  facet normal 0 0 1
    outer loop
      vertex 45.7139 -16.304 28
      vertex 43.07 -15.13 28
      vertex 45.5925 -16.286 28
    endloop
  endfacet
  facet normal 0 0 1
    outer loop
      vertex 43.07 59.33 28
      vertex 45.3475 60.486 28
      vertex 45.2261 60.504 28
    endloop
  endfacet
  facet normal 0 0 1
    outer loop
      vertex 45.5925 -16.286 28
      vertex 43.07 -15.13 28
      vertex 45.47 -16.28 28
    endloop
  endfacet
  facet normal 0 0 1
    outer loop
      vertex 43.07 59.33 28
      vertex 45.2261 60.504 28
      vertex 45.1071 60.5338 28
    endloop
  endfacet
  facet normal 0 0 1
    outer loop
      vertex 45.47 -16.28 28
      vertex 43.07 -15.13 28
      vertex 45.3475 -16.286 28
    endloop
  endfacet
  facet normal 0 0 1
    outer loop
      vertex 43.07 59.33 28
      vertex 45.1071 60.5338 28
      vertex 44.9916 60.5751 28
    endloop
  endfacet
  facet normal 0 0 1
    outer loop
      vertex 45.3475 -16.286 28
      vertex 43.07 -15.13 28
      vertex 45.2261 -16.304 28
    endloop
  endfacet
  facet normal 0 0 1
    outer loop
      vertex 43.07 59.33 28
      vertex 44.9916 60.5751 28
      vertex 44.8808 60.6276 28
    endloop
  endfacet
  facet normal 0 0 1
    outer loop
      vertex 45.2261 -16.304 28
      vertex 43.07 -15.13 28
      vertex 45.1071 -16.3338 28
    endloop
  endfacet
  facet normal 0 0 1
    outer loop
      vertex 43.07 59.33 28
      vertex 44.8808 60.6276 28
      vertex 44.7755 60.6907 28
    endloop
  endfacet
  facet normal 0 0 1
    outer loop
      vertex 45.1071 -16.3338 28
      vertex 43.07 -15.13 28
      vertex 44.9916 -16.3751 28
    endloop
  endfacet
  facet normal 0 0 1
    outer loop
      vertex 43.07 59.33 28
      vertex 44.7755 60.6907 28
      vertex 44.677 60.7637 28
    endloop
  endfacet
  facet normal 0 0 1
    outer loop
      vertex 44.9916 -16.3751 28
      vertex 43.07 -15.13 28
      vertex 44.8808 -16.4276 28
    endloop
  endfacet
  facet normal 0 0 1
    outer loop
      vertex 43.07 59.33 28
      vertex 44.677 60.7637 28
      vertex 44.5861 60.8461 28
    endloop
  endfacet
  facet normal 0 0 1
    outer loop
      vertex 44.8808 -16.4276 28
      vertex 43.07 -15.13 28
      vertex 44.7755 -16.4907 28
    endloop
  endfacet
  facet normal 0 0 1
    outer loop
      vertex 43.07 59.33 28
      vertex 44.5861 60.8461 28
      vertex 44.5037 60.937 28
    endloop
  endfacet
  facet normal 0 0 1
    outer loop
      vertex 44.7755 -16.4907 28
      vertex 43.07 -15.13 28
      vertex 44.677 -16.5637 28
    endloop
  endfacet
  facet normal 0 0 1
    outer loop
      vertex 43.07 59.33 28
      vertex 44.5037 60.937 28
      vertex 44.4307 61.0355 28
    endloop
  endfacet
  facet normal 0 0 1
    outer loop
      vertex 44.677 -16.5637 28
      vertex 43.07 -15.13 28
      vertex 44.5861 -16.6461 28
    endloop
  endfacet
  facet normal 0 0 1
    outer loop
      vertex 43.07 59.33 28
      vertex 44.4307 61.0355 28
      vertex 44.3676 61.1408 28
    endloop
  endfacet
  facet normal 0 0 1
    outer loop
      vertex 44.5861 -16.6461 28
      vertex 43.07 -15.13 28
      vertex 44.5037 -16.737 28
    endloop
  endfacet
  facet normal 0 0 1
    outer loop
      vertex 43.07 59.33 28
      vertex 44.3676 61.1408 28
      vertex 44.3152 61.2516 28
    endloop
  endfacet
  facet normal 0 0 1
    outer loop
      vertex 44.5037 -16.737 28
      vertex 43.07 -15.13 28
      vertex 44.4307 -16.8355 28
    endloop
  endfacet
  facet normal 0 0 1
    outer loop
      vertex 43.07 59.33 28
      vertex 44.3152 61.2516 28
      vertex 44.2738 61.3671 28
    endloop
  endfacet
  facet normal 0 0 1
    outer loop
      vertex 44.4307 -16.8355 28
      vertex 43.07 -15.13 28
      vertex 44.3676 -16.9408 28
    endloop
  endfacet
  facet normal 0 0 1
    outer loop
      vertex 43.07 59.33 28
      vertex 44.2738 61.3671 28
      vertex 44.244 61.4861 28
    endloop
  endfacet
  facet normal 0 0 1
    outer loop
      vertex 44.3676 -16.9408 28
      vertex 43.07 -15.13 28
      vertex 44.3152 -17.0516 28
    endloop
  endfacet
  facet normal 0 0 1
    outer loop
      vertex 43.07 59.33 28
      vertex 44.244 61.4861 28
      vertex 44.226 61.6075 28
    endloop
  endfacet
  facet normal 0 0 1
    outer loop
      vertex 44.3152 -17.0516 28
      vertex 43.07 -15.13 28
      vertex 44.2738 -17.1671 28
    endloop
  endfacet
  facet normal 0 0 1
    outer loop
      vertex 43.07 59.33 28
      vertex 44.226 61.6075 28
      vertex 44.22 61.73 28
    endloop
  endfacet
  facet normal 0 0 1
    outer loop
      vertex 44.2738 -17.1671 28
      vertex 43.07 -15.13 28
      vertex 44.244 -17.2861 28
    endloop
  endfacet
  facet normal 0 0 1
    outer loop
      vertex 46.72 61.73 28
      vertex 49.47 61.73 28
      vertex 49.4507 62.1221 28
    endloop
  endfacet
  facet normal 0 0 1
    outer loop
      vertex 46.714 61.6075 28
      vertex 49.47 61.73 28
      vertex 46.72 61.73 28
    endloop
  endfacet
  facet normal 0 0 1
    outer loop
      vertex 46.714 61.8525 28
      vertex 49.4507 62.1221 28
      vertex 49.3931 62.5104 28
    endloop
  endfacet
  facet normal 0 0 1
    outer loop
      vertex 46.696 61.4861 28
      vertex 49.47 61.73 28
      vertex 46.714 61.6075 28
    endloop
  endfacet
  facet normal 0 0 1
    outer loop
      vertex 46.696 61.9739 28
      vertex 49.3931 62.5104 28
      vertex 49.2978 62.8911 28
    endloop
  endfacet
  facet normal 0 0 1
    outer loop
      vertex 49.47 -17.53 28
      vertex 46.72 -17.53 28
      vertex 49.4507 -17.9221 28
    endloop
  endfacet
  facet normal 0 0 1
    outer loop
      vertex 46.6662 62.0929 28
      vertex 49.2978 62.8911 28
      vertex 49.1655 63.2607 28
    endloop
  endfacet
  facet normal -0 0 1
    outer loop
      vertex 46.714 -17.6525 28
      vertex 49.4507 -17.9221 28
      vertex 46.72 -17.53 28
    endloop
  endfacet
  facet normal 0 0 1
    outer loop
      vertex 46.6248 62.2084 28
      vertex 49.1655 63.2607 28
      vertex 48.9977 63.6156 28
    endloop
  endfacet
  facet normal 0 0 1
    outer loop
      vertex 49.4507 -17.9221 28
      vertex 46.714 -17.6525 28
      vertex 49.3931 -18.3104 28
    endloop
  endfacet
  facet normal 0 0 1
    outer loop
      vertex 46.5724 62.3192 28
      vertex 48.9977 63.6156 28
      vertex 48.7959 63.9523 28
    endloop
  endfacet
  facet normal -0 0 1
    outer loop
      vertex 46.696 -17.7739 28
      vertex 49.3931 -18.3104 28
      vertex 46.714 -17.6525 28
    endloop
  endfacet
  facet normal 0 0 1
    outer loop
      vertex 46.5093 62.4245 28
      vertex 48.7959 63.9523 28
      vertex 48.562 64.2676 28
    endloop
  endfacet
  facet normal 0 0 1
    outer loop
      vertex 49.3931 -18.3104 28
      vertex 46.696 -17.7739 28
      vertex 49.2978 -18.6911 28
    endloop
  endfacet
  facet normal 0 0 1
    outer loop
      vertex 46.4363 62.523 28
      vertex 48.562 64.2676 28
      vertex 48.2984 64.5584 28
    endloop
  endfacet
  facet normal -0 0 1
    outer loop
      vertex 46.6662 -17.8929 28
      vertex 49.2978 -18.6911 28
      vertex 46.696 -17.7739 28
    endloop
  endfacet
  facet normal 0 0 1
    outer loop
      vertex 46.3539 62.6139 28
      vertex 48.2984 64.5584 28
      vertex 48.0076 64.822 28
    endloop
  endfacet
  facet normal 0 0 1
    outer loop
      vertex 49.2978 -18.6911 28
      vertex 46.6662 -17.8929 28
      vertex 49.1655 -19.0607 28
    endloop
  endfacet
  facet normal 0 0 1
    outer loop
      vertex 46.263 62.6963 28
      vertex 48.0076 64.822 28
      vertex 47.6923 65.0559 28
    endloop
  endfacet
  facet normal -0 0 1
    outer loop
      vertex 46.6248 -18.0084 28
      vertex 49.1655 -19.0607 28
      vertex 46.6662 -17.8929 28
    endloop
  endfacet
  facet normal 0 0 1
    outer loop
      vertex 46.1645 62.7693 28
      vertex 47.6923 65.0559 28
      vertex 47.3556 65.2577 28
    endloop
  endfacet
  facet normal 0 0 1
    outer loop
      vertex 49.1655 -19.0607 28
      vertex 46.6248 -18.0084 28
      vertex 48.9977 -19.4156 28
    endloop
  endfacet
  facet normal 0 0 1
    outer loop
      vertex 46.0592 62.8324 28
      vertex 47.3556 65.2577 28
      vertex 47.0007 65.4255 28
    endloop
  endfacet
  facet normal -0 0 1
    outer loop
      vertex 46.5724 -18.1192 28
      vertex 48.9977 -19.4156 28
      vertex 46.6248 -18.0084 28
    endloop
  endfacet
  facet normal 0 0 1
    outer loop
      vertex 48.9977 -19.4156 28
      vertex 46.5724 -18.1192 28
      vertex 48.7959 -19.7523 28
    endloop
  endfacet
  facet normal 0 0 1
    outer loop
      vertex 49.4507 62.1221 28
      vertex 46.714 61.8525 28
      vertex 46.72 61.73 28
    endloop
  endfacet
  facet normal 0 0 1
    outer loop
      vertex 49.3931 62.5104 28
      vertex 46.696 61.9739 28
      vertex 46.714 61.8525 28
    endloop
  endfacet
  facet normal 0 0 1
    outer loop
      vertex 49.2978 62.8911 28
      vertex 46.6662 62.0929 28
      vertex 46.696 61.9739 28
    endloop
  endfacet
  facet normal 0 0 1
    outer loop
      vertex 45.9484 62.8848 28
      vertex 47.0007 65.4255 28
      vertex 46.6311 65.5578 28
    endloop
  endfacet
  facet normal 0 0 1
    outer loop
      vertex 49.1655 63.2607 28
      vertex 46.6248 62.2084 28
      vertex 46.6662 62.0929 28
    endloop
  endfacet
  facet normal 0 0 1
    outer loop
      vertex 48.9977 63.6156 28
      vertex 46.5724 62.3192 28
      vertex 46.6248 62.2084 28
    endloop
  endfacet
  facet normal 0 0 1
    outer loop
      vertex 48.7959 63.9523 28
      vertex 46.5093 62.4245 28
      vertex 46.5724 62.3192 28
    endloop
  endfacet
  facet normal 0 0 1
    outer loop
      vertex 48.562 64.2676 28
      vertex 46.4363 62.523 28
      vertex 46.5093 62.4245 28
    endloop
  endfacet
  facet normal 0 0 1
    outer loop
      vertex 48.2984 64.5584 28
      vertex 46.3539 62.6139 28
      vertex 46.4363 62.523 28
    endloop
  endfacet
  facet normal 0 0 1
    outer loop
      vertex 48.0076 64.822 28
      vertex 46.263 62.6963 28
      vertex 46.3539 62.6139 28
    endloop
  endfacet
  facet normal 0 0 1
    outer loop
      vertex 45.8329 62.9262 28
      vertex 46.6311 65.5578 28
      vertex 46.2504 65.6531 28
    endloop
  endfacet
  facet normal 0 0 1
    outer loop
      vertex 47.6923 65.0559 28
      vertex 46.1645 62.7693 28
      vertex 46.263 62.6963 28
    endloop
  endfacet
  facet normal 0 0 1
    outer loop
      vertex 47.3556 65.2577 28
      vertex 46.0592 62.8324 28
      vertex 46.1645 62.7693 28
    endloop
  endfacet
  facet normal 0 0 1
    outer loop
      vertex 47.0007 65.4255 28
      vertex 45.9484 62.8848 28
      vertex 46.0592 62.8324 28
    endloop
  endfacet
  facet normal 0 0 1
    outer loop
      vertex 45.7139 62.956 28
      vertex 46.2504 65.6531 28
      vertex 45.8621 65.7107 28
    endloop
  endfacet
  facet normal 0 0 1
    outer loop
      vertex 46.6311 65.5578 28
      vertex 45.8329 62.9262 28
      vertex 45.9484 62.8848 28
    endloop
  endfacet
  facet normal 0 0 1
    outer loop
      vertex 46.2504 65.6531 28
      vertex 45.7139 62.956 28
      vertex 45.8329 62.9262 28
    endloop
  endfacet
  facet normal 0 0 1
    outer loop
      vertex 45.8621 65.7107 28
      vertex 45.5925 62.974 28
      vertex 45.7139 62.956 28
    endloop
  endfacet
  facet normal 0 0 1
    outer loop
      vertex 45.47 65.73 28
      vertex 45.5925 62.974 28
      vertex 45.8621 65.7107 28
    endloop
  endfacet
  facet normal 0 0 1
    outer loop
      vertex 45.47 65.73 28
      vertex 45.47 62.98 28
      vertex 45.5925 62.974 28
    endloop
  endfacet
  facet normal 0 0 1
    outer loop
      vertex 45.47 65.73 28
      vertex 45.3475 62.974 28
      vertex 45.47 62.98 28
    endloop
  endfacet
  facet normal 0 0 1
    outer loop
      vertex 45.47 65.73 28
      vertex 45.2261 62.956 28
      vertex 45.3475 62.974 28
    endloop
  endfacet
  facet normal 0 0 1
    outer loop
      vertex 45.47 65.73 28
      vertex 45.1071 62.9262 28
      vertex 45.2261 62.956 28
    endloop
  endfacet
  facet normal 0 0 1
    outer loop
      vertex 45.47 65.73 28
      vertex 44.9916 62.8848 28
      vertex 45.1071 62.9262 28
    endloop
  endfacet
  facet normal 0 0 1
    outer loop
      vertex 45.47 65.73 28
      vertex 44.8808 62.8324 28
      vertex 44.9916 62.8848 28
    endloop
  endfacet
  facet normal 0 0 1
    outer loop
      vertex 45.47 65.73 28
      vertex 44.7755 62.7693 28
      vertex 44.8808 62.8324 28
    endloop
  endfacet
  facet normal 0 0 1
    outer loop
      vertex 45.47 65.73 28
      vertex 44.677 62.6963 28
      vertex 44.7755 62.7693 28
    endloop
  endfacet
  facet normal 0 0 1
    outer loop
      vertex 45.47 65.73 28
      vertex 44.5861 62.6139 28
      vertex 44.677 62.6963 28
    endloop
  endfacet
  facet normal 0 0 1
    outer loop
      vertex 45.47 65.73 28
      vertex 44.5037 62.523 28
      vertex 44.5861 62.6139 28
    endloop
  endfacet
  facet normal 0 0 1
    outer loop
      vertex 45.47 65.73 28
      vertex 44.4307 62.4245 28
      vertex 44.5037 62.523 28
    endloop
  endfacet
  facet normal 0 0 1
    outer loop
      vertex 45.47 65.73 28
      vertex 44.3676 62.3192 28
      vertex 44.4307 62.4245 28
    endloop
  endfacet
  facet normal 0 0 1
    outer loop
      vertex 45.47 65.73 28
      vertex 44.3152 62.2084 28
      vertex 44.3676 62.3192 28
    endloop
  endfacet
  facet normal 0 0 1
    outer loop
      vertex 43.07 59.33 28
      vertex 44.3152 62.2084 28
      vertex 45.47 65.73 28
    endloop
  endfacet
  facet normal 0 0 1
    outer loop
      vertex 44.244 -17.2861 28
      vertex 43.07 -15.13 28
      vertex 44.226 -17.4075 28
    endloop
  endfacet
  facet normal 0 0 1
    outer loop
      vertex 44.226 61.8525 28
      vertex 43.07 59.33 28
      vertex 44.22 61.73 28
    endloop
  endfacet
  facet normal 0 0 1
    outer loop
      vertex 44.244 61.9739 28
      vertex 43.07 59.33 28
      vertex 44.226 61.8525 28
    endloop
  endfacet
  facet normal 0 0 1
    outer loop
      vertex 44.2738 62.0929 28
      vertex 43.07 59.33 28
      vertex 44.244 61.9739 28
    endloop
  endfacet
  facet normal 0 0 1
    outer loop
      vertex 44.3152 62.2084 28
      vertex 43.07 59.33 28
      vertex 44.2738 62.0929 28
    endloop
  endfacet
  facet normal 0 0 1
    outer loop
      vertex 45.47 65.73 28
      vertex -43.07 59.33 28
      vertex 43.07 59.33 28
    endloop
  endfacet
  facet normal -0 0 1
    outer loop
      vertex -44.226 61.6075 28
      vertex -43.07 59.33 28
      vertex -44.22 61.73 28
    endloop
  endfacet
  facet normal -0 0 1
    outer loop
      vertex -45.47 65.73 28
      vertex -43.07 59.33 28
      vertex 45.47 65.73 28
    endloop
  endfacet
  facet normal 0 0 1
    outer loop
      vertex -43.07 59.33 28
      vertex -44.226 61.8525 28
      vertex -44.22 61.73 28
    endloop
  endfacet
  facet normal 0 0 1
    outer loop
      vertex -43.07 59.33 28
      vertex -44.244 61.9739 28
      vertex -44.226 61.8525 28
    endloop
  endfacet
  facet normal 0 0 1
    outer loop
      vertex -43.07 59.33 28
      vertex -44.2738 62.0929 28
      vertex -44.244 61.9739 28
    endloop
  endfacet
  facet normal 0 0 1
    outer loop
      vertex -43.07 59.33 28
      vertex -44.3152 62.2084 28
      vertex -44.2738 62.0929 28
    endloop
  endfacet
  facet normal 0 0 1
    outer loop
      vertex -43.07 59.33 28
      vertex -45.47 65.73 28
      vertex -44.3152 62.2084 28
    endloop
  endfacet
  facet normal 0 0 1
    outer loop
      vertex -44.3152 62.2084 28
      vertex -45.47 65.73 28
      vertex -44.3676 62.3192 28
    endloop
  endfacet
  facet normal 0 0 1
    outer loop
      vertex -44.3676 62.3192 28
      vertex -45.47 65.73 28
      vertex -44.4307 62.4245 28
    endloop
  endfacet
  facet normal 0 0 1
    outer loop
      vertex -44.4307 62.4245 28
      vertex -45.47 65.73 28
      vertex -44.5037 62.523 28
    endloop
  endfacet
  facet normal 0 0 1
    outer loop
      vertex -44.5037 62.523 28
      vertex -45.47 65.73 28
      vertex -44.5861 62.6139 28
    endloop
  endfacet
  facet normal 0 0 1
    outer loop
      vertex -44.5861 62.6139 28
      vertex -45.47 65.73 28
      vertex -44.677 62.6963 28
    endloop
  endfacet
  facet normal 0 0 1
    outer loop
      vertex -44.677 62.6963 28
      vertex -45.47 65.73 28
      vertex -44.7755 62.7693 28
    endloop
  endfacet
  facet normal 0 0 1
    outer loop
      vertex -44.7755 62.7693 28
      vertex -45.47 65.73 28
      vertex -44.8808 62.8324 28
    endloop
  endfacet
  facet normal 0 0 1
    outer loop
      vertex -44.8808 62.8324 28
      vertex -45.47 65.73 28
      vertex -44.9916 62.8848 28
    endloop
  endfacet
  facet normal 0 0 1
    outer loop
      vertex -44.9916 62.8848 28
      vertex -45.47 65.73 28
      vertex -45.1071 62.9262 28
    endloop
  endfacet
  facet normal 0 0 1
    outer loop
      vertex -45.1071 62.9262 28
      vertex -45.47 65.73 28
      vertex -45.2261 62.956 28
    endloop
  endfacet
  facet normal 0 0 1
    outer loop
      vertex -45.2261 62.956 28
      vertex -45.47 65.73 28
      vertex -45.3475 62.974 28
    endloop
  endfacet
  facet normal 0 0 1
    outer loop
      vertex -45.47 65.73 28
      vertex -45.47 62.98 28
      vertex -45.3475 62.974 28
    endloop
  endfacet
  facet normal 0 0 1
    outer loop
      vertex -45.47 65.73 28
      vertex -45.5925 62.974 28
      vertex -45.47 62.98 28
    endloop
  endfacet
  facet normal -0 0 1
    outer loop
      vertex -45.8621 65.7107 28
      vertex -45.5925 62.974 28
      vertex -45.47 65.73 28
    endloop
  endfacet
  facet normal 0 0 1
    outer loop
      vertex -45.5925 62.974 28
      vertex -45.8621 65.7107 28
      vertex -45.7139 62.956 28
    endloop
  endfacet
  facet normal -0 0 1
    outer loop
      vertex -46.2504 65.6531 28
      vertex -45.7139 62.956 28
      vertex -45.8621 65.7107 28
    endloop
  endfacet
  facet normal 0 0 1
    outer loop
      vertex -45.7139 62.956 28
      vertex -46.2504 65.6531 28
      vertex -45.8329 62.9262 28
    endloop
  endfacet
  facet normal -0 0 1
    outer loop
      vertex -46.6311 65.5578 28
      vertex -45.8329 62.9262 28
      vertex -46.2504 65.6531 28
    endloop
  endfacet
  facet normal 0 0 1
    outer loop
      vertex -45.8329 62.9262 28
      vertex -46.6311 65.5578 28
      vertex -45.9484 62.8848 28
    endloop
  endfacet
  facet normal -0 0 1
    outer loop
      vertex -47.0007 65.4255 28
      vertex -45.9484 62.8848 28
      vertex -46.6311 65.5578 28
    endloop
  endfacet
  facet normal 0 0 1
    outer loop
      vertex -45.9484 62.8848 28
      vertex -47.0007 65.4255 28
      vertex -46.0592 62.8324 28
    endloop
  endfacet
  facet normal -0 0 1
    outer loop
      vertex -47.3556 65.2577 28
      vertex -46.0592 62.8324 28
      vertex -47.0007 65.4255 28
    endloop
  endfacet
  facet normal 0 0 1
    outer loop
      vertex -46.0592 62.8324 28
      vertex -47.3556 65.2577 28
      vertex -46.1645 62.7693 28
    endloop
  endfacet
  facet normal -0 0 1
    outer loop
      vertex -47.6923 65.0559 28
      vertex -46.1645 62.7693 28
      vertex -47.3556 65.2577 28
    endloop
  endfacet
  facet normal 0 0 1
    outer loop
      vertex -46.1645 62.7693 28
      vertex -47.6923 65.0559 28
      vertex -46.263 62.6963 28
    endloop
  endfacet
  facet normal -0 0 1
    outer loop
      vertex -48.0076 64.822 28
      vertex -46.263 62.6963 28
      vertex -47.6923 65.0559 28
    endloop
  endfacet
  facet normal 0 0 1
    outer loop
      vertex -46.263 62.6963 28
      vertex -48.0076 64.822 28
      vertex -46.3539 62.6139 28
    endloop
  endfacet
  facet normal -0 0 1
    outer loop
      vertex -48.2984 64.5584 28
      vertex -46.3539 62.6139 28
      vertex -48.0076 64.822 28
    endloop
  endfacet
  facet normal 0 0 1
    outer loop
      vertex -46.3539 62.6139 28
      vertex -48.2984 64.5584 28
      vertex -46.4363 62.523 28
    endloop
  endfacet
  facet normal -0 0 1
    outer loop
      vertex -48.562 64.2676 28
      vertex -46.4363 62.523 28
      vertex -48.2984 64.5584 28
    endloop
  endfacet
  facet normal 0 0 1
    outer loop
      vertex -46.4363 62.523 28
      vertex -48.562 64.2676 28
      vertex -46.5093 62.4245 28
    endloop
  endfacet
  facet normal 0 0 1
    outer loop
      vertex -46.5093 62.4245 28
      vertex -48.7959 63.9523 28
      vertex -46.5724 62.3192 28
    endloop
  endfacet
  facet normal -0 0 1
    outer loop
      vertex -48.7959 63.9523 28
      vertex -46.5093 62.4245 28
      vertex -48.562 64.2676 28
    endloop
  endfacet
  facet normal -0 0 1
    outer loop
      vertex 46.5093 -18.2245 28
      vertex 48.7959 -19.7523 28
      vertex 46.5724 -18.1192 28
    endloop
  endfacet
  facet normal 0 0 1
    outer loop
      vertex 48.7959 -19.7523 28
      vertex 46.5093 -18.2245 28
      vertex 48.562 -20.0676 28
    endloop
  endfacet
  facet normal -0 0 1
    outer loop
      vertex 46.4363 -18.323 28
      vertex 48.562 -20.0676 28
      vertex 46.5093 -18.2245 28
    endloop
  endfacet
  facet normal 0 0 1
    outer loop
      vertex 48.562 -20.0676 28
      vertex 46.4363 -18.323 28
      vertex 48.2984 -20.3584 28
    endloop
  endfacet
  facet normal -0 0 1
    outer loop
      vertex 46.3539 -18.4139 28
      vertex 48.2984 -20.3584 28
      vertex 46.4363 -18.323 28
    endloop
  endfacet
  facet normal 0 0 1
    outer loop
      vertex 48.2984 -20.3584 28
      vertex 46.3539 -18.4139 28
      vertex 48.0076 -20.622 28
    endloop
  endfacet
  facet normal -0 0 1
    outer loop
      vertex 46.263 -18.4963 28
      vertex 48.0076 -20.622 28
      vertex 46.3539 -18.4139 28
    endloop
  endfacet
  facet normal 0 0 1
    outer loop
      vertex 48.0076 -20.622 28
      vertex 46.263 -18.4963 28
      vertex 47.6923 -20.8559 28
    endloop
  endfacet
  facet normal -0 0 1
    outer loop
      vertex 46.1645 -18.5693 28
      vertex 47.6923 -20.8559 28
      vertex 46.263 -18.4963 28
    endloop
  endfacet
  facet normal 0 0 1
    outer loop
      vertex 47.6923 -20.8559 28
      vertex 46.1645 -18.5693 28
      vertex 47.3556 -21.0577 28
    endloop
  endfacet
  facet normal -0 0 1
    outer loop
      vertex 46.0592 -18.6324 28
      vertex 47.3556 -21.0577 28
      vertex 46.1645 -18.5693 28
    endloop
  endfacet
  facet normal 0 0 1
    outer loop
      vertex 47.3556 -21.0577 28
      vertex 46.0592 -18.6324 28
      vertex 47.0007 -21.2255 28
    endloop
  endfacet
  facet normal -0 0 1
    outer loop
      vertex 45.9484 -18.6848 28
      vertex 47.0007 -21.2255 28
      vertex 46.0592 -18.6324 28
    endloop
  endfacet
  facet normal 0 0 1
    outer loop
      vertex 47.0007 -21.2255 28
      vertex 45.9484 -18.6848 28
      vertex 46.6311 -21.3578 28
    endloop
  endfacet
  facet normal -0 0 1
    outer loop
      vertex 45.8329 -18.7262 28
      vertex 46.6311 -21.3578 28
      vertex 45.9484 -18.6848 28
    endloop
  endfacet
  facet normal 0 0 1
    outer loop
      vertex 46.6311 -21.3578 28
      vertex 45.8329 -18.7262 28
      vertex 46.2504 -21.4531 28
    endloop
  endfacet
  facet normal -0 0 1
    outer loop
      vertex 45.7139 -18.756 28
      vertex 46.2504 -21.4531 28
      vertex 45.8329 -18.7262 28
    endloop
  endfacet
  facet normal 0 0 1
    outer loop
      vertex 46.2504 -21.4531 28
      vertex 45.7139 -18.756 28
      vertex 45.8621 -21.5107 28
    endloop
  endfacet
  facet normal -0 0 1
    outer loop
      vertex 45.5925 -18.774 28
      vertex 45.8621 -21.5107 28
      vertex 45.7139 -18.756 28
    endloop
  endfacet
  facet normal -0 0 1
    outer loop
      vertex 45.47 -18.78 28
      vertex 45.8621 -21.5107 28
      vertex 45.5925 -18.774 28
    endloop
  endfacet
  facet normal 0 0 1
    outer loop
      vertex 45.47 -18.78 28
      vertex 45.47 -21.53 28
      vertex 45.8621 -21.5107 28
    endloop
  endfacet
  facet normal 0 0 1
    outer loop
      vertex 45.3475 -18.774 28
      vertex 45.47 -21.53 28
      vertex 45.47 -18.78 28
    endloop
  endfacet
  facet normal 0 0 1
    outer loop
      vertex 45.2261 -18.756 28
      vertex 45.47 -21.53 28
      vertex 45.3475 -18.774 28
    endloop
  endfacet
  facet normal 0 0 1
    outer loop
      vertex 45.1071 -18.7262 28
      vertex 45.47 -21.53 28
      vertex 45.2261 -18.756 28
    endloop
  endfacet
  facet normal 0 0 1
    outer loop
      vertex 44.9916 -18.6848 28
      vertex 45.47 -21.53 28
      vertex 45.1071 -18.7262 28
    endloop
  endfacet
  facet normal 0 0 1
    outer loop
      vertex 44.8808 -18.6324 28
      vertex 45.47 -21.53 28
      vertex 44.9916 -18.6848 28
    endloop
  endfacet
  facet normal 0 0 1
    outer loop
      vertex 44.7755 -18.5693 28
      vertex 45.47 -21.53 28
      vertex 44.8808 -18.6324 28
    endloop
  endfacet
  facet normal 0 0 1
    outer loop
      vertex 44.677 -18.4963 28
      vertex 45.47 -21.53 28
      vertex 44.7755 -18.5693 28
    endloop
  endfacet
  facet normal 0 0 1
    outer loop
      vertex 44.5861 -18.4139 28
      vertex 45.47 -21.53 28
      vertex 44.677 -18.4963 28
    endloop
  endfacet
  facet normal 0 0 1
    outer loop
      vertex 44.5037 -18.323 28
      vertex 45.47 -21.53 28
      vertex 44.5861 -18.4139 28
    endloop
  endfacet
  facet normal 0 0 1
    outer loop
      vertex 44.4307 -18.2245 28
      vertex 45.47 -21.53 28
      vertex 44.5037 -18.323 28
    endloop
  endfacet
  facet normal 0 0 1
    outer loop
      vertex 44.3676 -18.1192 28
      vertex 45.47 -21.53 28
      vertex 44.4307 -18.2245 28
    endloop
  endfacet
  facet normal 0 0 1
    outer loop
      vertex 44.3152 -18.0084 28
      vertex 45.47 -21.53 28
      vertex 44.3676 -18.1192 28
    endloop
  endfacet
  facet normal 0 0 1
    outer loop
      vertex 43.07 -15.13 28
      vertex 44.3152 -18.0084 28
      vertex 44.2738 -17.8929 28
    endloop
  endfacet
  facet normal 0 0 1
    outer loop
      vertex 44.226 -17.4075 28
      vertex 43.07 -15.13 28
      vertex 44.22 -17.53 28
    endloop
  endfacet
  facet normal 0 0 1
    outer loop
      vertex 43.07 -15.13 28
      vertex 44.226 -17.6525 28
      vertex 44.22 -17.53 28
    endloop
  endfacet
  facet normal 0 0 1
    outer loop
      vertex 43.07 -15.13 28
      vertex 44.244 -17.7739 28
      vertex 44.226 -17.6525 28
    endloop
  endfacet
  facet normal 0 0 1
    outer loop
      vertex 43.07 -15.13 28
      vertex 44.2738 -17.8929 28
      vertex 44.244 -17.7739 28
    endloop
  endfacet
  facet normal 0 0 1
    outer loop
      vertex 44.3152 -18.0084 28
      vertex 43.07 -15.13 28
      vertex 45.47 -21.53 28
    endloop
  endfacet
  facet normal -0 0 1
    outer loop
      vertex -43.07 -15.13 28
      vertex 45.47 -21.53 28
      vertex 43.07 -15.13 28
    endloop
  endfacet
  facet normal -0 0 1
    outer loop
      vertex -44.244 61.4861 28
      vertex -43.07 59.33 28
      vertex -44.226 61.6075 28
    endloop
  endfacet
  facet normal 0 0 1
    outer loop
      vertex -44.226 -17.6525 28
      vertex -43.07 -15.13 28
      vertex -44.22 -17.53 28
    endloop
  endfacet
  facet normal 0 0 1
    outer loop
      vertex -44.244 -17.7739 28
      vertex -43.07 -15.13 28
      vertex -44.226 -17.6525 28
    endloop
  endfacet
  facet normal 0 0 1
    outer loop
      vertex -44.2738 -17.8929 28
      vertex -43.07 -15.13 28
      vertex -44.244 -17.7739 28
    endloop
  endfacet
  facet normal 0 0 1
    outer loop
      vertex -44.3152 -18.0084 28
      vertex -43.07 -15.13 28
      vertex -44.2738 -17.8929 28
    endloop
  endfacet
  facet normal 0 0 1
    outer loop
      vertex -45.47 -21.53 28
      vertex -43.07 -15.13 28
      vertex -44.3152 -18.0084 28
    endloop
  endfacet
  facet normal 0 0 1
    outer loop
      vertex -45.47 -21.53 28
      vertex -44.3152 -18.0084 28
      vertex -44.3676 -18.1192 28
    endloop
  endfacet
  facet normal 0 0 1
    outer loop
      vertex -45.47 -21.53 28
      vertex -44.3676 -18.1192 28
      vertex -44.4307 -18.2245 28
    endloop
  endfacet
  facet normal 0 0 1
    outer loop
      vertex -45.47 -21.53 28
      vertex -44.4307 -18.2245 28
      vertex -44.5037 -18.323 28
    endloop
  endfacet
  facet normal 0 0 1
    outer loop
      vertex -45.47 -21.53 28
      vertex -44.5037 -18.323 28
      vertex -44.5861 -18.4139 28
    endloop
  endfacet
  facet normal 0 0 1
    outer loop
      vertex -45.47 -21.53 28
      vertex -44.5861 -18.4139 28
      vertex -44.677 -18.4963 28
    endloop
  endfacet
  facet normal 0 0 1
    outer loop
      vertex -45.47 -21.53 28
      vertex -44.677 -18.4963 28
      vertex -44.7755 -18.5693 28
    endloop
  endfacet
  facet normal 0 0 1
    outer loop
      vertex -45.47 -21.53 28
      vertex -44.7755 -18.5693 28
      vertex -44.8808 -18.6324 28
    endloop
  endfacet
  facet normal 0 0 1
    outer loop
      vertex -45.47 -21.53 28
      vertex -44.8808 -18.6324 28
      vertex -44.9916 -18.6848 28
    endloop
  endfacet
  facet normal 0 0 1
    outer loop
      vertex -45.47 -21.53 28
      vertex -44.9916 -18.6848 28
      vertex -45.1071 -18.7262 28
    endloop
  endfacet
  facet normal 0 0 1
    outer loop
      vertex -45.47 -21.53 28
      vertex -45.1071 -18.7262 28
      vertex -45.2261 -18.756 28
    endloop
  endfacet
  facet normal 0 0 1
    outer loop
      vertex -45.47 -21.53 28
      vertex -45.2261 -18.756 28
      vertex -45.3475 -18.774 28
    endloop
  endfacet
  facet normal 0 0 1
    outer loop
      vertex -45.47 -21.53 28
      vertex -45.3475 -18.774 28
      vertex -45.47 -18.78 28
    endloop
  endfacet
  facet normal 0 0 1
    outer loop
      vertex -43.07 -15.13 28
      vertex -45.47 -21.53 28
      vertex 45.47 -21.53 28
    endloop
  endfacet
  facet normal 0 0 1
    outer loop
      vertex -45.5925 -18.774 28
      vertex -45.47 -21.53 28
      vertex -45.47 -18.78 28
    endloop
  endfacet
  facet normal 0 0 1
    outer loop
      vertex -45.8621 -21.5107 28
      vertex -45.5925 -18.774 28
      vertex -45.7139 -18.756 28
    endloop
  endfacet
  facet normal 0 0 1
    outer loop
      vertex -46.2504 -21.4531 28
      vertex -45.7139 -18.756 28
      vertex -45.8329 -18.7262 28
    endloop
  endfacet
  facet normal 0 0 1
    outer loop
      vertex -45.5925 -18.774 28
      vertex -45.8621 -21.5107 28
      vertex -45.47 -21.53 28
    endloop
  endfacet
  facet normal 0 0 1
    outer loop
      vertex -46.6311 -21.3578 28
      vertex -45.8329 -18.7262 28
      vertex -45.9484 -18.6848 28
    endloop
  endfacet
  facet normal 0 0 1
    outer loop
      vertex -47.0007 -21.2255 28
      vertex -45.9484 -18.6848 28
      vertex -46.0592 -18.6324 28
    endloop
  endfacet
  facet normal 0 0 1
    outer loop
      vertex -47.3556 -21.0577 28
      vertex -46.0592 -18.6324 28
      vertex -46.1645 -18.5693 28
    endloop
  endfacet
  facet normal 0 0 1
    outer loop
      vertex -45.7139 -18.756 28
      vertex -46.2504 -21.4531 28
      vertex -45.8621 -21.5107 28
    endloop
  endfacet
  facet normal 0 0 1
    outer loop
      vertex -47.6923 -20.8559 28
      vertex -46.1645 -18.5693 28
      vertex -46.263 -18.4963 28
    endloop
  endfacet
  facet normal 0 0 1
    outer loop
      vertex -48.0076 -20.622 28
      vertex -46.263 -18.4963 28
      vertex -46.3539 -18.4139 28
    endloop
  endfacet
  facet normal 0 0 1
    outer loop
      vertex -48.2984 -20.3584 28
      vertex -46.3539 -18.4139 28
      vertex -46.4363 -18.323 28
    endloop
  endfacet
  facet normal 0 0 1
    outer loop
      vertex -48.562 -20.0676 28
      vertex -46.4363 -18.323 28
      vertex -46.5093 -18.2245 28
    endloop
  endfacet
  facet normal 0 0 1
    outer loop
      vertex -48.7959 -19.7523 28
      vertex -46.5093 -18.2245 28
      vertex -46.5724 -18.1192 28
    endloop
  endfacet
  facet normal 0 0 1
    outer loop
      vertex -48.9977 -19.4156 28
      vertex -46.5724 -18.1192 28
      vertex -46.6248 -18.0084 28
    endloop
  endfacet
  facet normal 0 0 1
    outer loop
      vertex -45.8329 -18.7262 28
      vertex -46.6311 -21.3578 28
      vertex -46.2504 -21.4531 28
    endloop
  endfacet
  facet normal 0 0 1
    outer loop
      vertex -49.1655 -19.0607 28
      vertex -46.6248 -18.0084 28
      vertex -46.6662 -17.8929 28
    endloop
  endfacet
  facet normal 0 0 1
    outer loop
      vertex -49.2978 -18.6911 28
      vertex -46.6662 -17.8929 28
      vertex -46.696 -17.7739 28
    endloop
  endfacet
  facet normal 0 0 1
    outer loop
      vertex -49.3931 -18.3104 28
      vertex -46.696 -17.7739 28
      vertex -46.714 -17.6525 28
    endloop
  endfacet
  facet normal 0 0 1
    outer loop
      vertex -49.4507 -17.9221 28
      vertex -46.714 -17.6525 28
      vertex -46.72 -17.53 28
    endloop
  endfacet
  facet normal 0 0 1
    outer loop
      vertex -45.9484 -18.6848 28
      vertex -47.0007 -21.2255 28
      vertex -46.6311 -21.3578 28
    endloop
  endfacet
  facet normal 0 0 1
    outer loop
      vertex -46.696 -17.2861 28
      vertex -49.47 -17.53 28
      vertex -46.714 -17.4075 28
    endloop
  endfacet
  facet normal -0 0 1
    outer loop
      vertex -48.9977 63.6156 28
      vertex -46.5724 62.3192 28
      vertex -48.7959 63.9523 28
    endloop
  endfacet
  facet normal 0 0 1
    outer loop
      vertex -46.714 -17.4075 28
      vertex -49.47 -17.53 28
      vertex -46.72 -17.53 28
    endloop
  endfacet
  facet normal 0 0 1
    outer loop
      vertex -46.5724 62.3192 28
      vertex -48.9977 63.6156 28
      vertex -46.6248 62.2084 28
    endloop
  endfacet
  facet normal 0 -0 1
    outer loop
      vertex -49.4507 -17.9221 28
      vertex -46.72 -17.53 28
      vertex -49.47 -17.53 28
    endloop
  endfacet
  facet normal -0 0 1
    outer loop
      vertex -49.1655 63.2607 28
      vertex -46.6248 62.2084 28
      vertex -48.9977 63.6156 28
    endloop
  endfacet
  facet normal 0 0 1
    outer loop
      vertex -46.0592 -18.6324 28
      vertex -47.3556 -21.0577 28
      vertex -47.0007 -21.2255 28
    endloop
  endfacet
  facet normal 0 0 1
    outer loop
      vertex -46.6248 62.2084 28
      vertex -49.1655 63.2607 28
      vertex -46.6662 62.0929 28
    endloop
  endfacet
  facet normal 0 0 1
    outer loop
      vertex -46.1645 -18.5693 28
      vertex -47.6923 -20.8559 28
      vertex -47.3556 -21.0577 28
    endloop
  endfacet
  facet normal -0 0 1
    outer loop
      vertex -49.2978 62.8911 28
      vertex -46.6662 62.0929 28
      vertex -49.1655 63.2607 28
    endloop
  endfacet
  facet normal 0 0 1
    outer loop
      vertex -46.263 -18.4963 28
      vertex -48.0076 -20.622 28
      vertex -47.6923 -20.8559 28
    endloop
  endfacet
  facet normal 0 0 1
    outer loop
      vertex -46.6662 62.0929 28
      vertex -49.2978 62.8911 28
      vertex -46.696 61.9739 28
    endloop
  endfacet
  facet normal 0 0 1
    outer loop
      vertex -46.3539 -18.4139 28
      vertex -48.2984 -20.3584 28
      vertex -48.0076 -20.622 28
    endloop
  endfacet
  facet normal -0 0 1
    outer loop
      vertex -49.3931 62.5104 28
      vertex -46.696 61.9739 28
      vertex -49.2978 62.8911 28
    endloop
  endfacet
  facet normal 0 0 1
    outer loop
      vertex -46.4363 -18.323 28
      vertex -48.562 -20.0676 28
      vertex -48.2984 -20.3584 28
    endloop
  endfacet
  facet normal 0 0 1
    outer loop
      vertex -46.696 61.9739 28
      vertex -49.3931 62.5104 28
      vertex -46.714 61.8525 28
    endloop
  endfacet
  facet normal 0 0 1
    outer loop
      vertex -46.5093 -18.2245 28
      vertex -48.7959 -19.7523 28
      vertex -48.562 -20.0676 28
    endloop
  endfacet
  facet normal -0 0 1
    outer loop
      vertex -49.4507 62.1221 28
      vertex -46.714 61.8525 28
      vertex -49.3931 62.5104 28
    endloop
  endfacet
  facet normal 0 0 1
    outer loop
      vertex -46.5724 -18.1192 28
      vertex -48.9977 -19.4156 28
      vertex -48.7959 -19.7523 28
    endloop
  endfacet
  facet normal 0 0 1
    outer loop
      vertex -46.714 61.8525 28
      vertex -49.4507 62.1221 28
      vertex -46.72 61.73 28
    endloop
  endfacet
  facet normal 0 0 1
    outer loop
      vertex -46.6248 -18.0084 28
      vertex -49.1655 -19.0607 28
      vertex -48.9977 -19.4156 28
    endloop
  endfacet
  facet normal 0 0 1
    outer loop
      vertex -46.72 61.73 28
      vertex -49.4507 62.1221 28
      vertex -49.47 61.73 28
    endloop
  endfacet
  facet normal 0 0 1
    outer loop
      vertex -46.6662 -17.8929 28
      vertex -49.2978 -18.6911 28
      vertex -49.1655 -19.0607 28
    endloop
  endfacet
  facet normal 0 0 1
    outer loop
      vertex -46.696 -17.7739 28
      vertex -49.3931 -18.3104 28
      vertex -49.2978 -18.6911 28
    endloop
  endfacet
  facet normal 0 0 1
    outer loop
      vertex -46.714 -17.6525 28
      vertex -49.4507 -17.9221 28
      vertex -49.3931 -18.3104 28
    endloop
  endfacet
  facet normal -0.9415 0.337014 0
    outer loop
      vertex -49.2978 62.8911 4
      vertex -49.1655 63.2607 28
      vertex -49.1655 63.2607 4
    endloop
  endfacet
  facet normal -0.9415 0.337014 0
    outer loop
      vertex -49.1655 63.2607 28
      vertex -49.2978 62.8911 4
      vertex -49.2978 62.8911 28
    endloop
  endfacet
  facet normal 0.595794 -0.803137 0
    outer loop
      vertex 47.6923 -20.8559 4
      vertex 48.0076 -20.622 28
      vertex 47.6923 -20.8559 28
    endloop
  endfacet
  facet normal 0.595794 -0.803137 0
    outer loop
      vertex 48.0076 -20.622 28
      vertex 47.6923 -20.8559 4
      vertex 48.0076 -20.622 4
    endloop
  endfacet
  facet normal -0.970068 -0.242835 0
    outer loop
      vertex -49.2978 -18.6911 4
      vertex -49.3931 -18.3104 28
      vertex -49.3931 -18.3104 4
    endloop
  endfacet
  facet normal -0.970068 -0.242835 0
    outer loop
      vertex -49.3931 -18.3104 28
      vertex -49.2978 -18.6911 4
      vertex -49.2978 -18.6911 28
    endloop
  endfacet
  facet normal -0.146733 -0.989176 0
    outer loop
      vertex -46.2504 -21.4531 4
      vertex -45.8621 -21.5107 28
      vertex -46.2504 -21.4531 28
    endloop
  endfacet
  facet normal -0.146733 -0.989176 -0
    outer loop
      vertex -45.8621 -21.5107 28
      vertex -46.2504 -21.4531 4
      vertex -45.8621 -21.5107 4
    endloop
  endfacet
  facet normal 0.85774 0.514084 0
    outer loop
      vertex 48.9977 63.6156 28
      vertex 48.7959 63.9523 4
      vertex 48.7959 63.9523 28
    endloop
  endfacet
  facet normal 0.85774 0.514084 0
    outer loop
      vertex 48.7959 63.9523 4
      vertex 48.9977 63.6156 28
      vertex 48.9977 63.6156 4
    endloop
  endfacet
  facet normal 0.146733 -0.989176 0
    outer loop
      vertex 45.8621 -21.5107 4
      vertex 46.2504 -21.4531 28
      vertex 45.8621 -21.5107 28
    endloop
  endfacet
  facet normal 0.146733 -0.989176 0
    outer loop
      vertex 46.2504 -21.4531 28
      vertex 45.8621 -21.5107 4
      vertex 46.2504 -21.4531 4
    endloop
  endfacet
  facet normal 0.0491626 0.998791 -0
    outer loop
      vertex 45.8621 65.7107 4
      vertex 45.47 65.73 28
      vertex 45.8621 65.7107 28
    endloop
  endfacet
  facet normal 0.0491626 0.998791 0
    outer loop
      vertex 45.47 65.73 28
      vertex 45.8621 65.7107 4
      vertex 45.47 65.73 4
    endloop
  endfacet
  facet normal 0.42744 0.904044 -0
    outer loop
      vertex 47.3556 65.2577 4
      vertex 47.0007 65.4255 28
      vertex 47.3556 65.2577 28
    endloop
  endfacet
  facet normal 0.42744 0.904044 0
    outer loop
      vertex 47.0007 65.4255 28
      vertex 47.3556 65.2577 4
      vertex 47.0007 65.4255 4
    endloop
  endfacet
  facet normal 0.998791 0.0491626 0
    outer loop
      vertex 49.47 61.73 28
      vertex 49.4507 62.1221 4
      vertex 49.4507 62.1221 28
    endloop
  endfacet
  facet normal 0.998791 0.0491626 0
    outer loop
      vertex 49.4507 62.1221 4
      vertex 49.47 61.73 28
      vertex 49.47 61.73 4
    endloop
  endfacet
  facet normal 0.242835 -0.970068 0
    outer loop
      vertex 46.2504 -21.4531 4
      vertex 46.6311 -21.3578 28
      vertex 46.2504 -21.4531 28
    endloop
  endfacet
  facet normal 0.242835 -0.970068 0
    outer loop
      vertex 46.6311 -21.3578 28
      vertex 46.2504 -21.4531 4
      vertex 46.6311 -21.3578 4
    endloop
  endfacet
  facet normal 0.989176 -0.146733 0
    outer loop
      vertex 49.3931 -18.3104 28
      vertex 49.4507 -17.9221 4
      vertex 49.4507 -17.9221 28
    endloop
  endfacet
  facet normal 0.989176 -0.146733 0
    outer loop
      vertex 49.4507 -17.9221 4
      vertex 49.3931 -18.3104 28
      vertex 49.3931 -18.3104 4
    endloop
  endfacet
  facet normal 0.242835 0.970068 -0
    outer loop
      vertex 46.6311 65.5578 4
      vertex 46.2504 65.6531 28
      vertex 46.6311 65.5578 28
    endloop
  endfacet
  facet normal 0.242835 0.970068 0
    outer loop
      vertex 46.2504 65.6531 28
      vertex 46.6311 65.5578 4
      vertex 46.2504 65.6531 4
    endloop
  endfacet
  facet normal -0.740908 -0.671607 0
    outer loop
      vertex -48.2984 -20.3584 4
      vertex -48.562 -20.0676 28
      vertex -48.562 -20.0676 4
    endloop
  endfacet
  facet normal -0.740908 -0.671607 0
    outer loop
      vertex -48.562 -20.0676 28
      vertex -48.2984 -20.3584 4
      vertex -48.2984 -20.3584 28
    endloop
  endfacet
  facet normal -0.970068 0.242835 0
    outer loop
      vertex -49.3931 62.5104 4
      vertex -49.2978 62.8911 28
      vertex -49.2978 62.8911 4
    endloop
  endfacet
  facet normal -0.970068 0.242835 0
    outer loop
      vertex -49.2978 62.8911 28
      vertex -49.3931 62.5104 4
      vertex -49.3931 62.5104 28
    endloop
  endfacet
  facet normal -0.671607 0.740908 0
    outer loop
      vertex -48.0076 64.822 4
      vertex -48.2984 64.5584 28
      vertex -48.0076 64.822 28
    endloop
  endfacet
  facet normal -0.671607 0.740908 0
    outer loop
      vertex -48.2984 64.5584 28
      vertex -48.0076 64.822 4
      vertex -48.2984 64.5584 4
    endloop
  endfacet
  facet normal -0.803137 -0.595794 0
    outer loop
      vertex -48.562 -20.0676 4
      vertex -48.7959 -19.7523 28
      vertex -48.7959 -19.7523 4
    endloop
  endfacet
  facet normal -0.803137 -0.595794 0
    outer loop
      vertex -48.7959 -19.7523 28
      vertex -48.562 -20.0676 4
      vertex -48.562 -20.0676 28
    endloop
  endfacet
  facet normal 0.970068 -0.242835 0
    outer loop
      vertex 49.2978 -18.6911 28
      vertex 49.3931 -18.3104 4
      vertex 49.3931 -18.3104 28
    endloop
  endfacet
  facet normal 0.970068 -0.242835 0
    outer loop
      vertex 49.3931 -18.3104 4
      vertex 49.2978 -18.6911 28
      vertex 49.2978 -18.6911 4
    endloop
  endfacet
  facet normal -0.740908 0.671607 0
    outer loop
      vertex -48.562 64.2676 4
      vertex -48.2984 64.5584 28
      vertex -48.2984 64.5584 4
    endloop
  endfacet
  facet normal -0.740908 0.671607 0
    outer loop
      vertex -48.2984 64.5584 28
      vertex -48.562 64.2676 4
      vertex -48.562 64.2676 28
    endloop
  endfacet
  facet normal -0.803137 0.595794 0
    outer loop
      vertex -48.7959 63.9523 4
      vertex -48.562 64.2676 28
      vertex -48.562 64.2676 4
    endloop
  endfacet
  facet normal -0.803137 0.595794 0
    outer loop
      vertex -48.562 64.2676 28
      vertex -48.7959 63.9523 4
      vertex -48.7959 63.9523 28
    endloop
  endfacet
  facet normal 0.671607 0.740908 -0
    outer loop
      vertex 48.2984 64.5584 4
      vertex 48.0076 64.822 28
      vertex 48.2984 64.5584 28
    endloop
  endfacet
  facet normal 0.671607 0.740908 0
    outer loop
      vertex 48.0076 64.822 28
      vertex 48.2984 64.5584 4
      vertex 48.0076 64.822 4
    endloop
  endfacet
  facet normal -0.242835 -0.970068 0
    outer loop
      vertex -46.6311 -21.3578 4
      vertex -46.2504 -21.4531 28
      vertex -46.6311 -21.3578 28
    endloop
  endfacet
  facet normal -0.242835 -0.970068 -0
    outer loop
      vertex -46.2504 -21.4531 28
      vertex -46.6311 -21.3578 4
      vertex -46.2504 -21.4531 4
    endloop
  endfacet
  facet normal 0.989176 0.146733 0
    outer loop
      vertex 49.4507 62.1221 28
      vertex 49.3931 62.5104 4
      vertex 49.3931 62.5104 28
    endloop
  endfacet
  facet normal 0.989176 0.146733 0
    outer loop
      vertex 49.3931 62.5104 4
      vertex 49.4507 62.1221 28
      vertex 49.4507 62.1221 4
    endloop
  endfacet
  facet normal -0.595794 0.803137 0
    outer loop
      vertex -47.6923 65.0559 4
      vertex -48.0076 64.822 28
      vertex -47.6923 65.0559 28
    endloop
  endfacet
  facet normal -0.595794 0.803137 0
    outer loop
      vertex -48.0076 64.822 28
      vertex -47.6923 65.0559 4
      vertex -48.0076 64.822 4
    endloop
  endfacet
  facet normal 0.146733 0.989176 -0
    outer loop
      vertex 46.2504 65.6531 4
      vertex 45.8621 65.7107 28
      vertex 46.2504 65.6531 28
    endloop
  endfacet
  facet normal 0.146733 0.989176 0
    outer loop
      vertex 45.8621 65.7107 28
      vertex 46.2504 65.6531 4
      vertex 45.8621 65.7107 4
    endloop
  endfacet
  facet normal -0.337014 -0.9415 0
    outer loop
      vertex -47.0007 -21.2255 4
      vertex -46.6311 -21.3578 28
      vertex -47.0007 -21.2255 28
    endloop
  endfacet
  facet normal -0.337014 -0.9415 -0
    outer loop
      vertex -46.6311 -21.3578 28
      vertex -47.0007 -21.2255 4
      vertex -46.6311 -21.3578 4
    endloop
  endfacet
  facet normal -0.989176 0.146733 0
    outer loop
      vertex -49.4507 62.1221 4
      vertex -49.3931 62.5104 28
      vertex -49.3931 62.5104 4
    endloop
  endfacet
  facet normal -0.989176 0.146733 0
    outer loop
      vertex -49.3931 62.5104 28
      vertex -49.4507 62.1221 4
      vertex -49.4507 62.1221 28
    endloop
  endfacet
  facet normal 0.671607 -0.740908 0
    outer loop
      vertex 48.0076 -20.622 4
      vertex 48.2984 -20.3584 28
      vertex 48.0076 -20.622 28
    endloop
  endfacet
  facet normal 0.671607 -0.740908 0
    outer loop
      vertex 48.2984 -20.3584 28
      vertex 48.0076 -20.622 4
      vertex 48.2984 -20.3584 4
    endloop
  endfacet
  facet normal -0.671607 -0.740908 0
    outer loop
      vertex -48.2984 -20.3584 4
      vertex -48.0076 -20.622 28
      vertex -48.2984 -20.3584 28
    endloop
  endfacet
  facet normal -0.671607 -0.740908 -0
    outer loop
      vertex -48.0076 -20.622 28
      vertex -48.2984 -20.3584 4
      vertex -48.0076 -20.622 4
    endloop
  endfacet
  facet normal -0.0491626 0.998791 0
    outer loop
      vertex -45.47 65.73 4
      vertex -45.8621 65.7107 28
      vertex -45.47 65.73 28
    endloop
  endfacet
  facet normal -0.0491626 0.998791 0
    outer loop
      vertex -45.8621 65.7107 28
      vertex -45.47 65.73 4
      vertex -45.8621 65.7107 4
    endloop
  endfacet
  facet normal -0.514084 0.85774 0
    outer loop
      vertex -47.3556 65.2577 4
      vertex -47.6923 65.0559 28
      vertex -47.3556 65.2577 28
    endloop
  endfacet
  facet normal -0.514084 0.85774 0
    outer loop
      vertex -47.6923 65.0559 28
      vertex -47.3556 65.2577 4
      vertex -47.6923 65.0559 4
    endloop
  endfacet
  facet normal 0.803137 0.595794 0
    outer loop
      vertex 48.7959 63.9523 28
      vertex 48.562 64.2676 4
      vertex 48.562 64.2676 28
    endloop
  endfacet
  facet normal 0.803137 0.595794 0
    outer loop
      vertex 48.562 64.2676 4
      vertex 48.7959 63.9523 28
      vertex 48.7959 63.9523 4
    endloop
  endfacet
  facet normal -0.85774 0.514084 0
    outer loop
      vertex -48.9977 63.6156 4
      vertex -48.7959 63.9523 28
      vertex -48.7959 63.9523 4
    endloop
  endfacet
  facet normal -0.85774 0.514084 0
    outer loop
      vertex -48.7959 63.9523 28
      vertex -48.9977 63.6156 4
      vertex -48.9977 63.6156 28
    endloop
  endfacet
  facet normal -0.42744 0.904044 0
    outer loop
      vertex -47.0007 65.4255 4
      vertex -47.3556 65.2577 28
      vertex -47.0007 65.4255 28
    endloop
  endfacet
  facet normal -0.42744 0.904044 0
    outer loop
      vertex -47.3556 65.2577 28
      vertex -47.0007 65.4255 4
      vertex -47.3556 65.2577 4
    endloop
  endfacet
  facet normal -0.0491626 -0.998791 0
    outer loop
      vertex -45.8621 -21.5107 4
      vertex -45.47 -21.53 28
      vertex -45.8621 -21.5107 28
    endloop
  endfacet
  facet normal -0.0491626 -0.998791 -0
    outer loop
      vertex -45.47 -21.53 28
      vertex -45.8621 -21.5107 4
      vertex -45.47 -21.53 4
    endloop
  endfacet
  facet normal -0.595794 -0.803137 0
    outer loop
      vertex -48.0076 -20.622 4
      vertex -47.6923 -20.8559 28
      vertex -48.0076 -20.622 28
    endloop
  endfacet
  facet normal -0.595794 -0.803137 -0
    outer loop
      vertex -47.6923 -20.8559 28
      vertex -48.0076 -20.622 4
      vertex -47.6923 -20.8559 4
    endloop
  endfacet
  facet normal -0.514084 -0.85774 0
    outer loop
      vertex -47.6923 -20.8559 4
      vertex -47.3556 -21.0577 28
      vertex -47.6923 -20.8559 28
    endloop
  endfacet
  facet normal -0.514084 -0.85774 -0
    outer loop
      vertex -47.3556 -21.0577 28
      vertex -47.6923 -20.8559 4
      vertex -47.3556 -21.0577 4
    endloop
  endfacet
  facet normal 0.904044 -0.42744 0
    outer loop
      vertex 48.9977 -19.4156 28
      vertex 49.1655 -19.0607 4
      vertex 49.1655 -19.0607 28
    endloop
  endfacet
  facet normal 0.904044 -0.42744 0
    outer loop
      vertex 49.1655 -19.0607 4
      vertex 48.9977 -19.4156 28
      vertex 48.9977 -19.4156 4
    endloop
  endfacet
  facet normal 0.337014 0.9415 -0
    outer loop
      vertex 47.0007 65.4255 4
      vertex 46.6311 65.5578 28
      vertex 47.0007 65.4255 28
    endloop
  endfacet
  facet normal 0.337014 0.9415 0
    outer loop
      vertex 46.6311 65.5578 28
      vertex 47.0007 65.4255 4
      vertex 46.6311 65.5578 4
    endloop
  endfacet
  facet normal -0.998791 -0.0491626 0
    outer loop
      vertex -49.4507 -17.9221 4
      vertex -49.47 -17.53 28
      vertex -49.47 -17.53 4
    endloop
  endfacet
  facet normal -0.998791 -0.0491626 0
    outer loop
      vertex -49.47 -17.53 28
      vertex -49.4507 -17.9221 4
      vertex -49.4507 -17.9221 28
    endloop
  endfacet
  facet normal 0.337014 -0.9415 0
    outer loop
      vertex 46.6311 -21.3578 4
      vertex 47.0007 -21.2255 28
      vertex 46.6311 -21.3578 28
    endloop
  endfacet
  facet normal 0.337014 -0.9415 0
    outer loop
      vertex 47.0007 -21.2255 28
      vertex 46.6311 -21.3578 4
      vertex 47.0007 -21.2255 4
    endloop
  endfacet
  facet normal -0.9415 -0.337014 0
    outer loop
      vertex -49.1655 -19.0607 4
      vertex -49.2978 -18.6911 28
      vertex -49.2978 -18.6911 4
    endloop
  endfacet
  facet normal -0.9415 -0.337014 0
    outer loop
      vertex -49.2978 -18.6911 28
      vertex -49.1655 -19.0607 4
      vertex -49.1655 -19.0607 28
    endloop
  endfacet
  facet normal 0.904044 0.42744 0
    outer loop
      vertex 49.1655 63.2607 28
      vertex 48.9977 63.6156 4
      vertex 48.9977 63.6156 28
    endloop
  endfacet
  facet normal 0.904044 0.42744 0
    outer loop
      vertex 48.9977 63.6156 4
      vertex 49.1655 63.2607 28
      vertex 49.1655 63.2607 4
    endloop
  endfacet
  facet normal -0.42744 -0.904044 0
    outer loop
      vertex -47.3556 -21.0577 4
      vertex -47.0007 -21.2255 28
      vertex -47.3556 -21.0577 28
    endloop
  endfacet
  facet normal -0.42744 -0.904044 -0
    outer loop
      vertex -47.0007 -21.2255 28
      vertex -47.3556 -21.0577 4
      vertex -47.0007 -21.2255 4
    endloop
  endfacet
  facet normal -0.904044 0.42744 0
    outer loop
      vertex -49.1655 63.2607 4
      vertex -48.9977 63.6156 28
      vertex -48.9977 63.6156 4
    endloop
  endfacet
  facet normal -0.904044 0.42744 0
    outer loop
      vertex -48.9977 63.6156 28
      vertex -49.1655 63.2607 4
      vertex -49.1655 63.2607 28
    endloop
  endfacet
  facet normal 0.85774 -0.514084 0
    outer loop
      vertex 48.7959 -19.7523 28
      vertex 48.9977 -19.4156 4
      vertex 48.9977 -19.4156 28
    endloop
  endfacet
  facet normal 0.85774 -0.514084 0
    outer loop
      vertex 48.9977 -19.4156 4
      vertex 48.7959 -19.7523 28
      vertex 48.7959 -19.7523 4
    endloop
  endfacet
  facet normal -0.337014 0.9415 0
    outer loop
      vertex -46.6311 65.5578 4
      vertex -47.0007 65.4255 28
      vertex -46.6311 65.5578 28
    endloop
  endfacet
  facet normal -0.337014 0.9415 0
    outer loop
      vertex -47.0007 65.4255 28
      vertex -46.6311 65.5578 4
      vertex -47.0007 65.4255 4
    endloop
  endfacet
  facet normal 0.970068 0.242835 0
    outer loop
      vertex 49.3931 62.5104 28
      vertex 49.2978 62.8911 4
      vertex 49.2978 62.8911 28
    endloop
  endfacet
  facet normal 0.970068 0.242835 0
    outer loop
      vertex 49.2978 62.8911 4
      vertex 49.3931 62.5104 28
      vertex 49.3931 62.5104 4
    endloop
  endfacet
  facet normal 0.740908 0.671607 0
    outer loop
      vertex 48.562 64.2676 28
      vertex 48.2984 64.5584 4
      vertex 48.2984 64.5584 28
    endloop
  endfacet
  facet normal 0.740908 0.671607 0
    outer loop
      vertex 48.2984 64.5584 4
      vertex 48.562 64.2676 28
      vertex 48.562 64.2676 4
    endloop
  endfacet
  facet normal 0.0491626 -0.998791 0
    outer loop
      vertex 45.47 -21.53 4
      vertex 45.8621 -21.5107 28
      vertex 45.47 -21.53 28
    endloop
  endfacet
  facet normal 0.0491626 -0.998791 0
    outer loop
      vertex 45.8621 -21.5107 28
      vertex 45.47 -21.53 4
      vertex 45.8621 -21.5107 4
    endloop
  endfacet
  facet normal 0.336698 -0.941613 0
    outer loop
      vertex -45.9484 -16.3751 14
      vertex -45.8329 -16.3338 28
      vertex -45.9484 -16.3751 28
    endloop
  endfacet
  facet normal 0.336698 -0.941613 0
    outer loop
      vertex -45.8329 -16.3338 28
      vertex -45.9484 -16.3751 14
      vertex -45.8329 -16.3338 14
    endloop
  endfacet
  facet normal -0.989186 -0.146667 0
    outer loop
      vertex -44.226 -17.4075 14
      vertex -44.244 -17.2861 28
      vertex -44.244 -17.2861 14
    endloop
  endfacet
  facet normal -0.989186 -0.146667 0
    outer loop
      vertex -44.244 -17.2861 28
      vertex -44.226 -17.4075 14
      vertex -44.226 -17.4075 28
    endloop
  endfacet
  facet normal -0.998803 -0.0489209 0
    outer loop
      vertex -44.22 -17.53 14
      vertex -44.226 -17.4075 28
      vertex -44.226 -17.4075 14
    endloop
  endfacet
  facet normal -0.998803 -0.0489209 0
    outer loop
      vertex -44.226 -17.4075 28
      vertex -44.22 -17.53 14
      vertex -44.22 -17.53 28
    endloop
  endfacet
  facet normal -0.970047 -0.242919 0
    outer loop
      vertex -44.244 -17.2861 14
      vertex -44.2738 -17.1671 28
      vertex -44.2738 -17.1671 14
    endloop
  endfacet
  facet normal -0.970047 -0.242919 0
    outer loop
      vertex -44.2738 -17.1671 28
      vertex -44.244 -17.2861 14
      vertex -44.244 -17.2861 28
    endloop
  endfacet
  facet normal -0.427525 0.904003 0
    outer loop
      vertex -44.8808 -18.6324 14
      vertex -44.9916 -18.6848 28
      vertex -44.8808 -18.6324 28
    endloop
  endfacet
  facet normal -0.427525 0.904003 0
    outer loop
      vertex -44.9916 -18.6848 28
      vertex -44.8808 -18.6324 14
      vertex -44.9916 -18.6848 14
    endloop
  endfacet
  facet normal -0.941354 -0.33742 0
    outer loop
      vertex -44.2738 -17.1671 14
      vertex -44.3152 -17.0516 28
      vertex -44.3152 -17.0516 14
    endloop
  endfacet
  facet normal -0.941354 -0.33742 0
    outer loop
      vertex -44.3152 -17.0516 28
      vertex -44.2738 -17.1671 14
      vertex -44.2738 -17.1671 28
    endloop
  endfacet
  facet normal 0.514016 -0.85778 0
    outer loop
      vertex -46.1645 -16.4907 14
      vertex -46.0592 -16.4276 28
      vertex -46.1645 -16.4907 28
    endloop
  endfacet
  facet normal 0.514016 -0.85778 0
    outer loop
      vertex -46.0592 -16.4276 28
      vertex -46.1645 -16.4907 14
      vertex -46.0592 -16.4276 14
    endloop
  endfacet
  facet normal 0.740898 0.671617 0
    outer loop
      vertex -46.3539 -18.4139 28
      vertex -46.4363 -18.323 14
      vertex -46.4363 -18.323 28
    endloop
  endfacet
  facet normal 0.740898 0.671617 0
    outer loop
      vertex -46.4363 -18.323 14
      vertex -46.3539 -18.4139 28
      vertex -46.3539 -18.4139 14
    endloop
  endfacet
  facet normal -0.998803 0.0489209 0
    outer loop
      vertex -44.226 -17.6525 14
      vertex -44.22 -17.53 28
      vertex -44.22 -17.53 14
    endloop
  endfacet
  facet normal -0.998803 0.0489209 0
    outer loop
      vertex -44.22 -17.53 28
      vertex -44.226 -17.6525 14
      vertex -44.226 -17.6525 28
    endloop
  endfacet
  facet normal 0.803413 -0.595423 0
    outer loop
      vertex -46.5093 -16.8355 28
      vertex -46.4363 -16.737 14
      vertex -46.4363 -16.737 28
    endloop
  endfacet
  facet normal 0.803413 -0.595423 0
    outer loop
      vertex -46.4363 -16.737 14
      vertex -46.5093 -16.8355 28
      vertex -46.5093 -16.8355 14
    endloop
  endfacet
  facet normal -0.85778 0.514016 0
    outer loop
      vertex -44.4307 -18.2245 14
      vertex -44.3676 -18.1192 28
      vertex -44.3676 -18.1192 14
    endloop
  endfacet
  facet normal -0.85778 0.514016 0
    outer loop
      vertex -44.3676 -18.1192 28
      vertex -44.4307 -18.2245 14
      vertex -44.4307 -18.2245 28
    endloop
  endfacet
  facet normal 0.0489209 -0.998803 0
    outer loop
      vertex -45.5925 -16.286 14
      vertex -45.47 -16.28 28
      vertex -45.5925 -16.286 28
    endloop
  endfacet
  facet normal 0.0489209 -0.998803 0
    outer loop
      vertex -45.47 -16.28 28
      vertex -45.5925 -16.286 14
      vertex -45.47 -16.28 14
    endloop
  endfacet
  facet normal 0.427525 0.904003 -0
    outer loop
      vertex -45.9484 -18.6848 14
      vertex -46.0592 -18.6324 28
      vertex -45.9484 -18.6848 28
    endloop
  endfacet
  facet normal 0.427525 0.904003 0
    outer loop
      vertex -46.0592 -18.6324 28
      vertex -45.9484 -18.6848 14
      vertex -46.0592 -18.6324 14
    endloop
  endfacet
  facet normal 0.146667 -0.989186 0
    outer loop
      vertex -45.7139 -16.304 14
      vertex -45.5925 -16.286 28
      vertex -45.7139 -16.304 28
    endloop
  endfacet
  facet normal 0.146667 -0.989186 0
    outer loop
      vertex -45.5925 -16.286 28
      vertex -45.7139 -16.304 14
      vertex -45.5925 -16.286 14
    endloop
  endfacet
  facet normal 0.242919 -0.970047 0
    outer loop
      vertex -45.8329 -16.3338 14
      vertex -45.7139 -16.304 28
      vertex -45.8329 -16.3338 28
    endloop
  endfacet
  facet normal 0.242919 -0.970047 0
    outer loop
      vertex -45.7139 -16.304 28
      vertex -45.8329 -16.3338 14
      vertex -45.7139 -16.304 14
    endloop
  endfacet
  facet normal -0.595423 -0.803413 0
    outer loop
      vertex -44.7755 -16.4907 14
      vertex -44.677 -16.5637 28
      vertex -44.7755 -16.4907 28
    endloop
  endfacet
  facet normal -0.595423 -0.803413 -0
    outer loop
      vertex -44.677 -16.5637 28
      vertex -44.7755 -16.4907 14
      vertex -44.677 -16.5637 14
    endloop
  endfacet
  facet normal -0.146667 0.989186 0
    outer loop
      vertex -45.2261 -18.756 14
      vertex -45.3475 -18.774 28
      vertex -45.2261 -18.756 28
    endloop
  endfacet
  facet normal -0.146667 0.989186 0
    outer loop
      vertex -45.3475 -18.774 28
      vertex -45.2261 -18.756 14
      vertex -45.3475 -18.774 14
    endloop
  endfacet
  facet normal -0.33742 0.941354 0
    outer loop
      vertex -44.9916 -18.6848 14
      vertex -45.1071 -18.7262 28
      vertex -44.9916 -18.6848 28
    endloop
  endfacet
  facet normal -0.33742 0.941354 0
    outer loop
      vertex -45.1071 -18.7262 28
      vertex -44.9916 -18.6848 14
      vertex -45.1071 -18.7262 14
    endloop
  endfacet
  facet normal -0.428192 -0.903688 0
    outer loop
      vertex -44.9916 -16.3751 14
      vertex -44.8808 -16.4276 28
      vertex -44.9916 -16.3751 28
    endloop
  endfacet
  facet normal -0.428192 -0.903688 -0
    outer loop
      vertex -44.8808 -16.4276 28
      vertex -44.9916 -16.3751 14
      vertex -44.8808 -16.4276 14
    endloop
  endfacet
  facet normal -0.970047 0.242919 0
    outer loop
      vertex -44.2738 -17.8929 14
      vertex -44.244 -17.7739 28
      vertex -44.244 -17.7739 14
    endloop
  endfacet
  facet normal -0.970047 0.242919 0
    outer loop
      vertex -44.244 -17.7739 28
      vertex -44.2738 -17.8929 14
      vertex -44.2738 -17.8929 28
    endloop
  endfacet
  facet normal 0.941354 0.33742 0
    outer loop
      vertex -46.6248 -18.0084 28
      vertex -46.6662 -17.8929 14
      vertex -46.6662 -17.8929 28
    endloop
  endfacet
  facet normal 0.941354 0.33742 0
    outer loop
      vertex -46.6662 -17.8929 14
      vertex -46.6248 -18.0084 28
      vertex -46.6248 -18.0084 14
    endloop
  endfacet
  facet normal 0.904003 -0.427525 0
    outer loop
      vertex -46.6248 -17.0516 28
      vertex -46.5724 -16.9408 14
      vertex -46.5724 -16.9408 28
    endloop
  endfacet
  facet normal 0.904003 -0.427525 0
    outer loop
      vertex -46.5724 -16.9408 14
      vertex -46.6248 -17.0516 28
      vertex -46.6248 -17.0516 14
    endloop
  endfacet
  facet normal -0.146667 -0.989186 0
    outer loop
      vertex -45.3475 -16.286 14
      vertex -45.2261 -16.304 28
      vertex -45.3475 -16.286 28
    endloop
  endfacet
  facet normal -0.146667 -0.989186 -0
    outer loop
      vertex -45.2261 -16.304 28
      vertex -45.3475 -16.286 14
      vertex -45.2261 -16.304 14
    endloop
  endfacet
  facet normal 0.970047 -0.242919 0
    outer loop
      vertex -46.696 -17.2861 28
      vertex -46.6662 -17.1671 14
      vertex -46.6662 -17.1671 28
    endloop
  endfacet
  facet normal 0.970047 -0.242919 0
    outer loop
      vertex -46.6662 -17.1671 14
      vertex -46.696 -17.2861 28
      vertex -46.696 -17.2861 14
    endloop
  endfacet
  facet normal 0.671617 0.740898 -0
    outer loop
      vertex -46.263 -18.4963 14
      vertex -46.3539 -18.4139 28
      vertex -46.263 -18.4963 28
    endloop
  endfacet
  facet normal 0.671617 0.740898 0
    outer loop
      vertex -46.3539 -18.4139 28
      vertex -46.263 -18.4963 14
      vertex -46.3539 -18.4139 14
    endloop
  endfacet
  facet normal -0.803413 -0.595423 0
    outer loop
      vertex -44.4307 -16.8355 14
      vertex -44.5037 -16.737 28
      vertex -44.5037 -16.737 14
    endloop
  endfacet
  facet normal -0.803413 -0.595423 0
    outer loop
      vertex -44.5037 -16.737 28
      vertex -44.4307 -16.8355 14
      vertex -44.4307 -16.8355 28
    endloop
  endfacet
  facet normal 0.941354 -0.33742 0
    outer loop
      vertex -46.6662 -17.1671 28
      vertex -46.6248 -17.0516 14
      vertex -46.6248 -17.0516 28
    endloop
  endfacet
  facet normal 0.941354 -0.33742 0
    outer loop
      vertex -46.6248 -17.0516 14
      vertex -46.6662 -17.1671 28
      vertex -46.6662 -17.1671 14
    endloop
  endfacet
  facet normal 0 0 1
    outer loop
      vertex -44.226 -17.4075 14
      vertex -44.226 -17.6525 14
      vertex -44.22 -17.53 14
    endloop
  endfacet
  facet normal 0 0 1
    outer loop
      vertex -44.244 -17.2861 14
      vertex -44.226 -17.6525 14
      vertex -44.226 -17.4075 14
    endloop
  endfacet
  facet normal 0 0 1
    outer loop
      vertex -44.244 -17.2861 14
      vertex -44.244 -17.7739 14
      vertex -44.226 -17.6525 14
    endloop
  endfacet
  facet normal 0 0 1
    outer loop
      vertex -44.2738 -17.1671 14
      vertex -44.244 -17.7739 14
      vertex -44.244 -17.2861 14
    endloop
  endfacet
  facet normal 0 0 1
    outer loop
      vertex -44.2738 -17.1671 14
      vertex -44.2738 -17.8929 14
      vertex -44.244 -17.7739 14
    endloop
  endfacet
  facet normal 0 0 1
    outer loop
      vertex -44.3152 -17.0516 14
      vertex -44.2738 -17.8929 14
      vertex -44.2738 -17.1671 14
    endloop
  endfacet
  facet normal 0 0 1
    outer loop
      vertex -44.3152 -17.0516 14
      vertex -44.3152 -18.0084 14
      vertex -44.2738 -17.8929 14
    endloop
  endfacet
  facet normal 0 0 1
    outer loop
      vertex -44.3676 -16.9408 14
      vertex -44.3152 -18.0084 14
      vertex -44.3152 -17.0516 14
    endloop
  endfacet
  facet normal 0 0 1
    outer loop
      vertex -44.3676 -16.9408 14
      vertex -44.3676 -18.1192 14
      vertex -44.3152 -18.0084 14
    endloop
  endfacet
  facet normal 0 0 1
    outer loop
      vertex -44.4307 -16.8355 14
      vertex -44.3676 -18.1192 14
      vertex -44.3676 -16.9408 14
    endloop
  endfacet
  facet normal 0 0 1
    outer loop
      vertex -44.4307 -16.8355 14
      vertex -44.4307 -18.2245 14
      vertex -44.3676 -18.1192 14
    endloop
  endfacet
  facet normal 0 0 1
    outer loop
      vertex -44.5037 -16.737 14
      vertex -44.4307 -18.2245 14
      vertex -44.4307 -16.8355 14
    endloop
  endfacet
  facet normal 0 0 1
    outer loop
      vertex -44.5037 -16.737 14
      vertex -44.5037 -18.323 14
      vertex -44.4307 -18.2245 14
    endloop
  endfacet
  facet normal 0 0 1
    outer loop
      vertex -44.5861 -16.6461 14
      vertex -44.5037 -18.323 14
      vertex -44.5037 -16.737 14
    endloop
  endfacet
  facet normal 0 0 1
    outer loop
      vertex -44.5861 -16.6461 14
      vertex -44.5861 -18.4139 14
      vertex -44.5037 -18.323 14
    endloop
  endfacet
  facet normal 0 0 1
    outer loop
      vertex -44.677 -16.5637 14
      vertex -44.5861 -18.4139 14
      vertex -44.5861 -16.6461 14
    endloop
  endfacet
  facet normal 0 0 1
    outer loop
      vertex -44.677 -16.5637 14
      vertex -44.677 -18.4963 14
      vertex -44.5861 -18.4139 14
    endloop
  endfacet
  facet normal 0 0 1
    outer loop
      vertex -44.7755 -16.4907 14
      vertex -44.677 -18.4963 14
      vertex -44.677 -16.5637 14
    endloop
  endfacet
  facet normal 0 0 1
    outer loop
      vertex -44.7755 -16.4907 14
      vertex -44.7755 -18.5693 14
      vertex -44.677 -18.4963 14
    endloop
  endfacet
  facet normal 0 0 1
    outer loop
      vertex -44.8808 -16.4276 14
      vertex -44.7755 -18.5693 14
      vertex -44.7755 -16.4907 14
    endloop
  endfacet
  facet normal 0 0 1
    outer loop
      vertex -44.8808 -16.4276 14
      vertex -44.8808 -18.6324 14
      vertex -44.7755 -18.5693 14
    endloop
  endfacet
  facet normal 0 0 1
    outer loop
      vertex -44.9916 -16.3751 14
      vertex -44.8808 -18.6324 14
      vertex -44.8808 -16.4276 14
    endloop
  endfacet
  facet normal 0 0 1
    outer loop
      vertex -44.9916 -16.3751 14
      vertex -44.9916 -18.6848 14
      vertex -44.8808 -18.6324 14
    endloop
  endfacet
  facet normal 0 0 1
    outer loop
      vertex -45.1071 -16.3338 14
      vertex -44.9916 -18.6848 14
      vertex -44.9916 -16.3751 14
    endloop
  endfacet
  facet normal 0 0 1
    outer loop
      vertex -45.1071 -16.3338 14
      vertex -45.1071 -18.7262 14
      vertex -44.9916 -18.6848 14
    endloop
  endfacet
  facet normal 0 0 1
    outer loop
      vertex -45.2261 -16.304 14
      vertex -45.1071 -18.7262 14
      vertex -45.1071 -16.3338 14
    endloop
  endfacet
  facet normal 0 0 1
    outer loop
      vertex -45.2261 -16.304 14
      vertex -45.2261 -18.756 14
      vertex -45.1071 -18.7262 14
    endloop
  endfacet
  facet normal 0 0 1
    outer loop
      vertex -45.3475 -16.286 14
      vertex -45.2261 -18.756 14
      vertex -45.2261 -16.304 14
    endloop
  endfacet
  facet normal 0 0 1
    outer loop
      vertex -45.3475 -16.286 14
      vertex -45.3475 -18.774 14
      vertex -45.2261 -18.756 14
    endloop
  endfacet
  facet normal 0 0 1
    outer loop
      vertex -45.47 -16.28 14
      vertex -45.3475 -18.774 14
      vertex -45.3475 -16.286 14
    endloop
  endfacet
  facet normal 0 0 1
    outer loop
      vertex -45.47 -16.28 14
      vertex -45.47 -18.78 14
      vertex -45.3475 -18.774 14
    endloop
  endfacet
  facet normal -0 0 1
    outer loop
      vertex -45.5925 -16.286 14
      vertex -45.47 -18.78 14
      vertex -45.47 -16.28 14
    endloop
  endfacet
  facet normal 0 0 1
    outer loop
      vertex -45.5925 -16.286 14
      vertex -45.5925 -18.774 14
      vertex -45.47 -18.78 14
    endloop
  endfacet
  facet normal -0 0 1
    outer loop
      vertex -45.7139 -16.304 14
      vertex -45.5925 -18.774 14
      vertex -45.5925 -16.286 14
    endloop
  endfacet
  facet normal 0 0 1
    outer loop
      vertex -45.7139 -16.304 14
      vertex -45.7139 -18.756 14
      vertex -45.5925 -18.774 14
    endloop
  endfacet
  facet normal -0 0 1
    outer loop
      vertex -45.8329 -16.3338 14
      vertex -45.7139 -18.756 14
      vertex -45.7139 -16.304 14
    endloop
  endfacet
  facet normal 0 0 1
    outer loop
      vertex -45.8329 -16.3338 14
      vertex -45.8329 -18.7262 14
      vertex -45.7139 -18.756 14
    endloop
  endfacet
  facet normal -0 0 1
    outer loop
      vertex -45.9484 -16.3751 14
      vertex -45.8329 -18.7262 14
      vertex -45.8329 -16.3338 14
    endloop
  endfacet
  facet normal 0 0 1
    outer loop
      vertex -45.9484 -16.3751 14
      vertex -45.9484 -18.6848 14
      vertex -45.8329 -18.7262 14
    endloop
  endfacet
  facet normal -0 0 1
    outer loop
      vertex -46.0592 -16.4276 14
      vertex -45.9484 -18.6848 14
      vertex -45.9484 -16.3751 14
    endloop
  endfacet
  facet normal 0 0 1
    outer loop
      vertex -46.0592 -16.4276 14
      vertex -46.0592 -18.6324 14
      vertex -45.9484 -18.6848 14
    endloop
  endfacet
  facet normal -0 0 1
    outer loop
      vertex -46.1645 -16.4907 14
      vertex -46.0592 -18.6324 14
      vertex -46.0592 -16.4276 14
    endloop
  endfacet
  facet normal 0 0 1
    outer loop
      vertex -46.1645 -16.4907 14
      vertex -46.1645 -18.5693 14
      vertex -46.0592 -18.6324 14
    endloop
  endfacet
  facet normal -0 0 1
    outer loop
      vertex -46.263 -16.5637 14
      vertex -46.1645 -18.5693 14
      vertex -46.1645 -16.4907 14
    endloop
  endfacet
  facet normal 0 0 1
    outer loop
      vertex -46.263 -16.5637 14
      vertex -46.263 -18.4963 14
      vertex -46.1645 -18.5693 14
    endloop
  endfacet
  facet normal -0 0 1
    outer loop
      vertex -46.3539 -16.6461 14
      vertex -46.263 -18.4963 14
      vertex -46.263 -16.5637 14
    endloop
  endfacet
  facet normal 0 0 1
    outer loop
      vertex -46.3539 -16.6461 14
      vertex -46.3539 -18.4139 14
      vertex -46.263 -18.4963 14
    endloop
  endfacet
  facet normal -0 0 1
    outer loop
      vertex -46.4363 -16.737 14
      vertex -46.3539 -18.4139 14
      vertex -46.3539 -16.6461 14
    endloop
  endfacet
  facet normal 0 0 1
    outer loop
      vertex -46.4363 -16.737 14
      vertex -46.4363 -18.323 14
      vertex -46.3539 -18.4139 14
    endloop
  endfacet
  facet normal -0 0 1
    outer loop
      vertex -46.5093 -16.8355 14
      vertex -46.4363 -18.323 14
      vertex -46.4363 -16.737 14
    endloop
  endfacet
  facet normal 0 0 1
    outer loop
      vertex -46.5093 -16.8355 14
      vertex -46.5093 -18.2245 14
      vertex -46.4363 -18.323 14
    endloop
  endfacet
  facet normal -0 0 1
    outer loop
      vertex -46.5724 -16.9408 14
      vertex -46.5093 -18.2245 14
      vertex -46.5093 -16.8355 14
    endloop
  endfacet
  facet normal 0 0 1
    outer loop
      vertex -46.5724 -16.9408 14
      vertex -46.5724 -18.1192 14
      vertex -46.5093 -18.2245 14
    endloop
  endfacet
  facet normal -0 0 1
    outer loop
      vertex -46.6248 -17.0516 14
      vertex -46.5724 -18.1192 14
      vertex -46.5724 -16.9408 14
    endloop
  endfacet
  facet normal 0 0 1
    outer loop
      vertex -46.6248 -17.0516 14
      vertex -46.6248 -18.0084 14
      vertex -46.5724 -18.1192 14
    endloop
  endfacet
  facet normal -0 0 1
    outer loop
      vertex -46.6662 -17.1671 14
      vertex -46.6248 -18.0084 14
      vertex -46.6248 -17.0516 14
    endloop
  endfacet
  facet normal 0 0 1
    outer loop
      vertex -46.6662 -17.1671 14
      vertex -46.6662 -17.8929 14
      vertex -46.6248 -18.0084 14
    endloop
  endfacet
  facet normal -0 0 1
    outer loop
      vertex -46.696 -17.2861 14
      vertex -46.6662 -17.8929 14
      vertex -46.6662 -17.1671 14
    endloop
  endfacet
  facet normal 0 0 1
    outer loop
      vertex -46.696 -17.2861 14
      vertex -46.696 -17.7739 14
      vertex -46.6662 -17.8929 14
    endloop
  endfacet
  facet normal -0 0 1
    outer loop
      vertex -46.714 -17.4075 14
      vertex -46.696 -17.7739 14
      vertex -46.696 -17.2861 14
    endloop
  endfacet
  facet normal 0 0 1
    outer loop
      vertex -46.714 -17.4075 14
      vertex -46.714 -17.6525 14
      vertex -46.696 -17.7739 14
    endloop
  endfacet
  facet normal 0 -0 1
    outer loop
      vertex -46.714 -17.6525 14
      vertex -46.714 -17.4075 14
      vertex -46.72 -17.53 14
    endloop
  endfacet
  facet normal -0.904003 0.427525 0
    outer loop
      vertex -44.3676 -18.1192 14
      vertex -44.3152 -18.0084 28
      vertex -44.3152 -18.0084 14
    endloop
  endfacet
  facet normal -0.904003 0.427525 0
    outer loop
      vertex -44.3152 -18.0084 28
      vertex -44.3676 -18.1192 14
      vertex -44.3676 -18.1192 28
    endloop
  endfacet
  facet normal 0.595423 0.803413 -0
    outer loop
      vertex -46.1645 -18.5693 14
      vertex -46.263 -18.4963 28
      vertex -46.1645 -18.5693 28
    endloop
  endfacet
  facet normal 0.595423 0.803413 0
    outer loop
      vertex -46.263 -18.4963 28
      vertex -46.1645 -18.5693 14
      vertex -46.263 -18.4963 14
    endloop
  endfacet
  facet normal -0.242919 0.970047 0
    outer loop
      vertex -45.1071 -18.7262 14
      vertex -45.2261 -18.756 28
      vertex -45.1071 -18.7262 28
    endloop
  endfacet
  facet normal -0.242919 0.970047 0
    outer loop
      vertex -45.2261 -18.756 28
      vertex -45.1071 -18.7262 14
      vertex -45.2261 -18.756 14
    endloop
  endfacet
  facet normal -0.904003 -0.427525 0
    outer loop
      vertex -44.3152 -17.0516 14
      vertex -44.3676 -16.9408 28
      vertex -44.3676 -16.9408 14
    endloop
  endfacet
  facet normal -0.904003 -0.427525 0
    outer loop
      vertex -44.3676 -16.9408 28
      vertex -44.3152 -17.0516 14
      vertex -44.3152 -17.0516 28
    endloop
  endfacet
  facet normal 0.970047 0.242919 0
    outer loop
      vertex -46.6662 -17.8929 28
      vertex -46.696 -17.7739 14
      vertex -46.696 -17.7739 28
    endloop
  endfacet
  facet normal 0.970047 0.242919 0
    outer loop
      vertex -46.696 -17.7739 14
      vertex -46.6662 -17.8929 28
      vertex -46.6662 -17.8929 14
    endloop
  endfacet
  facet normal 0.998803 0.0489209 0
    outer loop
      vertex -46.714 -17.6525 28
      vertex -46.72 -17.53 14
      vertex -46.72 -17.53 28
    endloop
  endfacet
  facet normal 0.998803 0.0489209 0
    outer loop
      vertex -46.72 -17.53 14
      vertex -46.714 -17.6525 28
      vertex -46.714 -17.6525 14
    endloop
  endfacet
  facet normal -0.803413 0.595423 0
    outer loop
      vertex -44.5037 -18.323 14
      vertex -44.4307 -18.2245 28
      vertex -44.4307 -18.2245 14
    endloop
  endfacet
  facet normal -0.803413 0.595423 0
    outer loop
      vertex -44.4307 -18.2245 28
      vertex -44.5037 -18.323 14
      vertex -44.5037 -18.323 28
    endloop
  endfacet
  facet normal 0.595423 -0.803413 0
    outer loop
      vertex -46.263 -16.5637 14
      vertex -46.1645 -16.4907 28
      vertex -46.263 -16.5637 28
    endloop
  endfacet
  facet normal 0.595423 -0.803413 0
    outer loop
      vertex -46.1645 -16.4907 28
      vertex -46.263 -16.5637 14
      vertex -46.1645 -16.4907 14
    endloop
  endfacet
  facet normal -0.740898 -0.671617 0
    outer loop
      vertex -44.5037 -16.737 14
      vertex -44.5861 -16.6461 28
      vertex -44.5861 -16.6461 14
    endloop
  endfacet
  facet normal -0.740898 -0.671617 0
    outer loop
      vertex -44.5861 -16.6461 28
      vertex -44.5037 -16.737 14
      vertex -44.5037 -16.737 28
    endloop
  endfacet
  facet normal 0.0489209 0.998803 -0
    outer loop
      vertex -45.47 -18.78 14
      vertex -45.5925 -18.774 28
      vertex -45.47 -18.78 28
    endloop
  endfacet
  facet normal 0.0489209 0.998803 0
    outer loop
      vertex -45.5925 -18.774 28
      vertex -45.47 -18.78 14
      vertex -45.5925 -18.774 14
    endloop
  endfacet
  facet normal 0.803413 0.595423 0
    outer loop
      vertex -46.4363 -18.323 28
      vertex -46.5093 -18.2245 14
      vertex -46.5093 -18.2245 28
    endloop
  endfacet
  facet normal 0.803413 0.595423 0
    outer loop
      vertex -46.5093 -18.2245 14
      vertex -46.4363 -18.323 28
      vertex -46.4363 -18.323 14
    endloop
  endfacet
  facet normal 0.989186 0.146667 0
    outer loop
      vertex -46.696 -17.7739 28
      vertex -46.714 -17.6525 14
      vertex -46.714 -17.6525 28
    endloop
  endfacet
  facet normal 0.989186 0.146667 0
    outer loop
      vertex -46.714 -17.6525 14
      vertex -46.696 -17.7739 28
      vertex -46.696 -17.7739 14
    endloop
  endfacet
  facet normal -0.514016 -0.85778 0
    outer loop
      vertex -44.8808 -16.4276 14
      vertex -44.7755 -16.4907 28
      vertex -44.8808 -16.4276 28
    endloop
  endfacet
  facet normal -0.514016 -0.85778 -0
    outer loop
      vertex -44.7755 -16.4907 28
      vertex -44.8808 -16.4276 14
      vertex -44.7755 -16.4907 14
    endloop
  endfacet
  facet normal 0.428192 -0.903688 0
    outer loop
      vertex -46.0592 -16.4276 14
      vertex -45.9484 -16.3751 28
      vertex -46.0592 -16.4276 28
    endloop
  endfacet
  facet normal 0.428192 -0.903688 0
    outer loop
      vertex -45.9484 -16.3751 28
      vertex -46.0592 -16.4276 14
      vertex -45.9484 -16.3751 14
    endloop
  endfacet
  facet normal 0.242919 0.970047 -0
    outer loop
      vertex -45.7139 -18.756 14
      vertex -45.8329 -18.7262 28
      vertex -45.7139 -18.756 28
    endloop
  endfacet
  facet normal 0.242919 0.970047 0
    outer loop
      vertex -45.8329 -18.7262 28
      vertex -45.7139 -18.756 14
      vertex -45.8329 -18.7262 14
    endloop
  endfacet
  facet normal -0.989186 0.146667 0
    outer loop
      vertex -44.244 -17.7739 14
      vertex -44.226 -17.6525 28
      vertex -44.226 -17.6525 14
    endloop
  endfacet
  facet normal -0.989186 0.146667 0
    outer loop
      vertex -44.226 -17.6525 28
      vertex -44.244 -17.7739 14
      vertex -44.244 -17.7739 28
    endloop
  endfacet
  facet normal -0.336698 -0.941613 0
    outer loop
      vertex -45.1071 -16.3338 14
      vertex -44.9916 -16.3751 28
      vertex -45.1071 -16.3338 28
    endloop
  endfacet
  facet normal -0.336698 -0.941613 -0
    outer loop
      vertex -44.9916 -16.3751 28
      vertex -45.1071 -16.3338 14
      vertex -44.9916 -16.3751 14
    endloop
  endfacet
  facet normal 0.671617 -0.740898 0
    outer loop
      vertex -46.3539 -16.6461 14
      vertex -46.263 -16.5637 28
      vertex -46.3539 -16.6461 28
    endloop
  endfacet
  facet normal 0.671617 -0.740898 0
    outer loop
      vertex -46.263 -16.5637 28
      vertex -46.3539 -16.6461 14
      vertex -46.263 -16.5637 14
    endloop
  endfacet
  facet normal -0.671617 -0.740898 0
    outer loop
      vertex -44.677 -16.5637 14
      vertex -44.5861 -16.6461 28
      vertex -44.677 -16.5637 28
    endloop
  endfacet
  facet normal -0.671617 -0.740898 -0
    outer loop
      vertex -44.5861 -16.6461 28
      vertex -44.677 -16.5637 14
      vertex -44.5861 -16.6461 14
    endloop
  endfacet
  facet normal -0.85778 -0.514016 0
    outer loop
      vertex -44.3676 -16.9408 14
      vertex -44.4307 -16.8355 28
      vertex -44.4307 -16.8355 14
    endloop
  endfacet
  facet normal -0.85778 -0.514016 0
    outer loop
      vertex -44.4307 -16.8355 28
      vertex -44.3676 -16.9408 14
      vertex -44.3676 -16.9408 28
    endloop
  endfacet
  facet normal -0.514016 0.85778 0
    outer loop
      vertex -44.7755 -18.5693 14
      vertex -44.8808 -18.6324 28
      vertex -44.7755 -18.5693 28
    endloop
  endfacet
  facet normal -0.514016 0.85778 0
    outer loop
      vertex -44.8808 -18.6324 28
      vertex -44.7755 -18.5693 14
      vertex -44.8808 -18.6324 14
    endloop
  endfacet
  facet normal 0.146667 0.989186 -0
    outer loop
      vertex -45.5925 -18.774 14
      vertex -45.7139 -18.756 28
      vertex -45.5925 -18.774 28
    endloop
  endfacet
  facet normal 0.146667 0.989186 0
    outer loop
      vertex -45.7139 -18.756 28
      vertex -45.5925 -18.774 14
      vertex -45.7139 -18.756 14
    endloop
  endfacet
  facet normal 0.904003 0.427525 0
    outer loop
      vertex -46.5724 -18.1192 28
      vertex -46.6248 -18.0084 14
      vertex -46.6248 -18.0084 28
    endloop
  endfacet
  facet normal 0.904003 0.427525 0
    outer loop
      vertex -46.6248 -18.0084 14
      vertex -46.5724 -18.1192 28
      vertex -46.5724 -18.1192 14
    endloop
  endfacet
  facet normal -0.595423 0.803413 0
    outer loop
      vertex -44.677 -18.4963 14
      vertex -44.7755 -18.5693 28
      vertex -44.677 -18.4963 28
    endloop
  endfacet
  facet normal -0.595423 0.803413 0
    outer loop
      vertex -44.7755 -18.5693 28
      vertex -44.677 -18.4963 14
      vertex -44.7755 -18.5693 14
    endloop
  endfacet
  facet normal 0.740898 -0.671617 0
    outer loop
      vertex -46.4363 -16.737 28
      vertex -46.3539 -16.6461 14
      vertex -46.3539 -16.6461 28
    endloop
  endfacet
  facet normal 0.740898 -0.671617 0
    outer loop
      vertex -46.3539 -16.6461 14
      vertex -46.4363 -16.737 28
      vertex -46.4363 -16.737 14
    endloop
  endfacet
  facet normal -0.0489209 0.998803 0
    outer loop
      vertex -45.3475 -18.774 14
      vertex -45.47 -18.78 28
      vertex -45.3475 -18.774 28
    endloop
  endfacet
  facet normal -0.0489209 0.998803 0
    outer loop
      vertex -45.47 -18.78 28
      vertex -45.3475 -18.774 14
      vertex -45.47 -18.78 14
    endloop
  endfacet
  facet normal 0.33742 0.941354 -0
    outer loop
      vertex -45.8329 -18.7262 14
      vertex -45.9484 -18.6848 28
      vertex -45.8329 -18.7262 28
    endloop
  endfacet
  facet normal 0.33742 0.941354 0
    outer loop
      vertex -45.9484 -18.6848 28
      vertex -45.8329 -18.7262 14
      vertex -45.9484 -18.6848 14
    endloop
  endfacet
  facet normal -0.941354 0.33742 0
    outer loop
      vertex -44.3152 -18.0084 14
      vertex -44.2738 -17.8929 28
      vertex -44.2738 -17.8929 14
    endloop
  endfacet
  facet normal -0.941354 0.33742 0
    outer loop
      vertex -44.2738 -17.8929 28
      vertex -44.3152 -18.0084 14
      vertex -44.3152 -18.0084 28
    endloop
  endfacet
  facet normal -0.740898 0.671617 0
    outer loop
      vertex -44.5861 -18.4139 14
      vertex -44.5037 -18.323 28
      vertex -44.5037 -18.323 14
    endloop
  endfacet
  facet normal -0.740898 0.671617 0
    outer loop
      vertex -44.5037 -18.323 28
      vertex -44.5861 -18.4139 14
      vertex -44.5861 -18.4139 28
    endloop
  endfacet
  facet normal -0.0489209 -0.998803 0
    outer loop
      vertex -45.47 -16.28 14
      vertex -45.3475 -16.286 28
      vertex -45.47 -16.28 28
    endloop
  endfacet
  facet normal -0.0489209 -0.998803 -0
    outer loop
      vertex -45.3475 -16.286 28
      vertex -45.47 -16.28 14
      vertex -45.3475 -16.286 14
    endloop
  endfacet
  facet normal -0.242919 -0.970047 0
    outer loop
      vertex -45.2261 -16.304 14
      vertex -45.1071 -16.3338 28
      vertex -45.2261 -16.304 28
    endloop
  endfacet
  facet normal -0.242919 -0.970047 -0
    outer loop
      vertex -45.1071 -16.3338 28
      vertex -45.2261 -16.304 14
      vertex -45.1071 -16.3338 14
    endloop
  endfacet
  facet normal 0.989186 -0.146667 0
    outer loop
      vertex -46.714 -17.4075 28
      vertex -46.696 -17.2861 14
      vertex -46.696 -17.2861 28
    endloop
  endfacet
  facet normal 0.989186 -0.146667 0
    outer loop
      vertex -46.696 -17.2861 14
      vertex -46.714 -17.4075 28
      vertex -46.714 -17.4075 14
    endloop
  endfacet
  facet normal 0.85778 0.514016 0
    outer loop
      vertex -46.5093 -18.2245 28
      vertex -46.5724 -18.1192 14
      vertex -46.5724 -18.1192 28
    endloop
  endfacet
  facet normal 0.85778 0.514016 0
    outer loop
      vertex -46.5724 -18.1192 14
      vertex -46.5093 -18.2245 28
      vertex -46.5093 -18.2245 14
    endloop
  endfacet
  facet normal -0.671617 0.740898 0
    outer loop
      vertex -44.5861 -18.4139 14
      vertex -44.677 -18.4963 28
      vertex -44.5861 -18.4139 28
    endloop
  endfacet
  facet normal -0.671617 0.740898 0
    outer loop
      vertex -44.677 -18.4963 28
      vertex -44.5861 -18.4139 14
      vertex -44.677 -18.4963 14
    endloop
  endfacet
  facet normal 0.998803 -0.0489209 0
    outer loop
      vertex -46.72 -17.53 28
      vertex -46.714 -17.4075 14
      vertex -46.714 -17.4075 28
    endloop
  endfacet
  facet normal 0.998803 -0.0489209 0
    outer loop
      vertex -46.714 -17.4075 14
      vertex -46.72 -17.53 28
      vertex -46.72 -17.53 14
    endloop
  endfacet
  facet normal 0.85778 -0.514016 0
    outer loop
      vertex -46.5724 -16.9408 28
      vertex -46.5093 -16.8355 14
      vertex -46.5093 -16.8355 28
    endloop
  endfacet
  facet normal 0.85778 -0.514016 0
    outer loop
      vertex -46.5093 -16.8355 14
      vertex -46.5724 -16.9408 28
      vertex -46.5724 -16.9408 14
    endloop
  endfacet
  facet normal 0.514016 0.85778 -0
    outer loop
      vertex -46.0592 -18.6324 14
      vertex -46.1645 -18.5693 28
      vertex -46.0592 -18.6324 28
    endloop
  endfacet
  facet normal 0.514016 0.85778 0
    outer loop
      vertex -46.1645 -18.5693 28
      vertex -46.0592 -18.6324 14
      vertex -46.1645 -18.5693 14
    endloop
  endfacet
  facet normal 0.336698 0.941613 -0
    outer loop
      vertex -45.8329 60.5338 14
      vertex -45.9484 60.5751 28
      vertex -45.8329 60.5338 28
    endloop
  endfacet
  facet normal 0.336698 0.941613 0
    outer loop
      vertex -45.9484 60.5751 28
      vertex -45.8329 60.5338 14
      vertex -45.9484 60.5751 14
    endloop
  endfacet
  facet normal -0.989186 -0.146667 0
    outer loop
      vertex -44.226 61.8525 14
      vertex -44.244 61.9739 28
      vertex -44.244 61.9739 14
    endloop
  endfacet
  facet normal -0.989186 -0.146667 0
    outer loop
      vertex -44.244 61.9739 28
      vertex -44.226 61.8525 14
      vertex -44.226 61.8525 28
    endloop
  endfacet
  facet normal -0.998803 -0.0489209 0
    outer loop
      vertex -44.22 61.73 14
      vertex -44.226 61.8525 28
      vertex -44.226 61.8525 14
    endloop
  endfacet
  facet normal -0.998803 -0.0489209 0
    outer loop
      vertex -44.226 61.8525 28
      vertex -44.22 61.73 14
      vertex -44.22 61.73 28
    endloop
  endfacet
  facet normal -0.970047 -0.242919 0
    outer loop
      vertex -44.244 61.9739 14
      vertex -44.2738 62.0929 28
      vertex -44.2738 62.0929 14
    endloop
  endfacet
  facet normal -0.970047 -0.242919 0
    outer loop
      vertex -44.2738 62.0929 28
      vertex -44.244 61.9739 14
      vertex -44.244 61.9739 28
    endloop
  endfacet
  facet normal 0.989186 -0.146667 0
    outer loop
      vertex -46.714 61.8525 28
      vertex -46.696 61.9739 14
      vertex -46.696 61.9739 28
    endloop
  endfacet
  facet normal 0.989186 -0.146667 0
    outer loop
      vertex -46.696 61.9739 14
      vertex -46.714 61.8525 28
      vertex -46.714 61.8525 14
    endloop
  endfacet
  facet normal 0.242919 0.970047 -0
    outer loop
      vertex -45.7139 60.504 14
      vertex -45.8329 60.5338 28
      vertex -45.7139 60.504 28
    endloop
  endfacet
  facet normal 0.242919 0.970047 0
    outer loop
      vertex -45.8329 60.5338 28
      vertex -45.7139 60.504 14
      vertex -45.8329 60.5338 14
    endloop
  endfacet
  facet normal -0.33742 -0.941354 0
    outer loop
      vertex -45.1071 62.9262 14
      vertex -44.9916 62.8848 28
      vertex -45.1071 62.9262 28
    endloop
  endfacet
  facet normal -0.33742 -0.941354 -0
    outer loop
      vertex -44.9916 62.8848 28
      vertex -45.1071 62.9262 14
      vertex -44.9916 62.8848 14
    endloop
  endfacet
  facet normal 0.514016 -0.85778 0
    outer loop
      vertex -46.1645 62.7693 14
      vertex -46.0592 62.8324 28
      vertex -46.1645 62.7693 28
    endloop
  endfacet
  facet normal 0.514016 -0.85778 0
    outer loop
      vertex -46.0592 62.8324 28
      vertex -46.1645 62.7693 14
      vertex -46.0592 62.8324 14
    endloop
  endfacet
  facet normal 0.904003 0.427525 0
    outer loop
      vertex -46.5724 61.1408 28
      vertex -46.6248 61.2516 14
      vertex -46.6248 61.2516 28
    endloop
  endfacet
  facet normal 0.904003 0.427525 0
    outer loop
      vertex -46.6248 61.2516 14
      vertex -46.5724 61.1408 28
      vertex -46.5724 61.1408 14
    endloop
  endfacet
  facet normal 0.242919 -0.970047 0
    outer loop
      vertex -45.8329 62.9262 14
      vertex -45.7139 62.956 28
      vertex -45.8329 62.9262 28
    endloop
  endfacet
  facet normal 0.242919 -0.970047 0
    outer loop
      vertex -45.7139 62.956 28
      vertex -45.8329 62.9262 14
      vertex -45.7139 62.956 14
    endloop
  endfacet
  facet normal 0.85778 0.514016 0
    outer loop
      vertex -46.5093 61.0355 28
      vertex -46.5724 61.1408 14
      vertex -46.5724 61.1408 28
    endloop
  endfacet
  facet normal 0.85778 0.514016 0
    outer loop
      vertex -46.5724 61.1408 14
      vertex -46.5093 61.0355 28
      vertex -46.5093 61.0355 14
    endloop
  endfacet
  facet normal -0.242919 0.970047 0
    outer loop
      vertex -45.1071 60.5338 14
      vertex -45.2261 60.504 28
      vertex -45.1071 60.5338 28
    endloop
  endfacet
  facet normal -0.242919 0.970047 0
    outer loop
      vertex -45.2261 60.504 28
      vertex -45.1071 60.5338 14
      vertex -45.2261 60.504 14
    endloop
  endfacet
  facet normal 0.595423 0.803413 -0
    outer loop
      vertex -46.1645 60.6907 14
      vertex -46.263 60.7637 28
      vertex -46.1645 60.6907 28
    endloop
  endfacet
  facet normal 0.595423 0.803413 0
    outer loop
      vertex -46.263 60.7637 28
      vertex -46.1645 60.6907 14
      vertex -46.263 60.7637 14
    endloop
  endfacet
  facet normal -0.514016 0.85778 0
    outer loop
      vertex -44.7755 60.6907 14
      vertex -44.8808 60.6276 28
      vertex -44.7755 60.6907 28
    endloop
  endfacet
  facet normal -0.514016 0.85778 0
    outer loop
      vertex -44.8808 60.6276 28
      vertex -44.7755 60.6907 14
      vertex -44.8808 60.6276 14
    endloop
  endfacet
  facet normal -0.803413 0.595423 0
    outer loop
      vertex -44.5037 60.937 14
      vertex -44.4307 61.0355 28
      vertex -44.4307 61.0355 14
    endloop
  endfacet
  facet normal -0.803413 0.595423 0
    outer loop
      vertex -44.4307 61.0355 28
      vertex -44.5037 60.937 14
      vertex -44.5037 60.937 28
    endloop
  endfacet
  facet normal -0.146667 -0.989186 0
    outer loop
      vertex -45.3475 62.974 14
      vertex -45.2261 62.956 28
      vertex -45.3475 62.974 28
    endloop
  endfacet
  facet normal -0.146667 -0.989186 -0
    outer loop
      vertex -45.2261 62.956 28
      vertex -45.3475 62.974 14
      vertex -45.2261 62.956 14
    endloop
  endfacet
  facet normal 0.595423 -0.803413 0
    outer loop
      vertex -46.263 62.6963 14
      vertex -46.1645 62.7693 28
      vertex -46.263 62.6963 28
    endloop
  endfacet
  facet normal 0.595423 -0.803413 0
    outer loop
      vertex -46.1645 62.7693 28
      vertex -46.263 62.6963 14
      vertex -46.1645 62.7693 14
    endloop
  endfacet
  facet normal 0.803413 -0.595423 0
    outer loop
      vertex -46.5093 62.4245 28
      vertex -46.4363 62.523 14
      vertex -46.4363 62.523 28
    endloop
  endfacet
  facet normal 0.803413 -0.595423 0
    outer loop
      vertex -46.4363 62.523 14
      vertex -46.5093 62.4245 28
      vertex -46.5093 62.4245 14
    endloop
  endfacet
  facet normal -0.989186 0.146667 0
    outer loop
      vertex -44.244 61.4861 14
      vertex -44.226 61.6075 28
      vertex -44.226 61.6075 14
    endloop
  endfacet
  facet normal -0.989186 0.146667 0
    outer loop
      vertex -44.226 61.6075 28
      vertex -44.244 61.4861 14
      vertex -44.244 61.4861 28
    endloop
  endfacet
  facet normal 0.941354 -0.33742 0
    outer loop
      vertex -46.6662 62.0929 28
      vertex -46.6248 62.2084 14
      vertex -46.6248 62.2084 28
    endloop
  endfacet
  facet normal 0.941354 -0.33742 0
    outer loop
      vertex -46.6248 62.2084 14
      vertex -46.6662 62.0929 28
      vertex -46.6662 62.0929 14
    endloop
  endfacet
  facet normal -0.427525 -0.904003 0
    outer loop
      vertex -44.9916 62.8848 14
      vertex -44.8808 62.8324 28
      vertex -44.9916 62.8848 28
    endloop
  endfacet
  facet normal -0.427525 -0.904003 -0
    outer loop
      vertex -44.8808 62.8324 28
      vertex -44.9916 62.8848 14
      vertex -44.8808 62.8324 14
    endloop
  endfacet
  facet normal 0.941354 0.33742 0
    outer loop
      vertex -46.6248 61.2516 28
      vertex -46.6662 61.3671 14
      vertex -46.6662 61.3671 28
    endloop
  endfacet
  facet normal 0.941354 0.33742 0
    outer loop
      vertex -46.6662 61.3671 14
      vertex -46.6248 61.2516 28
      vertex -46.6248 61.2516 14
    endloop
  endfacet
  facet normal -0.970047 0.242919 0
    outer loop
      vertex -44.2738 61.3671 14
      vertex -44.244 61.4861 28
      vertex -44.244 61.4861 14
    endloop
  endfacet
  facet normal -0.970047 0.242919 0
    outer loop
      vertex -44.244 61.4861 28
      vertex -44.2738 61.3671 14
      vertex -44.2738 61.3671 28
    endloop
  endfacet
  facet normal 0.0489209 -0.998803 0
    outer loop
      vertex -45.5925 62.974 14
      vertex -45.47 62.98 28
      vertex -45.5925 62.974 28
    endloop
  endfacet
  facet normal 0.0489209 -0.998803 0
    outer loop
      vertex -45.47 62.98 28
      vertex -45.5925 62.974 14
      vertex -45.47 62.98 14
    endloop
  endfacet
  facet normal -0.671617 -0.740898 0
    outer loop
      vertex -44.677 62.6963 14
      vertex -44.5861 62.6139 28
      vertex -44.677 62.6963 28
    endloop
  endfacet
  facet normal -0.671617 -0.740898 -0
    outer loop
      vertex -44.5861 62.6139 28
      vertex -44.677 62.6963 14
      vertex -44.5861 62.6139 14
    endloop
  endfacet
  facet normal 0.427525 -0.904003 0
    outer loop
      vertex -46.0592 62.8324 14
      vertex -45.9484 62.8848 28
      vertex -46.0592 62.8324 28
    endloop
  endfacet
  facet normal 0.427525 -0.904003 0
    outer loop
      vertex -45.9484 62.8848 28
      vertex -46.0592 62.8324 14
      vertex -45.9484 62.8848 14
    endloop
  endfacet
  facet normal 0.671617 -0.740898 0
    outer loop
      vertex -46.3539 62.6139 14
      vertex -46.263 62.6963 28
      vertex -46.3539 62.6139 28
    endloop
  endfacet
  facet normal 0.671617 -0.740898 0
    outer loop
      vertex -46.263 62.6963 28
      vertex -46.3539 62.6139 14
      vertex -46.263 62.6963 14
    endloop
  endfacet
  facet normal -0.336698 0.941613 0
    outer loop
      vertex -44.9916 60.5751 14
      vertex -45.1071 60.5338 28
      vertex -44.9916 60.5751 28
    endloop
  endfacet
  facet normal -0.336698 0.941613 0
    outer loop
      vertex -45.1071 60.5338 28
      vertex -44.9916 60.5751 14
      vertex -45.1071 60.5338 14
    endloop
  endfacet
  facet normal 0.33742 -0.941354 0
    outer loop
      vertex -45.9484 62.8848 14
      vertex -45.8329 62.9262 28
      vertex -45.9484 62.8848 28
    endloop
  endfacet
  facet normal 0.33742 -0.941354 0
    outer loop
      vertex -45.8329 62.9262 28
      vertex -45.9484 62.8848 14
      vertex -45.8329 62.9262 14
    endloop
  endfacet
  facet normal -0.803413 -0.595423 0
    outer loop
      vertex -44.4307 62.4245 14
      vertex -44.5037 62.523 28
      vertex -44.5037 62.523 14
    endloop
  endfacet
  facet normal -0.803413 -0.595423 0
    outer loop
      vertex -44.5037 62.523 28
      vertex -44.4307 62.4245 14
      vertex -44.4307 62.4245 28
    endloop
  endfacet
  facet normal 0.85778 -0.514016 0
    outer loop
      vertex -46.5724 62.3192 28
      vertex -46.5093 62.4245 14
      vertex -46.5093 62.4245 28
    endloop
  endfacet
  facet normal 0.85778 -0.514016 0
    outer loop
      vertex -46.5093 62.4245 14
      vertex -46.5724 62.3192 28
      vertex -46.5724 62.3192 14
    endloop
  endfacet
  facet normal -0.998803 0.0489209 0
    outer loop
      vertex -44.226 61.6075 14
      vertex -44.22 61.73 28
      vertex -44.22 61.73 14
    endloop
  endfacet
  facet normal -0.998803 0.0489209 0
    outer loop
      vertex -44.22 61.73 28
      vertex -44.226 61.6075 14
      vertex -44.226 61.6075 28
    endloop
  endfacet
  facet normal -0.904003 0.427525 0
    outer loop
      vertex -44.3676 61.1408 14
      vertex -44.3152 61.2516 28
      vertex -44.3152 61.2516 14
    endloop
  endfacet
  facet normal -0.904003 0.427525 0
    outer loop
      vertex -44.3152 61.2516 28
      vertex -44.3676 61.1408 14
      vertex -44.3676 61.1408 28
    endloop
  endfacet
  facet normal 0.671617 0.740898 -0
    outer loop
      vertex -46.263 60.7637 14
      vertex -46.3539 60.8461 28
      vertex -46.263 60.7637 28
    endloop
  endfacet
  facet normal 0.671617 0.740898 0
    outer loop
      vertex -46.3539 60.8461 28
      vertex -46.263 60.7637 14
      vertex -46.3539 60.8461 14
    endloop
  endfacet
  facet normal -0.595423 -0.803413 0
    outer loop
      vertex -44.7755 62.7693 14
      vertex -44.677 62.6963 28
      vertex -44.7755 62.7693 28
    endloop
  endfacet
  facet normal -0.595423 -0.803413 -0
    outer loop
      vertex -44.677 62.6963 28
      vertex -44.7755 62.7693 14
      vertex -44.677 62.6963 14
    endloop
  endfacet
  facet normal 0.514016 0.85778 -0
    outer loop
      vertex -46.0592 60.6276 14
      vertex -46.1645 60.6907 28
      vertex -46.0592 60.6276 28
    endloop
  endfacet
  facet normal 0.514016 0.85778 0
    outer loop
      vertex -46.1645 60.6907 28
      vertex -46.0592 60.6276 14
      vertex -46.1645 60.6907 14
    endloop
  endfacet
  facet normal -0.514016 -0.85778 0
    outer loop
      vertex -44.8808 62.8324 14
      vertex -44.7755 62.7693 28
      vertex -44.8808 62.8324 28
    endloop
  endfacet
  facet normal -0.514016 -0.85778 -0
    outer loop
      vertex -44.7755 62.7693 28
      vertex -44.8808 62.8324 14
      vertex -44.7755 62.7693 14
    endloop
  endfacet
  facet normal -0.146667 0.989186 0
    outer loop
      vertex -45.2261 60.504 14
      vertex -45.3475 60.486 28
      vertex -45.2261 60.504 28
    endloop
  endfacet
  facet normal -0.146667 0.989186 0
    outer loop
      vertex -45.3475 60.486 28
      vertex -45.2261 60.504 14
      vertex -45.3475 60.486 14
    endloop
  endfacet
  facet normal -0.941354 -0.33742 0
    outer loop
      vertex -44.2738 62.0929 14
      vertex -44.3152 62.2084 28
      vertex -44.3152 62.2084 14
    endloop
  endfacet
  facet normal -0.941354 -0.33742 0
    outer loop
      vertex -44.3152 62.2084 28
      vertex -44.2738 62.0929 14
      vertex -44.2738 62.0929 28
    endloop
  endfacet
  facet normal -0.85778 0.514016 0
    outer loop
      vertex -44.4307 61.0355 14
      vertex -44.3676 61.1408 28
      vertex -44.3676 61.1408 14
    endloop
  endfacet
  facet normal -0.85778 0.514016 0
    outer loop
      vertex -44.3676 61.1408 28
      vertex -44.4307 61.0355 14
      vertex -44.4307 61.0355 28
    endloop
  endfacet
  facet normal 0.998803 0.0489209 0
    outer loop
      vertex -46.714 61.6075 28
      vertex -46.72 61.73 14
      vertex -46.72 61.73 28
    endloop
  endfacet
  facet normal 0.998803 0.0489209 0
    outer loop
      vertex -46.72 61.73 14
      vertex -46.714 61.6075 28
      vertex -46.714 61.6075 14
    endloop
  endfacet
  facet normal -0.941354 0.33742 0
    outer loop
      vertex -44.3152 61.2516 14
      vertex -44.2738 61.3671 28
      vertex -44.2738 61.3671 14
    endloop
  endfacet
  facet normal -0.941354 0.33742 0
    outer loop
      vertex -44.2738 61.3671 28
      vertex -44.3152 61.2516 14
      vertex -44.3152 61.2516 28
    endloop
  endfacet
  facet normal -0.740898 -0.671617 0
    outer loop
      vertex -44.5037 62.523 14
      vertex -44.5861 62.6139 28
      vertex -44.5861 62.6139 14
    endloop
  endfacet
  facet normal -0.740898 -0.671617 0
    outer loop
      vertex -44.5861 62.6139 28
      vertex -44.5037 62.523 14
      vertex -44.5037 62.523 28
    endloop
  endfacet
  facet normal -0.0489209 -0.998803 0
    outer loop
      vertex -45.47 62.98 14
      vertex -45.3475 62.974 28
      vertex -45.47 62.98 28
    endloop
  endfacet
  facet normal -0.0489209 -0.998803 -0
    outer loop
      vertex -45.3475 62.974 28
      vertex -45.47 62.98 14
      vertex -45.3475 62.974 14
    endloop
  endfacet
  facet normal -0.904003 -0.427525 0
    outer loop
      vertex -44.3152 62.2084 14
      vertex -44.3676 62.3192 28
      vertex -44.3676 62.3192 14
    endloop
  endfacet
  facet normal -0.904003 -0.427525 0
    outer loop
      vertex -44.3676 62.3192 28
      vertex -44.3152 62.2084 14
      vertex -44.3152 62.2084 28
    endloop
  endfacet
  facet normal 0.146667 0.989186 -0
    outer loop
      vertex -45.5925 60.486 14
      vertex -45.7139 60.504 28
      vertex -45.5925 60.486 28
    endloop
  endfacet
  facet normal 0.146667 0.989186 0
    outer loop
      vertex -45.7139 60.504 28
      vertex -45.5925 60.486 14
      vertex -45.7139 60.504 14
    endloop
  endfacet
  facet normal -0.671617 0.740898 0
    outer loop
      vertex -44.5861 60.8461 14
      vertex -44.677 60.7637 28
      vertex -44.5861 60.8461 28
    endloop
  endfacet
  facet normal -0.671617 0.740898 0
    outer loop
      vertex -44.677 60.7637 28
      vertex -44.5861 60.8461 14
      vertex -44.677 60.7637 14
    endloop
  endfacet
  facet normal -0.85778 -0.514016 0
    outer loop
      vertex -44.3676 62.3192 14
      vertex -44.4307 62.4245 28
      vertex -44.4307 62.4245 14
    endloop
  endfacet
  facet normal -0.85778 -0.514016 0
    outer loop
      vertex -44.4307 62.4245 28
      vertex -44.3676 62.3192 14
      vertex -44.3676 62.3192 28
    endloop
  endfacet
  facet normal 0.0489209 0.998803 -0
    outer loop
      vertex -45.47 60.48 14
      vertex -45.5925 60.486 28
      vertex -45.47 60.48 28
    endloop
  endfacet
  facet normal 0.0489209 0.998803 0
    outer loop
      vertex -45.5925 60.486 28
      vertex -45.47 60.48 14
      vertex -45.5925 60.486 14
    endloop
  endfacet
  facet normal 0.740898 -0.671617 0
    outer loop
      vertex -46.4363 62.523 28
      vertex -46.3539 62.6139 14
      vertex -46.3539 62.6139 28
    endloop
  endfacet
  facet normal 0.740898 -0.671617 0
    outer loop
      vertex -46.3539 62.6139 14
      vertex -46.4363 62.523 28
      vertex -46.4363 62.523 14
    endloop
  endfacet
  facet normal 0.146667 -0.989186 0
    outer loop
      vertex -45.7139 62.956 14
      vertex -45.5925 62.974 28
      vertex -45.7139 62.956 28
    endloop
  endfacet
  facet normal 0.146667 -0.989186 0
    outer loop
      vertex -45.5925 62.974 28
      vertex -45.7139 62.956 14
      vertex -45.5925 62.974 14
    endloop
  endfacet
  facet normal 0.904003 -0.427525 0
    outer loop
      vertex -46.6248 62.2084 28
      vertex -46.5724 62.3192 14
      vertex -46.5724 62.3192 28
    endloop
  endfacet
  facet normal 0.904003 -0.427525 0
    outer loop
      vertex -46.5724 62.3192 14
      vertex -46.6248 62.2084 28
      vertex -46.6248 62.2084 14
    endloop
  endfacet
  facet normal 0.970047 -0.242919 0
    outer loop
      vertex -46.696 61.9739 28
      vertex -46.6662 62.0929 14
      vertex -46.6662 62.0929 28
    endloop
  endfacet
  facet normal 0.970047 -0.242919 0
    outer loop
      vertex -46.6662 62.0929 14
      vertex -46.696 61.9739 28
      vertex -46.696 61.9739 14
    endloop
  endfacet
  facet normal -0.242919 -0.970047 0
    outer loop
      vertex -45.2261 62.956 14
      vertex -45.1071 62.9262 28
      vertex -45.2261 62.956 28
    endloop
  endfacet
  facet normal -0.242919 -0.970047 -0
    outer loop
      vertex -45.1071 62.9262 28
      vertex -45.2261 62.956 14
      vertex -45.1071 62.9262 14
    endloop
  endfacet
  facet normal 0.970047 0.242919 0
    outer loop
      vertex -46.6662 61.3671 28
      vertex -46.696 61.4861 14
      vertex -46.696 61.4861 28
    endloop
  endfacet
  facet normal 0.970047 0.242919 0
    outer loop
      vertex -46.696 61.4861 14
      vertex -46.6662 61.3671 28
      vertex -46.6662 61.3671 14
    endloop
  endfacet
  facet normal 0.428192 0.903688 -0
    outer loop
      vertex -45.9484 60.5751 14
      vertex -46.0592 60.6276 28
      vertex -45.9484 60.5751 28
    endloop
  endfacet
  facet normal 0.428192 0.903688 0
    outer loop
      vertex -46.0592 60.6276 28
      vertex -45.9484 60.5751 14
      vertex -46.0592 60.6276 14
    endloop
  endfacet
  facet normal 0.740898 0.671617 0
    outer loop
      vertex -46.3539 60.8461 28
      vertex -46.4363 60.937 14
      vertex -46.4363 60.937 28
    endloop
  endfacet
  facet normal 0.740898 0.671617 0
    outer loop
      vertex -46.4363 60.937 14
      vertex -46.3539 60.8461 28
      vertex -46.3539 60.8461 14
    endloop
  endfacet
  facet normal -0.428192 0.903688 0
    outer loop
      vertex -44.8808 60.6276 14
      vertex -44.9916 60.5751 28
      vertex -44.8808 60.6276 28
    endloop
  endfacet
  facet normal -0.428192 0.903688 0
    outer loop
      vertex -44.9916 60.5751 28
      vertex -44.8808 60.6276 14
      vertex -44.9916 60.5751 14
    endloop
  endfacet
  facet normal -0.0489209 0.998803 0
    outer loop
      vertex -45.3475 60.486 14
      vertex -45.47 60.48 28
      vertex -45.3475 60.486 28
    endloop
  endfacet
  facet normal -0.0489209 0.998803 0
    outer loop
      vertex -45.47 60.48 28
      vertex -45.3475 60.486 14
      vertex -45.47 60.48 14
    endloop
  endfacet
  facet normal 0.989186 0.146667 0
    outer loop
      vertex -46.696 61.4861 28
      vertex -46.714 61.6075 14
      vertex -46.714 61.6075 28
    endloop
  endfacet
  facet normal 0.989186 0.146667 0
    outer loop
      vertex -46.714 61.6075 14
      vertex -46.696 61.4861 28
      vertex -46.696 61.4861 14
    endloop
  endfacet
  facet normal -0.595423 0.803413 0
    outer loop
      vertex -44.677 60.7637 14
      vertex -44.7755 60.6907 28
      vertex -44.677 60.7637 28
    endloop
  endfacet
  facet normal -0.595423 0.803413 0
    outer loop
      vertex -44.7755 60.6907 28
      vertex -44.677 60.7637 14
      vertex -44.7755 60.6907 14
    endloop
  endfacet
  facet normal 0 0 1
    outer loop
      vertex -44.226 61.8525 14
      vertex -44.226 61.6075 14
      vertex -44.22 61.73 14
    endloop
  endfacet
  facet normal 0 0 1
    outer loop
      vertex -44.244 61.9739 14
      vertex -44.226 61.6075 14
      vertex -44.226 61.8525 14
    endloop
  endfacet
  facet normal 0 0 1
    outer loop
      vertex -44.244 61.9739 14
      vertex -44.244 61.4861 14
      vertex -44.226 61.6075 14
    endloop
  endfacet
  facet normal 0 0 1
    outer loop
      vertex -44.2738 62.0929 14
      vertex -44.244 61.4861 14
      vertex -44.244 61.9739 14
    endloop
  endfacet
  facet normal 0 0 1
    outer loop
      vertex -44.2738 62.0929 14
      vertex -44.2738 61.3671 14
      vertex -44.244 61.4861 14
    endloop
  endfacet
  facet normal 0 0 1
    outer loop
      vertex -44.3152 62.2084 14
      vertex -44.2738 61.3671 14
      vertex -44.2738 62.0929 14
    endloop
  endfacet
  facet normal 0 0 1
    outer loop
      vertex -44.3152 62.2084 14
      vertex -44.3152 61.2516 14
      vertex -44.2738 61.3671 14
    endloop
  endfacet
  facet normal 0 0 1
    outer loop
      vertex -44.3676 62.3192 14
      vertex -44.3152 61.2516 14
      vertex -44.3152 62.2084 14
    endloop
  endfacet
  facet normal 0 0 1
    outer loop
      vertex -44.3676 62.3192 14
      vertex -44.3676 61.1408 14
      vertex -44.3152 61.2516 14
    endloop
  endfacet
  facet normal 0 0 1
    outer loop
      vertex -44.4307 62.4245 14
      vertex -44.3676 61.1408 14
      vertex -44.3676 62.3192 14
    endloop
  endfacet
  facet normal 0 0 1
    outer loop
      vertex -44.4307 62.4245 14
      vertex -44.4307 61.0355 14
      vertex -44.3676 61.1408 14
    endloop
  endfacet
  facet normal 0 0 1
    outer loop
      vertex -44.5037 62.523 14
      vertex -44.4307 61.0355 14
      vertex -44.4307 62.4245 14
    endloop
  endfacet
  facet normal 0 0 1
    outer loop
      vertex -44.5037 62.523 14
      vertex -44.5037 60.937 14
      vertex -44.4307 61.0355 14
    endloop
  endfacet
  facet normal 0 0 1
    outer loop
      vertex -44.5861 62.6139 14
      vertex -44.5037 60.937 14
      vertex -44.5037 62.523 14
    endloop
  endfacet
  facet normal 0 0 1
    outer loop
      vertex -44.5861 62.6139 14
      vertex -44.5861 60.8461 14
      vertex -44.5037 60.937 14
    endloop
  endfacet
  facet normal 0 0 1
    outer loop
      vertex -44.677 62.6963 14
      vertex -44.5861 60.8461 14
      vertex -44.5861 62.6139 14
    endloop
  endfacet
  facet normal 0 0 1
    outer loop
      vertex -44.677 62.6963 14
      vertex -44.677 60.7637 14
      vertex -44.5861 60.8461 14
    endloop
  endfacet
  facet normal 0 0 1
    outer loop
      vertex -44.7755 62.7693 14
      vertex -44.677 60.7637 14
      vertex -44.677 62.6963 14
    endloop
  endfacet
  facet normal 0 0 1
    outer loop
      vertex -44.7755 62.7693 14
      vertex -44.7755 60.6907 14
      vertex -44.677 60.7637 14
    endloop
  endfacet
  facet normal 0 0 1
    outer loop
      vertex -44.8808 62.8324 14
      vertex -44.7755 60.6907 14
      vertex -44.7755 62.7693 14
    endloop
  endfacet
  facet normal 0 0 1
    outer loop
      vertex -44.8808 62.8324 14
      vertex -44.8808 60.6276 14
      vertex -44.7755 60.6907 14
    endloop
  endfacet
  facet normal 0 0 1
    outer loop
      vertex -44.9916 62.8848 14
      vertex -44.8808 60.6276 14
      vertex -44.8808 62.8324 14
    endloop
  endfacet
  facet normal 0 0 1
    outer loop
      vertex -44.9916 62.8848 14
      vertex -44.9916 60.5751 14
      vertex -44.8808 60.6276 14
    endloop
  endfacet
  facet normal 0 0 1
    outer loop
      vertex -45.1071 62.9262 14
      vertex -44.9916 60.5751 14
      vertex -44.9916 62.8848 14
    endloop
  endfacet
  facet normal 0 0 1
    outer loop
      vertex -45.1071 62.9262 14
      vertex -45.1071 60.5338 14
      vertex -44.9916 60.5751 14
    endloop
  endfacet
  facet normal 0 0 1
    outer loop
      vertex -45.2261 62.956 14
      vertex -45.1071 60.5338 14
      vertex -45.1071 62.9262 14
    endloop
  endfacet
  facet normal 0 0 1
    outer loop
      vertex -45.2261 62.956 14
      vertex -45.2261 60.504 14
      vertex -45.1071 60.5338 14
    endloop
  endfacet
  facet normal 0 0 1
    outer loop
      vertex -45.3475 62.974 14
      vertex -45.2261 60.504 14
      vertex -45.2261 62.956 14
    endloop
  endfacet
  facet normal 0 0 1
    outer loop
      vertex -45.3475 62.974 14
      vertex -45.3475 60.486 14
      vertex -45.2261 60.504 14
    endloop
  endfacet
  facet normal 0 0 1
    outer loop
      vertex -45.47 62.98 14
      vertex -45.3475 60.486 14
      vertex -45.3475 62.974 14
    endloop
  endfacet
  facet normal 0 0 1
    outer loop
      vertex -45.47 62.98 14
      vertex -45.47 60.48 14
      vertex -45.3475 60.486 14
    endloop
  endfacet
  facet normal -0 0 1
    outer loop
      vertex -45.5925 62.974 14
      vertex -45.47 60.48 14
      vertex -45.47 62.98 14
    endloop
  endfacet
  facet normal 0 0 1
    outer loop
      vertex -45.5925 62.974 14
      vertex -45.5925 60.486 14
      vertex -45.47 60.48 14
    endloop
  endfacet
  facet normal -0 0 1
    outer loop
      vertex -45.7139 62.956 14
      vertex -45.5925 60.486 14
      vertex -45.5925 62.974 14
    endloop
  endfacet
  facet normal 0 0 1
    outer loop
      vertex -45.7139 62.956 14
      vertex -45.7139 60.504 14
      vertex -45.5925 60.486 14
    endloop
  endfacet
  facet normal -0 0 1
    outer loop
      vertex -45.8329 62.9262 14
      vertex -45.7139 60.504 14
      vertex -45.7139 62.956 14
    endloop
  endfacet
  facet normal 0 0 1
    outer loop
      vertex -45.8329 62.9262 14
      vertex -45.8329 60.5338 14
      vertex -45.7139 60.504 14
    endloop
  endfacet
  facet normal -0 0 1
    outer loop
      vertex -45.9484 62.8848 14
      vertex -45.8329 60.5338 14
      vertex -45.8329 62.9262 14
    endloop
  endfacet
  facet normal 0 0 1
    outer loop
      vertex -45.9484 62.8848 14
      vertex -45.9484 60.5751 14
      vertex -45.8329 60.5338 14
    endloop
  endfacet
  facet normal -0 0 1
    outer loop
      vertex -46.0592 62.8324 14
      vertex -45.9484 60.5751 14
      vertex -45.9484 62.8848 14
    endloop
  endfacet
  facet normal 0 0 1
    outer loop
      vertex -46.0592 62.8324 14
      vertex -46.0592 60.6276 14
      vertex -45.9484 60.5751 14
    endloop
  endfacet
  facet normal -0 0 1
    outer loop
      vertex -46.1645 62.7693 14
      vertex -46.0592 60.6276 14
      vertex -46.0592 62.8324 14
    endloop
  endfacet
  facet normal 0 0 1
    outer loop
      vertex -46.1645 62.7693 14
      vertex -46.1645 60.6907 14
      vertex -46.0592 60.6276 14
    endloop
  endfacet
  facet normal -0 0 1
    outer loop
      vertex -46.263 62.6963 14
      vertex -46.1645 60.6907 14
      vertex -46.1645 62.7693 14
    endloop
  endfacet
  facet normal 0 0 1
    outer loop
      vertex -46.263 62.6963 14
      vertex -46.263 60.7637 14
      vertex -46.1645 60.6907 14
    endloop
  endfacet
  facet normal -0 0 1
    outer loop
      vertex -46.3539 62.6139 14
      vertex -46.263 60.7637 14
      vertex -46.263 62.6963 14
    endloop
  endfacet
  facet normal 0 0 1
    outer loop
      vertex -46.3539 62.6139 14
      vertex -46.3539 60.8461 14
      vertex -46.263 60.7637 14
    endloop
  endfacet
  facet normal -0 0 1
    outer loop
      vertex -46.4363 62.523 14
      vertex -46.3539 60.8461 14
      vertex -46.3539 62.6139 14
    endloop
  endfacet
  facet normal 0 0 1
    outer loop
      vertex -46.4363 62.523 14
      vertex -46.4363 60.937 14
      vertex -46.3539 60.8461 14
    endloop
  endfacet
  facet normal -0 0 1
    outer loop
      vertex -46.5093 62.4245 14
      vertex -46.4363 60.937 14
      vertex -46.4363 62.523 14
    endloop
  endfacet
  facet normal 0 0 1
    outer loop
      vertex -46.5093 62.4245 14
      vertex -46.5093 61.0355 14
      vertex -46.4363 60.937 14
    endloop
  endfacet
  facet normal -0 0 1
    outer loop
      vertex -46.5724 62.3192 14
      vertex -46.5093 61.0355 14
      vertex -46.5093 62.4245 14
    endloop
  endfacet
  facet normal 0 0 1
    outer loop
      vertex -46.5724 62.3192 14
      vertex -46.5724 61.1408 14
      vertex -46.5093 61.0355 14
    endloop
  endfacet
  facet normal -0 0 1
    outer loop
      vertex -46.6248 62.2084 14
      vertex -46.5724 61.1408 14
      vertex -46.5724 62.3192 14
    endloop
  endfacet
  facet normal 0 0 1
    outer loop
      vertex -46.6248 62.2084 14
      vertex -46.6248 61.2516 14
      vertex -46.5724 61.1408 14
    endloop
  endfacet
  facet normal -0 0 1
    outer loop
      vertex -46.6662 62.0929 14
      vertex -46.6248 61.2516 14
      vertex -46.6248 62.2084 14
    endloop
  endfacet
  facet normal 0 0 1
    outer loop
      vertex -46.6662 62.0929 14
      vertex -46.6662 61.3671 14
      vertex -46.6248 61.2516 14
    endloop
  endfacet
  facet normal -0 0 1
    outer loop
      vertex -46.696 61.9739 14
      vertex -46.6662 61.3671 14
      vertex -46.6662 62.0929 14
    endloop
  endfacet
  facet normal 0 0 1
    outer loop
      vertex -46.696 61.9739 14
      vertex -46.696 61.4861 14
      vertex -46.6662 61.3671 14
    endloop
  endfacet
  facet normal -0 0 1
    outer loop
      vertex -46.714 61.8525 14
      vertex -46.696 61.4861 14
      vertex -46.696 61.9739 14
    endloop
  endfacet
  facet normal 0 0 1
    outer loop
      vertex -46.714 61.8525 14
      vertex -46.714 61.6075 14
      vertex -46.696 61.4861 14
    endloop
  endfacet
  facet normal 0 -0 1
    outer loop
      vertex -46.714 61.6075 14
      vertex -46.714 61.8525 14
      vertex -46.72 61.73 14
    endloop
  endfacet
  facet normal 0.803413 0.595423 0
    outer loop
      vertex -46.4363 60.937 28
      vertex -46.5093 61.0355 14
      vertex -46.5093 61.0355 28
    endloop
  endfacet
  facet normal 0.803413 0.595423 0
    outer loop
      vertex -46.5093 61.0355 14
      vertex -46.4363 60.937 28
      vertex -46.4363 60.937 14
    endloop
  endfacet
  facet normal 0.998803 -0.0489209 0
    outer loop
      vertex -46.72 61.73 28
      vertex -46.714 61.8525 14
      vertex -46.714 61.8525 28
    endloop
  endfacet
  facet normal 0.998803 -0.0489209 0
    outer loop
      vertex -46.714 61.8525 14
      vertex -46.72 61.73 28
      vertex -46.72 61.73 14
    endloop
  endfacet
  facet normal -0.740898 0.671617 0
    outer loop
      vertex -44.5861 60.8461 14
      vertex -44.5037 60.937 28
      vertex -44.5037 60.937 14
    endloop
  endfacet
  facet normal -0.740898 0.671617 0
    outer loop
      vertex -44.5037 60.937 28
      vertex -44.5861 60.8461 14
      vertex -44.5861 60.8461 28
    endloop
  endfacet
  facet normal -0.989186 -0.146667 0
    outer loop
      vertex 46.714 -17.4075 14
      vertex 46.696 -17.2861 28
      vertex 46.696 -17.2861 14
    endloop
  endfacet
  facet normal -0.989186 -0.146667 0
    outer loop
      vertex 46.696 -17.2861 28
      vertex 46.714 -17.4075 14
      vertex 46.714 -17.4075 28
    endloop
  endfacet
  facet normal -0.998803 -0.0489209 0
    outer loop
      vertex 46.72 -17.53 14
      vertex 46.714 -17.4075 28
      vertex 46.714 -17.4075 14
    endloop
  endfacet
  facet normal -0.998803 -0.0489209 0
    outer loop
      vertex 46.714 -17.4075 28
      vertex 46.72 -17.53 14
      vertex 46.72 -17.53 28
    endloop
  endfacet
  facet normal -0.970047 -0.242919 0
    outer loop
      vertex 46.696 -17.2861 14
      vertex 46.6662 -17.1671 28
      vertex 46.6662 -17.1671 14
    endloop
  endfacet
  facet normal -0.970047 -0.242919 0
    outer loop
      vertex 46.6662 -17.1671 28
      vertex 46.696 -17.2861 14
      vertex 46.696 -17.2861 28
    endloop
  endfacet
  facet normal 0.514016 0.85778 -0
    outer loop
      vertex 44.8808 -18.6324 14
      vertex 44.7755 -18.5693 28
      vertex 44.8808 -18.6324 28
    endloop
  endfacet
  facet normal 0.514016 0.85778 0
    outer loop
      vertex 44.7755 -18.5693 28
      vertex 44.8808 -18.6324 14
      vertex 44.7755 -18.5693 14
    endloop
  endfacet
  facet normal -0.146667 -0.989186 0
    outer loop
      vertex 45.5925 -16.286 14
      vertex 45.7139 -16.304 28
      vertex 45.5925 -16.286 28
    endloop
  endfacet
  facet normal -0.146667 -0.989186 -0
    outer loop
      vertex 45.7139 -16.304 28
      vertex 45.5925 -16.286 14
      vertex 45.7139 -16.304 14
    endloop
  endfacet
  facet normal 0.427525 0.904003 -0
    outer loop
      vertex 44.9916 -18.6848 14
      vertex 44.8808 -18.6324 28
      vertex 44.9916 -18.6848 28
    endloop
  endfacet
  facet normal 0.427525 0.904003 0
    outer loop
      vertex 44.8808 -18.6324 28
      vertex 44.9916 -18.6848 14
      vertex 44.8808 -18.6324 14
    endloop
  endfacet
  facet normal -0.427525 0.904003 0
    outer loop
      vertex 46.0592 -18.6324 14
      vertex 45.9484 -18.6848 28
      vertex 46.0592 -18.6324 28
    endloop
  endfacet
  facet normal -0.427525 0.904003 0
    outer loop
      vertex 45.9484 -18.6848 28
      vertex 46.0592 -18.6324 14
      vertex 45.9484 -18.6848 14
    endloop
  endfacet
  facet normal -0.0489209 -0.998803 0
    outer loop
      vertex 45.47 -16.28 14
      vertex 45.5925 -16.286 28
      vertex 45.47 -16.28 28
    endloop
  endfacet
  facet normal -0.0489209 -0.998803 -0
    outer loop
      vertex 45.5925 -16.286 28
      vertex 45.47 -16.28 14
      vertex 45.5925 -16.286 14
    endloop
  endfacet
  facet normal -0.989186 0.146667 0
    outer loop
      vertex 46.696 -17.7739 14
      vertex 46.714 -17.6525 28
      vertex 46.714 -17.6525 14
    endloop
  endfacet
  facet normal -0.989186 0.146667 0
    outer loop
      vertex 46.714 -17.6525 28
      vertex 46.696 -17.7739 14
      vertex 46.696 -17.7739 28
    endloop
  endfacet
  facet normal 0.941354 0.33742 0
    outer loop
      vertex 44.3152 -18.0084 28
      vertex 44.2738 -17.8929 14
      vertex 44.2738 -17.8929 28
    endloop
  endfacet
  facet normal 0.941354 0.33742 0
    outer loop
      vertex 44.2738 -17.8929 14
      vertex 44.3152 -18.0084 28
      vertex 44.3152 -18.0084 14
    endloop
  endfacet
  facet normal 0.904003 0.427525 0
    outer loop
      vertex 44.3676 -18.1192 28
      vertex 44.3152 -18.0084 14
      vertex 44.3152 -18.0084 28
    endloop
  endfacet
  facet normal 0.904003 0.427525 0
    outer loop
      vertex 44.3152 -18.0084 14
      vertex 44.3676 -18.1192 28
      vertex 44.3676 -18.1192 14
    endloop
  endfacet
  facet normal 0.941354 -0.33742 0
    outer loop
      vertex 44.2738 -17.1671 28
      vertex 44.3152 -17.0516 14
      vertex 44.3152 -17.0516 28
    endloop
  endfacet
  facet normal 0.941354 -0.33742 0
    outer loop
      vertex 44.3152 -17.0516 14
      vertex 44.2738 -17.1671 28
      vertex 44.2738 -17.1671 14
    endloop
  endfacet
  facet normal 0.595423 -0.803413 0
    outer loop
      vertex 44.677 -16.5637 14
      vertex 44.7755 -16.4907 28
      vertex 44.677 -16.5637 28
    endloop
  endfacet
  facet normal 0.595423 -0.803413 0
    outer loop
      vertex 44.7755 -16.4907 28
      vertex 44.677 -16.5637 14
      vertex 44.7755 -16.4907 14
    endloop
  endfacet
  facet normal 0.428192 -0.903688 0
    outer loop
      vertex 44.8808 -16.4276 14
      vertex 44.9916 -16.3751 28
      vertex 44.8808 -16.4276 28
    endloop
  endfacet
  facet normal 0.428192 -0.903688 0
    outer loop
      vertex 44.9916 -16.3751 28
      vertex 44.8808 -16.4276 14
      vertex 44.9916 -16.3751 14
    endloop
  endfacet
  facet normal -0.514016 0.85778 0
    outer loop
      vertex 46.1645 -18.5693 14
      vertex 46.0592 -18.6324 28
      vertex 46.1645 -18.5693 28
    endloop
  endfacet
  facet normal -0.514016 0.85778 0
    outer loop
      vertex 46.0592 -18.6324 28
      vertex 46.1645 -18.5693 14
      vertex 46.0592 -18.6324 14
    endloop
  endfacet
  facet normal 0.740898 0.671617 0
    outer loop
      vertex 44.5861 -18.4139 28
      vertex 44.5037 -18.323 14
      vertex 44.5037 -18.323 28
    endloop
  endfacet
  facet normal 0.740898 0.671617 0
    outer loop
      vertex 44.5037 -18.323 14
      vertex 44.5861 -18.4139 28
      vertex 44.5861 -18.4139 14
    endloop
  endfacet
  facet normal -0.904003 -0.427525 0
    outer loop
      vertex 46.6248 -17.0516 14
      vertex 46.5724 -16.9408 28
      vertex 46.5724 -16.9408 14
    endloop
  endfacet
  facet normal -0.904003 -0.427525 0
    outer loop
      vertex 46.5724 -16.9408 28
      vertex 46.6248 -17.0516 14
      vertex 46.6248 -17.0516 28
    endloop
  endfacet
  facet normal -0.998803 0.0489209 0
    outer loop
      vertex 46.714 -17.6525 14
      vertex 46.72 -17.53 28
      vertex 46.72 -17.53 14
    endloop
  endfacet
  facet normal -0.998803 0.0489209 0
    outer loop
      vertex 46.72 -17.53 28
      vertex 46.714 -17.6525 14
      vertex 46.714 -17.6525 28
    endloop
  endfacet
  facet normal -0.595423 0.803413 0
    outer loop
      vertex 46.263 -18.4963 14
      vertex 46.1645 -18.5693 28
      vertex 46.263 -18.4963 28
    endloop
  endfacet
  facet normal -0.595423 0.803413 0
    outer loop
      vertex 46.1645 -18.5693 28
      vertex 46.263 -18.4963 14
      vertex 46.1645 -18.5693 14
    endloop
  endfacet
  facet normal -0.146667 0.989186 0
    outer loop
      vertex 45.7139 -18.756 14
      vertex 45.5925 -18.774 28
      vertex 45.7139 -18.756 28
    endloop
  endfacet
  facet normal -0.146667 0.989186 0
    outer loop
      vertex 45.5925 -18.774 28
      vertex 45.7139 -18.756 14
      vertex 45.5925 -18.774 14
    endloop
  endfacet
  facet normal -0.595423 -0.803413 0
    outer loop
      vertex 46.1645 -16.4907 14
      vertex 46.263 -16.5637 28
      vertex 46.1645 -16.4907 28
    endloop
  endfacet
  facet normal -0.595423 -0.803413 -0
    outer loop
      vertex 46.263 -16.5637 28
      vertex 46.1645 -16.4907 14
      vertex 46.263 -16.5637 14
    endloop
  endfacet
  facet normal -0.33742 0.941354 0
    outer loop
      vertex 45.9484 -18.6848 14
      vertex 45.8329 -18.7262 28
      vertex 45.9484 -18.6848 28
    endloop
  endfacet
  facet normal -0.33742 0.941354 0
    outer loop
      vertex 45.8329 -18.7262 28
      vertex 45.9484 -18.6848 14
      vertex 45.8329 -18.7262 14
    endloop
  endfacet
  facet normal 0.85778 -0.514016 0
    outer loop
      vertex 44.3676 -16.9408 28
      vertex 44.4307 -16.8355 14
      vertex 44.4307 -16.8355 28
    endloop
  endfacet
  facet normal 0.85778 -0.514016 0
    outer loop
      vertex 44.4307 -16.8355 14
      vertex 44.3676 -16.9408 28
      vertex 44.3676 -16.9408 14
    endloop
  endfacet
  facet normal -0.514016 -0.85778 0
    outer loop
      vertex 46.0592 -16.4276 14
      vertex 46.1645 -16.4907 28
      vertex 46.0592 -16.4276 28
    endloop
  endfacet
  facet normal -0.514016 -0.85778 -0
    outer loop
      vertex 46.1645 -16.4907 28
      vertex 46.0592 -16.4276 14
      vertex 46.1645 -16.4907 14
    endloop
  endfacet
  facet normal -0.803413 -0.595423 0
    outer loop
      vertex 46.5093 -16.8355 14
      vertex 46.4363 -16.737 28
      vertex 46.4363 -16.737 14
    endloop
  endfacet
  facet normal -0.803413 -0.595423 0
    outer loop
      vertex 46.4363 -16.737 28
      vertex 46.5093 -16.8355 14
      vertex 46.5093 -16.8355 28
    endloop
  endfacet
  facet normal 0.514016 -0.85778 0
    outer loop
      vertex 44.7755 -16.4907 14
      vertex 44.8808 -16.4276 28
      vertex 44.7755 -16.4907 28
    endloop
  endfacet
  facet normal 0.514016 -0.85778 0
    outer loop
      vertex 44.8808 -16.4276 28
      vertex 44.7755 -16.4907 14
      vertex 44.8808 -16.4276 14
    endloop
  endfacet
  facet normal 0.146667 -0.989186 0
    outer loop
      vertex 45.2261 -16.304 14
      vertex 45.3475 -16.286 28
      vertex 45.2261 -16.304 28
    endloop
  endfacet
  facet normal 0.146667 -0.989186 0
    outer loop
      vertex 45.3475 -16.286 28
      vertex 45.2261 -16.304 14
      vertex 45.3475 -16.286 14
    endloop
  endfacet
  facet normal -0.970047 0.242919 0
    outer loop
      vertex 46.6662 -17.8929 14
      vertex 46.696 -17.7739 28
      vertex 46.696 -17.7739 14
    endloop
  endfacet
  facet normal -0.970047 0.242919 0
    outer loop
      vertex 46.696 -17.7739 28
      vertex 46.6662 -17.8929 14
      vertex 46.6662 -17.8929 28
    endloop
  endfacet
  facet normal 0.998803 0.0489209 0
    outer loop
      vertex 44.226 -17.6525 28
      vertex 44.22 -17.53 14
      vertex 44.22 -17.53 28
    endloop
  endfacet
  facet normal 0.998803 0.0489209 0
    outer loop
      vertex 44.22 -17.53 14
      vertex 44.226 -17.6525 28
      vertex 44.226 -17.6525 14
    endloop
  endfacet
  facet normal 0.336698 -0.941613 0
    outer loop
      vertex 44.9916 -16.3751 14
      vertex 45.1071 -16.3338 28
      vertex 44.9916 -16.3751 28
    endloop
  endfacet
  facet normal 0.336698 -0.941613 0
    outer loop
      vertex 45.1071 -16.3338 28
      vertex 44.9916 -16.3751 14
      vertex 45.1071 -16.3338 14
    endloop
  endfacet
  facet normal -0.85778 0.514016 0
    outer loop
      vertex 46.5093 -18.2245 14
      vertex 46.5724 -18.1192 28
      vertex 46.5724 -18.1192 14
    endloop
  endfacet
  facet normal -0.85778 0.514016 0
    outer loop
      vertex 46.5724 -18.1192 28
      vertex 46.5093 -18.2245 14
      vertex 46.5093 -18.2245 28
    endloop
  endfacet
  facet normal 0.595423 0.803413 -0
    outer loop
      vertex 44.7755 -18.5693 14
      vertex 44.677 -18.4963 28
      vertex 44.7755 -18.5693 28
    endloop
  endfacet
  facet normal 0.595423 0.803413 0
    outer loop
      vertex 44.677 -18.4963 28
      vertex 44.7755 -18.5693 14
      vertex 44.677 -18.4963 14
    endloop
  endfacet
  facet normal -0.242919 -0.970047 0
    outer loop
      vertex 45.7139 -16.304 14
      vertex 45.8329 -16.3338 28
      vertex 45.7139 -16.304 28
    endloop
  endfacet
  facet normal -0.242919 -0.970047 -0
    outer loop
      vertex 45.8329 -16.3338 28
      vertex 45.7139 -16.304 14
      vertex 45.8329 -16.3338 14
    endloop
  endfacet
  facet normal -0.941354 -0.33742 0
    outer loop
      vertex 46.6662 -17.1671 14
      vertex 46.6248 -17.0516 28
      vertex 46.6248 -17.0516 14
    endloop
  endfacet
  facet normal -0.941354 -0.33742 0
    outer loop
      vertex 46.6248 -17.0516 28
      vertex 46.6662 -17.1671 14
      vertex 46.6662 -17.1671 28
    endloop
  endfacet
  facet normal -0.85778 -0.514016 0
    outer loop
      vertex 46.5724 -16.9408 14
      vertex 46.5093 -16.8355 28
      vertex 46.5093 -16.8355 14
    endloop
  endfacet
  facet normal -0.85778 -0.514016 0
    outer loop
      vertex 46.5093 -16.8355 28
      vertex 46.5724 -16.9408 14
      vertex 46.5724 -16.9408 28
    endloop
  endfacet
  facet normal 0.33742 0.941354 -0
    outer loop
      vertex 45.1071 -18.7262 14
      vertex 44.9916 -18.6848 28
      vertex 45.1071 -18.7262 28
    endloop
  endfacet
  facet normal 0.33742 0.941354 0
    outer loop
      vertex 44.9916 -18.6848 28
      vertex 45.1071 -18.7262 14
      vertex 44.9916 -18.6848 14
    endloop
  endfacet
  facet normal 0.740898 -0.671617 0
    outer loop
      vertex 44.5037 -16.737 28
      vertex 44.5861 -16.6461 14
      vertex 44.5861 -16.6461 28
    endloop
  endfacet
  facet normal 0.740898 -0.671617 0
    outer loop
      vertex 44.5861 -16.6461 14
      vertex 44.5037 -16.737 28
      vertex 44.5037 -16.737 14
    endloop
  endfacet
  facet normal -0.671617 -0.740898 0
    outer loop
      vertex 46.263 -16.5637 14
      vertex 46.3539 -16.6461 28
      vertex 46.263 -16.5637 28
    endloop
  endfacet
  facet normal -0.671617 -0.740898 -0
    outer loop
      vertex 46.3539 -16.6461 28
      vertex 46.263 -16.5637 14
      vertex 46.3539 -16.6461 14
    endloop
  endfacet
  facet normal 0.989186 -0.146667 0
    outer loop
      vertex 44.226 -17.4075 28
      vertex 44.244 -17.2861 14
      vertex 44.244 -17.2861 28
    endloop
  endfacet
  facet normal 0.989186 -0.146667 0
    outer loop
      vertex 44.244 -17.2861 14
      vertex 44.226 -17.4075 28
      vertex 44.226 -17.4075 14
    endloop
  endfacet
  facet normal -0.336698 -0.941613 0
    outer loop
      vertex 45.8329 -16.3338 14
      vertex 45.9484 -16.3751 28
      vertex 45.8329 -16.3338 28
    endloop
  endfacet
  facet normal -0.336698 -0.941613 -0
    outer loop
      vertex 45.9484 -16.3751 28
      vertex 45.8329 -16.3338 14
      vertex 45.9484 -16.3751 14
    endloop
  endfacet
  facet normal 0.242919 -0.970047 0
    outer loop
      vertex 45.1071 -16.3338 14
      vertex 45.2261 -16.304 28
      vertex 45.1071 -16.3338 28
    endloop
  endfacet
  facet normal 0.242919 -0.970047 0
    outer loop
      vertex 45.2261 -16.304 28
      vertex 45.1071 -16.3338 14
      vertex 45.2261 -16.304 14
    endloop
  endfacet
  facet normal -0.0489209 0.998803 0
    outer loop
      vertex 45.5925 -18.774 14
      vertex 45.47 -18.78 28
      vertex 45.5925 -18.774 28
    endloop
  endfacet
  facet normal -0.0489209 0.998803 0
    outer loop
      vertex 45.47 -18.78 28
      vertex 45.5925 -18.774 14
      vertex 45.47 -18.78 14
    endloop
  endfacet
  facet normal -0.740898 0.671617 0
    outer loop
      vertex 46.3539 -18.4139 14
      vertex 46.4363 -18.323 28
      vertex 46.4363 -18.323 14
    endloop
  endfacet
  facet normal -0.740898 0.671617 0
    outer loop
      vertex 46.4363 -18.323 28
      vertex 46.3539 -18.4139 14
      vertex 46.3539 -18.4139 28
    endloop
  endfacet
  facet normal 0.671617 0.740898 -0
    outer loop
      vertex 44.677 -18.4963 14
      vertex 44.5861 -18.4139 28
      vertex 44.677 -18.4963 28
    endloop
  endfacet
  facet normal 0.671617 0.740898 0
    outer loop
      vertex 44.5861 -18.4139 28
      vertex 44.677 -18.4963 14
      vertex 44.5861 -18.4139 14
    endloop
  endfacet
  facet normal -0.941354 0.33742 0
    outer loop
      vertex 46.6248 -18.0084 14
      vertex 46.6662 -17.8929 28
      vertex 46.6662 -17.8929 14
    endloop
  endfacet
  facet normal -0.941354 0.33742 0
    outer loop
      vertex 46.6662 -17.8929 28
      vertex 46.6248 -18.0084 14
      vertex 46.6248 -18.0084 28
    endloop
  endfacet
  facet normal -0.803413 0.595423 0
    outer loop
      vertex 46.4363 -18.323 14
      vertex 46.5093 -18.2245 28
      vertex 46.5093 -18.2245 14
    endloop
  endfacet
  facet normal -0.803413 0.595423 0
    outer loop
      vertex 46.5093 -18.2245 28
      vertex 46.4363 -18.323 14
      vertex 46.4363 -18.323 28
    endloop
  endfacet
  facet normal -0.428192 -0.903688 0
    outer loop
      vertex 45.9484 -16.3751 14
      vertex 46.0592 -16.4276 28
      vertex 45.9484 -16.3751 28
    endloop
  endfacet
  facet normal -0.428192 -0.903688 -0
    outer loop
      vertex 46.0592 -16.4276 28
      vertex 45.9484 -16.3751 14
      vertex 46.0592 -16.4276 14
    endloop
  endfacet
  facet normal 0.146667 0.989186 -0
    outer loop
      vertex 45.3475 -18.774 14
      vertex 45.2261 -18.756 28
      vertex 45.3475 -18.774 28
    endloop
  endfacet
  facet normal 0.146667 0.989186 0
    outer loop
      vertex 45.2261 -18.756 28
      vertex 45.3475 -18.774 14
      vertex 45.2261 -18.756 14
    endloop
  endfacet
  facet normal 0.0489209 -0.998803 0
    outer loop
      vertex 45.3475 -16.286 14
      vertex 45.47 -16.28 28
      vertex 45.3475 -16.286 28
    endloop
  endfacet
  facet normal 0.0489209 -0.998803 0
    outer loop
      vertex 45.47 -16.28 28
      vertex 45.3475 -16.286 14
      vertex 45.47 -16.28 14
    endloop
  endfacet
  facet normal 0.671617 -0.740898 0
    outer loop
      vertex 44.5861 -16.6461 14
      vertex 44.677 -16.5637 28
      vertex 44.5861 -16.6461 28
    endloop
  endfacet
  facet normal 0.671617 -0.740898 0
    outer loop
      vertex 44.677 -16.5637 28
      vertex 44.5861 -16.6461 14
      vertex 44.677 -16.5637 14
    endloop
  endfacet
  facet normal 0.970047 -0.242919 0
    outer loop
      vertex 44.244 -17.2861 28
      vertex 44.2738 -17.1671 14
      vertex 44.2738 -17.1671 28
    endloop
  endfacet
  facet normal 0.970047 -0.242919 0
    outer loop
      vertex 44.2738 -17.1671 14
      vertex 44.244 -17.2861 28
      vertex 44.244 -17.2861 14
    endloop
  endfacet
  facet normal 0.85778 0.514016 0
    outer loop
      vertex 44.4307 -18.2245 28
      vertex 44.3676 -18.1192 14
      vertex 44.3676 -18.1192 28
    endloop
  endfacet
  facet normal 0.85778 0.514016 0
    outer loop
      vertex 44.3676 -18.1192 14
      vertex 44.4307 -18.2245 28
      vertex 44.4307 -18.2245 14
    endloop
  endfacet
  facet normal -0.242919 0.970047 0
    outer loop
      vertex 45.8329 -18.7262 14
      vertex 45.7139 -18.756 28
      vertex 45.8329 -18.7262 28
    endloop
  endfacet
  facet normal -0.242919 0.970047 0
    outer loop
      vertex 45.7139 -18.756 28
      vertex 45.8329 -18.7262 14
      vertex 45.7139 -18.756 14
    endloop
  endfacet
  facet normal 0.904003 -0.427525 0
    outer loop
      vertex 44.3152 -17.0516 28
      vertex 44.3676 -16.9408 14
      vertex 44.3676 -16.9408 28
    endloop
  endfacet
  facet normal 0.904003 -0.427525 0
    outer loop
      vertex 44.3676 -16.9408 14
      vertex 44.3152 -17.0516 28
      vertex 44.3152 -17.0516 14
    endloop
  endfacet
  facet normal 0.970047 0.242919 0
    outer loop
      vertex 44.2738 -17.8929 28
      vertex 44.244 -17.7739 14
      vertex 44.244 -17.7739 28
    endloop
  endfacet
  facet normal 0.970047 0.242919 0
    outer loop
      vertex 44.244 -17.7739 14
      vertex 44.2738 -17.8929 28
      vertex 44.2738 -17.8929 14
    endloop
  endfacet
  facet normal 0.803413 -0.595423 0
    outer loop
      vertex 44.4307 -16.8355 28
      vertex 44.5037 -16.737 14
      vertex 44.5037 -16.737 28
    endloop
  endfacet
  facet normal 0.803413 -0.595423 0
    outer loop
      vertex 44.5037 -16.737 14
      vertex 44.4307 -16.8355 28
      vertex 44.4307 -16.8355 14
    endloop
  endfacet
  facet normal 0.803413 0.595423 0
    outer loop
      vertex 44.5037 -18.323 28
      vertex 44.4307 -18.2245 14
      vertex 44.4307 -18.2245 28
    endloop
  endfacet
  facet normal 0.803413 0.595423 0
    outer loop
      vertex 44.4307 -18.2245 14
      vertex 44.5037 -18.323 28
      vertex 44.5037 -18.323 14
    endloop
  endfacet
  facet normal 0.989186 0.146667 0
    outer loop
      vertex 44.244 -17.7739 28
      vertex 44.226 -17.6525 14
      vertex 44.226 -17.6525 28
    endloop
  endfacet
  facet normal 0.989186 0.146667 0
    outer loop
      vertex 44.226 -17.6525 14
      vertex 44.244 -17.7739 28
      vertex 44.244 -17.7739 14
    endloop
  endfacet
  facet normal -0.904003 0.427525 0
    outer loop
      vertex 46.5724 -18.1192 14
      vertex 46.6248 -18.0084 28
      vertex 46.6248 -18.0084 14
    endloop
  endfacet
  facet normal -0.904003 0.427525 0
    outer loop
      vertex 46.6248 -18.0084 28
      vertex 46.5724 -18.1192 14
      vertex 46.5724 -18.1192 28
    endloop
  endfacet
  facet normal 0.242919 0.970047 -0
    outer loop
      vertex 45.2261 -18.756 14
      vertex 45.1071 -18.7262 28
      vertex 45.2261 -18.756 28
    endloop
  endfacet
  facet normal 0.242919 0.970047 0
    outer loop
      vertex 45.1071 -18.7262 28
      vertex 45.2261 -18.756 14
      vertex 45.1071 -18.7262 14
    endloop
  endfacet
  facet normal -0.740898 -0.671617 0
    outer loop
      vertex 46.4363 -16.737 14
      vertex 46.3539 -16.6461 28
      vertex 46.3539 -16.6461 14
    endloop
  endfacet
  facet normal -0.740898 -0.671617 0
    outer loop
      vertex 46.3539 -16.6461 28
      vertex 46.4363 -16.737 14
      vertex 46.4363 -16.737 28
    endloop
  endfacet
  facet normal 0.0489209 0.998803 -0
    outer loop
      vertex 45.47 -18.78 14
      vertex 45.3475 -18.774 28
      vertex 45.47 -18.78 28
    endloop
  endfacet
  facet normal 0.0489209 0.998803 0
    outer loop
      vertex 45.3475 -18.774 28
      vertex 45.47 -18.78 14
      vertex 45.3475 -18.774 14
    endloop
  endfacet
  facet normal 0.998803 -0.0489209 0
    outer loop
      vertex 44.22 -17.53 28
      vertex 44.226 -17.4075 14
      vertex 44.226 -17.4075 28
    endloop
  endfacet
  facet normal 0.998803 -0.0489209 0
    outer loop
      vertex 44.226 -17.4075 14
      vertex 44.22 -17.53 28
      vertex 44.22 -17.53 14
    endloop
  endfacet
  facet normal -0.671617 0.740898 0
    outer loop
      vertex 46.3539 -18.4139 14
      vertex 46.263 -18.4963 28
      vertex 46.3539 -18.4139 28
    endloop
  endfacet
  facet normal -0.671617 0.740898 0
    outer loop
      vertex 46.263 -18.4963 28
      vertex 46.3539 -18.4139 14
      vertex 46.263 -18.4963 14
    endloop
  endfacet
  facet normal 0 0 1
    outer loop
      vertex 46.714 -17.4075 14
      vertex 46.714 -17.6525 14
      vertex 46.72 -17.53 14
    endloop
  endfacet
  facet normal 0 0 1
    outer loop
      vertex 46.696 -17.2861 14
      vertex 46.714 -17.6525 14
      vertex 46.714 -17.4075 14
    endloop
  endfacet
  facet normal 0 0 1
    outer loop
      vertex 46.696 -17.2861 14
      vertex 46.696 -17.7739 14
      vertex 46.714 -17.6525 14
    endloop
  endfacet
  facet normal 0 0 1
    outer loop
      vertex 46.6662 -17.1671 14
      vertex 46.696 -17.7739 14
      vertex 46.696 -17.2861 14
    endloop
  endfacet
  facet normal 0 0 1
    outer loop
      vertex 46.6662 -17.1671 14
      vertex 46.6662 -17.8929 14
      vertex 46.696 -17.7739 14
    endloop
  endfacet
  facet normal 0 0 1
    outer loop
      vertex 46.6248 -17.0516 14
      vertex 46.6662 -17.8929 14
      vertex 46.6662 -17.1671 14
    endloop
  endfacet
  facet normal 0 0 1
    outer loop
      vertex 46.6248 -17.0516 14
      vertex 46.6248 -18.0084 14
      vertex 46.6662 -17.8929 14
    endloop
  endfacet
  facet normal 0 0 1
    outer loop
      vertex 46.5724 -16.9408 14
      vertex 46.6248 -18.0084 14
      vertex 46.6248 -17.0516 14
    endloop
  endfacet
  facet normal 0 0 1
    outer loop
      vertex 46.5724 -16.9408 14
      vertex 46.5724 -18.1192 14
      vertex 46.6248 -18.0084 14
    endloop
  endfacet
  facet normal 0 0 1
    outer loop
      vertex 46.5093 -16.8355 14
      vertex 46.5724 -18.1192 14
      vertex 46.5724 -16.9408 14
    endloop
  endfacet
  facet normal 0 0 1
    outer loop
      vertex 46.5093 -16.8355 14
      vertex 46.5093 -18.2245 14
      vertex 46.5724 -18.1192 14
    endloop
  endfacet
  facet normal 0 0 1
    outer loop
      vertex 46.4363 -16.737 14
      vertex 46.5093 -18.2245 14
      vertex 46.5093 -16.8355 14
    endloop
  endfacet
  facet normal 0 0 1
    outer loop
      vertex 46.4363 -16.737 14
      vertex 46.4363 -18.323 14
      vertex 46.5093 -18.2245 14
    endloop
  endfacet
  facet normal 0 0 1
    outer loop
      vertex 46.3539 -16.6461 14
      vertex 46.4363 -18.323 14
      vertex 46.4363 -16.737 14
    endloop
  endfacet
  facet normal 0 0 1
    outer loop
      vertex 46.3539 -16.6461 14
      vertex 46.3539 -18.4139 14
      vertex 46.4363 -18.323 14
    endloop
  endfacet
  facet normal 0 0 1
    outer loop
      vertex 46.263 -16.5637 14
      vertex 46.3539 -18.4139 14
      vertex 46.3539 -16.6461 14
    endloop
  endfacet
  facet normal 0 0 1
    outer loop
      vertex 46.263 -16.5637 14
      vertex 46.263 -18.4963 14
      vertex 46.3539 -18.4139 14
    endloop
  endfacet
  facet normal 0 0 1
    outer loop
      vertex 46.1645 -16.4907 14
      vertex 46.263 -18.4963 14
      vertex 46.263 -16.5637 14
    endloop
  endfacet
  facet normal 0 0 1
    outer loop
      vertex 46.1645 -16.4907 14
      vertex 46.1645 -18.5693 14
      vertex 46.263 -18.4963 14
    endloop
  endfacet
  facet normal 0 0 1
    outer loop
      vertex 46.0592 -16.4276 14
      vertex 46.1645 -18.5693 14
      vertex 46.1645 -16.4907 14
    endloop
  endfacet
  facet normal 0 0 1
    outer loop
      vertex 46.0592 -16.4276 14
      vertex 46.0592 -18.6324 14
      vertex 46.1645 -18.5693 14
    endloop
  endfacet
  facet normal 0 0 1
    outer loop
      vertex 45.9484 -16.3751 14
      vertex 46.0592 -18.6324 14
      vertex 46.0592 -16.4276 14
    endloop
  endfacet
  facet normal 0 0 1
    outer loop
      vertex 45.9484 -16.3751 14
      vertex 45.9484 -18.6848 14
      vertex 46.0592 -18.6324 14
    endloop
  endfacet
  facet normal 0 0 1
    outer loop
      vertex 45.8329 -16.3338 14
      vertex 45.9484 -18.6848 14
      vertex 45.9484 -16.3751 14
    endloop
  endfacet
  facet normal 0 0 1
    outer loop
      vertex 45.8329 -16.3338 14
      vertex 45.8329 -18.7262 14
      vertex 45.9484 -18.6848 14
    endloop
  endfacet
  facet normal 0 0 1
    outer loop
      vertex 45.7139 -16.304 14
      vertex 45.8329 -18.7262 14
      vertex 45.8329 -16.3338 14
    endloop
  endfacet
  facet normal 0 0 1
    outer loop
      vertex 45.7139 -16.304 14
      vertex 45.7139 -18.756 14
      vertex 45.8329 -18.7262 14
    endloop
  endfacet
  facet normal 0 0 1
    outer loop
      vertex 45.5925 -16.286 14
      vertex 45.7139 -18.756 14
      vertex 45.7139 -16.304 14
    endloop
  endfacet
  facet normal 0 0 1
    outer loop
      vertex 45.5925 -16.286 14
      vertex 45.5925 -18.774 14
      vertex 45.7139 -18.756 14
    endloop
  endfacet
  facet normal 0 0 1
    outer loop
      vertex 45.47 -16.28 14
      vertex 45.5925 -18.774 14
      vertex 45.5925 -16.286 14
    endloop
  endfacet
  facet normal 0 0 1
    outer loop
      vertex 45.47 -16.28 14
      vertex 45.47 -18.78 14
      vertex 45.5925 -18.774 14
    endloop
  endfacet
  facet normal -0 0 1
    outer loop
      vertex 45.3475 -16.286 14
      vertex 45.47 -18.78 14
      vertex 45.47 -16.28 14
    endloop
  endfacet
  facet normal 0 0 1
    outer loop
      vertex 45.3475 -16.286 14
      vertex 45.3475 -18.774 14
      vertex 45.47 -18.78 14
    endloop
  endfacet
  facet normal -0 0 1
    outer loop
      vertex 45.2261 -16.304 14
      vertex 45.3475 -18.774 14
      vertex 45.3475 -16.286 14
    endloop
  endfacet
  facet normal 0 0 1
    outer loop
      vertex 45.2261 -16.304 14
      vertex 45.2261 -18.756 14
      vertex 45.3475 -18.774 14
    endloop
  endfacet
  facet normal -0 0 1
    outer loop
      vertex 45.1071 -16.3338 14
      vertex 45.2261 -18.756 14
      vertex 45.2261 -16.304 14
    endloop
  endfacet
  facet normal 0 0 1
    outer loop
      vertex 45.1071 -16.3338 14
      vertex 45.1071 -18.7262 14
      vertex 45.2261 -18.756 14
    endloop
  endfacet
  facet normal -0 0 1
    outer loop
      vertex 44.9916 -16.3751 14
      vertex 45.1071 -18.7262 14
      vertex 45.1071 -16.3338 14
    endloop
  endfacet
  facet normal 0 0 1
    outer loop
      vertex 44.9916 -16.3751 14
      vertex 44.9916 -18.6848 14
      vertex 45.1071 -18.7262 14
    endloop
  endfacet
  facet normal -0 0 1
    outer loop
      vertex 44.8808 -16.4276 14
      vertex 44.9916 -18.6848 14
      vertex 44.9916 -16.3751 14
    endloop
  endfacet
  facet normal 0 0 1
    outer loop
      vertex 44.8808 -16.4276 14
      vertex 44.8808 -18.6324 14
      vertex 44.9916 -18.6848 14
    endloop
  endfacet
  facet normal -0 0 1
    outer loop
      vertex 44.7755 -16.4907 14
      vertex 44.8808 -18.6324 14
      vertex 44.8808 -16.4276 14
    endloop
  endfacet
  facet normal 0 0 1
    outer loop
      vertex 44.7755 -16.4907 14
      vertex 44.7755 -18.5693 14
      vertex 44.8808 -18.6324 14
    endloop
  endfacet
  facet normal -0 0 1
    outer loop
      vertex 44.677 -16.5637 14
      vertex 44.7755 -18.5693 14
      vertex 44.7755 -16.4907 14
    endloop
  endfacet
  facet normal 0 0 1
    outer loop
      vertex 44.677 -16.5637 14
      vertex 44.677 -18.4963 14
      vertex 44.7755 -18.5693 14
    endloop
  endfacet
  facet normal -0 0 1
    outer loop
      vertex 44.5861 -16.6461 14
      vertex 44.677 -18.4963 14
      vertex 44.677 -16.5637 14
    endloop
  endfacet
  facet normal 0 0 1
    outer loop
      vertex 44.5861 -16.6461 14
      vertex 44.5861 -18.4139 14
      vertex 44.677 -18.4963 14
    endloop
  endfacet
  facet normal -0 0 1
    outer loop
      vertex 44.5037 -16.737 14
      vertex 44.5861 -18.4139 14
      vertex 44.5861 -16.6461 14
    endloop
  endfacet
  facet normal 0 0 1
    outer loop
      vertex 44.5037 -16.737 14
      vertex 44.5037 -18.323 14
      vertex 44.5861 -18.4139 14
    endloop
  endfacet
  facet normal -0 0 1
    outer loop
      vertex 44.4307 -16.8355 14
      vertex 44.5037 -18.323 14
      vertex 44.5037 -16.737 14
    endloop
  endfacet
  facet normal 0 0 1
    outer loop
      vertex 44.4307 -16.8355 14
      vertex 44.4307 -18.2245 14
      vertex 44.5037 -18.323 14
    endloop
  endfacet
  facet normal -0 0 1
    outer loop
      vertex 44.3676 -16.9408 14
      vertex 44.4307 -18.2245 14
      vertex 44.4307 -16.8355 14
    endloop
  endfacet
  facet normal 0 0 1
    outer loop
      vertex 44.3676 -16.9408 14
      vertex 44.3676 -18.1192 14
      vertex 44.4307 -18.2245 14
    endloop
  endfacet
  facet normal -0 0 1
    outer loop
      vertex 44.3152 -17.0516 14
      vertex 44.3676 -18.1192 14
      vertex 44.3676 -16.9408 14
    endloop
  endfacet
  facet normal 0 0 1
    outer loop
      vertex 44.3152 -17.0516 14
      vertex 44.3152 -18.0084 14
      vertex 44.3676 -18.1192 14
    endloop
  endfacet
  facet normal -0 0 1
    outer loop
      vertex 44.2738 -17.1671 14
      vertex 44.3152 -18.0084 14
      vertex 44.3152 -17.0516 14
    endloop
  endfacet
  facet normal 0 0 1
    outer loop
      vertex 44.2738 -17.1671 14
      vertex 44.2738 -17.8929 14
      vertex 44.3152 -18.0084 14
    endloop
  endfacet
  facet normal -0 0 1
    outer loop
      vertex 44.244 -17.2861 14
      vertex 44.2738 -17.8929 14
      vertex 44.2738 -17.1671 14
    endloop
  endfacet
  facet normal 0 0 1
    outer loop
      vertex 44.244 -17.2861 14
      vertex 44.244 -17.7739 14
      vertex 44.2738 -17.8929 14
    endloop
  endfacet
  facet normal -0 0 1
    outer loop
      vertex 44.226 -17.4075 14
      vertex 44.244 -17.7739 14
      vertex 44.244 -17.2861 14
    endloop
  endfacet
  facet normal 0 0 1
    outer loop
      vertex 44.226 -17.4075 14
      vertex 44.226 -17.6525 14
      vertex 44.244 -17.7739 14
    endloop
  endfacet
  facet normal 0 -0 1
    outer loop
      vertex 44.226 -17.6525 14
      vertex 44.226 -17.4075 14
      vertex 44.22 -17.53 14
    endloop
  endfacet
  facet normal -0.989186 -0.146667 0
    outer loop
      vertex 46.714 61.8525 14
      vertex 46.696 61.9739 28
      vertex 46.696 61.9739 14
    endloop
  endfacet
  facet normal -0.989186 -0.146667 0
    outer loop
      vertex 46.696 61.9739 28
      vertex 46.714 61.8525 14
      vertex 46.714 61.8525 28
    endloop
  endfacet
  facet normal -0.998803 -0.0489209 0
    outer loop
      vertex 46.72 61.73 14
      vertex 46.714 61.8525 28
      vertex 46.714 61.8525 14
    endloop
  endfacet
  facet normal -0.998803 -0.0489209 0
    outer loop
      vertex 46.714 61.8525 28
      vertex 46.72 61.73 14
      vertex 46.72 61.73 28
    endloop
  endfacet
  facet normal -0.970047 -0.242919 0
    outer loop
      vertex 46.696 61.9739 14
      vertex 46.6662 62.0929 28
      vertex 46.6662 62.0929 14
    endloop
  endfacet
  facet normal -0.970047 -0.242919 0
    outer loop
      vertex 46.6662 62.0929 28
      vertex 46.696 61.9739 14
      vertex 46.696 61.9739 28
    endloop
  endfacet
  facet normal 0.146667 0.989186 -0
    outer loop
      vertex 45.3475 60.486 14
      vertex 45.2261 60.504 28
      vertex 45.3475 60.486 28
    endloop
  endfacet
  facet normal 0.146667 0.989186 0
    outer loop
      vertex 45.2261 60.504 28
      vertex 45.3475 60.486 14
      vertex 45.2261 60.504 14
    endloop
  endfacet
  facet normal -0.595423 -0.803413 0
    outer loop
      vertex 46.1645 62.7693 14
      vertex 46.263 62.6963 28
      vertex 46.1645 62.7693 28
    endloop
  endfacet
  facet normal -0.595423 -0.803413 -0
    outer loop
      vertex 46.263 62.6963 28
      vertex 46.1645 62.7693 14
      vertex 46.263 62.6963 14
    endloop
  endfacet
  facet normal -0.428192 0.903688 0
    outer loop
      vertex 46.0592 60.6276 14
      vertex 45.9484 60.5751 28
      vertex 46.0592 60.6276 28
    endloop
  endfacet
  facet normal -0.428192 0.903688 0
    outer loop
      vertex 45.9484 60.5751 28
      vertex 46.0592 60.6276 14
      vertex 45.9484 60.5751 14
    endloop
  endfacet
  facet normal 0.803413 -0.595423 0
    outer loop
      vertex 44.4307 62.4245 28
      vertex 44.5037 62.523 14
      vertex 44.5037 62.523 28
    endloop
  endfacet
  facet normal 0.803413 -0.595423 0
    outer loop
      vertex 44.5037 62.523 14
      vertex 44.4307 62.4245 28
      vertex 44.4307 62.4245 14
    endloop
  endfacet
  facet normal -0.671617 -0.740898 0
    outer loop
      vertex 46.263 62.6963 14
      vertex 46.3539 62.6139 28
      vertex 46.263 62.6963 28
    endloop
  endfacet
  facet normal -0.671617 -0.740898 -0
    outer loop
      vertex 46.3539 62.6139 28
      vertex 46.263 62.6963 14
      vertex 46.3539 62.6139 14
    endloop
  endfacet
  facet normal 0.595423 -0.803413 0
    outer loop
      vertex 44.677 62.6963 14
      vertex 44.7755 62.7693 28
      vertex 44.677 62.6963 28
    endloop
  endfacet
  facet normal 0.595423 -0.803413 0
    outer loop
      vertex 44.7755 62.7693 28
      vertex 44.677 62.6963 14
      vertex 44.7755 62.7693 14
    endloop
  endfacet
  facet normal 0.671617 0.740898 -0
    outer loop
      vertex 44.677 60.7637 14
      vertex 44.5861 60.8461 28
      vertex 44.677 60.7637 28
    endloop
  endfacet
  facet normal 0.671617 0.740898 0
    outer loop
      vertex 44.5861 60.8461 28
      vertex 44.677 60.7637 14
      vertex 44.5861 60.8461 14
    endloop
  endfacet
  facet normal 0.989186 0.146667 0
    outer loop
      vertex 44.244 61.4861 28
      vertex 44.226 61.6075 14
      vertex 44.226 61.6075 28
    endloop
  endfacet
  facet normal 0.989186 0.146667 0
    outer loop
      vertex 44.226 61.6075 14
      vertex 44.244 61.4861 28
      vertex 44.244 61.4861 14
    endloop
  endfacet
  facet normal 0.514016 0.85778 -0
    outer loop
      vertex 44.8808 60.6276 14
      vertex 44.7755 60.6907 28
      vertex 44.8808 60.6276 28
    endloop
  endfacet
  facet normal 0.514016 0.85778 0
    outer loop
      vertex 44.7755 60.6907 28
      vertex 44.8808 60.6276 14
      vertex 44.7755 60.6907 14
    endloop
  endfacet
  facet normal 0.803413 0.595423 0
    outer loop
      vertex 44.5037 60.937 28
      vertex 44.4307 61.0355 14
      vertex 44.4307 61.0355 28
    endloop
  endfacet
  facet normal 0.803413 0.595423 0
    outer loop
      vertex 44.4307 61.0355 14
      vertex 44.5037 60.937 28
      vertex 44.5037 60.937 14
    endloop
  endfacet
  facet normal -0.904003 -0.427525 0
    outer loop
      vertex 46.6248 62.2084 14
      vertex 46.5724 62.3192 28
      vertex 46.5724 62.3192 14
    endloop
  endfacet
  facet normal -0.904003 -0.427525 0
    outer loop
      vertex 46.5724 62.3192 28
      vertex 46.6248 62.2084 14
      vertex 46.6248 62.2084 28
    endloop
  endfacet
  facet normal 0 0 1
    outer loop
      vertex 46.714 61.8525 14
      vertex 46.714 61.6075 14
      vertex 46.72 61.73 14
    endloop
  endfacet
  facet normal 0 0 1
    outer loop
      vertex 46.696 61.9739 14
      vertex 46.714 61.6075 14
      vertex 46.714 61.8525 14
    endloop
  endfacet
  facet normal 0 0 1
    outer loop
      vertex 46.696 61.9739 14
      vertex 46.696 61.4861 14
      vertex 46.714 61.6075 14
    endloop
  endfacet
  facet normal 0 0 1
    outer loop
      vertex 46.6662 62.0929 14
      vertex 46.696 61.4861 14
      vertex 46.696 61.9739 14
    endloop
  endfacet
  facet normal 0 0 1
    outer loop
      vertex 46.6662 62.0929 14
      vertex 46.6662 61.3671 14
      vertex 46.696 61.4861 14
    endloop
  endfacet
  facet normal 0 0 1
    outer loop
      vertex 46.6248 62.2084 14
      vertex 46.6662 61.3671 14
      vertex 46.6662 62.0929 14
    endloop
  endfacet
  facet normal 0 0 1
    outer loop
      vertex 46.6248 62.2084 14
      vertex 46.6248 61.2516 14
      vertex 46.6662 61.3671 14
    endloop
  endfacet
  facet normal 0 0 1
    outer loop
      vertex 46.5724 62.3192 14
      vertex 46.6248 61.2516 14
      vertex 46.6248 62.2084 14
    endloop
  endfacet
  facet normal 0 0 1
    outer loop
      vertex 46.5724 62.3192 14
      vertex 46.5724 61.1408 14
      vertex 46.6248 61.2516 14
    endloop
  endfacet
  facet normal 0 0 1
    outer loop
      vertex 46.5093 62.4245 14
      vertex 46.5724 61.1408 14
      vertex 46.5724 62.3192 14
    endloop
  endfacet
  facet normal 0 0 1
    outer loop
      vertex 46.5093 62.4245 14
      vertex 46.5093 61.0355 14
      vertex 46.5724 61.1408 14
    endloop
  endfacet
  facet normal 0 0 1
    outer loop
      vertex 46.4363 62.523 14
      vertex 46.5093 61.0355 14
      vertex 46.5093 62.4245 14
    endloop
  endfacet
  facet normal 0 0 1
    outer loop
      vertex 46.4363 62.523 14
      vertex 46.4363 60.937 14
      vertex 46.5093 61.0355 14
    endloop
  endfacet
  facet normal 0 0 1
    outer loop
      vertex 46.3539 62.6139 14
      vertex 46.4363 60.937 14
      vertex 46.4363 62.523 14
    endloop
  endfacet
  facet normal 0 0 1
    outer loop
      vertex 46.3539 62.6139 14
      vertex 46.3539 60.8461 14
      vertex 46.4363 60.937 14
    endloop
  endfacet
  facet normal 0 0 1
    outer loop
      vertex 46.263 62.6963 14
      vertex 46.3539 60.8461 14
      vertex 46.3539 62.6139 14
    endloop
  endfacet
  facet normal 0 0 1
    outer loop
      vertex 46.263 62.6963 14
      vertex 46.263 60.7637 14
      vertex 46.3539 60.8461 14
    endloop
  endfacet
  facet normal 0 0 1
    outer loop
      vertex 46.1645 62.7693 14
      vertex 46.263 60.7637 14
      vertex 46.263 62.6963 14
    endloop
  endfacet
  facet normal 0 0 1
    outer loop
      vertex 46.1645 62.7693 14
      vertex 46.1645 60.6907 14
      vertex 46.263 60.7637 14
    endloop
  endfacet
  facet normal 0 0 1
    outer loop
      vertex 46.0592 62.8324 14
      vertex 46.1645 60.6907 14
      vertex 46.1645 62.7693 14
    endloop
  endfacet
  facet normal 0 0 1
    outer loop
      vertex 46.0592 62.8324 14
      vertex 46.0592 60.6276 14
      vertex 46.1645 60.6907 14
    endloop
  endfacet
  facet normal 0 0 1
    outer loop
      vertex 45.9484 62.8848 14
      vertex 46.0592 60.6276 14
      vertex 46.0592 62.8324 14
    endloop
  endfacet
  facet normal 0 0 1
    outer loop
      vertex 45.9484 62.8848 14
      vertex 45.9484 60.5751 14
      vertex 46.0592 60.6276 14
    endloop
  endfacet
  facet normal 0 0 1
    outer loop
      vertex 45.8329 62.9262 14
      vertex 45.9484 60.5751 14
      vertex 45.9484 62.8848 14
    endloop
  endfacet
  facet normal 0 0 1
    outer loop
      vertex 45.8329 62.9262 14
      vertex 45.8329 60.5338 14
      vertex 45.9484 60.5751 14
    endloop
  endfacet
  facet normal 0 0 1
    outer loop
      vertex 45.7139 62.956 14
      vertex 45.8329 60.5338 14
      vertex 45.8329 62.9262 14
    endloop
  endfacet
  facet normal 0 0 1
    outer loop
      vertex 45.7139 62.956 14
      vertex 45.7139 60.504 14
      vertex 45.8329 60.5338 14
    endloop
  endfacet
  facet normal 0 0 1
    outer loop
      vertex 45.5925 62.974 14
      vertex 45.7139 60.504 14
      vertex 45.7139 62.956 14
    endloop
  endfacet
  facet normal 0 0 1
    outer loop
      vertex 45.5925 62.974 14
      vertex 45.5925 60.486 14
      vertex 45.7139 60.504 14
    endloop
  endfacet
  facet normal 0 0 1
    outer loop
      vertex 45.47 62.98 14
      vertex 45.5925 60.486 14
      vertex 45.5925 62.974 14
    endloop
  endfacet
  facet normal 0 0 1
    outer loop
      vertex 45.47 62.98 14
      vertex 45.47 60.48 14
      vertex 45.5925 60.486 14
    endloop
  endfacet
  facet normal -0 0 1
    outer loop
      vertex 45.3475 62.974 14
      vertex 45.47 60.48 14
      vertex 45.47 62.98 14
    endloop
  endfacet
  facet normal 0 0 1
    outer loop
      vertex 45.3475 62.974 14
      vertex 45.3475 60.486 14
      vertex 45.47 60.48 14
    endloop
  endfacet
  facet normal -0 0 1
    outer loop
      vertex 45.2261 62.956 14
      vertex 45.3475 60.486 14
      vertex 45.3475 62.974 14
    endloop
  endfacet
  facet normal 0 0 1
    outer loop
      vertex 45.2261 62.956 14
      vertex 45.2261 60.504 14
      vertex 45.3475 60.486 14
    endloop
  endfacet
  facet normal -0 0 1
    outer loop
      vertex 45.1071 62.9262 14
      vertex 45.2261 60.504 14
      vertex 45.2261 62.956 14
    endloop
  endfacet
  facet normal 0 0 1
    outer loop
      vertex 45.1071 62.9262 14
      vertex 45.1071 60.5338 14
      vertex 45.2261 60.504 14
    endloop
  endfacet
  facet normal -0 0 1
    outer loop
      vertex 44.9916 62.8848 14
      vertex 45.1071 60.5338 14
      vertex 45.1071 62.9262 14
    endloop
  endfacet
  facet normal 0 0 1
    outer loop
      vertex 44.9916 62.8848 14
      vertex 44.9916 60.5751 14
      vertex 45.1071 60.5338 14
    endloop
  endfacet
  facet normal -0 0 1
    outer loop
      vertex 44.8808 62.8324 14
      vertex 44.9916 60.5751 14
      vertex 44.9916 62.8848 14
    endloop
  endfacet
  facet normal 0 0 1
    outer loop
      vertex 44.8808 62.8324 14
      vertex 44.8808 60.6276 14
      vertex 44.9916 60.5751 14
    endloop
  endfacet
  facet normal -0 0 1
    outer loop
      vertex 44.7755 62.7693 14
      vertex 44.8808 60.6276 14
      vertex 44.8808 62.8324 14
    endloop
  endfacet
  facet normal 0 0 1
    outer loop
      vertex 44.7755 62.7693 14
      vertex 44.7755 60.6907 14
      vertex 44.8808 60.6276 14
    endloop
  endfacet
  facet normal -0 0 1
    outer loop
      vertex 44.677 62.6963 14
      vertex 44.7755 60.6907 14
      vertex 44.7755 62.7693 14
    endloop
  endfacet
  facet normal 0 0 1
    outer loop
      vertex 44.677 62.6963 14
      vertex 44.677 60.7637 14
      vertex 44.7755 60.6907 14
    endloop
  endfacet
  facet normal -0 0 1
    outer loop
      vertex 44.5861 62.6139 14
      vertex 44.677 60.7637 14
      vertex 44.677 62.6963 14
    endloop
  endfacet
  facet normal 0 0 1
    outer loop
      vertex 44.5861 62.6139 14
      vertex 44.5861 60.8461 14
      vertex 44.677 60.7637 14
    endloop
  endfacet
  facet normal -0 0 1
    outer loop
      vertex 44.5037 62.523 14
      vertex 44.5861 60.8461 14
      vertex 44.5861 62.6139 14
    endloop
  endfacet
  facet normal 0 0 1
    outer loop
      vertex 44.5037 62.523 14
      vertex 44.5037 60.937 14
      vertex 44.5861 60.8461 14
    endloop
  endfacet
  facet normal -0 0 1
    outer loop
      vertex 44.4307 62.4245 14
      vertex 44.5037 60.937 14
      vertex 44.5037 62.523 14
    endloop
  endfacet
  facet normal 0 0 1
    outer loop
      vertex 44.4307 62.4245 14
      vertex 44.4307 61.0355 14
      vertex 44.5037 60.937 14
    endloop
  endfacet
  facet normal -0 0 1
    outer loop
      vertex 44.3676 62.3192 14
      vertex 44.4307 61.0355 14
      vertex 44.4307 62.4245 14
    endloop
  endfacet
  facet normal 0 0 1
    outer loop
      vertex 44.3676 62.3192 14
      vertex 44.3676 61.1408 14
      vertex 44.4307 61.0355 14
    endloop
  endfacet
  facet normal -0 0 1
    outer loop
      vertex 44.3152 62.2084 14
      vertex 44.3676 61.1408 14
      vertex 44.3676 62.3192 14
    endloop
  endfacet
  facet normal 0 0 1
    outer loop
      vertex 44.3152 62.2084 14
      vertex 44.3152 61.2516 14
      vertex 44.3676 61.1408 14
    endloop
  endfacet
  facet normal -0 0 1
    outer loop
      vertex 44.2738 62.0929 14
      vertex 44.3152 61.2516 14
      vertex 44.3152 62.2084 14
    endloop
  endfacet
  facet normal 0 0 1
    outer loop
      vertex 44.2738 62.0929 14
      vertex 44.2738 61.3671 14
      vertex 44.3152 61.2516 14
    endloop
  endfacet
  facet normal -0 0 1
    outer loop
      vertex 44.244 61.9739 14
      vertex 44.2738 61.3671 14
      vertex 44.2738 62.0929 14
    endloop
  endfacet
  facet normal 0 0 1
    outer loop
      vertex 44.244 61.9739 14
      vertex 44.244 61.4861 14
      vertex 44.2738 61.3671 14
    endloop
  endfacet
  facet normal -0 0 1
    outer loop
      vertex 44.226 61.8525 14
      vertex 44.244 61.4861 14
      vertex 44.244 61.9739 14
    endloop
  endfacet
  facet normal 0 0 1
    outer loop
      vertex 44.226 61.8525 14
      vertex 44.226 61.6075 14
      vertex 44.244 61.4861 14
    endloop
  endfacet
  facet normal 0 -0 1
    outer loop
      vertex 44.226 61.6075 14
      vertex 44.226 61.8525 14
      vertex 44.22 61.73 14
    endloop
  endfacet
  facet normal 0.0489209 -0.998803 0
    outer loop
      vertex 45.3475 62.974 14
      vertex 45.47 62.98 28
      vertex 45.3475 62.974 28
    endloop
  endfacet
  facet normal 0.0489209 -0.998803 0
    outer loop
      vertex 45.47 62.98 28
      vertex 45.3475 62.974 14
      vertex 45.47 62.98 14
    endloop
  endfacet
  facet normal -0.904003 0.427525 0
    outer loop
      vertex 46.5724 61.1408 14
      vertex 46.6248 61.2516 28
      vertex 46.6248 61.2516 14
    endloop
  endfacet
  facet normal -0.904003 0.427525 0
    outer loop
      vertex 46.6248 61.2516 28
      vertex 46.5724 61.1408 14
      vertex 46.5724 61.1408 28
    endloop
  endfacet
  facet normal 0.427525 -0.904003 0
    outer loop
      vertex 44.8808 62.8324 14
      vertex 44.9916 62.8848 28
      vertex 44.8808 62.8324 28
    endloop
  endfacet
  facet normal 0.427525 -0.904003 0
    outer loop
      vertex 44.9916 62.8848 28
      vertex 44.8808 62.8324 14
      vertex 44.9916 62.8848 14
    endloop
  endfacet
  facet normal 0.970047 -0.242919 0
    outer loop
      vertex 44.244 61.9739 28
      vertex 44.2738 62.0929 14
      vertex 44.2738 62.0929 28
    endloop
  endfacet
  facet normal 0.970047 -0.242919 0
    outer loop
      vertex 44.2738 62.0929 14
      vertex 44.244 61.9739 28
      vertex 44.244 61.9739 14
    endloop
  endfacet
  facet normal 0.941354 -0.33742 0
    outer loop
      vertex 44.2738 62.0929 28
      vertex 44.3152 62.2084 14
      vertex 44.3152 62.2084 28
    endloop
  endfacet
  facet normal 0.941354 -0.33742 0
    outer loop
      vertex 44.3152 62.2084 14
      vertex 44.2738 62.0929 28
      vertex 44.2738 62.0929 14
    endloop
  endfacet
  facet normal -0.427525 -0.904003 0
    outer loop
      vertex 45.9484 62.8848 14
      vertex 46.0592 62.8324 28
      vertex 45.9484 62.8848 28
    endloop
  endfacet
  facet normal -0.427525 -0.904003 -0
    outer loop
      vertex 46.0592 62.8324 28
      vertex 45.9484 62.8848 14
      vertex 46.0592 62.8324 14
    endloop
  endfacet
  facet normal -0.803413 -0.595423 0
    outer loop
      vertex 46.5093 62.4245 14
      vertex 46.4363 62.523 28
      vertex 46.4363 62.523 14
    endloop
  endfacet
  facet normal -0.803413 -0.595423 0
    outer loop
      vertex 46.4363 62.523 28
      vertex 46.5093 62.4245 14
      vertex 46.5093 62.4245 28
    endloop
  endfacet
  facet normal 0.514016 -0.85778 0
    outer loop
      vertex 44.7755 62.7693 14
      vertex 44.8808 62.8324 28
      vertex 44.7755 62.7693 28
    endloop
  endfacet
  facet normal 0.514016 -0.85778 0
    outer loop
      vertex 44.8808 62.8324 28
      vertex 44.7755 62.7693 14
      vertex 44.8808 62.8324 14
    endloop
  endfacet
  facet normal 0.33742 -0.941354 0
    outer loop
      vertex 44.9916 62.8848 14
      vertex 45.1071 62.9262 28
      vertex 44.9916 62.8848 28
    endloop
  endfacet
  facet normal 0.33742 -0.941354 0
    outer loop
      vertex 45.1071 62.9262 28
      vertex 44.9916 62.8848 14
      vertex 45.1071 62.9262 14
    endloop
  endfacet
  facet normal 0.998803 0.0489209 0
    outer loop
      vertex 44.226 61.6075 28
      vertex 44.22 61.73 14
      vertex 44.22 61.73 28
    endloop
  endfacet
  facet normal 0.998803 0.0489209 0
    outer loop
      vertex 44.22 61.73 14
      vertex 44.226 61.6075 28
      vertex 44.226 61.6075 14
    endloop
  endfacet
  facet normal 0.242919 -0.970047 0
    outer loop
      vertex 45.1071 62.9262 14
      vertex 45.2261 62.956 28
      vertex 45.1071 62.9262 28
    endloop
  endfacet
  facet normal 0.242919 -0.970047 0
    outer loop
      vertex 45.2261 62.956 28
      vertex 45.1071 62.9262 14
      vertex 45.2261 62.956 14
    endloop
  endfacet
  facet normal -0.671617 0.740898 0
    outer loop
      vertex 46.3539 60.8461 14
      vertex 46.263 60.7637 28
      vertex 46.3539 60.8461 28
    endloop
  endfacet
  facet normal -0.671617 0.740898 0
    outer loop
      vertex 46.263 60.7637 28
      vertex 46.3539 60.8461 14
      vertex 46.263 60.7637 14
    endloop
  endfacet
  facet normal 0.428192 0.903688 -0
    outer loop
      vertex 44.9916 60.5751 14
      vertex 44.8808 60.6276 28
      vertex 44.9916 60.5751 28
    endloop
  endfacet
  facet normal 0.428192 0.903688 0
    outer loop
      vertex 44.8808 60.6276 28
      vertex 44.9916 60.5751 14
      vertex 44.8808 60.6276 14
    endloop
  endfacet
  facet normal -0.242919 -0.970047 0
    outer loop
      vertex 45.7139 62.956 14
      vertex 45.8329 62.9262 28
      vertex 45.7139 62.956 28
    endloop
  endfacet
  facet normal -0.242919 -0.970047 -0
    outer loop
      vertex 45.8329 62.9262 28
      vertex 45.7139 62.956 14
      vertex 45.8329 62.9262 14
    endloop
  endfacet
  facet normal 0.998803 -0.0489209 0
    outer loop
      vertex 44.22 61.73 28
      vertex 44.226 61.8525 14
      vertex 44.226 61.8525 28
    endloop
  endfacet
  facet normal 0.998803 -0.0489209 0
    outer loop
      vertex 44.226 61.8525 14
      vertex 44.22 61.73 28
      vertex 44.22 61.73 14
    endloop
  endfacet
  facet normal 0.740898 -0.671617 0
    outer loop
      vertex 44.5037 62.523 28
      vertex 44.5861 62.6139 14
      vertex 44.5861 62.6139 28
    endloop
  endfacet
  facet normal 0.740898 -0.671617 0
    outer loop
      vertex 44.5861 62.6139 14
      vertex 44.5037 62.523 28
      vertex 44.5037 62.523 14
    endloop
  endfacet
  facet normal -0.146667 0.989186 0
    outer loop
      vertex 45.7139 60.504 14
      vertex 45.5925 60.486 28
      vertex 45.7139 60.504 28
    endloop
  endfacet
  facet normal -0.146667 0.989186 0
    outer loop
      vertex 45.5925 60.486 28
      vertex 45.7139 60.504 14
      vertex 45.5925 60.486 14
    endloop
  endfacet
  facet normal -0.514016 0.85778 0
    outer loop
      vertex 46.1645 60.6907 14
      vertex 46.0592 60.6276 28
      vertex 46.1645 60.6907 28
    endloop
  endfacet
  facet normal -0.514016 0.85778 0
    outer loop
      vertex 46.0592 60.6276 28
      vertex 46.1645 60.6907 14
      vertex 46.0592 60.6276 14
    endloop
  endfacet
  facet normal 0.671617 -0.740898 0
    outer loop
      vertex 44.5861 62.6139 14
      vertex 44.677 62.6963 28
      vertex 44.5861 62.6139 28
    endloop
  endfacet
  facet normal 0.671617 -0.740898 0
    outer loop
      vertex 44.677 62.6963 28
      vertex 44.5861 62.6139 14
      vertex 44.677 62.6963 14
    endloop
  endfacet
  facet normal -0.989186 0.146667 0
    outer loop
      vertex 46.696 61.4861 14
      vertex 46.714 61.6075 28
      vertex 46.714 61.6075 14
    endloop
  endfacet
  facet normal -0.989186 0.146667 0
    outer loop
      vertex 46.714 61.6075 28
      vertex 46.696 61.4861 14
      vertex 46.696 61.4861 28
    endloop
  endfacet
  facet normal -0.998803 0.0489209 0
    outer loop
      vertex 46.714 61.6075 14
      vertex 46.72 61.73 28
      vertex 46.72 61.73 14
    endloop
  endfacet
  facet normal -0.998803 0.0489209 0
    outer loop
      vertex 46.72 61.73 28
      vertex 46.714 61.6075 14
      vertex 46.714 61.6075 28
    endloop
  endfacet
  facet normal -0.941354 -0.33742 0
    outer loop
      vertex 46.6662 62.0929 14
      vertex 46.6248 62.2084 28
      vertex 46.6248 62.2084 14
    endloop
  endfacet
  facet normal -0.941354 -0.33742 0
    outer loop
      vertex 46.6248 62.2084 28
      vertex 46.6662 62.0929 14
      vertex 46.6662 62.0929 28
    endloop
  endfacet
  facet normal -0.803413 0.595423 0
    outer loop
      vertex 46.4363 60.937 14
      vertex 46.5093 61.0355 28
      vertex 46.5093 61.0355 14
    endloop
  endfacet
  facet normal -0.803413 0.595423 0
    outer loop
      vertex 46.5093 61.0355 28
      vertex 46.4363 60.937 14
      vertex 46.4363 60.937 28
    endloop
  endfacet
  facet normal -0.146667 -0.989186 0
    outer loop
      vertex 45.5925 62.974 14
      vertex 45.7139 62.956 28
      vertex 45.5925 62.974 28
    endloop
  endfacet
  facet normal -0.146667 -0.989186 -0
    outer loop
      vertex 45.7139 62.956 28
      vertex 45.5925 62.974 14
      vertex 45.7139 62.956 14
    endloop
  endfacet
  facet normal 0.904003 0.427525 0
    outer loop
      vertex 44.3676 61.1408 28
      vertex 44.3152 61.2516 14
      vertex 44.3152 61.2516 28
    endloop
  endfacet
  facet normal 0.904003 0.427525 0
    outer loop
      vertex 44.3152 61.2516 14
      vertex 44.3676 61.1408 28
      vertex 44.3676 61.1408 14
    endloop
  endfacet
  facet normal -0.740898 -0.671617 0
    outer loop
      vertex 46.4363 62.523 14
      vertex 46.3539 62.6139 28
      vertex 46.3539 62.6139 14
    endloop
  endfacet
  facet normal -0.740898 -0.671617 0
    outer loop
      vertex 46.3539 62.6139 28
      vertex 46.4363 62.523 14
      vertex 46.4363 62.523 28
    endloop
  endfacet
  facet normal -0.514016 -0.85778 0
    outer loop
      vertex 46.0592 62.8324 14
      vertex 46.1645 62.7693 28
      vertex 46.0592 62.8324 28
    endloop
  endfacet
  facet normal -0.514016 -0.85778 -0
    outer loop
      vertex 46.1645 62.7693 28
      vertex 46.0592 62.8324 14
      vertex 46.1645 62.7693 14
    endloop
  endfacet
  facet normal -0.970047 0.242919 0
    outer loop
      vertex 46.6662 61.3671 14
      vertex 46.696 61.4861 28
      vertex 46.696 61.4861 14
    endloop
  endfacet
  facet normal -0.970047 0.242919 0
    outer loop
      vertex 46.696 61.4861 28
      vertex 46.6662 61.3671 14
      vertex 46.6662 61.3671 28
    endloop
  endfacet
  facet normal -0.941354 0.33742 0
    outer loop
      vertex 46.6248 61.2516 14
      vertex 46.6662 61.3671 28
      vertex 46.6662 61.3671 14
    endloop
  endfacet
  facet normal -0.941354 0.33742 0
    outer loop
      vertex 46.6662 61.3671 28
      vertex 46.6248 61.2516 14
      vertex 46.6248 61.2516 28
    endloop
  endfacet
  facet normal -0.33742 -0.941354 0
    outer loop
      vertex 45.8329 62.9262 14
      vertex 45.9484 62.8848 28
      vertex 45.8329 62.9262 28
    endloop
  endfacet
  facet normal -0.33742 -0.941354 -0
    outer loop
      vertex 45.9484 62.8848 28
      vertex 45.8329 62.9262 14
      vertex 45.9484 62.8848 14
    endloop
  endfacet
  facet normal -0.336698 0.941613 0
    outer loop
      vertex 45.9484 60.5751 14
      vertex 45.8329 60.5338 28
      vertex 45.9484 60.5751 28
    endloop
  endfacet
  facet normal -0.336698 0.941613 0
    outer loop
      vertex 45.8329 60.5338 28
      vertex 45.9484 60.5751 14
      vertex 45.8329 60.5338 14
    endloop
  endfacet
  facet normal -0.242919 0.970047 0
    outer loop
      vertex 45.8329 60.5338 14
      vertex 45.7139 60.504 28
      vertex 45.8329 60.5338 28
    endloop
  endfacet
  facet normal -0.242919 0.970047 0
    outer loop
      vertex 45.7139 60.504 28
      vertex 45.8329 60.5338 14
      vertex 45.7139 60.504 14
    endloop
  endfacet
  facet normal -0.740898 0.671617 0
    outer loop
      vertex 46.3539 60.8461 14
      vertex 46.4363 60.937 28
      vertex 46.4363 60.937 14
    endloop
  endfacet
  facet normal -0.740898 0.671617 0
    outer loop
      vertex 46.4363 60.937 28
      vertex 46.3539 60.8461 14
      vertex 46.3539 60.8461 28
    endloop
  endfacet
  facet normal -0.85778 -0.514016 0
    outer loop
      vertex 46.5724 62.3192 14
      vertex 46.5093 62.4245 28
      vertex 46.5093 62.4245 14
    endloop
  endfacet
  facet normal -0.85778 -0.514016 0
    outer loop
      vertex 46.5093 62.4245 28
      vertex 46.5724 62.3192 14
      vertex 46.5724 62.3192 28
    endloop
  endfacet
  facet normal -0.85778 0.514016 0
    outer loop
      vertex 46.5093 61.0355 14
      vertex 46.5724 61.1408 28
      vertex 46.5724 61.1408 14
    endloop
  endfacet
  facet normal -0.85778 0.514016 0
    outer loop
      vertex 46.5724 61.1408 28
      vertex 46.5093 61.0355 14
      vertex 46.5093 61.0355 28
    endloop
  endfacet
  facet normal 0.242919 0.970047 -0
    outer loop
      vertex 45.2261 60.504 14
      vertex 45.1071 60.5338 28
      vertex 45.2261 60.504 28
    endloop
  endfacet
  facet normal 0.242919 0.970047 0
    outer loop
      vertex 45.1071 60.5338 28
      vertex 45.2261 60.504 14
      vertex 45.1071 60.5338 14
    endloop
  endfacet
  facet normal 0.740898 0.671617 0
    outer loop
      vertex 44.5861 60.8461 28
      vertex 44.5037 60.937 14
      vertex 44.5037 60.937 28
    endloop
  endfacet
  facet normal 0.740898 0.671617 0
    outer loop
      vertex 44.5037 60.937 14
      vertex 44.5861 60.8461 28
      vertex 44.5861 60.8461 14
    endloop
  endfacet
  facet normal 0.595423 0.803413 -0
    outer loop
      vertex 44.7755 60.6907 14
      vertex 44.677 60.7637 28
      vertex 44.7755 60.6907 28
    endloop
  endfacet
  facet normal 0.595423 0.803413 0
    outer loop
      vertex 44.677 60.7637 28
      vertex 44.7755 60.6907 14
      vertex 44.677 60.7637 14
    endloop
  endfacet
  facet normal 0.146667 -0.989186 0
    outer loop
      vertex 45.2261 62.956 14
      vertex 45.3475 62.974 28
      vertex 45.2261 62.956 28
    endloop
  endfacet
  facet normal 0.146667 -0.989186 0
    outer loop
      vertex 45.3475 62.974 28
      vertex 45.2261 62.956 14
      vertex 45.3475 62.974 14
    endloop
  endfacet
  facet normal 0.85778 0.514016 0
    outer loop
      vertex 44.4307 61.0355 28
      vertex 44.3676 61.1408 14
      vertex 44.3676 61.1408 28
    endloop
  endfacet
  facet normal 0.85778 0.514016 0
    outer loop
      vertex 44.3676 61.1408 14
      vertex 44.4307 61.0355 28
      vertex 44.4307 61.0355 14
    endloop
  endfacet
  facet normal -0.0489209 -0.998803 0
    outer loop
      vertex 45.47 62.98 14
      vertex 45.5925 62.974 28
      vertex 45.47 62.98 28
    endloop
  endfacet
  facet normal -0.0489209 -0.998803 -0
    outer loop
      vertex 45.5925 62.974 28
      vertex 45.47 62.98 14
      vertex 45.5925 62.974 14
    endloop
  endfacet
  facet normal 0.970047 0.242919 0
    outer loop
      vertex 44.2738 61.3671 28
      vertex 44.244 61.4861 14
      vertex 44.244 61.4861 28
    endloop
  endfacet
  facet normal 0.970047 0.242919 0
    outer loop
      vertex 44.244 61.4861 14
      vertex 44.2738 61.3671 28
      vertex 44.2738 61.3671 14
    endloop
  endfacet
  facet normal 0.941354 0.33742 0
    outer loop
      vertex 44.3152 61.2516 28
      vertex 44.2738 61.3671 14
      vertex 44.2738 61.3671 28
    endloop
  endfacet
  facet normal 0.941354 0.33742 0
    outer loop
      vertex 44.2738 61.3671 14
      vertex 44.3152 61.2516 28
      vertex 44.3152 61.2516 14
    endloop
  endfacet
  facet normal 0.0489209 0.998803 -0
    outer loop
      vertex 45.47 60.48 14
      vertex 45.3475 60.486 28
      vertex 45.47 60.48 28
    endloop
  endfacet
  facet normal 0.0489209 0.998803 0
    outer loop
      vertex 45.3475 60.486 28
      vertex 45.47 60.48 14
      vertex 45.3475 60.486 14
    endloop
  endfacet
  facet normal -0.0489209 0.998803 0
    outer loop
      vertex 45.5925 60.486 14
      vertex 45.47 60.48 28
      vertex 45.5925 60.486 28
    endloop
  endfacet
  facet normal -0.0489209 0.998803 0
    outer loop
      vertex 45.47 60.48 28
      vertex 45.5925 60.486 14
      vertex 45.47 60.48 14
    endloop
  endfacet
  facet normal 0.336698 0.941613 -0
    outer loop
      vertex 45.1071 60.5338 14
      vertex 44.9916 60.5751 28
      vertex 45.1071 60.5338 28
    endloop
  endfacet
  facet normal 0.336698 0.941613 0
    outer loop
      vertex 44.9916 60.5751 28
      vertex 45.1071 60.5338 14
      vertex 44.9916 60.5751 14
    endloop
  endfacet
  facet normal -0.595423 0.803413 0
    outer loop
      vertex 46.263 60.7637 14
      vertex 46.1645 60.6907 28
      vertex 46.263 60.7637 28
    endloop
  endfacet
  facet normal -0.595423 0.803413 0
    outer loop
      vertex 46.1645 60.6907 28
      vertex 46.263 60.7637 14
      vertex 46.1645 60.6907 14
    endloop
  endfacet
  facet normal 0.85778 -0.514016 0
    outer loop
      vertex 44.3676 62.3192 28
      vertex 44.4307 62.4245 14
      vertex 44.4307 62.4245 28
    endloop
  endfacet
  facet normal 0.85778 -0.514016 0
    outer loop
      vertex 44.4307 62.4245 14
      vertex 44.3676 62.3192 28
      vertex 44.3676 62.3192 14
    endloop
  endfacet
  facet normal 0.989186 -0.146667 0
    outer loop
      vertex 44.226 61.8525 28
      vertex 44.244 61.9739 14
      vertex 44.244 61.9739 28
    endloop
  endfacet
  facet normal 0.989186 -0.146667 0
    outer loop
      vertex 44.244 61.9739 14
      vertex 44.226 61.8525 28
      vertex 44.226 61.8525 14
    endloop
  endfacet
  facet normal 0.904003 -0.427525 0
    outer loop
      vertex 44.3152 62.2084 28
      vertex 44.3676 62.3192 14
      vertex 44.3676 62.3192 28
    endloop
  endfacet
  facet normal 0.904003 -0.427525 0
    outer loop
      vertex 44.3676 62.3192 14
      vertex 44.3152 62.2084 28
      vertex 44.3152 62.2084 14
    endloop
  endfacet
  facet normal 0.941459 -0.337128 0
    outer loop
      vertex -52.0753 -21.3914 4
      vertex -52.0025 -21.1881 0
      vertex -52.0025 -21.1881 4
    endloop
  endfacet
  facet normal 0.941459 -0.337128 0
    outer loop
      vertex -52.0025 -21.1881 0
      vertex -52.0753 -21.3914 4
      vertex -52.0753 -21.3914 0
    endloop
  endfacet
  facet normal -0.989166 -0.1468 0
    outer loop
      vertex -47.7806 -21.8144 0
      vertex -47.8123 -21.6008 4
      vertex -47.8123 -21.6008 0
    endloop
  endfacet
  facet normal -0.989166 -0.1468 0
    outer loop
      vertex -47.8123 -21.6008 4
      vertex -47.7806 -21.8144 0
      vertex -47.7806 -21.8144 4
    endloop
  endfacet
  facet normal -0.998794 -0.0491058 0
    outer loop
      vertex -47.77 -22.03 0
      vertex -47.7806 -21.8144 4
      vertex -47.7806 -21.8144 0
    endloop
  endfacet
  facet normal -0.998794 -0.0491058 0
    outer loop
      vertex -47.7806 -21.8144 4
      vertex -47.77 -22.03 0
      vertex -47.77 -22.03 4
    endloop
  endfacet
  facet normal -0.970088 -0.242754 0
    outer loop
      vertex -47.8123 -21.6008 0
      vertex -47.8647 -21.3914 4
      vertex -47.8647 -21.3914 0
    endloop
  endfacet
  facet normal -0.970088 -0.242754 0
    outer loop
      vertex -47.8647 -21.3914 4
      vertex -47.8123 -21.6008 0
      vertex -47.8123 -21.6008 4
    endloop
  endfacet
  facet normal -0.803212 -0.595693 0
    outer loop
      vertex -48.1408 -20.8077 0
      vertex -48.2694 -20.6343 4
      vertex -48.2694 -20.6343 0
    endloop
  endfacet
  facet normal -0.803212 -0.595693 0
    outer loop
      vertex -48.2694 -20.6343 4
      vertex -48.1408 -20.8077 0
      vertex -48.1408 -20.8077 4
    endloop
  endfacet
  facet normal -0.595693 -0.803212 0
    outer loop
      vertex -48.7477 -20.2008 0
      vertex -48.5743 -20.3294 4
      vertex -48.7477 -20.2008 4
    endloop
  endfacet
  facet normal -0.595693 -0.803212 -0
    outer loop
      vertex -48.5743 -20.3294 4
      vertex -48.7477 -20.2008 0
      vertex -48.5743 -20.3294 0
    endloop
  endfacet
  facet normal 0.970088 -0.242754 0
    outer loop
      vertex -52.1277 -21.6008 4
      vertex -52.0753 -21.3914 0
      vertex -52.0753 -21.3914 4
    endloop
  endfacet
  facet normal 0.970088 -0.242754 0
    outer loop
      vertex -52.0753 -21.3914 0
      vertex -52.1277 -21.6008 4
      vertex -52.1277 -21.6008 0
    endloop
  endfacet
  facet normal -0.998794 0.0491058 0
    outer loop
      vertex -47.7806 -22.2456 0
      vertex -47.77 -22.03 4
      vertex -47.77 -22.03 0
    endloop
  endfacet
  facet normal -0.998794 0.0491058 0
    outer loop
      vertex -47.77 -22.03 4
      vertex -47.7806 -22.2456 0
      vertex -47.7806 -22.2456 4
    endloop
  endfacet
  facet normal 0.1468 0.989166 -0
    outer loop
      vertex -50.1856 -24.2194 0
      vertex -50.3992 -24.1877 4
      vertex -50.1856 -24.2194 4
    endloop
  endfacet
  facet normal 0.1468 0.989166 0
    outer loop
      vertex -50.3992 -24.1877 4
      vertex -50.1856 -24.2194 0
      vertex -50.3992 -24.1877 0
    endloop
  endfacet
  facet normal 0.1468 -0.989166 0
    outer loop
      vertex -50.3992 -19.8723 0
      vertex -50.1856 -19.8406 4
      vertex -50.3992 -19.8723 4
    endloop
  endfacet
  facet normal 0.1468 -0.989166 0
    outer loop
      vertex -50.1856 -19.8406 4
      vertex -50.3992 -19.8723 0
      vertex -50.1856 -19.8406 0
    endloop
  endfacet
  facet normal -0.427469 -0.90403 0
    outer loop
      vertex -49.1281 -19.9975 0
      vertex -48.9329 -20.0898 4
      vertex -49.1281 -19.9975 4
    endloop
  endfacet
  facet normal -0.427469 -0.90403 -0
    outer loop
      vertex -48.9329 -20.0898 4
      vertex -49.1281 -19.9975 0
      vertex -48.9329 -20.0898 0
    endloop
  endfacet
  facet normal 0.337128 -0.941459 0
    outer loop
      vertex -50.8119 -19.9975 0
      vertex -50.6086 -19.9247 4
      vertex -50.8119 -19.9975 4
    endloop
  endfacet
  facet normal 0.337128 -0.941459 0
    outer loop
      vertex -50.6086 -19.9247 4
      vertex -50.8119 -19.9975 0
      vertex -50.6086 -19.9247 0
    endloop
  endfacet
  facet normal -0.67175 -0.740778 0
    outer loop
      vertex -48.5743 -20.3294 0
      vertex -48.4144 -20.4744 4
      vertex -48.5743 -20.3294 4
    endloop
  endfacet
  facet normal -0.67175 -0.740778 -0
    outer loop
      vertex -48.4144 -20.4744 4
      vertex -48.5743 -20.3294 0
      vertex -48.4144 -20.4744 0
    endloop
  endfacet
  facet normal 0.857738 0.514087 0
    outer loop
      vertex -51.7992 -23.2523 4
      vertex -51.9102 -23.0671 0
      vertex -51.9102 -23.0671 4
    endloop
  endfacet
  facet normal 0.857738 0.514087 0
    outer loop
      vertex -51.9102 -23.0671 0
      vertex -51.7992 -23.2523 4
      vertex -51.7992 -23.2523 0
    endloop
  endfacet
  facet normal -0.595693 0.803212 0
    outer loop
      vertex -48.5743 -23.7306 0
      vertex -48.7477 -23.8592 4
      vertex -48.5743 -23.7306 4
    endloop
  endfacet
  facet normal -0.595693 0.803212 0
    outer loop
      vertex -48.7477 -23.8592 4
      vertex -48.5743 -23.7306 0
      vertex -48.7477 -23.8592 0
    endloop
  endfacet
  facet normal -0.1468 0.989166 0
    outer loop
      vertex -49.5408 -24.1877 0
      vertex -49.7544 -24.2194 4
      vertex -49.5408 -24.1877 4
    endloop
  endfacet
  facet normal -0.1468 0.989166 0
    outer loop
      vertex -49.7544 -24.2194 4
      vertex -49.5408 -24.1877 0
      vertex -49.7544 -24.2194 0
    endloop
  endfacet
  facet normal -0.740778 -0.67175 0
    outer loop
      vertex -48.2694 -20.6343 0
      vertex -48.4144 -20.4744 4
      vertex -48.4144 -20.4744 0
    endloop
  endfacet
  facet normal -0.740778 -0.67175 0
    outer loop
      vertex -48.4144 -20.4744 4
      vertex -48.2694 -20.6343 0
      vertex -48.2694 -20.6343 4
    endloop
  endfacet
  facet normal 0.427469 -0.90403 0
    outer loop
      vertex -51.0071 -20.0898 0
      vertex -50.8119 -19.9975 4
      vertex -51.0071 -20.0898 4
    endloop
  endfacet
  facet normal 0.427469 -0.90403 0
    outer loop
      vertex -50.8119 -19.9975 4
      vertex -51.0071 -20.0898 0
      vertex -50.8119 -19.9975 0
    endloop
  endfacet
  facet normal -0.337128 0.941459 0
    outer loop
      vertex -49.1281 -24.0625 0
      vertex -49.3314 -24.1353 4
      vertex -49.1281 -24.0625 4
    endloop
  endfacet
  facet normal -0.337128 0.941459 0
    outer loop
      vertex -49.3314 -24.1353 4
      vertex -49.1281 -24.0625 0
      vertex -49.3314 -24.1353 0
    endloop
  endfacet
  facet normal 0.0491058 -0.998794 0
    outer loop
      vertex -50.1856 -19.8406 0
      vertex -49.97 -19.83 4
      vertex -50.1856 -19.8406 4
    endloop
  endfacet
  facet normal 0.0491058 -0.998794 0
    outer loop
      vertex -49.97 -19.83 4
      vertex -50.1856 -19.8406 0
      vertex -49.97 -19.83 0
    endloop
  endfacet
  facet normal -0.941459 -0.337128 0
    outer loop
      vertex -47.8647 -21.3914 0
      vertex -47.9375 -21.1881 4
      vertex -47.9375 -21.1881 0
    endloop
  endfacet
  facet normal -0.941459 -0.337128 0
    outer loop
      vertex -47.9375 -21.1881 4
      vertex -47.8647 -21.3914 0
      vertex -47.8647 -21.3914 4
    endloop
  endfacet
  facet normal -0.337128 -0.941459 0
    outer loop
      vertex -49.3314 -19.9247 0
      vertex -49.1281 -19.9975 4
      vertex -49.3314 -19.9247 4
    endloop
  endfacet
  facet normal -0.337128 -0.941459 -0
    outer loop
      vertex -49.1281 -19.9975 4
      vertex -49.3314 -19.9247 0
      vertex -49.1281 -19.9975 0
    endloop
  endfacet
  facet normal -0.0491058 -0.998794 0
    outer loop
      vertex -49.97 -19.83 0
      vertex -49.7544 -19.8406 4
      vertex -49.97 -19.83 4
    endloop
  endfacet
  facet normal -0.0491058 -0.998794 -0
    outer loop
      vertex -49.7544 -19.8406 4
      vertex -49.97 -19.83 0
      vertex -49.7544 -19.8406 0
    endloop
  endfacet
  facet normal -0.989166 0.1468 0
    outer loop
      vertex -47.8123 -22.4592 0
      vertex -47.7806 -22.2456 4
      vertex -47.7806 -22.2456 0
    endloop
  endfacet
  facet normal -0.989166 0.1468 0
    outer loop
      vertex -47.7806 -22.2456 4
      vertex -47.8123 -22.4592 0
      vertex -47.8123 -22.4592 4
    endloop
  endfacet
  facet normal 0.90403 0.427469 0
    outer loop
      vertex -51.9102 -23.0671 4
      vertex -52.0025 -22.8719 0
      vertex -52.0025 -22.8719 4
    endloop
  endfacet
  facet normal 0.90403 0.427469 0
    outer loop
      vertex -52.0025 -22.8719 0
      vertex -51.9102 -23.0671 4
      vertex -51.9102 -23.0671 0
    endloop
  endfacet
  facet normal -0.242754 0.970088 0
    outer loop
      vertex -49.3314 -24.1353 0
      vertex -49.5408 -24.1877 4
      vertex -49.3314 -24.1353 4
    endloop
  endfacet
  facet normal -0.242754 0.970088 0
    outer loop
      vertex -49.5408 -24.1877 4
      vertex -49.3314 -24.1353 0
      vertex -49.5408 -24.1877 0
    endloop
  endfacet
  facet normal 0.337128 0.941459 -0
    outer loop
      vertex -50.6086 -24.1353 0
      vertex -50.8119 -24.0625 4
      vertex -50.6086 -24.1353 4
    endloop
  endfacet
  facet normal 0.337128 0.941459 0
    outer loop
      vertex -50.8119 -24.0625 4
      vertex -50.6086 -24.1353 0
      vertex -50.8119 -24.0625 0
    endloop
  endfacet
  facet normal 0.242754 -0.970088 0
    outer loop
      vertex -50.6086 -19.9247 0
      vertex -50.3992 -19.8723 4
      vertex -50.6086 -19.9247 4
    endloop
  endfacet
  facet normal 0.242754 -0.970088 0
    outer loop
      vertex -50.3992 -19.8723 4
      vertex -50.6086 -19.9247 0
      vertex -50.3992 -19.8723 0
    endloop
  endfacet
  facet normal 0.242754 0.970088 -0
    outer loop
      vertex -50.3992 -24.1877 0
      vertex -50.6086 -24.1353 4
      vertex -50.3992 -24.1877 4
    endloop
  endfacet
  facet normal 0.242754 0.970088 0
    outer loop
      vertex -50.6086 -24.1353 4
      vertex -50.3992 -24.1877 0
      vertex -50.6086 -24.1353 0
    endloop
  endfacet
  facet normal -0.90403 -0.427469 0
    outer loop
      vertex -47.9375 -21.1881 0
      vertex -48.0298 -20.9929 4
      vertex -48.0298 -20.9929 0
    endloop
  endfacet
  facet normal -0.90403 -0.427469 0
    outer loop
      vertex -48.0298 -20.9929 4
      vertex -47.9375 -21.1881 0
      vertex -47.9375 -21.1881 4
    endloop
  endfacet
  facet normal 0.989166 0.1468 0
    outer loop
      vertex -52.1277 -22.4592 4
      vertex -52.1594 -22.2456 0
      vertex -52.1594 -22.2456 4
    endloop
  endfacet
  facet normal 0.989166 0.1468 0
    outer loop
      vertex -52.1594 -22.2456 0
      vertex -52.1277 -22.4592 4
      vertex -52.1277 -22.4592 0
    endloop
  endfacet
  facet normal 0.970088 0.242754 0
    outer loop
      vertex -52.0753 -22.6686 4
      vertex -52.1277 -22.4592 0
      vertex -52.1277 -22.4592 4
    endloop
  endfacet
  facet normal 0.970088 0.242754 0
    outer loop
      vertex -52.1277 -22.4592 0
      vertex -52.0753 -22.6686 4
      vertex -52.0753 -22.6686 0
    endloop
  endfacet
  facet normal -0.857738 0.514087 0
    outer loop
      vertex -48.1408 -23.2523 0
      vertex -48.0298 -23.0671 4
      vertex -48.0298 -23.0671 0
    endloop
  endfacet
  facet normal -0.857738 0.514087 0
    outer loop
      vertex -48.0298 -23.0671 4
      vertex -48.1408 -23.2523 0
      vertex -48.1408 -23.2523 4
    endloop
  endfacet
  facet normal 0.595693 0.803212 -0
    outer loop
      vertex -51.1923 -23.8592 0
      vertex -51.3657 -23.7306 4
      vertex -51.1923 -23.8592 4
    endloop
  endfacet
  facet normal 0.595693 0.803212 0
    outer loop
      vertex -51.3657 -23.7306 4
      vertex -51.1923 -23.8592 0
      vertex -51.3657 -23.7306 0
    endloop
  endfacet
  facet normal -0.514087 -0.857738 0
    outer loop
      vertex -48.9329 -20.0898 0
      vertex -48.7477 -20.2008 4
      vertex -48.9329 -20.0898 4
    endloop
  endfacet
  facet normal -0.514087 -0.857738 -0
    outer loop
      vertex -48.7477 -20.2008 4
      vertex -48.9329 -20.0898 0
      vertex -48.7477 -20.2008 0
    endloop
  endfacet
  facet normal -0.803212 0.595693 0
    outer loop
      vertex -48.2694 -23.4257 0
      vertex -48.1408 -23.2523 4
      vertex -48.1408 -23.2523 0
    endloop
  endfacet
  facet normal -0.803212 0.595693 0
    outer loop
      vertex -48.1408 -23.2523 4
      vertex -48.2694 -23.4257 0
      vertex -48.2694 -23.4257 4
    endloop
  endfacet
  facet normal 0.740778 0.67175 0
    outer loop
      vertex -51.5256 -23.5856 4
      vertex -51.6706 -23.4257 0
      vertex -51.6706 -23.4257 4
    endloop
  endfacet
  facet normal 0.740778 0.67175 0
    outer loop
      vertex -51.6706 -23.4257 0
      vertex -51.5256 -23.5856 4
      vertex -51.5256 -23.5856 0
    endloop
  endfacet
  facet normal -0.941459 0.337128 0
    outer loop
      vertex -47.9375 -22.8719 0
      vertex -47.8647 -22.6686 4
      vertex -47.8647 -22.6686 0
    endloop
  endfacet
  facet normal -0.941459 0.337128 0
    outer loop
      vertex -47.8647 -22.6686 4
      vertex -47.9375 -22.8719 0
      vertex -47.9375 -22.8719 4
    endloop
  endfacet
  facet normal -0.427469 0.90403 0
    outer loop
      vertex -48.9329 -23.9702 0
      vertex -49.1281 -24.0625 4
      vertex -48.9329 -23.9702 4
    endloop
  endfacet
  facet normal -0.427469 0.90403 0
    outer loop
      vertex -49.1281 -24.0625 4
      vertex -48.9329 -23.9702 0
      vertex -49.1281 -24.0625 0
    endloop
  endfacet
  facet normal 0.989166 -0.1468 0
    outer loop
      vertex -52.1594 -21.8144 4
      vertex -52.1277 -21.6008 0
      vertex -52.1277 -21.6008 4
    endloop
  endfacet
  facet normal 0.989166 -0.1468 0
    outer loop
      vertex -52.1277 -21.6008 0
      vertex -52.1594 -21.8144 4
      vertex -52.1594 -21.8144 0
    endloop
  endfacet
  facet normal 0.0491058 0.998794 -0
    outer loop
      vertex -49.97 -24.23 0
      vertex -50.1856 -24.2194 4
      vertex -49.97 -24.23 4
    endloop
  endfacet
  facet normal 0.0491058 0.998794 0
    outer loop
      vertex -50.1856 -24.2194 4
      vertex -49.97 -24.23 0
      vertex -50.1856 -24.2194 0
    endloop
  endfacet
  facet normal 0.514087 -0.857738 0
    outer loop
      vertex -51.1923 -20.2008 0
      vertex -51.0071 -20.0898 4
      vertex -51.1923 -20.2008 4
    endloop
  endfacet
  facet normal 0.514087 -0.857738 0
    outer loop
      vertex -51.0071 -20.0898 4
      vertex -51.1923 -20.2008 0
      vertex -51.0071 -20.0898 0
    endloop
  endfacet
  facet normal 0.514087 0.857738 -0
    outer loop
      vertex -51.0071 -23.9702 0
      vertex -51.1923 -23.8592 4
      vertex -51.0071 -23.9702 4
    endloop
  endfacet
  facet normal 0.514087 0.857738 0
    outer loop
      vertex -51.1923 -23.8592 4
      vertex -51.0071 -23.9702 0
      vertex -51.1923 -23.8592 0
    endloop
  endfacet
  facet normal 0.857738 -0.514087 0
    outer loop
      vertex -51.9102 -20.9929 4
      vertex -51.7992 -20.8077 0
      vertex -51.7992 -20.8077 4
    endloop
  endfacet
  facet normal 0.857738 -0.514087 0
    outer loop
      vertex -51.7992 -20.8077 0
      vertex -51.9102 -20.9929 4
      vertex -51.9102 -20.9929 0
    endloop
  endfacet
  facet normal -0.970088 0.242754 0
    outer loop
      vertex -47.8647 -22.6686 0
      vertex -47.8123 -22.4592 4
      vertex -47.8123 -22.4592 0
    endloop
  endfacet
  facet normal -0.970088 0.242754 0
    outer loop
      vertex -47.8123 -22.4592 4
      vertex -47.8647 -22.6686 0
      vertex -47.8647 -22.6686 4
    endloop
  endfacet
  facet normal -0.857738 -0.514087 0
    outer loop
      vertex -48.0298 -20.9929 0
      vertex -48.1408 -20.8077 4
      vertex -48.1408 -20.8077 0
    endloop
  endfacet
  facet normal -0.857738 -0.514087 0
    outer loop
      vertex -48.1408 -20.8077 4
      vertex -48.0298 -20.9929 0
      vertex -48.0298 -20.9929 4
    endloop
  endfacet
  facet normal 0.740778 -0.67175 0
    outer loop
      vertex -51.6706 -20.6343 4
      vertex -51.5256 -20.4744 0
      vertex -51.5256 -20.4744 4
    endloop
  endfacet
  facet normal 0.740778 -0.67175 0
    outer loop
      vertex -51.5256 -20.4744 0
      vertex -51.6706 -20.6343 4
      vertex -51.6706 -20.6343 0
    endloop
  endfacet
  facet normal 0.803212 0.595693 0
    outer loop
      vertex -51.6706 -23.4257 4
      vertex -51.7992 -23.2523 0
      vertex -51.7992 -23.2523 4
    endloop
  endfacet
  facet normal 0.803212 0.595693 0
    outer loop
      vertex -51.7992 -23.2523 0
      vertex -51.6706 -23.4257 4
      vertex -51.6706 -23.4257 0
    endloop
  endfacet
  facet normal 0.67175 0.740778 -0
    outer loop
      vertex -51.3657 -23.7306 0
      vertex -51.5256 -23.5856 4
      vertex -51.3657 -23.7306 4
    endloop
  endfacet
  facet normal 0.67175 0.740778 0
    outer loop
      vertex -51.5256 -23.5856 4
      vertex -51.3657 -23.7306 0
      vertex -51.5256 -23.5856 0
    endloop
  endfacet
  facet normal -0.67175 0.740778 0
    outer loop
      vertex -48.4144 -23.5856 0
      vertex -48.5743 -23.7306 4
      vertex -48.4144 -23.5856 4
    endloop
  endfacet
  facet normal -0.67175 0.740778 0
    outer loop
      vertex -48.5743 -23.7306 4
      vertex -48.4144 -23.5856 0
      vertex -48.5743 -23.7306 0
    endloop
  endfacet
  facet normal 0.595693 -0.803212 0
    outer loop
      vertex -51.3657 -20.3294 0
      vertex -51.1923 -20.2008 4
      vertex -51.3657 -20.3294 4
    endloop
  endfacet
  facet normal 0.595693 -0.803212 0
    outer loop
      vertex -51.1923 -20.2008 4
      vertex -51.3657 -20.3294 0
      vertex -51.1923 -20.2008 0
    endloop
  endfacet
  facet normal -0.90403 0.427469 0
    outer loop
      vertex -48.0298 -23.0671 0
      vertex -47.9375 -22.8719 4
      vertex -47.9375 -22.8719 0
    endloop
  endfacet
  facet normal -0.90403 0.427469 0
    outer loop
      vertex -47.9375 -22.8719 4
      vertex -48.0298 -23.0671 0
      vertex -48.0298 -23.0671 4
    endloop
  endfacet
  facet normal 0.67175 -0.740778 0
    outer loop
      vertex -51.5256 -20.4744 0
      vertex -51.3657 -20.3294 4
      vertex -51.5256 -20.4744 4
    endloop
  endfacet
  facet normal 0.67175 -0.740778 0
    outer loop
      vertex -51.3657 -20.3294 4
      vertex -51.5256 -20.4744 0
      vertex -51.3657 -20.3294 0
    endloop
  endfacet
  facet normal -0.514087 0.857738 0
    outer loop
      vertex -48.7477 -23.8592 0
      vertex -48.9329 -23.9702 4
      vertex -48.7477 -23.8592 4
    endloop
  endfacet
  facet normal -0.514087 0.857738 0
    outer loop
      vertex -48.9329 -23.9702 4
      vertex -48.7477 -23.8592 0
      vertex -48.9329 -23.9702 0
    endloop
  endfacet
  facet normal 0.803212 -0.595693 0
    outer loop
      vertex -51.7992 -20.8077 4
      vertex -51.6706 -20.6343 0
      vertex -51.6706 -20.6343 4
    endloop
  endfacet
  facet normal 0.803212 -0.595693 0
    outer loop
      vertex -51.6706 -20.6343 0
      vertex -51.7992 -20.8077 4
      vertex -51.7992 -20.8077 0
    endloop
  endfacet
  facet normal 0.941459 0.337128 0
    outer loop
      vertex -52.0025 -22.8719 4
      vertex -52.0753 -22.6686 0
      vertex -52.0753 -22.6686 4
    endloop
  endfacet
  facet normal 0.941459 0.337128 0
    outer loop
      vertex -52.0753 -22.6686 0
      vertex -52.0025 -22.8719 4
      vertex -52.0025 -22.8719 0
    endloop
  endfacet
  facet normal 0.998794 0.0491058 0
    outer loop
      vertex -52.1594 -22.2456 4
      vertex -52.17 -22.03 0
      vertex -52.17 -22.03 4
    endloop
  endfacet
  facet normal 0.998794 0.0491058 0
    outer loop
      vertex -52.17 -22.03 0
      vertex -52.1594 -22.2456 4
      vertex -52.1594 -22.2456 0
    endloop
  endfacet
  facet normal -0.0491058 0.998794 0
    outer loop
      vertex -49.7544 -24.2194 0
      vertex -49.97 -24.23 4
      vertex -49.7544 -24.2194 4
    endloop
  endfacet
  facet normal -0.0491058 0.998794 0
    outer loop
      vertex -49.97 -24.23 4
      vertex -49.7544 -24.2194 0
      vertex -49.97 -24.23 0
    endloop
  endfacet
  facet normal 0.90403 -0.427469 0
    outer loop
      vertex -52.0025 -21.1881 4
      vertex -51.9102 -20.9929 0
      vertex -51.9102 -20.9929 4
    endloop
  endfacet
  facet normal 0.90403 -0.427469 0
    outer loop
      vertex -51.9102 -20.9929 0
      vertex -52.0025 -21.1881 4
      vertex -52.0025 -21.1881 0
    endloop
  endfacet
  facet normal -0.1468 -0.989166 0
    outer loop
      vertex -49.7544 -19.8406 0
      vertex -49.5408 -19.8723 4
      vertex -49.7544 -19.8406 4
    endloop
  endfacet
  facet normal -0.1468 -0.989166 -0
    outer loop
      vertex -49.5408 -19.8723 4
      vertex -49.7544 -19.8406 0
      vertex -49.5408 -19.8723 0
    endloop
  endfacet
  facet normal -0.242754 -0.970088 0
    outer loop
      vertex -49.5408 -19.8723 0
      vertex -49.3314 -19.9247 4
      vertex -49.5408 -19.8723 4
    endloop
  endfacet
  facet normal -0.242754 -0.970088 -0
    outer loop
      vertex -49.3314 -19.9247 4
      vertex -49.5408 -19.8723 0
      vertex -49.3314 -19.9247 0
    endloop
  endfacet
  facet normal 0.998794 -0.0491058 0
    outer loop
      vertex -52.17 -22.03 4
      vertex -52.1594 -21.8144 0
      vertex -52.1594 -21.8144 4
    endloop
  endfacet
  facet normal 0.998794 -0.0491058 0
    outer loop
      vertex -52.1594 -21.8144 0
      vertex -52.17 -22.03 4
      vertex -52.17 -22.03 0
    endloop
  endfacet
  facet normal -0.740778 0.67175 0
    outer loop
      vertex -48.4144 -23.5856 0
      vertex -48.2694 -23.4257 4
      vertex -48.2694 -23.4257 0
    endloop
  endfacet
  facet normal -0.740778 0.67175 0
    outer loop
      vertex -48.2694 -23.4257 4
      vertex -48.4144 -23.5856 0
      vertex -48.4144 -23.5856 4
    endloop
  endfacet
  facet normal 0.427469 0.90403 -0
    outer loop
      vertex -50.8119 -24.0625 0
      vertex -51.0071 -23.9702 4
      vertex -50.8119 -24.0625 4
    endloop
  endfacet
  facet normal 0.427469 0.90403 0
    outer loop
      vertex -51.0071 -23.9702 4
      vertex -50.8119 -24.0625 0
      vertex -51.0071 -23.9702 0
    endloop
  endfacet
  facet normal -0.989166 -0.1468 0
    outer loop
      vertex -47.7806 66.4456 0
      vertex -47.8123 66.6592 4
      vertex -47.8123 66.6592 0
    endloop
  endfacet
  facet normal -0.989166 -0.1468 0
    outer loop
      vertex -47.8123 66.6592 4
      vertex -47.7806 66.4456 0
      vertex -47.7806 66.4456 4
    endloop
  endfacet
  facet normal -0.998794 -0.0491058 0
    outer loop
      vertex -47.77 66.23 0
      vertex -47.7806 66.4456 4
      vertex -47.7806 66.4456 0
    endloop
  endfacet
  facet normal -0.998794 -0.0491058 0
    outer loop
      vertex -47.7806 66.4456 4
      vertex -47.77 66.23 0
      vertex -47.77 66.23 4
    endloop
  endfacet
  facet normal -0.970088 -0.242754 0
    outer loop
      vertex -47.8123 66.6592 0
      vertex -47.8647 66.8686 4
      vertex -47.8647 66.8686 0
    endloop
  endfacet
  facet normal -0.970088 -0.242754 0
    outer loop
      vertex -47.8647 66.8686 4
      vertex -47.8123 66.6592 0
      vertex -47.8123 66.6592 4
    endloop
  endfacet
  facet normal 0.90403 0.427469 0
    outer loop
      vertex -51.9102 65.1929 4
      vertex -52.0025 65.3881 0
      vertex -52.0025 65.3881 4
    endloop
  endfacet
  facet normal 0.90403 0.427469 0
    outer loop
      vertex -52.0025 65.3881 0
      vertex -51.9102 65.1929 4
      vertex -51.9102 65.1929 0
    endloop
  endfacet
  facet normal 0.803212 -0.595693 0
    outer loop
      vertex -51.7992 67.4523 4
      vertex -51.6706 67.6257 0
      vertex -51.6706 67.6257 4
    endloop
  endfacet
  facet normal 0.803212 -0.595693 0
    outer loop
      vertex -51.6706 67.6257 0
      vertex -51.7992 67.4523 4
      vertex -51.7992 67.4523 0
    endloop
  endfacet
  facet normal 0.1468 -0.989166 0
    outer loop
      vertex -50.3992 68.3877 0
      vertex -50.1856 68.4194 4
      vertex -50.3992 68.3877 4
    endloop
  endfacet
  facet normal 0.1468 -0.989166 0
    outer loop
      vertex -50.1856 68.4194 4
      vertex -50.3992 68.3877 0
      vertex -50.1856 68.4194 0
    endloop
  endfacet
  facet normal -0.803212 -0.595693 0
    outer loop
      vertex -48.1408 67.4523 0
      vertex -48.2694 67.6257 4
      vertex -48.2694 67.6257 0
    endloop
  endfacet
  facet normal -0.803212 -0.595693 0
    outer loop
      vertex -48.2694 67.6257 4
      vertex -48.1408 67.4523 0
      vertex -48.1408 67.4523 4
    endloop
  endfacet
  facet normal 0.998794 0.0491058 0
    outer loop
      vertex -52.1594 66.0144 4
      vertex -52.17 66.23 0
      vertex -52.17 66.23 4
    endloop
  endfacet
  facet normal 0.998794 0.0491058 0
    outer loop
      vertex -52.17 66.23 0
      vertex -52.1594 66.0144 4
      vertex -52.1594 66.0144 0
    endloop
  endfacet
  facet normal -0.595693 -0.803212 0
    outer loop
      vertex -48.7477 68.0592 0
      vertex -48.5743 67.9306 4
      vertex -48.7477 68.0592 4
    endloop
  endfacet
  facet normal -0.595693 -0.803212 -0
    outer loop
      vertex -48.5743 67.9306 4
      vertex -48.7477 68.0592 0
      vertex -48.5743 67.9306 0
    endloop
  endfacet
  facet normal 0.242754 0.970088 -0
    outer loop
      vertex -50.3992 64.0723 0
      vertex -50.6086 64.1247 4
      vertex -50.3992 64.0723 4
    endloop
  endfacet
  facet normal 0.242754 0.970088 0
    outer loop
      vertex -50.6086 64.1247 4
      vertex -50.3992 64.0723 0
      vertex -50.6086 64.1247 0
    endloop
  endfacet
  facet normal -0.998794 0.0491058 0
    outer loop
      vertex -47.7806 66.0144 0
      vertex -47.77 66.23 4
      vertex -47.77 66.23 0
    endloop
  endfacet
  facet normal -0.998794 0.0491058 0
    outer loop
      vertex -47.77 66.23 4
      vertex -47.7806 66.0144 0
      vertex -47.7806 66.0144 4
    endloop
  endfacet
  facet normal 0.242754 -0.970088 0
    outer loop
      vertex -50.6086 68.3353 0
      vertex -50.3992 68.3877 4
      vertex -50.6086 68.3353 4
    endloop
  endfacet
  facet normal 0.242754 -0.970088 0
    outer loop
      vertex -50.3992 68.3877 4
      vertex -50.6086 68.3353 0
      vertex -50.3992 68.3877 0
    endloop
  endfacet
  facet normal 0.1468 0.989166 -0
    outer loop
      vertex -50.1856 64.0406 0
      vertex -50.3992 64.0723 4
      vertex -50.1856 64.0406 4
    endloop
  endfacet
  facet normal 0.1468 0.989166 0
    outer loop
      vertex -50.3992 64.0723 4
      vertex -50.1856 64.0406 0
      vertex -50.3992 64.0723 0
    endloop
  endfacet
  facet normal -0.242754 0.970088 0
    outer loop
      vertex -49.3314 64.1247 0
      vertex -49.5408 64.0723 4
      vertex -49.3314 64.1247 4
    endloop
  endfacet
  facet normal -0.242754 0.970088 0
    outer loop
      vertex -49.5408 64.0723 4
      vertex -49.3314 64.1247 0
      vertex -49.5408 64.0723 0
    endloop
  endfacet
  facet normal -0.427469 -0.90403 0
    outer loop
      vertex -49.1281 68.2625 0
      vertex -48.9329 68.1702 4
      vertex -49.1281 68.2625 4
    endloop
  endfacet
  facet normal -0.427469 -0.90403 -0
    outer loop
      vertex -48.9329 68.1702 4
      vertex -49.1281 68.2625 0
      vertex -48.9329 68.1702 0
    endloop
  endfacet
  facet normal -0.242754 -0.970088 0
    outer loop
      vertex -49.5408 68.3877 0
      vertex -49.3314 68.3353 4
      vertex -49.5408 68.3877 4
    endloop
  endfacet
  facet normal -0.242754 -0.970088 -0
    outer loop
      vertex -49.3314 68.3353 4
      vertex -49.5408 68.3877 0
      vertex -49.3314 68.3353 0
    endloop
  endfacet
  facet normal 0.427469 -0.90403 0
    outer loop
      vertex -51.0071 68.1702 0
      vertex -50.8119 68.2625 4
      vertex -51.0071 68.1702 4
    endloop
  endfacet
  facet normal 0.427469 -0.90403 0
    outer loop
      vertex -50.8119 68.2625 4
      vertex -51.0071 68.1702 0
      vertex -50.8119 68.2625 0
    endloop
  endfacet
  facet normal 0.0491058 0.998794 -0
    outer loop
      vertex -49.97 64.03 0
      vertex -50.1856 64.0406 4
      vertex -49.97 64.03 4
    endloop
  endfacet
  facet normal 0.0491058 0.998794 0
    outer loop
      vertex -50.1856 64.0406 4
      vertex -49.97 64.03 0
      vertex -50.1856 64.0406 0
    endloop
  endfacet
  facet normal 0.970088 -0.242754 0
    outer loop
      vertex -52.1277 66.6592 4
      vertex -52.0753 66.8686 0
      vertex -52.0753 66.8686 4
    endloop
  endfacet
  facet normal 0.970088 -0.242754 0
    outer loop
      vertex -52.0753 66.8686 0
      vertex -52.1277 66.6592 4
      vertex -52.1277 66.6592 0
    endloop
  endfacet
  facet normal -0.427469 0.90403 0
    outer loop
      vertex -48.9329 64.2898 0
      vertex -49.1281 64.1975 4
      vertex -48.9329 64.2898 4
    endloop
  endfacet
  facet normal -0.427469 0.90403 0
    outer loop
      vertex -49.1281 64.1975 4
      vertex -48.9329 64.2898 0
      vertex -49.1281 64.1975 0
    endloop
  endfacet
  facet normal 0.740778 0.67175 0
    outer loop
      vertex -51.5256 64.6744 4
      vertex -51.6706 64.8343 0
      vertex -51.6706 64.8343 4
    endloop
  endfacet
  facet normal 0.740778 0.67175 0
    outer loop
      vertex -51.6706 64.8343 0
      vertex -51.5256 64.6744 4
      vertex -51.5256 64.6744 0
    endloop
  endfacet
  facet normal -0.337128 0.941459 0
    outer loop
      vertex -49.1281 64.1975 0
      vertex -49.3314 64.1247 4
      vertex -49.1281 64.1975 4
    endloop
  endfacet
  facet normal -0.337128 0.941459 0
    outer loop
      vertex -49.3314 64.1247 4
      vertex -49.1281 64.1975 0
      vertex -49.3314 64.1247 0
    endloop
  endfacet
  facet normal -0.0491058 -0.998794 0
    outer loop
      vertex -49.97 68.43 0
      vertex -49.7544 68.4194 4
      vertex -49.97 68.43 4
    endloop
  endfacet
  facet normal -0.0491058 -0.998794 -0
    outer loop
      vertex -49.7544 68.4194 4
      vertex -49.97 68.43 0
      vertex -49.7544 68.4194 0
    endloop
  endfacet
  facet normal 0.857738 -0.514087 0
    outer loop
      vertex -51.9102 67.2671 4
      vertex -51.7992 67.4523 0
      vertex -51.7992 67.4523 4
    endloop
  endfacet
  facet normal 0.857738 -0.514087 0
    outer loop
      vertex -51.7992 67.4523 0
      vertex -51.9102 67.2671 4
      vertex -51.9102 67.2671 0
    endloop
  endfacet
  facet normal 0.989166 -0.1468 0
    outer loop
      vertex -52.1594 66.4456 4
      vertex -52.1277 66.6592 0
      vertex -52.1277 66.6592 4
    endloop
  endfacet
  facet normal 0.989166 -0.1468 0
    outer loop
      vertex -52.1277 66.6592 0
      vertex -52.1594 66.4456 4
      vertex -52.1594 66.4456 0
    endloop
  endfacet
  facet normal -0.857738 0.514087 0
    outer loop
      vertex -48.1408 65.0077 0
      vertex -48.0298 65.1929 4
      vertex -48.0298 65.1929 0
    endloop
  endfacet
  facet normal -0.857738 0.514087 0
    outer loop
      vertex -48.0298 65.1929 4
      vertex -48.1408 65.0077 0
      vertex -48.1408 65.0077 4
    endloop
  endfacet
  facet normal 0.857738 0.514087 0
    outer loop
      vertex -51.7992 65.0077 4
      vertex -51.9102 65.1929 0
      vertex -51.9102 65.1929 4
    endloop
  endfacet
  facet normal 0.857738 0.514087 0
    outer loop
      vertex -51.9102 65.1929 0
      vertex -51.7992 65.0077 4
      vertex -51.7992 65.0077 0
    endloop
  endfacet
  facet normal -0.1468 0.989166 0
    outer loop
      vertex -49.5408 64.0723 0
      vertex -49.7544 64.0406 4
      vertex -49.5408 64.0723 4
    endloop
  endfacet
  facet normal -0.1468 0.989166 0
    outer loop
      vertex -49.7544 64.0406 4
      vertex -49.5408 64.0723 0
      vertex -49.7544 64.0406 0
    endloop
  endfacet
  facet normal -0.337128 -0.941459 0
    outer loop
      vertex -49.3314 68.3353 0
      vertex -49.1281 68.2625 4
      vertex -49.3314 68.3353 4
    endloop
  endfacet
  facet normal -0.337128 -0.941459 -0
    outer loop
      vertex -49.1281 68.2625 4
      vertex -49.3314 68.3353 0
      vertex -49.1281 68.2625 0
    endloop
  endfacet
  facet normal -0.970088 0.242754 0
    outer loop
      vertex -47.8647 65.5914 0
      vertex -47.8123 65.8008 4
      vertex -47.8123 65.8008 0
    endloop
  endfacet
  facet normal -0.970088 0.242754 0
    outer loop
      vertex -47.8123 65.8008 4
      vertex -47.8647 65.5914 0
      vertex -47.8647 65.5914 4
    endloop
  endfacet
  facet normal 0.337128 -0.941459 0
    outer loop
      vertex -50.8119 68.2625 0
      vertex -50.6086 68.3353 4
      vertex -50.8119 68.2625 4
    endloop
  endfacet
  facet normal 0.337128 -0.941459 0
    outer loop
      vertex -50.6086 68.3353 4
      vertex -50.8119 68.2625 0
      vertex -50.6086 68.3353 0
    endloop
  endfacet
  facet normal -0.90403 -0.427469 0
    outer loop
      vertex -47.9375 67.0719 0
      vertex -48.0298 67.2671 4
      vertex -48.0298 67.2671 0
    endloop
  endfacet
  facet normal -0.90403 -0.427469 0
    outer loop
      vertex -48.0298 67.2671 4
      vertex -47.9375 67.0719 0
      vertex -47.9375 67.0719 4
    endloop
  endfacet
  facet normal -0.740778 -0.67175 0
    outer loop
      vertex -48.2694 67.6257 0
      vertex -48.4144 67.7856 4
      vertex -48.4144 67.7856 0
    endloop
  endfacet
  facet normal -0.740778 -0.67175 0
    outer loop
      vertex -48.4144 67.7856 4
      vertex -48.2694 67.6257 0
      vertex -48.2694 67.6257 4
    endloop
  endfacet
  facet normal -0.740778 0.67175 0
    outer loop
      vertex -48.4144 64.6744 0
      vertex -48.2694 64.8343 4
      vertex -48.2694 64.8343 0
    endloop
  endfacet
  facet normal -0.740778 0.67175 0
    outer loop
      vertex -48.2694 64.8343 4
      vertex -48.4144 64.6744 0
      vertex -48.4144 64.6744 4
    endloop
  endfacet
  facet normal -0.803212 0.595693 0
    outer loop
      vertex -48.2694 64.8343 0
      vertex -48.1408 65.0077 4
      vertex -48.1408 65.0077 0
    endloop
  endfacet
  facet normal -0.803212 0.595693 0
    outer loop
      vertex -48.1408 65.0077 4
      vertex -48.2694 64.8343 0
      vertex -48.2694 64.8343 4
    endloop
  endfacet
  facet normal -0.941459 -0.337128 0
    outer loop
      vertex -47.8647 66.8686 0
      vertex -47.9375 67.0719 4
      vertex -47.9375 67.0719 0
    endloop
  endfacet
  facet normal -0.941459 -0.337128 0
    outer loop
      vertex -47.9375 67.0719 4
      vertex -47.8647 66.8686 0
      vertex -47.8647 66.8686 4
    endloop
  endfacet
  facet normal 0.595693 0.803212 -0
    outer loop
      vertex -51.1923 64.4008 0
      vertex -51.3657 64.5294 4
      vertex -51.1923 64.4008 4
    endloop
  endfacet
  facet normal 0.595693 0.803212 0
    outer loop
      vertex -51.3657 64.5294 4
      vertex -51.1923 64.4008 0
      vertex -51.3657 64.5294 0
    endloop
  endfacet
  facet normal -0.90403 0.427469 0
    outer loop
      vertex -48.0298 65.1929 0
      vertex -47.9375 65.3881 4
      vertex -47.9375 65.3881 0
    endloop
  endfacet
  facet normal -0.90403 0.427469 0
    outer loop
      vertex -47.9375 65.3881 4
      vertex -48.0298 65.1929 0
      vertex -48.0298 65.1929 4
    endloop
  endfacet
  facet normal -0.514087 -0.857738 0
    outer loop
      vertex -48.9329 68.1702 0
      vertex -48.7477 68.0592 4
      vertex -48.9329 68.1702 4
    endloop
  endfacet
  facet normal -0.514087 -0.857738 -0
    outer loop
      vertex -48.7477 68.0592 4
      vertex -48.9329 68.1702 0
      vertex -48.7477 68.0592 0
    endloop
  endfacet
  facet normal 0.0491058 -0.998794 0
    outer loop
      vertex -50.1856 68.4194 0
      vertex -49.97 68.43 4
      vertex -50.1856 68.4194 4
    endloop
  endfacet
  facet normal 0.0491058 -0.998794 0
    outer loop
      vertex -49.97 68.43 4
      vertex -50.1856 68.4194 0
      vertex -49.97 68.43 0
    endloop
  endfacet
  facet normal -0.67175 -0.740778 0
    outer loop
      vertex -48.5743 67.9306 0
      vertex -48.4144 67.7856 4
      vertex -48.5743 67.9306 4
    endloop
  endfacet
  facet normal -0.67175 -0.740778 -0
    outer loop
      vertex -48.4144 67.7856 4
      vertex -48.5743 67.9306 0
      vertex -48.4144 67.7856 0
    endloop
  endfacet
  facet normal -0.857738 -0.514087 0
    outer loop
      vertex -48.0298 67.2671 0
      vertex -48.1408 67.4523 4
      vertex -48.1408 67.4523 0
    endloop
  endfacet
  facet normal -0.857738 -0.514087 0
    outer loop
      vertex -48.1408 67.4523 4
      vertex -48.0298 67.2671 0
      vertex -48.0298 67.2671 4
    endloop
  endfacet
  facet normal -0.989166 0.1468 0
    outer loop
      vertex -47.8123 65.8008 0
      vertex -47.7806 66.0144 4
      vertex -47.7806 66.0144 0
    endloop
  endfacet
  facet normal -0.989166 0.1468 0
    outer loop
      vertex -47.7806 66.0144 4
      vertex -47.8123 65.8008 0
      vertex -47.8123 65.8008 4
    endloop
  endfacet
  facet normal 0.989166 0.1468 0
    outer loop
      vertex -52.1277 65.8008 4
      vertex -52.1594 66.0144 0
      vertex -52.1594 66.0144 4
    endloop
  endfacet
  facet normal 0.989166 0.1468 0
    outer loop
      vertex -52.1594 66.0144 0
      vertex -52.1277 65.8008 4
      vertex -52.1277 65.8008 0
    endloop
  endfacet
  facet normal -0.67175 0.740778 0
    outer loop
      vertex -48.4144 64.6744 0
      vertex -48.5743 64.5294 4
      vertex -48.4144 64.6744 4
    endloop
  endfacet
  facet normal -0.67175 0.740778 0
    outer loop
      vertex -48.5743 64.5294 4
      vertex -48.4144 64.6744 0
      vertex -48.5743 64.5294 0
    endloop
  endfacet
  facet normal 0.67175 -0.740778 0
    outer loop
      vertex -51.5256 67.7856 0
      vertex -51.3657 67.9306 4
      vertex -51.5256 67.7856 4
    endloop
  endfacet
  facet normal 0.67175 -0.740778 0
    outer loop
      vertex -51.3657 67.9306 4
      vertex -51.5256 67.7856 0
      vertex -51.3657 67.9306 0
    endloop
  endfacet
  facet normal -0.595693 0.803212 0
    outer loop
      vertex -48.5743 64.5294 0
      vertex -48.7477 64.4008 4
      vertex -48.5743 64.5294 4
    endloop
  endfacet
  facet normal -0.595693 0.803212 0
    outer loop
      vertex -48.7477 64.4008 4
      vertex -48.5743 64.5294 0
      vertex -48.7477 64.4008 0
    endloop
  endfacet
  facet normal 0.337128 0.941459 -0
    outer loop
      vertex -50.6086 64.1247 0
      vertex -50.8119 64.1975 4
      vertex -50.6086 64.1247 4
    endloop
  endfacet
  facet normal 0.337128 0.941459 0
    outer loop
      vertex -50.8119 64.1975 4
      vertex -50.6086 64.1247 0
      vertex -50.8119 64.1975 0
    endloop
  endfacet
  facet normal 0.740778 -0.67175 0
    outer loop
      vertex -51.6706 67.6257 4
      vertex -51.5256 67.7856 0
      vertex -51.5256 67.7856 4
    endloop
  endfacet
  facet normal 0.740778 -0.67175 0
    outer loop
      vertex -51.5256 67.7856 0
      vertex -51.6706 67.6257 4
      vertex -51.6706 67.6257 0
    endloop
  endfacet
  facet normal 0.941459 0.337128 0
    outer loop
      vertex -52.0025 65.3881 4
      vertex -52.0753 65.5914 0
      vertex -52.0753 65.5914 4
    endloop
  endfacet
  facet normal 0.941459 0.337128 0
    outer loop
      vertex -52.0753 65.5914 0
      vertex -52.0025 65.3881 4
      vertex -52.0025 65.3881 0
    endloop
  endfacet
  facet normal 0.970088 0.242754 0
    outer loop
      vertex -52.0753 65.5914 4
      vertex -52.1277 65.8008 0
      vertex -52.1277 65.8008 4
    endloop
  endfacet
  facet normal 0.970088 0.242754 0
    outer loop
      vertex -52.1277 65.8008 0
      vertex -52.0753 65.5914 4
      vertex -52.0753 65.5914 0
    endloop
  endfacet
  facet normal 0.803212 0.595693 0
    outer loop
      vertex -51.6706 64.8343 4
      vertex -51.7992 65.0077 0
      vertex -51.7992 65.0077 4
    endloop
  endfacet
  facet normal 0.803212 0.595693 0
    outer loop
      vertex -51.7992 65.0077 0
      vertex -51.6706 64.8343 4
      vertex -51.6706 64.8343 0
    endloop
  endfacet
  facet normal -0.0491058 0.998794 0
    outer loop
      vertex -49.7544 64.0406 0
      vertex -49.97 64.03 4
      vertex -49.7544 64.0406 4
    endloop
  endfacet
  facet normal -0.0491058 0.998794 0
    outer loop
      vertex -49.97 64.03 4
      vertex -49.7544 64.0406 0
      vertex -49.97 64.03 0
    endloop
  endfacet
  facet normal 0.595693 -0.803212 0
    outer loop
      vertex -51.3657 67.9306 0
      vertex -51.1923 68.0592 4
      vertex -51.3657 67.9306 4
    endloop
  endfacet
  facet normal 0.595693 -0.803212 0
    outer loop
      vertex -51.1923 68.0592 4
      vertex -51.3657 67.9306 0
      vertex -51.1923 68.0592 0
    endloop
  endfacet
  facet normal 0.514087 -0.857738 0
    outer loop
      vertex -51.1923 68.0592 0
      vertex -51.0071 68.1702 4
      vertex -51.1923 68.0592 4
    endloop
  endfacet
  facet normal 0.514087 -0.857738 0
    outer loop
      vertex -51.0071 68.1702 4
      vertex -51.1923 68.0592 0
      vertex -51.0071 68.1702 0
    endloop
  endfacet
  facet normal -0.941459 0.337128 0
    outer loop
      vertex -47.9375 65.3881 0
      vertex -47.8647 65.5914 4
      vertex -47.8647 65.5914 0
    endloop
  endfacet
  facet normal -0.941459 0.337128 0
    outer loop
      vertex -47.8647 65.5914 4
      vertex -47.9375 65.3881 0
      vertex -47.9375 65.3881 4
    endloop
  endfacet
  facet normal -0.1468 -0.989166 0
    outer loop
      vertex -49.7544 68.4194 0
      vertex -49.5408 68.3877 4
      vertex -49.7544 68.4194 4
    endloop
  endfacet
  facet normal -0.1468 -0.989166 -0
    outer loop
      vertex -49.5408 68.3877 4
      vertex -49.7544 68.4194 0
      vertex -49.5408 68.3877 0
    endloop
  endfacet
  facet normal 0.514087 0.857738 -0
    outer loop
      vertex -51.0071 64.2898 0
      vertex -51.1923 64.4008 4
      vertex -51.0071 64.2898 4
    endloop
  endfacet
  facet normal 0.514087 0.857738 0
    outer loop
      vertex -51.1923 64.4008 4
      vertex -51.0071 64.2898 0
      vertex -51.1923 64.4008 0
    endloop
  endfacet
  facet normal -0.514087 0.857738 0
    outer loop
      vertex -48.7477 64.4008 0
      vertex -48.9329 64.2898 4
      vertex -48.7477 64.4008 4
    endloop
  endfacet
  facet normal -0.514087 0.857738 0
    outer loop
      vertex -48.9329 64.2898 4
      vertex -48.7477 64.4008 0
      vertex -48.9329 64.2898 0
    endloop
  endfacet
  facet normal 0.67175 0.740778 -0
    outer loop
      vertex -51.3657 64.5294 0
      vertex -51.5256 64.6744 4
      vertex -51.3657 64.5294 4
    endloop
  endfacet
  facet normal 0.67175 0.740778 0
    outer loop
      vertex -51.5256 64.6744 4
      vertex -51.3657 64.5294 0
      vertex -51.5256 64.6744 0
    endloop
  endfacet
  facet normal 0.90403 -0.427469 0
    outer loop
      vertex -52.0025 67.0719 4
      vertex -51.9102 67.2671 0
      vertex -51.9102 67.2671 4
    endloop
  endfacet
  facet normal 0.90403 -0.427469 0
    outer loop
      vertex -51.9102 67.2671 0
      vertex -52.0025 67.0719 4
      vertex -52.0025 67.0719 0
    endloop
  endfacet
  facet normal 0.941459 -0.337128 0
    outer loop
      vertex -52.0753 66.8686 4
      vertex -52.0025 67.0719 0
      vertex -52.0025 67.0719 4
    endloop
  endfacet
  facet normal 0.941459 -0.337128 0
    outer loop
      vertex -52.0025 67.0719 0
      vertex -52.0753 66.8686 4
      vertex -52.0753 66.8686 0
    endloop
  endfacet
  facet normal 0.998794 -0.0491058 0
    outer loop
      vertex -52.17 66.23 4
      vertex -52.1594 66.4456 0
      vertex -52.1594 66.4456 4
    endloop
  endfacet
  facet normal 0.998794 -0.0491058 0
    outer loop
      vertex -52.1594 66.4456 0
      vertex -52.17 66.23 4
      vertex -52.17 66.23 0
    endloop
  endfacet
  facet normal 0.427469 0.90403 -0
    outer loop
      vertex -50.8119 64.1975 0
      vertex -51.0071 64.2898 4
      vertex -50.8119 64.1975 4
    endloop
  endfacet
  facet normal 0.427469 0.90403 0
    outer loop
      vertex -51.0071 64.2898 4
      vertex -50.8119 64.1975 0
      vertex -51.0071 64.2898 0
    endloop
  endfacet
  facet normal -0.337128 -0.941459 0
    outer loop
      vertex 50.6086 -19.9247 0
      vertex 50.8119 -19.9975 4
      vertex 50.6086 -19.9247 4
    endloop
  endfacet
  facet normal -0.337128 -0.941459 -0
    outer loop
      vertex 50.8119 -19.9975 4
      vertex 50.6086 -19.9247 0
      vertex 50.8119 -19.9975 0
    endloop
  endfacet
  facet normal -0.989166 -0.1468 0
    outer loop
      vertex 52.1594 -21.8144 0
      vertex 52.1277 -21.6008 4
      vertex 52.1277 -21.6008 0
    endloop
  endfacet
  facet normal -0.989166 -0.1468 0
    outer loop
      vertex 52.1277 -21.6008 4
      vertex 52.1594 -21.8144 0
      vertex 52.1594 -21.8144 4
    endloop
  endfacet
  facet normal -0.998794 -0.0491058 0
    outer loop
      vertex 52.17 -22.03 0
      vertex 52.1594 -21.8144 4
      vertex 52.1594 -21.8144 0
    endloop
  endfacet
  facet normal -0.998794 -0.0491058 0
    outer loop
      vertex 52.1594 -21.8144 4
      vertex 52.17 -22.03 0
      vertex 52.17 -22.03 4
    endloop
  endfacet
  facet normal -0.970088 -0.242754 0
    outer loop
      vertex 52.1277 -21.6008 0
      vertex 52.0753 -21.3914 4
      vertex 52.0753 -21.3914 0
    endloop
  endfacet
  facet normal -0.970088 -0.242754 0
    outer loop
      vertex 52.0753 -21.3914 4
      vertex 52.1277 -21.6008 0
      vertex 52.1277 -21.6008 4
    endloop
  endfacet
  facet normal -0.1468 0.989166 0
    outer loop
      vertex 50.3992 -24.1877 0
      vertex 50.1856 -24.2194 4
      vertex 50.3992 -24.1877 4
    endloop
  endfacet
  facet normal -0.1468 0.989166 0
    outer loop
      vertex 50.1856 -24.2194 4
      vertex 50.3992 -24.1877 0
      vertex 50.1856 -24.2194 0
    endloop
  endfacet
  facet normal 0.90403 -0.427469 0
    outer loop
      vertex 47.9375 -21.1881 4
      vertex 48.0298 -20.9929 0
      vertex 48.0298 -20.9929 4
    endloop
  endfacet
  facet normal 0.90403 -0.427469 0
    outer loop
      vertex 48.0298 -20.9929 0
      vertex 47.9375 -21.1881 4
      vertex 47.9375 -21.1881 0
    endloop
  endfacet
  facet normal -0.90403 0.427469 0
    outer loop
      vertex 51.9102 -23.0671 0
      vertex 52.0025 -22.8719 4
      vertex 52.0025 -22.8719 0
    endloop
  endfacet
  facet normal -0.90403 0.427469 0
    outer loop
      vertex 52.0025 -22.8719 4
      vertex 51.9102 -23.0671 0
      vertex 51.9102 -23.0671 4
    endloop
  endfacet
  facet normal -0.337128 0.941459 0
    outer loop
      vertex 50.8119 -24.0625 0
      vertex 50.6086 -24.1353 4
      vertex 50.8119 -24.0625 4
    endloop
  endfacet
  facet normal -0.337128 0.941459 0
    outer loop
      vertex 50.6086 -24.1353 4
      vertex 50.8119 -24.0625 0
      vertex 50.6086 -24.1353 0
    endloop
  endfacet
  facet normal -0.595693 -0.803212 0
    outer loop
      vertex 51.1923 -20.2008 0
      vertex 51.3657 -20.3294 4
      vertex 51.1923 -20.2008 4
    endloop
  endfacet
  facet normal -0.595693 -0.803212 -0
    outer loop
      vertex 51.3657 -20.3294 4
      vertex 51.1923 -20.2008 0
      vertex 51.3657 -20.3294 0
    endloop
  endfacet
  facet normal -0.803212 -0.595693 0
    outer loop
      vertex 51.7992 -20.8077 0
      vertex 51.6706 -20.6343 4
      vertex 51.6706 -20.6343 0
    endloop
  endfacet
  facet normal -0.803212 -0.595693 0
    outer loop
      vertex 51.6706 -20.6343 4
      vertex 51.7992 -20.8077 0
      vertex 51.7992 -20.8077 4
    endloop
  endfacet
  facet normal -0.941459 -0.337128 0
    outer loop
      vertex 52.0753 -21.3914 0
      vertex 52.0025 -21.1881 4
      vertex 52.0025 -21.1881 0
    endloop
  endfacet
  facet normal -0.941459 -0.337128 0
    outer loop
      vertex 52.0025 -21.1881 4
      vertex 52.0753 -21.3914 0
      vertex 52.0753 -21.3914 4
    endloop
  endfacet
  facet normal 0.1468 -0.989166 0
    outer loop
      vertex 49.5408 -19.8723 0
      vertex 49.7544 -19.8406 4
      vertex 49.5408 -19.8723 4
    endloop
  endfacet
  facet normal 0.1468 -0.989166 0
    outer loop
      vertex 49.7544 -19.8406 4
      vertex 49.5408 -19.8723 0
      vertex 49.7544 -19.8406 0
    endloop
  endfacet
  facet normal -0.427469 -0.90403 0
    outer loop
      vertex 50.8119 -19.9975 0
      vertex 51.0071 -20.0898 4
      vertex 50.8119 -19.9975 4
    endloop
  endfacet
  facet normal -0.427469 -0.90403 -0
    outer loop
      vertex 51.0071 -20.0898 4
      vertex 50.8119 -19.9975 0
      vertex 51.0071 -20.0898 0
    endloop
  endfacet
  facet normal 0.998794 0.0491058 0
    outer loop
      vertex 47.7806 -22.2456 4
      vertex 47.77 -22.03 0
      vertex 47.77 -22.03 4
    endloop
  endfacet
  facet normal 0.998794 0.0491058 0
    outer loop
      vertex 47.77 -22.03 0
      vertex 47.7806 -22.2456 4
      vertex 47.7806 -22.2456 0
    endloop
  endfacet
  facet normal 0.803212 -0.595693 0
    outer loop
      vertex 48.1408 -20.8077 4
      vertex 48.2694 -20.6343 0
      vertex 48.2694 -20.6343 4
    endloop
  endfacet
  facet normal 0.803212 -0.595693 0
    outer loop
      vertex 48.2694 -20.6343 0
      vertex 48.1408 -20.8077 4
      vertex 48.1408 -20.8077 0
    endloop
  endfacet
  facet normal 0.970088 -0.242754 0
    outer loop
      vertex 47.8123 -21.6008 4
      vertex 47.8647 -21.3914 0
      vertex 47.8647 -21.3914 4
    endloop
  endfacet
  facet normal 0.970088 -0.242754 0
    outer loop
      vertex 47.8647 -21.3914 0
      vertex 47.8123 -21.6008 4
      vertex 47.8123 -21.6008 0
    endloop
  endfacet
  facet normal -0.970088 0.242754 0
    outer loop
      vertex 52.0753 -22.6686 0
      vertex 52.1277 -22.4592 4
      vertex 52.1277 -22.4592 0
    endloop
  endfacet
  facet normal -0.970088 0.242754 0
    outer loop
      vertex 52.1277 -22.4592 4
      vertex 52.0753 -22.6686 0
      vertex 52.0753 -22.6686 4
    endloop
  endfacet
  facet normal -0.514087 0.857738 0
    outer loop
      vertex 51.1923 -23.8592 0
      vertex 51.0071 -23.9702 4
      vertex 51.1923 -23.8592 4
    endloop
  endfacet
  facet normal -0.514087 0.857738 0
    outer loop
      vertex 51.0071 -23.9702 4
      vertex 51.1923 -23.8592 0
      vertex 51.0071 -23.9702 0
    endloop
  endfacet
  facet normal 0.514087 -0.857738 0
    outer loop
      vertex 48.7477 -20.2008 0
      vertex 48.9329 -20.0898 4
      vertex 48.7477 -20.2008 4
    endloop
  endfacet
  facet normal 0.514087 -0.857738 0
    outer loop
      vertex 48.9329 -20.0898 4
      vertex 48.7477 -20.2008 0
      vertex 48.9329 -20.0898 0
    endloop
  endfacet
  facet normal -0.242754 -0.970088 0
    outer loop
      vertex 50.3992 -19.8723 0
      vertex 50.6086 -19.9247 4
      vertex 50.3992 -19.8723 4
    endloop
  endfacet
  facet normal -0.242754 -0.970088 -0
    outer loop
      vertex 50.6086 -19.9247 4
      vertex 50.3992 -19.8723 0
      vertex 50.6086 -19.9247 0
    endloop
  endfacet
  facet normal 0.427469 0.90403 -0
    outer loop
      vertex 49.1281 -24.0625 0
      vertex 48.9329 -23.9702 4
      vertex 49.1281 -24.0625 4
    endloop
  endfacet
  facet normal 0.427469 0.90403 0
    outer loop
      vertex 48.9329 -23.9702 4
      vertex 49.1281 -24.0625 0
      vertex 48.9329 -23.9702 0
    endloop
  endfacet
  facet normal 0.67175 0.740778 -0
    outer loop
      vertex 48.5743 -23.7306 0
      vertex 48.4144 -23.5856 4
      vertex 48.5743 -23.7306 4
    endloop
  endfacet
  facet normal 0.67175 0.740778 0
    outer loop
      vertex 48.4144 -23.5856 4
      vertex 48.5743 -23.7306 0
      vertex 48.4144 -23.5856 0
    endloop
  endfacet
  facet normal 0.740778 0.67175 0
    outer loop
      vertex 48.4144 -23.5856 4
      vertex 48.2694 -23.4257 0
      vertex 48.2694 -23.4257 4
    endloop
  endfacet
  facet normal 0.740778 0.67175 0
    outer loop
      vertex 48.2694 -23.4257 0
      vertex 48.4144 -23.5856 4
      vertex 48.4144 -23.5856 0
    endloop
  endfacet
  facet normal 0.857738 0.514087 0
    outer loop
      vertex 48.1408 -23.2523 4
      vertex 48.0298 -23.0671 0
      vertex 48.0298 -23.0671 4
    endloop
  endfacet
  facet normal 0.857738 0.514087 0
    outer loop
      vertex 48.0298 -23.0671 0
      vertex 48.1408 -23.2523 4
      vertex 48.1408 -23.2523 0
    endloop
  endfacet
  facet normal -0.0491058 -0.998794 0
    outer loop
      vertex 49.97 -19.83 0
      vertex 50.1856 -19.8406 4
      vertex 49.97 -19.83 4
    endloop
  endfacet
  facet normal -0.0491058 -0.998794 -0
    outer loop
      vertex 50.1856 -19.8406 4
      vertex 49.97 -19.83 0
      vertex 50.1856 -19.8406 0
    endloop
  endfacet
  facet normal -0.67175 0.740778 0
    outer loop
      vertex 51.5256 -23.5856 0
      vertex 51.3657 -23.7306 4
      vertex 51.5256 -23.5856 4
    endloop
  endfacet
  facet normal -0.67175 0.740778 0
    outer loop
      vertex 51.3657 -23.7306 4
      vertex 51.5256 -23.5856 0
      vertex 51.3657 -23.7306 0
    endloop
  endfacet
  facet normal 0.67175 -0.740778 0
    outer loop
      vertex 48.4144 -20.4744 0
      vertex 48.5743 -20.3294 4
      vertex 48.4144 -20.4744 4
    endloop
  endfacet
  facet normal 0.67175 -0.740778 0
    outer loop
      vertex 48.5743 -20.3294 4
      vertex 48.4144 -20.4744 0
      vertex 48.5743 -20.3294 0
    endloop
  endfacet
  facet normal 0.0491058 0.998794 -0
    outer loop
      vertex 49.97 -24.23 0
      vertex 49.7544 -24.2194 4
      vertex 49.97 -24.23 4
    endloop
  endfacet
  facet normal 0.0491058 0.998794 0
    outer loop
      vertex 49.7544 -24.2194 4
      vertex 49.97 -24.23 0
      vertex 49.7544 -24.2194 0
    endloop
  endfacet
  facet normal -0.1468 -0.989166 0
    outer loop
      vertex 50.1856 -19.8406 0
      vertex 50.3992 -19.8723 4
      vertex 50.1856 -19.8406 4
    endloop
  endfacet
  facet normal -0.1468 -0.989166 -0
    outer loop
      vertex 50.3992 -19.8723 4
      vertex 50.1856 -19.8406 0
      vertex 50.3992 -19.8723 0
    endloop
  endfacet
  facet normal 0.337128 -0.941459 0
    outer loop
      vertex 49.1281 -19.9975 0
      vertex 49.3314 -19.9247 4
      vertex 49.1281 -19.9975 4
    endloop
  endfacet
  facet normal 0.337128 -0.941459 0
    outer loop
      vertex 49.3314 -19.9247 4
      vertex 49.1281 -19.9975 0
      vertex 49.3314 -19.9247 0
    endloop
  endfacet
  facet normal 0.1468 0.989166 -0
    outer loop
      vertex 49.7544 -24.2194 0
      vertex 49.5408 -24.1877 4
      vertex 49.7544 -24.2194 4
    endloop
  endfacet
  facet normal 0.1468 0.989166 0
    outer loop
      vertex 49.5408 -24.1877 4
      vertex 49.7544 -24.2194 0
      vertex 49.5408 -24.1877 0
    endloop
  endfacet
  facet normal -0.857738 0.514087 0
    outer loop
      vertex 51.7992 -23.2523 0
      vertex 51.9102 -23.0671 4
      vertex 51.9102 -23.0671 0
    endloop
  endfacet
  facet normal -0.857738 0.514087 0
    outer loop
      vertex 51.9102 -23.0671 4
      vertex 51.7992 -23.2523 0
      vertex 51.7992 -23.2523 4
    endloop
  endfacet
  facet normal -0.740778 -0.67175 0
    outer loop
      vertex 51.6706 -20.6343 0
      vertex 51.5256 -20.4744 4
      vertex 51.5256 -20.4744 0
    endloop
  endfacet
  facet normal -0.740778 -0.67175 0
    outer loop
      vertex 51.5256 -20.4744 4
      vertex 51.6706 -20.6343 0
      vertex 51.6706 -20.6343 4
    endloop
  endfacet
  facet normal 0.242754 0.970088 -0
    outer loop
      vertex 49.5408 -24.1877 0
      vertex 49.3314 -24.1353 4
      vertex 49.5408 -24.1877 4
    endloop
  endfacet
  facet normal 0.242754 0.970088 0
    outer loop
      vertex 49.3314 -24.1353 4
      vertex 49.5408 -24.1877 0
      vertex 49.3314 -24.1353 0
    endloop
  endfacet
  facet normal 0.595693 0.803212 -0
    outer loop
      vertex 48.7477 -23.8592 0
      vertex 48.5743 -23.7306 4
      vertex 48.7477 -23.8592 4
    endloop
  endfacet
  facet normal 0.595693 0.803212 0
    outer loop
      vertex 48.5743 -23.7306 4
      vertex 48.7477 -23.8592 0
      vertex 48.5743 -23.7306 0
    endloop
  endfacet
  facet normal -0.242754 0.970088 0
    outer loop
      vertex 50.6086 -24.1353 0
      vertex 50.3992 -24.1877 4
      vertex 50.6086 -24.1353 4
    endloop
  endfacet
  facet normal -0.242754 0.970088 0
    outer loop
      vertex 50.3992 -24.1877 4
      vertex 50.6086 -24.1353 0
      vertex 50.3992 -24.1877 0
    endloop
  endfacet
  facet normal -0.989166 0.1468 0
    outer loop
      vertex 52.1277 -22.4592 0
      vertex 52.1594 -22.2456 4
      vertex 52.1594 -22.2456 0
    endloop
  endfacet
  facet normal -0.989166 0.1468 0
    outer loop
      vertex 52.1594 -22.2456 4
      vertex 52.1277 -22.4592 0
      vertex 52.1277 -22.4592 4
    endloop
  endfacet
  facet normal -0.998794 0.0491058 0
    outer loop
      vertex 52.1594 -22.2456 0
      vertex 52.17 -22.03 4
      vertex 52.17 -22.03 0
    endloop
  endfacet
  facet normal -0.998794 0.0491058 0
    outer loop
      vertex 52.17 -22.03 4
      vertex 52.1594 -22.2456 0
      vertex 52.1594 -22.2456 4
    endloop
  endfacet
  facet normal -0.90403 -0.427469 0
    outer loop
      vertex 52.0025 -21.1881 0
      vertex 51.9102 -20.9929 4
      vertex 51.9102 -20.9929 0
    endloop
  endfacet
  facet normal -0.90403 -0.427469 0
    outer loop
      vertex 51.9102 -20.9929 4
      vertex 52.0025 -21.1881 0
      vertex 52.0025 -21.1881 4
    endloop
  endfacet
  facet normal 0.803212 0.595693 0
    outer loop
      vertex 48.2694 -23.4257 4
      vertex 48.1408 -23.2523 0
      vertex 48.1408 -23.2523 4
    endloop
  endfacet
  facet normal 0.803212 0.595693 0
    outer loop
      vertex 48.1408 -23.2523 0
      vertex 48.2694 -23.4257 4
      vertex 48.2694 -23.4257 0
    endloop
  endfacet
  facet normal -0.803212 0.595693 0
    outer loop
      vertex 51.6706 -23.4257 0
      vertex 51.7992 -23.2523 4
      vertex 51.7992 -23.2523 0
    endloop
  endfacet
  facet normal -0.803212 0.595693 0
    outer loop
      vertex 51.7992 -23.2523 4
      vertex 51.6706 -23.4257 0
      vertex 51.6706 -23.4257 4
    endloop
  endfacet
  facet normal -0.514087 -0.857738 0
    outer loop
      vertex 51.0071 -20.0898 0
      vertex 51.1923 -20.2008 4
      vertex 51.0071 -20.0898 4
    endloop
  endfacet
  facet normal -0.514087 -0.857738 -0
    outer loop
      vertex 51.1923 -20.2008 4
      vertex 51.0071 -20.0898 0
      vertex 51.1923 -20.2008 0
    endloop
  endfacet
  facet normal 0.989166 -0.1468 0
    outer loop
      vertex 47.7806 -21.8144 4
      vertex 47.8123 -21.6008 0
      vertex 47.8123 -21.6008 4
    endloop
  endfacet
  facet normal 0.989166 -0.1468 0
    outer loop
      vertex 47.8123 -21.6008 0
      vertex 47.7806 -21.8144 4
      vertex 47.7806 -21.8144 0
    endloop
  endfacet
  facet normal 0.595693 -0.803212 0
    outer loop
      vertex 48.5743 -20.3294 0
      vertex 48.7477 -20.2008 4
      vertex 48.5743 -20.3294 4
    endloop
  endfacet
  facet normal 0.595693 -0.803212 0
    outer loop
      vertex 48.7477 -20.2008 4
      vertex 48.5743 -20.3294 0
      vertex 48.7477 -20.2008 0
    endloop
  endfacet
  facet normal -0.595693 0.803212 0
    outer loop
      vertex 51.3657 -23.7306 0
      vertex 51.1923 -23.8592 4
      vertex 51.3657 -23.7306 4
    endloop
  endfacet
  facet normal -0.595693 0.803212 0
    outer loop
      vertex 51.1923 -23.8592 4
      vertex 51.3657 -23.7306 0
      vertex 51.1923 -23.8592 0
    endloop
  endfacet
  facet normal -0.941459 0.337128 0
    outer loop
      vertex 52.0025 -22.8719 0
      vertex 52.0753 -22.6686 4
      vertex 52.0753 -22.6686 0
    endloop
  endfacet
  facet normal -0.941459 0.337128 0
    outer loop
      vertex 52.0753 -22.6686 4
      vertex 52.0025 -22.8719 0
      vertex 52.0025 -22.8719 4
    endloop
  endfacet
  facet normal 0.941459 -0.337128 0
    outer loop
      vertex 47.8647 -21.3914 4
      vertex 47.9375 -21.1881 0
      vertex 47.9375 -21.1881 4
    endloop
  endfacet
  facet normal 0.941459 -0.337128 0
    outer loop
      vertex 47.9375 -21.1881 0
      vertex 47.8647 -21.3914 4
      vertex 47.8647 -21.3914 0
    endloop
  endfacet
  facet normal -0.67175 -0.740778 0
    outer loop
      vertex 51.3657 -20.3294 0
      vertex 51.5256 -20.4744 4
      vertex 51.3657 -20.3294 4
    endloop
  endfacet
  facet normal -0.67175 -0.740778 -0
    outer loop
      vertex 51.5256 -20.4744 4
      vertex 51.3657 -20.3294 0
      vertex 51.5256 -20.4744 0
    endloop
  endfacet
  facet normal -0.857738 -0.514087 0
    outer loop
      vertex 51.9102 -20.9929 0
      vertex 51.7992 -20.8077 4
      vertex 51.7992 -20.8077 0
    endloop
  endfacet
  facet normal -0.857738 -0.514087 0
    outer loop
      vertex 51.7992 -20.8077 4
      vertex 51.9102 -20.9929 0
      vertex 51.9102 -20.9929 4
    endloop
  endfacet
  facet normal 0.0491058 -0.998794 0
    outer loop
      vertex 49.7544 -19.8406 0
      vertex 49.97 -19.83 4
      vertex 49.7544 -19.8406 4
    endloop
  endfacet
  facet normal 0.0491058 -0.998794 0
    outer loop
      vertex 49.97 -19.83 4
      vertex 49.7544 -19.8406 0
      vertex 49.97 -19.83 0
    endloop
  endfacet
  facet normal 0.514087 0.857738 -0
    outer loop
      vertex 48.9329 -23.9702 0
      vertex 48.7477 -23.8592 4
      vertex 48.9329 -23.9702 4
    endloop
  endfacet
  facet normal 0.514087 0.857738 0
    outer loop
      vertex 48.7477 -23.8592 4
      vertex 48.9329 -23.9702 0
      vertex 48.7477 -23.8592 0
    endloop
  endfacet
  facet normal 0.941459 0.337128 0
    outer loop
      vertex 47.9375 -22.8719 4
      vertex 47.8647 -22.6686 0
      vertex 47.8647 -22.6686 4
    endloop
  endfacet
  facet normal 0.941459 0.337128 0
    outer loop
      vertex 47.8647 -22.6686 0
      vertex 47.9375 -22.8719 4
      vertex 47.9375 -22.8719 0
    endloop
  endfacet
  facet normal 0.427469 -0.90403 0
    outer loop
      vertex 48.9329 -20.0898 0
      vertex 49.1281 -19.9975 4
      vertex 48.9329 -20.0898 4
    endloop
  endfacet
  facet normal 0.427469 -0.90403 0
    outer loop
      vertex 49.1281 -19.9975 4
      vertex 48.9329 -20.0898 0
      vertex 49.1281 -19.9975 0
    endloop
  endfacet
  facet normal 0.740778 -0.67175 0
    outer loop
      vertex 48.2694 -20.6343 4
      vertex 48.4144 -20.4744 0
      vertex 48.4144 -20.4744 4
    endloop
  endfacet
  facet normal 0.740778 -0.67175 0
    outer loop
      vertex 48.4144 -20.4744 0
      vertex 48.2694 -20.6343 4
      vertex 48.2694 -20.6343 0
    endloop
  endfacet
  facet normal 0.242754 -0.970088 0
    outer loop
      vertex 49.3314 -19.9247 0
      vertex 49.5408 -19.8723 4
      vertex 49.3314 -19.9247 4
    endloop
  endfacet
  facet normal 0.242754 -0.970088 0
    outer loop
      vertex 49.5408 -19.8723 4
      vertex 49.3314 -19.9247 0
      vertex 49.5408 -19.8723 0
    endloop
  endfacet
  facet normal -0.0491058 0.998794 0
    outer loop
      vertex 50.1856 -24.2194 0
      vertex 49.97 -24.23 4
      vertex 50.1856 -24.2194 4
    endloop
  endfacet
  facet normal -0.0491058 0.998794 0
    outer loop
      vertex 49.97 -24.23 4
      vertex 50.1856 -24.2194 0
      vertex 49.97 -24.23 0
    endloop
  endfacet
  facet normal 0.337128 0.941459 -0
    outer loop
      vertex 49.3314 -24.1353 0
      vertex 49.1281 -24.0625 4
      vertex 49.3314 -24.1353 4
    endloop
  endfacet
  facet normal 0.337128 0.941459 0
    outer loop
      vertex 49.1281 -24.0625 4
      vertex 49.3314 -24.1353 0
      vertex 49.1281 -24.0625 0
    endloop
  endfacet
  facet normal 0.970088 0.242754 0
    outer loop
      vertex 47.8647 -22.6686 4
      vertex 47.8123 -22.4592 0
      vertex 47.8123 -22.4592 4
    endloop
  endfacet
  facet normal 0.970088 0.242754 0
    outer loop
      vertex 47.8123 -22.4592 0
      vertex 47.8647 -22.6686 4
      vertex 47.8647 -22.6686 0
    endloop
  endfacet
  facet normal -0.740778 0.67175 0
    outer loop
      vertex 51.5256 -23.5856 0
      vertex 51.6706 -23.4257 4
      vertex 51.6706 -23.4257 0
    endloop
  endfacet
  facet normal -0.740778 0.67175 0
    outer loop
      vertex 51.6706 -23.4257 4
      vertex 51.5256 -23.5856 0
      vertex 51.5256 -23.5856 4
    endloop
  endfacet
  facet normal -0.427469 0.90403 0
    outer loop
      vertex 51.0071 -23.9702 0
      vertex 50.8119 -24.0625 4
      vertex 51.0071 -23.9702 4
    endloop
  endfacet
  facet normal -0.427469 0.90403 0
    outer loop
      vertex 50.8119 -24.0625 4
      vertex 51.0071 -23.9702 0
      vertex 50.8119 -24.0625 0
    endloop
  endfacet
  facet normal 0.989166 0.1468 0
    outer loop
      vertex 47.8123 -22.4592 4
      vertex 47.7806 -22.2456 0
      vertex 47.7806 -22.2456 4
    endloop
  endfacet
  facet normal 0.989166 0.1468 0
    outer loop
      vertex 47.7806 -22.2456 0
      vertex 47.8123 -22.4592 4
      vertex 47.8123 -22.4592 0
    endloop
  endfacet
  facet normal 0.90403 0.427469 0
    outer loop
      vertex 48.0298 -23.0671 4
      vertex 47.9375 -22.8719 0
      vertex 47.9375 -22.8719 4
    endloop
  endfacet
  facet normal 0.90403 0.427469 0
    outer loop
      vertex 47.9375 -22.8719 0
      vertex 48.0298 -23.0671 4
      vertex 48.0298 -23.0671 0
    endloop
  endfacet
  facet normal 0.998794 -0.0491058 0
    outer loop
      vertex 47.77 -22.03 4
      vertex 47.7806 -21.8144 0
      vertex 47.7806 -21.8144 4
    endloop
  endfacet
  facet normal 0.998794 -0.0491058 0
    outer loop
      vertex 47.7806 -21.8144 0
      vertex 47.77 -22.03 4
      vertex 47.77 -22.03 0
    endloop
  endfacet
  facet normal 0.857738 -0.514087 0
    outer loop
      vertex 48.0298 -20.9929 4
      vertex 48.1408 -20.8077 0
      vertex 48.1408 -20.8077 4
    endloop
  endfacet
  facet normal 0.857738 -0.514087 0
    outer loop
      vertex 48.1408 -20.8077 0
      vertex 48.0298 -20.9929 4
      vertex 48.0298 -20.9929 0
    endloop
  endfacet
  facet normal -0.337128 -0.941459 0
    outer loop
      vertex 50.6086 68.3353 0
      vertex 50.8119 68.2625 4
      vertex 50.6086 68.3353 4
    endloop
  endfacet
  facet normal -0.337128 -0.941459 -0
    outer loop
      vertex 50.8119 68.2625 4
      vertex 50.6086 68.3353 0
      vertex 50.8119 68.2625 0
    endloop
  endfacet
  facet normal -0.989166 -0.1468 0
    outer loop
      vertex 52.1594 66.4456 0
      vertex 52.1277 66.6592 4
      vertex 52.1277 66.6592 0
    endloop
  endfacet
  facet normal -0.989166 -0.1468 0
    outer loop
      vertex 52.1277 66.6592 4
      vertex 52.1594 66.4456 0
      vertex 52.1594 66.4456 4
    endloop
  endfacet
  facet normal -0.998794 -0.0491058 0
    outer loop
      vertex 52.17 66.23 0
      vertex 52.1594 66.4456 4
      vertex 52.1594 66.4456 0
    endloop
  endfacet
  facet normal -0.998794 -0.0491058 0
    outer loop
      vertex 52.1594 66.4456 4
      vertex 52.17 66.23 0
      vertex 52.17 66.23 4
    endloop
  endfacet
  facet normal -0.970088 -0.242754 0
    outer loop
      vertex 52.1277 66.6592 0
      vertex 52.0753 66.8686 4
      vertex 52.0753 66.8686 0
    endloop
  endfacet
  facet normal -0.970088 -0.242754 0
    outer loop
      vertex 52.0753 66.8686 4
      vertex 52.1277 66.6592 0
      vertex 52.1277 66.6592 4
    endloop
  endfacet
  facet normal -0.998794 0.0491058 0
    outer loop
      vertex 52.1594 66.0144 0
      vertex 52.17 66.23 4
      vertex 52.17 66.23 0
    endloop
  endfacet
  facet normal -0.998794 0.0491058 0
    outer loop
      vertex 52.17 66.23 4
      vertex 52.1594 66.0144 0
      vertex 52.1594 66.0144 4
    endloop
  endfacet
  facet normal -0.1468 0.989166 0
    outer loop
      vertex 50.3992 64.0723 0
      vertex 50.1856 64.0406 4
      vertex 50.3992 64.0723 4
    endloop
  endfacet
  facet normal -0.1468 0.989166 0
    outer loop
      vertex 50.1856 64.0406 4
      vertex 50.3992 64.0723 0
      vertex 50.1856 64.0406 0
    endloop
  endfacet
  facet normal -0.941459 0.337128 0
    outer loop
      vertex 52.0025 65.3881 0
      vertex 52.0753 65.5914 4
      vertex 52.0753 65.5914 0
    endloop
  endfacet
  facet normal -0.941459 0.337128 0
    outer loop
      vertex 52.0753 65.5914 4
      vertex 52.0025 65.3881 0
      vertex 52.0025 65.3881 4
    endloop
  endfacet
  facet normal -0.595693 -0.803212 0
    outer loop
      vertex 51.1923 68.0592 0
      vertex 51.3657 67.9306 4
      vertex 51.1923 68.0592 4
    endloop
  endfacet
  facet normal -0.595693 -0.803212 -0
    outer loop
      vertex 51.3657 67.9306 4
      vertex 51.1923 68.0592 0
      vertex 51.3657 67.9306 0
    endloop
  endfacet
  facet normal -0.803212 -0.595693 0
    outer loop
      vertex 51.7992 67.4523 0
      vertex 51.6706 67.6257 4
      vertex 51.6706 67.6257 0
    endloop
  endfacet
  facet normal -0.803212 -0.595693 0
    outer loop
      vertex 51.6706 67.6257 4
      vertex 51.7992 67.4523 0
      vertex 51.7992 67.4523 4
    endloop
  endfacet
  facet normal -0.941459 -0.337128 0
    outer loop
      vertex 52.0753 66.8686 0
      vertex 52.0025 67.0719 4
      vertex 52.0025 67.0719 0
    endloop
  endfacet
  facet normal -0.941459 -0.337128 0
    outer loop
      vertex 52.0025 67.0719 4
      vertex 52.0753 66.8686 0
      vertex 52.0753 66.8686 4
    endloop
  endfacet
  facet normal -0.427469 -0.90403 0
    outer loop
      vertex 50.8119 68.2625 0
      vertex 51.0071 68.1702 4
      vertex 50.8119 68.2625 4
    endloop
  endfacet
  facet normal -0.427469 -0.90403 -0
    outer loop
      vertex 51.0071 68.1702 4
      vertex 50.8119 68.2625 0
      vertex 51.0071 68.1702 0
    endloop
  endfacet
  facet normal -0.740778 -0.67175 0
    outer loop
      vertex 51.6706 67.6257 0
      vertex 51.5256 67.7856 4
      vertex 51.5256 67.7856 0
    endloop
  endfacet
  facet normal -0.740778 -0.67175 0
    outer loop
      vertex 51.5256 67.7856 4
      vertex 51.6706 67.6257 0
      vertex 51.6706 67.6257 4
    endloop
  endfacet
  facet normal -0.0491058 -0.998794 0
    outer loop
      vertex 49.97 68.43 0
      vertex 50.1856 68.4194 4
      vertex 49.97 68.43 4
    endloop
  endfacet
  facet normal -0.0491058 -0.998794 -0
    outer loop
      vertex 50.1856 68.4194 4
      vertex 49.97 68.43 0
      vertex 50.1856 68.4194 0
    endloop
  endfacet
  facet normal 0.970088 -0.242754 0
    outer loop
      vertex 47.8123 66.6592 4
      vertex 47.8647 66.8686 0
      vertex 47.8647 66.8686 4
    endloop
  endfacet
  facet normal 0.970088 -0.242754 0
    outer loop
      vertex 47.8647 66.8686 0
      vertex 47.8123 66.6592 4
      vertex 47.8123 66.6592 0
    endloop
  endfacet
  facet normal 0.803212 -0.595693 0
    outer loop
      vertex 48.1408 67.4523 4
      vertex 48.2694 67.6257 0
      vertex 48.2694 67.6257 4
    endloop
  endfacet
  facet normal 0.803212 -0.595693 0
    outer loop
      vertex 48.2694 67.6257 0
      vertex 48.1408 67.4523 4
      vertex 48.1408 67.4523 0
    endloop
  endfacet
  facet normal 0.337128 0.941459 -0
    outer loop
      vertex 49.3314 64.1247 0
      vertex 49.1281 64.1975 4
      vertex 49.3314 64.1247 4
    endloop
  endfacet
  facet normal 0.337128 0.941459 0
    outer loop
      vertex 49.1281 64.1975 4
      vertex 49.3314 64.1247 0
      vertex 49.1281 64.1975 0
    endloop
  endfacet
  facet normal -0.595693 0.803212 0
    outer loop
      vertex 51.3657 64.5294 0
      vertex 51.1923 64.4008 4
      vertex 51.3657 64.5294 4
    endloop
  endfacet
  facet normal -0.595693 0.803212 0
    outer loop
      vertex 51.1923 64.4008 4
      vertex 51.3657 64.5294 0
      vertex 51.1923 64.4008 0
    endloop
  endfacet
  facet normal -0.90403 0.427469 0
    outer loop
      vertex 51.9102 65.1929 0
      vertex 52.0025 65.3881 4
      vertex 52.0025 65.3881 0
    endloop
  endfacet
  facet normal -0.90403 0.427469 0
    outer loop
      vertex 52.0025 65.3881 4
      vertex 51.9102 65.1929 0
      vertex 51.9102 65.1929 4
    endloop
  endfacet
  facet normal -0.989166 0.1468 0
    outer loop
      vertex 52.1277 65.8008 0
      vertex 52.1594 66.0144 4
      vertex 52.1594 66.0144 0
    endloop
  endfacet
  facet normal -0.989166 0.1468 0
    outer loop
      vertex 52.1594 66.0144 4
      vertex 52.1277 65.8008 0
      vertex 52.1277 65.8008 4
    endloop
  endfacet
  facet normal 0.740778 -0.67175 0
    outer loop
      vertex 48.2694 67.6257 4
      vertex 48.4144 67.7856 0
      vertex 48.4144 67.7856 4
    endloop
  endfacet
  facet normal 0.740778 -0.67175 0
    outer loop
      vertex 48.4144 67.7856 0
      vertex 48.2694 67.6257 4
      vertex 48.2694 67.6257 0
    endloop
  endfacet
  facet normal 0.1468 0.989166 -0
    outer loop
      vertex 49.7544 64.0406 0
      vertex 49.5408 64.0723 4
      vertex 49.7544 64.0406 4
    endloop
  endfacet
  facet normal 0.1468 0.989166 0
    outer loop
      vertex 49.5408 64.0723 4
      vertex 49.7544 64.0406 0
      vertex 49.5408 64.0723 0
    endloop
  endfacet
  facet normal 0.337128 -0.941459 0
    outer loop
      vertex 49.1281 68.2625 0
      vertex 49.3314 68.3353 4
      vertex 49.1281 68.2625 4
    endloop
  endfacet
  facet normal 0.337128 -0.941459 0
    outer loop
      vertex 49.3314 68.3353 4
      vertex 49.1281 68.2625 0
      vertex 49.3314 68.3353 0
    endloop
  endfacet
  facet normal -0.803212 0.595693 0
    outer loop
      vertex 51.6706 64.8343 0
      vertex 51.7992 65.0077 4
      vertex 51.7992 65.0077 0
    endloop
  endfacet
  facet normal -0.803212 0.595693 0
    outer loop
      vertex 51.7992 65.0077 4
      vertex 51.6706 64.8343 0
      vertex 51.6706 64.8343 4
    endloop
  endfacet
  facet normal -0.67175 0.740778 0
    outer loop
      vertex 51.5256 64.6744 0
      vertex 51.3657 64.5294 4
      vertex 51.5256 64.6744 4
    endloop
  endfacet
  facet normal -0.67175 0.740778 0
    outer loop
      vertex 51.3657 64.5294 4
      vertex 51.5256 64.6744 0
      vertex 51.3657 64.5294 0
    endloop
  endfacet
  facet normal 0.740778 0.67175 0
    outer loop
      vertex 48.4144 64.6744 4
      vertex 48.2694 64.8343 0
      vertex 48.2694 64.8343 4
    endloop
  endfacet
  facet normal 0.740778 0.67175 0
    outer loop
      vertex 48.2694 64.8343 0
      vertex 48.4144 64.6744 4
      vertex 48.4144 64.6744 0
    endloop
  endfacet
  facet normal 0.989166 0.1468 0
    outer loop
      vertex 47.8123 65.8008 4
      vertex 47.7806 66.0144 0
      vertex 47.7806 66.0144 4
    endloop
  endfacet
  facet normal 0.989166 0.1468 0
    outer loop
      vertex 47.7806 66.0144 0
      vertex 47.8123 65.8008 4
      vertex 47.8123 65.8008 0
    endloop
  endfacet
  facet normal 0.857738 -0.514087 0
    outer loop
      vertex 48.0298 67.2671 4
      vertex 48.1408 67.4523 0
      vertex 48.1408 67.4523 4
    endloop
  endfacet
  facet normal 0.857738 -0.514087 0
    outer loop
      vertex 48.1408 67.4523 0
      vertex 48.0298 67.2671 4
      vertex 48.0298 67.2671 0
    endloop
  endfacet
  facet normal 0.90403 0.427469 0
    outer loop
      vertex 48.0298 65.1929 4
      vertex 47.9375 65.3881 0
      vertex 47.9375 65.3881 4
    endloop
  endfacet
  facet normal 0.90403 0.427469 0
    outer loop
      vertex 47.9375 65.3881 0
      vertex 48.0298 65.1929 4
      vertex 48.0298 65.1929 0
    endloop
  endfacet
  facet normal 0.427469 -0.90403 0
    outer loop
      vertex 48.9329 68.1702 0
      vertex 49.1281 68.2625 4
      vertex 48.9329 68.1702 4
    endloop
  endfacet
  facet normal 0.427469 -0.90403 0
    outer loop
      vertex 49.1281 68.2625 4
      vertex 48.9329 68.1702 0
      vertex 49.1281 68.2625 0
    endloop
  endfacet
  facet normal 0.427469 0.90403 -0
    outer loop
      vertex 49.1281 64.1975 0
      vertex 48.9329 64.2898 4
      vertex 49.1281 64.1975 4
    endloop
  endfacet
  facet normal 0.427469 0.90403 0
    outer loop
      vertex 48.9329 64.2898 4
      vertex 49.1281 64.1975 0
      vertex 48.9329 64.2898 0
    endloop
  endfacet
  facet normal 0.242754 0.970088 -0
    outer loop
      vertex 49.5408 64.0723 0
      vertex 49.3314 64.1247 4
      vertex 49.5408 64.0723 4
    endloop
  endfacet
  facet normal 0.242754 0.970088 0
    outer loop
      vertex 49.3314 64.1247 4
      vertex 49.5408 64.0723 0
      vertex 49.3314 64.1247 0
    endloop
  endfacet
  facet normal 0.0491058 0.998794 -0
    outer loop
      vertex 49.97 64.03 0
      vertex 49.7544 64.0406 4
      vertex 49.97 64.03 4
    endloop
  endfacet
  facet normal 0.0491058 0.998794 0
    outer loop
      vertex 49.7544 64.0406 4
      vertex 49.97 64.03 0
      vertex 49.7544 64.0406 0
    endloop
  endfacet
  facet normal -0.67175 -0.740778 0
    outer loop
      vertex 51.3657 67.9306 0
      vertex 51.5256 67.7856 4
      vertex 51.3657 67.9306 4
    endloop
  endfacet
  facet normal -0.67175 -0.740778 -0
    outer loop
      vertex 51.5256 67.7856 4
      vertex 51.3657 67.9306 0
      vertex 51.5256 67.7856 0
    endloop
  endfacet
  facet normal 0.90403 -0.427469 0
    outer loop
      vertex 47.9375 67.0719 4
      vertex 48.0298 67.2671 0
      vertex 48.0298 67.2671 4
    endloop
  endfacet
  facet normal 0.90403 -0.427469 0
    outer loop
      vertex 48.0298 67.2671 0
      vertex 47.9375 67.0719 4
      vertex 47.9375 67.0719 0
    endloop
  endfacet
  facet normal -0.242754 0.970088 0
    outer loop
      vertex 50.6086 64.1247 0
      vertex 50.3992 64.0723 4
      vertex 50.6086 64.1247 4
    endloop
  endfacet
  facet normal -0.242754 0.970088 0
    outer loop
      vertex 50.3992 64.0723 4
      vertex 50.6086 64.1247 0
      vertex 50.3992 64.0723 0
    endloop
  endfacet
  facet normal 0.0491058 -0.998794 0
    outer loop
      vertex 49.7544 68.4194 0
      vertex 49.97 68.43 4
      vertex 49.7544 68.4194 4
    endloop
  endfacet
  facet normal 0.0491058 -0.998794 0
    outer loop
      vertex 49.97 68.43 4
      vertex 49.7544 68.4194 0
      vertex 49.97 68.43 0
    endloop
  endfacet
  facet normal -0.90403 -0.427469 0
    outer loop
      vertex 52.0025 67.0719 0
      vertex 51.9102 67.2671 4
      vertex 51.9102 67.2671 0
    endloop
  endfacet
  facet normal -0.90403 -0.427469 0
    outer loop
      vertex 51.9102 67.2671 4
      vertex 52.0025 67.0719 0
      vertex 52.0025 67.0719 4
    endloop
  endfacet
  facet normal -0.740778 0.67175 0
    outer loop
      vertex 51.5256 64.6744 0
      vertex 51.6706 64.8343 4
      vertex 51.6706 64.8343 0
    endloop
  endfacet
  facet normal -0.740778 0.67175 0
    outer loop
      vertex 51.6706 64.8343 4
      vertex 51.5256 64.6744 0
      vertex 51.5256 64.6744 4
    endloop
  endfacet
  facet normal -0.514087 -0.857738 0
    outer loop
      vertex 51.0071 68.1702 0
      vertex 51.1923 68.0592 4
      vertex 51.0071 68.1702 4
    endloop
  endfacet
  facet normal -0.514087 -0.857738 -0
    outer loop
      vertex 51.1923 68.0592 4
      vertex 51.0071 68.1702 0
      vertex 51.1923 68.0592 0
    endloop
  endfacet
  facet normal 0.998794 0.0491058 0
    outer loop
      vertex 47.7806 66.0144 4
      vertex 47.77 66.23 0
      vertex 47.77 66.23 4
    endloop
  endfacet
  facet normal 0.998794 0.0491058 0
    outer loop
      vertex 47.77 66.23 0
      vertex 47.7806 66.0144 4
      vertex 47.7806 66.0144 0
    endloop
  endfacet
  facet normal 0.803212 0.595693 0
    outer loop
      vertex 48.2694 64.8343 4
      vertex 48.1408 65.0077 0
      vertex 48.1408 65.0077 4
    endloop
  endfacet
  facet normal 0.803212 0.595693 0
    outer loop
      vertex 48.1408 65.0077 0
      vertex 48.2694 64.8343 4
      vertex 48.2694 64.8343 0
    endloop
  endfacet
  facet normal 0.989166 -0.1468 0
    outer loop
      vertex 47.7806 66.4456 4
      vertex 47.8123 66.6592 0
      vertex 47.8123 66.6592 4
    endloop
  endfacet
  facet normal 0.989166 -0.1468 0
    outer loop
      vertex 47.8123 66.6592 0
      vertex 47.7806 66.4456 4
      vertex 47.7806 66.4456 0
    endloop
  endfacet
  facet normal 0.67175 -0.740778 0
    outer loop
      vertex 48.4144 67.7856 0
      vertex 48.5743 67.9306 4
      vertex 48.4144 67.7856 4
    endloop
  endfacet
  facet normal 0.67175 -0.740778 0
    outer loop
      vertex 48.5743 67.9306 4
      vertex 48.4144 67.7856 0
      vertex 48.5743 67.9306 0
    endloop
  endfacet
  facet normal -0.970088 0.242754 0
    outer loop
      vertex 52.0753 65.5914 0
      vertex 52.1277 65.8008 4
      vertex 52.1277 65.8008 0
    endloop
  endfacet
  facet normal -0.970088 0.242754 0
    outer loop
      vertex 52.1277 65.8008 4
      vertex 52.0753 65.5914 0
      vertex 52.0753 65.5914 4
    endloop
  endfacet
  facet normal -0.857738 -0.514087 0
    outer loop
      vertex 51.9102 67.2671 0
      vertex 51.7992 67.4523 4
      vertex 51.7992 67.4523 0
    endloop
  endfacet
  facet normal -0.857738 -0.514087 0
    outer loop
      vertex 51.7992 67.4523 4
      vertex 51.9102 67.2671 0
      vertex 51.9102 67.2671 4
    endloop
  endfacet
  facet normal 0.242754 -0.970088 0
    outer loop
      vertex 49.3314 68.3353 0
      vertex 49.5408 68.3877 4
      vertex 49.3314 68.3353 4
    endloop
  endfacet
  facet normal 0.242754 -0.970088 0
    outer loop
      vertex 49.5408 68.3877 4
      vertex 49.3314 68.3353 0
      vertex 49.5408 68.3877 0
    endloop
  endfacet
  facet normal 0.1468 -0.989166 0
    outer loop
      vertex 49.5408 68.3877 0
      vertex 49.7544 68.4194 4
      vertex 49.5408 68.3877 4
    endloop
  endfacet
  facet normal 0.1468 -0.989166 0
    outer loop
      vertex 49.7544 68.4194 4
      vertex 49.5408 68.3877 0
      vertex 49.7544 68.4194 0
    endloop
  endfacet
  facet normal -0.0491058 0.998794 0
    outer loop
      vertex 50.1856 64.0406 0
      vertex 49.97 64.03 4
      vertex 50.1856 64.0406 4
    endloop
  endfacet
  facet normal -0.0491058 0.998794 0
    outer loop
      vertex 49.97 64.03 4
      vertex 50.1856 64.0406 0
      vertex 49.97 64.03 0
    endloop
  endfacet
  facet normal -0.857738 0.514087 0
    outer loop
      vertex 51.7992 65.0077 0
      vertex 51.9102 65.1929 4
      vertex 51.9102 65.1929 0
    endloop
  endfacet
  facet normal -0.857738 0.514087 0
    outer loop
      vertex 51.9102 65.1929 4
      vertex 51.7992 65.0077 0
      vertex 51.7992 65.0077 4
    endloop
  endfacet
  facet normal 0.857738 0.514087 0
    outer loop
      vertex 48.1408 65.0077 4
      vertex 48.0298 65.1929 0
      vertex 48.0298 65.1929 4
    endloop
  endfacet
  facet normal 0.857738 0.514087 0
    outer loop
      vertex 48.0298 65.1929 0
      vertex 48.1408 65.0077 4
      vertex 48.1408 65.0077 0
    endloop
  endfacet
  facet normal -0.1468 -0.989166 0
    outer loop
      vertex 50.1856 68.4194 0
      vertex 50.3992 68.3877 4
      vertex 50.1856 68.4194 4
    endloop
  endfacet
  facet normal -0.1468 -0.989166 -0
    outer loop
      vertex 50.3992 68.3877 4
      vertex 50.1856 68.4194 0
      vertex 50.3992 68.3877 0
    endloop
  endfacet
  facet normal 0.970088 0.242754 0
    outer loop
      vertex 47.8647 65.5914 4
      vertex 47.8123 65.8008 0
      vertex 47.8123 65.8008 4
    endloop
  endfacet
  facet normal 0.970088 0.242754 0
    outer loop
      vertex 47.8123 65.8008 0
      vertex 47.8647 65.5914 4
      vertex 47.8647 65.5914 0
    endloop
  endfacet
  facet normal 0.941459 0.337128 0
    outer loop
      vertex 47.9375 65.3881 4
      vertex 47.8647 65.5914 0
      vertex 47.8647 65.5914 4
    endloop
  endfacet
  facet normal 0.941459 0.337128 0
    outer loop
      vertex 47.8647 65.5914 0
      vertex 47.9375 65.3881 4
      vertex 47.9375 65.3881 0
    endloop
  endfacet
  facet normal -0.514087 0.857738 0
    outer loop
      vertex 51.1923 64.4008 0
      vertex 51.0071 64.2898 4
      vertex 51.1923 64.4008 4
    endloop
  endfacet
  facet normal -0.514087 0.857738 0
    outer loop
      vertex 51.0071 64.2898 4
      vertex 51.1923 64.4008 0
      vertex 51.0071 64.2898 0
    endloop
  endfacet
  facet normal -0.427469 0.90403 0
    outer loop
      vertex 51.0071 64.2898 0
      vertex 50.8119 64.1975 4
      vertex 51.0071 64.2898 4
    endloop
  endfacet
  facet normal -0.427469 0.90403 0
    outer loop
      vertex 50.8119 64.1975 4
      vertex 51.0071 64.2898 0
      vertex 50.8119 64.1975 0
    endloop
  endfacet
  facet normal -0.337128 0.941459 0
    outer loop
      vertex 50.8119 64.1975 0
      vertex 50.6086 64.1247 4
      vertex 50.8119 64.1975 4
    endloop
  endfacet
  facet normal -0.337128 0.941459 0
    outer loop
      vertex 50.6086 64.1247 4
      vertex 50.8119 64.1975 0
      vertex 50.6086 64.1247 0
    endloop
  endfacet
  facet normal 0.595693 -0.803212 0
    outer loop
      vertex 48.5743 67.9306 0
      vertex 48.7477 68.0592 4
      vertex 48.5743 67.9306 4
    endloop
  endfacet
  facet normal 0.595693 -0.803212 0
    outer loop
      vertex 48.7477 68.0592 4
      vertex 48.5743 67.9306 0
      vertex 48.7477 68.0592 0
    endloop
  endfacet
  facet normal 0.514087 -0.857738 0
    outer loop
      vertex 48.7477 68.0592 0
      vertex 48.9329 68.1702 4
      vertex 48.7477 68.0592 4
    endloop
  endfacet
  facet normal 0.514087 -0.857738 0
    outer loop
      vertex 48.9329 68.1702 4
      vertex 48.7477 68.0592 0
      vertex 48.9329 68.1702 0
    endloop
  endfacet
  facet normal 0.941459 -0.337128 0
    outer loop
      vertex 47.8647 66.8686 4
      vertex 47.9375 67.0719 0
      vertex 47.9375 67.0719 4
    endloop
  endfacet
  facet normal 0.941459 -0.337128 0
    outer loop
      vertex 47.9375 67.0719 0
      vertex 47.8647 66.8686 4
      vertex 47.8647 66.8686 0
    endloop
  endfacet
  facet normal -0.242754 -0.970088 0
    outer loop
      vertex 50.3992 68.3877 0
      vertex 50.6086 68.3353 4
      vertex 50.3992 68.3877 4
    endloop
  endfacet
  facet normal -0.242754 -0.970088 -0
    outer loop
      vertex 50.6086 68.3353 4
      vertex 50.3992 68.3877 0
      vertex 50.6086 68.3353 0
    endloop
  endfacet
  facet normal 0.998794 -0.0491058 0
    outer loop
      vertex 47.77 66.23 4
      vertex 47.7806 66.4456 0
      vertex 47.7806 66.4456 4
    endloop
  endfacet
  facet normal 0.998794 -0.0491058 0
    outer loop
      vertex 47.7806 66.4456 0
      vertex 47.77 66.23 4
      vertex 47.77 66.23 0
    endloop
  endfacet
  facet normal 0.67175 0.740778 -0
    outer loop
      vertex 48.5743 64.5294 0
      vertex 48.4144 64.6744 4
      vertex 48.5743 64.5294 4
    endloop
  endfacet
  facet normal 0.67175 0.740778 0
    outer loop
      vertex 48.4144 64.6744 4
      vertex 48.5743 64.5294 0
      vertex 48.4144 64.6744 0
    endloop
  endfacet
  facet normal 0.514087 0.857738 -0
    outer loop
      vertex 48.9329 64.2898 0
      vertex 48.7477 64.4008 4
      vertex 48.9329 64.2898 4
    endloop
  endfacet
  facet normal 0.514087 0.857738 0
    outer loop
      vertex 48.7477 64.4008 4
      vertex 48.9329 64.2898 0
      vertex 48.7477 64.4008 0
    endloop
  endfacet
  facet normal 0.595693 0.803212 -0
    outer loop
      vertex 48.7477 64.4008 0
      vertex 48.5743 64.5294 4
      vertex 48.7477 64.4008 4
    endloop
  endfacet
  facet normal 0.595693 0.803212 0
    outer loop
      vertex 48.5743 64.5294 4
      vertex 48.7477 64.4008 0
      vertex 48.5743 64.5294 0
    endloop
  endfacet
  facet normal 0.941547 -0 0.336882
    outer loop
      vertex -27.8852 62.72 13.2147
      vertex -27.6819 65.73 12.6465
      vertex -27.8852 65.73 13.2147
    endloop
  endfacet
  facet normal 0.941547 0 0.336882
    outer loop
      vertex -27.6819 65.73 12.6465
      vertex -27.8852 62.72 13.2147
      vertex -27.6819 62.72 12.6465
    endloop
  endfacet
  facet normal -0.989166 0 0.146801
    outer loop
      vertex -15.9682 62.72 13.8002
      vertex -15.8796 65.73 14.3972
      vertex -15.9682 65.73 13.8002
    endloop
  endfacet
  facet normal -0.989166 0 0.146801
    outer loop
      vertex -15.8796 65.73 14.3972
      vertex -15.9682 62.72 13.8002
      vertex -15.8796 62.72 14.3972
    endloop
  endfacet
  facet normal -0.998797 0 0.0490451
    outer loop
      vertex -15.8796 62.72 14.3972
      vertex -15.85 65.73 15
      vertex -15.8796 65.73 14.3972
    endloop
  endfacet
  facet normal -0.998797 0 0.0490451
    outer loop
      vertex -15.85 65.73 15
      vertex -15.8796 62.72 14.3972
      vertex -15.85 62.72 15
    endloop
  endfacet
  facet normal -0.970055 0 0.242886
    outer loop
      vertex -16.1148 62.72 13.2147
      vertex -15.9682 65.73 13.8002
      vertex -16.1148 65.73 13.2147
    endloop
  endfacet
  facet normal -0.970055 0 0.242886
    outer loop
      vertex -15.9682 65.73 13.8002
      vertex -16.1148 62.72 13.2147
      vertex -15.9682 62.72 13.8002
    endloop
  endfacet
  facet normal -0.857727 0 0.514106
    outer loop
      vertex -16.8865 62.72 11.5832
      vertex -16.5762 65.73 12.1009
      vertex -16.8865 65.73 11.5832
    endloop
  endfacet
  facet normal -0.857727 0 0.514106
    outer loop
      vertex -16.5762 65.73 12.1009
      vertex -16.8865 62.72 11.5832
      vertex -16.5762 62.72 12.1009
    endloop
  endfacet
  facet normal -0.427542 0 0.903995
    outer loop
      vertex -19.6465 65.73 9.31814
      vertex -19.1009 62.72 9.57618
      vertex -19.1009 65.73 9.57618
    endloop
  endfacet
  facet normal -0.427542 0 0.903995
    outer loop
      vertex -19.1009 62.72 9.57618
      vertex -19.6465 65.73 9.31814
      vertex -19.6465 62.72 9.31814
    endloop
  endfacet
  facet normal 0.857727 -0 0.514106
    outer loop
      vertex -27.4238 62.72 12.1009
      vertex -27.1135 65.73 11.5832
      vertex -27.4238 65.73 12.1009
    endloop
  endfacet
  facet normal 0.857727 0 0.514106
    outer loop
      vertex -27.1135 65.73 11.5832
      vertex -27.4238 62.72 12.1009
      vertex -27.1135 62.72 11.5832
    endloop
  endfacet
  facet normal 0.80319 -0 0.595723
    outer loop
      vertex -27.1135 62.72 11.5832
      vertex -26.754 65.73 11.0985
      vertex -27.1135 65.73 11.5832
    endloop
  endfacet
  facet normal 0.80319 0 0.595723
    outer loop
      vertex -26.754 65.73 11.0985
      vertex -27.1135 62.72 11.5832
      vertex -26.754 62.72 11.0985
    endloop
  endfacet
  facet normal 0.514106 0 -0.857727
    outer loop
      vertex -25.4168 62.72 20.1135
      vertex -24.8991 65.73 20.4238
      vertex -24.8991 62.72 20.4238
    endloop
  endfacet
  facet normal 0.514106 0 -0.857727
    outer loop
      vertex -24.8991 65.73 20.4238
      vertex -25.4168 62.72 20.1135
      vertex -25.4168 65.73 20.1135
    endloop
  endfacet
  facet normal 0.671542 0 -0.740966
    outer loop
      vertex -26.3487 62.72 19.3487
      vertex -25.9015 65.73 19.754
      vertex -25.9015 62.72 19.754
    endloop
  endfacet
  facet normal 0.671542 0 -0.740966
    outer loop
      vertex -25.9015 65.73 19.754
      vertex -26.3487 62.72 19.3487
      vertex -26.3487 65.73 19.3487
    endloop
  endfacet
  facet normal -0.336912 0 0.941536
    outer loop
      vertex -20.2147 65.73 9.11482
      vertex -19.6465 62.72 9.31814
      vertex -19.6465 65.73 9.31814
    endloop
  endfacet
  facet normal -0.336912 0 0.941536
    outer loop
      vertex -19.6465 62.72 9.31814
      vertex -20.2147 65.73 9.11482
      vertex -20.2147 62.72 9.11482
    endloop
  endfacet
  facet normal -0.0490451 0 -0.998797
    outer loop
      vertex -22 62.72 21.15
      vertex -21.3972 65.73 21.1204
      vertex -21.3972 62.72 21.1204
    endloop
  endfacet
  facet normal -0.0490451 0 -0.998797
    outer loop
      vertex -21.3972 65.73 21.1204
      vertex -22 62.72 21.15
      vertex -22 65.73 21.15
    endloop
  endfacet
  facet normal -0.242964 0 0.970035
    outer loop
      vertex -20.8002 65.73 8.96817
      vertex -20.2147 62.72 9.11482
      vertex -20.2147 65.73 9.11482
    endloop
  endfacet
  facet normal -0.242964 0 0.970035
    outer loop
      vertex -20.2147 62.72 9.11482
      vertex -20.8002 65.73 8.96817
      vertex -20.8002 62.72 8.96817
    endloop
  endfacet
  facet normal -0.970055 0 -0.242886
    outer loop
      vertex -15.9682 62.72 16.1998
      vertex -16.1148 65.73 16.7853
      vertex -15.9682 65.73 16.1998
    endloop
  endfacet
  facet normal -0.970055 -0 -0.242886
    outer loop
      vertex -16.1148 65.73 16.7853
      vertex -15.9682 62.72 16.1998
      vertex -16.1148 62.72 16.7853
    endloop
  endfacet
  facet normal 0.146801 0 -0.989166
    outer loop
      vertex -23.1998 62.72 21.0318
      vertex -22.6028 65.73 21.1204
      vertex -22.6028 62.72 21.1204
    endloop
  endfacet
  facet normal 0.146801 0 -0.989166
    outer loop
      vertex -22.6028 65.73 21.1204
      vertex -23.1998 62.72 21.0318
      vertex -23.1998 65.73 21.0318
    endloop
  endfacet
  facet normal -0.740966 0 0.671542
    outer loop
      vertex -17.6513 62.72 10.6513
      vertex -17.246 65.73 11.0985
      vertex -17.6513 65.73 10.6513
    endloop
  endfacet
  facet normal -0.740966 0 0.671542
    outer loop
      vertex -17.246 65.73 11.0985
      vertex -17.6513 62.72 10.6513
      vertex -17.246 62.72 11.0985
    endloop
  endfacet
  facet normal 0.998797 0 -0.0490451
    outer loop
      vertex -28.1204 62.72 15.6028
      vertex -28.15 65.73 15
      vertex -28.1204 65.73 15.6028
    endloop
  endfacet
  facet normal 0.998797 0 -0.0490451
    outer loop
      vertex -28.15 65.73 15
      vertex -28.1204 62.72 15.6028
      vertex -28.15 62.72 15
    endloop
  endfacet
  facet normal -0.941547 0 0.336882
    outer loop
      vertex -16.3181 62.72 12.6465
      vertex -16.1148 65.73 13.2147
      vertex -16.3181 65.73 12.6465
    endloop
  endfacet
  facet normal -0.941547 0 0.336882
    outer loop
      vertex -16.1148 65.73 13.2147
      vertex -16.3181 62.72 12.6465
      vertex -16.1148 62.72 13.2147
    endloop
  endfacet
  facet normal -0.0490616 0 0.998796
    outer loop
      vertex -22 65.73 8.85
      vertex -21.3972 62.72 8.87961
      vertex -21.3972 65.73 8.87961
    endloop
  endfacet
  facet normal -0.0490616 0 0.998796
    outer loop
      vertex -21.3972 62.72 8.87961
      vertex -22 65.73 8.85
      vertex -22 62.72 8.85
    endloop
  endfacet
  facet normal -0.671542 0 0.740966
    outer loop
      vertex -18.0985 65.73 10.246
      vertex -17.6513 62.72 10.6513
      vertex -17.6513 65.73 10.6513
    endloop
  endfacet
  facet normal -0.671542 0 0.740966
    outer loop
      vertex -17.6513 62.72 10.6513
      vertex -18.0985 65.73 10.246
      vertex -18.0985 62.72 10.246
    endloop
  endfacet
  facet normal -0.514106 0 -0.857727
    outer loop
      vertex -19.1009 62.72 20.4238
      vertex -18.5832 65.73 20.1135
      vertex -18.5832 62.72 20.1135
    endloop
  endfacet
  facet normal -0.514106 0 -0.857727
    outer loop
      vertex -18.5832 65.73 20.1135
      vertex -19.1009 62.72 20.4238
      vertex -19.1009 65.73 20.4238
    endloop
  endfacet
  facet normal 0.970055 0 -0.242886
    outer loop
      vertex -27.8852 62.72 16.7853
      vertex -28.0318 65.73 16.1998
      vertex -27.8852 65.73 16.7853
    endloop
  endfacet
  facet normal 0.970055 0 -0.242886
    outer loop
      vertex -28.0318 65.73 16.1998
      vertex -27.8852 62.72 16.7853
      vertex -28.0318 62.72 16.1998
    endloop
  endfacet
  facet normal 0.336912 0 0.941536
    outer loop
      vertex -24.3535 65.73 9.31814
      vertex -23.7853 62.72 9.11482
      vertex -23.7853 65.73 9.11482
    endloop
  endfacet
  facet normal 0.336912 0 0.941536
    outer loop
      vertex -23.7853 62.72 9.11482
      vertex -24.3535 65.73 9.31814
      vertex -24.3535 62.72 9.31814
    endloop
  endfacet
  facet normal 0.941547 0 -0.336882
    outer loop
      vertex -27.6819 62.72 17.3535
      vertex -27.8852 65.73 16.7853
      vertex -27.6819 65.73 17.3535
    endloop
  endfacet
  facet normal 0.941547 0 -0.336882
    outer loop
      vertex -27.8852 65.73 16.7853
      vertex -27.6819 62.72 17.3535
      vertex -27.8852 62.72 16.7853
    endloop
  endfacet
  facet normal 0.989166 -0 0.146801
    outer loop
      vertex -28.1204 62.72 14.3972
      vertex -28.0318 65.73 13.8002
      vertex -28.1204 65.73 14.3972
    endloop
  endfacet
  facet normal 0.989166 0 0.146801
    outer loop
      vertex -28.0318 65.73 13.8002
      vertex -28.1204 62.72 14.3972
      vertex -28.0318 62.72 13.8002
    endloop
  endfacet
  facet normal 0.514081 0 0.857741
    outer loop
      vertex -25.4168 65.73 9.88646
      vertex -24.8991 62.72 9.57618
      vertex -24.8991 65.73 9.57618
    endloop
  endfacet
  facet normal 0.514081 0 0.857741
    outer loop
      vertex -24.8991 62.72 9.57618
      vertex -25.4168 65.73 9.88646
      vertex -25.4168 62.72 9.88646
    endloop
  endfacet
  facet normal 0.671542 0 0.740966
    outer loop
      vertex -26.3487 65.73 10.6513
      vertex -25.9015 62.72 10.246
      vertex -25.9015 65.73 10.246
    endloop
  endfacet
  facet normal 0.671542 0 0.740966
    outer loop
      vertex -25.9015 62.72 10.246
      vertex -26.3487 65.73 10.6513
      vertex -26.3487 62.72 10.6513
    endloop
  endfacet
  facet normal 0.970055 -0 0.242886
    outer loop
      vertex -28.0318 62.72 13.8002
      vertex -27.8852 65.73 13.2147
      vertex -28.0318 65.73 13.8002
    endloop
  endfacet
  facet normal 0.970055 0 0.242886
    outer loop
      vertex -27.8852 65.73 13.2147
      vertex -28.0318 62.72 13.8002
      vertex -27.8852 62.72 13.2147
    endloop
  endfacet
  facet normal -0.427623 0 -0.903957
    outer loop
      vertex -19.6465 62.72 20.6819
      vertex -19.1009 65.73 20.4238
      vertex -19.1009 62.72 20.4238
    endloop
  endfacet
  facet normal -0.427623 0 -0.903957
    outer loop
      vertex -19.1009 65.73 20.4238
      vertex -19.6465 62.72 20.6819
      vertex -19.6465 65.73 20.6819
    endloop
  endfacet
  facet normal 0.242964 0 0.970035
    outer loop
      vertex -23.7853 65.73 9.11482
      vertex -23.1998 62.72 8.96817
      vertex -23.1998 65.73 8.96817
    endloop
  endfacet
  facet normal 0.242964 0 0.970035
    outer loop
      vertex -23.1998 62.72 8.96817
      vertex -23.7853 65.73 9.11482
      vertex -23.7853 62.72 9.11482
    endloop
  endfacet
  facet normal 0.740966 -0 0.671542
    outer loop
      vertex -26.754 62.72 11.0985
      vertex -26.3487 65.73 10.6513
      vertex -26.754 65.73 11.0985
    endloop
  endfacet
  facet normal 0.740966 0 0.671542
    outer loop
      vertex -26.3487 65.73 10.6513
      vertex -26.754 62.72 11.0985
      vertex -26.3487 62.72 10.6513
    endloop
  endfacet
  facet normal -0.514081 0 0.857741
    outer loop
      vertex -19.1009 65.73 9.57618
      vertex -18.5832 62.72 9.88646
      vertex -18.5832 65.73 9.88646
    endloop
  endfacet
  facet normal -0.514081 0 0.857741
    outer loop
      vertex -18.5832 62.72 9.88646
      vertex -19.1009 65.73 9.57618
      vertex -19.1009 62.72 9.57618
    endloop
  endfacet
  facet normal 0.595766 0 0.803158
    outer loop
      vertex -25.9015 65.73 10.246
      vertex -25.4168 62.72 9.88646
      vertex -25.4168 65.73 9.88646
    endloop
  endfacet
  facet normal 0.595766 0 0.803158
    outer loop
      vertex -25.4168 62.72 9.88646
      vertex -25.9015 65.73 10.246
      vertex -25.9015 62.72 10.246
    endloop
  endfacet
  facet normal -0.595766 0 0.803158
    outer loop
      vertex -18.5832 65.73 9.88646
      vertex -18.0985 62.72 10.246
      vertex -18.0985 65.73 10.246
    endloop
  endfacet
  facet normal -0.595766 0 0.803158
    outer loop
      vertex -18.0985 62.72 10.246
      vertex -18.5832 65.73 9.88646
      vertex -18.5832 62.72 9.88646
    endloop
  endfacet
  facet normal -0.146801 0 -0.989166
    outer loop
      vertex -21.3972 62.72 21.1204
      vertex -20.8002 65.73 21.0318
      vertex -20.8002 62.72 21.0318
    endloop
  endfacet
  facet normal -0.146801 0 -0.989166
    outer loop
      vertex -20.8002 65.73 21.0318
      vertex -21.3972 62.72 21.1204
      vertex -21.3972 65.73 21.1204
    endloop
  endfacet
  facet normal -0.941547 0 -0.336882
    outer loop
      vertex -16.1148 62.72 16.7853
      vertex -16.3181 65.73 17.3535
      vertex -16.1148 65.73 16.7853
    endloop
  endfacet
  facet normal -0.941547 -0 -0.336882
    outer loop
      vertex -16.3181 65.73 17.3535
      vertex -16.1148 62.72 16.7853
      vertex -16.3181 62.72 17.3535
    endloop
  endfacet
  facet normal -0.740966 0 -0.671542
    outer loop
      vertex -17.246 62.72 18.9015
      vertex -17.6513 65.73 19.3487
      vertex -17.246 65.73 18.9015
    endloop
  endfacet
  facet normal -0.740966 -0 -0.671542
    outer loop
      vertex -17.6513 65.73 19.3487
      vertex -17.246 62.72 18.9015
      vertex -17.6513 62.72 19.3487
    endloop
  endfacet
  facet normal -0.80319 0 -0.595723
    outer loop
      vertex -16.8865 62.72 18.4168
      vertex -17.246 65.73 18.9015
      vertex -16.8865 65.73 18.4168
    endloop
  endfacet
  facet normal -0.80319 -0 -0.595723
    outer loop
      vertex -17.246 65.73 18.9015
      vertex -16.8865 62.72 18.4168
      vertex -17.246 62.72 18.9015
    endloop
  endfacet
  facet normal 0.427542 0 0.903995
    outer loop
      vertex -24.8991 65.73 9.57618
      vertex -24.3535 62.72 9.31814
      vertex -24.3535 65.73 9.31814
    endloop
  endfacet
  facet normal 0.427542 0 0.903995
    outer loop
      vertex -24.3535 62.72 9.31814
      vertex -24.8991 65.73 9.57618
      vertex -24.8991 62.72 9.57618
    endloop
  endfacet
  facet normal -0.903957 0 0.427623
    outer loop
      vertex -16.5762 62.72 12.1009
      vertex -16.3181 65.73 12.6465
      vertex -16.5762 65.73 12.1009
    endloop
  endfacet
  facet normal -0.903957 0 0.427623
    outer loop
      vertex -16.3181 65.73 12.6465
      vertex -16.5762 62.72 12.1009
      vertex -16.3181 62.72 12.6465
    endloop
  endfacet
  facet normal 0.857727 0 -0.514106
    outer loop
      vertex -27.1135 62.72 18.4168
      vertex -27.4238 65.73 17.8991
      vertex -27.1135 65.73 18.4168
    endloop
  endfacet
  facet normal 0.857727 0 -0.514106
    outer loop
      vertex -27.4238 65.73 17.8991
      vertex -27.1135 62.72 18.4168
      vertex -27.4238 62.72 17.8991
    endloop
  endfacet
  facet normal 0.242886 0 -0.970055
    outer loop
      vertex -23.7853 62.72 20.8852
      vertex -23.1998 65.73 21.0318
      vertex -23.1998 62.72 21.0318
    endloop
  endfacet
  facet normal 0.242886 0 -0.970055
    outer loop
      vertex -23.1998 65.73 21.0318
      vertex -23.7853 62.72 20.8852
      vertex -23.7853 65.73 20.8852
    endloop
  endfacet
  facet normal -0.989166 0 -0.146801
    outer loop
      vertex -15.8796 62.72 15.6028
      vertex -15.9682 65.73 16.1998
      vertex -15.8796 65.73 15.6028
    endloop
  endfacet
  facet normal -0.989166 -0 -0.146801
    outer loop
      vertex -15.9682 65.73 16.1998
      vertex -15.8796 62.72 15.6028
      vertex -15.9682 62.72 16.1998
    endloop
  endfacet
  facet normal 0.80319 0 -0.595723
    outer loop
      vertex -26.754 62.72 18.9015
      vertex -27.1135 65.73 18.4168
      vertex -26.754 65.73 18.9015
    endloop
  endfacet
  facet normal 0.80319 0 -0.595723
    outer loop
      vertex -27.1135 65.73 18.4168
      vertex -26.754 62.72 18.9015
      vertex -27.1135 62.72 18.4168
    endloop
  endfacet
  facet normal -0.80319 0 0.595723
    outer loop
      vertex -17.246 62.72 11.0985
      vertex -16.8865 65.73 11.5832
      vertex -17.246 65.73 11.0985
    endloop
  endfacet
  facet normal -0.80319 0 0.595723
    outer loop
      vertex -16.8865 65.73 11.5832
      vertex -17.246 62.72 11.0985
      vertex -16.8865 62.72 11.5832
    endloop
  endfacet
  facet normal 0.903957 0 -0.427623
    outer loop
      vertex -27.4238 62.72 17.8991
      vertex -27.6819 65.73 17.3535
      vertex -27.4238 65.73 17.8991
    endloop
  endfacet
  facet normal 0.903957 0 -0.427623
    outer loop
      vertex -27.6819 65.73 17.3535
      vertex -27.4238 62.72 17.8991
      vertex -27.6819 62.72 17.3535
    endloop
  endfacet
  facet normal -0.146736 0 0.989176
    outer loop
      vertex -21.3972 65.73 8.87961
      vertex -20.8002 62.72 8.96817
      vertex -20.8002 65.73 8.96817
    endloop
  endfacet
  facet normal -0.146736 0 0.989176
    outer loop
      vertex -20.8002 62.72 8.96817
      vertex -21.3972 65.73 8.87961
      vertex -21.3972 62.72 8.87961
    endloop
  endfacet
  facet normal 0.0490616 0 0.998796
    outer loop
      vertex -22.6028 65.73 8.87961
      vertex -22 62.72 8.85
      vertex -22 65.73 8.85
    endloop
  endfacet
  facet normal 0.0490616 0 0.998796
    outer loop
      vertex -22 62.72 8.85
      vertex -22.6028 65.73 8.87961
      vertex -22.6028 62.72 8.87961
    endloop
  endfacet
  facet normal 0.427623 0 -0.903957
    outer loop
      vertex -24.8991 62.72 20.4238
      vertex -24.3535 65.73 20.6819
      vertex -24.3535 62.72 20.6819
    endloop
  endfacet
  facet normal 0.427623 0 -0.903957
    outer loop
      vertex -24.3535 65.73 20.6819
      vertex -24.8991 62.72 20.4238
      vertex -24.8991 65.73 20.4238
    endloop
  endfacet
  facet normal -0.595723 0 -0.80319
    outer loop
      vertex -18.5832 62.72 20.1135
      vertex -18.0985 65.73 19.754
      vertex -18.0985 62.72 19.754
    endloop
  endfacet
  facet normal -0.595723 0 -0.80319
    outer loop
      vertex -18.0985 65.73 19.754
      vertex -18.5832 62.72 20.1135
      vertex -18.5832 65.73 20.1135
    endloop
  endfacet
  facet normal -0.998797 0 -0.0490451
    outer loop
      vertex -15.85 62.72 15
      vertex -15.8796 65.73 15.6028
      vertex -15.85 65.73 15
    endloop
  endfacet
  facet normal -0.998797 -0 -0.0490451
    outer loop
      vertex -15.8796 65.73 15.6028
      vertex -15.85 62.72 15
      vertex -15.8796 62.72 15.6028
    endloop
  endfacet
  facet normal 0.146736 0 0.989176
    outer loop
      vertex -23.1998 65.73 8.96817
      vertex -22.6028 62.72 8.87961
      vertex -22.6028 65.73 8.87961
    endloop
  endfacet
  facet normal 0.146736 0 0.989176
    outer loop
      vertex -22.6028 62.72 8.87961
      vertex -23.1998 65.73 8.96817
      vertex -23.1998 62.72 8.96817
    endloop
  endfacet
  facet normal 0.989166 0 -0.146801
    outer loop
      vertex -28.0318 62.72 16.1998
      vertex -28.1204 65.73 15.6028
      vertex -28.0318 65.73 16.1998
    endloop
  endfacet
  facet normal 0.989166 0 -0.146801
    outer loop
      vertex -28.1204 65.73 15.6028
      vertex -28.0318 62.72 16.1998
      vertex -28.1204 62.72 15.6028
    endloop
  endfacet
  facet normal -0.336882 0 -0.941547
    outer loop
      vertex -20.2147 62.72 20.8852
      vertex -19.6465 65.73 20.6819
      vertex -19.6465 62.72 20.6819
    endloop
  endfacet
  facet normal -0.336882 0 -0.941547
    outer loop
      vertex -19.6465 65.73 20.6819
      vertex -20.2147 62.72 20.8852
      vertex -20.2147 65.73 20.8852
    endloop
  endfacet
  facet normal -0.242886 0 -0.970055
    outer loop
      vertex -20.8002 62.72 21.0318
      vertex -20.2147 65.73 20.8852
      vertex -20.2147 62.72 20.8852
    endloop
  endfacet
  facet normal -0.242886 0 -0.970055
    outer loop
      vertex -20.2147 65.73 20.8852
      vertex -20.8002 62.72 21.0318
      vertex -20.8002 65.73 21.0318
    endloop
  endfacet
  facet normal 0.903957 -0 0.427623
    outer loop
      vertex -27.6819 62.72 12.6465
      vertex -27.4238 65.73 12.1009
      vertex -27.6819 65.73 12.6465
    endloop
  endfacet
  facet normal 0.903957 0 0.427623
    outer loop
      vertex -27.4238 65.73 12.1009
      vertex -27.6819 62.72 12.6465
      vertex -27.4238 62.72 12.1009
    endloop
  endfacet
  facet normal 0.740966 0 -0.671542
    outer loop
      vertex -26.3487 62.72 19.3487
      vertex -26.754 65.73 18.9015
      vertex -26.3487 65.73 19.3487
    endloop
  endfacet
  facet normal 0.740966 0 -0.671542
    outer loop
      vertex -26.754 65.73 18.9015
      vertex -26.3487 62.72 19.3487
      vertex -26.754 62.72 18.9015
    endloop
  endfacet
  facet normal 0.595723 0 -0.80319
    outer loop
      vertex -25.9015 62.72 19.754
      vertex -25.4168 65.73 20.1135
      vertex -25.4168 62.72 20.1135
    endloop
  endfacet
  facet normal 0.595723 0 -0.80319
    outer loop
      vertex -25.4168 65.73 20.1135
      vertex -25.9015 62.72 19.754
      vertex -25.9015 65.73 19.754
    endloop
  endfacet
  facet normal -0.903957 0 -0.427623
    outer loop
      vertex -16.3181 62.72 17.3535
      vertex -16.5762 65.73 17.8991
      vertex -16.3181 65.73 17.3535
    endloop
  endfacet
  facet normal -0.903957 -0 -0.427623
    outer loop
      vertex -16.5762 65.73 17.8991
      vertex -16.3181 62.72 17.3535
      vertex -16.5762 62.72 17.8991
    endloop
  endfacet
  facet normal -0.857727 0 -0.514106
    outer loop
      vertex -16.5762 62.72 17.8991
      vertex -16.8865 65.73 18.4168
      vertex -16.5762 65.73 17.8991
    endloop
  endfacet
  facet normal -0.857727 -0 -0.514106
    outer loop
      vertex -16.8865 65.73 18.4168
      vertex -16.5762 62.72 17.8991
      vertex -16.8865 62.72 18.4168
    endloop
  endfacet
  facet normal 0.0490451 0 -0.998797
    outer loop
      vertex -22.6028 62.72 21.1204
      vertex -22 65.73 21.15
      vertex -22 62.72 21.15
    endloop
  endfacet
  facet normal 0.0490451 0 -0.998797
    outer loop
      vertex -22 65.73 21.15
      vertex -22.6028 62.72 21.1204
      vertex -22.6028 65.73 21.1204
    endloop
  endfacet
  facet normal 0.998797 -0 0.0490451
    outer loop
      vertex -28.15 62.72 15
      vertex -28.1204 65.73 14.3972
      vertex -28.15 65.73 15
    endloop
  endfacet
  facet normal 0.998797 0 0.0490451
    outer loop
      vertex -28.1204 65.73 14.3972
      vertex -28.15 62.72 15
      vertex -28.1204 62.72 14.3972
    endloop
  endfacet
  facet normal 0.336882 0 -0.941547
    outer loop
      vertex -24.3535 62.72 20.6819
      vertex -23.7853 65.73 20.8852
      vertex -23.7853 62.72 20.8852
    endloop
  endfacet
  facet normal 0.336882 0 -0.941547
    outer loop
      vertex -23.7853 65.73 20.8852
      vertex -24.3535 62.72 20.6819
      vertex -24.3535 65.73 20.6819
    endloop
  endfacet
  facet normal -0.671542 0 -0.740966
    outer loop
      vertex -18.0985 62.72 19.754
      vertex -17.6513 65.73 19.3487
      vertex -17.6513 62.72 19.3487
    endloop
  endfacet
  facet normal -0.671542 0 -0.740966
    outer loop
      vertex -17.6513 65.73 19.3487
      vertex -18.0985 62.72 19.754
      vertex -18.0985 65.73 19.754
    endloop
  endfacet
  facet normal 0.941547 -0 0.336882
    outer loop
      vertex 16.1148 62.72 13.2147
      vertex 16.3181 65.73 12.6465
      vertex 16.1148 65.73 13.2147
    endloop
  endfacet
  facet normal 0.941547 0 0.336882
    outer loop
      vertex 16.3181 65.73 12.6465
      vertex 16.1148 62.72 13.2147
      vertex 16.3181 62.72 12.6465
    endloop
  endfacet
  facet normal -0.989166 0 0.146801
    outer loop
      vertex 28.0318 62.72 13.8002
      vertex 28.1204 65.73 14.3972
      vertex 28.0318 65.73 13.8002
    endloop
  endfacet
  facet normal -0.989166 0 0.146801
    outer loop
      vertex 28.1204 65.73 14.3972
      vertex 28.0318 62.72 13.8002
      vertex 28.1204 62.72 14.3972
    endloop
  endfacet
  facet normal -0.998797 0 0.0490451
    outer loop
      vertex 28.1204 62.72 14.3972
      vertex 28.15 65.73 15
      vertex 28.1204 65.73 14.3972
    endloop
  endfacet
  facet normal -0.998797 0 0.0490451
    outer loop
      vertex 28.15 65.73 15
      vertex 28.1204 62.72 14.3972
      vertex 28.15 62.72 15
    endloop
  endfacet
  facet normal -0.970055 0 0.242886
    outer loop
      vertex 27.8852 62.72 13.2147
      vertex 28.0318 65.73 13.8002
      vertex 27.8852 65.73 13.2147
    endloop
  endfacet
  facet normal -0.970055 0 0.242886
    outer loop
      vertex 28.0318 65.73 13.8002
      vertex 27.8852 62.72 13.2147
      vertex 28.0318 62.72 13.8002
    endloop
  endfacet
  facet normal -0.857727 0 0.514106
    outer loop
      vertex 27.1135 62.72 11.5832
      vertex 27.4238 65.73 12.1009
      vertex 27.1135 65.73 11.5832
    endloop
  endfacet
  facet normal -0.857727 0 0.514106
    outer loop
      vertex 27.4238 65.73 12.1009
      vertex 27.1135 62.72 11.5832
      vertex 27.4238 62.72 12.1009
    endloop
  endfacet
  facet normal -0.427542 0 0.903995
    outer loop
      vertex 24.3535 65.73 9.31814
      vertex 24.8991 62.72 9.57618
      vertex 24.8991 65.73 9.57618
    endloop
  endfacet
  facet normal -0.427542 0 0.903995
    outer loop
      vertex 24.8991 62.72 9.57618
      vertex 24.3535 65.73 9.31814
      vertex 24.3535 62.72 9.31814
    endloop
  endfacet
  facet normal 0.857727 -0 0.514106
    outer loop
      vertex 16.5762 62.72 12.1009
      vertex 16.8865 65.73 11.5832
      vertex 16.5762 65.73 12.1009
    endloop
  endfacet
  facet normal 0.857727 0 0.514106
    outer loop
      vertex 16.8865 65.73 11.5832
      vertex 16.5762 62.72 12.1009
      vertex 16.8865 62.72 11.5832
    endloop
  endfacet
  facet normal 0.80319 -0 0.595723
    outer loop
      vertex 16.8865 62.72 11.5832
      vertex 17.246 65.73 11.0985
      vertex 16.8865 65.73 11.5832
    endloop
  endfacet
  facet normal 0.80319 0 0.595723
    outer loop
      vertex 17.246 65.73 11.0985
      vertex 16.8865 62.72 11.5832
      vertex 17.246 62.72 11.0985
    endloop
  endfacet
  facet normal 0.514106 0 -0.857727
    outer loop
      vertex 18.5832 62.72 20.1135
      vertex 19.1009 65.73 20.4238
      vertex 19.1009 62.72 20.4238
    endloop
  endfacet
  facet normal 0.514106 0 -0.857727
    outer loop
      vertex 19.1009 65.73 20.4238
      vertex 18.5832 62.72 20.1135
      vertex 18.5832 65.73 20.1135
    endloop
  endfacet
  facet normal 0.671542 0 -0.740966
    outer loop
      vertex 17.6513 62.72 19.3487
      vertex 18.0985 65.73 19.754
      vertex 18.0985 62.72 19.754
    endloop
  endfacet
  facet normal 0.671542 0 -0.740966
    outer loop
      vertex 18.0985 65.73 19.754
      vertex 17.6513 62.72 19.3487
      vertex 17.6513 65.73 19.3487
    endloop
  endfacet
  facet normal -0.336912 0 0.941536
    outer loop
      vertex 23.7853 65.73 9.11482
      vertex 24.3535 62.72 9.31814
      vertex 24.3535 65.73 9.31814
    endloop
  endfacet
  facet normal -0.336912 0 0.941536
    outer loop
      vertex 24.3535 62.72 9.31814
      vertex 23.7853 65.73 9.11482
      vertex 23.7853 62.72 9.11482
    endloop
  endfacet
  facet normal -0.0490451 0 -0.998797
    outer loop
      vertex 22 62.72 21.15
      vertex 22.6028 65.73 21.1204
      vertex 22.6028 62.72 21.1204
    endloop
  endfacet
  facet normal -0.0490451 0 -0.998797
    outer loop
      vertex 22.6028 65.73 21.1204
      vertex 22 62.72 21.15
      vertex 22 65.73 21.15
    endloop
  endfacet
  facet normal -0.242964 0 0.970035
    outer loop
      vertex 23.1998 65.73 8.96817
      vertex 23.7853 62.72 9.11482
      vertex 23.7853 65.73 9.11482
    endloop
  endfacet
  facet normal -0.242964 0 0.970035
    outer loop
      vertex 23.7853 62.72 9.11482
      vertex 23.1998 65.73 8.96817
      vertex 23.1998 62.72 8.96817
    endloop
  endfacet
  facet normal -0.970055 0 -0.242886
    outer loop
      vertex 28.0318 62.72 16.1998
      vertex 27.8852 65.73 16.7853
      vertex 28.0318 65.73 16.1998
    endloop
  endfacet
  facet normal -0.970055 -0 -0.242886
    outer loop
      vertex 27.8852 65.73 16.7853
      vertex 28.0318 62.72 16.1998
      vertex 27.8852 62.72 16.7853
    endloop
  endfacet
  facet normal 0.146801 0 -0.989166
    outer loop
      vertex 20.8002 62.72 21.0318
      vertex 21.3972 65.73 21.1204
      vertex 21.3972 62.72 21.1204
    endloop
  endfacet
  facet normal 0.146801 0 -0.989166
    outer loop
      vertex 21.3972 65.73 21.1204
      vertex 20.8002 62.72 21.0318
      vertex 20.8002 65.73 21.0318
    endloop
  endfacet
  facet normal -0.740966 0 0.671542
    outer loop
      vertex 26.3487 62.72 10.6513
      vertex 26.754 65.73 11.0985
      vertex 26.3487 65.73 10.6513
    endloop
  endfacet
  facet normal -0.740966 0 0.671542
    outer loop
      vertex 26.754 65.73 11.0985
      vertex 26.3487 62.72 10.6513
      vertex 26.754 62.72 11.0985
    endloop
  endfacet
  facet normal 0.998797 0 -0.0490451
    outer loop
      vertex 15.8796 62.72 15.6028
      vertex 15.85 65.73 15
      vertex 15.8796 65.73 15.6028
    endloop
  endfacet
  facet normal 0.998797 0 -0.0490451
    outer loop
      vertex 15.85 65.73 15
      vertex 15.8796 62.72 15.6028
      vertex 15.85 62.72 15
    endloop
  endfacet
  facet normal -0.941547 0 0.336882
    outer loop
      vertex 27.6819 62.72 12.6465
      vertex 27.8852 65.73 13.2147
      vertex 27.6819 65.73 12.6465
    endloop
  endfacet
  facet normal -0.941547 0 0.336882
    outer loop
      vertex 27.8852 65.73 13.2147
      vertex 27.6819 62.72 12.6465
      vertex 27.8852 62.72 13.2147
    endloop
  endfacet
  facet normal -0.0490616 0 0.998796
    outer loop
      vertex 22 65.73 8.85
      vertex 22.6028 62.72 8.87961
      vertex 22.6028 65.73 8.87961
    endloop
  endfacet
  facet normal -0.0490616 0 0.998796
    outer loop
      vertex 22.6028 62.72 8.87961
      vertex 22 65.73 8.85
      vertex 22 62.72 8.85
    endloop
  endfacet
  facet normal -0.671542 0 0.740966
    outer loop
      vertex 25.9015 65.73 10.246
      vertex 26.3487 62.72 10.6513
      vertex 26.3487 65.73 10.6513
    endloop
  endfacet
  facet normal -0.671542 0 0.740966
    outer loop
      vertex 26.3487 62.72 10.6513
      vertex 25.9015 65.73 10.246
      vertex 25.9015 62.72 10.246
    endloop
  endfacet
  facet normal 0.0490616 0 0.998796
    outer loop
      vertex 21.3972 65.73 8.87961
      vertex 22 62.72 8.85
      vertex 22 65.73 8.85
    endloop
  endfacet
  facet normal 0.0490616 0 0.998796
    outer loop
      vertex 22 62.72 8.85
      vertex 21.3972 65.73 8.87961
      vertex 21.3972 62.72 8.87961
    endloop
  endfacet
  facet normal -0.514106 0 -0.857727
    outer loop
      vertex 24.8991 62.72 20.4238
      vertex 25.4168 65.73 20.1135
      vertex 25.4168 62.72 20.1135
    endloop
  endfacet
  facet normal -0.514106 0 -0.857727
    outer loop
      vertex 25.4168 65.73 20.1135
      vertex 24.8991 62.72 20.4238
      vertex 24.8991 65.73 20.4238
    endloop
  endfacet
  facet normal 0.970055 0 -0.242886
    outer loop
      vertex 16.1148 62.72 16.7853
      vertex 15.9682 65.73 16.1998
      vertex 16.1148 65.73 16.7853
    endloop
  endfacet
  facet normal 0.970055 0 -0.242886
    outer loop
      vertex 15.9682 65.73 16.1998
      vertex 16.1148 62.72 16.7853
      vertex 15.9682 62.72 16.1998
    endloop
  endfacet
  facet normal 0.336912 0 0.941536
    outer loop
      vertex 19.6465 65.73 9.31814
      vertex 20.2147 62.72 9.11482
      vertex 20.2147 65.73 9.11482
    endloop
  endfacet
  facet normal 0.336912 0 0.941536
    outer loop
      vertex 20.2147 62.72 9.11482
      vertex 19.6465 65.73 9.31814
      vertex 19.6465 62.72 9.31814
    endloop
  endfacet
  facet normal 0.941547 0 -0.336882
    outer loop
      vertex 16.3181 62.72 17.3535
      vertex 16.1148 65.73 16.7853
      vertex 16.3181 65.73 17.3535
    endloop
  endfacet
  facet normal 0.941547 0 -0.336882
    outer loop
      vertex 16.1148 65.73 16.7853
      vertex 16.3181 62.72 17.3535
      vertex 16.1148 62.72 16.7853
    endloop
  endfacet
  facet normal 0.989166 -0 0.146801
    outer loop
      vertex 15.8796 62.72 14.3972
      vertex 15.9682 65.73 13.8002
      vertex 15.8796 65.73 14.3972
    endloop
  endfacet
  facet normal 0.989166 0 0.146801
    outer loop
      vertex 15.9682 65.73 13.8002
      vertex 15.8796 62.72 14.3972
      vertex 15.9682 62.72 13.8002
    endloop
  endfacet
  facet normal 0.671542 0 0.740966
    outer loop
      vertex 17.6513 65.73 10.6513
      vertex 18.0985 62.72 10.246
      vertex 18.0985 65.73 10.246
    endloop
  endfacet
  facet normal 0.671542 0 0.740966
    outer loop
      vertex 18.0985 62.72 10.246
      vertex 17.6513 65.73 10.6513
      vertex 17.6513 62.72 10.6513
    endloop
  endfacet
  facet normal 0.970055 -0 0.242886
    outer loop
      vertex 15.9682 62.72 13.8002
      vertex 16.1148 65.73 13.2147
      vertex 15.9682 65.73 13.8002
    endloop
  endfacet
  facet normal 0.970055 0 0.242886
    outer loop
      vertex 16.1148 65.73 13.2147
      vertex 15.9682 62.72 13.8002
      vertex 16.1148 62.72 13.2147
    endloop
  endfacet
  facet normal -0.427623 0 -0.903957
    outer loop
      vertex 24.3535 62.72 20.6819
      vertex 24.8991 65.73 20.4238
      vertex 24.8991 62.72 20.4238
    endloop
  endfacet
  facet normal -0.427623 0 -0.903957
    outer loop
      vertex 24.8991 65.73 20.4238
      vertex 24.3535 62.72 20.6819
      vertex 24.3535 65.73 20.6819
    endloop
  endfacet
  facet normal 0.336882 0 -0.941547
    outer loop
      vertex 19.6465 62.72 20.6819
      vertex 20.2147 65.73 20.8852
      vertex 20.2147 62.72 20.8852
    endloop
  endfacet
  facet normal 0.336882 0 -0.941547
    outer loop
      vertex 20.2147 65.73 20.8852
      vertex 19.6465 62.72 20.6819
      vertex 19.6465 65.73 20.6819
    endloop
  endfacet
  facet normal 0.242964 0 0.970035
    outer loop
      vertex 20.2147 65.73 9.11482
      vertex 20.8002 62.72 8.96817
      vertex 20.8002 65.73 8.96817
    endloop
  endfacet
  facet normal 0.242964 0 0.970035
    outer loop
      vertex 20.8002 62.72 8.96817
      vertex 20.2147 65.73 9.11482
      vertex 20.2147 62.72 9.11482
    endloop
  endfacet
  facet normal 0.740966 -0 0.671542
    outer loop
      vertex 17.246 62.72 11.0985
      vertex 17.6513 65.73 10.6513
      vertex 17.246 65.73 11.0985
    endloop
  endfacet
  facet normal 0.740966 0 0.671542
    outer loop
      vertex 17.6513 65.73 10.6513
      vertex 17.246 62.72 11.0985
      vertex 17.6513 62.72 10.6513
    endloop
  endfacet
  facet normal -0.514081 0 0.857741
    outer loop
      vertex 24.8991 65.73 9.57618
      vertex 25.4168 62.72 9.88646
      vertex 25.4168 65.73 9.88646
    endloop
  endfacet
  facet normal -0.514081 0 0.857741
    outer loop
      vertex 25.4168 62.72 9.88646
      vertex 24.8991 65.73 9.57618
      vertex 24.8991 62.72 9.57618
    endloop
  endfacet
  facet normal 0.595766 0 0.803158
    outer loop
      vertex 18.0985 65.73 10.246
      vertex 18.5832 62.72 9.88646
      vertex 18.5832 65.73 9.88646
    endloop
  endfacet
  facet normal 0.595766 0 0.803158
    outer loop
      vertex 18.5832 62.72 9.88646
      vertex 18.0985 65.73 10.246
      vertex 18.0985 62.72 10.246
    endloop
  endfacet
  facet normal -0.595766 0 0.803158
    outer loop
      vertex 25.4168 65.73 9.88646
      vertex 25.9015 62.72 10.246
      vertex 25.9015 65.73 10.246
    endloop
  endfacet
  facet normal -0.595766 0 0.803158
    outer loop
      vertex 25.9015 62.72 10.246
      vertex 25.4168 65.73 9.88646
      vertex 25.4168 62.72 9.88646
    endloop
  endfacet
  facet normal -0.146801 0 -0.989166
    outer loop
      vertex 22.6028 62.72 21.1204
      vertex 23.1998 65.73 21.0318
      vertex 23.1998 62.72 21.0318
    endloop
  endfacet
  facet normal -0.146801 0 -0.989166
    outer loop
      vertex 23.1998 65.73 21.0318
      vertex 22.6028 62.72 21.1204
      vertex 22.6028 65.73 21.1204
    endloop
  endfacet
  facet normal -0.941547 0 -0.336882
    outer loop
      vertex 27.8852 62.72 16.7853
      vertex 27.6819 65.73 17.3535
      vertex 27.8852 65.73 16.7853
    endloop
  endfacet
  facet normal -0.941547 -0 -0.336882
    outer loop
      vertex 27.6819 65.73 17.3535
      vertex 27.8852 62.72 16.7853
      vertex 27.6819 62.72 17.3535
    endloop
  endfacet
  facet normal -0.740966 0 -0.671542
    outer loop
      vertex 26.754 62.72 18.9015
      vertex 26.3487 65.73 19.3487
      vertex 26.754 65.73 18.9015
    endloop
  endfacet
  facet normal -0.740966 -0 -0.671542
    outer loop
      vertex 26.3487 65.73 19.3487
      vertex 26.754 62.72 18.9015
      vertex 26.3487 62.72 19.3487
    endloop
  endfacet
  facet normal -0.80319 0 -0.595723
    outer loop
      vertex 27.1135 62.72 18.4168
      vertex 26.754 65.73 18.9015
      vertex 27.1135 65.73 18.4168
    endloop
  endfacet
  facet normal -0.80319 -0 -0.595723
    outer loop
      vertex 26.754 65.73 18.9015
      vertex 27.1135 62.72 18.4168
      vertex 26.754 62.72 18.9015
    endloop
  endfacet
  facet normal 0.514081 0 0.857741
    outer loop
      vertex 18.5832 65.73 9.88646
      vertex 19.1009 62.72 9.57618
      vertex 19.1009 65.73 9.57618
    endloop
  endfacet
  facet normal 0.514081 0 0.857741
    outer loop
      vertex 19.1009 62.72 9.57618
      vertex 18.5832 65.73 9.88646
      vertex 18.5832 62.72 9.88646
    endloop
  endfacet
  facet normal 0.427542 0 0.903995
    outer loop
      vertex 19.1009 65.73 9.57618
      vertex 19.6465 62.72 9.31814
      vertex 19.6465 65.73 9.31814
    endloop
  endfacet
  facet normal 0.427542 0 0.903995
    outer loop
      vertex 19.6465 62.72 9.31814
      vertex 19.1009 65.73 9.57618
      vertex 19.1009 62.72 9.57618
    endloop
  endfacet
  facet normal -0.903957 0 0.427623
    outer loop
      vertex 27.4238 62.72 12.1009
      vertex 27.6819 65.73 12.6465
      vertex 27.4238 65.73 12.1009
    endloop
  endfacet
  facet normal -0.903957 0 0.427623
    outer loop
      vertex 27.6819 65.73 12.6465
      vertex 27.4238 62.72 12.1009
      vertex 27.6819 62.72 12.6465
    endloop
  endfacet
  facet normal 0.857727 0 -0.514106
    outer loop
      vertex 16.8865 62.72 18.4168
      vertex 16.5762 65.73 17.8991
      vertex 16.8865 65.73 18.4168
    endloop
  endfacet
  facet normal 0.857727 0 -0.514106
    outer loop
      vertex 16.5762 65.73 17.8991
      vertex 16.8865 62.72 18.4168
      vertex 16.5762 62.72 17.8991
    endloop
  endfacet
  facet normal 0.242886 0 -0.970055
    outer loop
      vertex 20.2147 62.72 20.8852
      vertex 20.8002 65.73 21.0318
      vertex 20.8002 62.72 21.0318
    endloop
  endfacet
  facet normal 0.242886 0 -0.970055
    outer loop
      vertex 20.8002 65.73 21.0318
      vertex 20.2147 62.72 20.8852
      vertex 20.2147 65.73 20.8852
    endloop
  endfacet
  facet normal -0.989166 0 -0.146801
    outer loop
      vertex 28.1204 62.72 15.6028
      vertex 28.0318 65.73 16.1998
      vertex 28.1204 65.73 15.6028
    endloop
  endfacet
  facet normal -0.989166 -0 -0.146801
    outer loop
      vertex 28.0318 65.73 16.1998
      vertex 28.1204 62.72 15.6028
      vertex 28.0318 62.72 16.1998
    endloop
  endfacet
  facet normal 0.80319 0 -0.595723
    outer loop
      vertex 17.246 62.72 18.9015
      vertex 16.8865 65.73 18.4168
      vertex 17.246 65.73 18.9015
    endloop
  endfacet
  facet normal 0.80319 0 -0.595723
    outer loop
      vertex 16.8865 65.73 18.4168
      vertex 17.246 62.72 18.9015
      vertex 16.8865 62.72 18.4168
    endloop
  endfacet
  facet normal -0.80319 0 0.595723
    outer loop
      vertex 26.754 62.72 11.0985
      vertex 27.1135 65.73 11.5832
      vertex 26.754 65.73 11.0985
    endloop
  endfacet
  facet normal -0.80319 0 0.595723
    outer loop
      vertex 27.1135 65.73 11.5832
      vertex 26.754 62.72 11.0985
      vertex 27.1135 62.72 11.5832
    endloop
  endfacet
  facet normal 0.903957 0 -0.427623
    outer loop
      vertex 16.5762 62.72 17.8991
      vertex 16.3181 65.73 17.3535
      vertex 16.5762 65.73 17.8991
    endloop
  endfacet
  facet normal 0.903957 0 -0.427623
    outer loop
      vertex 16.3181 65.73 17.3535
      vertex 16.5762 62.72 17.8991
      vertex 16.3181 62.72 17.3535
    endloop
  endfacet
  facet normal -0.146736 0 0.989176
    outer loop
      vertex 22.6028 65.73 8.87961
      vertex 23.1998 62.72 8.96817
      vertex 23.1998 65.73 8.96817
    endloop
  endfacet
  facet normal -0.146736 0 0.989176
    outer loop
      vertex 23.1998 62.72 8.96817
      vertex 22.6028 65.73 8.87961
      vertex 22.6028 62.72 8.87961
    endloop
  endfacet
  facet normal 0.427623 0 -0.903957
    outer loop
      vertex 19.1009 62.72 20.4238
      vertex 19.6465 65.73 20.6819
      vertex 19.6465 62.72 20.6819
    endloop
  endfacet
  facet normal 0.427623 0 -0.903957
    outer loop
      vertex 19.6465 65.73 20.6819
      vertex 19.1009 62.72 20.4238
      vertex 19.1009 65.73 20.4238
    endloop
  endfacet
  facet normal -0.595723 0 -0.80319
    outer loop
      vertex 25.4168 62.72 20.1135
      vertex 25.9015 65.73 19.754
      vertex 25.9015 62.72 19.754
    endloop
  endfacet
  facet normal -0.595723 0 -0.80319
    outer loop
      vertex 25.9015 65.73 19.754
      vertex 25.4168 62.72 20.1135
      vertex 25.4168 65.73 20.1135
    endloop
  endfacet
  facet normal -0.998797 0 -0.0490451
    outer loop
      vertex 28.15 62.72 15
      vertex 28.1204 65.73 15.6028
      vertex 28.15 65.73 15
    endloop
  endfacet
  facet normal -0.998797 -0 -0.0490451
    outer loop
      vertex 28.1204 65.73 15.6028
      vertex 28.15 62.72 15
      vertex 28.1204 62.72 15.6028
    endloop
  endfacet
  facet normal 0.146736 0 0.989176
    outer loop
      vertex 20.8002 65.73 8.96817
      vertex 21.3972 62.72 8.87961
      vertex 21.3972 65.73 8.87961
    endloop
  endfacet
  facet normal 0.146736 0 0.989176
    outer loop
      vertex 21.3972 62.72 8.87961
      vertex 20.8002 65.73 8.96817
      vertex 20.8002 62.72 8.96817
    endloop
  endfacet
  facet normal 0.989166 0 -0.146801
    outer loop
      vertex 15.9682 62.72 16.1998
      vertex 15.8796 65.73 15.6028
      vertex 15.9682 65.73 16.1998
    endloop
  endfacet
  facet normal 0.989166 0 -0.146801
    outer loop
      vertex 15.8796 65.73 15.6028
      vertex 15.9682 62.72 16.1998
      vertex 15.8796 62.72 15.6028
    endloop
  endfacet
  facet normal -0.336882 0 -0.941547
    outer loop
      vertex 23.7853 62.72 20.8852
      vertex 24.3535 65.73 20.6819
      vertex 24.3535 62.72 20.6819
    endloop
  endfacet
  facet normal -0.336882 0 -0.941547
    outer loop
      vertex 24.3535 65.73 20.6819
      vertex 23.7853 62.72 20.8852
      vertex 23.7853 65.73 20.8852
    endloop
  endfacet
  facet normal -0.242886 0 -0.970055
    outer loop
      vertex 23.1998 62.72 21.0318
      vertex 23.7853 65.73 20.8852
      vertex 23.7853 62.72 20.8852
    endloop
  endfacet
  facet normal -0.242886 0 -0.970055
    outer loop
      vertex 23.7853 65.73 20.8852
      vertex 23.1998 62.72 21.0318
      vertex 23.1998 65.73 21.0318
    endloop
  endfacet
  facet normal 0.740966 0 -0.671542
    outer loop
      vertex 17.6513 62.72 19.3487
      vertex 17.246 65.73 18.9015
      vertex 17.6513 65.73 19.3487
    endloop
  endfacet
  facet normal 0.740966 0 -0.671542
    outer loop
      vertex 17.246 65.73 18.9015
      vertex 17.6513 62.72 19.3487
      vertex 17.246 62.72 18.9015
    endloop
  endfacet
  facet normal 0.903957 -0 0.427623
    outer loop
      vertex 16.3181 62.72 12.6465
      vertex 16.5762 65.73 12.1009
      vertex 16.3181 65.73 12.6465
    endloop
  endfacet
  facet normal 0.903957 0 0.427623
    outer loop
      vertex 16.5762 65.73 12.1009
      vertex 16.3181 62.72 12.6465
      vertex 16.5762 62.72 12.1009
    endloop
  endfacet
  facet normal 0.595723 0 -0.80319
    outer loop
      vertex 18.0985 62.72 19.754
      vertex 18.5832 65.73 20.1135
      vertex 18.5832 62.72 20.1135
    endloop
  endfacet
  facet normal 0.595723 0 -0.80319
    outer loop
      vertex 18.5832 65.73 20.1135
      vertex 18.0985 62.72 19.754
      vertex 18.0985 65.73 19.754
    endloop
  endfacet
  facet normal -0.903957 0 -0.427623
    outer loop
      vertex 27.6819 62.72 17.3535
      vertex 27.4238 65.73 17.8991
      vertex 27.6819 65.73 17.3535
    endloop
  endfacet
  facet normal -0.903957 -0 -0.427623
    outer loop
      vertex 27.4238 65.73 17.8991
      vertex 27.6819 62.72 17.3535
      vertex 27.4238 62.72 17.8991
    endloop
  endfacet
  facet normal -0.857727 0 -0.514106
    outer loop
      vertex 27.4238 62.72 17.8991
      vertex 27.1135 65.73 18.4168
      vertex 27.4238 65.73 17.8991
    endloop
  endfacet
  facet normal -0.857727 -0 -0.514106
    outer loop
      vertex 27.1135 65.73 18.4168
      vertex 27.4238 62.72 17.8991
      vertex 27.1135 62.72 18.4168
    endloop
  endfacet
  facet normal 0.0490451 0 -0.998797
    outer loop
      vertex 21.3972 62.72 21.1204
      vertex 22 65.73 21.15
      vertex 22 62.72 21.15
    endloop
  endfacet
  facet normal 0.0490451 0 -0.998797
    outer loop
      vertex 22 65.73 21.15
      vertex 21.3972 62.72 21.1204
      vertex 21.3972 65.73 21.1204
    endloop
  endfacet
  facet normal 0.998797 -0 0.0490451
    outer loop
      vertex 15.85 62.72 15
      vertex 15.8796 65.73 14.3972
      vertex 15.85 65.73 15
    endloop
  endfacet
  facet normal 0.998797 0 0.0490451
    outer loop
      vertex 15.8796 65.73 14.3972
      vertex 15.85 62.72 15
      vertex 15.8796 62.72 14.3972
    endloop
  endfacet
  facet normal -0.671542 0 -0.740966
    outer loop
      vertex 25.9015 62.72 19.754
      vertex 26.3487 65.73 19.3487
      vertex 26.3487 62.72 19.3487
    endloop
  endfacet
  facet normal -0.671542 0 -0.740966
    outer loop
      vertex 26.3487 65.73 19.3487
      vertex 25.9015 62.72 19.754
      vertex 25.9015 65.73 19.754
    endloop
  endfacet
  facet normal 0.998794 0 -0.0490967
    outer loop
      vertex -32.947 59.33 16.0782
      vertex -33 62.72 15
      vertex -32.947 62.72 16.0782
    endloop
  endfacet
  facet normal 0.998794 0 -0.0490967
    outer loop
      vertex -33 62.72 15
      vertex -32.947 59.33 16.0782
      vertex -33 59.33 15
    endloop
  endfacet
  facet normal -0.989176 0 0.146737
    outer loop
      vertex -11.2114 59.33 12.854
      vertex -11.053 62.72 13.9218
      vertex -11.2114 62.72 12.854
    endloop
  endfacet
  facet normal -0.989176 0 0.146737
    outer loop
      vertex -11.053 62.72 13.9218
      vertex -11.2114 59.33 12.854
      vertex -11.053 59.33 13.9218
    endloop
  endfacet
  facet normal -0.998794 0 0.0490967
    outer loop
      vertex -11.053 59.33 13.9218
      vertex -11 62.72 15
      vertex -11.053 62.72 13.9218
    endloop
  endfacet
  facet normal -0.998794 0 0.0490967
    outer loop
      vertex -11 62.72 15
      vertex -11.053 59.33 13.9218
      vertex -11 59.33 15
    endloop
  endfacet
  facet normal -0.970028 0 0.242993
    outer loop
      vertex -11.4737 59.33 11.8069
      vertex -11.2114 62.72 12.854
      vertex -11.4737 62.72 11.8069
    endloop
  endfacet
  facet normal -0.970028 0 0.242993
    outer loop
      vertex -11.2114 62.72 12.854
      vertex -11.4737 59.33 11.8069
      vertex -11.2114 59.33 12.854
    endloop
  endfacet
  facet normal -0.595752 0 -0.803168
    outer loop
      vertex -15.8887 59.33 24.1462
      vertex -15.0217 62.72 23.5031
      vertex -15.0217 59.33 23.5031
    endloop
  endfacet
  facet normal -0.595752 0 -0.803168
    outer loop
      vertex -15.0217 62.72 23.5031
      vertex -15.8887 59.33 24.1462
      vertex -15.8887 62.72 24.1462
    endloop
  endfacet
  facet normal 0.74097 -0 0.671538
    outer loop
      vertex -30.5031 59.33 8.02167
      vertex -29.7782 62.72 7.22182
      vertex -30.5031 62.72 8.02167
    endloop
  endfacet
  facet normal 0.74097 0 0.671538
    outer loop
      vertex -29.7782 62.72 7.22182
      vertex -30.5031 59.33 8.02167
      vertex -29.7782 59.33 7.22182
    endloop
  endfacet
  facet normal -0.336829 0 -0.941566
    outer loop
      vertex -18.8069 59.33 25.5263
      vertex -17.7905 62.72 25.1627
      vertex -17.7905 59.33 25.1627
    endloop
  endfacet
  facet normal -0.336829 0 -0.941566
    outer loop
      vertex -17.7905 62.72 25.1627
      vertex -18.8069 59.33 25.5263
      vertex -18.8069 62.72 25.5263
    endloop
  endfacet
  facet normal 0.941566 0 -0.336829
    outer loop
      vertex -32.1627 59.33 19.2095
      vertex -32.5263 62.72 18.1931
      vertex -32.1627 62.72 19.2095
    endloop
  endfacet
  facet normal 0.941566 0 -0.336829
    outer loop
      vertex -32.5263 62.72 18.1931
      vertex -32.1627 59.33 19.2095
      vertex -32.5263 59.33 18.1931
    endloop
  endfacet
  facet normal 0.857754 0 -0.51406
    outer loop
      vertex -31.1462 59.33 21.1113
      vertex -31.7011 62.72 20.1854
      vertex -31.1462 62.72 21.1113
    endloop
  endfacet
  facet normal 0.857754 0 -0.51406
    outer loop
      vertex -31.7011 62.72 20.1854
      vertex -31.1462 59.33 21.1113
      vertex -31.7011 59.33 20.1854
    endloop
  endfacet
  facet normal 0.970028 -0 0.242993
    outer loop
      vertex -32.7886 59.33 12.854
      vertex -32.5263 62.72 11.8069
      vertex -32.7886 62.72 12.854
    endloop
  endfacet
  facet normal 0.970028 0 0.242993
    outer loop
      vertex -32.5263 62.72 11.8069
      vertex -32.7886 59.33 12.854
      vertex -32.5263 59.33 11.8069
    endloop
  endfacet
  facet normal 0.803168 0 -0.595752
    outer loop
      vertex -30.5031 59.33 21.9783
      vertex -31.1462 62.72 21.1113
      vertex -30.5031 62.72 21.9783
    endloop
  endfacet
  facet normal 0.803168 0 -0.595752
    outer loop
      vertex -31.1462 62.72 21.1113
      vertex -30.5031 59.33 21.9783
      vertex -31.1462 59.33 21.1113
    endloop
  endfacet
  facet normal 0.671535 0 0.740973
    outer loop
      vertex -29.7782 62.72 7.22182
      vertex -28.9783 59.33 6.49688
      vertex -28.9783 62.72 6.49688
    endloop
  endfacet
  facet normal 0.671535 0 0.740973
    outer loop
      vertex -28.9783 59.33 6.49688
      vertex -29.7782 62.72 7.22182
      vertex -29.7782 59.33 7.22182
    endloop
  endfacet
  facet normal 0.989176 -0 0.146737
    outer loop
      vertex -32.947 59.33 13.9218
      vertex -32.7886 62.72 12.854
      vertex -32.947 62.72 13.9218
    endloop
  endfacet
  facet normal 0.989176 0 0.146737
    outer loop
      vertex -32.7886 62.72 12.854
      vertex -32.947 59.33 13.9218
      vertex -32.7886 59.33 12.854
    endloop
  endfacet
  facet normal 0.941566 -0 0.336829
    outer loop
      vertex -32.5263 59.33 11.8069
      vertex -32.1627 62.72 10.7905
      vertex -32.5263 62.72 11.8069
    endloop
  endfacet
  facet normal 0.941566 0 0.336829
    outer loop
      vertex -32.1627 62.72 10.7905
      vertex -32.5263 59.33 11.8069
      vertex -32.1627 59.33 10.7905
    endloop
  endfacet
  facet normal 0.803188 -0 0.595726
    outer loop
      vertex -31.1462 59.33 8.88873
      vertex -30.5031 62.72 8.02167
      vertex -31.1462 62.72 8.88873
    endloop
  endfacet
  facet normal 0.803188 0 0.595726
    outer loop
      vertex -30.5031 62.72 8.02167
      vertex -31.1462 59.33 8.88873
      vertex -30.5031 59.33 8.02167
    endloop
  endfacet
  facet normal -0.514101 0 0.85773
    outer loop
      vertex -16.8146 62.72 5.29887
      vertex -15.8887 59.33 5.85383
      vertex -15.8887 62.72 5.85383
    endloop
  endfacet
  facet normal -0.514101 0 0.85773
    outer loop
      vertex -15.8887 59.33 5.85383
      vertex -16.8146 62.72 5.29887
      vertex -16.8146 59.33 5.29887
    endloop
  endfacet
  facet normal -0.146737 0 -0.989176
    outer loop
      vertex -20.9218 59.33 25.947
      vertex -19.854 62.72 25.7886
      vertex -19.854 59.33 25.7886
    endloop
  endfacet
  facet normal -0.146737 0 -0.989176
    outer loop
      vertex -19.854 62.72 25.7886
      vertex -20.9218 59.33 25.947
      vertex -20.9218 62.72 25.947
    endloop
  endfacet
  facet normal -0.74097 0 0.671538
    outer loop
      vertex -14.2218 59.33 7.22182
      vertex -13.4969 62.72 8.02167
      vertex -14.2218 62.72 7.22182
    endloop
  endfacet
  facet normal -0.74097 0 0.671538
    outer loop
      vertex -13.4969 62.72 8.02167
      vertex -14.2218 59.33 7.22182
      vertex -13.4969 59.33 8.02167
    endloop
  endfacet
  facet normal -0.989176 0 -0.146737
    outer loop
      vertex -11.053 59.33 16.0782
      vertex -11.2114 62.72 17.146
      vertex -11.053 62.72 16.0782
    endloop
  endfacet
  facet normal -0.989176 -0 -0.146737
    outer loop
      vertex -11.2114 62.72 17.146
      vertex -11.053 59.33 16.0782
      vertex -11.2114 59.33 17.146
    endloop
  endfacet
  facet normal 0.049069 0 0.998795
    outer loop
      vertex -23.0782 62.72 4.05297
      vertex -22 59.33 4
      vertex -22 62.72 4
    endloop
  endfacet
  facet normal 0.049069 0 0.998795
    outer loop
      vertex -22 59.33 4
      vertex -23.0782 62.72 4.05297
      vertex -23.0782 59.33 4.05297
    endloop
  endfacet
  facet normal 0.903977 0 -0.427581
    outer loop
      vertex -31.7011 59.33 20.1854
      vertex -32.1627 62.72 19.2095
      vertex -31.7011 62.72 20.1854
    endloop
  endfacet
  facet normal 0.903977 0 -0.427581
    outer loop
      vertex -32.1627 62.72 19.2095
      vertex -31.7011 59.33 20.1854
      vertex -32.1627 59.33 19.2095
    endloop
  endfacet
  facet normal -0.803188 0 0.595726
    outer loop
      vertex -13.4969 59.33 8.02167
      vertex -12.8538 62.72 8.88873
      vertex -13.4969 62.72 8.02167
    endloop
  endfacet
  facet normal -0.803188 0 0.595726
    outer loop
      vertex -12.8538 62.72 8.88873
      vertex -13.4969 59.33 8.02167
      vertex -12.8538 59.33 8.88873
    endloop
  endfacet
  facet normal -0.970028 0 -0.242993
    outer loop
      vertex -11.2114 59.33 17.146
      vertex -11.4737 62.72 18.1931
      vertex -11.2114 62.72 17.146
    endloop
  endfacet
  facet normal -0.970028 -0 -0.242993
    outer loop
      vertex -11.4737 62.72 18.1931
      vertex -11.2114 59.33 17.146
      vertex -11.4737 59.33 18.1931
    endloop
  endfacet
  facet normal 0 -1 0
    outer loop
      vertex -22 62.72 21.15
      vertex -22 62.72 26
      vertex -23.0782 62.72 25.947
    endloop
  endfacet
  facet normal 0 -1 0
    outer loop
      vertex -22.6028 62.72 21.1204
      vertex -23.0782 62.72 25.947
      vertex -24.146 62.72 25.7886
    endloop
  endfacet
  facet normal 0 -1 0
    outer loop
      vertex -22 62.72 26
      vertex -22 62.72 21.15
      vertex -20.9218 62.72 25.947
    endloop
  endfacet
  facet normal 0 -1 0
    outer loop
      vertex -23.1998 62.72 21.0318
      vertex -24.146 62.72 25.7886
      vertex -25.1931 62.72 25.5263
    endloop
  endfacet
  facet normal 0 -1 0
    outer loop
      vertex -21.3972 62.72 21.1204
      vertex -20.9218 62.72 25.947
      vertex -22 62.72 21.15
    endloop
  endfacet
  facet normal 0 -1 0
    outer loop
      vertex -23.7853 62.72 20.8852
      vertex -25.1931 62.72 25.5263
      vertex -26.2095 62.72 25.1627
    endloop
  endfacet
  facet normal 0 -1 -0
    outer loop
      vertex -20.9218 62.72 25.947
      vertex -21.3972 62.72 21.1204
      vertex -19.854 62.72 25.7886
    endloop
  endfacet
  facet normal 0 -1 0
    outer loop
      vertex -24.3535 62.72 20.6819
      vertex -26.2095 62.72 25.1627
      vertex -27.1854 62.72 24.7011
    endloop
  endfacet
  facet normal 0 -1 0
    outer loop
      vertex -20.8002 62.72 21.0318
      vertex -19.854 62.72 25.7886
      vertex -21.3972 62.72 21.1204
    endloop
  endfacet
  facet normal 0 -1 0
    outer loop
      vertex -24.8991 62.72 20.4238
      vertex -27.1854 62.72 24.7011
      vertex -28.1113 62.72 24.1462
    endloop
  endfacet
  facet normal 0 -1 -0
    outer loop
      vertex -19.854 62.72 25.7886
      vertex -20.8002 62.72 21.0318
      vertex -18.8069 62.72 25.5263
    endloop
  endfacet
  facet normal 0 -1 0
    outer loop
      vertex -25.4168 62.72 20.1135
      vertex -28.1113 62.72 24.1462
      vertex -28.9783 62.72 23.5031
    endloop
  endfacet
  facet normal 0 -1 0
    outer loop
      vertex -20.2147 62.72 20.8852
      vertex -18.8069 62.72 25.5263
      vertex -20.8002 62.72 21.0318
    endloop
  endfacet
  facet normal 0 -1 0
    outer loop
      vertex -25.9015 62.72 19.754
      vertex -28.9783 62.72 23.5031
      vertex -29.7782 62.72 22.7782
    endloop
  endfacet
  facet normal 0 -1 -0
    outer loop
      vertex -18.8069 62.72 25.5263
      vertex -20.2147 62.72 20.8852
      vertex -17.7905 62.72 25.1627
    endloop
  endfacet
  facet normal 0 -1 0
    outer loop
      vertex -26.3487 62.72 19.3487
      vertex -29.7782 62.72 22.7782
      vertex -30.5031 62.72 21.9783
    endloop
  endfacet
  facet normal 0 -1 0
    outer loop
      vertex -19.6465 62.72 20.6819
      vertex -17.7905 62.72 25.1627
      vertex -20.2147 62.72 20.8852
    endloop
  endfacet
  facet normal 0 -1 -0
    outer loop
      vertex -17.7905 62.72 25.1627
      vertex -19.6465 62.72 20.6819
      vertex -16.8146 62.72 24.7011
    endloop
  endfacet
  facet normal 0 -1 0
    outer loop
      vertex -23.0782 62.72 25.947
      vertex -22.6028 62.72 21.1204
      vertex -22 62.72 21.15
    endloop
  endfacet
  facet normal 0 -1 0
    outer loop
      vertex -26.754 62.72 18.9015
      vertex -30.5031 62.72 21.9783
      vertex -31.1462 62.72 21.1113
    endloop
  endfacet
  facet normal 0 -1 0
    outer loop
      vertex -24.146 62.72 25.7886
      vertex -23.1998 62.72 21.0318
      vertex -22.6028 62.72 21.1204
    endloop
  endfacet
  facet normal 0 -1 0
    outer loop
      vertex -25.1931 62.72 25.5263
      vertex -23.7853 62.72 20.8852
      vertex -23.1998 62.72 21.0318
    endloop
  endfacet
  facet normal 0 -1 0
    outer loop
      vertex -26.2095 62.72 25.1627
      vertex -24.3535 62.72 20.6819
      vertex -23.7853 62.72 20.8852
    endloop
  endfacet
  facet normal 0 -1 0
    outer loop
      vertex -27.1854 62.72 24.7011
      vertex -24.8991 62.72 20.4238
      vertex -24.3535 62.72 20.6819
    endloop
  endfacet
  facet normal 0 -1 0
    outer loop
      vertex -27.1135 62.72 18.4168
      vertex -31.1462 62.72 21.1113
      vertex -31.7011 62.72 20.1854
    endloop
  endfacet
  facet normal 0 -1 0
    outer loop
      vertex -28.1113 62.72 24.1462
      vertex -25.4168 62.72 20.1135
      vertex -24.8991 62.72 20.4238
    endloop
  endfacet
  facet normal 0 -1 0
    outer loop
      vertex -28.9783 62.72 23.5031
      vertex -25.9015 62.72 19.754
      vertex -25.4168 62.72 20.1135
    endloop
  endfacet
  facet normal 0 -1 0
    outer loop
      vertex -29.7782 62.72 22.7782
      vertex -26.3487 62.72 19.3487
      vertex -25.9015 62.72 19.754
    endloop
  endfacet
  facet normal 0 -1 0
    outer loop
      vertex -27.4238 62.72 17.8991
      vertex -31.7011 62.72 20.1854
      vertex -32.1627 62.72 19.2095
    endloop
  endfacet
  facet normal 0 -1 0
    outer loop
      vertex -30.5031 62.72 21.9783
      vertex -26.754 62.72 18.9015
      vertex -26.3487 62.72 19.3487
    endloop
  endfacet
  facet normal 0 -1 0
    outer loop
      vertex -31.1462 62.72 21.1113
      vertex -27.1135 62.72 18.4168
      vertex -26.754 62.72 18.9015
    endloop
  endfacet
  facet normal 0 -1 0
    outer loop
      vertex -27.6819 62.72 17.3535
      vertex -32.1627 62.72 19.2095
      vertex -32.5263 62.72 18.1931
    endloop
  endfacet
  facet normal 0 -1 0
    outer loop
      vertex -31.7011 62.72 20.1854
      vertex -27.4238 62.72 17.8991
      vertex -27.1135 62.72 18.4168
    endloop
  endfacet
  facet normal 0 -1 0
    outer loop
      vertex -32.1627 62.72 19.2095
      vertex -27.6819 62.72 17.3535
      vertex -27.4238 62.72 17.8991
    endloop
  endfacet
  facet normal 0 -1 0
    outer loop
      vertex -27.8852 62.72 16.7853
      vertex -32.5263 62.72 18.1931
      vertex -32.7886 62.72 17.146
    endloop
  endfacet
  facet normal 0 -1 0
    outer loop
      vertex -32.5263 62.72 18.1931
      vertex -27.8852 62.72 16.7853
      vertex -27.6819 62.72 17.3535
    endloop
  endfacet
  facet normal 0 -1 0
    outer loop
      vertex -32.7886 62.72 17.146
      vertex -28.0318 62.72 16.1998
      vertex -27.8852 62.72 16.7853
    endloop
  endfacet
  facet normal 0 -1 0
    outer loop
      vertex -32.947 62.72 16.0782
      vertex -28.0318 62.72 16.1998
      vertex -32.7886 62.72 17.146
    endloop
  endfacet
  facet normal 0 -1 0
    outer loop
      vertex -32.947 62.72 16.0782
      vertex -28.1204 62.72 15.6028
      vertex -28.0318 62.72 16.1998
    endloop
  endfacet
  facet normal 0 -1 0
    outer loop
      vertex -33 62.72 15
      vertex -28.1204 62.72 15.6028
      vertex -32.947 62.72 16.0782
    endloop
  endfacet
  facet normal 0 -1 0
    outer loop
      vertex -33 62.72 15
      vertex -28.15 62.72 15
      vertex -28.1204 62.72 15.6028
    endloop
  endfacet
  facet normal 0 -1 0
    outer loop
      vertex -33 62.72 15
      vertex -28.1204 62.72 14.3972
      vertex -28.15 62.72 15
    endloop
  endfacet
  facet normal 0 -1 0
    outer loop
      vertex -32.947 62.72 13.9218
      vertex -28.1204 62.72 14.3972
      vertex -33 62.72 15
    endloop
  endfacet
  facet normal 0 -1 0
    outer loop
      vertex -32.947 62.72 13.9218
      vertex -28.0318 62.72 13.8002
      vertex -28.1204 62.72 14.3972
    endloop
  endfacet
  facet normal 0 -1 0
    outer loop
      vertex -32.7886 62.72 12.854
      vertex -28.0318 62.72 13.8002
      vertex -32.947 62.72 13.9218
    endloop
  endfacet
  facet normal 0 -1 -0
    outer loop
      vertex -28.0318 62.72 13.8002
      vertex -32.7886 62.72 12.854
      vertex -27.8852 62.72 13.2147
    endloop
  endfacet
  facet normal 0 -1 0
    outer loop
      vertex -32.5263 62.72 11.8069
      vertex -27.8852 62.72 13.2147
      vertex -32.7886 62.72 12.854
    endloop
  endfacet
  facet normal 0 -1 -0
    outer loop
      vertex -27.8852 62.72 13.2147
      vertex -32.5263 62.72 11.8069
      vertex -27.6819 62.72 12.6465
    endloop
  endfacet
  facet normal 0 -1 0
    outer loop
      vertex -32.1627 62.72 10.7905
      vertex -27.6819 62.72 12.6465
      vertex -32.5263 62.72 11.8069
    endloop
  endfacet
  facet normal 0 -1 -0
    outer loop
      vertex -27.6819 62.72 12.6465
      vertex -32.1627 62.72 10.7905
      vertex -27.4238 62.72 12.1009
    endloop
  endfacet
  facet normal 0 -1 0
    outer loop
      vertex -31.7011 62.72 9.81464
      vertex -27.4238 62.72 12.1009
      vertex -32.1627 62.72 10.7905
    endloop
  endfacet
  facet normal 0 -1 -0
    outer loop
      vertex -27.4238 62.72 12.1009
      vertex -31.7011 62.72 9.81464
      vertex -27.1135 62.72 11.5832
    endloop
  endfacet
  facet normal 0 -1 0
    outer loop
      vertex -31.1462 62.72 8.88873
      vertex -27.1135 62.72 11.5832
      vertex -31.7011 62.72 9.81464
    endloop
  endfacet
  facet normal 0 -1 -0
    outer loop
      vertex -27.1135 62.72 11.5832
      vertex -31.1462 62.72 8.88873
      vertex -26.754 62.72 11.0985
    endloop
  endfacet
  facet normal 0 -1 0
    outer loop
      vertex -30.5031 62.72 8.02167
      vertex -26.754 62.72 11.0985
      vertex -31.1462 62.72 8.88873
    endloop
  endfacet
  facet normal 0 -1 -0
    outer loop
      vertex -26.754 62.72 11.0985
      vertex -30.5031 62.72 8.02167
      vertex -26.3487 62.72 10.6513
    endloop
  endfacet
  facet normal 0 -1 0
    outer loop
      vertex -29.7782 62.72 7.22182
      vertex -26.3487 62.72 10.6513
      vertex -30.5031 62.72 8.02167
    endloop
  endfacet
  facet normal 0 -1 -0
    outer loop
      vertex -26.3487 62.72 10.6513
      vertex -29.7782 62.72 7.22182
      vertex -25.9015 62.72 10.246
    endloop
  endfacet
  facet normal 0 -1 0
    outer loop
      vertex -28.9783 62.72 6.49688
      vertex -25.9015 62.72 10.246
      vertex -29.7782 62.72 7.22182
    endloop
  endfacet
  facet normal 0 -1 -0
    outer loop
      vertex -25.9015 62.72 10.246
      vertex -28.9783 62.72 6.49688
      vertex -25.4168 62.72 9.88646
    endloop
  endfacet
  facet normal 0 -1 0
    outer loop
      vertex -28.1113 62.72 5.85383
      vertex -25.4168 62.72 9.88646
      vertex -28.9783 62.72 6.49688
    endloop
  endfacet
  facet normal 0 -1 -0
    outer loop
      vertex -25.4168 62.72 9.88646
      vertex -28.1113 62.72 5.85383
      vertex -24.8991 62.72 9.57618
    endloop
  endfacet
  facet normal 0 -1 0
    outer loop
      vertex -27.1854 62.72 5.29887
      vertex -24.8991 62.72 9.57618
      vertex -28.1113 62.72 5.85383
    endloop
  endfacet
  facet normal 0 -1 -0
    outer loop
      vertex -24.8991 62.72 9.57618
      vertex -27.1854 62.72 5.29887
      vertex -24.3535 62.72 9.31814
    endloop
  endfacet
  facet normal 0 -1 0
    outer loop
      vertex -19.1009 62.72 20.4238
      vertex -16.8146 62.72 24.7011
      vertex -19.6465 62.72 20.6819
    endloop
  endfacet
  facet normal 0 -1 -0
    outer loop
      vertex -16.8146 62.72 24.7011
      vertex -19.1009 62.72 20.4238
      vertex -15.8887 62.72 24.1462
    endloop
  endfacet
  facet normal 0 -1 0
    outer loop
      vertex -18.5832 62.72 20.1135
      vertex -15.8887 62.72 24.1462
      vertex -19.1009 62.72 20.4238
    endloop
  endfacet
  facet normal 0 -1 -0
    outer loop
      vertex -15.8887 62.72 24.1462
      vertex -18.5832 62.72 20.1135
      vertex -15.0217 62.72 23.5031
    endloop
  endfacet
  facet normal 0 -1 0
    outer loop
      vertex -18.0985 62.72 19.754
      vertex -15.0217 62.72 23.5031
      vertex -18.5832 62.72 20.1135
    endloop
  endfacet
  facet normal 0 -1 -0
    outer loop
      vertex -15.0217 62.72 23.5031
      vertex -18.0985 62.72 19.754
      vertex -14.2218 62.72 22.7782
    endloop
  endfacet
  facet normal 0 -1 0
    outer loop
      vertex -17.6513 62.72 19.3487
      vertex -14.2218 62.72 22.7782
      vertex -18.0985 62.72 19.754
    endloop
  endfacet
  facet normal 0 -1 -0
    outer loop
      vertex -14.2218 62.72 22.7782
      vertex -17.6513 62.72 19.3487
      vertex -13.4969 62.72 21.9783
    endloop
  endfacet
  facet normal 0 -1 0
    outer loop
      vertex -17.246 62.72 18.9015
      vertex -13.4969 62.72 21.9783
      vertex -17.6513 62.72 19.3487
    endloop
  endfacet
  facet normal 0 -1 -0
    outer loop
      vertex -13.4969 62.72 21.9783
      vertex -17.246 62.72 18.9015
      vertex -12.8538 62.72 21.1113
    endloop
  endfacet
  facet normal 0 -1 0
    outer loop
      vertex -16.8865 62.72 18.4168
      vertex -12.8538 62.72 21.1113
      vertex -17.246 62.72 18.9015
    endloop
  endfacet
  facet normal 0 -1 -0
    outer loop
      vertex -12.8538 62.72 21.1113
      vertex -16.8865 62.72 18.4168
      vertex -12.2989 62.72 20.1854
    endloop
  endfacet
  facet normal 0 -1 0
    outer loop
      vertex -16.5762 62.72 17.8991
      vertex -12.2989 62.72 20.1854
      vertex -16.8865 62.72 18.4168
    endloop
  endfacet
  facet normal 0 -1 -0
    outer loop
      vertex -12.2989 62.72 20.1854
      vertex -16.5762 62.72 17.8991
      vertex -11.8373 62.72 19.2095
    endloop
  endfacet
  facet normal 0 -1 0
    outer loop
      vertex -16.3181 62.72 17.3535
      vertex -11.8373 62.72 19.2095
      vertex -16.5762 62.72 17.8991
    endloop
  endfacet
  facet normal 0 -1 -0
    outer loop
      vertex -11.8373 62.72 19.2095
      vertex -16.3181 62.72 17.3535
      vertex -11.4737 62.72 18.1931
    endloop
  endfacet
  facet normal 0 -1 0
    outer loop
      vertex -16.1148 62.72 16.7853
      vertex -11.4737 62.72 18.1931
      vertex -16.3181 62.72 17.3535
    endloop
  endfacet
  facet normal 0 -1 -0
    outer loop
      vertex -11.4737 62.72 18.1931
      vertex -16.1148 62.72 16.7853
      vertex -11.2114 62.72 17.146
    endloop
  endfacet
  facet normal 0 -1 0
    outer loop
      vertex -15.9682 62.72 16.1998
      vertex -11.2114 62.72 17.146
      vertex -16.1148 62.72 16.7853
    endloop
  endfacet
  facet normal 0 -1 0
    outer loop
      vertex -15.9682 62.72 16.1998
      vertex -11.053 62.72 16.0782
      vertex -11.2114 62.72 17.146
    endloop
  endfacet
  facet normal 0 -1 0
    outer loop
      vertex -15.8796 62.72 15.6028
      vertex -11.053 62.72 16.0782
      vertex -15.9682 62.72 16.1998
    endloop
  endfacet
  facet normal 0 -1 0
    outer loop
      vertex -15.85 62.72 15
      vertex -11.053 62.72 16.0782
      vertex -15.8796 62.72 15.6028
    endloop
  endfacet
  facet normal 0 -1 0
    outer loop
      vertex -15.85 62.72 15
      vertex -11 62.72 15
      vertex -11.053 62.72 16.0782
    endloop
  endfacet
  facet normal 0 -1 0
    outer loop
      vertex -15.8796 62.72 14.3972
      vertex -11 62.72 15
      vertex -15.85 62.72 15
    endloop
  endfacet
  facet normal 0 -1 0
    outer loop
      vertex -15.8796 62.72 14.3972
      vertex -11.053 62.72 13.9218
      vertex -11 62.72 15
    endloop
  endfacet
  facet normal 0 -1 0
    outer loop
      vertex -15.9682 62.72 13.8002
      vertex -11.053 62.72 13.9218
      vertex -15.8796 62.72 14.3972
    endloop
  endfacet
  facet normal 0 -1 0
    outer loop
      vertex -11.2114 62.72 12.854
      vertex -15.9682 62.72 13.8002
      vertex -16.1148 62.72 13.2147
    endloop
  endfacet
  facet normal 0 -1 0
    outer loop
      vertex -15.9682 62.72 13.8002
      vertex -11.2114 62.72 12.854
      vertex -11.053 62.72 13.9218
    endloop
  endfacet
  facet normal 0 -1 0
    outer loop
      vertex -11.4737 62.72 11.8069
      vertex -16.1148 62.72 13.2147
      vertex -16.3181 62.72 12.6465
    endloop
  endfacet
  facet normal 0 -1 0
    outer loop
      vertex -11.8373 62.72 10.7905
      vertex -16.3181 62.72 12.6465
      vertex -16.5762 62.72 12.1009
    endloop
  endfacet
  facet normal 0 -1 0
    outer loop
      vertex -16.1148 62.72 13.2147
      vertex -11.4737 62.72 11.8069
      vertex -11.2114 62.72 12.854
    endloop
  endfacet
  facet normal 0 -1 0
    outer loop
      vertex -12.2989 62.72 9.81464
      vertex -16.5762 62.72 12.1009
      vertex -16.8865 62.72 11.5832
    endloop
  endfacet
  facet normal 0 -1 0
    outer loop
      vertex -12.8538 62.72 8.88873
      vertex -16.8865 62.72 11.5832
      vertex -17.246 62.72 11.0985
    endloop
  endfacet
  facet normal 0 -1 0
    outer loop
      vertex -16.3181 62.72 12.6465
      vertex -11.8373 62.72 10.7905
      vertex -11.4737 62.72 11.8069
    endloop
  endfacet
  facet normal 0 -1 0
    outer loop
      vertex -13.4969 62.72 8.02167
      vertex -17.246 62.72 11.0985
      vertex -17.6513 62.72 10.6513
    endloop
  endfacet
  facet normal 0 -1 0
    outer loop
      vertex -14.2218 62.72 7.22182
      vertex -17.6513 62.72 10.6513
      vertex -18.0985 62.72 10.246
    endloop
  endfacet
  facet normal 0 -1 0
    outer loop
      vertex -15.0217 62.72 6.49688
      vertex -18.0985 62.72 10.246
      vertex -18.5832 62.72 9.88646
    endloop
  endfacet
  facet normal 0 -1 0
    outer loop
      vertex -16.5762 62.72 12.1009
      vertex -12.2989 62.72 9.81464
      vertex -11.8373 62.72 10.7905
    endloop
  endfacet
  facet normal 0 -1 0
    outer loop
      vertex -15.8887 62.72 5.85383
      vertex -18.5832 62.72 9.88646
      vertex -19.1009 62.72 9.57618
    endloop
  endfacet
  facet normal 0 -1 0
    outer loop
      vertex -16.8146 62.72 5.29887
      vertex -19.1009 62.72 9.57618
      vertex -19.6465 62.72 9.31814
    endloop
  endfacet
  facet normal 0 -1 0
    outer loop
      vertex -17.7905 62.72 4.83733
      vertex -19.6465 62.72 9.31814
      vertex -20.2147 62.72 9.11482
    endloop
  endfacet
  facet normal 0 -1 0
    outer loop
      vertex -18.8069 62.72 4.47366
      vertex -20.2147 62.72 9.11482
      vertex -20.8002 62.72 8.96817
    endloop
  endfacet
  facet normal 0 -1 0
    outer loop
      vertex -16.8865 62.72 11.5832
      vertex -12.8538 62.72 8.88873
      vertex -12.2989 62.72 9.81464
    endloop
  endfacet
  facet normal 0 -1 0
    outer loop
      vertex -19.854 62.72 4.21136
      vertex -20.8002 62.72 8.96817
      vertex -21.3972 62.72 8.87961
    endloop
  endfacet
  facet normal 0 -1 0
    outer loop
      vertex -20.9218 62.72 4.05297
      vertex -21.3972 62.72 8.87961
      vertex -22 62.72 8.85
    endloop
  endfacet
  facet normal 0 -1 0
    outer loop
      vertex -26.2095 62.72 4.83733
      vertex -24.3535 62.72 9.31814
      vertex -27.1854 62.72 5.29887
    endloop
  endfacet
  facet normal 0 -1 0
    outer loop
      vertex -17.246 62.72 11.0985
      vertex -13.4969 62.72 8.02167
      vertex -12.8538 62.72 8.88873
    endloop
  endfacet
  facet normal 0 -1 -0
    outer loop
      vertex -24.3535 62.72 9.31814
      vertex -26.2095 62.72 4.83733
      vertex -23.7853 62.72 9.11482
    endloop
  endfacet
  facet normal 0 -1 0
    outer loop
      vertex -17.6513 62.72 10.6513
      vertex -14.2218 62.72 7.22182
      vertex -13.4969 62.72 8.02167
    endloop
  endfacet
  facet normal 0 -1 0
    outer loop
      vertex -25.1931 62.72 4.47366
      vertex -23.7853 62.72 9.11482
      vertex -26.2095 62.72 4.83733
    endloop
  endfacet
  facet normal 0 -1 0
    outer loop
      vertex -18.0985 62.72 10.246
      vertex -15.0217 62.72 6.49688
      vertex -14.2218 62.72 7.22182
    endloop
  endfacet
  facet normal 0 -1 -0
    outer loop
      vertex -23.7853 62.72 9.11482
      vertex -25.1931 62.72 4.47366
      vertex -23.1998 62.72 8.96817
    endloop
  endfacet
  facet normal 0 -1 0
    outer loop
      vertex -18.5832 62.72 9.88646
      vertex -15.8887 62.72 5.85383
      vertex -15.0217 62.72 6.49688
    endloop
  endfacet
  facet normal 0 -1 0
    outer loop
      vertex -24.146 62.72 4.21136
      vertex -23.1998 62.72 8.96817
      vertex -25.1931 62.72 4.47366
    endloop
  endfacet
  facet normal 0 -1 0
    outer loop
      vertex -19.1009 62.72 9.57618
      vertex -16.8146 62.72 5.29887
      vertex -15.8887 62.72 5.85383
    endloop
  endfacet
  facet normal 0 -1 -0
    outer loop
      vertex -23.1998 62.72 8.96817
      vertex -24.146 62.72 4.21136
      vertex -22.6028 62.72 8.87961
    endloop
  endfacet
  facet normal 0 -1 0
    outer loop
      vertex -19.6465 62.72 9.31814
      vertex -17.7905 62.72 4.83733
      vertex -16.8146 62.72 5.29887
    endloop
  endfacet
  facet normal 0 -1 0
    outer loop
      vertex -23.0782 62.72 4.05297
      vertex -22.6028 62.72 8.87961
      vertex -24.146 62.72 4.21136
    endloop
  endfacet
  facet normal 0 -1 0
    outer loop
      vertex -20.2147 62.72 9.11482
      vertex -18.8069 62.72 4.47366
      vertex -17.7905 62.72 4.83733
    endloop
  endfacet
  facet normal 0 -1 -0
    outer loop
      vertex -22.6028 62.72 8.87961
      vertex -23.0782 62.72 4.05297
      vertex -22 62.72 8.85
    endloop
  endfacet
  facet normal 0 -1 0
    outer loop
      vertex -20.8002 62.72 8.96817
      vertex -19.854 62.72 4.21136
      vertex -18.8069 62.72 4.47366
    endloop
  endfacet
  facet normal 0 -1 0
    outer loop
      vertex -22 62.72 4
      vertex -22 62.72 8.85
      vertex -23.0782 62.72 4.05297
    endloop
  endfacet
  facet normal 0 -1 0
    outer loop
      vertex -21.3972 62.72 8.87961
      vertex -20.9218 62.72 4.05297
      vertex -19.854 62.72 4.21136
    endloop
  endfacet
  facet normal 0 -1 0
    outer loop
      vertex -22 62.72 8.85
      vertex -22 62.72 4
      vertex -20.9218 62.72 4.05297
    endloop
  endfacet
  facet normal 0.857757 -0 0.514056
    outer loop
      vertex -31.7011 59.33 9.81464
      vertex -31.1462 62.72 8.88873
      vertex -31.7011 62.72 9.81464
    endloop
  endfacet
  facet normal 0.857757 0 0.514056
    outer loop
      vertex -31.1462 62.72 8.88873
      vertex -31.7011 59.33 9.81464
      vertex -31.1462 59.33 8.88873
    endloop
  endfacet
  facet normal 0.427535 0 0.903999
    outer loop
      vertex -27.1854 62.72 5.29887
      vertex -26.2095 59.33 4.83733
      vertex -26.2095 62.72 4.83733
    endloop
  endfacet
  facet normal 0.427535 0 0.903999
    outer loop
      vertex -26.2095 59.33 4.83733
      vertex -27.1854 62.72 5.29887
      vertex -27.1854 59.33 5.29887
    endloop
  endfacet
  facet normal 0.740991 0 -0.671515
    outer loop
      vertex -29.7782 59.33 22.7782
      vertex -30.5031 62.72 21.9783
      vertex -29.7782 62.72 22.7782
    endloop
  endfacet
  facet normal 0.740991 0 -0.671515
    outer loop
      vertex -30.5031 62.72 21.9783
      vertex -29.7782 59.33 22.7782
      vertex -30.5031 59.33 21.9783
    endloop
  endfacet
  facet normal 0.242993 0 0.970028
    outer loop
      vertex -25.1931 62.72 4.47366
      vertex -24.146 59.33 4.21136
      vertex -24.146 62.72 4.21136
    endloop
  endfacet
  facet normal 0.242993 0 0.970028
    outer loop
      vertex -24.146 59.33 4.21136
      vertex -25.1931 62.72 4.47366
      vertex -25.1931 59.33 4.47366
    endloop
  endfacet
  facet normal 0.336887 0 0.941545
    outer loop
      vertex -26.2095 62.72 4.83733
      vertex -25.1931 59.33 4.47366
      vertex -25.1931 62.72 4.47366
    endloop
  endfacet
  facet normal 0.336887 0 0.941545
    outer loop
      vertex -25.1931 59.33 4.47366
      vertex -26.2095 62.72 4.83733
      vertex -26.2095 59.33 4.83733
    endloop
  endfacet
  facet normal -0.049069 0 0.998795
    outer loop
      vertex -22 62.72 4
      vertex -20.9218 59.33 4.05297
      vertex -20.9218 62.72 4.05297
    endloop
  endfacet
  facet normal -0.049069 0 0.998795
    outer loop
      vertex -20.9218 59.33 4.05297
      vertex -22 62.72 4
      vertex -22 59.33 4
    endloop
  endfacet
  facet normal -0.242993 0 -0.970028
    outer loop
      vertex -19.854 59.33 25.7886
      vertex -18.8069 62.72 25.5263
      vertex -18.8069 59.33 25.5263
    endloop
  endfacet
  facet normal -0.242993 0 -0.970028
    outer loop
      vertex -18.8069 62.72 25.5263
      vertex -19.854 59.33 25.7886
      vertex -19.854 62.72 25.7886
    endloop
  endfacet
  facet normal -0.336887 0 0.941545
    outer loop
      vertex -18.8069 62.72 4.47366
      vertex -17.7905 59.33 4.83733
      vertex -17.7905 62.72 4.83733
    endloop
  endfacet
  facet normal -0.336887 0 0.941545
    outer loop
      vertex -17.7905 59.33 4.83733
      vertex -18.8069 62.72 4.47366
      vertex -18.8069 59.33 4.47366
    endloop
  endfacet
  facet normal -0.998794 0 -0.0490967
    outer loop
      vertex -11 59.33 15
      vertex -11.053 62.72 16.0782
      vertex -11 62.72 15
    endloop
  endfacet
  facet normal -0.998794 -0 -0.0490967
    outer loop
      vertex -11.053 62.72 16.0782
      vertex -11 59.33 15
      vertex -11.053 59.33 16.0782
    endloop
  endfacet
  facet normal -0.427535 0 0.903999
    outer loop
      vertex -17.7905 62.72 4.83733
      vertex -16.8146 59.33 5.29887
      vertex -16.8146 62.72 5.29887
    endloop
  endfacet
  facet normal -0.427535 0 0.903999
    outer loop
      vertex -16.8146 59.33 5.29887
      vertex -17.7905 62.72 4.83733
      vertex -17.7905 59.33 4.83733
    endloop
  endfacet
  facet normal -0.671535 0 0.740973
    outer loop
      vertex -15.0217 62.72 6.49688
      vertex -14.2218 59.33 7.22182
      vertex -14.2218 62.72 7.22182
    endloop
  endfacet
  facet normal -0.671535 0 0.740973
    outer loop
      vertex -14.2218 59.33 7.22182
      vertex -15.0217 62.72 6.49688
      vertex -15.0217 59.33 6.49688
    endloop
  endfacet
  facet normal 0.970028 0 -0.242993
    outer loop
      vertex -32.5263 59.33 18.1931
      vertex -32.7886 62.72 17.146
      vertex -32.5263 62.72 18.1931
    endloop
  endfacet
  facet normal 0.970028 0 -0.242993
    outer loop
      vertex -32.7886 62.72 17.146
      vertex -32.5263 59.33 18.1931
      vertex -32.7886 59.33 17.146
    endloop
  endfacet
  facet normal -0.941566 0 0.336829
    outer loop
      vertex -11.8373 59.33 10.7905
      vertex -11.4737 62.72 11.8069
      vertex -11.8373 62.72 10.7905
    endloop
  endfacet
  facet normal -0.941566 0 0.336829
    outer loop
      vertex -11.4737 62.72 11.8069
      vertex -11.8373 59.33 10.7905
      vertex -11.4737 59.33 11.8069
    endloop
  endfacet
  facet normal -0.90397 0 0.427595
    outer loop
      vertex -12.2989 59.33 9.81464
      vertex -11.8373 62.72 10.7905
      vertex -12.2989 62.72 9.81464
    endloop
  endfacet
  facet normal -0.90397 0 0.427595
    outer loop
      vertex -11.8373 62.72 10.7905
      vertex -12.2989 59.33 9.81464
      vertex -11.8373 59.33 10.7905
    endloop
  endfacet
  facet normal -0.595723 0 0.80319
    outer loop
      vertex -15.8887 62.72 5.85383
      vertex -15.0217 59.33 6.49688
      vertex -15.0217 62.72 6.49688
    endloop
  endfacet
  facet normal -0.595723 0 0.80319
    outer loop
      vertex -15.0217 59.33 6.49688
      vertex -15.8887 62.72 5.85383
      vertex -15.8887 59.33 5.85383
    endloop
  endfacet
  facet normal -0.427581 0 -0.903977
    outer loop
      vertex -17.7905 59.33 25.1627
      vertex -16.8146 62.72 24.7011
      vertex -16.8146 59.33 24.7011
    endloop
  endfacet
  facet normal -0.427581 0 -0.903977
    outer loop
      vertex -16.8146 62.72 24.7011
      vertex -17.7905 59.33 25.1627
      vertex -17.7905 62.72 25.1627
    endloop
  endfacet
  facet normal 0.514101 0 0.85773
    outer loop
      vertex -28.1113 62.72 5.85383
      vertex -27.1854 59.33 5.29887
      vertex -27.1854 62.72 5.29887
    endloop
  endfacet
  facet normal 0.514101 0 0.85773
    outer loop
      vertex -27.1854 59.33 5.29887
      vertex -28.1113 62.72 5.85383
      vertex -28.1113 59.33 5.85383
    endloop
  endfacet
  facet normal 0.336829 0 -0.941566
    outer loop
      vertex -26.2095 59.33 25.1627
      vertex -25.1931 62.72 25.5263
      vertex -25.1931 59.33 25.5263
    endloop
  endfacet
  facet normal 0.336829 0 -0.941566
    outer loop
      vertex -25.1931 62.72 25.5263
      vertex -26.2095 59.33 25.1627
      vertex -26.2095 62.72 25.1627
    endloop
  endfacet
  facet normal -0.803168 0 -0.595752
    outer loop
      vertex -12.8538 59.33 21.1113
      vertex -13.4969 62.72 21.9783
      vertex -12.8538 62.72 21.1113
    endloop
  endfacet
  facet normal -0.803168 -0 -0.595752
    outer loop
      vertex -13.4969 62.72 21.9783
      vertex -12.8538 59.33 21.1113
      vertex -13.4969 59.33 21.9783
    endloop
  endfacet
  facet normal -0.242993 0 0.970028
    outer loop
      vertex -19.854 62.72 4.21136
      vertex -18.8069 59.33 4.47366
      vertex -18.8069 62.72 4.47366
    endloop
  endfacet
  facet normal -0.242993 0 0.970028
    outer loop
      vertex -18.8069 59.33 4.47366
      vertex -19.854 62.72 4.21136
      vertex -19.854 59.33 4.21136
    endloop
  endfacet
  facet normal 0.242993 0 -0.970028
    outer loop
      vertex -25.1931 59.33 25.5263
      vertex -24.146 62.72 25.7886
      vertex -24.146 59.33 25.7886
    endloop
  endfacet
  facet normal 0.242993 0 -0.970028
    outer loop
      vertex -24.146 62.72 25.7886
      vertex -25.1931 59.33 25.5263
      vertex -25.1931 62.72 25.5263
    endloop
  endfacet
  facet normal -0.857757 0 0.514056
    outer loop
      vertex -12.8538 59.33 8.88873
      vertex -12.2989 62.72 9.81464
      vertex -12.8538 62.72 8.88873
    endloop
  endfacet
  facet normal -0.857757 0 0.514056
    outer loop
      vertex -12.2989 62.72 9.81464
      vertex -12.8538 59.33 8.88873
      vertex -12.2989 59.33 9.81464
    endloop
  endfacet
  facet normal -0.146728 0 0.989177
    outer loop
      vertex -20.9218 62.72 4.05297
      vertex -19.854 59.33 4.21136
      vertex -19.854 62.72 4.21136
    endloop
  endfacet
  facet normal -0.146728 0 0.989177
    outer loop
      vertex -19.854 59.33 4.21136
      vertex -20.9218 62.72 4.05297
      vertex -20.9218 59.33 4.05297
    endloop
  endfacet
  facet normal 0.51406 0 -0.857754
    outer loop
      vertex -28.1113 59.33 24.1462
      vertex -27.1854 62.72 24.7011
      vertex -27.1854 59.33 24.7011
    endloop
  endfacet
  facet normal 0.51406 0 -0.857754
    outer loop
      vertex -27.1854 62.72 24.7011
      vertex -28.1113 59.33 24.1462
      vertex -28.1113 62.72 24.1462
    endloop
  endfacet
  facet normal 0.146728 0 0.989177
    outer loop
      vertex -24.146 62.72 4.21136
      vertex -23.0782 59.33 4.05297
      vertex -23.0782 62.72 4.05297
    endloop
  endfacet
  facet normal 0.146728 0 0.989177
    outer loop
      vertex -23.0782 59.33 4.05297
      vertex -24.146 62.72 4.21136
      vertex -24.146 59.33 4.21136
    endloop
  endfacet
  facet normal -0.0490967 0 -0.998794
    outer loop
      vertex -22 59.33 26
      vertex -20.9218 62.72 25.947
      vertex -20.9218 59.33 25.947
    endloop
  endfacet
  facet normal -0.0490967 0 -0.998794
    outer loop
      vertex -20.9218 62.72 25.947
      vertex -22 59.33 26
      vertex -22 62.72 26
    endloop
  endfacet
  facet normal -0.51406 0 -0.857754
    outer loop
      vertex -16.8146 59.33 24.7011
      vertex -15.8887 62.72 24.1462
      vertex -15.8887 59.33 24.1462
    endloop
  endfacet
  facet normal -0.51406 0 -0.857754
    outer loop
      vertex -15.8887 62.72 24.1462
      vertex -16.8146 59.33 24.7011
      vertex -16.8146 62.72 24.7011
    endloop
  endfacet
  facet normal -0.857754 0 -0.51406
    outer loop
      vertex -12.2989 59.33 20.1854
      vertex -12.8538 62.72 21.1113
      vertex -12.2989 62.72 20.1854
    endloop
  endfacet
  facet normal -0.857754 -0 -0.51406
    outer loop
      vertex -12.8538 62.72 21.1113
      vertex -12.2989 59.33 20.1854
      vertex -12.8538 59.33 21.1113
    endloop
  endfacet
  facet normal -0.740991 0 -0.671515
    outer loop
      vertex -13.4969 59.33 21.9783
      vertex -14.2218 62.72 22.7782
      vertex -13.4969 62.72 21.9783
    endloop
  endfacet
  facet normal -0.740991 -0 -0.671515
    outer loop
      vertex -14.2218 62.72 22.7782
      vertex -13.4969 59.33 21.9783
      vertex -14.2218 59.33 22.7782
    endloop
  endfacet
  facet normal 0.0490967 0 -0.998794
    outer loop
      vertex -23.0782 59.33 25.947
      vertex -22 62.72 26
      vertex -22 59.33 26
    endloop
  endfacet
  facet normal 0.0490967 0 -0.998794
    outer loop
      vertex -22 62.72 26
      vertex -23.0782 59.33 25.947
      vertex -23.0782 62.72 25.947
    endloop
  endfacet
  facet normal 0.989176 0 -0.146737
    outer loop
      vertex -32.7886 59.33 17.146
      vertex -32.947 62.72 16.0782
      vertex -32.7886 62.72 17.146
    endloop
  endfacet
  facet normal 0.989176 0 -0.146737
    outer loop
      vertex -32.947 62.72 16.0782
      vertex -32.7886 59.33 17.146
      vertex -32.947 59.33 16.0782
    endloop
  endfacet
  facet normal 0.427581 0 -0.903977
    outer loop
      vertex -27.1854 59.33 24.7011
      vertex -26.2095 62.72 25.1627
      vertex -26.2095 59.33 25.1627
    endloop
  endfacet
  facet normal 0.427581 0 -0.903977
    outer loop
      vertex -26.2095 62.72 25.1627
      vertex -27.1854 59.33 24.7011
      vertex -27.1854 62.72 24.7011
    endloop
  endfacet
  facet normal -0.941566 0 -0.336829
    outer loop
      vertex -11.4737 59.33 18.1931
      vertex -11.8373 62.72 19.2095
      vertex -11.4737 62.72 18.1931
    endloop
  endfacet
  facet normal -0.941566 -0 -0.336829
    outer loop
      vertex -11.8373 62.72 19.2095
      vertex -11.4737 59.33 18.1931
      vertex -11.8373 59.33 19.2095
    endloop
  endfacet
  facet normal 0.90397 -0 0.427595
    outer loop
      vertex -32.1627 59.33 10.7905
      vertex -31.7011 62.72 9.81464
      vertex -32.1627 62.72 10.7905
    endloop
  endfacet
  facet normal 0.90397 0 0.427595
    outer loop
      vertex -31.7011 62.72 9.81464
      vertex -32.1627 59.33 10.7905
      vertex -31.7011 59.33 9.81464
    endloop
  endfacet
  facet normal -0.903977 0 -0.427581
    outer loop
      vertex -11.8373 59.33 19.2095
      vertex -12.2989 62.72 20.1854
      vertex -11.8373 62.72 19.2095
    endloop
  endfacet
  facet normal -0.903977 -0 -0.427581
    outer loop
      vertex -12.2989 62.72 20.1854
      vertex -11.8373 59.33 19.2095
      vertex -12.2989 59.33 20.1854
    endloop
  endfacet
  facet normal 0.595723 0 0.80319
    outer loop
      vertex -28.9783 62.72 6.49688
      vertex -28.1113 59.33 5.85383
      vertex -28.1113 62.72 5.85383
    endloop
  endfacet
  facet normal 0.595723 0 0.80319
    outer loop
      vertex -28.1113 59.33 5.85383
      vertex -28.9783 62.72 6.49688
      vertex -28.9783 59.33 6.49688
    endloop
  endfacet
  facet normal -0.671515 0 -0.740991
    outer loop
      vertex -15.0217 59.33 23.5031
      vertex -14.2218 62.72 22.7782
      vertex -14.2218 59.33 22.7782
    endloop
  endfacet
  facet normal -0.671515 0 -0.740991
    outer loop
      vertex -14.2218 62.72 22.7782
      vertex -15.0217 59.33 23.5031
      vertex -15.0217 62.72 23.5031
    endloop
  endfacet
  facet normal 0.998794 -0 0.0490967
    outer loop
      vertex -33 59.33 15
      vertex -32.947 62.72 13.9218
      vertex -33 62.72 15
    endloop
  endfacet
  facet normal 0.998794 0 0.0490967
    outer loop
      vertex -32.947 62.72 13.9218
      vertex -33 59.33 15
      vertex -32.947 59.33 13.9218
    endloop
  endfacet
  facet normal 0.595752 0 -0.803168
    outer loop
      vertex -28.9783 59.33 23.5031
      vertex -28.1113 62.72 24.1462
      vertex -28.1113 59.33 24.1462
    endloop
  endfacet
  facet normal 0.595752 0 -0.803168
    outer loop
      vertex -28.1113 62.72 24.1462
      vertex -28.9783 59.33 23.5031
      vertex -28.9783 62.72 23.5031
    endloop
  endfacet
  facet normal 0.146737 0 -0.989176
    outer loop
      vertex -24.146 59.33 25.7886
      vertex -23.0782 62.72 25.947
      vertex -23.0782 59.33 25.947
    endloop
  endfacet
  facet normal 0.146737 0 -0.989176
    outer loop
      vertex -23.0782 62.72 25.947
      vertex -24.146 59.33 25.7886
      vertex -24.146 62.72 25.7886
    endloop
  endfacet
  facet normal 0.671515 0 -0.740991
    outer loop
      vertex -29.7782 59.33 22.7782
      vertex -28.9783 62.72 23.5031
      vertex -28.9783 59.33 23.5031
    endloop
  endfacet
  facet normal 0.671515 0 -0.740991
    outer loop
      vertex -28.9783 62.72 23.5031
      vertex -29.7782 59.33 22.7782
      vertex -29.7782 62.72 22.7782
    endloop
  endfacet
  facet normal -0.989176 0 0.146737
    outer loop
      vertex 32.7886 59.33 12.854
      vertex 32.947 62.72 13.9218
      vertex 32.7886 62.72 12.854
    endloop
  endfacet
  facet normal -0.989176 0 0.146737
    outer loop
      vertex 32.947 62.72 13.9218
      vertex 32.7886 59.33 12.854
      vertex 32.947 59.33 13.9218
    endloop
  endfacet
  facet normal -0.998794 0 0.0490967
    outer loop
      vertex 32.947 59.33 13.9218
      vertex 33 62.72 15
      vertex 32.947 62.72 13.9218
    endloop
  endfacet
  facet normal -0.998794 0 0.0490967
    outer loop
      vertex 33 62.72 15
      vertex 32.947 59.33 13.9218
      vertex 33 59.33 15
    endloop
  endfacet
  facet normal -0.970028 0 0.242993
    outer loop
      vertex 32.5263 59.33 11.8069
      vertex 32.7886 62.72 12.854
      vertex 32.5263 62.72 11.8069
    endloop
  endfacet
  facet normal -0.970028 0 0.242993
    outer loop
      vertex 32.7886 62.72 12.854
      vertex 32.5263 59.33 11.8069
      vertex 32.7886 59.33 12.854
    endloop
  endfacet
  facet normal -0.427535 0 0.903999
    outer loop
      vertex 26.2095 62.72 4.83733
      vertex 27.1854 59.33 5.29887
      vertex 27.1854 62.72 5.29887
    endloop
  endfacet
  facet normal -0.427535 0 0.903999
    outer loop
      vertex 27.1854 59.33 5.29887
      vertex 26.2095 62.72 4.83733
      vertex 26.2095 59.33 4.83733
    endloop
  endfacet
  facet normal 0.242993 0 0.970028
    outer loop
      vertex 18.8069 62.72 4.47366
      vertex 19.854 59.33 4.21136
      vertex 19.854 62.72 4.21136
    endloop
  endfacet
  facet normal 0.242993 0 0.970028
    outer loop
      vertex 19.854 59.33 4.21136
      vertex 18.8069 62.72 4.47366
      vertex 18.8069 59.33 4.47366
    endloop
  endfacet
  facet normal 0.146728 0 0.989177
    outer loop
      vertex 19.854 62.72 4.21136
      vertex 20.9218 59.33 4.05297
      vertex 20.9218 62.72 4.05297
    endloop
  endfacet
  facet normal 0.146728 0 0.989177
    outer loop
      vertex 20.9218 59.33 4.05297
      vertex 19.854 62.72 4.21136
      vertex 19.854 59.33 4.21136
    endloop
  endfacet
  facet normal -0.998794 0 -0.0490967
    outer loop
      vertex 33 59.33 15
      vertex 32.947 62.72 16.0782
      vertex 33 62.72 15
    endloop
  endfacet
  facet normal -0.998794 -0 -0.0490967
    outer loop
      vertex 32.947 62.72 16.0782
      vertex 33 59.33 15
      vertex 32.947 59.33 16.0782
    endloop
  endfacet
  facet normal 0.336829 0 -0.941566
    outer loop
      vertex 17.7905 59.33 25.1627
      vertex 18.8069 62.72 25.5263
      vertex 18.8069 59.33 25.5263
    endloop
  endfacet
  facet normal 0.336829 0 -0.941566
    outer loop
      vertex 18.8069 62.72 25.5263
      vertex 17.7905 59.33 25.1627
      vertex 17.7905 62.72 25.1627
    endloop
  endfacet
  facet normal -0.803168 0 -0.595752
    outer loop
      vertex 31.1462 59.33 21.1113
      vertex 30.5031 62.72 21.9783
      vertex 31.1462 62.72 21.1113
    endloop
  endfacet
  facet normal -0.803168 -0 -0.595752
    outer loop
      vertex 30.5031 62.72 21.9783
      vertex 31.1462 59.33 21.1113
      vertex 30.5031 59.33 21.9783
    endloop
  endfacet
  facet normal -0.242993 0 -0.970028
    outer loop
      vertex 24.146 59.33 25.7886
      vertex 25.1931 62.72 25.5263
      vertex 25.1931 59.33 25.5263
    endloop
  endfacet
  facet normal -0.242993 0 -0.970028
    outer loop
      vertex 25.1931 62.72 25.5263
      vertex 24.146 59.33 25.7886
      vertex 24.146 62.72 25.7886
    endloop
  endfacet
  facet normal 0.740991 0 -0.671515
    outer loop
      vertex 14.2218 59.33 22.7782
      vertex 13.4969 62.72 21.9783
      vertex 14.2218 62.72 22.7782
    endloop
  endfacet
  facet normal 0.740991 0 -0.671515
    outer loop
      vertex 13.4969 62.72 21.9783
      vertex 14.2218 59.33 22.7782
      vertex 13.4969 59.33 21.9783
    endloop
  endfacet
  facet normal -0.857754 0 -0.51406
    outer loop
      vertex 31.7011 59.33 20.1854
      vertex 31.1462 62.72 21.1113
      vertex 31.7011 62.72 20.1854
    endloop
  endfacet
  facet normal -0.857754 -0 -0.51406
    outer loop
      vertex 31.1462 62.72 21.1113
      vertex 31.7011 59.33 20.1854
      vertex 31.1462 59.33 21.1113
    endloop
  endfacet
  facet normal 0.857754 0 -0.51406
    outer loop
      vertex 12.8538 59.33 21.1113
      vertex 12.2989 62.72 20.1854
      vertex 12.8538 62.72 21.1113
    endloop
  endfacet
  facet normal 0.857754 0 -0.51406
    outer loop
      vertex 12.2989 62.72 20.1854
      vertex 12.8538 59.33 21.1113
      vertex 12.2989 59.33 20.1854
    endloop
  endfacet
  facet normal 0.595752 0 -0.803168
    outer loop
      vertex 15.0217 59.33 23.5031
      vertex 15.8887 62.72 24.1462
      vertex 15.8887 59.33 24.1462
    endloop
  endfacet
  facet normal 0.595752 0 -0.803168
    outer loop
      vertex 15.8887 62.72 24.1462
      vertex 15.0217 59.33 23.5031
      vertex 15.0217 62.72 23.5031
    endloop
  endfacet
  facet normal 0.803188 -0 0.595726
    outer loop
      vertex 12.8538 59.33 8.88873
      vertex 13.4969 62.72 8.02167
      vertex 12.8538 62.72 8.88873
    endloop
  endfacet
  facet normal 0.803188 0 0.595726
    outer loop
      vertex 13.4969 62.72 8.02167
      vertex 12.8538 59.33 8.88873
      vertex 13.4969 59.33 8.02167
    endloop
  endfacet
  facet normal -0.146728 0 0.989177
    outer loop
      vertex 23.0782 62.72 4.05297
      vertex 24.146 59.33 4.21136
      vertex 24.146 62.72 4.21136
    endloop
  endfacet
  facet normal -0.146728 0 0.989177
    outer loop
      vertex 24.146 59.33 4.21136
      vertex 23.0782 62.72 4.05297
      vertex 23.0782 59.33 4.05297
    endloop
  endfacet
  facet normal -0.146737 0 -0.989176
    outer loop
      vertex 23.0782 59.33 25.947
      vertex 24.146 62.72 25.7886
      vertex 24.146 59.33 25.7886
    endloop
  endfacet
  facet normal -0.146737 0 -0.989176
    outer loop
      vertex 24.146 62.72 25.7886
      vertex 23.0782 59.33 25.947
      vertex 23.0782 62.72 25.947
    endloop
  endfacet
  facet normal -0.427581 0 -0.903977
    outer loop
      vertex 26.2095 59.33 25.1627
      vertex 27.1854 62.72 24.7011
      vertex 27.1854 59.33 24.7011
    endloop
  endfacet
  facet normal -0.427581 0 -0.903977
    outer loop
      vertex 27.1854 62.72 24.7011
      vertex 26.2095 59.33 25.1627
      vertex 26.2095 62.72 25.1627
    endloop
  endfacet
  facet normal -0.74097 0 0.671538
    outer loop
      vertex 29.7782 59.33 7.22182
      vertex 30.5031 62.72 8.02167
      vertex 29.7782 62.72 7.22182
    endloop
  endfacet
  facet normal -0.74097 0 0.671538
    outer loop
      vertex 30.5031 62.72 8.02167
      vertex 29.7782 59.33 7.22182
      vertex 30.5031 59.33 8.02167
    endloop
  endfacet
  facet normal 0.970028 0 -0.242993
    outer loop
      vertex 11.4737 59.33 18.1931
      vertex 11.2114 62.72 17.146
      vertex 11.4737 62.72 18.1931
    endloop
  endfacet
  facet normal 0.970028 0 -0.242993
    outer loop
      vertex 11.2114 62.72 17.146
      vertex 11.4737 59.33 18.1931
      vertex 11.2114 59.33 17.146
    endloop
  endfacet
  facet normal 0.595723 0 0.80319
    outer loop
      vertex 15.0217 62.72 6.49688
      vertex 15.8887 59.33 5.85383
      vertex 15.8887 62.72 5.85383
    endloop
  endfacet
  facet normal 0.595723 0 0.80319
    outer loop
      vertex 15.8887 59.33 5.85383
      vertex 15.0217 62.72 6.49688
      vertex 15.0217 59.33 6.49688
    endloop
  endfacet
  facet normal 0.0490967 0 -0.998794
    outer loop
      vertex 20.9218 59.33 25.947
      vertex 22 62.72 26
      vertex 22 59.33 26
    endloop
  endfacet
  facet normal 0.0490967 0 -0.998794
    outer loop
      vertex 22 62.72 26
      vertex 20.9218 59.33 25.947
      vertex 20.9218 62.72 25.947
    endloop
  endfacet
  facet normal 0.336887 0 0.941545
    outer loop
      vertex 17.7905 62.72 4.83733
      vertex 18.8069 59.33 4.47366
      vertex 18.8069 62.72 4.47366
    endloop
  endfacet
  facet normal 0.336887 0 0.941545
    outer loop
      vertex 18.8069 59.33 4.47366
      vertex 17.7905 62.72 4.83733
      vertex 17.7905 59.33 4.83733
    endloop
  endfacet
  facet normal 0.989176 0 -0.146737
    outer loop
      vertex 11.2114 59.33 17.146
      vertex 11.053 62.72 16.0782
      vertex 11.2114 62.72 17.146
    endloop
  endfacet
  facet normal 0.989176 0 -0.146737
    outer loop
      vertex 11.053 62.72 16.0782
      vertex 11.2114 59.33 17.146
      vertex 11.053 59.33 16.0782
    endloop
  endfacet
  facet normal -0.595752 0 -0.803168
    outer loop
      vertex 28.1113 59.33 24.1462
      vertex 28.9783 62.72 23.5031
      vertex 28.9783 59.33 23.5031
    endloop
  endfacet
  facet normal -0.595752 0 -0.803168
    outer loop
      vertex 28.9783 62.72 23.5031
      vertex 28.1113 59.33 24.1462
      vertex 28.1113 62.72 24.1462
    endloop
  endfacet
  facet normal -0.0490967 0 -0.998794
    outer loop
      vertex 22 59.33 26
      vertex 23.0782 62.72 25.947
      vertex 23.0782 59.33 25.947
    endloop
  endfacet
  facet normal -0.0490967 0 -0.998794
    outer loop
      vertex 23.0782 62.72 25.947
      vertex 22 59.33 26
      vertex 22 62.72 26
    endloop
  endfacet
  facet normal -0.803188 0 0.595726
    outer loop
      vertex 30.5031 59.33 8.02167
      vertex 31.1462 62.72 8.88873
      vertex 30.5031 62.72 8.02167
    endloop
  endfacet
  facet normal -0.803188 0 0.595726
    outer loop
      vertex 31.1462 62.72 8.88873
      vertex 30.5031 59.33 8.02167
      vertex 31.1462 59.33 8.88873
    endloop
  endfacet
  facet normal 0.903977 0 -0.427581
    outer loop
      vertex 12.2989 59.33 20.1854
      vertex 11.8373 62.72 19.2095
      vertex 12.2989 62.72 20.1854
    endloop
  endfacet
  facet normal 0.903977 0 -0.427581
    outer loop
      vertex 11.8373 62.72 19.2095
      vertex 12.2989 59.33 20.1854
      vertex 11.8373 59.33 19.2095
    endloop
  endfacet
  facet normal -0.049069 0 0.998795
    outer loop
      vertex 22 62.72 4
      vertex 23.0782 59.33 4.05297
      vertex 23.0782 62.72 4.05297
    endloop
  endfacet
  facet normal -0.049069 0 0.998795
    outer loop
      vertex 23.0782 59.33 4.05297
      vertex 22 62.72 4
      vertex 22 59.33 4
    endloop
  endfacet
  facet normal 0.51406 0 -0.857754
    outer loop
      vertex 15.8887 59.33 24.1462
      vertex 16.8146 62.72 24.7011
      vertex 16.8146 59.33 24.7011
    endloop
  endfacet
  facet normal 0.51406 0 -0.857754
    outer loop
      vertex 16.8146 62.72 24.7011
      vertex 15.8887 59.33 24.1462
      vertex 15.8887 62.72 24.1462
    endloop
  endfacet
  facet normal -0.336887 0 0.941545
    outer loop
      vertex 25.1931 62.72 4.47366
      vertex 26.2095 59.33 4.83733
      vertex 26.2095 62.72 4.83733
    endloop
  endfacet
  facet normal -0.336887 0 0.941545
    outer loop
      vertex 26.2095 59.33 4.83733
      vertex 25.1931 62.72 4.47366
      vertex 25.1931 59.33 4.47366
    endloop
  endfacet
  facet normal 0.90397 -0 0.427595
    outer loop
      vertex 11.8373 59.33 10.7905
      vertex 12.2989 62.72 9.81464
      vertex 11.8373 62.72 10.7905
    endloop
  endfacet
  facet normal 0.90397 0 0.427595
    outer loop
      vertex 12.2989 62.72 9.81464
      vertex 11.8373 59.33 10.7905
      vertex 12.2989 59.33 9.81464
    endloop
  endfacet
  facet normal 0.049069 0 0.998795
    outer loop
      vertex 20.9218 62.72 4.05297
      vertex 22 59.33 4
      vertex 22 62.72 4
    endloop
  endfacet
  facet normal 0.049069 0 0.998795
    outer loop
      vertex 22 59.33 4
      vertex 20.9218 62.72 4.05297
      vertex 20.9218 59.33 4.05297
    endloop
  endfacet
  facet normal -0.336829 0 -0.941566
    outer loop
      vertex 25.1931 59.33 25.5263
      vertex 26.2095 62.72 25.1627
      vertex 26.2095 59.33 25.1627
    endloop
  endfacet
  facet normal -0.336829 0 -0.941566
    outer loop
      vertex 26.2095 62.72 25.1627
      vertex 25.1931 59.33 25.5263
      vertex 25.1931 62.72 25.5263
    endloop
  endfacet
  facet normal -0.970028 0 -0.242993
    outer loop
      vertex 32.7886 59.33 17.146
      vertex 32.5263 62.72 18.1931
      vertex 32.7886 62.72 17.146
    endloop
  endfacet
  facet normal -0.970028 -0 -0.242993
    outer loop
      vertex 32.5263 62.72 18.1931
      vertex 32.7886 59.33 17.146
      vertex 32.5263 59.33 18.1931
    endloop
  endfacet
  facet normal -0.903977 0 -0.427581
    outer loop
      vertex 32.1627 59.33 19.2095
      vertex 31.7011 62.72 20.1854
      vertex 32.1627 62.72 19.2095
    endloop
  endfacet
  facet normal -0.903977 -0 -0.427581
    outer loop
      vertex 31.7011 62.72 20.1854
      vertex 32.1627 59.33 19.2095
      vertex 31.7011 59.33 20.1854
    endloop
  endfacet
  facet normal -0.514101 0 0.85773
    outer loop
      vertex 27.1854 62.72 5.29887
      vertex 28.1113 59.33 5.85383
      vertex 28.1113 62.72 5.85383
    endloop
  endfacet
  facet normal -0.514101 0 0.85773
    outer loop
      vertex 28.1113 59.33 5.85383
      vertex 27.1854 62.72 5.29887
      vertex 27.1854 59.33 5.29887
    endloop
  endfacet
  facet normal -0.941566 0 0.336829
    outer loop
      vertex 32.1627 59.33 10.7905
      vertex 32.5263 62.72 11.8069
      vertex 32.1627 62.72 10.7905
    endloop
  endfacet
  facet normal -0.941566 0 0.336829
    outer loop
      vertex 32.5263 62.72 11.8069
      vertex 32.1627 59.33 10.7905
      vertex 32.5263 59.33 11.8069
    endloop
  endfacet
  facet normal 0.427535 0 0.903999
    outer loop
      vertex 16.8146 62.72 5.29887
      vertex 17.7905 59.33 4.83733
      vertex 17.7905 62.72 4.83733
    endloop
  endfacet
  facet normal 0.427535 0 0.903999
    outer loop
      vertex 17.7905 59.33 4.83733
      vertex 16.8146 62.72 5.29887
      vertex 16.8146 59.33 5.29887
    endloop
  endfacet
  facet normal -0.595723 0 0.80319
    outer loop
      vertex 28.1113 62.72 5.85383
      vertex 28.9783 59.33 6.49688
      vertex 28.9783 62.72 6.49688
    endloop
  endfacet
  facet normal -0.595723 0 0.80319
    outer loop
      vertex 28.9783 59.33 6.49688
      vertex 28.1113 62.72 5.85383
      vertex 28.1113 59.33 5.85383
    endloop
  endfacet
  facet normal -0.90397 0 0.427595
    outer loop
      vertex 31.7011 59.33 9.81464
      vertex 32.1627 62.72 10.7905
      vertex 31.7011 62.72 9.81464
    endloop
  endfacet
  facet normal -0.90397 0 0.427595
    outer loop
      vertex 32.1627 62.72 10.7905
      vertex 31.7011 59.33 9.81464
      vertex 32.1627 59.33 10.7905
    endloop
  endfacet
  facet normal -0.989176 0 -0.146737
    outer loop
      vertex 32.947 59.33 16.0782
      vertex 32.7886 62.72 17.146
      vertex 32.947 62.72 16.0782
    endloop
  endfacet
  facet normal -0.989176 -0 -0.146737
    outer loop
      vertex 32.7886 62.72 17.146
      vertex 32.947 59.33 16.0782
      vertex 32.7886 59.33 17.146
    endloop
  endfacet
  facet normal -0.740991 0 -0.671515
    outer loop
      vertex 30.5031 59.33 21.9783
      vertex 29.7782 62.72 22.7782
      vertex 30.5031 62.72 21.9783
    endloop
  endfacet
  facet normal -0.740991 -0 -0.671515
    outer loop
      vertex 29.7782 62.72 22.7782
      vertex 30.5031 59.33 21.9783
      vertex 29.7782 59.33 22.7782
    endloop
  endfacet
  facet normal -0.857757 0 0.514056
    outer loop
      vertex 31.1462 59.33 8.88873
      vertex 31.7011 62.72 9.81464
      vertex 31.1462 62.72 8.88873
    endloop
  endfacet
  facet normal -0.857757 0 0.514056
    outer loop
      vertex 31.7011 62.72 9.81464
      vertex 31.1462 59.33 8.88873
      vertex 31.7011 59.33 9.81464
    endloop
  endfacet
  facet normal 0.989176 -0 0.146737
    outer loop
      vertex 11.053 59.33 13.9218
      vertex 11.2114 62.72 12.854
      vertex 11.053 62.72 13.9218
    endloop
  endfacet
  facet normal 0.989176 0 0.146737
    outer loop
      vertex 11.2114 62.72 12.854
      vertex 11.053 59.33 13.9218
      vertex 11.2114 59.33 12.854
    endloop
  endfacet
  facet normal 0.671535 0 0.740973
    outer loop
      vertex 14.2218 62.72 7.22182
      vertex 15.0217 59.33 6.49688
      vertex 15.0217 62.72 6.49688
    endloop
  endfacet
  facet normal 0.671535 0 0.740973
    outer loop
      vertex 15.0217 59.33 6.49688
      vertex 14.2218 62.72 7.22182
      vertex 14.2218 59.33 7.22182
    endloop
  endfacet
  facet normal 0.941566 -0 0.336829
    outer loop
      vertex 11.4737 59.33 11.8069
      vertex 11.8373 62.72 10.7905
      vertex 11.4737 62.72 11.8069
    endloop
  endfacet
  facet normal 0.941566 0 0.336829
    outer loop
      vertex 11.8373 62.72 10.7905
      vertex 11.4737 59.33 11.8069
      vertex 11.8373 59.33 10.7905
    endloop
  endfacet
  facet normal 0.74097 -0 0.671538
    outer loop
      vertex 13.4969 59.33 8.02167
      vertex 14.2218 62.72 7.22182
      vertex 13.4969 62.72 8.02167
    endloop
  endfacet
  facet normal 0.74097 0 0.671538
    outer loop
      vertex 14.2218 62.72 7.22182
      vertex 13.4969 59.33 8.02167
      vertex 14.2218 59.33 7.22182
    endloop
  endfacet
  facet normal 0.146737 0 -0.989176
    outer loop
      vertex 19.854 59.33 25.7886
      vertex 20.9218 62.72 25.947
      vertex 20.9218 59.33 25.947
    endloop
  endfacet
  facet normal 0.146737 0 -0.989176
    outer loop
      vertex 20.9218 62.72 25.947
      vertex 19.854 59.33 25.7886
      vertex 19.854 62.72 25.7886
    endloop
  endfacet
  facet normal 0.671515 0 -0.740991
    outer loop
      vertex 14.2218 59.33 22.7782
      vertex 15.0217 62.72 23.5031
      vertex 15.0217 59.33 23.5031
    endloop
  endfacet
  facet normal 0.671515 0 -0.740991
    outer loop
      vertex 15.0217 62.72 23.5031
      vertex 14.2218 59.33 22.7782
      vertex 14.2218 62.72 22.7782
    endloop
  endfacet
  facet normal 0.941566 0 -0.336829
    outer loop
      vertex 11.8373 59.33 19.2095
      vertex 11.4737 62.72 18.1931
      vertex 11.8373 62.72 19.2095
    endloop
  endfacet
  facet normal 0.941566 0 -0.336829
    outer loop
      vertex 11.4737 62.72 18.1931
      vertex 11.8373 59.33 19.2095
      vertex 11.4737 59.33 18.1931
    endloop
  endfacet
  facet normal 0.970028 -0 0.242993
    outer loop
      vertex 11.2114 59.33 12.854
      vertex 11.4737 62.72 11.8069
      vertex 11.2114 62.72 12.854
    endloop
  endfacet
  facet normal 0.970028 0 0.242993
    outer loop
      vertex 11.4737 62.72 11.8069
      vertex 11.2114 59.33 12.854
      vertex 11.4737 59.33 11.8069
    endloop
  endfacet
  facet normal 0.514101 0 0.85773
    outer loop
      vertex 15.8887 62.72 5.85383
      vertex 16.8146 59.33 5.29887
      vertex 16.8146 62.72 5.29887
    endloop
  endfacet
  facet normal 0.514101 0 0.85773
    outer loop
      vertex 16.8146 59.33 5.29887
      vertex 15.8887 62.72 5.85383
      vertex 15.8887 59.33 5.85383
    endloop
  endfacet
  facet normal -0.51406 0 -0.857754
    outer loop
      vertex 27.1854 59.33 24.7011
      vertex 28.1113 62.72 24.1462
      vertex 28.1113 59.33 24.1462
    endloop
  endfacet
  facet normal -0.51406 0 -0.857754
    outer loop
      vertex 28.1113 62.72 24.1462
      vertex 27.1854 59.33 24.7011
      vertex 27.1854 62.72 24.7011
    endloop
  endfacet
  facet normal 0.427581 0 -0.903977
    outer loop
      vertex 16.8146 59.33 24.7011
      vertex 17.7905 62.72 25.1627
      vertex 17.7905 59.33 25.1627
    endloop
  endfacet
  facet normal 0.427581 0 -0.903977
    outer loop
      vertex 17.7905 62.72 25.1627
      vertex 16.8146 59.33 24.7011
      vertex 16.8146 62.72 24.7011
    endloop
  endfacet
  facet normal 0.857757 -0 0.514056
    outer loop
      vertex 12.2989 59.33 9.81464
      vertex 12.8538 62.72 8.88873
      vertex 12.2989 62.72 9.81464
    endloop
  endfacet
  facet normal 0.857757 0 0.514056
    outer loop
      vertex 12.8538 62.72 8.88873
      vertex 12.2989 59.33 9.81464
      vertex 12.8538 59.33 8.88873
    endloop
  endfacet
  facet normal -0.671535 0 0.740973
    outer loop
      vertex 28.9783 62.72 6.49688
      vertex 29.7782 59.33 7.22182
      vertex 29.7782 62.72 7.22182
    endloop
  endfacet
  facet normal -0.671535 0 0.740973
    outer loop
      vertex 29.7782 59.33 7.22182
      vertex 28.9783 62.72 6.49688
      vertex 28.9783 59.33 6.49688
    endloop
  endfacet
  facet normal -0.941566 0 -0.336829
    outer loop
      vertex 32.5263 59.33 18.1931
      vertex 32.1627 62.72 19.2095
      vertex 32.5263 62.72 18.1931
    endloop
  endfacet
  facet normal -0.941566 -0 -0.336829
    outer loop
      vertex 32.1627 62.72 19.2095
      vertex 32.5263 59.33 18.1931
      vertex 32.1627 59.33 19.2095
    endloop
  endfacet
  facet normal -0.671515 0 -0.740991
    outer loop
      vertex 28.9783 59.33 23.5031
      vertex 29.7782 62.72 22.7782
      vertex 29.7782 59.33 22.7782
    endloop
  endfacet
  facet normal -0.671515 0 -0.740991
    outer loop
      vertex 29.7782 62.72 22.7782
      vertex 28.9783 59.33 23.5031
      vertex 28.9783 62.72 23.5031
    endloop
  endfacet
  facet normal -0.242993 0 0.970028
    outer loop
      vertex 24.146 62.72 4.21136
      vertex 25.1931 59.33 4.47366
      vertex 25.1931 62.72 4.47366
    endloop
  endfacet
  facet normal -0.242993 0 0.970028
    outer loop
      vertex 25.1931 59.33 4.47366
      vertex 24.146 62.72 4.21136
      vertex 24.146 59.33 4.21136
    endloop
  endfacet
  facet normal 0.998794 -0 0.0490967
    outer loop
      vertex 11 59.33 15
      vertex 11.053 62.72 13.9218
      vertex 11 62.72 15
    endloop
  endfacet
  facet normal 0.998794 0 0.0490967
    outer loop
      vertex 11.053 62.72 13.9218
      vertex 11 59.33 15
      vertex 11.053 59.33 13.9218
    endloop
  endfacet
  facet normal 0.998794 0 -0.0490967
    outer loop
      vertex 11.053 59.33 16.0782
      vertex 11 62.72 15
      vertex 11.053 62.72 16.0782
    endloop
  endfacet
  facet normal 0.998794 0 -0.0490967
    outer loop
      vertex 11 62.72 15
      vertex 11.053 59.33 16.0782
      vertex 11 59.33 15
    endloop
  endfacet
  facet normal 0.242993 0 -0.970028
    outer loop
      vertex 18.8069 59.33 25.5263
      vertex 19.854 62.72 25.7886
      vertex 19.854 59.33 25.7886
    endloop
  endfacet
  facet normal 0.242993 0 -0.970028
    outer loop
      vertex 19.854 62.72 25.7886
      vertex 18.8069 59.33 25.5263
      vertex 18.8069 62.72 25.5263
    endloop
  endfacet
  facet normal 0 -1 0
    outer loop
      vertex 22 62.72 21.15
      vertex 22 62.72 26
      vertex 20.9218 62.72 25.947
    endloop
  endfacet
  facet normal 0 -1 0
    outer loop
      vertex 21.3972 62.72 21.1204
      vertex 20.9218 62.72 25.947
      vertex 19.854 62.72 25.7886
    endloop
  endfacet
  facet normal 0 -1 0
    outer loop
      vertex 22 62.72 26
      vertex 22 62.72 21.15
      vertex 23.0782 62.72 25.947
    endloop
  endfacet
  facet normal 0 -1 0
    outer loop
      vertex 20.8002 62.72 21.0318
      vertex 19.854 62.72 25.7886
      vertex 18.8069 62.72 25.5263
    endloop
  endfacet
  facet normal 0 -1 0
    outer loop
      vertex 22.6028 62.72 21.1204
      vertex 23.0782 62.72 25.947
      vertex 22 62.72 21.15
    endloop
  endfacet
  facet normal 0 -1 0
    outer loop
      vertex 20.2147 62.72 20.8852
      vertex 18.8069 62.72 25.5263
      vertex 17.7905 62.72 25.1627
    endloop
  endfacet
  facet normal 0 -1 -0
    outer loop
      vertex 23.0782 62.72 25.947
      vertex 22.6028 62.72 21.1204
      vertex 24.146 62.72 25.7886
    endloop
  endfacet
  facet normal 0 -1 0
    outer loop
      vertex 19.6465 62.72 20.6819
      vertex 17.7905 62.72 25.1627
      vertex 16.8146 62.72 24.7011
    endloop
  endfacet
  facet normal 0 -1 0
    outer loop
      vertex 23.1998 62.72 21.0318
      vertex 24.146 62.72 25.7886
      vertex 22.6028 62.72 21.1204
    endloop
  endfacet
  facet normal 0 -1 0
    outer loop
      vertex 19.1009 62.72 20.4238
      vertex 16.8146 62.72 24.7011
      vertex 15.8887 62.72 24.1462
    endloop
  endfacet
  facet normal 0 -1 -0
    outer loop
      vertex 24.146 62.72 25.7886
      vertex 23.1998 62.72 21.0318
      vertex 25.1931 62.72 25.5263
    endloop
  endfacet
  facet normal 0 -1 0
    outer loop
      vertex 18.5832 62.72 20.1135
      vertex 15.8887 62.72 24.1462
      vertex 15.0217 62.72 23.5031
    endloop
  endfacet
  facet normal 0 -1 0
    outer loop
      vertex 23.7853 62.72 20.8852
      vertex 25.1931 62.72 25.5263
      vertex 23.1998 62.72 21.0318
    endloop
  endfacet
  facet normal 0 -1 0
    outer loop
      vertex 18.0985 62.72 19.754
      vertex 15.0217 62.72 23.5031
      vertex 14.2218 62.72 22.7782
    endloop
  endfacet
  facet normal 0 -1 -0
    outer loop
      vertex 25.1931 62.72 25.5263
      vertex 23.7853 62.72 20.8852
      vertex 26.2095 62.72 25.1627
    endloop
  endfacet
  facet normal 0 -1 0
    outer loop
      vertex 17.6513 62.72 19.3487
      vertex 14.2218 62.72 22.7782
      vertex 13.4969 62.72 21.9783
    endloop
  endfacet
  facet normal 0 -1 0
    outer loop
      vertex 24.3535 62.72 20.6819
      vertex 26.2095 62.72 25.1627
      vertex 23.7853 62.72 20.8852
    endloop
  endfacet
  facet normal 0 -1 -0
    outer loop
      vertex 26.2095 62.72 25.1627
      vertex 24.3535 62.72 20.6819
      vertex 27.1854 62.72 24.7011
    endloop
  endfacet
  facet normal 0 -1 0
    outer loop
      vertex 20.9218 62.72 25.947
      vertex 21.3972 62.72 21.1204
      vertex 22 62.72 21.15
    endloop
  endfacet
  facet normal 0 -1 0
    outer loop
      vertex 17.246 62.72 18.9015
      vertex 13.4969 62.72 21.9783
      vertex 12.8538 62.72 21.1113
    endloop
  endfacet
  facet normal 0 -1 0
    outer loop
      vertex 19.854 62.72 25.7886
      vertex 20.8002 62.72 21.0318
      vertex 21.3972 62.72 21.1204
    endloop
  endfacet
  facet normal 0 -1 0
    outer loop
      vertex 18.8069 62.72 25.5263
      vertex 20.2147 62.72 20.8852
      vertex 20.8002 62.72 21.0318
    endloop
  endfacet
  facet normal 0 -1 0
    outer loop
      vertex 17.7905 62.72 25.1627
      vertex 19.6465 62.72 20.6819
      vertex 20.2147 62.72 20.8852
    endloop
  endfacet
  facet normal 0 -1 0
    outer loop
      vertex 16.8146 62.72 24.7011
      vertex 19.1009 62.72 20.4238
      vertex 19.6465 62.72 20.6819
    endloop
  endfacet
  facet normal 0 -1 0
    outer loop
      vertex 16.8865 62.72 18.4168
      vertex 12.8538 62.72 21.1113
      vertex 12.2989 62.72 20.1854
    endloop
  endfacet
  facet normal 0 -1 0
    outer loop
      vertex 15.8887 62.72 24.1462
      vertex 18.5832 62.72 20.1135
      vertex 19.1009 62.72 20.4238
    endloop
  endfacet
  facet normal 0 -1 0
    outer loop
      vertex 15.0217 62.72 23.5031
      vertex 18.0985 62.72 19.754
      vertex 18.5832 62.72 20.1135
    endloop
  endfacet
  facet normal 0 -1 0
    outer loop
      vertex 14.2218 62.72 22.7782
      vertex 17.6513 62.72 19.3487
      vertex 18.0985 62.72 19.754
    endloop
  endfacet
  facet normal 0 -1 0
    outer loop
      vertex 16.5762 62.72 17.8991
      vertex 12.2989 62.72 20.1854
      vertex 11.8373 62.72 19.2095
    endloop
  endfacet
  facet normal 0 -1 0
    outer loop
      vertex 13.4969 62.72 21.9783
      vertex 17.246 62.72 18.9015
      vertex 17.6513 62.72 19.3487
    endloop
  endfacet
  facet normal 0 -1 0
    outer loop
      vertex 12.8538 62.72 21.1113
      vertex 16.8865 62.72 18.4168
      vertex 17.246 62.72 18.9015
    endloop
  endfacet
  facet normal 0 -1 0
    outer loop
      vertex 16.3181 62.72 17.3535
      vertex 11.8373 62.72 19.2095
      vertex 11.4737 62.72 18.1931
    endloop
  endfacet
  facet normal 0 -1 0
    outer loop
      vertex 12.2989 62.72 20.1854
      vertex 16.5762 62.72 17.8991
      vertex 16.8865 62.72 18.4168
    endloop
  endfacet
  facet normal 0 -1 0
    outer loop
      vertex 11.8373 62.72 19.2095
      vertex 16.3181 62.72 17.3535
      vertex 16.5762 62.72 17.8991
    endloop
  endfacet
  facet normal 0 -1 0
    outer loop
      vertex 16.1148 62.72 16.7853
      vertex 11.4737 62.72 18.1931
      vertex 11.2114 62.72 17.146
    endloop
  endfacet
  facet normal 0 -1 0
    outer loop
      vertex 11.4737 62.72 18.1931
      vertex 16.1148 62.72 16.7853
      vertex 16.3181 62.72 17.3535
    endloop
  endfacet
  facet normal 0 -1 0
    outer loop
      vertex 11.2114 62.72 17.146
      vertex 15.9682 62.72 16.1998
      vertex 16.1148 62.72 16.7853
    endloop
  endfacet
  facet normal 0 -1 0
    outer loop
      vertex 11.053 62.72 16.0782
      vertex 15.9682 62.72 16.1998
      vertex 11.2114 62.72 17.146
    endloop
  endfacet
  facet normal 0 -1 0
    outer loop
      vertex 11.053 62.72 16.0782
      vertex 15.8796 62.72 15.6028
      vertex 15.9682 62.72 16.1998
    endloop
  endfacet
  facet normal 0 -1 0
    outer loop
      vertex 11 62.72 15
      vertex 15.8796 62.72 15.6028
      vertex 11.053 62.72 16.0782
    endloop
  endfacet
  facet normal 0 -1 0
    outer loop
      vertex 11 62.72 15
      vertex 15.85 62.72 15
      vertex 15.8796 62.72 15.6028
    endloop
  endfacet
  facet normal 0 -1 0
    outer loop
      vertex 11 62.72 15
      vertex 15.8796 62.72 14.3972
      vertex 15.85 62.72 15
    endloop
  endfacet
  facet normal 0 -1 0
    outer loop
      vertex 11.053 62.72 13.9218
      vertex 15.8796 62.72 14.3972
      vertex 11 62.72 15
    endloop
  endfacet
  facet normal 0 -1 0
    outer loop
      vertex 11.053 62.72 13.9218
      vertex 15.9682 62.72 13.8002
      vertex 15.8796 62.72 14.3972
    endloop
  endfacet
  facet normal 0 -1 0
    outer loop
      vertex 11.2114 62.72 12.854
      vertex 15.9682 62.72 13.8002
      vertex 11.053 62.72 13.9218
    endloop
  endfacet
  facet normal 0 -1 -0
    outer loop
      vertex 15.9682 62.72 13.8002
      vertex 11.2114 62.72 12.854
      vertex 16.1148 62.72 13.2147
    endloop
  endfacet
  facet normal 0 -1 0
    outer loop
      vertex 11.4737 62.72 11.8069
      vertex 16.1148 62.72 13.2147
      vertex 11.2114 62.72 12.854
    endloop
  endfacet
  facet normal 0 -1 -0
    outer loop
      vertex 16.1148 62.72 13.2147
      vertex 11.4737 62.72 11.8069
      vertex 16.3181 62.72 12.6465
    endloop
  endfacet
  facet normal 0 -1 0
    outer loop
      vertex 11.8373 62.72 10.7905
      vertex 16.3181 62.72 12.6465
      vertex 11.4737 62.72 11.8069
    endloop
  endfacet
  facet normal 0 -1 -0
    outer loop
      vertex 16.3181 62.72 12.6465
      vertex 11.8373 62.72 10.7905
      vertex 16.5762 62.72 12.1009
    endloop
  endfacet
  facet normal 0 -1 0
    outer loop
      vertex 12.2989 62.72 9.81464
      vertex 16.5762 62.72 12.1009
      vertex 11.8373 62.72 10.7905
    endloop
  endfacet
  facet normal 0 -1 -0
    outer loop
      vertex 16.5762 62.72 12.1009
      vertex 12.2989 62.72 9.81464
      vertex 16.8865 62.72 11.5832
    endloop
  endfacet
  facet normal 0 -1 0
    outer loop
      vertex 12.8538 62.72 8.88873
      vertex 16.8865 62.72 11.5832
      vertex 12.2989 62.72 9.81464
    endloop
  endfacet
  facet normal 0 -1 -0
    outer loop
      vertex 16.8865 62.72 11.5832
      vertex 12.8538 62.72 8.88873
      vertex 17.246 62.72 11.0985
    endloop
  endfacet
  facet normal 0 -1 0
    outer loop
      vertex 13.4969 62.72 8.02167
      vertex 17.246 62.72 11.0985
      vertex 12.8538 62.72 8.88873
    endloop
  endfacet
  facet normal 0 -1 -0
    outer loop
      vertex 17.246 62.72 11.0985
      vertex 13.4969 62.72 8.02167
      vertex 17.6513 62.72 10.6513
    endloop
  endfacet
  facet normal 0 -1 0
    outer loop
      vertex 14.2218 62.72 7.22182
      vertex 17.6513 62.72 10.6513
      vertex 13.4969 62.72 8.02167
    endloop
  endfacet
  facet normal 0 -1 -0
    outer loop
      vertex 17.6513 62.72 10.6513
      vertex 14.2218 62.72 7.22182
      vertex 18.0985 62.72 10.246
    endloop
  endfacet
  facet normal 0 -1 0
    outer loop
      vertex 15.0217 62.72 6.49688
      vertex 18.0985 62.72 10.246
      vertex 14.2218 62.72 7.22182
    endloop
  endfacet
  facet normal 0 -1 -0
    outer loop
      vertex 18.0985 62.72 10.246
      vertex 15.0217 62.72 6.49688
      vertex 18.5832 62.72 9.88646
    endloop
  endfacet
  facet normal 0 -1 0
    outer loop
      vertex 15.8887 62.72 5.85383
      vertex 18.5832 62.72 9.88646
      vertex 15.0217 62.72 6.49688
    endloop
  endfacet
  facet normal 0 -1 -0
    outer loop
      vertex 18.5832 62.72 9.88646
      vertex 15.8887 62.72 5.85383
      vertex 19.1009 62.72 9.57618
    endloop
  endfacet
  facet normal 0 -1 0
    outer loop
      vertex 16.8146 62.72 5.29887
      vertex 19.1009 62.72 9.57618
      vertex 15.8887 62.72 5.85383
    endloop
  endfacet
  facet normal 0 -1 -0
    outer loop
      vertex 19.1009 62.72 9.57618
      vertex 16.8146 62.72 5.29887
      vertex 19.6465 62.72 9.31814
    endloop
  endfacet
  facet normal 0 -1 0
    outer loop
      vertex 24.8991 62.72 20.4238
      vertex 27.1854 62.72 24.7011
      vertex 24.3535 62.72 20.6819
    endloop
  endfacet
  facet normal 0 -1 -0
    outer loop
      vertex 27.1854 62.72 24.7011
      vertex 24.8991 62.72 20.4238
      vertex 28.1113 62.72 24.1462
    endloop
  endfacet
  facet normal 0 -1 0
    outer loop
      vertex 25.4168 62.72 20.1135
      vertex 28.1113 62.72 24.1462
      vertex 24.8991 62.72 20.4238
    endloop
  endfacet
  facet normal 0 -1 -0
    outer loop
      vertex 28.1113 62.72 24.1462
      vertex 25.4168 62.72 20.1135
      vertex 28.9783 62.72 23.5031
    endloop
  endfacet
  facet normal 0 -1 0
    outer loop
      vertex 25.9015 62.72 19.754
      vertex 28.9783 62.72 23.5031
      vertex 25.4168 62.72 20.1135
    endloop
  endfacet
  facet normal 0 -1 -0
    outer loop
      vertex 28.9783 62.72 23.5031
      vertex 25.9015 62.72 19.754
      vertex 29.7782 62.72 22.7782
    endloop
  endfacet
  facet normal 0 -1 0
    outer loop
      vertex 26.3487 62.72 19.3487
      vertex 29.7782 62.72 22.7782
      vertex 25.9015 62.72 19.754
    endloop
  endfacet
  facet normal 0 -1 -0
    outer loop
      vertex 29.7782 62.72 22.7782
      vertex 26.3487 62.72 19.3487
      vertex 30.5031 62.72 21.9783
    endloop
  endfacet
  facet normal 0 -1 0
    outer loop
      vertex 26.754 62.72 18.9015
      vertex 30.5031 62.72 21.9783
      vertex 26.3487 62.72 19.3487
    endloop
  endfacet
  facet normal 0 -1 -0
    outer loop
      vertex 30.5031 62.72 21.9783
      vertex 26.754 62.72 18.9015
      vertex 31.1462 62.72 21.1113
    endloop
  endfacet
  facet normal 0 -1 0
    outer loop
      vertex 27.1135 62.72 18.4168
      vertex 31.1462 62.72 21.1113
      vertex 26.754 62.72 18.9015
    endloop
  endfacet
  facet normal 0 -1 -0
    outer loop
      vertex 31.1462 62.72 21.1113
      vertex 27.1135 62.72 18.4168
      vertex 31.7011 62.72 20.1854
    endloop
  endfacet
  facet normal 0 -1 0
    outer loop
      vertex 27.4238 62.72 17.8991
      vertex 31.7011 62.72 20.1854
      vertex 27.1135 62.72 18.4168
    endloop
  endfacet
  facet normal 0 -1 -0
    outer loop
      vertex 31.7011 62.72 20.1854
      vertex 27.4238 62.72 17.8991
      vertex 32.1627 62.72 19.2095
    endloop
  endfacet
  facet normal 0 -1 0
    outer loop
      vertex 27.6819 62.72 17.3535
      vertex 32.1627 62.72 19.2095
      vertex 27.4238 62.72 17.8991
    endloop
  endfacet
  facet normal 0 -1 -0
    outer loop
      vertex 32.1627 62.72 19.2095
      vertex 27.6819 62.72 17.3535
      vertex 32.5263 62.72 18.1931
    endloop
  endfacet
  facet normal 0 -1 0
    outer loop
      vertex 27.8852 62.72 16.7853
      vertex 32.5263 62.72 18.1931
      vertex 27.6819 62.72 17.3535
    endloop
  endfacet
  facet normal 0 -1 -0
    outer loop
      vertex 32.5263 62.72 18.1931
      vertex 27.8852 62.72 16.7853
      vertex 32.7886 62.72 17.146
    endloop
  endfacet
  facet normal 0 -1 0
    outer loop
      vertex 28.0318 62.72 16.1998
      vertex 32.7886 62.72 17.146
      vertex 27.8852 62.72 16.7853
    endloop
  endfacet
  facet normal 0 -1 0
    outer loop
      vertex 28.0318 62.72 16.1998
      vertex 32.947 62.72 16.0782
      vertex 32.7886 62.72 17.146
    endloop
  endfacet
  facet normal 0 -1 0
    outer loop
      vertex 28.1204 62.72 15.6028
      vertex 32.947 62.72 16.0782
      vertex 28.0318 62.72 16.1998
    endloop
  endfacet
  facet normal 0 -1 0
    outer loop
      vertex 28.15 62.72 15
      vertex 32.947 62.72 16.0782
      vertex 28.1204 62.72 15.6028
    endloop
  endfacet
  facet normal 0 -1 0
    outer loop
      vertex 28.15 62.72 15
      vertex 33 62.72 15
      vertex 32.947 62.72 16.0782
    endloop
  endfacet
  facet normal 0 -1 0
    outer loop
      vertex 28.1204 62.72 14.3972
      vertex 33 62.72 15
      vertex 28.15 62.72 15
    endloop
  endfacet
  facet normal 0 -1 0
    outer loop
      vertex 28.1204 62.72 14.3972
      vertex 32.947 62.72 13.9218
      vertex 33 62.72 15
    endloop
  endfacet
  facet normal 0 -1 0
    outer loop
      vertex 28.0318 62.72 13.8002
      vertex 32.947 62.72 13.9218
      vertex 28.1204 62.72 14.3972
    endloop
  endfacet
  facet normal 0 -1 0
    outer loop
      vertex 32.7886 62.72 12.854
      vertex 28.0318 62.72 13.8002
      vertex 27.8852 62.72 13.2147
    endloop
  endfacet
  facet normal 0 -1 0
    outer loop
      vertex 28.0318 62.72 13.8002
      vertex 32.7886 62.72 12.854
      vertex 32.947 62.72 13.9218
    endloop
  endfacet
  facet normal 0 -1 0
    outer loop
      vertex 32.5263 62.72 11.8069
      vertex 27.8852 62.72 13.2147
      vertex 27.6819 62.72 12.6465
    endloop
  endfacet
  facet normal 0 -1 0
    outer loop
      vertex 32.1627 62.72 10.7905
      vertex 27.6819 62.72 12.6465
      vertex 27.4238 62.72 12.1009
    endloop
  endfacet
  facet normal 0 -1 0
    outer loop
      vertex 27.8852 62.72 13.2147
      vertex 32.5263 62.72 11.8069
      vertex 32.7886 62.72 12.854
    endloop
  endfacet
  facet normal 0 -1 0
    outer loop
      vertex 31.7011 62.72 9.81464
      vertex 27.4238 62.72 12.1009
      vertex 27.1135 62.72 11.5832
    endloop
  endfacet
  facet normal 0 -1 0
    outer loop
      vertex 31.1462 62.72 8.88873
      vertex 27.1135 62.72 11.5832
      vertex 26.754 62.72 11.0985
    endloop
  endfacet
  facet normal 0 -1 0
    outer loop
      vertex 27.6819 62.72 12.6465
      vertex 32.1627 62.72 10.7905
      vertex 32.5263 62.72 11.8069
    endloop
  endfacet
  facet normal 0 -1 0
    outer loop
      vertex 30.5031 62.72 8.02167
      vertex 26.754 62.72 11.0985
      vertex 26.3487 62.72 10.6513
    endloop
  endfacet
  facet normal 0 -1 0
    outer loop
      vertex 29.7782 62.72 7.22182
      vertex 26.3487 62.72 10.6513
      vertex 25.9015 62.72 10.246
    endloop
  endfacet
  facet normal 0 -1 0
    outer loop
      vertex 28.9783 62.72 6.49688
      vertex 25.9015 62.72 10.246
      vertex 25.4168 62.72 9.88646
    endloop
  endfacet
  facet normal 0 -1 0
    outer loop
      vertex 27.4238 62.72 12.1009
      vertex 31.7011 62.72 9.81464
      vertex 32.1627 62.72 10.7905
    endloop
  endfacet
  facet normal 0 -1 0
    outer loop
      vertex 28.1113 62.72 5.85383
      vertex 25.4168 62.72 9.88646
      vertex 24.8991 62.72 9.57618
    endloop
  endfacet
  facet normal 0 -1 0
    outer loop
      vertex 27.1854 62.72 5.29887
      vertex 24.8991 62.72 9.57618
      vertex 24.3535 62.72 9.31814
    endloop
  endfacet
  facet normal 0 -1 0
    outer loop
      vertex 26.2095 62.72 4.83733
      vertex 24.3535 62.72 9.31814
      vertex 23.7853 62.72 9.11482
    endloop
  endfacet
  facet normal 0 -1 0
    outer loop
      vertex 25.1931 62.72 4.47366
      vertex 23.7853 62.72 9.11482
      vertex 23.1998 62.72 8.96817
    endloop
  endfacet
  facet normal 0 -1 0
    outer loop
      vertex 27.1135 62.72 11.5832
      vertex 31.1462 62.72 8.88873
      vertex 31.7011 62.72 9.81464
    endloop
  endfacet
  facet normal 0 -1 0
    outer loop
      vertex 24.146 62.72 4.21136
      vertex 23.1998 62.72 8.96817
      vertex 22.6028 62.72 8.87961
    endloop
  endfacet
  facet normal 0 -1 0
    outer loop
      vertex 23.0782 62.72 4.05297
      vertex 22.6028 62.72 8.87961
      vertex 22 62.72 8.85
    endloop
  endfacet
  facet normal 0 -1 0
    outer loop
      vertex 17.7905 62.72 4.83733
      vertex 19.6465 62.72 9.31814
      vertex 16.8146 62.72 5.29887
    endloop
  endfacet
  facet normal 0 -1 0
    outer loop
      vertex 26.754 62.72 11.0985
      vertex 30.5031 62.72 8.02167
      vertex 31.1462 62.72 8.88873
    endloop
  endfacet
  facet normal 0 -1 -0
    outer loop
      vertex 19.6465 62.72 9.31814
      vertex 17.7905 62.72 4.83733
      vertex 20.2147 62.72 9.11482
    endloop
  endfacet
  facet normal 0 -1 0
    outer loop
      vertex 26.3487 62.72 10.6513
      vertex 29.7782 62.72 7.22182
      vertex 30.5031 62.72 8.02167
    endloop
  endfacet
  facet normal 0 -1 0
    outer loop
      vertex 18.8069 62.72 4.47366
      vertex 20.2147 62.72 9.11482
      vertex 17.7905 62.72 4.83733
    endloop
  endfacet
  facet normal 0 -1 0
    outer loop
      vertex 25.9015 62.72 10.246
      vertex 28.9783 62.72 6.49688
      vertex 29.7782 62.72 7.22182
    endloop
  endfacet
  facet normal 0 -1 -0
    outer loop
      vertex 20.2147 62.72 9.11482
      vertex 18.8069 62.72 4.47366
      vertex 20.8002 62.72 8.96817
    endloop
  endfacet
  facet normal 0 -1 0
    outer loop
      vertex 25.4168 62.72 9.88646
      vertex 28.1113 62.72 5.85383
      vertex 28.9783 62.72 6.49688
    endloop
  endfacet
  facet normal 0 -1 0
    outer loop
      vertex 19.854 62.72 4.21136
      vertex 20.8002 62.72 8.96817
      vertex 18.8069 62.72 4.47366
    endloop
  endfacet
  facet normal 0 -1 0
    outer loop
      vertex 24.8991 62.72 9.57618
      vertex 27.1854 62.72 5.29887
      vertex 28.1113 62.72 5.85383
    endloop
  endfacet
  facet normal 0 -1 -0
    outer loop
      vertex 20.8002 62.72 8.96817
      vertex 19.854 62.72 4.21136
      vertex 21.3972 62.72 8.87961
    endloop
  endfacet
  facet normal 0 -1 0
    outer loop
      vertex 24.3535 62.72 9.31814
      vertex 26.2095 62.72 4.83733
      vertex 27.1854 62.72 5.29887
    endloop
  endfacet
  facet normal 0 -1 0
    outer loop
      vertex 20.9218 62.72 4.05297
      vertex 21.3972 62.72 8.87961
      vertex 19.854 62.72 4.21136
    endloop
  endfacet
  facet normal 0 -1 0
    outer loop
      vertex 23.7853 62.72 9.11482
      vertex 25.1931 62.72 4.47366
      vertex 26.2095 62.72 4.83733
    endloop
  endfacet
  facet normal 0 -1 -0
    outer loop
      vertex 21.3972 62.72 8.87961
      vertex 20.9218 62.72 4.05297
      vertex 22 62.72 8.85
    endloop
  endfacet
  facet normal 0 -1 0
    outer loop
      vertex 23.1998 62.72 8.96817
      vertex 24.146 62.72 4.21136
      vertex 25.1931 62.72 4.47366
    endloop
  endfacet
  facet normal 0 -1 0
    outer loop
      vertex 22 62.72 4
      vertex 22 62.72 8.85
      vertex 20.9218 62.72 4.05297
    endloop
  endfacet
  facet normal 0 -1 0
    outer loop
      vertex 22.6028 62.72 8.87961
      vertex 23.0782 62.72 4.05297
      vertex 24.146 62.72 4.21136
    endloop
  endfacet
  facet normal 0 -1 0
    outer loop
      vertex 22 62.72 8.85
      vertex 22 62.72 4
      vertex 23.0782 62.72 4.05297
    endloop
  endfacet
  facet normal 0.803168 0 -0.595752
    outer loop
      vertex 13.4969 59.33 21.9783
      vertex 12.8538 62.72 21.1113
      vertex 13.4969 62.72 21.9783
    endloop
  endfacet
  facet normal 0.803168 0 -0.595752
    outer loop
      vertex 12.8538 62.72 21.1113
      vertex 13.4969 59.33 21.9783
      vertex 12.8538 59.33 21.1113
    endloop
  endfacet
  facet normal -1 0 0
    outer loop
      vertex 43.07 15.13 4
      vertex 43.07 -15.13 4
      vertex 43.07 15.13 24.4
    endloop
  endfacet
  facet normal -1 0 0
    outer loop
      vertex 43.07 54.3252 5.29802
      vertex 43.07 59.33 4
      vertex 43.07 54.33 5.2
    endloop
  endfacet
  facet normal -1 0 0
    outer loop
      vertex 43.07 59.33 4
      vertex 43.07 54.3252 5.10198
      vertex 43.07 54.33 5.2
    endloop
  endfacet
  facet normal -1 0 0
    outer loop
      vertex 43.07 59.33 4
      vertex 43.07 54.3108 5.00491
      vertex 43.07 54.3252 5.10198
    endloop
  endfacet
  facet normal -1 0 0
    outer loop
      vertex 43.07 59.33 4
      vertex 43.07 54.2869 4.90971
      vertex 43.07 54.3108 5.00491
    endloop
  endfacet
  facet normal -1 0 0
    outer loop
      vertex 43.07 59.33 4
      vertex 43.07 54.2539 4.81732
      vertex 43.07 54.2869 4.90971
    endloop
  endfacet
  facet normal -1 0 0
    outer loop
      vertex 43.07 59.33 4
      vertex 43.07 54.2119 4.7286
      vertex 43.07 54.2539 4.81732
    endloop
  endfacet
  facet normal -1 0 0
    outer loop
      vertex 43.07 59.33 4
      vertex 43.07 54.1615 4.64443
      vertex 43.07 54.2119 4.7286
    endloop
  endfacet
  facet normal -1 0 0
    outer loop
      vertex 43.07 59.33 4
      vertex 43.07 54.103 4.56561
      vertex 43.07 54.1615 4.64443
    endloop
  endfacet
  facet normal -1 0 0
    outer loop
      vertex 43.07 59.33 4
      vertex 43.07 54.0371 4.49289
      vertex 43.07 54.103 4.56561
    endloop
  endfacet
  facet normal -1 0 0
    outer loop
      vertex 43.07 59.33 4
      vertex 43.07 53.9644 4.42699
      vertex 43.07 54.0371 4.49289
    endloop
  endfacet
  facet normal -1 0 0
    outer loop
      vertex 43.07 59.33 4
      vertex 43.07 53.8856 4.36853
      vertex 43.07 53.9644 4.42699
    endloop
  endfacet
  facet normal -1 0 0
    outer loop
      vertex 43.07 59.33 4
      vertex 43.07 53.8014 4.31808
      vertex 43.07 53.8856 4.36853
    endloop
  endfacet
  facet normal -1 0 0
    outer loop
      vertex 43.07 59.33 4
      vertex 43.07 53.7127 4.27612
      vertex 43.07 53.8014 4.31808
    endloop
  endfacet
  facet normal -1 0 0
    outer loop
      vertex 43.07 59.33 4
      vertex 43.07 53.6203 4.24306
      vertex 43.07 53.7127 4.27612
    endloop
  endfacet
  facet normal -1 0 0
    outer loop
      vertex 43.07 59.33 4
      vertex 43.07 53.5251 4.21921
      vertex 43.07 53.6203 4.24306
    endloop
  endfacet
  facet normal -1 0 0
    outer loop
      vertex 43.07 59.33 4
      vertex 43.07 53.428 4.20481
      vertex 43.07 53.5251 4.21921
    endloop
  endfacet
  facet normal -1 0 0
    outer loop
      vertex 43.07 59.33 4
      vertex 43.07 53.33 4.2
      vertex 43.07 53.428 4.20481
    endloop
  endfacet
  facet normal -1 -0 0
    outer loop
      vertex 43.07 52.3348 5.10198
      vertex 43.07 17.33 4
      vertex 43.07 52.33 5.2
    endloop
  endfacet
  facet normal -1 -0 0
    outer loop
      vertex 43.07 52.3492 5.00491
      vertex 43.07 17.33 4
      vertex 43.07 52.3348 5.10198
    endloop
  endfacet
  facet normal -1 -0 0
    outer loop
      vertex 43.07 52.3731 4.90971
      vertex 43.07 17.33 4
      vertex 43.07 52.3492 5.00491
    endloop
  endfacet
  facet normal -1 -0 0
    outer loop
      vertex 43.07 52.4061 4.81732
      vertex 43.07 17.33 4
      vertex 43.07 52.3731 4.90971
    endloop
  endfacet
  facet normal -1 -0 0
    outer loop
      vertex 43.07 52.4481 4.7286
      vertex 43.07 17.33 4
      vertex 43.07 52.4061 4.81732
    endloop
  endfacet
  facet normal -1 -0 0
    outer loop
      vertex 43.07 52.4985 4.64443
      vertex 43.07 17.33 4
      vertex 43.07 52.4481 4.7286
    endloop
  endfacet
  facet normal -1 -0 0
    outer loop
      vertex 43.07 52.557 4.56561
      vertex 43.07 17.33 4
      vertex 43.07 52.4985 4.64443
    endloop
  endfacet
  facet normal -1 -0 0
    outer loop
      vertex 43.07 52.6229 4.49289
      vertex 43.07 17.33 4
      vertex 43.07 52.557 4.56561
    endloop
  endfacet
  facet normal -1 -0 0
    outer loop
      vertex 43.07 52.6956 4.42699
      vertex 43.07 17.33 4
      vertex 43.07 52.6229 4.49289
    endloop
  endfacet
  facet normal -1 -0 0
    outer loop
      vertex 43.07 52.7744 4.36853
      vertex 43.07 17.33 4
      vertex 43.07 52.6956 4.42699
    endloop
  endfacet
  facet normal -1 -0 0
    outer loop
      vertex 43.07 52.8586 4.31808
      vertex 43.07 17.33 4
      vertex 43.07 52.7744 4.36853
    endloop
  endfacet
  facet normal -1 -0 0
    outer loop
      vertex 43.07 52.9473 4.27612
      vertex 43.07 17.33 4
      vertex 43.07 52.8586 4.31808
    endloop
  endfacet
  facet normal -1 -0 0
    outer loop
      vertex 43.07 53.0397 4.24306
      vertex 43.07 17.33 4
      vertex 43.07 52.9473 4.27612
    endloop
  endfacet
  facet normal -1 -0 0
    outer loop
      vertex 43.07 53.1349 4.21921
      vertex 43.07 17.33 4
      vertex 43.07 53.0397 4.24306
    endloop
  endfacet
  facet normal -1 -0 0
    outer loop
      vertex 43.07 53.232 4.20481
      vertex 43.07 17.33 4
      vertex 43.07 53.1349 4.21921
    endloop
  endfacet
  facet normal -1 -0 0
    outer loop
      vertex 43.07 53.33 4.2
      vertex 43.07 17.33 4
      vertex 43.07 53.232 4.20481
    endloop
  endfacet
  facet normal -1 0 0
    outer loop
      vertex 43.07 17.33 4
      vertex 43.07 53.33 4.2
      vertex 43.07 59.33 4
    endloop
  endfacet
  facet normal -1 0 0
    outer loop
      vertex 43.07 54.3108 5.39509
      vertex 43.07 59.33 4
      vertex 43.07 54.3252 5.29802
    endloop
  endfacet
  facet normal -1 0 0
    outer loop
      vertex 43.07 54.2869 5.49028
      vertex 43.07 59.33 4
      vertex 43.07 54.3108 5.39509
    endloop
  endfacet
  facet normal -1 0 0
    outer loop
      vertex 43.07 54.2539 5.58268
      vertex 43.07 59.33 4
      vertex 43.07 54.2869 5.49028
    endloop
  endfacet
  facet normal -1 0 0
    outer loop
      vertex 43.07 54.2119 5.6714
      vertex 43.07 59.33 4
      vertex 43.07 54.2539 5.58268
    endloop
  endfacet
  facet normal -1 0 0
    outer loop
      vertex 43.07 54.1615 5.75557
      vertex 43.07 59.33 4
      vertex 43.07 54.2119 5.6714
    endloop
  endfacet
  facet normal -1 0 0
    outer loop
      vertex 43.07 54.103 5.83439
      vertex 43.07 59.33 4
      vertex 43.07 54.1615 5.75557
    endloop
  endfacet
  facet normal -1 0 0
    outer loop
      vertex 43.07 54.0371 5.90711
      vertex 43.07 59.33 4
      vertex 43.07 54.103 5.83439
    endloop
  endfacet
  facet normal -1 0 0
    outer loop
      vertex 43.07 53.9644 5.97301
      vertex 43.07 59.33 4
      vertex 43.07 54.0371 5.90711
    endloop
  endfacet
  facet normal -1 0 0
    outer loop
      vertex 43.07 53.8856 6.03147
      vertex 43.07 59.33 4
      vertex 43.07 53.9644 5.97301
    endloop
  endfacet
  facet normal -1 0 0
    outer loop
      vertex 43.07 59.33 4
      vertex 43.07 53.8856 6.03147
      vertex 43.07 59.33 28
    endloop
  endfacet
  facet normal -1 0 0
    outer loop
      vertex 43.07 53.8014 6.08192
      vertex 43.07 59.33 28
      vertex 43.07 53.8856 6.03147
    endloop
  endfacet
  facet normal -1 0 0
    outer loop
      vertex 43.07 53.7127 6.12388
      vertex 43.07 59.33 28
      vertex 43.07 53.8014 6.08192
    endloop
  endfacet
  facet normal -1 0 0
    outer loop
      vertex 43.07 53.6203 6.15694
      vertex 43.07 59.33 28
      vertex 43.07 53.7127 6.12388
    endloop
  endfacet
  facet normal -1 0 0
    outer loop
      vertex 43.07 53.5251 6.18079
      vertex 43.07 59.33 28
      vertex 43.07 53.6203 6.15694
    endloop
  endfacet
  facet normal -1 0 0
    outer loop
      vertex 43.07 53.428 6.19518
      vertex 43.07 59.33 28
      vertex 43.07 53.5251 6.18079
    endloop
  endfacet
  facet normal -1 0 0
    outer loop
      vertex 43.07 53.33 6.2
      vertex 43.07 59.33 28
      vertex 43.07 53.428 6.19518
    endloop
  endfacet
  facet normal -1 0 0
    outer loop
      vertex 43.07 53.232 6.19518
      vertex 43.07 59.33 28
      vertex 43.07 53.33 6.2
    endloop
  endfacet
  facet normal -1 0 0
    outer loop
      vertex 43.07 53.1349 6.18079
      vertex 43.07 59.33 28
      vertex 43.07 53.232 6.19518
    endloop
  endfacet
  facet normal -1 0 0
    outer loop
      vertex 43.07 53.0397 6.15694
      vertex 43.07 59.33 28
      vertex 43.07 53.1349 6.18079
    endloop
  endfacet
  facet normal -1 0 0
    outer loop
      vertex 43.07 52.9473 6.12388
      vertex 43.07 59.33 28
      vertex 43.07 53.0397 6.15694
    endloop
  endfacet
  facet normal -1 0 0
    outer loop
      vertex 43.07 52.8586 6.08192
      vertex 43.07 59.33 28
      vertex 43.07 52.9473 6.12388
    endloop
  endfacet
  facet normal -1 0 0
    outer loop
      vertex 43.07 52.7744 6.03147
      vertex 43.07 59.33 28
      vertex 43.07 52.8586 6.08192
    endloop
  endfacet
  facet normal -1 0 0
    outer loop
      vertex 43.07 52.6956 5.97301
      vertex 43.07 59.33 28
      vertex 43.07 52.7744 6.03147
    endloop
  endfacet
  facet normal -1 0 0
    outer loop
      vertex 43.07 17.33 24.4
      vertex 43.07 52.6956 5.97301
      vertex 43.07 52.6229 5.90711
    endloop
  endfacet
  facet normal -1 0 0
    outer loop
      vertex 43.07 17.33 24.4
      vertex 43.07 52.6229 5.90711
      vertex 43.07 52.557 5.83439
    endloop
  endfacet
  facet normal -1 0 0
    outer loop
      vertex 43.07 17.33 24.4
      vertex 43.07 52.557 5.83439
      vertex 43.07 52.4985 5.75557
    endloop
  endfacet
  facet normal -1 0 0
    outer loop
      vertex 43.07 17.33 24.4
      vertex 43.07 52.4985 5.75557
      vertex 43.07 52.4481 5.6714
    endloop
  endfacet
  facet normal -1 0 0
    outer loop
      vertex 43.07 17.33 24.4
      vertex 43.07 52.4481 5.6714
      vertex 43.07 52.4061 5.58268
    endloop
  endfacet
  facet normal -1 0 0
    outer loop
      vertex 43.07 17.33 4
      vertex 43.07 52.4061 5.58268
      vertex 43.07 52.3731 5.49028
    endloop
  endfacet
  facet normal -1 0 0
    outer loop
      vertex 43.07 17.33 4
      vertex 43.07 52.3348 5.29802
      vertex 43.07 52.33 5.2
    endloop
  endfacet
  facet normal -1 0 0
    outer loop
      vertex 43.07 17.33 4
      vertex 43.07 52.3492 5.39509
      vertex 43.07 52.3348 5.29802
    endloop
  endfacet
  facet normal -1 0 0
    outer loop
      vertex 43.07 17.33 4
      vertex 43.07 52.3731 5.49028
      vertex 43.07 52.3492 5.39509
    endloop
  endfacet
  facet normal -1 -0 0
    outer loop
      vertex 43.07 52.4061 5.58268
      vertex 43.07 17.33 4
      vertex 43.07 17.33 24.4
    endloop
  endfacet
  facet normal -1 0 0
    outer loop
      vertex 43.07 52.6956 5.97301
      vertex 43.07 17.33 24.4
      vertex 43.07 59.33 28
    endloop
  endfacet
  facet normal -1 0 0
    outer loop
      vertex 43.07 -15.13 28
      vertex 43.07 17.33 24.4
      vertex 43.07 15.13 24.4
    endloop
  endfacet
  facet normal -1 0 0
    outer loop
      vertex 43.07 17.33 24.4
      vertex 43.07 -15.13 28
      vertex 43.07 59.33 28
    endloop
  endfacet
  facet normal -1 0 0
    outer loop
      vertex 43.07 -15.13 28
      vertex 43.07 15.13 24.4
      vertex 43.07 -15.13 4
    endloop
  endfacet
  facet normal -0 0 1
    outer loop
      vertex -43.07 15.13 4
      vertex -34.05 6 4
      vertex -34.05 15.13 4
    endloop
  endfacet
  facet normal 0 0 1
    outer loop
      vertex -34.05 6 4
      vertex -43.07 15.13 4
      vertex -34.05 -6 4
    endloop
  endfacet
  facet normal 0 0 1
    outer loop
      vertex -43.07 -15.13 4
      vertex -34.05 -6 4
      vertex -43.07 15.13 4
    endloop
  endfacet
  facet normal 0 0 1
    outer loop
      vertex -34.05 -6 4
      vertex -43.07 -15.13 4
      vertex -34.05 -15.13 4
    endloop
  endfacet
  facet normal -0 0 1
    outer loop
      vertex -34.05 6 4
      vertex -32.05 -6 4
      vertex -32.05 6 4
    endloop
  endfacet
  facet normal 0 0 1
    outer loop
      vertex -32.05 -6 4
      vertex -34.05 6 4
      vertex -34.05 -6 4
    endloop
  endfacet
  facet normal -0 0 1
    outer loop
      vertex 30.01 10.51 4
      vertex 32.05 6 4
      vertex 32.05 15.13 4
    endloop
  endfacet
  facet normal 0 0 1
    outer loop
      vertex 32.05 6 4
      vertex 30.01 10.51 4
      vertex 32.05 -6 4
    endloop
  endfacet
  facet normal 0 0 1
    outer loop
      vertex 30.01 -10.51 4
      vertex 32.05 -6 4
      vertex 30.01 10.51 4
    endloop
  endfacet
  facet normal 0 0 1
    outer loop
      vertex 32.05 15.13 4
      vertex 30.0004 10.706 4
      vertex 30.01 10.51 4
    endloop
  endfacet
  facet normal 0 0 1
    outer loop
      vertex 32.05 15.13 4
      vertex 29.9716 10.9002 4
      vertex 30.0004 10.706 4
    endloop
  endfacet
  facet normal 0 0 1
    outer loop
      vertex 32.05 15.13 4
      vertex 29.9239 11.0906 4
      vertex 29.9716 10.9002 4
    endloop
  endfacet
  facet normal 0 0 1
    outer loop
      vertex 32.05 15.13 4
      vertex 29.8578 11.2754 4
      vertex 29.9239 11.0906 4
    endloop
  endfacet
  facet normal 0 0 1
    outer loop
      vertex 32.05 15.13 4
      vertex 29.7738 11.4528 4
      vertex 29.8578 11.2754 4
    endloop
  endfacet
  facet normal 0 0 1
    outer loop
      vertex 32.05 15.13 4
      vertex 29.6729 11.6211 4
      vertex 29.7738 11.4528 4
    endloop
  endfacet
  facet normal 0 0 1
    outer loop
      vertex 32.05 15.13 4
      vertex 29.556 11.7788 4
      vertex 29.6729 11.6211 4
    endloop
  endfacet
  facet normal 0 0 1
    outer loop
      vertex 32.05 15.13 4
      vertex 29.4242 11.9242 4
      vertex 29.556 11.7788 4
    endloop
  endfacet
  facet normal 0 0 1
    outer loop
      vertex 32.05 15.13 4
      vertex 29.2788 12.056 4
      vertex 29.4242 11.9242 4
    endloop
  endfacet
  facet normal 0 0 1
    outer loop
      vertex 32.05 15.13 4
      vertex 29.1211 12.1729 4
      vertex 29.2788 12.056 4
    endloop
  endfacet
  facet normal 0 0 1
    outer loop
      vertex 32.05 15.13 4
      vertex 28.9528 12.2738 4
      vertex 29.1211 12.1729 4
    endloop
  endfacet
  facet normal 0 0 1
    outer loop
      vertex 32.05 15.13 4
      vertex 28.7754 12.3578 4
      vertex 28.9528 12.2738 4
    endloop
  endfacet
  facet normal 0 0 1
    outer loop
      vertex 32.05 15.13 4
      vertex 28.5906 12.4239 4
      vertex 28.7754 12.3578 4
    endloop
  endfacet
  facet normal 0 0 1
    outer loop
      vertex 32.05 15.13 4
      vertex 28.4002 12.4716 4
      vertex 28.5906 12.4239 4
    endloop
  endfacet
  facet normal 0 0 1
    outer loop
      vertex 32.05 15.13 4
      vertex 28.206 12.5004 4
      vertex 28.4002 12.4716 4
    endloop
  endfacet
  facet normal 0 0 1
    outer loop
      vertex 32.05 15.13 4
      vertex 28.01 12.51 4
      vertex 28.206 12.5004 4
    endloop
  endfacet
  facet normal 0 0 1
    outer loop
      vertex 32.05 15.13 4
      vertex -28.01 12.51 4
      vertex 28.01 12.51 4
    endloop
  endfacet
  facet normal 0 0 1
    outer loop
      vertex -32.05 6 4
      vertex -30.01 10.51 4
      vertex -32.05 15.13 4
    endloop
  endfacet
  facet normal 0 0 1
    outer loop
      vertex -30.0004 10.706 4
      vertex -32.05 15.13 4
      vertex -30.01 10.51 4
    endloop
  endfacet
  facet normal 0 0 1
    outer loop
      vertex -29.9716 10.9002 4
      vertex -32.05 15.13 4
      vertex -30.0004 10.706 4
    endloop
  endfacet
  facet normal 0 0 1
    outer loop
      vertex -29.9239 11.0906 4
      vertex -32.05 15.13 4
      vertex -29.9716 10.9002 4
    endloop
  endfacet
  facet normal 0 0 1
    outer loop
      vertex -29.8578 11.2754 4
      vertex -32.05 15.13 4
      vertex -29.9239 11.0906 4
    endloop
  endfacet
  facet normal 0 0 1
    outer loop
      vertex -29.7738 11.4528 4
      vertex -32.05 15.13 4
      vertex -29.8578 11.2754 4
    endloop
  endfacet
  facet normal 0 0 1
    outer loop
      vertex -29.6729 11.6211 4
      vertex -32.05 15.13 4
      vertex -29.7738 11.4528 4
    endloop
  endfacet
  facet normal 0 0 1
    outer loop
      vertex -29.556 11.7788 4
      vertex -32.05 15.13 4
      vertex -29.6729 11.6211 4
    endloop
  endfacet
  facet normal 0 0 1
    outer loop
      vertex -29.4242 11.9242 4
      vertex -32.05 15.13 4
      vertex -29.556 11.7788 4
    endloop
  endfacet
  facet normal 0 0 1
    outer loop
      vertex -29.2788 12.056 4
      vertex -32.05 15.13 4
      vertex -29.4242 11.9242 4
    endloop
  endfacet
  facet normal 0 0 1
    outer loop
      vertex -29.1211 12.1729 4
      vertex -32.05 15.13 4
      vertex -29.2788 12.056 4
    endloop
  endfacet
  facet normal 0 0 1
    outer loop
      vertex -28.9528 12.2738 4
      vertex -32.05 15.13 4
      vertex -29.1211 12.1729 4
    endloop
  endfacet
  facet normal 0 0 1
    outer loop
      vertex -28.7754 12.3578 4
      vertex -32.05 15.13 4
      vertex -28.9528 12.2738 4
    endloop
  endfacet
  facet normal 0 0 1
    outer loop
      vertex -28.5906 12.4239 4
      vertex -32.05 15.13 4
      vertex -28.7754 12.3578 4
    endloop
  endfacet
  facet normal 0 0 1
    outer loop
      vertex -28.4002 12.4716 4
      vertex -32.05 15.13 4
      vertex -28.5906 12.4239 4
    endloop
  endfacet
  facet normal 0 0 1
    outer loop
      vertex -28.206 12.5004 4
      vertex -32.05 15.13 4
      vertex -28.4002 12.4716 4
    endloop
  endfacet
  facet normal 0 0 1
    outer loop
      vertex -28.01 12.51 4
      vertex -32.05 15.13 4
      vertex -28.206 12.5004 4
    endloop
  endfacet
  facet normal -0 0 1
    outer loop
      vertex -32.05 15.13 4
      vertex -28.01 12.51 4
      vertex 32.05 15.13 4
    endloop
  endfacet
  facet normal -0 0 1
    outer loop
      vertex 32.05 6 4
      vertex 34.05 -6 4
      vertex 34.05 6 4
    endloop
  endfacet
  facet normal 0 0 1
    outer loop
      vertex 34.05 -6 4
      vertex 32.05 6 4
      vertex 32.05 -6 4
    endloop
  endfacet
  facet normal 0 0 1
    outer loop
      vertex 34.05 6 4
      vertex 43.07 15.13 4
      vertex 34.05 15.13 4
    endloop
  endfacet
  facet normal 0 0 1
    outer loop
      vertex 43.07 15.13 4
      vertex 34.05 6 4
      vertex 43.07 -15.13 4
    endloop
  endfacet
  facet normal -0 0 1
    outer loop
      vertex 34.05 -6 4
      vertex 43.07 -15.13 4
      vertex 34.05 6 4
    endloop
  endfacet
  facet normal 0 0 1
    outer loop
      vertex 43.07 -15.13 4
      vertex 34.05 -6 4
      vertex 34.05 -15.13 4
    endloop
  endfacet
  facet normal 0 0 1
    outer loop
      vertex 32.05 -6 4
      vertex 30.01 -10.51 4
      vertex 32.05 -15.13 4
    endloop
  endfacet
  facet normal -0 0 1
    outer loop
      vertex 30.0004 -10.706 4
      vertex 32.05 -15.13 4
      vertex 30.01 -10.51 4
    endloop
  endfacet
  facet normal -0 0 1
    outer loop
      vertex 29.9716 -10.9002 4
      vertex 32.05 -15.13 4
      vertex 30.0004 -10.706 4
    endloop
  endfacet
  facet normal -0 0 1
    outer loop
      vertex 29.9239 -11.0906 4
      vertex 32.05 -15.13 4
      vertex 29.9716 -10.9002 4
    endloop
  endfacet
  facet normal -0 0 1
    outer loop
      vertex 29.8578 -11.2754 4
      vertex 32.05 -15.13 4
      vertex 29.9239 -11.0906 4
    endloop
  endfacet
  facet normal -0 0 1
    outer loop
      vertex 29.7738 -11.4528 4
      vertex 32.05 -15.13 4
      vertex 29.8578 -11.2754 4
    endloop
  endfacet
  facet normal -0 0 1
    outer loop
      vertex 29.6729 -11.6211 4
      vertex 32.05 -15.13 4
      vertex 29.7738 -11.4528 4
    endloop
  endfacet
  facet normal -0 0 1
    outer loop
      vertex 29.556 -11.7788 4
      vertex 32.05 -15.13 4
      vertex 29.6729 -11.6211 4
    endloop
  endfacet
  facet normal -0 0 1
    outer loop
      vertex 29.4242 -11.9242 4
      vertex 32.05 -15.13 4
      vertex 29.556 -11.7788 4
    endloop
  endfacet
  facet normal -0 0 1
    outer loop
      vertex 29.2788 -12.056 4
      vertex 32.05 -15.13 4
      vertex 29.4242 -11.9242 4
    endloop
  endfacet
  facet normal -0 0 1
    outer loop
      vertex 29.1211 -12.1729 4
      vertex 32.05 -15.13 4
      vertex 29.2788 -12.056 4
    endloop
  endfacet
  facet normal -0 0 1
    outer loop
      vertex 28.9528 -12.2738 4
      vertex 32.05 -15.13 4
      vertex 29.1211 -12.1729 4
    endloop
  endfacet
  facet normal -0 0 1
    outer loop
      vertex 28.7754 -12.3578 4
      vertex 32.05 -15.13 4
      vertex 28.9528 -12.2738 4
    endloop
  endfacet
  facet normal -0 0 1
    outer loop
      vertex 28.5906 -12.4239 4
      vertex 32.05 -15.13 4
      vertex 28.7754 -12.3578 4
    endloop
  endfacet
  facet normal -0 0 1
    outer loop
      vertex 28.4002 -12.4716 4
      vertex 32.05 -15.13 4
      vertex 28.5906 -12.4239 4
    endloop
  endfacet
  facet normal -0 0 1
    outer loop
      vertex 28.206 -12.5004 4
      vertex 32.05 -15.13 4
      vertex 28.4002 -12.4716 4
    endloop
  endfacet
  facet normal -0 0 1
    outer loop
      vertex 28.01 -12.51 4
      vertex 32.05 -15.13 4
      vertex 28.206 -12.5004 4
    endloop
  endfacet
  facet normal -0 0 1
    outer loop
      vertex -28.01 -12.51 4
      vertex 32.05 -15.13 4
      vertex 28.01 -12.51 4
    endloop
  endfacet
  facet normal 0 0 1
    outer loop
      vertex -30.01 10.51 4
      vertex -32.05 6 4
      vertex -30.01 -10.51 4
    endloop
  endfacet
  facet normal -0 0 1
    outer loop
      vertex -32.05 -6 4
      vertex -30.01 -10.51 4
      vertex -32.05 6 4
    endloop
  endfacet
  facet normal 0 0 1
    outer loop
      vertex -32.05 -15.13 4
      vertex -30.01 -10.51 4
      vertex -32.05 -6 4
    endloop
  endfacet
  facet normal 0 0 1
    outer loop
      vertex -30.01 -10.51 4
      vertex -32.05 -15.13 4
      vertex -30.0004 -10.706 4
    endloop
  endfacet
  facet normal 0 0 1
    outer loop
      vertex -30.0004 -10.706 4
      vertex -32.05 -15.13 4
      vertex -29.9716 -10.9002 4
    endloop
  endfacet
  facet normal 0 0 1
    outer loop
      vertex -29.9716 -10.9002 4
      vertex -32.05 -15.13 4
      vertex -29.9239 -11.0906 4
    endloop
  endfacet
  facet normal 0 0 1
    outer loop
      vertex -28.01 -12.51 4
      vertex -32.05 -15.13 4
      vertex 32.05 -15.13 4
    endloop
  endfacet
  facet normal 0 0 1
    outer loop
      vertex -28.206 -12.5004 4
      vertex -32.05 -15.13 4
      vertex -28.01 -12.51 4
    endloop
  endfacet
  facet normal 0 0 1
    outer loop
      vertex -28.4002 -12.4716 4
      vertex -32.05 -15.13 4
      vertex -28.206 -12.5004 4
    endloop
  endfacet
  facet normal 0 0 1
    outer loop
      vertex -28.5906 -12.4239 4
      vertex -32.05 -15.13 4
      vertex -28.4002 -12.4716 4
    endloop
  endfacet
  facet normal 0 0 1
    outer loop
      vertex -28.7754 -12.3578 4
      vertex -32.05 -15.13 4
      vertex -28.5906 -12.4239 4
    endloop
  endfacet
  facet normal 0 0 1
    outer loop
      vertex -28.9528 -12.2738 4
      vertex -32.05 -15.13 4
      vertex -28.7754 -12.3578 4
    endloop
  endfacet
  facet normal 0 0 1
    outer loop
      vertex -29.1211 -12.1729 4
      vertex -32.05 -15.13 4
      vertex -28.9528 -12.2738 4
    endloop
  endfacet
  facet normal 0 0 1
    outer loop
      vertex -29.2788 -12.056 4
      vertex -32.05 -15.13 4
      vertex -29.1211 -12.1729 4
    endloop
  endfacet
  facet normal 0 0 1
    outer loop
      vertex -29.4242 -11.9242 4
      vertex -32.05 -15.13 4
      vertex -29.2788 -12.056 4
    endloop
  endfacet
  facet normal 0 0 1
    outer loop
      vertex -29.556 -11.7788 4
      vertex -32.05 -15.13 4
      vertex -29.4242 -11.9242 4
    endloop
  endfacet
  facet normal 0 0 1
    outer loop
      vertex -29.6729 -11.6211 4
      vertex -32.05 -15.13 4
      vertex -29.556 -11.7788 4
    endloop
  endfacet
  facet normal 0 0 1
    outer loop
      vertex -29.7738 -11.4528 4
      vertex -32.05 -15.13 4
      vertex -29.6729 -11.6211 4
    endloop
  endfacet
  facet normal 0 0 1
    outer loop
      vertex -29.8578 -11.2754 4
      vertex -32.05 -15.13 4
      vertex -29.7738 -11.4528 4
    endloop
  endfacet
  facet normal 0 0 1
    outer loop
      vertex -29.9239 -11.0906 4
      vertex -32.05 -15.13 4
      vertex -29.8578 -11.2754 4
    endloop
  endfacet
  facet normal -0 0 1
    outer loop
      vertex -18.2 45.13 4
      vertex 18.2 21.33 4
      vertex 18.2 45.13 4
    endloop
  endfacet
  facet normal 0 0 1
    outer loop
      vertex 18.2 21.33 4
      vertex -18.2 45.13 4
      vertex -18.2 21.33 4
    endloop
  endfacet
  facet normal 0 0 1
    outer loop
      vertex 22 59.33 4
      vertex -18.2 47.13 4
      vertex 18.2 47.13 4
    endloop
  endfacet
  facet normal 0 0 1
    outer loop
      vertex -43.07 59.33 4
      vertex -18.2 45.13 4
      vertex -18.2 47.13 4
    endloop
  endfacet
  facet normal 0 0 1
    outer loop
      vertex -18.2 45.13 4
      vertex -43.07 17.33 4
      vertex -18.2 21.33 4
    endloop
  endfacet
  facet normal -0 0 1
    outer loop
      vertex -43.07 59.33 4
      vertex -18.2 47.13 4
      vertex -22 59.33 4
    endloop
  endfacet
  facet normal -0 0 1
    outer loop
      vertex -22 59.33 4
      vertex -18.2 47.13 4
      vertex 22 59.33 4
    endloop
  endfacet
  facet normal 0 0 1
    outer loop
      vertex 18.2 47.13 4
      vertex 43.07 59.33 4
      vertex 22 59.33 4
    endloop
  endfacet
  facet normal 0 0 1
    outer loop
      vertex 43.07 59.33 4
      vertex 18.2 47.13 4
      vertex 18.2 45.13 4
    endloop
  endfacet
  facet normal 0 0 1
    outer loop
      vertex 43.07 59.33 4
      vertex 18.2 45.13 4
      vertex 43.07 17.33 4
    endloop
  endfacet
  facet normal -0 0 1
    outer loop
      vertex 18.2 21.33 4
      vertex 43.07 17.33 4
      vertex 18.2 45.13 4
    endloop
  endfacet
  facet normal -0 0 1
    outer loop
      vertex 18.2 19.33 4
      vertex 43.07 17.33 4
      vertex 18.2 21.33 4
    endloop
  endfacet
  facet normal -0 0 1
    outer loop
      vertex -18.2 19.33 4
      vertex 43.07 17.33 4
      vertex 18.2 19.33 4
    endloop
  endfacet
  facet normal 0 0 1
    outer loop
      vertex -18.2 45.13 4
      vertex -43.07 59.33 4
      vertex -43.07 17.33 4
    endloop
  endfacet
  facet normal 0 0 1
    outer loop
      vertex -18.2 19.33 4
      vertex -43.07 17.33 4
      vertex 43.07 17.33 4
    endloop
  endfacet
  facet normal 0 0 1
    outer loop
      vertex -18.2 21.33 4
      vertex -43.07 17.33 4
      vertex -18.2 19.33 4
    endloop
  endfacet
  facet normal 1 0 0
    outer loop
      vertex -43.07 59.33 28
      vertex -43.07 17.33 24.4
      vertex -43.07 59.33 4
    endloop
  endfacet
  facet normal 1 -0 0
    outer loop
      vertex -43.07 -15.13 28
      vertex -43.07 17.33 24.4
      vertex -43.07 59.33 28
    endloop
  endfacet
  facet normal 1 0 0
    outer loop
      vertex -43.07 17.33 24.4
      vertex -43.07 -15.13 28
      vertex -43.07 15.13 24.4
    endloop
  endfacet
  facet normal 1 0 0
    outer loop
      vertex -43.07 -15.13 4
      vertex -43.07 15.13 24.4
      vertex -43.07 -15.13 28
    endloop
  endfacet
  facet normal 1 0 0
    outer loop
      vertex -43.07 15.13 24.4
      vertex -43.07 -15.13 4
      vertex -43.07 15.13 4
    endloop
  endfacet
  facet normal 1 0 0
    outer loop
      vertex -43.07 59.33 4
      vertex -43.07 17.33 24.4
      vertex -43.07 17.33 4
    endloop
  endfacet
  facet normal 0 -1 0
    outer loop
      vertex 20.9218 59.33 25.947
      vertex 43.07 59.33 28
      vertex -20.9218 59.33 25.947
    endloop
  endfacet
  facet normal 0 -1 0
    outer loop
      vertex 43.07 59.33 28
      vertex 20.9218 59.33 25.947
      vertex 22 59.33 26
    endloop
  endfacet
  facet normal 0 -1 0
    outer loop
      vertex -19.854 59.33 25.7886
      vertex 20.9218 59.33 25.947
      vertex -20.9218 59.33 25.947
    endloop
  endfacet
  facet normal 0 -1 0
    outer loop
      vertex -19.854 59.33 25.7886
      vertex 19.854 59.33 25.7886
      vertex 20.9218 59.33 25.947
    endloop
  endfacet
  facet normal 0 -1 0
    outer loop
      vertex -18.8069 59.33 25.5263
      vertex 19.854 59.33 25.7886
      vertex -19.854 59.33 25.7886
    endloop
  endfacet
  facet normal 0 -1 0
    outer loop
      vertex -18.8069 59.33 25.5263
      vertex 18.8069 59.33 25.5263
      vertex 19.854 59.33 25.7886
    endloop
  endfacet
  facet normal 0 -1 0
    outer loop
      vertex -17.7905 59.33 25.1627
      vertex 18.8069 59.33 25.5263
      vertex -18.8069 59.33 25.5263
    endloop
  endfacet
  facet normal 0 -1 0
    outer loop
      vertex -17.7905 59.33 25.1627
      vertex 17.7905 59.33 25.1627
      vertex 18.8069 59.33 25.5263
    endloop
  endfacet
  facet normal 0 -1 0
    outer loop
      vertex -16.8146 59.33 24.7011
      vertex 17.7905 59.33 25.1627
      vertex -17.7905 59.33 25.1627
    endloop
  endfacet
  facet normal 0 -1 0
    outer loop
      vertex -16.8146 59.33 24.7011
      vertex 16.8146 59.33 24.7011
      vertex 17.7905 59.33 25.1627
    endloop
  endfacet
  facet normal 0 -1 0
    outer loop
      vertex -15.8887 59.33 24.1462
      vertex 16.8146 59.33 24.7011
      vertex -16.8146 59.33 24.7011
    endloop
  endfacet
  facet normal 0 -1 0
    outer loop
      vertex -15.8887 59.33 24.1462
      vertex 15.8887 59.33 24.1462
      vertex 16.8146 59.33 24.7011
    endloop
  endfacet
  facet normal 0 -1 0
    outer loop
      vertex -15.0217 59.33 23.5031
      vertex 15.8887 59.33 24.1462
      vertex -15.8887 59.33 24.1462
    endloop
  endfacet
  facet normal 0 -1 0
    outer loop
      vertex -15.0217 59.33 23.5031
      vertex 15.0217 59.33 23.5031
      vertex 15.8887 59.33 24.1462
    endloop
  endfacet
  facet normal 0 -1 0
    outer loop
      vertex -14.2218 59.33 22.7782
      vertex 15.0217 59.33 23.5031
      vertex -15.0217 59.33 23.5031
    endloop
  endfacet
  facet normal 0 -1 0
    outer loop
      vertex -14.2218 59.33 22.7782
      vertex 14.2218 59.33 22.7782
      vertex 15.0217 59.33 23.5031
    endloop
  endfacet
  facet normal 0 -1 0
    outer loop
      vertex -13.4969 59.33 21.9783
      vertex 14.2218 59.33 22.7782
      vertex -14.2218 59.33 22.7782
    endloop
  endfacet
  facet normal 0 -1 0
    outer loop
      vertex -13.4969 59.33 21.9783
      vertex 13.4969 59.33 21.9783
      vertex 14.2218 59.33 22.7782
    endloop
  endfacet
  facet normal 0 -1 0
    outer loop
      vertex -12.8538 59.33 21.1113
      vertex 13.4969 59.33 21.9783
      vertex -13.4969 59.33 21.9783
    endloop
  endfacet
  facet normal 0 -1 0
    outer loop
      vertex -12.8538 59.33 21.1113
      vertex 12.8538 59.33 21.1113
      vertex 13.4969 59.33 21.9783
    endloop
  endfacet
  facet normal 0 -1 0
    outer loop
      vertex -12.2989 59.33 20.1854
      vertex 12.8538 59.33 21.1113
      vertex -12.8538 59.33 21.1113
    endloop
  endfacet
  facet normal 0 -1 0
    outer loop
      vertex -12.2989 59.33 20.1854
      vertex 12.2989 59.33 20.1854
      vertex 12.8538 59.33 21.1113
    endloop
  endfacet
  facet normal 0 -1 0
    outer loop
      vertex -11.8373 59.33 19.2095
      vertex 12.2989 59.33 20.1854
      vertex -12.2989 59.33 20.1854
    endloop
  endfacet
  facet normal 0 -1 0
    outer loop
      vertex -11.8373 59.33 19.2095
      vertex 11.8373 59.33 19.2095
      vertex 12.2989 59.33 20.1854
    endloop
  endfacet
  facet normal 0 -1 0
    outer loop
      vertex -11.4737 59.33 18.1931
      vertex 11.8373 59.33 19.2095
      vertex -11.8373 59.33 19.2095
    endloop
  endfacet
  facet normal 0 -1 0
    outer loop
      vertex -11.4737 59.33 18.1931
      vertex 11.4737 59.33 18.1931
      vertex 11.8373 59.33 19.2095
    endloop
  endfacet
  facet normal 0 -1 0
    outer loop
      vertex -11.2114 59.33 17.146
      vertex 11.4737 59.33 18.1931
      vertex -11.4737 59.33 18.1931
    endloop
  endfacet
  facet normal 0 -1 0
    outer loop
      vertex -11.2114 59.33 17.146
      vertex 11.2114 59.33 17.146
      vertex 11.4737 59.33 18.1931
    endloop
  endfacet
  facet normal 0 -1 0
    outer loop
      vertex -11.053 59.33 16.0782
      vertex 11.2114 59.33 17.146
      vertex -11.2114 59.33 17.146
    endloop
  endfacet
  facet normal 0 -1 0
    outer loop
      vertex -11.053 59.33 16.0782
      vertex 11.053 59.33 16.0782
      vertex 11.2114 59.33 17.146
    endloop
  endfacet
  facet normal 0 -1 0
    outer loop
      vertex -11 59.33 15
      vertex 11.053 59.33 16.0782
      vertex -11.053 59.33 16.0782
    endloop
  endfacet
  facet normal 0 -1 0
    outer loop
      vertex -11 59.33 15
      vertex 11 59.33 15
      vertex 11.053 59.33 16.0782
    endloop
  endfacet
  facet normal 0 -1 0
    outer loop
      vertex -11.053 59.33 13.9218
      vertex 11 59.33 15
      vertex -11 59.33 15
    endloop
  endfacet
  facet normal 0 -1 0
    outer loop
      vertex -11.053 59.33 13.9218
      vertex 11.053 59.33 13.9218
      vertex 11 59.33 15
    endloop
  endfacet
  facet normal 0 -1 0
    outer loop
      vertex -11.2114 59.33 12.854
      vertex 11.053 59.33 13.9218
      vertex -11.053 59.33 13.9218
    endloop
  endfacet
  facet normal 0 -1 0
    outer loop
      vertex -11.2114 59.33 12.854
      vertex 11.2114 59.33 12.854
      vertex 11.053 59.33 13.9218
    endloop
  endfacet
  facet normal 0 -1 0
    outer loop
      vertex -11.4737 59.33 11.8069
      vertex 11.2114 59.33 12.854
      vertex -11.2114 59.33 12.854
    endloop
  endfacet
  facet normal 0 -1 0
    outer loop
      vertex -11.4737 59.33 11.8069
      vertex 11.4737 59.33 11.8069
      vertex 11.2114 59.33 12.854
    endloop
  endfacet
  facet normal 0 -1 0
    outer loop
      vertex -11.8373 59.33 10.7905
      vertex 11.4737 59.33 11.8069
      vertex -11.4737 59.33 11.8069
    endloop
  endfacet
  facet normal 0 -1 0
    outer loop
      vertex -11.8373 59.33 10.7905
      vertex 11.8373 59.33 10.7905
      vertex 11.4737 59.33 11.8069
    endloop
  endfacet
  facet normal 0 -1 0
    outer loop
      vertex -12.2989 59.33 9.81464
      vertex 11.8373 59.33 10.7905
      vertex -11.8373 59.33 10.7905
    endloop
  endfacet
  facet normal 0 -1 0
    outer loop
      vertex -12.2989 59.33 9.81464
      vertex 12.2989 59.33 9.81464
      vertex 11.8373 59.33 10.7905
    endloop
  endfacet
  facet normal 0 -1 0
    outer loop
      vertex -12.8538 59.33 8.88873
      vertex 12.2989 59.33 9.81464
      vertex -12.2989 59.33 9.81464
    endloop
  endfacet
  facet normal 0 -1 0
    outer loop
      vertex -12.8538 59.33 8.88873
      vertex 12.8538 59.33 8.88873
      vertex 12.2989 59.33 9.81464
    endloop
  endfacet
  facet normal 0 -1 0
    outer loop
      vertex -13.4969 59.33 8.02167
      vertex 12.8538 59.33 8.88873
      vertex -12.8538 59.33 8.88873
    endloop
  endfacet
  facet normal 0 -1 0
    outer loop
      vertex -13.4969 59.33 8.02167
      vertex 13.4969 59.33 8.02167
      vertex 12.8538 59.33 8.88873
    endloop
  endfacet
  facet normal 0 -1 0
    outer loop
      vertex -14.2218 59.33 7.22182
      vertex 13.4969 59.33 8.02167
      vertex -13.4969 59.33 8.02167
    endloop
  endfacet
  facet normal 0 -1 0
    outer loop
      vertex -14.2218 59.33 7.22182
      vertex 14.2218 59.33 7.22182
      vertex 13.4969 59.33 8.02167
    endloop
  endfacet
  facet normal 0 -1 0
    outer loop
      vertex -15.0217 59.33 6.49688
      vertex 14.2218 59.33 7.22182
      vertex -14.2218 59.33 7.22182
    endloop
  endfacet
  facet normal 0 -1 0
    outer loop
      vertex -15.0217 59.33 6.49688
      vertex 15.0217 59.33 6.49688
      vertex 14.2218 59.33 7.22182
    endloop
  endfacet
  facet normal 0 -1 0
    outer loop
      vertex -15.8887 59.33 5.85383
      vertex 15.0217 59.33 6.49688
      vertex -15.0217 59.33 6.49688
    endloop
  endfacet
  facet normal 0 -1 0
    outer loop
      vertex -15.8887 59.33 5.85383
      vertex 15.8887 59.33 5.85383
      vertex 15.0217 59.33 6.49688
    endloop
  endfacet
  facet normal 0 -1 0
    outer loop
      vertex -16.8146 59.33 5.29887
      vertex 15.8887 59.33 5.85383
      vertex -15.8887 59.33 5.85383
    endloop
  endfacet
  facet normal 0 -1 0
    outer loop
      vertex -16.8146 59.33 5.29887
      vertex 16.8146 59.33 5.29887
      vertex 15.8887 59.33 5.85383
    endloop
  endfacet
  facet normal 0 -1 0
    outer loop
      vertex -17.7905 59.33 4.83733
      vertex 16.8146 59.33 5.29887
      vertex -16.8146 59.33 5.29887
    endloop
  endfacet
  facet normal 0 -1 0
    outer loop
      vertex -17.7905 59.33 4.83733
      vertex 17.7905 59.33 4.83733
      vertex 16.8146 59.33 5.29887
    endloop
  endfacet
  facet normal 0 -1 0
    outer loop
      vertex -18.8069 59.33 4.47366
      vertex 17.7905 59.33 4.83733
      vertex -17.7905 59.33 4.83733
    endloop
  endfacet
  facet normal 0 -1 0
    outer loop
      vertex -18.8069 59.33 4.47366
      vertex 18.8069 59.33 4.47366
      vertex 17.7905 59.33 4.83733
    endloop
  endfacet
  facet normal 0 -1 0
    outer loop
      vertex -19.854 59.33 4.21136
      vertex 18.8069 59.33 4.47366
      vertex -18.8069 59.33 4.47366
    endloop
  endfacet
  facet normal 0 -1 0
    outer loop
      vertex -19.854 59.33 4.21136
      vertex 19.854 59.33 4.21136
      vertex 18.8069 59.33 4.47366
    endloop
  endfacet
  facet normal 0 -1 0
    outer loop
      vertex -20.9218 59.33 4.05297
      vertex 19.854 59.33 4.21136
      vertex -19.854 59.33 4.21136
    endloop
  endfacet
  facet normal 0 -1 0
    outer loop
      vertex -20.9218 59.33 4.05297
      vertex 20.9218 59.33 4.05297
      vertex 19.854 59.33 4.21136
    endloop
  endfacet
  facet normal 0 -1 0
    outer loop
      vertex -22 59.33 4
      vertex 20.9218 59.33 4.05297
      vertex -20.9218 59.33 4.05297
    endloop
  endfacet
  facet normal 0 -1 -0
    outer loop
      vertex 20.9218 59.33 4.05297
      vertex -22 59.33 4
      vertex 22 59.33 4
    endloop
  endfacet
  facet normal 0 -1 0
    outer loop
      vertex -20.9218 59.33 25.947
      vertex -43.07 59.33 28
      vertex -22 59.33 26
    endloop
  endfacet
  facet normal 0 -1 0
    outer loop
      vertex -43.07 59.33 28
      vertex -23.0782 59.33 25.947
      vertex -22 59.33 26
    endloop
  endfacet
  facet normal 0 -1 0
    outer loop
      vertex -43.07 59.33 28
      vertex -24.146 59.33 25.7886
      vertex -23.0782 59.33 25.947
    endloop
  endfacet
  facet normal 0 -1 0
    outer loop
      vertex -43.07 59.33 28
      vertex -25.1931 59.33 25.5263
      vertex -24.146 59.33 25.7886
    endloop
  endfacet
  facet normal 0 -1 0
    outer loop
      vertex -43.07 59.33 28
      vertex -26.2095 59.33 25.1627
      vertex -25.1931 59.33 25.5263
    endloop
  endfacet
  facet normal 0 -1 0
    outer loop
      vertex -43.07 59.33 28
      vertex -27.1854 59.33 24.7011
      vertex -26.2095 59.33 25.1627
    endloop
  endfacet
  facet normal 0 -1 0
    outer loop
      vertex -43.07 59.33 28
      vertex -28.1113 59.33 24.1462
      vertex -27.1854 59.33 24.7011
    endloop
  endfacet
  facet normal 0 -1 0
    outer loop
      vertex -43.07 59.33 28
      vertex -28.9783 59.33 23.5031
      vertex -28.1113 59.33 24.1462
    endloop
  endfacet
  facet normal 0 -1 0
    outer loop
      vertex -43.07 59.33 28
      vertex -29.7782 59.33 22.7782
      vertex -28.9783 59.33 23.5031
    endloop
  endfacet
  facet normal 0 -1 0
    outer loop
      vertex -43.07 59.33 28
      vertex -30.5031 59.33 21.9783
      vertex -29.7782 59.33 22.7782
    endloop
  endfacet
  facet normal 0 -1 0
    outer loop
      vertex -43.07 59.33 28
      vertex -31.1462 59.33 21.1113
      vertex -30.5031 59.33 21.9783
    endloop
  endfacet
  facet normal 0 -1 0
    outer loop
      vertex -43.07 59.33 28
      vertex -31.7011 59.33 20.1854
      vertex -31.1462 59.33 21.1113
    endloop
  endfacet
  facet normal 0 -1 0
    outer loop
      vertex -43.07 59.33 28
      vertex -32.1627 59.33 19.2095
      vertex -31.7011 59.33 20.1854
    endloop
  endfacet
  facet normal 0 -1 0
    outer loop
      vertex -43.07 59.33 28
      vertex -32.5263 59.33 18.1931
      vertex -32.1627 59.33 19.2095
    endloop
  endfacet
  facet normal 0 -1 0
    outer loop
      vertex -43.07 59.33 28
      vertex -32.7886 59.33 17.146
      vertex -32.5263 59.33 18.1931
    endloop
  endfacet
  facet normal 0 -1 0
    outer loop
      vertex -43.07 59.33 28
      vertex -32.947 59.33 16.0782
      vertex -32.7886 59.33 17.146
    endloop
  endfacet
  facet normal 0 -1 0
    outer loop
      vertex -43.07 59.33 28
      vertex -33 59.33 15
      vertex -32.947 59.33 16.0782
    endloop
  endfacet
  facet normal 0 -1 0
    outer loop
      vertex -43.07 59.33 4
      vertex -33 59.33 15
      vertex -43.07 59.33 28
    endloop
  endfacet
  facet normal 0 -1 -0
    outer loop
      vertex -33 59.33 15
      vertex -43.07 59.33 4
      vertex -32.947 59.33 13.9218
    endloop
  endfacet
  facet normal 0 -1 -0
    outer loop
      vertex -32.947 59.33 13.9218
      vertex -43.07 59.33 4
      vertex -32.7886 59.33 12.854
    endloop
  endfacet
  facet normal 0 -1 -0
    outer loop
      vertex -32.7886 59.33 12.854
      vertex -43.07 59.33 4
      vertex -32.5263 59.33 11.8069
    endloop
  endfacet
  facet normal 0 -1 -0
    outer loop
      vertex -32.5263 59.33 11.8069
      vertex -43.07 59.33 4
      vertex -32.1627 59.33 10.7905
    endloop
  endfacet
  facet normal 0 -1 -0
    outer loop
      vertex -32.1627 59.33 10.7905
      vertex -43.07 59.33 4
      vertex -31.7011 59.33 9.81464
    endloop
  endfacet
  facet normal 0 -1 -0
    outer loop
      vertex -31.7011 59.33 9.81464
      vertex -43.07 59.33 4
      vertex -31.1462 59.33 8.88873
    endloop
  endfacet
  facet normal 0 -1 0
    outer loop
      vertex -43.07 59.33 4
      vertex -30.5031 59.33 8.02167
      vertex -31.1462 59.33 8.88873
    endloop
  endfacet
  facet normal 0 -1 0
    outer loop
      vertex -43.07 59.33 4
      vertex -29.7782 59.33 7.22182
      vertex -30.5031 59.33 8.02167
    endloop
  endfacet
  facet normal 0 -1 0
    outer loop
      vertex -43.07 59.33 4
      vertex -28.9783 59.33 6.49688
      vertex -29.7782 59.33 7.22182
    endloop
  endfacet
  facet normal 0 -1 0
    outer loop
      vertex -43.07 59.33 4
      vertex -28.1113 59.33 5.85383
      vertex -28.9783 59.33 6.49688
    endloop
  endfacet
  facet normal 0 -1 0
    outer loop
      vertex -43.07 59.33 4
      vertex -27.1854 59.33 5.29887
      vertex -28.1113 59.33 5.85383
    endloop
  endfacet
  facet normal 0 -1 0
    outer loop
      vertex -43.07 59.33 4
      vertex -26.2095 59.33 4.83733
      vertex -27.1854 59.33 5.29887
    endloop
  endfacet
  facet normal 0 -1 0
    outer loop
      vertex -43.07 59.33 4
      vertex -25.1931 59.33 4.47366
      vertex -26.2095 59.33 4.83733
    endloop
  endfacet
  facet normal 0 -1 0
    outer loop
      vertex -43.07 59.33 4
      vertex -24.146 59.33 4.21136
      vertex -25.1931 59.33 4.47366
    endloop
  endfacet
  facet normal 0 -1 0
    outer loop
      vertex -43.07 59.33 4
      vertex -23.0782 59.33 4.05297
      vertex -24.146 59.33 4.21136
    endloop
  endfacet
  facet normal 0 -1 -0
    outer loop
      vertex -23.0782 59.33 4.05297
      vertex -43.07 59.33 4
      vertex -22 59.33 4
    endloop
  endfacet
  facet normal 0 -1 0
    outer loop
      vertex -43.07 59.33 28
      vertex -20.9218 59.33 25.947
      vertex 43.07 59.33 28
    endloop
  endfacet
  facet normal 0 -1 0
    outer loop
      vertex 23.0782 59.33 25.947
      vertex 43.07 59.33 28
      vertex 22 59.33 26
    endloop
  endfacet
  facet normal 0 -1 0
    outer loop
      vertex 24.146 59.33 25.7886
      vertex 43.07 59.33 28
      vertex 23.0782 59.33 25.947
    endloop
  endfacet
  facet normal 0 -1 0
    outer loop
      vertex 25.1931 59.33 25.5263
      vertex 43.07 59.33 28
      vertex 24.146 59.33 25.7886
    endloop
  endfacet
  facet normal 0 -1 0
    outer loop
      vertex 26.2095 59.33 25.1627
      vertex 43.07 59.33 28
      vertex 25.1931 59.33 25.5263
    endloop
  endfacet
  facet normal 0 -1 0
    outer loop
      vertex 27.1854 59.33 24.7011
      vertex 43.07 59.33 28
      vertex 26.2095 59.33 25.1627
    endloop
  endfacet
  facet normal 0 -1 0
    outer loop
      vertex 28.1113 59.33 24.1462
      vertex 43.07 59.33 28
      vertex 27.1854 59.33 24.7011
    endloop
  endfacet
  facet normal 0 -1 0
    outer loop
      vertex 28.9783 59.33 23.5031
      vertex 43.07 59.33 28
      vertex 28.1113 59.33 24.1462
    endloop
  endfacet
  facet normal 0 -1 0
    outer loop
      vertex 29.7782 59.33 22.7782
      vertex 43.07 59.33 28
      vertex 28.9783 59.33 23.5031
    endloop
  endfacet
  facet normal 0 -1 0
    outer loop
      vertex 30.5031 59.33 21.9783
      vertex 43.07 59.33 28
      vertex 29.7782 59.33 22.7782
    endloop
  endfacet
  facet normal 0 -1 0
    outer loop
      vertex 31.1462 59.33 21.1113
      vertex 43.07 59.33 28
      vertex 30.5031 59.33 21.9783
    endloop
  endfacet
  facet normal 0 -1 0
    outer loop
      vertex 31.7011 59.33 20.1854
      vertex 43.07 59.33 28
      vertex 31.1462 59.33 21.1113
    endloop
  endfacet
  facet normal 0 -1 0
    outer loop
      vertex 32.1627 59.33 19.2095
      vertex 43.07 59.33 28
      vertex 31.7011 59.33 20.1854
    endloop
  endfacet
  facet normal 0 -1 0
    outer loop
      vertex 32.5263 59.33 18.1931
      vertex 43.07 59.33 28
      vertex 32.1627 59.33 19.2095
    endloop
  endfacet
  facet normal 0 -1 0
    outer loop
      vertex 32.7886 59.33 17.146
      vertex 43.07 59.33 28
      vertex 32.5263 59.33 18.1931
    endloop
  endfacet
  facet normal 0 -1 0
    outer loop
      vertex 32.947 59.33 16.0782
      vertex 43.07 59.33 28
      vertex 32.7886 59.33 17.146
    endloop
  endfacet
  facet normal 0 -1 0
    outer loop
      vertex 33 59.33 15
      vertex 43.07 59.33 28
      vertex 32.947 59.33 16.0782
    endloop
  endfacet
  facet normal 0 -1 0
    outer loop
      vertex 43.07 59.33 4
      vertex 33 59.33 15
      vertex 32.947 59.33 13.9218
    endloop
  endfacet
  facet normal 0 -1 0
    outer loop
      vertex 43.07 59.33 4
      vertex 32.947 59.33 13.9218
      vertex 32.7886 59.33 12.854
    endloop
  endfacet
  facet normal 0 -1 0
    outer loop
      vertex 43.07 59.33 4
      vertex 32.7886 59.33 12.854
      vertex 32.5263 59.33 11.8069
    endloop
  endfacet
  facet normal 0 -1 0
    outer loop
      vertex 43.07 59.33 4
      vertex 32.5263 59.33 11.8069
      vertex 32.1627 59.33 10.7905
    endloop
  endfacet
  facet normal 0 -1 0
    outer loop
      vertex 43.07 59.33 4
      vertex 32.1627 59.33 10.7905
      vertex 31.7011 59.33 9.81464
    endloop
  endfacet
  facet normal 0 -1 0
    outer loop
      vertex 43.07 59.33 4
      vertex 31.7011 59.33 9.81464
      vertex 31.1462 59.33 8.88873
    endloop
  endfacet
  facet normal 0 -1 0
    outer loop
      vertex 33 59.33 15
      vertex 43.07 59.33 4
      vertex 43.07 59.33 28
    endloop
  endfacet
  facet normal 0 -1 0
    outer loop
      vertex 30.5031 59.33 8.02167
      vertex 43.07 59.33 4
      vertex 31.1462 59.33 8.88873
    endloop
  endfacet
  facet normal 0 -1 0
    outer loop
      vertex 29.7782 59.33 7.22182
      vertex 43.07 59.33 4
      vertex 30.5031 59.33 8.02167
    endloop
  endfacet
  facet normal 0 -1 0
    outer loop
      vertex 28.9783 59.33 6.49688
      vertex 43.07 59.33 4
      vertex 29.7782 59.33 7.22182
    endloop
  endfacet
  facet normal 0 -1 0
    outer loop
      vertex 28.1113 59.33 5.85383
      vertex 43.07 59.33 4
      vertex 28.9783 59.33 6.49688
    endloop
  endfacet
  facet normal 0 -1 0
    outer loop
      vertex 27.1854 59.33 5.29887
      vertex 43.07 59.33 4
      vertex 28.1113 59.33 5.85383
    endloop
  endfacet
  facet normal 0 -1 0
    outer loop
      vertex 26.2095 59.33 4.83733
      vertex 43.07 59.33 4
      vertex 27.1854 59.33 5.29887
    endloop
  endfacet
  facet normal 0 -1 0
    outer loop
      vertex 25.1931 59.33 4.47366
      vertex 43.07 59.33 4
      vertex 26.2095 59.33 4.83733
    endloop
  endfacet
  facet normal 0 -1 0
    outer loop
      vertex 24.146 59.33 4.21136
      vertex 43.07 59.33 4
      vertex 25.1931 59.33 4.47366
    endloop
  endfacet
  facet normal 0 -1 0
    outer loop
      vertex 23.0782 59.33 4.05297
      vertex 43.07 59.33 4
      vertex 24.146 59.33 4.21136
    endloop
  endfacet
  facet normal 0 -1 0
    outer loop
      vertex 43.07 59.33 4
      vertex 23.0782 59.33 4.05297
      vertex 22 59.33 4
    endloop
  endfacet
  facet normal 0 1 -0
    outer loop
      vertex 32.05 -15.13 4
      vertex -32.05 -15.13 9
      vertex 32.05 -15.13 9
    endloop
  endfacet
  facet normal 0 1 0
    outer loop
      vertex -32.05 -15.13 9
      vertex 32.05 -15.13 4
      vertex -32.05 -15.13 4
    endloop
  endfacet
  facet normal 0 1 0
    outer loop
      vertex 32.05 -15.13 9
      vertex 43.07 -15.13 28
      vertex 34.05 -15.13 9
    endloop
  endfacet
  facet normal 0 1 -0
    outer loop
      vertex 43.07 -15.13 4
      vertex 34.05 -15.13 9
      vertex 43.07 -15.13 28
    endloop
  endfacet
  facet normal 0 1 0
    outer loop
      vertex 34.05 -15.13 9
      vertex 43.07 -15.13 4
      vertex 34.05 -15.13 4
    endloop
  endfacet
  facet normal 0 1 0
    outer loop
      vertex 43.07 -15.13 28
      vertex 32.05 -15.13 9
      vertex -43.07 -15.13 28
    endloop
  endfacet
  facet normal 0 1 -0
    outer loop
      vertex -32.05 -15.13 9
      vertex -43.07 -15.13 28
      vertex 32.05 -15.13 9
    endloop
  endfacet
  facet normal 0 1 -0
    outer loop
      vertex -34.05 -15.13 9
      vertex -43.07 -15.13 28
      vertex -32.05 -15.13 9
    endloop
  endfacet
  facet normal 0 1 0
    outer loop
      vertex -43.07 -15.13 4
      vertex -34.05 -15.13 9
      vertex -34.05 -15.13 4
    endloop
  endfacet
  facet normal 0 1 0
    outer loop
      vertex -34.05 -15.13 9
      vertex -43.07 -15.13 4
      vertex -43.07 -15.13 28
    endloop
  endfacet
  facet normal -0.154581 0.617028 -0.771609
    outer loop
      vertex 32.3902 -16.4616 0.00999928
      vertex 28.5906 -12.4239 4
      vertex 32.5806 -16.4139 0.00999928
    endloop
  endfacet
  facet normal -0.154581 0.617028 -0.771609
    outer loop
      vertex 28.5906 -12.4239 4
      vertex 32.3902 -16.4616 0.00999928
      vertex 28.4002 -12.4716 4
    endloop
  endfacet
  facet normal -0.80335 -0.595508 0
    outer loop
      vertex 33.6629 15.6111 0
      vertex 33.546 15.7688 0.00999928
      vertex 33.546 15.7688 0
    endloop
  endfacet
  facet normal -0.80335 -0.595508 0
    outer loop
      vertex 33.546 15.7688 0.00999928
      vertex 33.6629 15.6111 0
      vertex 33.6629 15.6111 0.00999928
    endloop
  endfacet
  facet normal -0.595508 0.80335 0
    outer loop
      vertex 33.2688 -16.046 0
      vertex 33.1111 -16.1629 0.00999928
      vertex 33.2688 -16.046 0.00999928
    endloop
  endfacet
  facet normal -0.595508 0.80335 0
    outer loop
      vertex 33.1111 -16.1629 0.00999928
      vertex 33.2688 -16.046 0
      vertex 33.1111 -16.1629 0
    endloop
  endfacet
  facet normal 0.653638 -0.0969351 -0.750573
    outer loop
      vertex -33.9904 14.696 0.00999928
      vertex -29.9716 10.9002 4
      vertex -30.0004 10.706 4
    endloop
  endfacet
  facet normal 0.653638 -0.0969351 -0.750573
    outer loop
      vertex -29.9716 10.9002 4
      vertex -33.9904 14.696 0.00999928
      vertex -33.9616 14.8902 0.00999928
    endloop
  endfacet
  facet normal -0.0489209 0.998803 0
    outer loop
      vertex 32.196 -16.4904 0
      vertex 32 -16.5 0.00999928
      vertex 32.196 -16.4904 0.00999928
    endloop
  endfacet
  facet normal -0.0489209 0.998803 0
    outer loop
      vertex 32 -16.5 0.00999928
      vertex 32.196 -16.4904 0
      vertex 32 -16.5 0
    endloop
  endfacet
  facet normal -0.302887 0.505211 -0.808097
    outer loop
      vertex 32.9428 -16.2638 0.00999928
      vertex 29.1211 -12.1729 4
      vertex 33.1111 -16.1629 0.00999928
    endloop
  endfacet
  facet normal -0.302887 0.505211 -0.808097
    outer loop
      vertex 29.1211 -12.1729 4
      vertex 32.9428 -16.2638 0.00999928
      vertex 28.9528 -12.2738 4
    endloop
  endfacet
  facet normal -0.336788 0.94158 0
    outer loop
      vertex 32.7654 -16.3478 0
      vertex 32.5806 -16.4139 0.00999928
      vertex 32.7654 -16.3478 0.00999928
    endloop
  endfacet
  facet normal -0.336788 0.94158 0
    outer loop
      vertex 32.5806 -16.4139 0.00999928
      vertex 32.7654 -16.3478 0
      vertex 32.5806 -16.4139 0
    endloop
  endfacet
  facet normal -0.514196 0.857673 0
    outer loop
      vertex 33.1111 -16.1629 0
      vertex 32.9428 -16.2638 0.00999928
      vertex 33.1111 -16.1629 0.00999928
    endloop
  endfacet
  facet normal -0.514196 0.857673 0
    outer loop
      vertex 32.9428 -16.2638 0.00999928
      vertex 33.1111 -16.1629 0
      vertex 32.9428 -16.2638 0
    endloop
  endfacet
  facet normal -0.428106 -0.388063 -0.816169
    outer loop
      vertex 29.4242 11.9242 4
      vertex 33.546 15.7688 0.00999928
      vertex 29.556 11.7788 4
    endloop
  endfacet
  facet normal -0.428106 -0.388063 -0.816169
    outer loop
      vertex 33.546 15.7688 0.00999928
      vertex 29.4242 11.9242 4
      vertex 33.4142 15.9142 0.00999928
    endloop
  endfacet
  facet normal -0.9038 0.427955 0
    outer loop
      vertex 33.7638 -15.4428 0
      vertex 33.8478 -15.2654 0.00999928
      vertex 33.8478 -15.2654 0
    endloop
  endfacet
  facet normal -0.9038 0.427955 0
    outer loop
      vertex 33.8478 -15.2654 0.00999928
      vertex 33.7638 -15.4428 0
      vertex 33.7638 -15.4428 0.00999928
    endloop
  endfacet
  facet normal -0.346319 0.46719 -0.813509
    outer loop
      vertex 33.1111 -16.1629 0.00999928
      vertex 29.2788 -12.056 4
      vertex 33.2688 -16.046 0.00999928
    endloop
  endfacet
  facet normal -0.346319 0.46719 -0.813509
    outer loop
      vertex 29.2788 -12.056 4
      vertex 33.1111 -16.1629 0.00999928
      vertex 29.1211 -12.1729 4
    endloop
  endfacet
  facet normal -0.671607 0.740908 0
    outer loop
      vertex 33.4142 -15.9142 0
      vertex 33.2688 -16.046 0.00999928
      vertex 33.4142 -15.9142 0.00999928
    endloop
  endfacet
  facet normal -0.671607 0.740908 0
    outer loop
      vertex 33.2688 -16.046 0.00999928
      vertex 33.4142 -15.9142 0
      vertex 33.2688 -16.046 0
    endloop
  endfacet
  facet normal 0.346319 -0.46719 -0.813509
    outer loop
      vertex -29.2788 12.056 4
      vertex -33.1111 16.1629 0.00999928
      vertex -29.1211 12.1729 4
    endloop
  endfacet
  facet normal 0.346319 -0.46719 -0.813509
    outer loop
      vertex -33.1111 16.1629 0.00999928
      vertex -29.2788 12.056 4
      vertex -33.2688 16.046 0.00999928
    endloop
  endfacet
  facet normal -0.207506 0.580137 -0.787643
    outer loop
      vertex 32.5806 -16.4139 0.00999928
      vertex 28.7754 -12.3578 4
      vertex 32.7654 -16.3478 0.00999928
    endloop
  endfacet
  facet normal -0.207506 0.580137 -0.787643
    outer loop
      vertex 28.7754 -12.3578 4
      vertex 32.5806 -16.4139 0.00999928
      vertex 28.5906 -12.4239 4
    endloop
  endfacet
  facet normal 0 -0.707107 -0.707107
    outer loop
      vertex -32 16.5 0.00999928
      vertex 28.01 12.51 4
      vertex -28.01 12.51 4
    endloop
  endfacet
  facet normal 0 -0.707107 -0.707107
    outer loop
      vertex 28.01 12.51 4
      vertex -32 16.5 0.00999928
      vertex 32 16.5 0.00999928
    endloop
  endfacet
  facet normal 0.707107 0 -0.707107
    outer loop
      vertex -34 -14.5 0.00999928
      vertex -30.01 10.51 4
      vertex -30.01 -10.51 4
    endloop
  endfacet
  facet normal 0.707107 0 -0.707107
    outer loop
      vertex -30.01 10.51 4
      vertex -34 -14.5 0.00999928
      vertex -34 14.5 0.00999928
    endloop
  endfacet
  facet normal -0.302887 -0.505211 -0.808097
    outer loop
      vertex 29.1211 12.1729 4
      vertex 32.9428 16.2638 0.00999928
      vertex 33.1111 16.1629 0.00999928
    endloop
  endfacet
  facet normal -0.302887 -0.505211 -0.808097
    outer loop
      vertex 32.9428 16.2638 0.00999928
      vertex 29.1211 12.1729 4
      vertex 28.9528 12.2738 4
    endloop
  endfacet
  facet normal -0.740908 -0.671607 0
    outer loop
      vertex 33.546 15.7688 0
      vertex 33.4142 15.9142 0.00999928
      vertex 33.4142 15.9142 0
    endloop
  endfacet
  facet normal -0.740908 -0.671607 0
    outer loop
      vertex 33.4142 15.9142 0.00999928
      vertex 33.546 15.7688 0
      vertex 33.546 15.7688 0.00999928
    endloop
  endfacet
  facet normal -0.707107 0 -0.707107
    outer loop
      vertex 30.01 -10.51 4
      vertex 34 14.5 0.00999928
      vertex 34 -14.5 0.00999928
    endloop
  endfacet
  facet normal -0.707107 0 -0.707107
    outer loop
      vertex 34 14.5 0.00999928
      vertex 30.01 -10.51 4
      vertex 30.01 10.51 4
    endloop
  endfacet
  facet normal 0.243015 0.970023 -0
    outer loop
      vertex -32.3902 -16.4616 0
      vertex -32.5806 -16.4139 0.00999928
      vertex -32.3902 -16.4616 0.00999928
    endloop
  endfacet
  facet normal 0.243015 0.970023 0
    outer loop
      vertex -32.5806 -16.4139 0.00999928
      vertex -32.3902 -16.4616 0
      vertex -32.5806 -16.4139 0
    endloop
  endfacet
  facet normal 0.94158 -0.336788 0
    outer loop
      vertex -33.9139 15.0806 0.00999928
      vertex -33.8478 15.2654 0
      vertex -33.8478 15.2654 0.00999928
    endloop
  endfacet
  facet normal 0.94158 -0.336788 0
    outer loop
      vertex -33.8478 15.2654 0
      vertex -33.9139 15.0806 0.00999928
      vertex -33.9139 15.0806 0
    endloop
  endfacet
  facet normal 1 -0 0
    outer loop
      vertex -34 -14.5 0.00999928
      vertex -34 14.5 0
      vertex -34 14.5 0.00999928
    endloop
  endfacet
  facet normal 1 0 0
    outer loop
      vertex -34 14.5 0
      vertex -34 -14.5 0.00999928
      vertex -34 -14.5 0
    endloop
  endfacet
  facet normal 0.146696 0.989182 -0
    outer loop
      vertex -32.196 -16.4904 0
      vertex -32.3902 -16.4616 0.00999928
      vertex -32.196 -16.4904 0.00999928
    endloop
  endfacet
  facet normal 0.146696 0.989182 0
    outer loop
      vertex -32.3902 -16.4616 0.00999928
      vertex -32.196 -16.4904 0
      vertex -32.3902 -16.4616 0
    endloop
  endfacet
  facet normal 0.033777 -0.689613 -0.72339
    outer loop
      vertex -28.206 12.5004 4
      vertex -32 16.5 0.00999928
      vertex -28.01 12.51 4
    endloop
  endfacet
  facet normal 0.033777 -0.689613 -0.72339
    outer loop
      vertex -32 16.5 0.00999928
      vertex -28.206 12.5004 4
      vertex -32.196 16.4904 0.00999928
    endloop
  endfacet
  facet normal -0.0969351 0.653638 -0.750573
    outer loop
      vertex 32.196 -16.4904 0.00999928
      vertex 28.4002 -12.4716 4
      vertex 32.3902 -16.4616 0.00999928
    endloop
  endfacet
  facet normal -0.0969351 0.653638 -0.750573
    outer loop
      vertex 28.4002 -12.4716 4
      vertex 32.196 -16.4904 0.00999928
      vertex 28.206 -12.5004 4
    endloop
  endfacet
  facet normal 0.427955 -0.9038 0
    outer loop
      vertex -32.9428 16.2638 0
      vertex -32.7654 16.3478 0.00999928
      vertex -32.9428 16.2638 0.00999928
    endloop
  endfacet
  facet normal 0.427955 -0.9038 0
    outer loop
      vertex -32.7654 16.3478 0.00999928
      vertex -32.9428 16.2638 0
      vertex -32.7654 16.3478 0
    endloop
  endfacet
  facet normal -0.346319 -0.46719 -0.813509
    outer loop
      vertex 29.2788 12.056 4
      vertex 33.1111 16.1629 0.00999928
      vertex 33.2688 16.046 0.00999928
    endloop
  endfacet
  facet normal -0.346319 -0.46719 -0.813509
    outer loop
      vertex 33.1111 16.1629 0.00999928
      vertex 29.2788 12.056 4
      vertex 29.1211 12.1729 4
    endloop
  endfacet
  facet normal -0.505211 0.302887 -0.808097
    outer loop
      vertex 29.6729 -11.6211 4
      vertex 33.7638 -15.4428 0.00999928
      vertex 33.6629 -15.6111 0.00999928
    endloop
  endfacet
  facet normal -0.505211 0.302887 -0.808097
    outer loop
      vertex 33.7638 -15.4428 0.00999928
      vertex 29.6729 -11.6211 4
      vertex 29.7738 -11.4528 4
    endloop
  endfacet
  facet normal 0.388063 -0.428106 -0.816169
    outer loop
      vertex -29.4242 11.9242 4
      vertex -33.2688 16.046 0.00999928
      vertex -29.2788 12.056 4
    endloop
  endfacet
  facet normal 0.388063 -0.428106 -0.816169
    outer loop
      vertex -33.2688 16.046 0.00999928
      vertex -29.4242 11.9242 4
      vertex -33.4142 15.9142 0.00999928
    endloop
  endfacet
  facet normal -1 0 0
    outer loop
      vertex 34 -14.5 0
      vertex 34 14.5 0.00999928
      vertex 34 14.5 0
    endloop
  endfacet
  facet normal -1 -0 0
    outer loop
      vertex 34 14.5 0.00999928
      vertex 34 -14.5 0
      vertex 34 -14.5 0.00999928
    endloop
  endfacet
  facet normal -0.740908 0.671607 0
    outer loop
      vertex 33.4142 -15.9142 0
      vertex 33.546 -15.7688 0.00999928
      vertex 33.546 -15.7688 0
    endloop
  endfacet
  facet normal -0.740908 0.671607 0
    outer loop
      vertex 33.546 -15.7688 0.00999928
      vertex 33.4142 -15.9142 0
      vertex 33.4142 -15.9142 0.00999928
    endloop
  endfacet
  facet normal 0.740908 -0.671607 0
    outer loop
      vertex -33.546 15.7688 0.00999928
      vertex -33.4142 15.9142 0
      vertex -33.4142 15.9142 0.00999928
    endloop
  endfacet
  facet normal 0.740908 -0.671607 0
    outer loop
      vertex -33.4142 15.9142 0
      vertex -33.546 15.7688 0.00999928
      vertex -33.546 15.7688 0
    endloop
  endfacet
  facet normal -0.243015 0.970023 0
    outer loop
      vertex 32.5806 -16.4139 0
      vertex 32.3902 -16.4616 0.00999928
      vertex 32.5806 -16.4139 0.00999928
    endloop
  endfacet
  facet normal -0.243015 0.970023 0
    outer loop
      vertex 32.3902 -16.4616 0.00999928
      vertex 32.5806 -16.4139 0
      vertex 32.3902 -16.4616 0
    endloop
  endfacet
  facet normal -0.998803 0.0489209 0
    outer loop
      vertex 33.9904 -14.696 0
      vertex 34 -14.5 0.00999928
      vertex 34 -14.5 0
    endloop
  endfacet
  facet normal -0.998803 0.0489209 0
    outer loop
      vertex 34 -14.5 0.00999928
      vertex 33.9904 -14.696 0
      vertex 33.9904 -14.696 0.00999928
    endloop
  endfacet
  facet normal -0.653638 -0.0969351 -0.750573
    outer loop
      vertex 29.9716 10.9002 4
      vertex 33.9904 14.696 0.00999928
      vertex 30.0004 10.706 4
    endloop
  endfacet
  facet normal -0.653638 -0.0969351 -0.750573
    outer loop
      vertex 33.9904 14.696 0.00999928
      vertex 29.9716 10.9002 4
      vertex 33.9616 14.8902 0.00999928
    endloop
  endfacet
  facet normal 0 -1 0
    outer loop
      vertex -32 16.5 0
      vertex 32 16.5 0.00999928
      vertex -32 16.5 0.00999928
    endloop
  endfacet
  facet normal 0 -1 -0
    outer loop
      vertex 32 16.5 0.00999928
      vertex -32 16.5 0
      vertex 32 16.5 0
    endloop
  endfacet
  facet normal 0.0969351 0.653638 -0.750573
    outer loop
      vertex -32.196 -16.4904 0.00999928
      vertex -28.4002 -12.4716 4
      vertex -28.206 -12.5004 4
    endloop
  endfacet
  facet normal 0.0969351 0.653638 -0.750573
    outer loop
      vertex -28.4002 -12.4716 4
      vertex -32.196 -16.4904 0.00999928
      vertex -32.3902 -16.4616 0.00999928
    endloop
  endfacet
  facet normal 0.302887 0.505211 -0.808097
    outer loop
      vertex -32.9428 -16.2638 0.00999928
      vertex -29.1211 -12.1729 4
      vertex -28.9528 -12.2738 4
    endloop
  endfacet
  facet normal 0.302887 0.505211 -0.808097
    outer loop
      vertex -29.1211 -12.1729 4
      vertex -32.9428 -16.2638 0.00999928
      vertex -33.1111 -16.1629 0.00999928
    endloop
  endfacet
  facet normal -0.580137 0.207506 -0.787643
    outer loop
      vertex 29.8578 -11.2754 4
      vertex 33.9139 -15.0806 0.00999928
      vertex 33.8478 -15.2654 0.00999928
    endloop
  endfacet
  facet normal -0.580137 0.207506 -0.787643
    outer loop
      vertex 33.9139 -15.0806 0.00999928
      vertex 29.8578 -11.2754 4
      vertex 29.9239 -11.0906 4
    endloop
  endfacet
  facet normal 0 0.707107 -0.707107
    outer loop
      vertex 32 -16.5 0.00999928
      vertex -28.01 -12.51 4
      vertex 28.01 -12.51 4
    endloop
  endfacet
  facet normal 0 0.707107 -0.707107
    outer loop
      vertex -28.01 -12.51 4
      vertex 32 -16.5 0.00999928
      vertex -32 -16.5 0.00999928
    endloop
  endfacet
  facet normal 0.346319 0.46719 -0.813509
    outer loop
      vertex -33.1111 -16.1629 0.00999928
      vertex -29.2788 -12.056 4
      vertex -29.1211 -12.1729 4
    endloop
  endfacet
  facet normal 0.346319 0.46719 -0.813509
    outer loop
      vertex -29.2788 -12.056 4
      vertex -33.1111 -16.1629 0.00999928
      vertex -33.2688 -16.046 0.00999928
    endloop
  endfacet
  facet normal 0.336788 -0.94158 0
    outer loop
      vertex -32.7654 16.3478 0
      vertex -32.5806 16.4139 0.00999928
      vertex -32.7654 16.3478 0.00999928
    endloop
  endfacet
  facet normal 0.336788 -0.94158 0
    outer loop
      vertex -32.5806 16.4139 0.00999928
      vertex -32.7654 16.3478 0
      vertex -32.5806 16.4139 0
    endloop
  endfacet
  facet normal 0.46719 0.346319 -0.813509
    outer loop
      vertex -33.6629 -15.6111 0.00999928
      vertex -29.556 -11.7788 4
      vertex -33.546 -15.7688 0.00999928
    endloop
  endfacet
  facet normal 0.46719 0.346319 -0.813509
    outer loop
      vertex -29.556 -11.7788 4
      vertex -33.6629 -15.6111 0.00999928
      vertex -29.6729 -11.6211 4
    endloop
  endfacet
  facet normal 0.336788 0.94158 -0
    outer loop
      vertex -32.5806 -16.4139 0
      vertex -32.7654 -16.3478 0.00999928
      vertex -32.5806 -16.4139 0.00999928
    endloop
  endfacet
  facet normal 0.336788 0.94158 0
    outer loop
      vertex -32.7654 -16.3478 0.00999928
      vertex -32.5806 -16.4139 0
      vertex -32.7654 -16.3478 0
    endloop
  endfacet
  facet normal 0.154581 0.617028 -0.771609
    outer loop
      vertex -32.3902 -16.4616 0.00999928
      vertex -28.5906 -12.4239 4
      vertex -28.4002 -12.4716 4
    endloop
  endfacet
  facet normal 0.154581 0.617028 -0.771609
    outer loop
      vertex -28.5906 -12.4239 4
      vertex -32.3902 -16.4616 0.00999928
      vertex -32.5806 -16.4139 0.00999928
    endloop
  endfacet
  facet normal -0.94158 0.336788 0
    outer loop
      vertex 33.8478 -15.2654 0
      vertex 33.9139 -15.0806 0.00999928
      vertex 33.9139 -15.0806 0
    endloop
  endfacet
  facet normal -0.94158 0.336788 0
    outer loop
      vertex 33.9139 -15.0806 0.00999928
      vertex 33.8478 -15.2654 0
      vertex 33.8478 -15.2654 0.00999928
    endloop
  endfacet
  facet normal 0.998803 0.0489209 0
    outer loop
      vertex -33.9904 -14.696 0.00999928
      vertex -34 -14.5 0
      vertex -34 -14.5 0.00999928
    endloop
  endfacet
  facet normal 0.998803 0.0489209 0
    outer loop
      vertex -34 -14.5 0
      vertex -33.9904 -14.696 0.00999928
      vertex -33.9904 -14.696 0
    endloop
  endfacet
  facet normal -0.243015 -0.970023 0
    outer loop
      vertex 32.3902 16.4616 0
      vertex 32.5806 16.4139 0.00999928
      vertex 32.3902 16.4616 0.00999928
    endloop
  endfacet
  facet normal -0.243015 -0.970023 -0
    outer loop
      vertex 32.5806 16.4139 0.00999928
      vertex 32.3902 16.4616 0
      vertex 32.5806 16.4139 0
    endloop
  endfacet
  facet normal 0.514196 -0.857673 0
    outer loop
      vertex -33.1111 16.1629 0
      vertex -32.9428 16.2638 0.00999928
      vertex -33.1111 16.1629 0.00999928
    endloop
  endfacet
  facet normal 0.514196 -0.857673 0
    outer loop
      vertex -32.9428 16.2638 0.00999928
      vertex -33.1111 16.1629 0
      vertex -32.9428 16.2638 0
    endloop
  endfacet
  facet normal -0.0969351 -0.653638 -0.750573
    outer loop
      vertex 28.4002 12.4716 4
      vertex 32.196 16.4904 0.00999928
      vertex 32.3902 16.4616 0.00999928
    endloop
  endfacet
  facet normal -0.0969351 -0.653638 -0.750573
    outer loop
      vertex 32.196 16.4904 0.00999928
      vertex 28.4002 12.4716 4
      vertex 28.206 12.5004 4
    endloop
  endfacet
  facet normal 0.154581 -0.617028 -0.771609
    outer loop
      vertex -28.5906 12.4239 4
      vertex -32.3902 16.4616 0.00999928
      vertex -28.4002 12.4716 4
    endloop
  endfacet
  facet normal 0.154581 -0.617028 -0.771609
    outer loop
      vertex -32.3902 16.4616 0.00999928
      vertex -28.5906 12.4239 4
      vertex -32.5806 16.4139 0.00999928
    endloop
  endfacet
  facet normal -0.595508 -0.80335 0
    outer loop
      vertex 33.1111 16.1629 0
      vertex 33.2688 16.046 0.00999928
      vertex 33.1111 16.1629 0.00999928
    endloop
  endfacet
  facet normal -0.595508 -0.80335 -0
    outer loop
      vertex 33.2688 16.046 0.00999928
      vertex 33.1111 16.1629 0
      vertex 33.2688 16.046 0
    endloop
  endfacet
  facet normal -0.46719 -0.346319 -0.813509
    outer loop
      vertex 29.556 11.7788 4
      vertex 33.6629 15.6111 0.00999928
      vertex 29.6729 11.6211 4
    endloop
  endfacet
  facet normal -0.46719 -0.346319 -0.813509
    outer loop
      vertex 33.6629 15.6111 0.00999928
      vertex 29.556 11.7788 4
      vertex 33.546 15.7688 0.00999928
    endloop
  endfacet
  facet normal -0.0489209 -0.998803 0
    outer loop
      vertex 32 16.5 0
      vertex 32.196 16.4904 0.00999928
      vertex 32 16.5 0.00999928
    endloop
  endfacet
  facet normal -0.0489209 -0.998803 -0
    outer loop
      vertex 32.196 16.4904 0.00999928
      vertex 32 16.5 0
      vertex 32.196 16.4904 0
    endloop
  endfacet
  facet normal -0.689613 0.033777 -0.72339
    outer loop
      vertex 30.0004 -10.706 4
      vertex 34 -14.5 0.00999928
      vertex 33.9904 -14.696 0.00999928
    endloop
  endfacet
  facet normal -0.689613 0.033777 -0.72339
    outer loop
      vertex 34 -14.5 0.00999928
      vertex 30.0004 -10.706 4
      vertex 30.01 -10.51 4
    endloop
  endfacet
  facet normal 0.505211 0.302887 -0.808097
    outer loop
      vertex -33.7638 -15.4428 0.00999928
      vertex -29.6729 -11.6211 4
      vertex -33.6629 -15.6111 0.00999928
    endloop
  endfacet
  facet normal 0.505211 0.302887 -0.808097
    outer loop
      vertex -29.6729 -11.6211 4
      vertex -33.7638 -15.4428 0.00999928
      vertex -29.7738 -11.4528 4
    endloop
  endfacet
  facet normal 0.0489209 0.998803 -0
    outer loop
      vertex -32 -16.5 0
      vertex -32.196 -16.4904 0.00999928
      vertex -32 -16.5 0.00999928
    endloop
  endfacet
  facet normal 0.0489209 0.998803 0
    outer loop
      vertex -32.196 -16.4904 0.00999928
      vertex -32 -16.5 0
      vertex -32.196 -16.4904 0
    endloop
  endfacet
  facet normal -0.388063 -0.428106 -0.816169
    outer loop
      vertex 29.4242 11.9242 4
      vertex 33.2688 16.046 0.00999928
      vertex 33.4142 15.9142 0.00999928
    endloop
  endfacet
  facet normal -0.388063 -0.428106 -0.816169
    outer loop
      vertex 33.2688 16.046 0.00999928
      vertex 29.4242 11.9242 4
      vertex 29.2788 12.056 4
    endloop
  endfacet
  facet normal -0.857673 0.514196 0
    outer loop
      vertex 33.6629 -15.6111 0
      vertex 33.7638 -15.4428 0.00999928
      vertex 33.7638 -15.4428 0
    endloop
  endfacet
  facet normal -0.857673 0.514196 0
    outer loop
      vertex 33.7638 -15.4428 0.00999928
      vertex 33.6629 -15.6111 0
      vertex 33.6629 -15.6111 0.00999928
    endloop
  endfacet
  facet normal 0.80335 0.595508 0
    outer loop
      vertex -33.546 -15.7688 0.00999928
      vertex -33.6629 -15.6111 0
      vertex -33.6629 -15.6111 0.00999928
    endloop
  endfacet
  facet normal 0.80335 0.595508 0
    outer loop
      vertex -33.6629 -15.6111 0
      vertex -33.546 -15.7688 0.00999928
      vertex -33.546 -15.7688 0
    endloop
  endfacet
  facet normal -0.46719 0.346319 -0.813509
    outer loop
      vertex 29.556 -11.7788 4
      vertex 33.6629 -15.6111 0.00999928
      vertex 33.546 -15.7688 0.00999928
    endloop
  endfacet
  facet normal -0.46719 0.346319 -0.813509
    outer loop
      vertex 33.6629 -15.6111 0.00999928
      vertex 29.556 -11.7788 4
      vertex 29.6729 -11.6211 4
    endloop
  endfacet
  facet normal -0.427955 0.9038 0
    outer loop
      vertex 32.9428 -16.2638 0
      vertex 32.7654 -16.3478 0.00999928
      vertex 32.9428 -16.2638 0.00999928
    endloop
  endfacet
  facet normal -0.427955 0.9038 0
    outer loop
      vertex 32.7654 -16.3478 0.00999928
      vertex 32.9428 -16.2638 0
      vertex 32.7654 -16.3478 0
    endloop
  endfacet
  facet normal -0.653638 0.0969351 -0.750573
    outer loop
      vertex 29.9716 -10.9002 4
      vertex 33.9904 -14.696 0.00999928
      vertex 33.9616 -14.8902 0.00999928
    endloop
  endfacet
  facet normal -0.653638 0.0969351 -0.750573
    outer loop
      vertex 33.9904 -14.696 0.00999928
      vertex 29.9716 -10.9002 4
      vertex 30.0004 -10.706 4
    endloop
  endfacet
  facet normal 0 1 -0
    outer loop
      vertex 32 -16.5 0
      vertex -32 -16.5 0.00999928
      vertex 32 -16.5 0.00999928
    endloop
  endfacet
  facet normal 0 1 0
    outer loop
      vertex -32 -16.5 0.00999928
      vertex 32 -16.5 0
      vertex -32 -16.5 0
    endloop
  endfacet
  facet normal 0.256968 -0.542691 -0.799659
    outer loop
      vertex -28.9528 12.2738 4
      vertex -32.7654 16.3478 0.00999928
      vertex -28.7754 12.3578 4
    endloop
  endfacet
  facet normal 0.256968 -0.542691 -0.799659
    outer loop
      vertex -32.7654 16.3478 0.00999928
      vertex -28.9528 12.2738 4
      vertex -32.9428 16.2638 0.00999928
    endloop
  endfacet
  facet normal -0.427955 -0.9038 0
    outer loop
      vertex 32.7654 16.3478 0
      vertex 32.9428 16.2638 0.00999928
      vertex 32.7654 16.3478 0.00999928
    endloop
  endfacet
  facet normal -0.427955 -0.9038 -0
    outer loop
      vertex 32.9428 16.2638 0.00999928
      vertex 32.7654 16.3478 0
      vertex 32.9428 16.2638 0
    endloop
  endfacet
  facet normal 0.0969351 -0.653638 -0.750573
    outer loop
      vertex -28.4002 12.4716 4
      vertex -32.196 16.4904 0.00999928
      vertex -28.206 12.5004 4
    endloop
  endfacet
  facet normal 0.0969351 -0.653638 -0.750573
    outer loop
      vertex -32.196 16.4904 0.00999928
      vertex -28.4002 12.4716 4
      vertex -32.3902 16.4616 0.00999928
    endloop
  endfacet
  facet normal -0.146696 0.989182 0
    outer loop
      vertex 32.3902 -16.4616 0
      vertex 32.196 -16.4904 0.00999928
      vertex 32.3902 -16.4616 0.00999928
    endloop
  endfacet
  facet normal -0.146696 0.989182 0
    outer loop
      vertex 32.196 -16.4904 0.00999928
      vertex 32.3902 -16.4616 0
      vertex 32.196 -16.4904 0
    endloop
  endfacet
  facet normal -0.256968 0.542691 -0.799659
    outer loop
      vertex 32.7654 -16.3478 0.00999928
      vertex 28.9528 -12.2738 4
      vertex 32.9428 -16.2638 0.00999928
    endloop
  endfacet
  facet normal -0.256968 0.542691 -0.799659
    outer loop
      vertex 28.9528 -12.2738 4
      vertex 32.7654 -16.3478 0.00999928
      vertex 28.7754 -12.3578 4
    endloop
  endfacet
  facet normal 0.146696 -0.989182 0
    outer loop
      vertex -32.3902 16.4616 0
      vertex -32.196 16.4904 0.00999928
      vertex -32.3902 16.4616 0.00999928
    endloop
  endfacet
  facet normal 0.146696 -0.989182 0
    outer loop
      vertex -32.196 16.4904 0.00999928
      vertex -32.3902 16.4616 0
      vertex -32.196 16.4904 0
    endloop
  endfacet
  facet normal 0.428106 0.388063 -0.816169
    outer loop
      vertex -33.546 -15.7688 0.00999928
      vertex -29.4242 -11.9242 4
      vertex -33.4142 -15.9142 0.00999928
    endloop
  endfacet
  facet normal 0.428106 0.388063 -0.816169
    outer loop
      vertex -29.4242 -11.9242 4
      vertex -33.546 -15.7688 0.00999928
      vertex -29.556 -11.7788 4
    endloop
  endfacet
  facet normal -0.336788 -0.94158 0
    outer loop
      vertex 32.5806 16.4139 0
      vertex 32.7654 16.3478 0.00999928
      vertex 32.5806 16.4139 0.00999928
    endloop
  endfacet
  facet normal -0.336788 -0.94158 -0
    outer loop
      vertex 32.7654 16.3478 0.00999928
      vertex 32.5806 16.4139 0
      vertex 32.7654 16.3478 0
    endloop
  endfacet
  facet normal 0.595508 0.80335 -0
    outer loop
      vertex -33.1111 -16.1629 0
      vertex -33.2688 -16.046 0.00999928
      vertex -33.1111 -16.1629 0.00999928
    endloop
  endfacet
  facet normal 0.595508 0.80335 0
    outer loop
      vertex -33.2688 -16.046 0.00999928
      vertex -33.1111 -16.1629 0
      vertex -33.2688 -16.046 0
    endloop
  endfacet
  facet normal 0.46719 -0.346319 -0.813509
    outer loop
      vertex -33.6629 15.6111 0.00999928
      vertex -29.556 11.7788 4
      vertex -29.6729 11.6211 4
    endloop
  endfacet
  facet normal 0.46719 -0.346319 -0.813509
    outer loop
      vertex -29.556 11.7788 4
      vertex -33.6629 15.6111 0.00999928
      vertex -33.546 15.7688 0.00999928
    endloop
  endfacet
  facet normal 0.207506 0.580137 -0.787643
    outer loop
      vertex -32.5806 -16.4139 0.00999928
      vertex -28.7754 -12.3578 4
      vertex -28.5906 -12.4239 4
    endloop
  endfacet
  facet normal 0.207506 0.580137 -0.787643
    outer loop
      vertex -28.7754 -12.3578 4
      vertex -32.5806 -16.4139 0.00999928
      vertex -32.7654 -16.3478 0.00999928
    endloop
  endfacet
  facet normal -0.989182 0.146696 0
    outer loop
      vertex 33.9616 -14.8902 0
      vertex 33.9904 -14.696 0.00999928
      vertex 33.9904 -14.696 0
    endloop
  endfacet
  facet normal -0.989182 0.146696 0
    outer loop
      vertex 33.9904 -14.696 0.00999928
      vertex 33.9616 -14.8902 0
      vertex 33.9616 -14.8902 0.00999928
    endloop
  endfacet
  facet normal -0.94158 -0.336788 0
    outer loop
      vertex 33.9139 15.0806 0
      vertex 33.8478 15.2654 0.00999928
      vertex 33.8478 15.2654 0
    endloop
  endfacet
  facet normal -0.94158 -0.336788 0
    outer loop
      vertex 33.8478 15.2654 0.00999928
      vertex 33.9139 15.0806 0
      vertex 33.9139 15.0806 0.00999928
    endloop
  endfacet
  facet normal 0.243015 -0.970023 0
    outer loop
      vertex -32.5806 16.4139 0
      vertex -32.3902 16.4616 0.00999928
      vertex -32.5806 16.4139 0.00999928
    endloop
  endfacet
  facet normal 0.243015 -0.970023 0
    outer loop
      vertex -32.3902 16.4616 0.00999928
      vertex -32.5806 16.4139 0
      vertex -32.3902 16.4616 0
    endloop
  endfacet
  facet normal -0.998803 -0.0489209 0
    outer loop
      vertex 34 14.5 0
      vertex 33.9904 14.696 0.00999928
      vertex 33.9904 14.696 0
    endloop
  endfacet
  facet normal -0.998803 -0.0489209 0
    outer loop
      vertex 33.9904 14.696 0.00999928
      vertex 34 14.5 0
      vertex 34 14.5 0.00999928
    endloop
  endfacet
  facet normal -0.256968 -0.542691 -0.799659
    outer loop
      vertex 28.9528 12.2738 4
      vertex 32.7654 16.3478 0.00999928
      vertex 32.9428 16.2638 0.00999928
    endloop
  endfacet
  facet normal -0.256968 -0.542691 -0.799659
    outer loop
      vertex 32.7654 16.3478 0.00999928
      vertex 28.9528 12.2738 4
      vertex 28.7754 12.3578 4
    endloop
  endfacet
  facet normal 0.857673 -0.514196 0
    outer loop
      vertex -33.7638 15.4428 0.00999928
      vertex -33.6629 15.6111 0
      vertex -33.6629 15.6111 0.00999928
    endloop
  endfacet
  facet normal 0.857673 -0.514196 0
    outer loop
      vertex -33.6629 15.6111 0
      vertex -33.7638 15.4428 0.00999928
      vertex -33.7638 15.4428 0
    endloop
  endfacet
  facet normal -0.542691 -0.256968 -0.799659
    outer loop
      vertex 29.7738 11.4528 4
      vertex 33.8478 15.2654 0.00999928
      vertex 29.8578 11.2754 4
    endloop
  endfacet
  facet normal -0.542691 -0.256968 -0.799659
    outer loop
      vertex 33.8478 15.2654 0.00999928
      vertex 29.7738 11.4528 4
      vertex 33.7638 15.4428 0.00999928
    endloop
  endfacet
  facet normal 0.94158 0.336788 0
    outer loop
      vertex -33.8478 -15.2654 0.00999928
      vertex -33.9139 -15.0806 0
      vertex -33.9139 -15.0806 0.00999928
    endloop
  endfacet
  facet normal 0.94158 0.336788 0
    outer loop
      vertex -33.9139 -15.0806 0
      vertex -33.8478 -15.2654 0.00999928
      vertex -33.8478 -15.2654 0
    endloop
  endfacet
  facet normal -0.388063 0.428106 -0.816169
    outer loop
      vertex 33.2688 -16.046 0.00999928
      vertex 29.4242 -11.9242 4
      vertex 33.4142 -15.9142 0.00999928
    endloop
  endfacet
  facet normal -0.388063 0.428106 -0.816169
    outer loop
      vertex 29.4242 -11.9242 4
      vertex 33.2688 -16.046 0.00999928
      vertex 29.2788 -12.056 4
    endloop
  endfacet
  facet normal -0.671607 -0.740908 0
    outer loop
      vertex 33.2688 16.046 0
      vertex 33.4142 15.9142 0.00999928
      vertex 33.2688 16.046 0.00999928
    endloop
  endfacet
  facet normal -0.671607 -0.740908 -0
    outer loop
      vertex 33.4142 15.9142 0.00999928
      vertex 33.2688 16.046 0
      vertex 33.4142 15.9142 0
    endloop
  endfacet
  facet normal -0.514196 -0.857673 0
    outer loop
      vertex 32.9428 16.2638 0
      vertex 33.1111 16.1629 0.00999928
      vertex 32.9428 16.2638 0.00999928
    endloop
  endfacet
  facet normal -0.514196 -0.857673 -0
    outer loop
      vertex 33.1111 16.1629 0.00999928
      vertex 32.9428 16.2638 0
      vertex 33.1111 16.1629 0
    endloop
  endfacet
  facet normal 0.0489209 -0.998803 0
    outer loop
      vertex -32.196 16.4904 0
      vertex -32 16.5 0.00999928
      vertex -32.196 16.4904 0.00999928
    endloop
  endfacet
  facet normal 0.0489209 -0.998803 0
    outer loop
      vertex -32 16.5 0.00999928
      vertex -32.196 16.4904 0
      vertex -32 16.5 0
    endloop
  endfacet
  facet normal -0.617028 0.154581 -0.771609
    outer loop
      vertex 29.9239 -11.0906 4
      vertex 33.9616 -14.8902 0.00999928
      vertex 33.9139 -15.0806 0.00999928
    endloop
  endfacet
  facet normal -0.617028 0.154581 -0.771609
    outer loop
      vertex 33.9616 -14.8902 0.00999928
      vertex 29.9239 -11.0906 4
      vertex 29.9716 -10.9002 4
    endloop
  endfacet
  facet normal -0.033777 0.689613 -0.72339
    outer loop
      vertex 32 -16.5 0.00999928
      vertex 28.206 -12.5004 4
      vertex 32.196 -16.4904 0.00999928
    endloop
  endfacet
  facet normal -0.033777 0.689613 -0.72339
    outer loop
      vertex 28.206 -12.5004 4
      vertex 32 -16.5 0.00999928
      vertex 28.01 -12.51 4
    endloop
  endfacet
  facet normal 0.514196 0.857673 -0
    outer loop
      vertex -32.9428 -16.2638 0
      vertex -33.1111 -16.1629 0.00999928
      vertex -32.9428 -16.2638 0.00999928
    endloop
  endfacet
  facet normal 0.514196 0.857673 0
    outer loop
      vertex -33.1111 -16.1629 0.00999928
      vertex -32.9428 -16.2638 0
      vertex -33.1111 -16.1629 0
    endloop
  endfacet
  facet normal 0.033777 0.689613 -0.72339
    outer loop
      vertex -32 -16.5 0.00999928
      vertex -28.206 -12.5004 4
      vertex -28.01 -12.51 4
    endloop
  endfacet
  facet normal 0.033777 0.689613 -0.72339
    outer loop
      vertex -28.206 -12.5004 4
      vertex -32 -16.5 0.00999928
      vertex -32.196 -16.4904 0.00999928
    endloop
  endfacet
  facet normal -0.80335 0.595508 0
    outer loop
      vertex 33.546 -15.7688 0
      vertex 33.6629 -15.6111 0.00999928
      vertex 33.6629 -15.6111 0
    endloop
  endfacet
  facet normal -0.80335 0.595508 0
    outer loop
      vertex 33.6629 -15.6111 0.00999928
      vertex 33.546 -15.7688 0
      vertex 33.546 -15.7688 0.00999928
    endloop
  endfacet
  facet normal -0.970023 0.243015 0
    outer loop
      vertex 33.9139 -15.0806 0
      vertex 33.9616 -14.8902 0.00999928
      vertex 33.9616 -14.8902 0
    endloop
  endfacet
  facet normal -0.970023 0.243015 0
    outer loop
      vertex 33.9616 -14.8902 0.00999928
      vertex 33.9139 -15.0806 0
      vertex 33.9139 -15.0806 0.00999928
    endloop
  endfacet
  facet normal 0.388063 0.428106 -0.816169
    outer loop
      vertex -33.2688 -16.046 0.00999928
      vertex -29.4242 -11.9242 4
      vertex -29.2788 -12.056 4
    endloop
  endfacet
  facet normal 0.388063 0.428106 -0.816169
    outer loop
      vertex -29.4242 -11.9242 4
      vertex -33.2688 -16.046 0.00999928
      vertex -33.4142 -15.9142 0.00999928
    endloop
  endfacet
  facet normal -0.154581 -0.617028 -0.771609
    outer loop
      vertex 28.5906 12.4239 4
      vertex 32.3902 16.4616 0.00999928
      vertex 32.5806 16.4139 0.00999928
    endloop
  endfacet
  facet normal -0.154581 -0.617028 -0.771609
    outer loop
      vertex 32.3902 16.4616 0.00999928
      vertex 28.5906 12.4239 4
      vertex 28.4002 12.4716 4
    endloop
  endfacet
  facet normal 0.428106 -0.388063 -0.816169
    outer loop
      vertex -33.546 15.7688 0.00999928
      vertex -29.4242 11.9242 4
      vertex -29.556 11.7788 4
    endloop
  endfacet
  facet normal 0.428106 -0.388063 -0.816169
    outer loop
      vertex -29.4242 11.9242 4
      vertex -33.546 15.7688 0.00999928
      vertex -33.4142 15.9142 0.00999928
    endloop
  endfacet
  facet normal 0.207506 -0.580137 -0.787643
    outer loop
      vertex -28.7754 12.3578 4
      vertex -32.5806 16.4139 0.00999928
      vertex -28.5906 12.4239 4
    endloop
  endfacet
  facet normal 0.207506 -0.580137 -0.787643
    outer loop
      vertex -32.5806 16.4139 0.00999928
      vertex -28.7754 12.3578 4
      vertex -32.7654 16.3478 0.00999928
    endloop
  endfacet
  facet normal 0.989182 0.146696 0
    outer loop
      vertex -33.9616 -14.8902 0.00999928
      vertex -33.9904 -14.696 0
      vertex -33.9904 -14.696 0.00999928
    endloop
  endfacet
  facet normal 0.989182 0.146696 0
    outer loop
      vertex -33.9904 -14.696 0
      vertex -33.9616 -14.8902 0.00999928
      vertex -33.9616 -14.8902 0
    endloop
  endfacet
  facet normal 0.653638 0.0969351 -0.750573
    outer loop
      vertex -33.9904 -14.696 0.00999928
      vertex -29.9716 -10.9002 4
      vertex -33.9616 -14.8902 0.00999928
    endloop
  endfacet
  facet normal 0.653638 0.0969351 -0.750573
    outer loop
      vertex -29.9716 -10.9002 4
      vertex -33.9904 -14.696 0.00999928
      vertex -30.0004 -10.706 4
    endloop
  endfacet
  facet normal 0.256968 0.542691 -0.799659
    outer loop
      vertex -32.7654 -16.3478 0.00999928
      vertex -28.9528 -12.2738 4
      vertex -28.7754 -12.3578 4
    endloop
  endfacet
  facet normal 0.256968 0.542691 -0.799659
    outer loop
      vertex -28.9528 -12.2738 4
      vertex -32.7654 -16.3478 0.00999928
      vertex -32.9428 -16.2638 0.00999928
    endloop
  endfacet
  facet normal 0.970023 -0.243015 0
    outer loop
      vertex -33.9616 14.8902 0.00999928
      vertex -33.9139 15.0806 0
      vertex -33.9139 15.0806 0.00999928
    endloop
  endfacet
  facet normal 0.970023 -0.243015 0
    outer loop
      vertex -33.9139 15.0806 0
      vertex -33.9616 14.8902 0.00999928
      vertex -33.9616 14.8902 0
    endloop
  endfacet
  facet normal -0.9038 -0.427955 0
    outer loop
      vertex 33.8478 15.2654 0
      vertex 33.7638 15.4428 0.00999928
      vertex 33.7638 15.4428 0
    endloop
  endfacet
  facet normal -0.9038 -0.427955 0
    outer loop
      vertex 33.7638 15.4428 0.00999928
      vertex 33.8478 15.2654 0
      vertex 33.8478 15.2654 0.00999928
    endloop
  endfacet
  facet normal 0.671607 -0.740908 0
    outer loop
      vertex -33.4142 15.9142 0
      vertex -33.2688 16.046 0.00999928
      vertex -33.4142 15.9142 0.00999928
    endloop
  endfacet
  facet normal 0.671607 -0.740908 0
    outer loop
      vertex -33.2688 16.046 0.00999928
      vertex -33.4142 15.9142 0
      vertex -33.2688 16.046 0
    endloop
  endfacet
  facet normal -0.428106 0.388063 -0.816169
    outer loop
      vertex 29.4242 -11.9242 4
      vertex 33.546 -15.7688 0.00999928
      vertex 33.4142 -15.9142 0.00999928
    endloop
  endfacet
  facet normal -0.428106 0.388063 -0.816169
    outer loop
      vertex 33.546 -15.7688 0.00999928
      vertex 29.4242 -11.9242 4
      vertex 29.556 -11.7788 4
    endloop
  endfacet
  facet normal -0.689613 -0.033777 -0.72339
    outer loop
      vertex 30.0004 10.706 4
      vertex 34 14.5 0.00999928
      vertex 30.01 10.51 4
    endloop
  endfacet
  facet normal -0.689613 -0.033777 -0.72339
    outer loop
      vertex 34 14.5 0.00999928
      vertex 30.0004 10.706 4
      vertex 33.9904 14.696 0.00999928
    endloop
  endfacet
  facet normal -0.580137 -0.207506 -0.787643
    outer loop
      vertex 29.8578 11.2754 4
      vertex 33.9139 15.0806 0.00999928
      vertex 29.9239 11.0906 4
    endloop
  endfacet
  facet normal -0.580137 -0.207506 -0.787643
    outer loop
      vertex 33.9139 15.0806 0.00999928
      vertex 29.8578 11.2754 4
      vertex 33.8478 15.2654 0.00999928
    endloop
  endfacet
  facet normal 0.998803 -0.0489209 0
    outer loop
      vertex -34 14.5 0.00999928
      vertex -33.9904 14.696 0
      vertex -33.9904 14.696 0.00999928
    endloop
  endfacet
  facet normal 0.998803 -0.0489209 0
    outer loop
      vertex -33.9904 14.696 0
      vertex -34 14.5 0.00999928
      vertex -34 14.5 0
    endloop
  endfacet
  facet normal -0.207506 -0.580137 -0.787643
    outer loop
      vertex 28.7754 12.3578 4
      vertex 32.5806 16.4139 0.00999928
      vertex 32.7654 16.3478 0.00999928
    endloop
  endfacet
  facet normal -0.207506 -0.580137 -0.787643
    outer loop
      vertex 32.5806 16.4139 0.00999928
      vertex 28.7754 12.3578 4
      vertex 28.5906 12.4239 4
    endloop
  endfacet
  facet normal -0.146696 -0.989182 0
    outer loop
      vertex 32.196 16.4904 0
      vertex 32.3902 16.4616 0.00999928
      vertex 32.196 16.4904 0.00999928
    endloop
  endfacet
  facet normal -0.146696 -0.989182 -0
    outer loop
      vertex 32.3902 16.4616 0.00999928
      vertex 32.196 16.4904 0
      vertex 32.3902 16.4616 0
    endloop
  endfacet
  facet normal 0.595508 -0.80335 0
    outer loop
      vertex -33.2688 16.046 0
      vertex -33.1111 16.1629 0.00999928
      vertex -33.2688 16.046 0.00999928
    endloop
  endfacet
  facet normal 0.595508 -0.80335 0
    outer loop
      vertex -33.1111 16.1629 0.00999928
      vertex -33.2688 16.046 0
      vertex -33.1111 16.1629 0
    endloop
  endfacet
  facet normal 0.740908 0.671607 0
    outer loop
      vertex -33.4142 -15.9142 0.00999928
      vertex -33.546 -15.7688 0
      vertex -33.546 -15.7688 0.00999928
    endloop
  endfacet
  facet normal 0.740908 0.671607 0
    outer loop
      vertex -33.546 -15.7688 0
      vertex -33.4142 -15.9142 0.00999928
      vertex -33.4142 -15.9142 0
    endloop
  endfacet
  facet normal -0.857673 -0.514196 0
    outer loop
      vertex 33.7638 15.4428 0
      vertex 33.6629 15.6111 0.00999928
      vertex 33.6629 15.6111 0
    endloop
  endfacet
  facet normal -0.857673 -0.514196 0
    outer loop
      vertex 33.6629 15.6111 0.00999928
      vertex 33.7638 15.4428 0
      vertex 33.7638 15.4428 0.00999928
    endloop
  endfacet
  facet normal 0.617028 0.154581 -0.771609
    outer loop
      vertex -33.9616 -14.8902 0.00999928
      vertex -29.9239 -11.0906 4
      vertex -33.9139 -15.0806 0.00999928
    endloop
  endfacet
  facet normal 0.617028 0.154581 -0.771609
    outer loop
      vertex -29.9239 -11.0906 4
      vertex -33.9616 -14.8902 0.00999928
      vertex -29.9716 -10.9002 4
    endloop
  endfacet
  facet normal 0.989182 -0.146696 0
    outer loop
      vertex -33.9904 14.696 0.00999928
      vertex -33.9616 14.8902 0
      vertex -33.9616 14.8902 0.00999928
    endloop
  endfacet
  facet normal 0.989182 -0.146696 0
    outer loop
      vertex -33.9616 14.8902 0
      vertex -33.9904 14.696 0.00999928
      vertex -33.9904 14.696 0
    endloop
  endfacet
  facet normal 0.302887 -0.505211 -0.808097
    outer loop
      vertex -29.1211 12.1729 4
      vertex -32.9428 16.2638 0.00999928
      vertex -28.9528 12.2738 4
    endloop
  endfacet
  facet normal 0.302887 -0.505211 -0.808097
    outer loop
      vertex -32.9428 16.2638 0.00999928
      vertex -29.1211 12.1729 4
      vertex -33.1111 16.1629 0.00999928
    endloop
  endfacet
  facet normal 0.427955 0.9038 -0
    outer loop
      vertex -32.7654 -16.3478 0
      vertex -32.9428 -16.2638 0.00999928
      vertex -32.7654 -16.3478 0.00999928
    endloop
  endfacet
  facet normal 0.427955 0.9038 0
    outer loop
      vertex -32.9428 -16.2638 0.00999928
      vertex -32.7654 -16.3478 0
      vertex -32.9428 -16.2638 0
    endloop
  endfacet
  facet normal 0.970023 0.243015 0
    outer loop
      vertex -33.9139 -15.0806 0.00999928
      vertex -33.9616 -14.8902 0
      vertex -33.9616 -14.8902 0.00999928
    endloop
  endfacet
  facet normal 0.970023 0.243015 0
    outer loop
      vertex -33.9616 -14.8902 0
      vertex -33.9139 -15.0806 0.00999928
      vertex -33.9139 -15.0806 0
    endloop
  endfacet
  facet normal 0.689613 0.033777 -0.72339
    outer loop
      vertex -34 -14.5 0.00999928
      vertex -30.0004 -10.706 4
      vertex -33.9904 -14.696 0.00999928
    endloop
  endfacet
  facet normal 0.689613 0.033777 -0.72339
    outer loop
      vertex -30.0004 -10.706 4
      vertex -34 -14.5 0.00999928
      vertex -30.01 -10.51 4
    endloop
  endfacet
  facet normal -0.505211 -0.302887 -0.808097
    outer loop
      vertex 29.6729 11.6211 4
      vertex 33.7638 15.4428 0.00999928
      vertex 29.7738 11.4528 4
    endloop
  endfacet
  facet normal -0.505211 -0.302887 -0.808097
    outer loop
      vertex 33.7638 15.4428 0.00999928
      vertex 29.6729 11.6211 4
      vertex 33.6629 15.6111 0.00999928
    endloop
  endfacet
  facet normal -0.617028 -0.154581 -0.771609
    outer loop
      vertex 29.9239 11.0906 4
      vertex 33.9616 14.8902 0.00999928
      vertex 29.9716 10.9002 4
    endloop
  endfacet
  facet normal -0.617028 -0.154581 -0.771609
    outer loop
      vertex 33.9616 14.8902 0.00999928
      vertex 29.9239 11.0906 4
      vertex 33.9139 15.0806 0.00999928
    endloop
  endfacet
  facet normal -0.970023 -0.243015 0
    outer loop
      vertex 33.9616 14.8902 0
      vertex 33.9139 15.0806 0.00999928
      vertex 33.9139 15.0806 0
    endloop
  endfacet
  facet normal -0.970023 -0.243015 0
    outer loop
      vertex 33.9139 15.0806 0.00999928
      vertex 33.9616 14.8902 0
      vertex 33.9616 14.8902 0.00999928
    endloop
  endfacet
  facet normal -0.033777 -0.689613 -0.72339
    outer loop
      vertex 28.206 12.5004 4
      vertex 32 16.5 0.00999928
      vertex 32.196 16.4904 0.00999928
    endloop
  endfacet
  facet normal -0.033777 -0.689613 -0.72339
    outer loop
      vertex 32 16.5 0.00999928
      vertex 28.206 12.5004 4
      vertex 28.01 12.51 4
    endloop
  endfacet
  facet normal 0.80335 -0.595508 0
    outer loop
      vertex -33.6629 15.6111 0.00999928
      vertex -33.546 15.7688 0
      vertex -33.546 15.7688 0.00999928
    endloop
  endfacet
  facet normal 0.80335 -0.595508 0
    outer loop
      vertex -33.546 15.7688 0
      vertex -33.6629 15.6111 0.00999928
      vertex -33.6629 15.6111 0
    endloop
  endfacet
  facet normal 0.580137 -0.207506 -0.787643
    outer loop
      vertex -33.9139 15.0806 0.00999928
      vertex -29.8578 11.2754 4
      vertex -29.9239 11.0906 4
    endloop
  endfacet
  facet normal 0.580137 -0.207506 -0.787643
    outer loop
      vertex -29.8578 11.2754 4
      vertex -33.9139 15.0806 0.00999928
      vertex -33.8478 15.2654 0.00999928
    endloop
  endfacet
  facet normal 0.580137 0.207506 -0.787643
    outer loop
      vertex -33.9139 -15.0806 0.00999928
      vertex -29.8578 -11.2754 4
      vertex -33.8478 -15.2654 0.00999928
    endloop
  endfacet
  facet normal 0.580137 0.207506 -0.787643
    outer loop
      vertex -29.8578 -11.2754 4
      vertex -33.9139 -15.0806 0.00999928
      vertex -29.9239 -11.0906 4
    endloop
  endfacet
  facet normal -0.989182 -0.146696 0
    outer loop
      vertex 33.9904 14.696 0
      vertex 33.9616 14.8902 0.00999928
      vertex 33.9616 14.8902 0
    endloop
  endfacet
  facet normal -0.989182 -0.146696 0
    outer loop
      vertex 33.9616 14.8902 0.00999928
      vertex 33.9904 14.696 0
      vertex 33.9904 14.696 0.00999928
    endloop
  endfacet
  facet normal 0.617028 -0.154581 -0.771609
    outer loop
      vertex -33.9616 14.8902 0.00999928
      vertex -29.9239 11.0906 4
      vertex -29.9716 10.9002 4
    endloop
  endfacet
  facet normal 0.617028 -0.154581 -0.771609
    outer loop
      vertex -29.9239 11.0906 4
      vertex -33.9616 14.8902 0.00999928
      vertex -33.9139 15.0806 0.00999928
    endloop
  endfacet
  facet normal 0.505211 -0.302887 -0.808097
    outer loop
      vertex -33.7638 15.4428 0.00999928
      vertex -29.6729 11.6211 4
      vertex -29.7738 11.4528 4
    endloop
  endfacet
  facet normal 0.505211 -0.302887 -0.808097
    outer loop
      vertex -29.6729 11.6211 4
      vertex -33.7638 15.4428 0.00999928
      vertex -33.6629 15.6111 0.00999928
    endloop
  endfacet
  facet normal -0.542691 0.256968 -0.799659
    outer loop
      vertex 29.7738 -11.4528 4
      vertex 33.8478 -15.2654 0.00999928
      vertex 33.7638 -15.4428 0.00999928
    endloop
  endfacet
  facet normal -0.542691 0.256968 -0.799659
    outer loop
      vertex 33.8478 -15.2654 0.00999928
      vertex 29.7738 -11.4528 4
      vertex 29.8578 -11.2754 4
    endloop
  endfacet
  facet normal 0.542691 0.256968 -0.799659
    outer loop
      vertex -33.8478 -15.2654 0.00999928
      vertex -29.7738 -11.4528 4
      vertex -33.7638 -15.4428 0.00999928
    endloop
  endfacet
  facet normal 0.542691 0.256968 -0.799659
    outer loop
      vertex -29.7738 -11.4528 4
      vertex -33.8478 -15.2654 0.00999928
      vertex -29.8578 -11.2754 4
    endloop
  endfacet
  facet normal 0.9038 0.427955 0
    outer loop
      vertex -33.7638 -15.4428 0.00999928
      vertex -33.8478 -15.2654 0
      vertex -33.8478 -15.2654 0.00999928
    endloop
  endfacet
  facet normal 0.9038 0.427955 0
    outer loop
      vertex -33.8478 -15.2654 0
      vertex -33.7638 -15.4428 0.00999928
      vertex -33.7638 -15.4428 0
    endloop
  endfacet
  facet normal 0.542691 -0.256968 -0.799659
    outer loop
      vertex -33.8478 15.2654 0.00999928
      vertex -29.7738 11.4528 4
      vertex -29.8578 11.2754 4
    endloop
  endfacet
  facet normal 0.542691 -0.256968 -0.799659
    outer loop
      vertex -29.7738 11.4528 4
      vertex -33.8478 15.2654 0.00999928
      vertex -33.7638 15.4428 0.00999928
    endloop
  endfacet
  facet normal 0.671607 0.740908 -0
    outer loop
      vertex -33.2688 -16.046 0
      vertex -33.4142 -15.9142 0.00999928
      vertex -33.2688 -16.046 0.00999928
    endloop
  endfacet
  facet normal 0.671607 0.740908 0
    outer loop
      vertex -33.4142 -15.9142 0.00999928
      vertex -33.2688 -16.046 0
      vertex -33.4142 -15.9142 0
    endloop
  endfacet
  facet normal 0.857673 0.514196 0
    outer loop
      vertex -33.6629 -15.6111 0.00999928
      vertex -33.7638 -15.4428 0
      vertex -33.7638 -15.4428 0.00999928
    endloop
  endfacet
  facet normal 0.857673 0.514196 0
    outer loop
      vertex -33.7638 -15.4428 0
      vertex -33.6629 -15.6111 0.00999928
      vertex -33.6629 -15.6111 0
    endloop
  endfacet
  facet normal 0.689613 -0.033777 -0.72339
    outer loop
      vertex -34 14.5 0.00999928
      vertex -30.0004 10.706 4
      vertex -30.01 10.51 4
    endloop
  endfacet
  facet normal 0.689613 -0.033777 -0.72339
    outer loop
      vertex -30.0004 10.706 4
      vertex -34 14.5 0.00999928
      vertex -33.9904 14.696 0.00999928
    endloop
  endfacet
  facet normal 0.9038 -0.427955 0
    outer loop
      vertex -33.8478 15.2654 0.00999928
      vertex -33.7638 15.4428 0
      vertex -33.7638 15.4428 0.00999928
    endloop
  endfacet
  facet normal 0.9038 -0.427955 0
    outer loop
      vertex -33.7638 15.4428 0
      vertex -33.8478 15.2654 0.00999928
      vertex -33.8478 15.2654 0
    endloop
  endfacet
  facet normal 0 -0.243015 0.970023
    outer loop
      vertex 43.07 53.6203 4.24306
      vertex 49.47 53.5251 4.21921
      vertex 49.47 53.6203 4.24306
    endloop
  endfacet
  facet normal 0 -0.243015 0.970023
    outer loop
      vertex 49.47 53.5251 4.21921
      vertex 43.07 53.6203 4.24306
      vertex 43.07 53.5251 4.21921
    endloop
  endfacet
  facet normal 0 -0.969896 -0.243518
    outer loop
      vertex 43.07 54.3108 5.39509
      vertex 49.47 54.2869 5.49028
      vertex 43.07 54.2869 5.49028
    endloop
  endfacet
  facet normal 0 -0.969896 -0.243518
    outer loop
      vertex 49.47 54.2869 5.49028
      vertex 43.07 54.3108 5.39509
      vertex 49.47 54.3108 5.39509
    endloop
  endfacet
  facet normal 0 -0.595817 0.80312
    outer loop
      vertex 43.07 53.9644 4.42699
      vertex 49.47 53.8856 4.36853
      vertex 49.47 53.9644 4.42699
    endloop
  endfacet
  facet normal 0 -0.595817 0.80312
    outer loop
      vertex 49.47 53.8856 4.36853
      vertex 43.07 53.9644 4.42699
      vertex 43.07 53.8856 4.36853
    endloop
  endfacet
  facet normal 0 -0.0490226 0.998798
    outer loop
      vertex 43.07 53.428 4.20481
      vertex 49.47 53.33 4.2
      vertex 49.47 53.428 4.20481
    endloop
  endfacet
  facet normal 0 -0.0490226 0.998798
    outer loop
      vertex 49.47 53.33 4.2
      vertex 43.07 53.428 4.20481
      vertex 43.07 53.33 4.2
    endloop
  endfacet
  facet normal 0 0.857951 0.513731
    outer loop
      vertex 49.47 52.4985 4.64443
      vertex 43.07 52.4481 4.7286
      vertex 49.47 52.4481 4.7286
    endloop
  endfacet
  facet normal 0 0.857951 0.513731
    outer loop
      vertex 43.07 52.4481 4.7286
      vertex 49.47 52.4985 4.64443
      vertex 43.07 52.4985 4.64443
    endloop
  endfacet
  facet normal 0 0.941742 -0.336336
    outer loop
      vertex 49.47 52.3731 5.49028
      vertex 43.07 52.4061 5.58268
      vertex 49.47 52.4061 5.58268
    endloop
  endfacet
  facet normal 0 0.941742 -0.336336
    outer loop
      vertex 43.07 52.4061 5.58268
      vertex 49.47 52.3731 5.49028
      vertex 43.07 52.3731 5.49028
    endloop
  endfacet
  facet normal 0 0.94173 0.336369
    outer loop
      vertex 49.47 52.4061 4.81732
      vertex 43.07 52.3731 4.90971
      vertex 49.47 52.3731 4.90971
    endloop
  endfacet
  facet normal 0 0.94173 0.336369
    outer loop
      vertex 43.07 52.3731 4.90971
      vertex 49.47 52.4061 4.81732
      vertex 43.07 52.4061 4.81732
    endloop
  endfacet
  facet normal 0 0.857951 -0.513731
    outer loop
      vertex 49.47 52.4481 5.6714
      vertex 43.07 52.4985 5.75557
      vertex 49.47 52.4985 5.75557
    endloop
  endfacet
  facet normal 0 0.857951 -0.513731
    outer loop
      vertex 43.07 52.4985 5.75557
      vertex 49.47 52.4481 5.6714
      vertex 43.07 52.4481 5.6714
    endloop
  endfacet
  facet normal 0 0.513971 -0.857807
    outer loop
      vertex 43.07 52.7744 6.03147
      vertex 49.47 52.8586 6.08192
      vertex 49.47 52.7744 6.03147
    endloop
  endfacet
  facet normal 0 0.513971 -0.857807
    outer loop
      vertex 49.47 52.8586 6.08192
      vertex 43.07 52.7744 6.03147
      vertex 43.07 52.8586 6.08192
    endloop
  endfacet
  facet normal 0 -0.741 -0.671505
    outer loop
      vertex 43.07 54.103 5.83439
      vertex 49.47 54.0371 5.90711
      vertex 43.07 54.0371 5.90711
    endloop
  endfacet
  facet normal 0 -0.741 -0.671505
    outer loop
      vertex 49.47 54.0371 5.90711
      vertex 43.07 54.103 5.83439
      vertex 49.47 54.103 5.83439
    endloop
  endfacet
  facet normal 0 0.969902 0.243494
    outer loop
      vertex 49.47 52.3731 4.90971
      vertex 43.07 52.3492 5.00491
      vertex 49.47 52.3492 5.00491
    endloop
  endfacet
  facet normal 0 0.969902 0.243494
    outer loop
      vertex 43.07 52.3492 5.00491
      vertex 49.47 52.3731 4.90971
      vertex 43.07 52.3731 4.90971
    endloop
  endfacet
  facet normal 0 -0.513971 -0.857807
    outer loop
      vertex 43.07 53.8014 6.08192
      vertex 49.47 53.8856 6.03147
      vertex 49.47 53.8014 6.08192
    endloop
  endfacet
  facet normal -0 -0.513971 -0.857807
    outer loop
      vertex 49.47 53.8856 6.03147
      vertex 43.07 53.8014 6.08192
      vertex 43.07 53.8856 6.03147
    endloop
  endfacet
  facet normal 0 -0.146597 -0.989196
    outer loop
      vertex 43.07 53.428 6.19518
      vertex 49.47 53.5251 6.18079
      vertex 49.47 53.428 6.19518
    endloop
  endfacet
  facet normal -0 -0.146597 -0.989196
    outer loop
      vertex 49.47 53.5251 6.18079
      vertex 43.07 53.428 6.19518
      vertex 43.07 53.5251 6.18079
    endloop
  endfacet
  facet normal 0 -0.989175 0.146741
    outer loop
      vertex 43.07 54.3108 5.00491
      vertex 49.47 54.3252 5.10198
      vertex 43.07 54.3252 5.10198
    endloop
  endfacet
  facet normal 0 -0.989175 0.146741
    outer loop
      vertex 49.47 54.3252 5.10198
      vertex 43.07 54.3108 5.00491
      vertex 49.47 54.3108 5.00491
    endloop
  endfacet
  facet normal -0 0.595817 0.80312
    outer loop
      vertex 43.07 52.7744 4.36853
      vertex 49.47 52.6956 4.42699
      vertex 49.47 52.7744 4.36853
    endloop
  endfacet
  facet normal 0 0.595817 0.80312
    outer loop
      vertex 49.47 52.6956 4.42699
      vertex 43.07 52.7744 4.36853
      vertex 43.07 52.6956 4.42699
    endloop
  endfacet
  facet normal 0 -0.94173 0.336369
    outer loop
      vertex 43.07 54.2539 4.81732
      vertex 49.47 54.2869 4.90971
      vertex 43.07 54.2869 4.90971
    endloop
  endfacet
  facet normal 0 -0.94173 0.336369
    outer loop
      vertex 49.47 54.2869 4.90971
      vertex 43.07 54.2539 4.81732
      vertex 49.47 54.2539 4.81732
    endloop
  endfacet
  facet normal 0 -0.427622 0.903958
    outer loop
      vertex 43.07 53.8014 4.31808
      vertex 49.47 53.7127 4.27612
      vertex 49.47 53.8014 4.31808
    endloop
  endfacet
  facet normal 0 -0.427622 0.903958
    outer loop
      vertex 49.47 53.7127 4.27612
      vertex 43.07 53.8014 4.31808
      vertex 43.07 53.7127 4.27612
    endloop
  endfacet
  facet normal 0 -0.802997 -0.595983
    outer loop
      vertex 43.07 54.1615 5.75557
      vertex 49.47 54.103 5.83439
      vertex 43.07 54.103 5.83439
    endloop
  endfacet
  facet normal 0 -0.802997 -0.595983
    outer loop
      vertex 49.47 54.103 5.83439
      vertex 43.07 54.1615 5.75557
      vertex 49.47 54.1615 5.75557
    endloop
  endfacet
  facet normal 0 -0.802997 0.595983
    outer loop
      vertex 43.07 54.103 4.56561
      vertex 49.47 54.1615 4.64443
      vertex 43.07 54.1615 4.64443
    endloop
  endfacet
  facet normal 0 -0.802997 0.595983
    outer loop
      vertex 49.47 54.1615 4.64443
      vertex 43.07 54.103 4.56561
      vertex 49.47 54.103 4.56561
    endloop
  endfacet
  facet normal 0 0.969896 -0.243518
    outer loop
      vertex 49.47 52.3492 5.39509
      vertex 43.07 52.3731 5.49028
      vertex 49.47 52.3731 5.49028
    endloop
  endfacet
  facet normal 0 0.969896 -0.243518
    outer loop
      vertex 43.07 52.3731 5.49028
      vertex 49.47 52.3492 5.39509
      vertex 43.07 52.3492 5.39509
    endloop
  endfacet
  facet normal 0 -0.857951 -0.513731
    outer loop
      vertex 43.07 54.2119 5.6714
      vertex 49.47 54.1615 5.75557
      vertex 43.07 54.1615 5.75557
    endloop
  endfacet
  facet normal 0 -0.857951 -0.513731
    outer loop
      vertex 49.47 54.1615 5.75557
      vertex 43.07 54.2119 5.6714
      vertex 49.47 54.2119 5.6714
    endloop
  endfacet
  facet normal 0 -0.989175 -0.146741
    outer loop
      vertex 43.07 54.3252 5.29802
      vertex 49.47 54.3108 5.39509
      vertex 43.07 54.3108 5.39509
    endloop
  endfacet
  facet normal 0 -0.989175 -0.146741
    outer loop
      vertex 49.47 54.3108 5.39509
      vertex 43.07 54.3252 5.29802
      vertex 49.47 54.3252 5.29802
    endloop
  endfacet
  facet normal 0 0.998803 -0.048911
    outer loop
      vertex 49.47 52.33 5.2
      vertex 43.07 52.3348 5.29802
      vertex 49.47 52.3348 5.29802
    endloop
  endfacet
  facet normal 0 0.998803 -0.048911
    outer loop
      vertex 43.07 52.3348 5.29802
      vertex 49.47 52.33 5.2
      vertex 43.07 52.33 5.2
    endloop
  endfacet
  facet normal 0 -0.857951 0.513731
    outer loop
      vertex 43.07 54.1615 4.64443
      vertex 49.47 54.2119 4.7286
      vertex 43.07 54.2119 4.7286
    endloop
  endfacet
  facet normal 0 -0.857951 0.513731
    outer loop
      vertex 49.47 54.2119 4.7286
      vertex 43.07 54.1615 4.64443
      vertex 49.47 54.1615 4.64443
    endloop
  endfacet
  facet normal 0 0.336879 -0.941548
    outer loop
      vertex 43.07 52.9473 6.12388
      vertex 49.47 53.0397 6.15694
      vertex 49.47 52.9473 6.12388
    endloop
  endfacet
  facet normal 0 0.336879 -0.941548
    outer loop
      vertex 49.47 53.0397 6.15694
      vertex 43.07 52.9473 6.12388
      vertex 43.07 53.0397 6.15694
    endloop
  endfacet
  facet normal -0 0.0490226 0.998798
    outer loop
      vertex 43.07 53.33 4.2
      vertex 49.47 53.232 4.20481
      vertex 49.47 53.33 4.2
    endloop
  endfacet
  facet normal 0 0.0490226 0.998798
    outer loop
      vertex 49.47 53.232 4.20481
      vertex 43.07 53.33 4.2
      vertex 43.07 53.232 4.20481
    endloop
  endfacet
  facet normal 0 -0.903837 -0.427876
    outer loop
      vertex 43.07 54.2539 5.58268
      vertex 49.47 54.2119 5.6714
      vertex 43.07 54.2119 5.6714
    endloop
  endfacet
  facet normal 0 -0.903837 -0.427876
    outer loop
      vertex 49.47 54.2119 5.6714
      vertex 43.07 54.2539 5.58268
      vertex 49.47 54.2539 5.58268
    endloop
  endfacet
  facet normal -0 0.427622 0.903958
    outer loop
      vertex 43.07 52.9473 4.27612
      vertex 49.47 52.8586 4.31808
      vertex 49.47 52.9473 4.27612
    endloop
  endfacet
  facet normal 0 0.427622 0.903958
    outer loop
      vertex 49.47 52.8586 4.31808
      vertex 43.07 52.9473 4.27612
      vertex 43.07 52.8586 4.31808
    endloop
  endfacet
  facet normal 0 0.802997 -0.595983
    outer loop
      vertex 49.47 52.4985 5.75557
      vertex 43.07 52.557 5.83439
      vertex 49.47 52.557 5.83439
    endloop
  endfacet
  facet normal 0 0.802997 -0.595983
    outer loop
      vertex 43.07 52.557 5.83439
      vertex 49.47 52.4985 5.75557
      vertex 43.07 52.4985 5.75557
    endloop
  endfacet
  facet normal 0 -0.595817 -0.80312
    outer loop
      vertex 43.07 53.8856 6.03147
      vertex 49.47 53.9644 5.97301
      vertex 49.47 53.8856 6.03147
    endloop
  endfacet
  facet normal -0 -0.595817 -0.80312
    outer loop
      vertex 49.47 53.9644 5.97301
      vertex 43.07 53.8856 6.03147
      vertex 43.07 53.9644 5.97301
    endloop
  endfacet
  facet normal 0 0.427622 -0.903958
    outer loop
      vertex 43.07 52.8586 6.08192
      vertex 49.47 52.9473 6.12388
      vertex 49.47 52.8586 6.08192
    endloop
  endfacet
  facet normal 0 0.427622 -0.903958
    outer loop
      vertex 49.47 52.9473 6.12388
      vertex 43.07 52.8586 6.08192
      vertex 43.07 52.9473 6.12388
    endloop
  endfacet
  facet normal 0 -0.146696 0.989182
    outer loop
      vertex 43.07 53.5251 4.21921
      vertex 49.47 53.428 4.20481
      vertex 49.47 53.5251 4.21921
    endloop
  endfacet
  facet normal 0 -0.146696 0.989182
    outer loop
      vertex 49.47 53.428 4.20481
      vertex 43.07 53.5251 4.21921
      vertex 43.07 53.428 4.20481
    endloop
  endfacet
  facet normal 0 -0.336879 -0.941548
    outer loop
      vertex 43.07 53.6203 6.15694
      vertex 49.47 53.7127 6.12388
      vertex 49.47 53.6203 6.15694
    endloop
  endfacet
  facet normal -0 -0.336879 -0.941548
    outer loop
      vertex 49.47 53.7127 6.12388
      vertex 43.07 53.6203 6.15694
      vertex 43.07 53.7127 6.12388
    endloop
  endfacet
  facet normal 0 -0.336879 0.941548
    outer loop
      vertex 43.07 53.7127 4.27612
      vertex 49.47 53.6203 4.24306
      vertex 49.47 53.7127 4.27612
    endloop
  endfacet
  facet normal 0 -0.336879 0.941548
    outer loop
      vertex 49.47 53.6203 4.24306
      vertex 43.07 53.7127 4.27612
      vertex 43.07 53.6203 4.24306
    endloop
  endfacet
  facet normal 0 0.741 -0.671505
    outer loop
      vertex 49.47 52.557 5.83439
      vertex 43.07 52.6229 5.90711
      vertex 49.47 52.6229 5.90711
    endloop
  endfacet
  facet normal 0 0.741 -0.671505
    outer loop
      vertex 43.07 52.6229 5.90711
      vertex 49.47 52.557 5.83439
      vertex 43.07 52.557 5.83439
    endloop
  endfacet
  facet normal -0 0.243015 0.970023
    outer loop
      vertex 43.07 53.1349 4.21921
      vertex 49.47 53.0397 4.24306
      vertex 49.47 53.1349 4.21921
    endloop
  endfacet
  facet normal 0 0.243015 0.970023
    outer loop
      vertex 49.47 53.0397 4.24306
      vertex 43.07 53.1349 4.21921
      vertex 43.07 53.0397 4.24306
    endloop
  endfacet
  facet normal -0 0.146696 0.989182
    outer loop
      vertex 43.07 53.232 4.20481
      vertex 49.47 53.1349 4.21921
      vertex 49.47 53.232 4.20481
    endloop
  endfacet
  facet normal 0 0.146696 0.989182
    outer loop
      vertex 49.47 53.1349 4.21921
      vertex 43.07 53.232 4.20481
      vertex 43.07 53.1349 4.21921
    endloop
  endfacet
  facet normal 0 -0.941742 -0.336336
    outer loop
      vertex 43.07 54.2869 5.49028
      vertex 49.47 54.2539 5.58268
      vertex 43.07 54.2539 5.58268
    endloop
  endfacet
  facet normal 0 -0.941742 -0.336336
    outer loop
      vertex 49.47 54.2539 5.58268
      vertex 43.07 54.2869 5.49028
      vertex 49.47 54.2869 5.49028
    endloop
  endfacet
  facet normal 0 0.989175 0.146741
    outer loop
      vertex 49.47 52.3492 5.00491
      vertex 43.07 52.3348 5.10198
      vertex 49.47 52.3348 5.10198
    endloop
  endfacet
  facet normal 0 0.989175 0.146741
    outer loop
      vertex 43.07 52.3348 5.10198
      vertex 49.47 52.3492 5.00491
      vertex 43.07 52.3492 5.00491
    endloop
  endfacet
  facet normal -0 0.513971 0.857807
    outer loop
      vertex 43.07 52.8586 4.31808
      vertex 49.47 52.7744 4.36853
      vertex 49.47 52.8586 4.31808
    endloop
  endfacet
  facet normal 0 0.513971 0.857807
    outer loop
      vertex 49.47 52.7744 4.36853
      vertex 43.07 52.8586 4.31808
      vertex 43.07 52.7744 4.36853
    endloop
  endfacet
  facet normal 0 -0.998803 -0.048911
    outer loop
      vertex 43.07 54.33 5.2
      vertex 49.47 54.3252 5.29802
      vertex 43.07 54.3252 5.29802
    endloop
  endfacet
  facet normal 0 -0.998803 -0.048911
    outer loop
      vertex 49.47 54.3252 5.29802
      vertex 43.07 54.33 5.2
      vertex 49.47 54.33 5.2
    endloop
  endfacet
  facet normal 0 0.0491243 -0.998793
    outer loop
      vertex 43.07 53.232 6.19518
      vertex 49.47 53.33 6.2
      vertex 49.47 53.232 6.19518
    endloop
  endfacet
  facet normal 0 0.0491243 -0.998793
    outer loop
      vertex 49.47 53.33 6.2
      vertex 43.07 53.232 6.19518
      vertex 43.07 53.33 6.2
    endloop
  endfacet
  facet normal -0 0.336879 0.941548
    outer loop
      vertex 43.07 53.0397 4.24306
      vertex 49.47 52.9473 4.27612
      vertex 49.47 53.0397 4.24306
    endloop
  endfacet
  facet normal 0 0.336879 0.941548
    outer loop
      vertex 49.47 52.9473 4.27612
      vertex 43.07 53.0397 4.24306
      vertex 43.07 52.9473 4.27612
    endloop
  endfacet
  facet normal 0 -0.903837 0.427876
    outer loop
      vertex 43.07 54.2119 4.7286
      vertex 49.47 54.2539 4.81732
      vertex 43.07 54.2539 4.81732
    endloop
  endfacet
  facet normal 0 -0.903837 0.427876
    outer loop
      vertex 49.47 54.2539 4.81732
      vertex 43.07 54.2119 4.7286
      vertex 49.47 54.2119 4.7286
    endloop
  endfacet
  facet normal 0 -0.998803 0.048911
    outer loop
      vertex 43.07 54.3252 5.10198
      vertex 49.47 54.33 5.2
      vertex 43.07 54.33 5.2
    endloop
  endfacet
  facet normal 0 -0.998803 0.048911
    outer loop
      vertex 49.47 54.33 5.2
      vertex 43.07 54.3252 5.10198
      vertex 49.47 54.3252 5.10198
    endloop
  endfacet
  facet normal 0 -0.513971 0.857807
    outer loop
      vertex 43.07 53.8856 4.36853
      vertex 49.47 53.8014 4.31808
      vertex 49.47 53.8856 4.36853
    endloop
  endfacet
  facet normal 0 -0.513971 0.857807
    outer loop
      vertex 49.47 53.8014 4.31808
      vertex 43.07 53.8856 4.36853
      vertex 43.07 53.8014 4.31808
    endloop
  endfacet
  facet normal 0 0.989175 -0.146741
    outer loop
      vertex 49.47 52.3348 5.29802
      vertex 43.07 52.3492 5.39509
      vertex 49.47 52.3492 5.39509
    endloop
  endfacet
  facet normal 0 0.989175 -0.146741
    outer loop
      vertex 43.07 52.3492 5.39509
      vertex 49.47 52.3348 5.29802
      vertex 43.07 52.3348 5.29802
    endloop
  endfacet
  facet normal 0 0.741 0.671505
    outer loop
      vertex 49.47 52.6229 4.49289
      vertex 43.07 52.557 4.56561
      vertex 49.47 52.557 4.56561
    endloop
  endfacet
  facet normal 0 0.741 0.671505
    outer loop
      vertex 43.07 52.557 4.56561
      vertex 49.47 52.6229 4.49289
      vertex 43.07 52.6229 4.49289
    endloop
  endfacet
  facet normal 0 -0.671607 -0.740908
    outer loop
      vertex 43.07 53.9644 5.97301
      vertex 49.47 54.0371 5.90711
      vertex 49.47 53.9644 5.97301
    endloop
  endfacet
  facet normal -0 -0.671607 -0.740908
    outer loop
      vertex 49.47 54.0371 5.90711
      vertex 43.07 53.9644 5.97301
      vertex 43.07 54.0371 5.90711
    endloop
  endfacet
  facet normal 0 -0.671607 0.740908
    outer loop
      vertex 43.07 54.0371 4.49289
      vertex 49.47 53.9644 4.42699
      vertex 49.47 54.0371 4.49289
    endloop
  endfacet
  facet normal 0 -0.671607 0.740908
    outer loop
      vertex 49.47 53.9644 4.42699
      vertex 43.07 54.0371 4.49289
      vertex 43.07 53.9644 4.42699
    endloop
  endfacet
  facet normal 0 -0.741 0.671505
    outer loop
      vertex 43.07 54.0371 4.49289
      vertex 49.47 54.103 4.56561
      vertex 43.07 54.103 4.56561
    endloop
  endfacet
  facet normal 0 -0.741 0.671505
    outer loop
      vertex 49.47 54.103 4.56561
      vertex 43.07 54.0371 4.49289
      vertex 49.47 54.0371 4.49289
    endloop
  endfacet
  facet normal 0 0.243015 -0.970023
    outer loop
      vertex 43.07 53.0397 6.15694
      vertex 49.47 53.1349 6.18079
      vertex 49.47 53.0397 6.15694
    endloop
  endfacet
  facet normal 0 0.243015 -0.970023
    outer loop
      vertex 49.47 53.1349 6.18079
      vertex 43.07 53.0397 6.15694
      vertex 43.07 53.1349 6.18079
    endloop
  endfacet
  facet normal 0 -0.427622 -0.903958
    outer loop
      vertex 43.07 53.7127 6.12388
      vertex 49.47 53.8014 6.08192
      vertex 49.47 53.7127 6.12388
    endloop
  endfacet
  facet normal -0 -0.427622 -0.903958
    outer loop
      vertex 49.47 53.8014 6.08192
      vertex 43.07 53.7127 6.12388
      vertex 43.07 53.8014 6.08192
    endloop
  endfacet
  facet normal 0 0.903837 -0.427876
    outer loop
      vertex 49.47 52.4061 5.58268
      vertex 43.07 52.4481 5.6714
      vertex 49.47 52.4481 5.6714
    endloop
  endfacet
  facet normal 0 0.903837 -0.427876
    outer loop
      vertex 43.07 52.4481 5.6714
      vertex 49.47 52.4061 5.58268
      vertex 43.07 52.4061 5.58268
    endloop
  endfacet
  facet normal 0 -0.243015 -0.970023
    outer loop
      vertex 43.07 53.5251 6.18079
      vertex 49.47 53.6203 6.15694
      vertex 49.47 53.5251 6.18079
    endloop
  endfacet
  facet normal -0 -0.243015 -0.970023
    outer loop
      vertex 49.47 53.6203 6.15694
      vertex 43.07 53.5251 6.18079
      vertex 43.07 53.6203 6.15694
    endloop
  endfacet
  facet normal 0 -0.969902 0.243494
    outer loop
      vertex 43.07 54.2869 4.90971
      vertex 49.47 54.3108 5.00491
      vertex 43.07 54.3108 5.00491
    endloop
  endfacet
  facet normal 0 -0.969902 0.243494
    outer loop
      vertex 49.47 54.3108 5.00491
      vertex 43.07 54.2869 4.90971
      vertex 49.47 54.2869 4.90971
    endloop
  endfacet
  facet normal 0 0.671607 -0.740908
    outer loop
      vertex 43.07 52.6229 5.90711
      vertex 49.47 52.6956 5.97301
      vertex 49.47 52.6229 5.90711
    endloop
  endfacet
  facet normal 0 0.671607 -0.740908
    outer loop
      vertex 49.47 52.6956 5.97301
      vertex 43.07 52.6229 5.90711
      vertex 43.07 52.6956 5.97301
    endloop
  endfacet
  facet normal 0 0.903837 0.427876
    outer loop
      vertex 49.47 52.4481 4.7286
      vertex 43.07 52.4061 4.81732
      vertex 49.47 52.4061 4.81732
    endloop
  endfacet
  facet normal 0 0.903837 0.427876
    outer loop
      vertex 43.07 52.4061 4.81732
      vertex 49.47 52.4481 4.7286
      vertex 43.07 52.4481 4.7286
    endloop
  endfacet
  facet normal 0 0.998803 0.048911
    outer loop
      vertex 49.47 52.3348 5.10198
      vertex 43.07 52.33 5.2
      vertex 49.47 52.33 5.2
    endloop
  endfacet
  facet normal 0 0.998803 0.048911
    outer loop
      vertex 43.07 52.33 5.2
      vertex 49.47 52.3348 5.10198
      vertex 43.07 52.3348 5.10198
    endloop
  endfacet
  facet normal 0 0.146597 -0.989196
    outer loop
      vertex 43.07 53.1349 6.18079
      vertex 49.47 53.232 6.19518
      vertex 49.47 53.1349 6.18079
    endloop
  endfacet
  facet normal 0 0.146597 -0.989196
    outer loop
      vertex 49.47 53.232 6.19518
      vertex 43.07 53.1349 6.18079
      vertex 43.07 53.232 6.19518
    endloop
  endfacet
  facet normal 0 0.802997 0.595983
    outer loop
      vertex 49.47 52.557 4.56561
      vertex 43.07 52.4985 4.64443
      vertex 49.47 52.4985 4.64443
    endloop
  endfacet
  facet normal 0 0.802997 0.595983
    outer loop
      vertex 43.07 52.4985 4.64443
      vertex 49.47 52.557 4.56561
      vertex 43.07 52.557 4.56561
    endloop
  endfacet
  facet normal 0 0.595817 -0.80312
    outer loop
      vertex 43.07 52.6956 5.97301
      vertex 49.47 52.7744 6.03147
      vertex 49.47 52.6956 5.97301
    endloop
  endfacet
  facet normal 0 0.595817 -0.80312
    outer loop
      vertex 49.47 52.7744 6.03147
      vertex 43.07 52.6956 5.97301
      vertex 43.07 52.7744 6.03147
    endloop
  endfacet
  facet normal 0 -0.0491243 -0.998793
    outer loop
      vertex 43.07 53.33 6.2
      vertex 49.47 53.428 6.19518
      vertex 49.47 53.33 6.2
    endloop
  endfacet
  facet normal -0 -0.0491243 -0.998793
    outer loop
      vertex 49.47 53.428 6.19518
      vertex 43.07 53.33 6.2
      vertex 43.07 53.428 6.19518
    endloop
  endfacet
  facet normal -0 0.671607 0.740908
    outer loop
      vertex 43.07 52.6956 4.42699
      vertex 49.47 52.6229 4.49289
      vertex 49.47 52.6956 4.42699
    endloop
  endfacet
  facet normal 0 0.671607 0.740908
    outer loop
      vertex 49.47 52.6229 4.49289
      vertex 43.07 52.6956 4.42699
      vertex 43.07 52.6229 4.49289
    endloop
  endfacet
  facet normal -1 0 0
    outer loop
      vertex -40.87 15.13 24.4
      vertex -40.87 17.33 28
      vertex -40.87 17.33 24.4
    endloop
  endfacet
  facet normal -1 -0 0
    outer loop
      vertex -40.87 17.33 28
      vertex -40.87 15.13 24.4
      vertex -40.87 15.13 28
    endloop
  endfacet
  facet normal -0 0 1
    outer loop
      vertex -43.07 17.33 24.4
      vertex -40.87 15.13 24.4
      vertex -40.87 17.33 24.4
    endloop
  endfacet
  facet normal 0 0 1
    outer loop
      vertex -40.87 15.13 24.4
      vertex -43.07 17.33 24.4
      vertex -43.07 15.13 24.4
    endloop
  endfacet
  facet normal -0 0 1
    outer loop
      vertex 40.87 17.33 24.4
      vertex 43.07 15.13 24.4
      vertex 43.07 17.33 24.4
    endloop
  endfacet
  facet normal 0 0 1
    outer loop
      vertex 43.07 15.13 24.4
      vertex 40.87 17.33 24.4
      vertex 40.87 15.13 24.4
    endloop
  endfacet
  facet normal 1 -0 0
    outer loop
      vertex 40.87 15.13 28
      vertex 40.87 17.33 24.4
      vertex 40.87 17.33 28
    endloop
  endfacet
  facet normal 1 0 0
    outer loop
      vertex 40.87 17.33 24.4
      vertex 40.87 15.13 28
      vertex 40.87 15.13 24.4
    endloop
  endfacet
  facet normal -0 0 1
    outer loop
      vertex -40.87 17.33 28
      vertex -5.5 15.13 28
      vertex -5.5 17.33 28
    endloop
  endfacet
  facet normal 0 0 1
    outer loop
      vertex -5.5 15.13 28
      vertex -40.87 17.33 28
      vertex -40.87 15.13 28
    endloop
  endfacet
  facet normal -0 0 1
    outer loop
      vertex 5.5 17.33 28
      vertex 40.87 15.13 28
      vertex 40.87 17.33 28
    endloop
  endfacet
  facet normal 0 0 1
    outer loop
      vertex 40.87 15.13 28
      vertex 5.5 17.33 28
      vertex 5.5 15.13 28
    endloop
  endfacet
  facet normal 0 1 -0
    outer loop
      vertex 43.07 17.33 4
      vertex 40.87 17.33 24.4
      vertex 43.07 17.33 24.4
    endloop
  endfacet
  facet normal 0 1 0
    outer loop
      vertex 5.5 17.33 6
      vertex 43.07 17.33 4
      vertex -5.5 17.33 6
    endloop
  endfacet
  facet normal 0 1 0
    outer loop
      vertex 40.87 17.33 24.4
      vertex 43.07 17.33 4
      vertex 5.5 17.33 6
    endloop
  endfacet
  facet normal 0 1 -0
    outer loop
      vertex 40.87 17.33 24.4
      vertex 5.5 17.33 28
      vertex 40.87 17.33 28
    endloop
  endfacet
  facet normal 0 1 0
    outer loop
      vertex 5.5 17.33 28
      vertex 40.87 17.33 24.4
      vertex 5.5 17.33 6
    endloop
  endfacet
  facet normal 0 1 0
    outer loop
      vertex -5.5 17.33 28
      vertex -40.87 17.33 24.4
      vertex -40.87 17.33 28
    endloop
  endfacet
  facet normal 0 1 -0
    outer loop
      vertex -5.5 17.33 6
      vertex -40.87 17.33 24.4
      vertex -5.5 17.33 28
    endloop
  endfacet
  facet normal 0 1 0
    outer loop
      vertex -43.07 17.33 4
      vertex -40.87 17.33 24.4
      vertex -5.5 17.33 6
    endloop
  endfacet
  facet normal 0 1 0
    outer loop
      vertex -40.87 17.33 24.4
      vertex -43.07 17.33 4
      vertex -43.07 17.33 24.4
    endloop
  endfacet
  facet normal 0 1 0
    outer loop
      vertex -43.07 17.33 4
      vertex -5.5 17.33 6
      vertex 43.07 17.33 4
    endloop
  endfacet
  facet normal 0 -1 0
    outer loop
      vertex -43.07 15.13 24.4
      vertex -34.05 15.13 9
      vertex -40.87 15.13 24.4
    endloop
  endfacet
  facet normal 0 -1 0
    outer loop
      vertex -43.07 15.13 4
      vertex -34.05 15.13 9
      vertex -43.07 15.13 24.4
    endloop
  endfacet
  facet normal 0 -1 -0
    outer loop
      vertex -34.05 15.13 9
      vertex -43.07 15.13 4
      vertex -34.05 15.13 4
    endloop
  endfacet
  facet normal 0 -1 0
    outer loop
      vertex -40.87 15.13 24.4
      vertex -5.5 15.13 28
      vertex -40.87 15.13 28
    endloop
  endfacet
  facet normal 0 -1 0
    outer loop
      vertex -32.05 15.13 9
      vertex -40.87 15.13 24.4
      vertex -34.05 15.13 9
    endloop
  endfacet
  facet normal 0 -1 0
    outer loop
      vertex -40.87 15.13 24.4
      vertex -32.05 15.13 9
      vertex -5.5 15.13 28
    endloop
  endfacet
  facet normal 0 -1 0
    outer loop
      vertex -32.05 15.13 9
      vertex -5.5 15.13 6
      vertex -5.5 15.13 28
    endloop
  endfacet
  facet normal 0 -1 -0
    outer loop
      vertex -5.5 15.13 6
      vertex -32.05 15.13 4
      vertex 5.5 15.13 6
    endloop
  endfacet
  facet normal 0 -1 0
    outer loop
      vertex -32.05 15.13 4
      vertex -5.5 15.13 6
      vertex -32.05 15.13 9
    endloop
  endfacet
  facet normal 0 -1 0
    outer loop
      vertex 5.5 15.13 28
      vertex 40.87 15.13 24.4
      vertex 40.87 15.13 28
    endloop
  endfacet
  facet normal 0 -1 0
    outer loop
      vertex 34.05 15.13 9
      vertex 40.87 15.13 24.4
      vertex 32.05 15.13 9
    endloop
  endfacet
  facet normal 0 -1 0
    outer loop
      vertex 5.5 15.13 28
      vertex 32.05 15.13 9
      vertex 40.87 15.13 24.4
    endloop
  endfacet
  facet normal 0 -1 0
    outer loop
      vertex 5.5 15.13 6
      vertex 32.05 15.13 9
      vertex 5.5 15.13 28
    endloop
  endfacet
  facet normal 0 -1 0
    outer loop
      vertex 5.5 15.13 6
      vertex 32.05 15.13 4
      vertex 32.05 15.13 9
    endloop
  endfacet
  facet normal 0 -1 0
    outer loop
      vertex 32.05 15.13 4
      vertex 5.5 15.13 6
      vertex -32.05 15.13 4
    endloop
  endfacet
  facet normal 0 -1 -0
    outer loop
      vertex 40.87 15.13 24.4
      vertex 34.05 15.13 9
      vertex 43.07 15.13 24.4
    endloop
  endfacet
  facet normal 0 -1 0
    outer loop
      vertex 43.07 15.13 4
      vertex 34.05 15.13 9
      vertex 34.05 15.13 4
    endloop
  endfacet
  facet normal 0 -1 0
    outer loop
      vertex 34.05 15.13 9
      vertex 43.07 15.13 4
      vertex 43.07 15.13 24.4
    endloop
  endfacet
  facet normal -1 0 0
    outer loop
      vertex 5.5 15.13 6
      vertex 5.5 17.33 28
      vertex 5.5 17.33 6
    endloop
  endfacet
  facet normal -1 -0 0
    outer loop
      vertex 5.5 17.33 28
      vertex 5.5 15.13 6
      vertex 5.5 15.13 28
    endloop
  endfacet
  facet normal -0 0 1
    outer loop
      vertex -5.5 17.33 6
      vertex 5.5 15.13 6
      vertex 5.5 17.33 6
    endloop
  endfacet
  facet normal 0 0 1
    outer loop
      vertex 5.5 15.13 6
      vertex -5.5 17.33 6
      vertex -5.5 15.13 6
    endloop
  endfacet
  facet normal 1 -0 0
    outer loop
      vertex -5.5 15.13 28
      vertex -5.5 17.33 6
      vertex -5.5 17.33 28
    endloop
  endfacet
  facet normal 1 0 0
    outer loop
      vertex -5.5 17.33 6
      vertex -5.5 15.13 28
      vertex -5.5 15.13 6
    endloop
  endfacet
  facet normal 1 -0 0
    outer loop
      vertex -32.05 -15.13 9
      vertex -32.05 -6 4
      vertex -32.05 -6 9
    endloop
  endfacet
  facet normal 1 0 0
    outer loop
      vertex -32.05 -6 4
      vertex -32.05 -15.13 9
      vertex -32.05 -15.13 4
    endloop
  endfacet
  facet normal -0 0 1
    outer loop
      vertex -34.05 -6 9
      vertex -32.05 -15.13 9
      vertex -32.05 -6 9
    endloop
  endfacet
  facet normal 0 0 1
    outer loop
      vertex -32.05 -15.13 9
      vertex -34.05 -6 9
      vertex -34.05 -15.13 9
    endloop
  endfacet
  facet normal -1 0 0
    outer loop
      vertex -34.05 -15.13 4
      vertex -34.05 -6 9
      vertex -34.05 -6 4
    endloop
  endfacet
  facet normal -1 -0 0
    outer loop
      vertex -34.05 -6 9
      vertex -34.05 -15.13 4
      vertex -34.05 -15.13 9
    endloop
  endfacet
  facet normal 0 1 -0
    outer loop
      vertex -32.05 -6 4
      vertex -34.05 -6 9
      vertex -32.05 -6 9
    endloop
  endfacet
  facet normal 0 1 0
    outer loop
      vertex -34.05 -6 9
      vertex -32.05 -6 4
      vertex -34.05 -6 4
    endloop
  endfacet
  facet normal 1 -0 0
    outer loop
      vertex -32.05 6 9
      vertex -32.05 15.13 4
      vertex -32.05 15.13 9
    endloop
  endfacet
  facet normal 1 0 0
    outer loop
      vertex -32.05 15.13 4
      vertex -32.05 6 9
      vertex -32.05 6 4
    endloop
  endfacet
  facet normal -0 0 1
    outer loop
      vertex -34.05 15.13 9
      vertex -32.05 6 9
      vertex -32.05 15.13 9
    endloop
  endfacet
  facet normal 0 0 1
    outer loop
      vertex -32.05 6 9
      vertex -34.05 15.13 9
      vertex -34.05 6 9
    endloop
  endfacet
  facet normal -1 0 0
    outer loop
      vertex -34.05 6 4
      vertex -34.05 15.13 9
      vertex -34.05 15.13 4
    endloop
  endfacet
  facet normal -1 -0 0
    outer loop
      vertex -34.05 15.13 9
      vertex -34.05 6 4
      vertex -34.05 6 9
    endloop
  endfacet
  facet normal 0 -1 0
    outer loop
      vertex -34.05 6 4
      vertex -32.05 6 9
      vertex -34.05 6 9
    endloop
  endfacet
  facet normal 0 -1 -0
    outer loop
      vertex -32.05 6 9
      vertex -34.05 6 4
      vertex -32.05 6 4
    endloop
  endfacet
  facet normal 1 -0 0
    outer loop
      vertex 34.05 -15.13 9
      vertex 34.05 -6 4
      vertex 34.05 -6 9
    endloop
  endfacet
  facet normal 1 0 0
    outer loop
      vertex 34.05 -6 4
      vertex 34.05 -15.13 9
      vertex 34.05 -15.13 4
    endloop
  endfacet
  facet normal -0 0 1
    outer loop
      vertex 32.05 -6 9
      vertex 34.05 -15.13 9
      vertex 34.05 -6 9
    endloop
  endfacet
  facet normal 0 0 1
    outer loop
      vertex 34.05 -15.13 9
      vertex 32.05 -6 9
      vertex 32.05 -15.13 9
    endloop
  endfacet
  facet normal -1 0 0
    outer loop
      vertex 32.05 -15.13 4
      vertex 32.05 -6 9
      vertex 32.05 -6 4
    endloop
  endfacet
  facet normal -1 -0 0
    outer loop
      vertex 32.05 -6 9
      vertex 32.05 -15.13 4
      vertex 32.05 -15.13 9
    endloop
  endfacet
  facet normal 0 1 -0
    outer loop
      vertex 34.05 -6 4
      vertex 32.05 -6 9
      vertex 34.05 -6 9
    endloop
  endfacet
  facet normal 0 1 0
    outer loop
      vertex 32.05 -6 9
      vertex 34.05 -6 4
      vertex 32.05 -6 4
    endloop
  endfacet
  facet normal 1 -0 0
    outer loop
      vertex 34.05 6 9
      vertex 34.05 15.13 4
      vertex 34.05 15.13 9
    endloop
  endfacet
  facet normal 1 0 0
    outer loop
      vertex 34.05 15.13 4
      vertex 34.05 6 9
      vertex 34.05 6 4
    endloop
  endfacet
  facet normal -0 0 1
    outer loop
      vertex 32.05 15.13 9
      vertex 34.05 6 9
      vertex 34.05 15.13 9
    endloop
  endfacet
  facet normal 0 0 1
    outer loop
      vertex 34.05 6 9
      vertex 32.05 15.13 9
      vertex 32.05 6 9
    endloop
  endfacet
  facet normal -1 0 0
    outer loop
      vertex 32.05 6 4
      vertex 32.05 15.13 9
      vertex 32.05 15.13 4
    endloop
  endfacet
  facet normal -1 -0 0
    outer loop
      vertex 32.05 15.13 9
      vertex 32.05 6 4
      vertex 32.05 6 9
    endloop
  endfacet
  facet normal 0 -1 0
    outer loop
      vertex 32.05 6 4
      vertex 34.05 6 9
      vertex 32.05 6 9
    endloop
  endfacet
  facet normal 0 -1 -0
    outer loop
      vertex 34.05 6 9
      vertex 32.05 6 4
      vertex 34.05 6 4
    endloop
  endfacet
  facet normal 1 -0 0
    outer loop
      vertex 18.2 19.33 7
      vertex 18.2 21.33 4
      vertex 18.2 21.33 7
    endloop
  endfacet
  facet normal 1 0 0
    outer loop
      vertex 18.2 21.33 4
      vertex 18.2 19.33 7
      vertex 18.2 19.33 4
    endloop
  endfacet
  facet normal -0 0 1
    outer loop
      vertex -18.2 21.33 7
      vertex 18.2 19.33 7
      vertex 18.2 21.33 7
    endloop
  endfacet
  facet normal 0 0 1
    outer loop
      vertex 18.2 19.33 7
      vertex -18.2 21.33 7
      vertex -18.2 19.33 7
    endloop
  endfacet
  facet normal -1 0 0
    outer loop
      vertex -18.2 19.33 4
      vertex -18.2 21.33 7
      vertex -18.2 21.33 4
    endloop
  endfacet
  facet normal -1 -0 0
    outer loop
      vertex -18.2 21.33 7
      vertex -18.2 19.33 4
      vertex -18.2 19.33 7
    endloop
  endfacet
  facet normal 0 1 -0
    outer loop
      vertex 18.2 21.33 4
      vertex -18.2 21.33 7
      vertex 18.2 21.33 7
    endloop
  endfacet
  facet normal 0 1 0
    outer loop
      vertex -18.2 21.33 7
      vertex 18.2 21.33 4
      vertex -18.2 21.33 4
    endloop
  endfacet
  facet normal 0 -1 0
    outer loop
      vertex -18.2 19.33 4
      vertex 18.2 19.33 7
      vertex -18.2 19.33 7
    endloop
  endfacet
  facet normal 0 -1 -0
    outer loop
      vertex 18.2 19.33 7
      vertex -18.2 19.33 4
      vertex 18.2 19.33 4
    endloop
  endfacet
  facet normal 1 -0 0
    outer loop
      vertex 18.2 45.13 7
      vertex 18.2 47.13 4
      vertex 18.2 47.13 7
    endloop
  endfacet
  facet normal 1 0 0
    outer loop
      vertex 18.2 47.13 4
      vertex 18.2 45.13 7
      vertex 18.2 45.13 4
    endloop
  endfacet
  facet normal -0 0 1
    outer loop
      vertex -18.2 47.13 7
      vertex 18.2 45.13 7
      vertex 18.2 47.13 7
    endloop
  endfacet
  facet normal 0 0 1
    outer loop
      vertex 18.2 45.13 7
      vertex -18.2 47.13 7
      vertex -18.2 45.13 7
    endloop
  endfacet
  facet normal -1 0 0
    outer loop
      vertex -18.2 45.13 4
      vertex -18.2 47.13 7
      vertex -18.2 47.13 4
    endloop
  endfacet
  facet normal -1 -0 0
    outer loop
      vertex -18.2 47.13 7
      vertex -18.2 45.13 4
      vertex -18.2 45.13 7
    endloop
  endfacet
  facet normal 0 1 -0
    outer loop
      vertex 18.2 47.13 4
      vertex -18.2 47.13 7
      vertex 18.2 47.13 7
    endloop
  endfacet
  facet normal 0 1 0
    outer loop
      vertex -18.2 47.13 7
      vertex 18.2 47.13 4
      vertex -18.2 47.13 4
    endloop
  endfacet
  facet normal 0 -1 0
    outer loop
      vertex -18.2 45.13 4
      vertex 18.2 45.13 7
      vertex -18.2 45.13 7
    endloop
  endfacet
  facet normal 0 -1 -0
    outer loop
      vertex 18.2 45.13 7
      vertex -18.2 45.13 4
      vertex 18.2 45.13 4
    endloop
  endfacet
endsolid OpenSCAD_Model
