solid OpenSCAD_Model
  facet normal 0.989176 0.146733 0
    outer loop
      vertex 39.2307 18.7221 16.04
      vertex 39.1731 19.1104 4
      vertex 39.1731 19.1104 16.04
    endloop
  endfacet
  facet normal 0.989176 0.146733 0
    outer loop
      vertex 39.1731 19.1104 4
      vertex 39.2307 18.7221 16.04
      vertex 39.2307 18.7221 4
    endloop
  endfacet
  facet normal 0.998791 0.0491626 0
    outer loop
      vertex 39.25 18.33 16.04
      vertex 39.2307 18.7221 4
      vertex 39.2307 18.7221 16.04
    endloop
  endfacet
  facet normal 0.998791 0.0491626 0
    outer loop
      vertex 39.2307 18.7221 4
      vertex 39.25 18.33 16.04
      vertex 39.25 18.33 4
    endloop
  endfacet
  facet normal 0.970068 0.242835 0
    outer loop
      vertex 39.1731 19.1104 16.04
      vertex 39.0778 19.4911 4
      vertex 39.0778 19.4911 16.04
    endloop
  endfacet
  facet normal 0.970068 0.242835 0
    outer loop
      vertex 39.0778 19.4911 4
      vertex 39.1731 19.1104 16.04
      vertex 39.1731 19.1104 4
    endloop
  endfacet
  facet normal -0.989176 0.146733 0
    outer loop
      vertex 31.2693 18.7221 4
      vertex 31.3269 19.1104 16.04
      vertex 31.3269 19.1104 4
    endloop
  endfacet
  facet normal -0.989176 0.146733 0
    outer loop
      vertex 31.3269 19.1104 16.04
      vertex 31.2693 18.7221 4
      vertex 31.2693 18.7221 16.04
    endloop
  endfacet
  facet normal -0.242951 -0.970038 0
    outer loop
      vertex 34.25 14.4619 4
      vertex 34.4696 14.4069 16.04
      vertex 34.25 14.4619 16.04
    endloop
  endfacet
  facet normal -0.242951 -0.970038 -0
    outer loop
      vertex 34.4696 14.4069 16.04
      vertex 34.25 14.4619 4
      vertex 34.4696 14.4069 4
    endloop
  endfacet
  facet normal 0.337014 0.9415 -0
    outer loop
      vertex 36.7807 22.0255 4
      vertex 36.4111 22.1578 16.04
      vertex 36.7807 22.0255 16.04
    endloop
  endfacet
  facet normal 0.337014 0.9415 0
    outer loop
      vertex 36.4111 22.1578 16.04
      vertex 36.7807 22.0255 4
      vertex 36.4111 22.1578 4
    endloop
  endfacet
  facet normal -0.514084 0.85774 0
    outer loop
      vertex 33.3644 21.8577 4
      vertex 33.0277 21.6559 16.04
      vertex 33.3644 21.8577 16.04
    endloop
  endfacet
  facet normal -0.514084 0.85774 0
    outer loop
      vertex 33.0277 21.6559 16.04
      vertex 33.3644 21.8577 4
      vertex 33.0277 21.6559 4
    endloop
  endfacet
  facet normal -0.242835 0.970068 0
    outer loop
      vertex 34.4696 22.2531 4
      vertex 34.0889 22.1578 16.04
      vertex 34.4696 22.2531 16.04
    endloop
  endfacet
  facet normal -0.242835 0.970068 0
    outer loop
      vertex 34.0889 22.1578 16.04
      vertex 34.4696 22.2531 4
      vertex 34.0889 22.1578 4
    endloop
  endfacet
  facet normal 0.242835 -0.970068 0
    outer loop
      vertex 36.0304 14.4069 4
      vertex 36.4111 14.5022 16.04
      vertex 36.0304 14.4069 16.04
    endloop
  endfacet
  facet normal 0.242835 -0.970068 0
    outer loop
      vertex 36.4111 14.5022 16.04
      vertex 36.0304 14.4069 4
      vertex 36.4111 14.5022 4
    endloop
  endfacet
  facet normal 0.514084 -0.85774 0
    outer loop
      vertex 37.1356 14.8023 4
      vertex 37.4723 15.0041 16.04
      vertex 37.1356 14.8023 16.04
    endloop
  endfacet
  facet normal 0.514084 -0.85774 0
    outer loop
      vertex 37.4723 15.0041 16.04
      vertex 37.1356 14.8023 4
      vertex 37.4723 15.0041 4
    endloop
  endfacet
  facet normal 0.803137 -0.595794 0
    outer loop
      vertex 38.342 15.7924 16.04
      vertex 38.5759 16.1077 4
      vertex 38.5759 16.1077 16.04
    endloop
  endfacet
  facet normal 0.803137 -0.595794 0
    outer loop
      vertex 38.5759 16.1077 4
      vertex 38.342 15.7924 16.04
      vertex 38.342 15.7924 4
    endloop
  endfacet
  facet normal 0.146733 0.989176 -0
    outer loop
      vertex 36.0304 22.2531 4
      vertex 35.6421 22.3107 16.04
      vertex 36.0304 22.2531 16.04
    endloop
  endfacet
  facet normal 0.146733 0.989176 0
    outer loop
      vertex 35.6421 22.3107 16.04
      vertex 36.0304 22.2531 4
      vertex 35.6421 22.3107 4
    endloop
  endfacet
  facet normal -0.595794 0.803137 0
    outer loop
      vertex 33.0277 21.6559 4
      vertex 32.7124 21.422 16.04
      vertex 33.0277 21.6559 16.04
    endloop
  endfacet
  facet normal -0.595794 0.803137 0
    outer loop
      vertex 32.7124 21.422 16.04
      vertex 33.0277 21.6559 4
      vertex 32.7124 21.422 4
    endloop
  endfacet
  facet normal -0.803137 0.595794 0
    outer loop
      vertex 31.9241 20.5523 4
      vertex 32.158 20.8676 16.04
      vertex 32.158 20.8676 4
    endloop
  endfacet
  facet normal -0.803137 0.595794 0
    outer loop
      vertex 32.158 20.8676 16.04
      vertex 31.9241 20.5523 4
      vertex 31.9241 20.5523 16.04
    endloop
  endfacet
  facet normal 0.989176 -0.146733 0
    outer loop
      vertex 39.1731 17.5496 16.04
      vertex 39.2307 17.9379 4
      vertex 39.2307 17.9379 16.04
    endloop
  endfacet
  facet normal 0.989176 -0.146733 0
    outer loop
      vertex 39.2307 17.9379 4
      vertex 39.1731 17.5496 16.04
      vertex 39.1731 17.5496 4
    endloop
  endfacet
  facet normal -0.9415 0.337014 0
    outer loop
      vertex 31.4222 19.4911 4
      vertex 31.5545 19.8607 16.04
      vertex 31.5545 19.8607 4
    endloop
  endfacet
  facet normal -0.9415 0.337014 0
    outer loop
      vertex 31.5545 19.8607 16.04
      vertex 31.4222 19.4911 4
      vertex 31.4222 19.4911 16.04
    endloop
  endfacet
  facet normal 0.42744 0.904044 -0
    outer loop
      vertex 37.1356 21.8577 4
      vertex 36.7807 22.0255 16.04
      vertex 37.1356 21.8577 16.04
    endloop
  endfacet
  facet normal 0.42744 0.904044 0
    outer loop
      vertex 36.7807 22.0255 16.04
      vertex 37.1356 21.8577 4
      vertex 36.7807 22.0255 4
    endloop
  endfacet
  facet normal 0.970068 -0.242835 0
    outer loop
      vertex 39.0778 17.1689 16.04
      vertex 39.1731 17.5496 4
      vertex 39.1731 17.5496 16.04
    endloop
  endfacet
  facet normal 0.970068 -0.242835 0
    outer loop
      vertex 39.1731 17.5496 4
      vertex 39.0778 17.1689 16.04
      vertex 39.0778 17.1689 4
    endloop
  endfacet
  facet normal -0.0491626 0.998791 0
    outer loop
      vertex 35.25 22.33 4
      vertex 34.8579 22.3107 16.04
      vertex 35.25 22.33 16.04
    endloop
  endfacet
  facet normal -0.0491626 0.998791 0
    outer loop
      vertex 34.8579 22.3107 16.04
      vertex 35.25 22.33 4
      vertex 34.8579 22.3107 4
    endloop
  endfacet
  facet normal 0.671607 0.740908 -0
    outer loop
      vertex 38.0784 21.1584 4
      vertex 37.7876 21.422 16.04
      vertex 38.0784 21.1584 16.04
    endloop
  endfacet
  facet normal 0.671607 0.740908 0
    outer loop
      vertex 37.7876 21.422 16.04
      vertex 38.0784 21.1584 4
      vertex 37.7876 21.422 4
    endloop
  endfacet
  facet normal -0.42744 0.904044 0
    outer loop
      vertex 33.7193 22.0255 4
      vertex 33.3644 21.8577 16.04
      vertex 33.7193 22.0255 16.04
    endloop
  endfacet
  facet normal -0.42744 0.904044 0
    outer loop
      vertex 33.3644 21.8577 16.04
      vertex 33.7193 22.0255 4
      vertex 33.3644 21.8577 4
    endloop
  endfacet
  facet normal -0.671607 0.740908 0
    outer loop
      vertex 32.7124 21.422 4
      vertex 32.4216 21.1584 16.04
      vertex 32.7124 21.422 16.04
    endloop
  endfacet
  facet normal -0.671607 0.740908 0
    outer loop
      vertex 32.4216 21.1584 16.04
      vertex 32.7124 21.422 4
      vertex 32.4216 21.1584 4
    endloop
  endfacet
  facet normal 0.337014 -0.9415 0
    outer loop
      vertex 36.4111 14.5022 4
      vertex 36.7807 14.6345 16.04
      vertex 36.4111 14.5022 16.04
    endloop
  endfacet
  facet normal 0.337014 -0.9415 0
    outer loop
      vertex 36.7807 14.6345 16.04
      vertex 36.4111 14.5022 4
      vertex 36.7807 14.6345 4
    endloop
  endfacet
  facet normal -0.337014 0.9415 0
    outer loop
      vertex 34.0889 22.1578 4
      vertex 33.7193 22.0255 16.04
      vertex 34.0889 22.1578 16.04
    endloop
  endfacet
  facet normal -0.337014 0.9415 0
    outer loop
      vertex 33.7193 22.0255 16.04
      vertex 34.0889 22.1578 4
      vertex 33.7193 22.0255 4
    endloop
  endfacet
  facet normal 0.803137 0.595794 0
    outer loop
      vertex 38.5759 20.5523 16.04
      vertex 38.342 20.8676 4
      vertex 38.342 20.8676 16.04
    endloop
  endfacet
  facet normal 0.803137 0.595794 0
    outer loop
      vertex 38.342 20.8676 4
      vertex 38.5759 20.5523 16.04
      vertex 38.5759 20.5523 4
    endloop
  endfacet
  facet normal -0.85774 0.514084 0
    outer loop
      vertex 31.7223 20.2156 4
      vertex 31.9241 20.5523 16.04
      vertex 31.9241 20.5523 4
    endloop
  endfacet
  facet normal -0.85774 0.514084 0
    outer loop
      vertex 31.9241 20.5523 16.04
      vertex 31.7223 20.2156 4
      vertex 31.7223 20.2156 16.04
    endloop
  endfacet
  facet normal 0.998791 -0.0491626 0
    outer loop
      vertex 39.2307 17.9379 16.04
      vertex 39.25 18.33 4
      vertex 39.25 18.33 16.04
    endloop
  endfacet
  facet normal 0.998791 -0.0491626 0
    outer loop
      vertex 39.25 18.33 4
      vertex 39.2307 17.9379 16.04
      vertex 39.2307 17.9379 4
    endloop
  endfacet
  facet normal 0.904044 -0.42744 0
    outer loop
      vertex 38.7777 16.4444 16.04
      vertex 38.9455 16.7993 4
      vertex 38.9455 16.7993 16.04
    endloop
  endfacet
  facet normal 0.904044 -0.42744 0
    outer loop
      vertex 38.9455 16.7993 4
      vertex 38.7777 16.4444 16.04
      vertex 38.7777 16.4444 4
    endloop
  endfacet
  facet normal 0.85774 0.514084 0
    outer loop
      vertex 38.7777 20.2156 16.04
      vertex 38.5759 20.5523 4
      vertex 38.5759 20.5523 16.04
    endloop
  endfacet
  facet normal 0.85774 0.514084 0
    outer loop
      vertex 38.5759 20.5523 4
      vertex 38.7777 20.2156 16.04
      vertex 38.7777 20.2156 4
    endloop
  endfacet
  facet normal 0 0 1
    outer loop
      vertex 34.006 18.4525 16.04
      vertex 31.2693 18.7221 16.04
      vertex 34 18.33 16.04
    endloop
  endfacet
  facet normal 0 0 1
    outer loop
      vertex 31.25 18.33 16.04
      vertex 34 18.33 16.04
      vertex 31.2693 18.7221 16.04
    endloop
  endfacet
  facet normal 0 -0 1
    outer loop
      vertex 31.3269 17.5496 16.04
      vertex 34 18.33 16.04
      vertex 31.2693 17.9379 16.04
    endloop
  endfacet
  facet normal 0 0 1
    outer loop
      vertex 34 18.33 16.04
      vertex 31.3269 17.5496 16.04
      vertex 31.3819 17.33 16.04
    endloop
  endfacet
  facet normal 0 0 1
    outer loop
      vertex 34 18.33 16.04
      vertex 31.25 18.33 16.04
      vertex 31.2693 17.9379 16.04
    endloop
  endfacet
  facet normal 0 0 1
    outer loop
      vertex 34.25 14.4619 16.04
      vertex 32.0452 14.228 16.04
      vertex 32.05 14.13 16.04
    endloop
  endfacet
  facet normal 0 0 1
    outer loop
      vertex 34.024 18.0861 16.04
      vertex 32.0308 14.3251 16.04
      vertex 32.0452 14.228 16.04
    endloop
  endfacet
  facet normal 0 0 1
    outer loop
      vertex 34.024 18.0861 16.04
      vertex 32.0069 14.4203 16.04
      vertex 32.0308 14.3251 16.04
    endloop
  endfacet
  facet normal 0 0 1
    outer loop
      vertex 34.024 18.0861 16.04
      vertex 31.9739 14.5127 16.04
      vertex 32.0069 14.4203 16.04
    endloop
  endfacet
  facet normal 0 -0 1
    outer loop
      vertex 31.7571 14.8371 16.04
      vertex 34.024 18.0861 16.04
      vertex 31.3819 17.33 16.04
    endloop
  endfacet
  facet normal 0 0 1
    outer loop
      vertex 34.024 18.5739 16.04
      vertex 31.3269 19.1104 16.04
      vertex 34.006 18.4525 16.04
    endloop
  endfacet
  facet normal 0 0 1
    outer loop
      vertex 34.024 18.0861 16.04
      vertex 31.9319 14.6014 16.04
      vertex 31.9739 14.5127 16.04
    endloop
  endfacet
  facet normal 0 0 1
    outer loop
      vertex 34.024 18.0861 16.04
      vertex 31.8815 14.6856 16.04
      vertex 31.9319 14.6014 16.04
    endloop
  endfacet
  facet normal 0 0 1
    outer loop
      vertex 34.024 18.0861 16.04
      vertex 31.823 14.7644 16.04
      vertex 31.8815 14.6856 16.04
    endloop
  endfacet
  facet normal -0 0 1
    outer loop
      vertex 31.2693 18.7221 16.04
      vertex 34.006 18.4525 16.04
      vertex 31.3269 19.1104 16.04
    endloop
  endfacet
  facet normal 0 0 1
    outer loop
      vertex 34.024 18.0861 16.04
      vertex 31.7571 14.8371 16.04
      vertex 31.823 14.7644 16.04
    endloop
  endfacet
  facet normal 0 0 1
    outer loop
      vertex 31.7571 14.8371 16.04
      vertex 31.3819 17.33 16.04
      vertex 31.6844 14.903 16.04
    endloop
  endfacet
  facet normal 0 0 1
    outer loop
      vertex 34 18.33 16.04
      vertex 31.3819 17.33 16.04
      vertex 34.006 18.2075 16.04
    endloop
  endfacet
  facet normal 0 0 1
    outer loop
      vertex 31.6844 14.903 16.04
      vertex 31.3819 17.33 16.04
      vertex 31.6056 14.9615 16.04
    endloop
  endfacet
  facet normal 0 0 1
    outer loop
      vertex 31.6056 14.9615 16.04
      vertex 31.3819 17.33 16.04
      vertex 31.5214 15.0119 16.04
    endloop
  endfacet
  facet normal 0 0 1
    outer loop
      vertex 34.006 18.2075 16.04
      vertex 31.3819 17.33 16.04
      vertex 34.024 18.0861 16.04
    endloop
  endfacet
  facet normal 0 0 1
    outer loop
      vertex 31.5214 15.0119 16.04
      vertex 31.3819 17.33 16.04
      vertex 31.4327 15.0539 16.04
    endloop
  endfacet
  facet normal 0 0 1
    outer loop
      vertex 31.3819 17.33 16.04
      vertex 31.3403 15.0869 16.04
      vertex 31.4327 15.0539 16.04
    endloop
  endfacet
  facet normal 0 0 1
    outer loop
      vertex 31.3819 17.33 16.04
      vertex 31.2451 15.1108 16.04
      vertex 31.3403 15.0869 16.04
    endloop
  endfacet
  facet normal 0 0 1
    outer loop
      vertex 31.3819 17.33 16.04
      vertex 31.148 15.1252 16.04
      vertex 31.2451 15.1108 16.04
    endloop
  endfacet
  facet normal 0 0 1
    outer loop
      vertex 31.3819 17.33 16.04
      vertex 31.05 15.13 16.04
      vertex 31.148 15.1252 16.04
    endloop
  endfacet
  facet normal -0 0 1
    outer loop
      vertex 5.5 17.33 16.04
      vertex 31.05 15.13 16.04
      vertex 31.3819 17.33 16.04
    endloop
  endfacet
  facet normal 0 0 1
    outer loop
      vertex 31.05 15.13 16.04
      vertex 5.5 17.33 16.04
      vertex 5.5 15.13 16.04
    endloop
  endfacet
  facet normal 0 0 1
    outer loop
      vertex 36.5 18.33 16.04
      vertex 39.25 18.33 16.04
      vertex 39.2307 18.7221 16.04
    endloop
  endfacet
  facet normal 0 0 1
    outer loop
      vertex 36.494 18.4525 16.04
      vertex 39.2307 18.7221 16.04
      vertex 39.1731 19.1104 16.04
    endloop
  endfacet
  facet normal 0 0 1
    outer loop
      vertex 39.25 18.33 16.04
      vertex 36.5 18.33 16.04
      vertex 39.2307 17.9379 16.04
    endloop
  endfacet
  facet normal 0 0 1
    outer loop
      vertex 36.476 18.5739 16.04
      vertex 39.1731 19.1104 16.04
      vertex 39.0778 19.4911 16.04
    endloop
  endfacet
  facet normal -0 0 1
    outer loop
      vertex 36.494 18.2075 16.04
      vertex 39.2307 17.9379 16.04
      vertex 36.5 18.33 16.04
    endloop
  endfacet
  facet normal 0 0 1
    outer loop
      vertex 36.4462 18.6929 16.04
      vertex 39.0778 19.4911 16.04
      vertex 38.9455 19.8607 16.04
    endloop
  endfacet
  facet normal 0 0 1
    outer loop
      vertex 39.2307 17.9379 16.04
      vertex 36.494 18.2075 16.04
      vertex 39.1731 17.5496 16.04
    endloop
  endfacet
  facet normal 0 0 1
    outer loop
      vertex 36.4049 18.8084 16.04
      vertex 38.9455 19.8607 16.04
      vertex 38.7777 20.2156 16.04
    endloop
  endfacet
  facet normal -0 0 1
    outer loop
      vertex 36.476 18.0861 16.04
      vertex 39.1731 17.5496 16.04
      vertex 36.494 18.2075 16.04
    endloop
  endfacet
  facet normal 0 0 1
    outer loop
      vertex 36.3524 18.9192 16.04
      vertex 38.7777 20.2156 16.04
      vertex 38.5759 20.5523 16.04
    endloop
  endfacet
  facet normal 0 0 1
    outer loop
      vertex 39.1731 17.5496 16.04
      vertex 36.476 18.0861 16.04
      vertex 39.0778 17.1689 16.04
    endloop
  endfacet
  facet normal 0 0 1
    outer loop
      vertex 36.2893 19.0245 16.04
      vertex 38.5759 20.5523 16.04
      vertex 38.342 20.8676 16.04
    endloop
  endfacet
  facet normal -0 0 1
    outer loop
      vertex 36.4462 17.9671 16.04
      vertex 39.0778 17.1689 16.04
      vertex 36.476 18.0861 16.04
    endloop
  endfacet
  facet normal 0 0 1
    outer loop
      vertex 36.2163 19.123 16.04
      vertex 38.342 20.8676 16.04
      vertex 38.0784 21.1584 16.04
    endloop
  endfacet
  facet normal 0 0 1
    outer loop
      vertex 39.0778 17.1689 16.04
      vertex 36.4462 17.9671 16.04
      vertex 38.9455 16.7993 16.04
    endloop
  endfacet
  facet normal 0 0 1
    outer loop
      vertex 36.1339 19.2139 16.04
      vertex 38.0784 21.1584 16.04
      vertex 37.7876 21.422 16.04
    endloop
  endfacet
  facet normal -0 0 1
    outer loop
      vertex 36.4049 17.8516 16.04
      vertex 38.9455 16.7993 16.04
      vertex 36.4462 17.9671 16.04
    endloop
  endfacet
  facet normal 0 0 1
    outer loop
      vertex 36.043 19.2963 16.04
      vertex 37.7876 21.422 16.04
      vertex 37.4723 21.6559 16.04
    endloop
  endfacet
  facet normal 0 0 1
    outer loop
      vertex 38.9455 16.7993 16.04
      vertex 36.4049 17.8516 16.04
      vertex 38.7777 16.4444 16.04
    endloop
  endfacet
  facet normal 0 0 1
    outer loop
      vertex 35.9445 19.3693 16.04
      vertex 37.4723 21.6559 16.04
      vertex 37.1356 21.8577 16.04
    endloop
  endfacet
  facet normal -0 0 1
    outer loop
      vertex 36.3524 17.7408 16.04
      vertex 38.7777 16.4444 16.04
      vertex 36.4049 17.8516 16.04
    endloop
  endfacet
  facet normal 0 0 1
    outer loop
      vertex 35.8392 19.4324 16.04
      vertex 37.1356 21.8577 16.04
      vertex 36.7807 22.0255 16.04
    endloop
  endfacet
  facet normal 0 0 1
    outer loop
      vertex 38.7777 16.4444 16.04
      vertex 36.3524 17.7408 16.04
      vertex 38.5759 16.1077 16.04
    endloop
  endfacet
  facet normal -0 0 1
    outer loop
      vertex 36.2893 17.6355 16.04
      vertex 38.5759 16.1077 16.04
      vertex 36.3524 17.7408 16.04
    endloop
  endfacet
  facet normal 0 0 1
    outer loop
      vertex 39.2307 18.7221 16.04
      vertex 36.494 18.4525 16.04
      vertex 36.5 18.33 16.04
    endloop
  endfacet
  facet normal 0 0 1
    outer loop
      vertex 39.1731 19.1104 16.04
      vertex 36.476 18.5739 16.04
      vertex 36.494 18.4525 16.04
    endloop
  endfacet
  facet normal 0 0 1
    outer loop
      vertex 39.0778 19.4911 16.04
      vertex 36.4462 18.6929 16.04
      vertex 36.476 18.5739 16.04
    endloop
  endfacet
  facet normal 0 0 1
    outer loop
      vertex 35.7284 19.4848 16.04
      vertex 36.7807 22.0255 16.04
      vertex 36.4111 22.1578 16.04
    endloop
  endfacet
  facet normal 0 0 1
    outer loop
      vertex 38.9455 19.8607 16.04
      vertex 36.4049 18.8084 16.04
      vertex 36.4462 18.6929 16.04
    endloop
  endfacet
  facet normal 0 0 1
    outer loop
      vertex 38.7777 20.2156 16.04
      vertex 36.3524 18.9192 16.04
      vertex 36.4049 18.8084 16.04
    endloop
  endfacet
  facet normal 0 0 1
    outer loop
      vertex 38.5759 20.5523 16.04
      vertex 36.2893 19.0245 16.04
      vertex 36.3524 18.9192 16.04
    endloop
  endfacet
  facet normal 0 0 1
    outer loop
      vertex 38.342 20.8676 16.04
      vertex 36.2163 19.123 16.04
      vertex 36.2893 19.0245 16.04
    endloop
  endfacet
  facet normal 0 0 1
    outer loop
      vertex 38.0784 21.1584 16.04
      vertex 36.1339 19.2139 16.04
      vertex 36.2163 19.123 16.04
    endloop
  endfacet
  facet normal 0 0 1
    outer loop
      vertex 37.7876 21.422 16.04
      vertex 36.043 19.2963 16.04
      vertex 36.1339 19.2139 16.04
    endloop
  endfacet
  facet normal 0 0 1
    outer loop
      vertex 35.6129 19.5262 16.04
      vertex 36.4111 22.1578 16.04
      vertex 36.0304 22.2531 16.04
    endloop
  endfacet
  facet normal 0 0 1
    outer loop
      vertex 37.4723 21.6559 16.04
      vertex 35.9445 19.3693 16.04
      vertex 36.043 19.2963 16.04
    endloop
  endfacet
  facet normal 0 0 1
    outer loop
      vertex 37.1356 21.8577 16.04
      vertex 35.8392 19.4324 16.04
      vertex 35.9445 19.3693 16.04
    endloop
  endfacet
  facet normal 0 0 1
    outer loop
      vertex 36.7807 22.0255 16.04
      vertex 35.7284 19.4848 16.04
      vertex 35.8392 19.4324 16.04
    endloop
  endfacet
  facet normal 0 0 1
    outer loop
      vertex 35.4939 19.556 16.04
      vertex 36.0304 22.2531 16.04
      vertex 35.6421 22.3107 16.04
    endloop
  endfacet
  facet normal 0 0 1
    outer loop
      vertex 36.4111 22.1578 16.04
      vertex 35.6129 19.5262 16.04
      vertex 35.7284 19.4848 16.04
    endloop
  endfacet
  facet normal 0 0 1
    outer loop
      vertex 36.0304 22.2531 16.04
      vertex 35.4939 19.556 16.04
      vertex 35.6129 19.5262 16.04
    endloop
  endfacet
  facet normal 0 0 1
    outer loop
      vertex 35.6421 22.3107 16.04
      vertex 35.3725 19.574 16.04
      vertex 35.4939 19.556 16.04
    endloop
  endfacet
  facet normal 0 0 1
    outer loop
      vertex 35.25 22.33 16.04
      vertex 35.3725 19.574 16.04
      vertex 35.6421 22.3107 16.04
    endloop
  endfacet
  facet normal 0 0 1
    outer loop
      vertex 35.25 22.33 16.04
      vertex 35.25 19.58 16.04
      vertex 35.3725 19.574 16.04
    endloop
  endfacet
  facet normal 0 0 1
    outer loop
      vertex 35.25 22.33 16.04
      vertex 35.1275 19.574 16.04
      vertex 35.25 19.58 16.04
    endloop
  endfacet
  facet normal -0 0 1
    outer loop
      vertex 34.8579 22.3107 16.04
      vertex 35.1275 19.574 16.04
      vertex 35.25 22.33 16.04
    endloop
  endfacet
  facet normal 0 0 1
    outer loop
      vertex 35.1275 19.574 16.04
      vertex 34.8579 22.3107 16.04
      vertex 35.0061 19.556 16.04
    endloop
  endfacet
  facet normal -0 0 1
    outer loop
      vertex 34.4696 22.2531 16.04
      vertex 35.0061 19.556 16.04
      vertex 34.8579 22.3107 16.04
    endloop
  endfacet
  facet normal 0 0 1
    outer loop
      vertex 35.0061 19.556 16.04
      vertex 34.4696 22.2531 16.04
      vertex 34.8871 19.5262 16.04
    endloop
  endfacet
  facet normal -0 0 1
    outer loop
      vertex 34.0889 22.1578 16.04
      vertex 34.8871 19.5262 16.04
      vertex 34.4696 22.2531 16.04
    endloop
  endfacet
  facet normal 0 0 1
    outer loop
      vertex 34.8871 19.5262 16.04
      vertex 34.0889 22.1578 16.04
      vertex 34.7716 19.4848 16.04
    endloop
  endfacet
  facet normal -0 0 1
    outer loop
      vertex 33.7193 22.0255 16.04
      vertex 34.7716 19.4848 16.04
      vertex 34.0889 22.1578 16.04
    endloop
  endfacet
  facet normal 0 0 1
    outer loop
      vertex 34.7716 19.4848 16.04
      vertex 33.7193 22.0255 16.04
      vertex 34.6608 19.4324 16.04
    endloop
  endfacet
  facet normal -0 0 1
    outer loop
      vertex 33.3644 21.8577 16.04
      vertex 34.6608 19.4324 16.04
      vertex 33.7193 22.0255 16.04
    endloop
  endfacet
  facet normal 0 0 1
    outer loop
      vertex 34.6608 19.4324 16.04
      vertex 33.3644 21.8577 16.04
      vertex 34.5555 19.3693 16.04
    endloop
  endfacet
  facet normal -0 0 1
    outer loop
      vertex 33.0277 21.6559 16.04
      vertex 34.5555 19.3693 16.04
      vertex 33.3644 21.8577 16.04
    endloop
  endfacet
  facet normal 0 0 1
    outer loop
      vertex 34.5555 19.3693 16.04
      vertex 33.0277 21.6559 16.04
      vertex 34.457 19.2963 16.04
    endloop
  endfacet
  facet normal -0 0 1
    outer loop
      vertex 32.7124 21.422 16.04
      vertex 34.457 19.2963 16.04
      vertex 33.0277 21.6559 16.04
    endloop
  endfacet
  facet normal 0 0 1
    outer loop
      vertex 34.457 19.2963 16.04
      vertex 32.7124 21.422 16.04
      vertex 34.3661 19.2139 16.04
    endloop
  endfacet
  facet normal -0 0 1
    outer loop
      vertex 32.4216 21.1584 16.04
      vertex 34.3661 19.2139 16.04
      vertex 32.7124 21.422 16.04
    endloop
  endfacet
  facet normal 0 0 1
    outer loop
      vertex 34.3661 19.2139 16.04
      vertex 32.4216 21.1584 16.04
      vertex 34.2837 19.123 16.04
    endloop
  endfacet
  facet normal -0 0 1
    outer loop
      vertex 32.158 20.8676 16.04
      vertex 34.2837 19.123 16.04
      vertex 32.4216 21.1584 16.04
    endloop
  endfacet
  facet normal 0 0 1
    outer loop
      vertex 34.2837 19.123 16.04
      vertex 32.158 20.8676 16.04
      vertex 34.2107 19.0245 16.04
    endloop
  endfacet
  facet normal -0 0 1
    outer loop
      vertex 31.9241 20.5523 16.04
      vertex 34.2107 19.0245 16.04
      vertex 32.158 20.8676 16.04
    endloop
  endfacet
  facet normal 0 0 1
    outer loop
      vertex 38.5759 16.1077 16.04
      vertex 36.2893 17.6355 16.04
      vertex 38.342 15.7924 16.04
    endloop
  endfacet
  facet normal -0 0 1
    outer loop
      vertex 36.2163 17.537 16.04
      vertex 38.342 15.7924 16.04
      vertex 36.2893 17.6355 16.04
    endloop
  endfacet
  facet normal 0 0 1
    outer loop
      vertex 38.342 15.7924 16.04
      vertex 36.2163 17.537 16.04
      vertex 38.0784 15.5016 16.04
    endloop
  endfacet
  facet normal -0 0 1
    outer loop
      vertex 36.1339 17.4461 16.04
      vertex 38.0784 15.5016 16.04
      vertex 36.2163 17.537 16.04
    endloop
  endfacet
  facet normal 0 0 1
    outer loop
      vertex 38.0784 15.5016 16.04
      vertex 36.1339 17.4461 16.04
      vertex 37.7876 15.238 16.04
    endloop
  endfacet
  facet normal -0 0 1
    outer loop
      vertex 36.043 17.3637 16.04
      vertex 37.7876 15.238 16.04
      vertex 36.1339 17.4461 16.04
    endloop
  endfacet
  facet normal 0 0 1
    outer loop
      vertex 37.7876 15.238 16.04
      vertex 36.043 17.3637 16.04
      vertex 37.4723 15.0041 16.04
    endloop
  endfacet
  facet normal -0 0 1
    outer loop
      vertex 35.9445 17.2907 16.04
      vertex 37.4723 15.0041 16.04
      vertex 36.043 17.3637 16.04
    endloop
  endfacet
  facet normal 0 0 1
    outer loop
      vertex 37.4723 15.0041 16.04
      vertex 35.9445 17.2907 16.04
      vertex 37.1356 14.8023 16.04
    endloop
  endfacet
  facet normal -0 0 1
    outer loop
      vertex 35.8392 17.2276 16.04
      vertex 37.1356 14.8023 16.04
      vertex 35.9445 17.2907 16.04
    endloop
  endfacet
  facet normal 0 0 1
    outer loop
      vertex 37.1356 14.8023 16.04
      vertex 35.8392 17.2276 16.04
      vertex 36.7807 14.6345 16.04
    endloop
  endfacet
  facet normal -0 0 1
    outer loop
      vertex 35.7284 17.1751 16.04
      vertex 36.7807 14.6345 16.04
      vertex 35.8392 17.2276 16.04
    endloop
  endfacet
  facet normal 0 0 1
    outer loop
      vertex 36.7807 14.6345 16.04
      vertex 35.7284 17.1751 16.04
      vertex 36.4111 14.5022 16.04
    endloop
  endfacet
  facet normal -0 0 1
    outer loop
      vertex 35.6129 17.1338 16.04
      vertex 36.4111 14.5022 16.04
      vertex 35.7284 17.1751 16.04
    endloop
  endfacet
  facet normal 0 0 1
    outer loop
      vertex 36.4111 14.5022 16.04
      vertex 35.6129 17.1338 16.04
      vertex 36.0304 14.4069 16.04
    endloop
  endfacet
  facet normal -0 0 1
    outer loop
      vertex 35.4939 17.104 16.04
      vertex 36.0304 14.4069 16.04
      vertex 35.6129 17.1338 16.04
    endloop
  endfacet
  facet normal 0 0 1
    outer loop
      vertex 36.0304 14.4069 16.04
      vertex 35.4939 17.104 16.04
      vertex 35.6421 14.3493 16.04
    endloop
  endfacet
  facet normal -0 0 1
    outer loop
      vertex 35.3725 17.086 16.04
      vertex 35.6421 14.3493 16.04
      vertex 35.4939 17.104 16.04
    endloop
  endfacet
  facet normal -0 0 1
    outer loop
      vertex 35.25 17.08 16.04
      vertex 35.6421 14.3493 16.04
      vertex 35.3725 17.086 16.04
    endloop
  endfacet
  facet normal 0 0 1
    outer loop
      vertex 35.25 17.08 16.04
      vertex 35.25 14.33 16.04
      vertex 35.6421 14.3493 16.04
    endloop
  endfacet
  facet normal 0 0 1
    outer loop
      vertex 35.1275 17.086 16.04
      vertex 35.25 14.33 16.04
      vertex 35.25 17.08 16.04
    endloop
  endfacet
  facet normal 0 0 1
    outer loop
      vertex 34.8579 14.3493 16.04
      vertex 35.1275 17.086 16.04
      vertex 35.0061 17.104 16.04
    endloop
  endfacet
  facet normal 0 0 1
    outer loop
      vertex 34.25 14.4619 16.04
      vertex 35.0061 17.104 16.04
      vertex 34.8871 17.1338 16.04
    endloop
  endfacet
  facet normal 0 0 1
    outer loop
      vertex 35.1275 17.086 16.04
      vertex 34.8579 14.3493 16.04
      vertex 35.25 14.33 16.04
    endloop
  endfacet
  facet normal 0 0 1
    outer loop
      vertex 34.25 14.4619 16.04
      vertex 34.8871 17.1338 16.04
      vertex 34.7716 17.1751 16.04
    endloop
  endfacet
  facet normal 0 0 1
    outer loop
      vertex 34.25 14.4619 16.04
      vertex 34.7716 17.1751 16.04
      vertex 34.6608 17.2276 16.04
    endloop
  endfacet
  facet normal 0 0 1
    outer loop
      vertex 34.25 14.4619 16.04
      vertex 34.6608 17.2276 16.04
      vertex 34.5555 17.2907 16.04
    endloop
  endfacet
  facet normal 0 0 1
    outer loop
      vertex 35.0061 17.104 16.04
      vertex 34.4696 14.4069 16.04
      vertex 34.8579 14.3493 16.04
    endloop
  endfacet
  facet normal 0 0 1
    outer loop
      vertex 34.25 14.4619 16.04
      vertex 34.5555 17.2907 16.04
      vertex 34.457 17.3637 16.04
    endloop
  endfacet
  facet normal 0 0 1
    outer loop
      vertex 34.25 14.4619 16.04
      vertex 34.457 17.3637 16.04
      vertex 34.3661 17.4461 16.04
    endloop
  endfacet
  facet normal 0 0 1
    outer loop
      vertex 32.0452 14.228 16.04
      vertex 34.3661 17.4461 16.04
      vertex 34.2837 17.537 16.04
    endloop
  endfacet
  facet normal 0 0 1
    outer loop
      vertex 35.0061 17.104 16.04
      vertex 34.25 14.4619 16.04
      vertex 34.4696 14.4069 16.04
    endloop
  endfacet
  facet normal 0 0 1
    outer loop
      vertex 32.0452 14.228 16.04
      vertex 34.2837 17.537 16.04
      vertex 34.2107 17.6355 16.04
    endloop
  endfacet
  facet normal 0 0 1
    outer loop
      vertex 32.0452 14.228 16.04
      vertex 34.25 14.4619 16.04
      vertex 34.3661 17.4461 16.04
    endloop
  endfacet
  facet normal 0 0 1
    outer loop
      vertex 32.0452 14.228 16.04
      vertex 34.2107 17.6355 16.04
      vertex 34.1476 17.7408 16.04
    endloop
  endfacet
  facet normal 0 0 1
    outer loop
      vertex 32.0452 14.228 16.04
      vertex 34.1476 17.7408 16.04
      vertex 34.0951 17.8516 16.04
    endloop
  endfacet
  facet normal 0 0 1
    outer loop
      vertex 32.0452 14.228 16.04
      vertex 34.0951 17.8516 16.04
      vertex 34.0538 17.9671 16.04
    endloop
  endfacet
  facet normal 0 0 1
    outer loop
      vertex 32.0452 14.228 16.04
      vertex 34.0538 17.9671 16.04
      vertex 34.024 18.0861 16.04
    endloop
  endfacet
  facet normal 0 0 1
    outer loop
      vertex 34.0538 18.6929 16.04
      vertex 31.4222 19.4911 16.04
      vertex 34.024 18.5739 16.04
    endloop
  endfacet
  facet normal -0 0 1
    outer loop
      vertex 31.4222 19.4911 16.04
      vertex 34.0538 18.6929 16.04
      vertex 31.5545 19.8607 16.04
    endloop
  endfacet
  facet normal 0 0 1
    outer loop
      vertex 34.2107 19.0245 16.04
      vertex 31.9241 20.5523 16.04
      vertex 34.1476 18.9192 16.04
    endloop
  endfacet
  facet normal -0 0 1
    outer loop
      vertex 31.7223 20.2156 16.04
      vertex 34.1476 18.9192 16.04
      vertex 31.9241 20.5523 16.04
    endloop
  endfacet
  facet normal 0 0 1
    outer loop
      vertex 34.1476 18.9192 16.04
      vertex 31.7223 20.2156 16.04
      vertex 34.0951 18.8084 16.04
    endloop
  endfacet
  facet normal -0 0 1
    outer loop
      vertex 31.5545 19.8607 16.04
      vertex 34.0951 18.8084 16.04
      vertex 31.7223 20.2156 16.04
    endloop
  endfacet
  facet normal 0 0 1
    outer loop
      vertex 34.0951 18.8084 16.04
      vertex 31.5545 19.8607 16.04
      vertex 34.0538 18.6929 16.04
    endloop
  endfacet
  facet normal -0 0 1
    outer loop
      vertex 31.3269 19.1104 16.04
      vertex 34.024 18.5739 16.04
      vertex 31.4222 19.4911 16.04
    endloop
  endfacet
  facet normal 0 0 1
    outer loop
      vertex 34.25 14.4619 16.04
      vertex 32.05 14.13 16.04
      vertex 34.25 6 16.04
    endloop
  endfacet
  facet normal 0 0 1
    outer loop
      vertex 34.25 6 16.04
      vertex 32.05 14.13 16.04
      vertex 32.05 6 16.04
    endloop
  endfacet
  facet normal -0 0 1
    outer loop
      vertex -34.25 -6 16.04
      vertex -32.05 -14.13 16.04
      vertex -32.05 -6 16.04
    endloop
  endfacet
  facet normal 0 0 1
    outer loop
      vertex -34.3661 -17.4461 16.04
      vertex -32.05 -14.13 16.04
      vertex -34.25 -14.4619 16.04
    endloop
  endfacet
  facet normal 0 -0 1
    outer loop
      vertex -34.024 -18.0861 16.04
      vertex -32.05 -14.13 16.04
      vertex -34.0538 -17.9671 16.04
    endloop
  endfacet
  facet normal 0 0 1
    outer loop
      vertex -32.05 -14.13 16.04
      vertex -34.024 -18.0861 16.04
      vertex -32.158 -20.8676 16.04
    endloop
  endfacet
  facet normal -0 -0 1
    outer loop
      vertex -34 -18.33 16.04
      vertex -32.158 -20.8676 16.04
      vertex -34.006 -18.2075 16.04
    endloop
  endfacet
  facet normal -0 0 1
    outer loop
      vertex -34.0538 -18.6929 16.04
      vertex -32.158 -20.8676 16.04
      vertex -34.024 -18.5739 16.04
    endloop
  endfacet
  facet normal -0 0 1
    outer loop
      vertex -34.1476 -18.9192 16.04
      vertex -32.158 -20.8676 16.04
      vertex -34.0951 -18.8084 16.04
    endloop
  endfacet
  facet normal -0 0 1
    outer loop
      vertex -34.0951 -18.8084 16.04
      vertex -32.158 -20.8676 16.04
      vertex -34.0538 -18.6929 16.04
    endloop
  endfacet
  facet normal -0 0 1
    outer loop
      vertex -34.024 -18.5739 16.04
      vertex -32.158 -20.8676 16.04
      vertex -34.006 -18.4525 16.04
    endloop
  endfacet
  facet normal -0 0 1
    outer loop
      vertex -34.006 -18.4525 16.04
      vertex -32.158 -20.8676 16.04
      vertex -34 -18.33 16.04
    endloop
  endfacet
  facet normal -0 -0 1
    outer loop
      vertex -34.006 -18.2075 16.04
      vertex -32.158 -20.8676 16.04
      vertex -34.024 -18.0861 16.04
    endloop
  endfacet
  facet normal 0 0 1
    outer loop
      vertex -32.05 -14.13 16.04
      vertex -34.0951 -17.8516 16.04
      vertex -34.0538 -17.9671 16.04
    endloop
  endfacet
  facet normal 0 0 1
    outer loop
      vertex -32.05 -14.13 16.04
      vertex -34.1476 -17.7408 16.04
      vertex -34.0951 -17.8516 16.04
    endloop
  endfacet
  facet normal 0 0 1
    outer loop
      vertex -32.05 -14.13 16.04
      vertex -34.25 -6 16.04
      vertex -34.25 -14.4619 16.04
    endloop
  endfacet
  facet normal 0 0 1
    outer loop
      vertex -32.05 -14.13 16.04
      vertex -34.2107 -17.6355 16.04
      vertex -34.1476 -17.7408 16.04
    endloop
  endfacet
  facet normal 0 0 1
    outer loop
      vertex -32.05 -14.13 16.04
      vertex -34.2837 -17.537 16.04
      vertex -34.2107 -17.6355 16.04
    endloop
  endfacet
  facet normal 0 0 1
    outer loop
      vertex -32.05 -14.13 16.04
      vertex -34.3661 -17.4461 16.04
      vertex -34.2837 -17.537 16.04
    endloop
  endfacet
  facet normal 0 0 1
    outer loop
      vertex -34.25 -14.4619 16.04
      vertex -34.457 -17.3637 16.04
      vertex -34.3661 -17.4461 16.04
    endloop
  endfacet
  facet normal 0 0 1
    outer loop
      vertex -35.0061 -17.104 16.04
      vertex -34.25 -14.4619 16.04
      vertex -34.4696 -14.4069 16.04
    endloop
  endfacet
  facet normal 0 0 1
    outer loop
      vertex -34.25 -14.4619 16.04
      vertex -34.5555 -17.2907 16.04
      vertex -34.457 -17.3637 16.04
    endloop
  endfacet
  facet normal 0 0 1
    outer loop
      vertex -34.25 -14.4619 16.04
      vertex -34.6608 -17.2276 16.04
      vertex -34.5555 -17.2907 16.04
    endloop
  endfacet
  facet normal 0 0 1
    outer loop
      vertex -34.25 -14.4619 16.04
      vertex -34.7716 -17.1751 16.04
      vertex -34.6608 -17.2276 16.04
    endloop
  endfacet
  facet normal 0 0 1
    outer loop
      vertex -35.0061 -17.104 16.04
      vertex -34.4696 -14.4069 16.04
      vertex -34.8579 -14.3493 16.04
    endloop
  endfacet
  facet normal 0 0 1
    outer loop
      vertex -34.25 -14.4619 16.04
      vertex -34.8871 -17.1338 16.04
      vertex -34.7716 -17.1751 16.04
    endloop
  endfacet
  facet normal 0 0 1
    outer loop
      vertex -34.25 -14.4619 16.04
      vertex -35.0061 -17.104 16.04
      vertex -34.8871 -17.1338 16.04
    endloop
  endfacet
  facet normal 0 0 1
    outer loop
      vertex -34.8579 -14.3493 16.04
      vertex -35.1275 -17.086 16.04
      vertex -35.0061 -17.104 16.04
    endloop
  endfacet
  facet normal 0 0 1
    outer loop
      vertex -35.25 -14.33 16.04
      vertex -35.1275 -17.086 16.04
      vertex -34.8579 -14.3493 16.04
    endloop
  endfacet
  facet normal 0 0 1
    outer loop
      vertex -35.25 -14.33 16.04
      vertex -35.25 -17.08 16.04
      vertex -35.1275 -17.086 16.04
    endloop
  endfacet
  facet normal 0 0 1
    outer loop
      vertex -35.25 -14.33 16.04
      vertex -35.3725 -17.086 16.04
      vertex -35.25 -17.08 16.04
    endloop
  endfacet
  facet normal -0 0 1
    outer loop
      vertex -35.6421 -14.3493 16.04
      vertex -35.3725 -17.086 16.04
      vertex -35.25 -14.33 16.04
    endloop
  endfacet
  facet normal 0 0 1
    outer loop
      vertex -35.3725 -17.086 16.04
      vertex -35.6421 -14.3493 16.04
      vertex -35.4939 -17.104 16.04
    endloop
  endfacet
  facet normal -0 0 1
    outer loop
      vertex -36.0304 -14.4069 16.04
      vertex -35.4939 -17.104 16.04
      vertex -35.6421 -14.3493 16.04
    endloop
  endfacet
  facet normal 0 0 1
    outer loop
      vertex -35.4939 -17.104 16.04
      vertex -36.0304 -14.4069 16.04
      vertex -35.6129 -17.1338 16.04
    endloop
  endfacet
  facet normal -0 0 1
    outer loop
      vertex -36.4111 -14.5022 16.04
      vertex -35.6129 -17.1338 16.04
      vertex -36.0304 -14.4069 16.04
    endloop
  endfacet
  facet normal 0 0 1
    outer loop
      vertex -35.6129 -17.1338 16.04
      vertex -36.4111 -14.5022 16.04
      vertex -35.7284 -17.1751 16.04
    endloop
  endfacet
  facet normal -0 0 1
    outer loop
      vertex -36.7807 -14.6345 16.04
      vertex -35.7284 -17.1751 16.04
      vertex -36.4111 -14.5022 16.04
    endloop
  endfacet
  facet normal 0 0 1
    outer loop
      vertex -35.7284 -17.1751 16.04
      vertex -36.7807 -14.6345 16.04
      vertex -35.8392 -17.2276 16.04
    endloop
  endfacet
  facet normal -0 0 1
    outer loop
      vertex -37.1356 -14.8023 16.04
      vertex -35.8392 -17.2276 16.04
      vertex -36.7807 -14.6345 16.04
    endloop
  endfacet
  facet normal 0 0 1
    outer loop
      vertex -35.8392 -17.2276 16.04
      vertex -37.1356 -14.8023 16.04
      vertex -35.9445 -17.2907 16.04
    endloop
  endfacet
  facet normal -0 0 1
    outer loop
      vertex -37.4723 -15.0041 16.04
      vertex -35.9445 -17.2907 16.04
      vertex -37.1356 -14.8023 16.04
    endloop
  endfacet
  facet normal 0 0 1
    outer loop
      vertex -35.9445 -17.2907 16.04
      vertex -37.4723 -15.0041 16.04
      vertex -36.043 -17.3637 16.04
    endloop
  endfacet
  facet normal -0 0 1
    outer loop
      vertex -37.7876 -15.238 16.04
      vertex -36.043 -17.3637 16.04
      vertex -37.4723 -15.0041 16.04
    endloop
  endfacet
  facet normal 0 0 1
    outer loop
      vertex -36.043 -17.3637 16.04
      vertex -37.7876 -15.238 16.04
      vertex -36.1339 -17.4461 16.04
    endloop
  endfacet
  facet normal -0 0 1
    outer loop
      vertex -38.0784 -15.5016 16.04
      vertex -36.1339 -17.4461 16.04
      vertex -37.7876 -15.238 16.04
    endloop
  endfacet
  facet normal 0 0 1
    outer loop
      vertex -36.1339 -17.4461 16.04
      vertex -38.0784 -15.5016 16.04
      vertex -36.2163 -17.537 16.04
    endloop
  endfacet
  facet normal -0 0 1
    outer loop
      vertex -38.342 -15.7924 16.04
      vertex -36.2163 -17.537 16.04
      vertex -38.0784 -15.5016 16.04
    endloop
  endfacet
  facet normal 0 0 1
    outer loop
      vertex -36.2163 -17.537 16.04
      vertex -38.342 -15.7924 16.04
      vertex -36.2893 -17.6355 16.04
    endloop
  endfacet
  facet normal -0 0 1
    outer loop
      vertex -38.5759 -16.1077 16.04
      vertex -36.2893 -17.6355 16.04
      vertex -38.342 -15.7924 16.04
    endloop
  endfacet
  facet normal -0 0 1
    outer loop
      vertex 32.05 -14.13 16.04
      vertex 34.25 -14.4619 16.04
      vertex 34.25 -6 16.04
    endloop
  endfacet
  facet normal -0 0 1
    outer loop
      vertex 32.0452 -14.228 16.04
      vertex 34.25 -14.4619 16.04
      vertex 32.05 -14.13 16.04
    endloop
  endfacet
  facet normal -0 0 1
    outer loop
      vertex 32.0308 -14.3251 16.04
      vertex 34.25 -14.4619 16.04
      vertex 32.0452 -14.228 16.04
    endloop
  endfacet
  facet normal -0 0 1
    outer loop
      vertex 32.0069 -14.4203 16.04
      vertex 34.25 -14.4619 16.04
      vertex 32.0308 -14.3251 16.04
    endloop
  endfacet
  facet normal 0 0 1
    outer loop
      vertex 31.9739 -14.5127 16.04
      vertex 34.25 -14.4619 16.04
      vertex 32.0069 -14.4203 16.04
    endloop
  endfacet
  facet normal 0 0 1
    outer loop
      vertex 31.9319 -14.6014 16.04
      vertex 34.25 -14.4619 16.04
      vertex 31.9739 -14.5127 16.04
    endloop
  endfacet
  facet normal 0 0 1
    outer loop
      vertex 31.8815 -14.6856 16.04
      vertex 34.25 -14.4619 16.04
      vertex 31.9319 -14.6014 16.04
    endloop
  endfacet
  facet normal 0 0 1
    outer loop
      vertex 31.823 -14.7644 16.04
      vertex 34.25 -14.4619 16.04
      vertex 31.8815 -14.6856 16.04
    endloop
  endfacet
  facet normal 0 0 1
    outer loop
      vertex 34.25 -14.4619 16.04
      vertex 31.823 -14.7644 16.04
      vertex 34.2107 -17.6355 16.04
    endloop
  endfacet
  facet normal -0 0 1
    outer loop
      vertex 31.7571 -14.8371 16.04
      vertex 34.2107 -17.6355 16.04
      vertex 31.823 -14.7644 16.04
    endloop
  endfacet
  facet normal -0 0 1
    outer loop
      vertex 31.3819 -17.33 16.04
      vertex 34.2107 -17.6355 16.04
      vertex 31.6844 -14.903 16.04
    endloop
  endfacet
  facet normal 0 0 1
    outer loop
      vertex 34.2107 -17.6355 16.04
      vertex 31.3819 -17.33 16.04
      vertex 34.1476 -17.7408 16.04
    endloop
  endfacet
  facet normal -0 0 1
    outer loop
      vertex 31.2693 -17.9379 16.04
      vertex 34.006 -18.2075 16.04
      vertex 31.3269 -17.5496 16.04
    endloop
  endfacet
  facet normal 0 0 1
    outer loop
      vertex 32.05 -14.13 16.04
      vertex 34.25 -6 16.04
      vertex 32.05 -6 16.04
    endloop
  endfacet
  facet normal -0 0 1
    outer loop
      vertex 31.6844 -14.903 16.04
      vertex 34.2107 -17.6355 16.04
      vertex 31.7571 -14.8371 16.04
    endloop
  endfacet
  facet normal 0 0 1
    outer loop
      vertex 34 -18.33 16.04
      vertex 33.3644 -21.8577 16.04
      vertex 33.7193 -22.0255 16.04
    endloop
  endfacet
  facet normal 0 0 1
    outer loop
      vertex 34 -18.33 16.04
      vertex 33.0277 -21.6559 16.04
      vertex 33.3644 -21.8577 16.04
    endloop
  endfacet
  facet normal 0 0 1
    outer loop
      vertex 34 -18.33 16.04
      vertex 32.7124 -21.422 16.04
      vertex 33.0277 -21.6559 16.04
    endloop
  endfacet
  facet normal 0 0 1
    outer loop
      vertex 34 -18.33 16.04
      vertex 32.4216 -21.1584 16.04
      vertex 32.7124 -21.422 16.04
    endloop
  endfacet
  facet normal 0 0 1
    outer loop
      vertex 34.0951 -17.8516 16.04
      vertex 31.3819 -17.33 16.04
      vertex 34.0538 -17.9671 16.04
    endloop
  endfacet
  facet normal 0 0 1
    outer loop
      vertex 34 -18.33 16.04
      vertex 32.158 -20.8676 16.04
      vertex 32.4216 -21.1584 16.04
    endloop
  endfacet
  facet normal 0 0 1
    outer loop
      vertex 34.0538 -17.9671 16.04
      vertex 31.3819 -17.33 16.04
      vertex 34.024 -18.0861 16.04
    endloop
  endfacet
  facet normal -0 0 1
    outer loop
      vertex 31.3269 -17.5496 16.04
      vertex 34.024 -18.0861 16.04
      vertex 31.3819 -17.33 16.04
    endloop
  endfacet
  facet normal 0 0 1
    outer loop
      vertex 34.024 -18.0861 16.04
      vertex 31.3269 -17.5496 16.04
      vertex 34.006 -18.2075 16.04
    endloop
  endfacet
  facet normal 0 0 1
    outer loop
      vertex 34 -18.33 16.04
      vertex 31.9241 -20.5523 16.04
      vertex 32.158 -20.8676 16.04
    endloop
  endfacet
  facet normal 0 0 1
    outer loop
      vertex 34.1476 -17.7408 16.04
      vertex 31.3819 -17.33 16.04
      vertex 34.0951 -17.8516 16.04
    endloop
  endfacet
  facet normal 0 0 1
    outer loop
      vertex 31.3819 -17.33 16.04
      vertex 31.6844 -14.903 16.04
      vertex 31.6056 -14.9615 16.04
    endloop
  endfacet
  facet normal 0 0 1
    outer loop
      vertex 34 -18.33 16.04
      vertex 31.7223 -20.2156 16.04
      vertex 31.9241 -20.5523 16.04
    endloop
  endfacet
  facet normal 0 0 1
    outer loop
      vertex 31.3819 -17.33 16.04
      vertex 31.6056 -14.9615 16.04
      vertex 31.5214 -15.0119 16.04
    endloop
  endfacet
  facet normal 0 0 1
    outer loop
      vertex 31.3819 -17.33 16.04
      vertex 31.5214 -15.0119 16.04
      vertex 31.4327 -15.0539 16.04
    endloop
  endfacet
  facet normal 0 0 1
    outer loop
      vertex 34 -18.33 16.04
      vertex 31.5545 -19.8607 16.04
      vertex 31.7223 -20.2156 16.04
    endloop
  endfacet
  facet normal 0 0 1
    outer loop
      vertex 34 -18.33 16.04
      vertex 31.4222 -19.4911 16.04
      vertex 31.5545 -19.8607 16.04
    endloop
  endfacet
  facet normal -0 0 1
    outer loop
      vertex 31.3403 -15.0869 16.04
      vertex 31.3819 -17.33 16.04
      vertex 31.4327 -15.0539 16.04
    endloop
  endfacet
  facet normal -0 0 1
    outer loop
      vertex 31.2451 -15.1108 16.04
      vertex 31.3819 -17.33 16.04
      vertex 31.3403 -15.0869 16.04
    endloop
  endfacet
  facet normal -0 0 1
    outer loop
      vertex 31.148 -15.1252 16.04
      vertex 31.3819 -17.33 16.04
      vertex 31.2451 -15.1108 16.04
    endloop
  endfacet
  facet normal -0 0 1
    outer loop
      vertex 31.05 -15.13 16.04
      vertex 31.3819 -17.33 16.04
      vertex 31.148 -15.1252 16.04
    endloop
  endfacet
  facet normal -0 0 1
    outer loop
      vertex -31.05 -15.13 16.04
      vertex 31.3819 -17.33 16.04
      vertex 31.05 -15.13 16.04
    endloop
  endfacet
  facet normal 0 0 1
    outer loop
      vertex -31.05 -15.13 16.04
      vertex -31.3819 -17.33 16.04
      vertex 31.3819 -17.33 16.04
    endloop
  endfacet
  facet normal 0 0 1
    outer loop
      vertex -31.148 -15.1252 16.04
      vertex -31.3819 -17.33 16.04
      vertex -31.05 -15.13 16.04
    endloop
  endfacet
  facet normal 0 0 1
    outer loop
      vertex -31.2451 -15.1108 16.04
      vertex -31.3819 -17.33 16.04
      vertex -31.148 -15.1252 16.04
    endloop
  endfacet
  facet normal 0 0 1
    outer loop
      vertex -31.3403 -15.0869 16.04
      vertex -31.3819 -17.33 16.04
      vertex -31.2451 -15.1108 16.04
    endloop
  endfacet
  facet normal 0 0 1
    outer loop
      vertex -31.4327 -15.0539 16.04
      vertex -31.3819 -17.33 16.04
      vertex -31.3403 -15.0869 16.04
    endloop
  endfacet
  facet normal 0 0 1
    outer loop
      vertex -31.5214 -15.0119 16.04
      vertex -31.3819 -17.33 16.04
      vertex -31.4327 -15.0539 16.04
    endloop
  endfacet
  facet normal 0 0 1
    outer loop
      vertex -31.6056 -14.9615 16.04
      vertex -31.3819 -17.33 16.04
      vertex -31.5214 -15.0119 16.04
    endloop
  endfacet
  facet normal 0 0 1
    outer loop
      vertex -31.6844 -14.903 16.04
      vertex -31.3819 -17.33 16.04
      vertex -31.6056 -14.9615 16.04
    endloop
  endfacet
  facet normal 0 0 1
    outer loop
      vertex -31.7571 -14.8371 16.04
      vertex -31.3819 -17.33 16.04
      vertex -31.6844 -14.903 16.04
    endloop
  endfacet
  facet normal 0 0 1
    outer loop
      vertex -31.823 -14.7644 16.04
      vertex -31.3819 -17.33 16.04
      vertex -31.7571 -14.8371 16.04
    endloop
  endfacet
  facet normal 0 0 1
    outer loop
      vertex -31.8815 -14.6856 16.04
      vertex -31.3819 -17.33 16.04
      vertex -31.823 -14.7644 16.04
    endloop
  endfacet
  facet normal 0 0 1
    outer loop
      vertex -31.9319 -14.6014 16.04
      vertex -31.3819 -17.33 16.04
      vertex -31.8815 -14.6856 16.04
    endloop
  endfacet
  facet normal 0 0 1
    outer loop
      vertex -31.3819 -17.33 16.04
      vertex -32.158 -20.8676 16.04
      vertex -31.4222 -19.4911 16.04
    endloop
  endfacet
  facet normal 0 0 1
    outer loop
      vertex -31.4222 -19.4911 16.04
      vertex -32.158 -20.8676 16.04
      vertex -31.5545 -19.8607 16.04
    endloop
  endfacet
  facet normal 0 0 1
    outer loop
      vertex -31.5545 -19.8607 16.04
      vertex -32.158 -20.8676 16.04
      vertex -31.7223 -20.2156 16.04
    endloop
  endfacet
  facet normal 0 0 1
    outer loop
      vertex -31.9739 -14.5127 16.04
      vertex -31.3819 -17.33 16.04
      vertex -31.9319 -14.6014 16.04
    endloop
  endfacet
  facet normal 0 0 1
    outer loop
      vertex -31.3819 -17.33 16.04
      vertex -31.9739 -14.5127 16.04
      vertex -32.158 -20.8676 16.04
    endloop
  endfacet
  facet normal 0 0 1
    outer loop
      vertex -32.158 -20.8676 16.04
      vertex -31.9739 -14.5127 16.04
      vertex -32.0069 -14.4203 16.04
    endloop
  endfacet
  facet normal 0 0 1
    outer loop
      vertex -32.158 -20.8676 16.04
      vertex -32.0069 -14.4203 16.04
      vertex -32.0308 -14.3251 16.04
    endloop
  endfacet
  facet normal 0 0 1
    outer loop
      vertex -32.158 -20.8676 16.04
      vertex -32.0308 -14.3251 16.04
      vertex -32.0452 -14.228 16.04
    endloop
  endfacet
  facet normal 0 0 1
    outer loop
      vertex -32.158 -20.8676 16.04
      vertex -32.0452 -14.228 16.04
      vertex -32.05 -14.13 16.04
    endloop
  endfacet
  facet normal 0 0 1
    outer loop
      vertex -31.7223 -20.2156 16.04
      vertex -32.158 -20.8676 16.04
      vertex -31.9241 -20.5523 16.04
    endloop
  endfacet
  facet normal 0 0 1
    outer loop
      vertex 36.5 -18.33 16.04
      vertex 39.25 -18.33 16.04
      vertex 39.2307 -17.9379 16.04
    endloop
  endfacet
  facet normal 0 0 1
    outer loop
      vertex 36.494 -18.2075 16.04
      vertex 39.2307 -17.9379 16.04
      vertex 39.1731 -17.5496 16.04
    endloop
  endfacet
  facet normal 0 0 1
    outer loop
      vertex 39.25 -18.33 16.04
      vertex 36.5 -18.33 16.04
      vertex 39.2307 -18.7221 16.04
    endloop
  endfacet
  facet normal 0 0 1
    outer loop
      vertex 36.476 -18.0861 16.04
      vertex 39.1731 -17.5496 16.04
      vertex 39.0778 -17.1689 16.04
    endloop
  endfacet
  facet normal -0 0 1
    outer loop
      vertex 36.494 -18.4525 16.04
      vertex 39.2307 -18.7221 16.04
      vertex 36.5 -18.33 16.04
    endloop
  endfacet
  facet normal 0 0 1
    outer loop
      vertex 36.4462 -17.9671 16.04
      vertex 39.0778 -17.1689 16.04
      vertex 38.9455 -16.7993 16.04
    endloop
  endfacet
  facet normal 0 0 1
    outer loop
      vertex 39.2307 -18.7221 16.04
      vertex 36.494 -18.4525 16.04
      vertex 39.1731 -19.1104 16.04
    endloop
  endfacet
  facet normal 0 0 1
    outer loop
      vertex 36.4049 -17.8516 16.04
      vertex 38.9455 -16.7993 16.04
      vertex 38.7777 -16.4444 16.04
    endloop
  endfacet
  facet normal -0 0 1
    outer loop
      vertex 36.476 -18.5739 16.04
      vertex 39.1731 -19.1104 16.04
      vertex 36.494 -18.4525 16.04
    endloop
  endfacet
  facet normal 0 0 1
    outer loop
      vertex 36.3524 -17.7408 16.04
      vertex 38.7777 -16.4444 16.04
      vertex 38.5759 -16.1077 16.04
    endloop
  endfacet
  facet normal 0 0 1
    outer loop
      vertex 39.1731 -19.1104 16.04
      vertex 36.476 -18.5739 16.04
      vertex 39.0778 -19.4911 16.04
    endloop
  endfacet
  facet normal 0 0 1
    outer loop
      vertex 36.2893 -17.6355 16.04
      vertex 38.5759 -16.1077 16.04
      vertex 38.342 -15.7924 16.04
    endloop
  endfacet
  facet normal -0 0 1
    outer loop
      vertex 36.4462 -18.6929 16.04
      vertex 39.0778 -19.4911 16.04
      vertex 36.476 -18.5739 16.04
    endloop
  endfacet
  facet normal 0 0 1
    outer loop
      vertex 36.2163 -17.537 16.04
      vertex 38.342 -15.7924 16.04
      vertex 38.0784 -15.5016 16.04
    endloop
  endfacet
  facet normal 0 0 1
    outer loop
      vertex 39.0778 -19.4911 16.04
      vertex 36.4462 -18.6929 16.04
      vertex 38.9455 -19.8607 16.04
    endloop
  endfacet
  facet normal 0 0 1
    outer loop
      vertex 36.1339 -17.4461 16.04
      vertex 38.0784 -15.5016 16.04
      vertex 37.7876 -15.238 16.04
    endloop
  endfacet
  facet normal -0 0 1
    outer loop
      vertex 36.4049 -18.8084 16.04
      vertex 38.9455 -19.8607 16.04
      vertex 36.4462 -18.6929 16.04
    endloop
  endfacet
  facet normal 0 0 1
    outer loop
      vertex 36.043 -17.3637 16.04
      vertex 37.7876 -15.238 16.04
      vertex 37.4723 -15.0041 16.04
    endloop
  endfacet
  facet normal 0 0 1
    outer loop
      vertex 38.9455 -19.8607 16.04
      vertex 36.4049 -18.8084 16.04
      vertex 38.7777 -20.2156 16.04
    endloop
  endfacet
  facet normal 0 0 1
    outer loop
      vertex 35.9445 -17.2907 16.04
      vertex 37.4723 -15.0041 16.04
      vertex 37.1356 -14.8023 16.04
    endloop
  endfacet
  facet normal -0 0 1
    outer loop
      vertex 36.3524 -18.9192 16.04
      vertex 38.7777 -20.2156 16.04
      vertex 36.4049 -18.8084 16.04
    endloop
  endfacet
  facet normal 0 0 1
    outer loop
      vertex 35.8392 -17.2276 16.04
      vertex 37.1356 -14.8023 16.04
      vertex 36.7807 -14.6345 16.04
    endloop
  endfacet
  facet normal 0 0 1
    outer loop
      vertex 38.7777 -20.2156 16.04
      vertex 36.3524 -18.9192 16.04
      vertex 38.5759 -20.5523 16.04
    endloop
  endfacet
  facet normal -0 0 1
    outer loop
      vertex 36.2893 -19.0245 16.04
      vertex 38.5759 -20.5523 16.04
      vertex 36.3524 -18.9192 16.04
    endloop
  endfacet
  facet normal 0 0 1
    outer loop
      vertex 39.2307 -17.9379 16.04
      vertex 36.494 -18.2075 16.04
      vertex 36.5 -18.33 16.04
    endloop
  endfacet
  facet normal 0 0 1
    outer loop
      vertex 39.1731 -17.5496 16.04
      vertex 36.476 -18.0861 16.04
      vertex 36.494 -18.2075 16.04
    endloop
  endfacet
  facet normal 0 0 1
    outer loop
      vertex 39.0778 -17.1689 16.04
      vertex 36.4462 -17.9671 16.04
      vertex 36.476 -18.0861 16.04
    endloop
  endfacet
  facet normal 0 0 1
    outer loop
      vertex 35.7284 -17.1751 16.04
      vertex 36.7807 -14.6345 16.04
      vertex 36.4111 -14.5022 16.04
    endloop
  endfacet
  facet normal 0 0 1
    outer loop
      vertex 38.9455 -16.7993 16.04
      vertex 36.4049 -17.8516 16.04
      vertex 36.4462 -17.9671 16.04
    endloop
  endfacet
  facet normal 0 0 1
    outer loop
      vertex 38.7777 -16.4444 16.04
      vertex 36.3524 -17.7408 16.04
      vertex 36.4049 -17.8516 16.04
    endloop
  endfacet
  facet normal 0 0 1
    outer loop
      vertex 38.5759 -16.1077 16.04
      vertex 36.2893 -17.6355 16.04
      vertex 36.3524 -17.7408 16.04
    endloop
  endfacet
  facet normal 0 0 1
    outer loop
      vertex 38.342 -15.7924 16.04
      vertex 36.2163 -17.537 16.04
      vertex 36.2893 -17.6355 16.04
    endloop
  endfacet
  facet normal 0 0 1
    outer loop
      vertex 38.0784 -15.5016 16.04
      vertex 36.1339 -17.4461 16.04
      vertex 36.2163 -17.537 16.04
    endloop
  endfacet
  facet normal 0 0 1
    outer loop
      vertex 37.7876 -15.238 16.04
      vertex 36.043 -17.3637 16.04
      vertex 36.1339 -17.4461 16.04
    endloop
  endfacet
  facet normal 0 0 1
    outer loop
      vertex 35.6129 -17.1338 16.04
      vertex 36.4111 -14.5022 16.04
      vertex 36.0304 -14.4069 16.04
    endloop
  endfacet
  facet normal 0 0 1
    outer loop
      vertex 37.4723 -15.0041 16.04
      vertex 35.9445 -17.2907 16.04
      vertex 36.043 -17.3637 16.04
    endloop
  endfacet
  facet normal 0 0 1
    outer loop
      vertex 37.1356 -14.8023 16.04
      vertex 35.8392 -17.2276 16.04
      vertex 35.9445 -17.2907 16.04
    endloop
  endfacet
  facet normal 0 0 1
    outer loop
      vertex 36.7807 -14.6345 16.04
      vertex 35.7284 -17.1751 16.04
      vertex 35.8392 -17.2276 16.04
    endloop
  endfacet
  facet normal 0 0 1
    outer loop
      vertex 35.4939 -17.104 16.04
      vertex 36.0304 -14.4069 16.04
      vertex 35.6421 -14.3493 16.04
    endloop
  endfacet
  facet normal 0 0 1
    outer loop
      vertex 36.4111 -14.5022 16.04
      vertex 35.6129 -17.1338 16.04
      vertex 35.7284 -17.1751 16.04
    endloop
  endfacet
  facet normal 0 0 1
    outer loop
      vertex 36.0304 -14.4069 16.04
      vertex 35.4939 -17.104 16.04
      vertex 35.6129 -17.1338 16.04
    endloop
  endfacet
  facet normal 0 0 1
    outer loop
      vertex 35.6421 -14.3493 16.04
      vertex 35.3725 -17.086 16.04
      vertex 35.4939 -17.104 16.04
    endloop
  endfacet
  facet normal 0 0 1
    outer loop
      vertex 35.25 -14.33 16.04
      vertex 35.3725 -17.086 16.04
      vertex 35.6421 -14.3493 16.04
    endloop
  endfacet
  facet normal 0 0 1
    outer loop
      vertex 35.25 -14.33 16.04
      vertex 35.25 -17.08 16.04
      vertex 35.3725 -17.086 16.04
    endloop
  endfacet
  facet normal 0 0 1
    outer loop
      vertex 35.25 -14.33 16.04
      vertex 35.1275 -17.086 16.04
      vertex 35.25 -17.08 16.04
    endloop
  endfacet
  facet normal -0 0 1
    outer loop
      vertex 34.8579 -14.3493 16.04
      vertex 35.1275 -17.086 16.04
      vertex 35.25 -14.33 16.04
    endloop
  endfacet
  facet normal 0 0 1
    outer loop
      vertex 35.1275 -17.086 16.04
      vertex 34.8579 -14.3493 16.04
      vertex 35.0061 -17.104 16.04
    endloop
  endfacet
  facet normal -0 0 1
    outer loop
      vertex 34.4696 -14.4069 16.04
      vertex 35.0061 -17.104 16.04
      vertex 34.8579 -14.3493 16.04
    endloop
  endfacet
  facet normal -0 0 1
    outer loop
      vertex 34.25 -14.4619 16.04
      vertex 35.0061 -17.104 16.04
      vertex 34.4696 -14.4069 16.04
    endloop
  endfacet
  facet normal 0 0 1
    outer loop
      vertex 35.0061 -17.104 16.04
      vertex 34.25 -14.4619 16.04
      vertex 34.8871 -17.1338 16.04
    endloop
  endfacet
  facet normal 0 0 1
    outer loop
      vertex 34.8871 -17.1338 16.04
      vertex 34.25 -14.4619 16.04
      vertex 34.7716 -17.1751 16.04
    endloop
  endfacet
  facet normal 0 0 1
    outer loop
      vertex 34.7716 -17.1751 16.04
      vertex 34.25 -14.4619 16.04
      vertex 34.6608 -17.2276 16.04
    endloop
  endfacet
  facet normal 0 0 1
    outer loop
      vertex 34.6608 -17.2276 16.04
      vertex 34.25 -14.4619 16.04
      vertex 34.5555 -17.2907 16.04
    endloop
  endfacet
  facet normal 0 0 1
    outer loop
      vertex 34.5555 -17.2907 16.04
      vertex 34.25 -14.4619 16.04
      vertex 34.457 -17.3637 16.04
    endloop
  endfacet
  facet normal 0 0 1
    outer loop
      vertex 34.457 -17.3637 16.04
      vertex 34.25 -14.4619 16.04
      vertex 34.3661 -17.4461 16.04
    endloop
  endfacet
  facet normal 0 0 1
    outer loop
      vertex 34.3661 -17.4461 16.04
      vertex 34.25 -14.4619 16.04
      vertex 34.2837 -17.537 16.04
    endloop
  endfacet
  facet normal 0 0 1
    outer loop
      vertex 34.2837 -17.537 16.04
      vertex 34.25 -14.4619 16.04
      vertex 34.2107 -17.6355 16.04
    endloop
  endfacet
  facet normal 0 0 1
    outer loop
      vertex 38.5759 -20.5523 16.04
      vertex 36.2893 -19.0245 16.04
      vertex 38.342 -20.8676 16.04
    endloop
  endfacet
  facet normal -0 0 1
    outer loop
      vertex 36.2163 -19.123 16.04
      vertex 38.342 -20.8676 16.04
      vertex 36.2893 -19.0245 16.04
    endloop
  endfacet
  facet normal 0 0 1
    outer loop
      vertex 38.342 -20.8676 16.04
      vertex 36.2163 -19.123 16.04
      vertex 38.0784 -21.1584 16.04
    endloop
  endfacet
  facet normal -0 0 1
    outer loop
      vertex 36.1339 -19.2139 16.04
      vertex 38.0784 -21.1584 16.04
      vertex 36.2163 -19.123 16.04
    endloop
  endfacet
  facet normal 0 0 1
    outer loop
      vertex 38.0784 -21.1584 16.04
      vertex 36.1339 -19.2139 16.04
      vertex 37.7876 -21.422 16.04
    endloop
  endfacet
  facet normal -0 0 1
    outer loop
      vertex 36.043 -19.2963 16.04
      vertex 37.7876 -21.422 16.04
      vertex 36.1339 -19.2139 16.04
    endloop
  endfacet
  facet normal 0 0 1
    outer loop
      vertex 37.7876 -21.422 16.04
      vertex 36.043 -19.2963 16.04
      vertex 37.4723 -21.6559 16.04
    endloop
  endfacet
  facet normal -0 0 1
    outer loop
      vertex 35.9445 -19.3693 16.04
      vertex 37.4723 -21.6559 16.04
      vertex 36.043 -19.2963 16.04
    endloop
  endfacet
  facet normal 0 0 1
    outer loop
      vertex 37.4723 -21.6559 16.04
      vertex 35.9445 -19.3693 16.04
      vertex 37.1356 -21.8577 16.04
    endloop
  endfacet
  facet normal -0 0 1
    outer loop
      vertex 35.8392 -19.4324 16.04
      vertex 37.1356 -21.8577 16.04
      vertex 35.9445 -19.3693 16.04
    endloop
  endfacet
  facet normal 0 0 1
    outer loop
      vertex 37.1356 -21.8577 16.04
      vertex 35.8392 -19.4324 16.04
      vertex 36.7807 -22.0255 16.04
    endloop
  endfacet
  facet normal -0 0 1
    outer loop
      vertex 35.7284 -19.4848 16.04
      vertex 36.7807 -22.0255 16.04
      vertex 35.8392 -19.4324 16.04
    endloop
  endfacet
  facet normal 0 0 1
    outer loop
      vertex 36.7807 -22.0255 16.04
      vertex 35.7284 -19.4848 16.04
      vertex 36.4111 -22.1578 16.04
    endloop
  endfacet
  facet normal -0 0 1
    outer loop
      vertex 35.6129 -19.5262 16.04
      vertex 36.4111 -22.1578 16.04
      vertex 35.7284 -19.4848 16.04
    endloop
  endfacet
  facet normal 0 0 1
    outer loop
      vertex 36.4111 -22.1578 16.04
      vertex 35.6129 -19.5262 16.04
      vertex 36.0304 -22.2531 16.04
    endloop
  endfacet
  facet normal -0 0 1
    outer loop
      vertex 35.4939 -19.556 16.04
      vertex 36.0304 -22.2531 16.04
      vertex 35.6129 -19.5262 16.04
    endloop
  endfacet
  facet normal 0 0 1
    outer loop
      vertex 36.0304 -22.2531 16.04
      vertex 35.4939 -19.556 16.04
      vertex 35.6421 -22.3107 16.04
    endloop
  endfacet
  facet normal -0 0 1
    outer loop
      vertex 35.3725 -19.574 16.04
      vertex 35.6421 -22.3107 16.04
      vertex 35.4939 -19.556 16.04
    endloop
  endfacet
  facet normal -0 0 1
    outer loop
      vertex 35.25 -19.58 16.04
      vertex 35.6421 -22.3107 16.04
      vertex 35.3725 -19.574 16.04
    endloop
  endfacet
  facet normal 0 0 1
    outer loop
      vertex 35.25 -19.58 16.04
      vertex 35.25 -22.33 16.04
      vertex 35.6421 -22.3107 16.04
    endloop
  endfacet
  facet normal 0 0 1
    outer loop
      vertex 35.1275 -19.574 16.04
      vertex 35.25 -22.33 16.04
      vertex 35.25 -19.58 16.04
    endloop
  endfacet
  facet normal 0 0 1
    outer loop
      vertex 34.8579 -22.3107 16.04
      vertex 35.1275 -19.574 16.04
      vertex 35.0061 -19.556 16.04
    endloop
  endfacet
  facet normal 0 0 1
    outer loop
      vertex 34.4696 -22.2531 16.04
      vertex 35.0061 -19.556 16.04
      vertex 34.8871 -19.5262 16.04
    endloop
  endfacet
  facet normal 0 0 1
    outer loop
      vertex 35.1275 -19.574 16.04
      vertex 34.8579 -22.3107 16.04
      vertex 35.25 -22.33 16.04
    endloop
  endfacet
  facet normal 0 0 1
    outer loop
      vertex 34.0889 -22.1578 16.04
      vertex 34.8871 -19.5262 16.04
      vertex 34.7716 -19.4848 16.04
    endloop
  endfacet
  facet normal 0 0 1
    outer loop
      vertex 33.7193 -22.0255 16.04
      vertex 34.7716 -19.4848 16.04
      vertex 34.6608 -19.4324 16.04
    endloop
  endfacet
  facet normal 0 0 1
    outer loop
      vertex 33.7193 -22.0255 16.04
      vertex 34.6608 -19.4324 16.04
      vertex 34.5555 -19.3693 16.04
    endloop
  endfacet
  facet normal 0 0 1
    outer loop
      vertex 35.0061 -19.556 16.04
      vertex 34.4696 -22.2531 16.04
      vertex 34.8579 -22.3107 16.04
    endloop
  endfacet
  facet normal 0 0 1
    outer loop
      vertex 33.7193 -22.0255 16.04
      vertex 34.5555 -19.3693 16.04
      vertex 34.457 -19.2963 16.04
    endloop
  endfacet
  facet normal 0 0 1
    outer loop
      vertex 33.7193 -22.0255 16.04
      vertex 34.457 -19.2963 16.04
      vertex 34.3661 -19.2139 16.04
    endloop
  endfacet
  facet normal 0 0 1
    outer loop
      vertex 33.7193 -22.0255 16.04
      vertex 34.3661 -19.2139 16.04
      vertex 34.2837 -19.123 16.04
    endloop
  endfacet
  facet normal 0 0 1
    outer loop
      vertex 33.7193 -22.0255 16.04
      vertex 34.2837 -19.123 16.04
      vertex 34.2107 -19.0245 16.04
    endloop
  endfacet
  facet normal 0 0 1
    outer loop
      vertex 33.7193 -22.0255 16.04
      vertex 34.2107 -19.0245 16.04
      vertex 34.1476 -18.9192 16.04
    endloop
  endfacet
  facet normal 0 0 1
    outer loop
      vertex 33.7193 -22.0255 16.04
      vertex 34.1476 -18.9192 16.04
      vertex 34.0951 -18.8084 16.04
    endloop
  endfacet
  facet normal 0 0 1
    outer loop
      vertex 34.8871 -19.5262 16.04
      vertex 34.0889 -22.1578 16.04
      vertex 34.4696 -22.2531 16.04
    endloop
  endfacet
  facet normal 0 0 1
    outer loop
      vertex 33.7193 -22.0255 16.04
      vertex 34.0951 -18.8084 16.04
      vertex 34.0538 -18.6929 16.04
    endloop
  endfacet
  facet normal 0 0 1
    outer loop
      vertex 33.7193 -22.0255 16.04
      vertex 34.0538 -18.6929 16.04
      vertex 34.024 -18.5739 16.04
    endloop
  endfacet
  facet normal 0 0 1
    outer loop
      vertex 33.7193 -22.0255 16.04
      vertex 34.024 -18.5739 16.04
      vertex 34.006 -18.4525 16.04
    endloop
  endfacet
  facet normal 0 0 1
    outer loop
      vertex 33.7193 -22.0255 16.04
      vertex 34.006 -18.4525 16.04
      vertex 34 -18.33 16.04
    endloop
  endfacet
  facet normal 0 0 1
    outer loop
      vertex 34.7716 -19.4848 16.04
      vertex 33.7193 -22.0255 16.04
      vertex 34.0889 -22.1578 16.04
    endloop
  endfacet
  facet normal 0 0 1
    outer loop
      vertex 34.006 -18.2075 16.04
      vertex 31.2693 -17.9379 16.04
      vertex 34 -18.33 16.04
    endloop
  endfacet
  facet normal 0 0 1
    outer loop
      vertex 34 -18.33 16.04
      vertex 31.3269 -19.1104 16.04
      vertex 31.4222 -19.4911 16.04
    endloop
  endfacet
  facet normal 0 0 1
    outer loop
      vertex 31.25 -18.33 16.04
      vertex 34 -18.33 16.04
      vertex 31.2693 -17.9379 16.04
    endloop
  endfacet
  facet normal 0 0 1
    outer loop
      vertex 34 -18.33 16.04
      vertex 31.2693 -18.7221 16.04
      vertex 31.3269 -19.1104 16.04
    endloop
  endfacet
  facet normal 0 0 1
    outer loop
      vertex 34 -18.33 16.04
      vertex 31.25 -18.33 16.04
      vertex 31.2693 -18.7221 16.04
    endloop
  endfacet
  facet normal 0 0 1
    outer loop
      vertex -31.2693 -17.9379 16.04
      vertex -31.2693 -18.7221 16.04
      vertex -31.25 -18.33 16.04
    endloop
  endfacet
  facet normal 0 0 1
    outer loop
      vertex -31.3819 -17.33 16.04
      vertex -31.2693 -17.9379 16.04
      vertex -31.3269 -17.5496 16.04
    endloop
  endfacet
  facet normal 0 0 1
    outer loop
      vertex -31.2693 -17.9379 16.04
      vertex -31.3819 -17.33 16.04
      vertex -31.2693 -18.7221 16.04
    endloop
  endfacet
  facet normal 0 0 1
    outer loop
      vertex -31.2693 -18.7221 16.04
      vertex -31.3819 -17.33 16.04
      vertex -31.3269 -19.1104 16.04
    endloop
  endfacet
  facet normal 0 0 1
    outer loop
      vertex -31.3269 -19.1104 16.04
      vertex -31.3819 -17.33 16.04
      vertex -31.4222 -19.4911 16.04
    endloop
  endfacet
  facet normal -0 0 1
    outer loop
      vertex -34.2107 -19.0245 16.04
      vertex -32.158 -20.8676 16.04
      vertex -34.1476 -18.9192 16.04
    endloop
  endfacet
  facet normal -0 0 1
    outer loop
      vertex -34.2837 -19.123 16.04
      vertex -32.158 -20.8676 16.04
      vertex -34.2107 -19.0245 16.04
    endloop
  endfacet
  facet normal 0 0 1
    outer loop
      vertex -32.158 -20.8676 16.04
      vertex -34.2837 -19.123 16.04
      vertex -32.4216 -21.1584 16.04
    endloop
  endfacet
  facet normal -0 0 1
    outer loop
      vertex -34.3661 -19.2139 16.04
      vertex -32.4216 -21.1584 16.04
      vertex -34.2837 -19.123 16.04
    endloop
  endfacet
  facet normal 0 0 1
    outer loop
      vertex -32.4216 -21.1584 16.04
      vertex -34.3661 -19.2139 16.04
      vertex -32.7124 -21.422 16.04
    endloop
  endfacet
  facet normal -0 0 1
    outer loop
      vertex -34.457 -19.2963 16.04
      vertex -32.7124 -21.422 16.04
      vertex -34.3661 -19.2139 16.04
    endloop
  endfacet
  facet normal 0 0 1
    outer loop
      vertex -32.7124 -21.422 16.04
      vertex -34.457 -19.2963 16.04
      vertex -33.0277 -21.6559 16.04
    endloop
  endfacet
  facet normal -0 0 1
    outer loop
      vertex -34.5555 -19.3693 16.04
      vertex -33.0277 -21.6559 16.04
      vertex -34.457 -19.2963 16.04
    endloop
  endfacet
  facet normal 0 0 1
    outer loop
      vertex -33.0277 -21.6559 16.04
      vertex -34.5555 -19.3693 16.04
      vertex -33.3644 -21.8577 16.04
    endloop
  endfacet
  facet normal -0 0 1
    outer loop
      vertex -34.6608 -19.4324 16.04
      vertex -33.3644 -21.8577 16.04
      vertex -34.5555 -19.3693 16.04
    endloop
  endfacet
  facet normal 0 0 1
    outer loop
      vertex -33.3644 -21.8577 16.04
      vertex -34.6608 -19.4324 16.04
      vertex -33.7193 -22.0255 16.04
    endloop
  endfacet
  facet normal -0 0 1
    outer loop
      vertex -34.7716 -19.4848 16.04
      vertex -33.7193 -22.0255 16.04
      vertex -34.6608 -19.4324 16.04
    endloop
  endfacet
  facet normal 0 0 1
    outer loop
      vertex -33.7193 -22.0255 16.04
      vertex -34.7716 -19.4848 16.04
      vertex -34.0889 -22.1578 16.04
    endloop
  endfacet
  facet normal -0 0 1
    outer loop
      vertex -34.8871 -19.5262 16.04
      vertex -34.0889 -22.1578 16.04
      vertex -34.7716 -19.4848 16.04
    endloop
  endfacet
  facet normal 0 0 1
    outer loop
      vertex -34.0889 -22.1578 16.04
      vertex -34.8871 -19.5262 16.04
      vertex -34.4696 -22.2531 16.04
    endloop
  endfacet
  facet normal -0 0 1
    outer loop
      vertex -35.0061 -19.556 16.04
      vertex -34.4696 -22.2531 16.04
      vertex -34.8871 -19.5262 16.04
    endloop
  endfacet
  facet normal 0 0 1
    outer loop
      vertex -34.4696 -22.2531 16.04
      vertex -35.0061 -19.556 16.04
      vertex -34.8579 -22.3107 16.04
    endloop
  endfacet
  facet normal -0 0 1
    outer loop
      vertex -35.1275 -19.574 16.04
      vertex -34.8579 -22.3107 16.04
      vertex -35.0061 -19.556 16.04
    endloop
  endfacet
  facet normal -0 0 1
    outer loop
      vertex -35.25 -19.58 16.04
      vertex -34.8579 -22.3107 16.04
      vertex -35.1275 -19.574 16.04
    endloop
  endfacet
  facet normal 0 0 1
    outer loop
      vertex -35.25 -19.58 16.04
      vertex -35.25 -22.33 16.04
      vertex -34.8579 -22.3107 16.04
    endloop
  endfacet
  facet normal 0 0 1
    outer loop
      vertex -35.3725 -19.574 16.04
      vertex -35.25 -22.33 16.04
      vertex -35.25 -19.58 16.04
    endloop
  endfacet
  facet normal 0 0 1
    outer loop
      vertex -35.6421 -22.3107 16.04
      vertex -35.3725 -19.574 16.04
      vertex -35.4939 -19.556 16.04
    endloop
  endfacet
  facet normal 0 0 1
    outer loop
      vertex -36.0304 -22.2531 16.04
      vertex -35.4939 -19.556 16.04
      vertex -35.6129 -19.5262 16.04
    endloop
  endfacet
  facet normal 0 0 1
    outer loop
      vertex -35.3725 -19.574 16.04
      vertex -35.6421 -22.3107 16.04
      vertex -35.25 -22.33 16.04
    endloop
  endfacet
  facet normal 0 0 1
    outer loop
      vertex -36.4111 -22.1578 16.04
      vertex -35.6129 -19.5262 16.04
      vertex -35.7284 -19.4848 16.04
    endloop
  endfacet
  facet normal 0 0 1
    outer loop
      vertex -36.7807 -22.0255 16.04
      vertex -35.7284 -19.4848 16.04
      vertex -35.8392 -19.4324 16.04
    endloop
  endfacet
  facet normal 0 0 1
    outer loop
      vertex -37.1356 -21.8577 16.04
      vertex -35.8392 -19.4324 16.04
      vertex -35.9445 -19.3693 16.04
    endloop
  endfacet
  facet normal 0 0 1
    outer loop
      vertex -35.4939 -19.556 16.04
      vertex -36.0304 -22.2531 16.04
      vertex -35.6421 -22.3107 16.04
    endloop
  endfacet
  facet normal 0 0 1
    outer loop
      vertex -37.4723 -21.6559 16.04
      vertex -35.9445 -19.3693 16.04
      vertex -36.043 -19.2963 16.04
    endloop
  endfacet
  facet normal 0 0 1
    outer loop
      vertex -37.7876 -21.422 16.04
      vertex -36.043 -19.2963 16.04
      vertex -36.1339 -19.2139 16.04
    endloop
  endfacet
  facet normal 0 0 1
    outer loop
      vertex -38.0784 -21.1584 16.04
      vertex -36.1339 -19.2139 16.04
      vertex -36.2163 -19.123 16.04
    endloop
  endfacet
  facet normal 0 0 1
    outer loop
      vertex -38.342 -20.8676 16.04
      vertex -36.2163 -19.123 16.04
      vertex -36.2893 -19.0245 16.04
    endloop
  endfacet
  facet normal 0 0 1
    outer loop
      vertex -38.5759 -20.5523 16.04
      vertex -36.2893 -19.0245 16.04
      vertex -36.3524 -18.9192 16.04
    endloop
  endfacet
  facet normal 0 0 1
    outer loop
      vertex -38.7777 -20.2156 16.04
      vertex -36.3524 -18.9192 16.04
      vertex -36.4049 -18.8084 16.04
    endloop
  endfacet
  facet normal 0 0 1
    outer loop
      vertex -35.6129 -19.5262 16.04
      vertex -36.4111 -22.1578 16.04
      vertex -36.0304 -22.2531 16.04
    endloop
  endfacet
  facet normal 0 0 1
    outer loop
      vertex -38.9455 -19.8607 16.04
      vertex -36.4049 -18.8084 16.04
      vertex -36.4462 -18.6929 16.04
    endloop
  endfacet
  facet normal 0 0 1
    outer loop
      vertex -39.0778 -19.4911 16.04
      vertex -36.4462 -18.6929 16.04
      vertex -36.476 -18.5739 16.04
    endloop
  endfacet
  facet normal 0 0 1
    outer loop
      vertex -39.1731 -19.1104 16.04
      vertex -36.476 -18.5739 16.04
      vertex -36.494 -18.4525 16.04
    endloop
  endfacet
  facet normal 0 0 1
    outer loop
      vertex -39.2307 -18.7221 16.04
      vertex -36.494 -18.4525 16.04
      vertex -36.5 -18.33 16.04
    endloop
  endfacet
  facet normal 0 0 1
    outer loop
      vertex -36.2893 -17.6355 16.04
      vertex -38.5759 -16.1077 16.04
      vertex -36.3524 -17.7408 16.04
    endloop
  endfacet
  facet normal 0 0 1
    outer loop
      vertex -35.7284 -19.4848 16.04
      vertex -36.7807 -22.0255 16.04
      vertex -36.4111 -22.1578 16.04
    endloop
  endfacet
  facet normal -0 0 1
    outer loop
      vertex -38.7777 -16.4444 16.04
      vertex -36.3524 -17.7408 16.04
      vertex -38.5759 -16.1077 16.04
    endloop
  endfacet
  facet normal 0 0 1
    outer loop
      vertex -35.8392 -19.4324 16.04
      vertex -37.1356 -21.8577 16.04
      vertex -36.7807 -22.0255 16.04
    endloop
  endfacet
  facet normal 0 0 1
    outer loop
      vertex -36.3524 -17.7408 16.04
      vertex -38.7777 -16.4444 16.04
      vertex -36.4049 -17.8516 16.04
    endloop
  endfacet
  facet normal 0 0 1
    outer loop
      vertex -35.9445 -19.3693 16.04
      vertex -37.4723 -21.6559 16.04
      vertex -37.1356 -21.8577 16.04
    endloop
  endfacet
  facet normal -0 0 1
    outer loop
      vertex -38.9455 -16.7993 16.04
      vertex -36.4049 -17.8516 16.04
      vertex -38.7777 -16.4444 16.04
    endloop
  endfacet
  facet normal 0 0 1
    outer loop
      vertex -36.043 -19.2963 16.04
      vertex -37.7876 -21.422 16.04
      vertex -37.4723 -21.6559 16.04
    endloop
  endfacet
  facet normal 0 0 1
    outer loop
      vertex -36.4049 -17.8516 16.04
      vertex -38.9455 -16.7993 16.04
      vertex -36.4462 -17.9671 16.04
    endloop
  endfacet
  facet normal 0 0 1
    outer loop
      vertex -36.1339 -19.2139 16.04
      vertex -38.0784 -21.1584 16.04
      vertex -37.7876 -21.422 16.04
    endloop
  endfacet
  facet normal -0 0 1
    outer loop
      vertex -39.0778 -17.1689 16.04
      vertex -36.4462 -17.9671 16.04
      vertex -38.9455 -16.7993 16.04
    endloop
  endfacet
  facet normal 0 0 1
    outer loop
      vertex -36.2163 -19.123 16.04
      vertex -38.342 -20.8676 16.04
      vertex -38.0784 -21.1584 16.04
    endloop
  endfacet
  facet normal 0 0 1
    outer loop
      vertex -36.4462 -17.9671 16.04
      vertex -39.0778 -17.1689 16.04
      vertex -36.476 -18.0861 16.04
    endloop
  endfacet
  facet normal 0 0 1
    outer loop
      vertex -36.2893 -19.0245 16.04
      vertex -38.5759 -20.5523 16.04
      vertex -38.342 -20.8676 16.04
    endloop
  endfacet
  facet normal -0 0 1
    outer loop
      vertex -39.1731 -17.5496 16.04
      vertex -36.476 -18.0861 16.04
      vertex -39.0778 -17.1689 16.04
    endloop
  endfacet
  facet normal 0 0 1
    outer loop
      vertex -36.3524 -18.9192 16.04
      vertex -38.7777 -20.2156 16.04
      vertex -38.5759 -20.5523 16.04
    endloop
  endfacet
  facet normal 0 0 1
    outer loop
      vertex -36.476 -18.0861 16.04
      vertex -39.1731 -17.5496 16.04
      vertex -36.494 -18.2075 16.04
    endloop
  endfacet
  facet normal 0 0 1
    outer loop
      vertex -36.4049 -18.8084 16.04
      vertex -38.9455 -19.8607 16.04
      vertex -38.7777 -20.2156 16.04
    endloop
  endfacet
  facet normal -0 0 1
    outer loop
      vertex -39.2307 -17.9379 16.04
      vertex -36.494 -18.2075 16.04
      vertex -39.1731 -17.5496 16.04
    endloop
  endfacet
  facet normal 0 0 1
    outer loop
      vertex -36.4462 -18.6929 16.04
      vertex -39.0778 -19.4911 16.04
      vertex -38.9455 -19.8607 16.04
    endloop
  endfacet
  facet normal 0 0 1
    outer loop
      vertex -36.494 -18.2075 16.04
      vertex -39.2307 -17.9379 16.04
      vertex -36.5 -18.33 16.04
    endloop
  endfacet
  facet normal 0 0 1
    outer loop
      vertex -36.476 -18.5739 16.04
      vertex -39.1731 -19.1104 16.04
      vertex -39.0778 -19.4911 16.04
    endloop
  endfacet
  facet normal 0 0 1
    outer loop
      vertex -39.25 -18.33 16.04
      vertex -36.5 -18.33 16.04
      vertex -39.2307 -17.9379 16.04
    endloop
  endfacet
  facet normal 0 0 1
    outer loop
      vertex -36.494 -18.4525 16.04
      vertex -39.2307 -18.7221 16.04
      vertex -39.1731 -19.1104 16.04
    endloop
  endfacet
  facet normal 0 0 1
    outer loop
      vertex -36.5 -18.33 16.04
      vertex -39.25 -18.33 16.04
      vertex -39.2307 -18.7221 16.04
    endloop
  endfacet
  facet normal 0 0 1
    outer loop
      vertex -34 18.33 16.04
      vertex -31.25 18.33 16.04
      vertex -31.2693 18.7221 16.04
    endloop
  endfacet
  facet normal 0 0 1
    outer loop
      vertex -34.006 18.4525 16.04
      vertex -31.2693 18.7221 16.04
      vertex -31.3269 19.1104 16.04
    endloop
  endfacet
  facet normal 0 0 1
    outer loop
      vertex -31.25 18.33 16.04
      vertex -34 18.33 16.04
      vertex -31.2693 17.9379 16.04
    endloop
  endfacet
  facet normal -0 0 1
    outer loop
      vertex -34.006 18.2075 16.04
      vertex -31.2693 17.9379 16.04
      vertex -34 18.33 16.04
    endloop
  endfacet
  facet normal 0 0 1
    outer loop
      vertex -34.024 18.5739 16.04
      vertex -31.3269 19.1104 16.04
      vertex -31.4222 19.4911 16.04
    endloop
  endfacet
  facet normal 0 0 1
    outer loop
      vertex -5.5 17.33 16.04
      vertex -31.05 15.13 16.04
      vertex -5.5 15.13 16.04
    endloop
  endfacet
  facet normal -0 0 1
    outer loop
      vertex -31.3819 17.33 16.04
      vertex -31.05 15.13 16.04
      vertex -5.5 17.33 16.04
    endloop
  endfacet
  facet normal 0 0 1
    outer loop
      vertex -31.05 15.13 16.04
      vertex -31.3819 17.33 16.04
      vertex -31.148 15.1252 16.04
    endloop
  endfacet
  facet normal 0 0 1
    outer loop
      vertex -31.3819 17.33 16.04
      vertex -31.2451 15.1108 16.04
      vertex -31.148 15.1252 16.04
    endloop
  endfacet
  facet normal 0 0 1
    outer loop
      vertex -31.3819 17.33 16.04
      vertex -31.3403 15.0869 16.04
      vertex -31.2451 15.1108 16.04
    endloop
  endfacet
  facet normal 0 0 1
    outer loop
      vertex -31.2693 17.9379 16.04
      vertex -34.006 18.2075 16.04
      vertex -31.3269 17.5496 16.04
    endloop
  endfacet
  facet normal -0 0 1
    outer loop
      vertex -34.0951 17.8516 16.04
      vertex -31.3819 17.33 16.04
      vertex -34.0538 17.9671 16.04
    endloop
  endfacet
  facet normal -0 0 1
    outer loop
      vertex -34.1476 17.7408 16.04
      vertex -31.3819 17.33 16.04
      vertex -34.0951 17.8516 16.04
    endloop
  endfacet
  facet normal 0 0 1
    outer loop
      vertex -34.0538 18.6929 16.04
      vertex -31.4222 19.4911 16.04
      vertex -31.5545 19.8607 16.04
    endloop
  endfacet
  facet normal 0 0 1
    outer loop
      vertex -31.3819 17.33 16.04
      vertex -31.4327 15.0539 16.04
      vertex -31.3403 15.0869 16.04
    endloop
  endfacet
  facet normal -0 0 1
    outer loop
      vertex -34.2107 17.6355 16.04
      vertex -31.3819 17.33 16.04
      vertex -34.1476 17.7408 16.04
    endloop
  endfacet
  facet normal 0 0 1
    outer loop
      vertex -34.0951 18.8084 16.04
      vertex -31.5545 19.8607 16.04
      vertex -31.7223 20.2156 16.04
    endloop
  endfacet
  facet normal 0 0 1
    outer loop
      vertex -31.3819 17.33 16.04
      vertex -34.024 18.0861 16.04
      vertex -34.0538 17.9671 16.04
    endloop
  endfacet
  facet normal 0 0 1
    outer loop
      vertex -31.3819 17.33 16.04
      vertex -31.5214 15.0119 16.04
      vertex -31.4327 15.0539 16.04
    endloop
  endfacet
  facet normal -0 0 1
    outer loop
      vertex -34.2837 17.537 16.04
      vertex -31.3819 17.33 16.04
      vertex -34.2107 17.6355 16.04
    endloop
  endfacet
  facet normal 0 0 1
    outer loop
      vertex -34.1476 18.9192 16.04
      vertex -31.7223 20.2156 16.04
      vertex -31.9241 20.5523 16.04
    endloop
  endfacet
  facet normal 0 0 1
    outer loop
      vertex -31.3819 17.33 16.04
      vertex -31.6056 14.9615 16.04
      vertex -31.5214 15.0119 16.04
    endloop
  endfacet
  facet normal 0 -0 1
    outer loop
      vertex -31.6844 14.903 16.04
      vertex -31.3819 17.33 16.04
      vertex -34.2837 17.537 16.04
    endloop
  endfacet
  facet normal 0 0 1
    outer loop
      vertex -31.3819 17.33 16.04
      vertex -31.6844 14.903 16.04
      vertex -31.6056 14.9615 16.04
    endloop
  endfacet
  facet normal 0 0 1
    outer loop
      vertex -31.6844 14.903 16.04
      vertex -34.2837 17.537 16.04
      vertex -31.7571 14.8371 16.04
    endloop
  endfacet
  facet normal -0 0 1
    outer loop
      vertex -34.3661 17.4461 16.04
      vertex -31.7571 14.8371 16.04
      vertex -34.2837 17.537 16.04
    endloop
  endfacet
  facet normal 0 0 1
    outer loop
      vertex -31.7571 14.8371 16.04
      vertex -34.3661 17.4461 16.04
      vertex -31.823 14.7644 16.04
    endloop
  endfacet
  facet normal 0 0 1
    outer loop
      vertex -34.2107 19.0245 16.04
      vertex -31.9241 20.5523 16.04
      vertex -32.158 20.8676 16.04
    endloop
  endfacet
  facet normal -0 0 1
    outer loop
      vertex -34.457 17.3637 16.04
      vertex -31.823 14.7644 16.04
      vertex -34.3661 17.4461 16.04
    endloop
  endfacet
  facet normal 0 0 1
    outer loop
      vertex -34.2837 19.123 16.04
      vertex -32.158 20.8676 16.04
      vertex -32.4216 21.1584 16.04
    endloop
  endfacet
  facet normal 0 0 1
    outer loop
      vertex -34.3661 19.2139 16.04
      vertex -32.4216 21.1584 16.04
      vertex -32.7124 21.422 16.04
    endloop
  endfacet
  facet normal 0 0 1
    outer loop
      vertex -34.457 19.2963 16.04
      vertex -32.7124 21.422 16.04
      vertex -33.0277 21.6559 16.04
    endloop
  endfacet
  facet normal 0 0 1
    outer loop
      vertex -34.5555 19.3693 16.04
      vertex -33.0277 21.6559 16.04
      vertex -33.3644 21.8577 16.04
    endloop
  endfacet
  facet normal 0 0 1
    outer loop
      vertex -34.6608 19.4324 16.04
      vertex -33.3644 21.8577 16.04
      vertex -33.7193 22.0255 16.04
    endloop
  endfacet
  facet normal -0 0 1
    outer loop
      vertex -34.024 18.0861 16.04
      vertex -31.3269 17.5496 16.04
      vertex -34.006 18.2075 16.04
    endloop
  endfacet
  facet normal 0 0 1
    outer loop
      vertex -31.3269 17.5496 16.04
      vertex -34.024 18.0861 16.04
      vertex -31.3819 17.33 16.04
    endloop
  endfacet
  facet normal 0 -0 1
    outer loop
      vertex -34.25 14.4619 16.04
      vertex -31.823 14.7644 16.04
      vertex -34.457 17.3637 16.04
    endloop
  endfacet
  facet normal 0 0 1
    outer loop
      vertex -31.823 14.7644 16.04
      vertex -34.25 14.4619 16.04
      vertex -31.8815 14.6856 16.04
    endloop
  endfacet
  facet normal 0 0 1
    outer loop
      vertex -31.9319 14.6014 16.04
      vertex -34.25 14.4619 16.04
      vertex -31.9739 14.5127 16.04
    endloop
  endfacet
  facet normal 0 0 1
    outer loop
      vertex -31.9739 14.5127 16.04
      vertex -34.25 14.4619 16.04
      vertex -32.0069 14.4203 16.04
    endloop
  endfacet
  facet normal 0 0 1
    outer loop
      vertex -32.0069 14.4203 16.04
      vertex -34.25 14.4619 16.04
      vertex -32.0308 14.3251 16.04
    endloop
  endfacet
  facet normal 0 0 1
    outer loop
      vertex -34.25 6 16.04
      vertex -32.05 14.13 16.04
      vertex -34.25 14.4619 16.04
    endloop
  endfacet
  facet normal 0 0 1
    outer loop
      vertex -32.05 14.13 16.04
      vertex -34.25 6 16.04
      vertex -32.05 6 16.04
    endloop
  endfacet
  facet normal 0 0 1
    outer loop
      vertex -32.0308 14.3251 16.04
      vertex -34.25 14.4619 16.04
      vertex -32.0452 14.228 16.04
    endloop
  endfacet
  facet normal 0 0 1
    outer loop
      vertex -32.0452 14.228 16.04
      vertex -34.25 14.4619 16.04
      vertex -32.05 14.13 16.04
    endloop
  endfacet
  facet normal 0 0 1
    outer loop
      vertex -31.8815 14.6856 16.04
      vertex -34.25 14.4619 16.04
      vertex -31.9319 14.6014 16.04
    endloop
  endfacet
  facet normal -0 0 1
    outer loop
      vertex -34.5555 17.2907 16.04
      vertex -34.25 14.4619 16.04
      vertex -34.457 17.3637 16.04
    endloop
  endfacet
  facet normal -0 0 1
    outer loop
      vertex -34.6608 17.2276 16.04
      vertex -34.25 14.4619 16.04
      vertex -34.5555 17.2907 16.04
    endloop
  endfacet
  facet normal -0 0 1
    outer loop
      vertex -34.7716 17.1751 16.04
      vertex -34.25 14.4619 16.04
      vertex -34.6608 17.2276 16.04
    endloop
  endfacet
  facet normal -0 0 1
    outer loop
      vertex -34.8871 17.1338 16.04
      vertex -34.25 14.4619 16.04
      vertex -34.7716 17.1751 16.04
    endloop
  endfacet
  facet normal -0 0 1
    outer loop
      vertex -35.0061 17.104 16.04
      vertex -34.25 14.4619 16.04
      vertex -34.8871 17.1338 16.04
    endloop
  endfacet
  facet normal 0 0 1
    outer loop
      vertex -34.25 14.4619 16.04
      vertex -35.0061 17.104 16.04
      vertex -34.4696 14.4069 16.04
    endloop
  endfacet
  facet normal 0 0 1
    outer loop
      vertex -34.4696 14.4069 16.04
      vertex -35.0061 17.104 16.04
      vertex -34.8579 14.3493 16.04
    endloop
  endfacet
  facet normal -0 0 1
    outer loop
      vertex -35.1275 17.086 16.04
      vertex -34.8579 14.3493 16.04
      vertex -35.0061 17.104 16.04
    endloop
  endfacet
  facet normal -0 0 1
    outer loop
      vertex -35.25 17.08 16.04
      vertex -34.8579 14.3493 16.04
      vertex -35.1275 17.086 16.04
    endloop
  endfacet
  facet normal 0 0 1
    outer loop
      vertex -35.25 17.08 16.04
      vertex -35.25 14.33 16.04
      vertex -34.8579 14.3493 16.04
    endloop
  endfacet
  facet normal 0 0 1
    outer loop
      vertex -35.3725 17.086 16.04
      vertex -35.25 14.33 16.04
      vertex -35.25 17.08 16.04
    endloop
  endfacet
  facet normal 0 0 1
    outer loop
      vertex -35.6421 14.3493 16.04
      vertex -35.3725 17.086 16.04
      vertex -35.4939 17.104 16.04
    endloop
  endfacet
  facet normal 0 0 1
    outer loop
      vertex -36.0304 14.4069 16.04
      vertex -35.4939 17.104 16.04
      vertex -35.6129 17.1338 16.04
    endloop
  endfacet
  facet normal 0 0 1
    outer loop
      vertex -35.3725 17.086 16.04
      vertex -35.6421 14.3493 16.04
      vertex -35.25 14.33 16.04
    endloop
  endfacet
  facet normal 0 0 1
    outer loop
      vertex -36.4111 14.5022 16.04
      vertex -35.6129 17.1338 16.04
      vertex -35.7284 17.1751 16.04
    endloop
  endfacet
  facet normal 0 0 1
    outer loop
      vertex -36.7807 14.6345 16.04
      vertex -35.7284 17.1751 16.04
      vertex -35.8392 17.2276 16.04
    endloop
  endfacet
  facet normal 0 0 1
    outer loop
      vertex -37.1356 14.8023 16.04
      vertex -35.8392 17.2276 16.04
      vertex -35.9445 17.2907 16.04
    endloop
  endfacet
  facet normal 0 0 1
    outer loop
      vertex -35.4939 17.104 16.04
      vertex -36.0304 14.4069 16.04
      vertex -35.6421 14.3493 16.04
    endloop
  endfacet
  facet normal 0 0 1
    outer loop
      vertex -37.4723 15.0041 16.04
      vertex -35.9445 17.2907 16.04
      vertex -36.043 17.3637 16.04
    endloop
  endfacet
  facet normal 0 0 1
    outer loop
      vertex -37.7876 15.238 16.04
      vertex -36.043 17.3637 16.04
      vertex -36.1339 17.4461 16.04
    endloop
  endfacet
  facet normal 0 0 1
    outer loop
      vertex -38.0784 15.5016 16.04
      vertex -36.1339 17.4461 16.04
      vertex -36.2163 17.537 16.04
    endloop
  endfacet
  facet normal 0 0 1
    outer loop
      vertex -38.342 15.7924 16.04
      vertex -36.2163 17.537 16.04
      vertex -36.2893 17.6355 16.04
    endloop
  endfacet
  facet normal 0 0 1
    outer loop
      vertex -38.5759 16.1077 16.04
      vertex -36.2893 17.6355 16.04
      vertex -36.3524 17.7408 16.04
    endloop
  endfacet
  facet normal 0 0 1
    outer loop
      vertex -38.7777 16.4444 16.04
      vertex -36.3524 17.7408 16.04
      vertex -36.4049 17.8516 16.04
    endloop
  endfacet
  facet normal 0 0 1
    outer loop
      vertex -35.6129 17.1338 16.04
      vertex -36.4111 14.5022 16.04
      vertex -36.0304 14.4069 16.04
    endloop
  endfacet
  facet normal 0 0 1
    outer loop
      vertex -38.9455 16.7993 16.04
      vertex -36.4049 17.8516 16.04
      vertex -36.4462 17.9671 16.04
    endloop
  endfacet
  facet normal 0 0 1
    outer loop
      vertex -39.0778 17.1689 16.04
      vertex -36.4462 17.9671 16.04
      vertex -36.476 18.0861 16.04
    endloop
  endfacet
  facet normal 0 0 1
    outer loop
      vertex -39.1731 17.5496 16.04
      vertex -36.476 18.0861 16.04
      vertex -36.494 18.2075 16.04
    endloop
  endfacet
  facet normal 0 0 1
    outer loop
      vertex -39.2307 17.9379 16.04
      vertex -36.494 18.2075 16.04
      vertex -36.5 18.33 16.04
    endloop
  endfacet
  facet normal 0 0 1
    outer loop
      vertex -36.2893 19.0245 16.04
      vertex -38.5759 20.5523 16.04
      vertex -36.3524 18.9192 16.04
    endloop
  endfacet
  facet normal 0 0 1
    outer loop
      vertex -35.7284 17.1751 16.04
      vertex -36.7807 14.6345 16.04
      vertex -36.4111 14.5022 16.04
    endloop
  endfacet
  facet normal -0 0 1
    outer loop
      vertex -38.7777 20.2156 16.04
      vertex -36.3524 18.9192 16.04
      vertex -38.5759 20.5523 16.04
    endloop
  endfacet
  facet normal 0 0 1
    outer loop
      vertex -35.8392 17.2276 16.04
      vertex -37.1356 14.8023 16.04
      vertex -36.7807 14.6345 16.04
    endloop
  endfacet
  facet normal 0 0 1
    outer loop
      vertex -36.3524 18.9192 16.04
      vertex -38.7777 20.2156 16.04
      vertex -36.4049 18.8084 16.04
    endloop
  endfacet
  facet normal 0 0 1
    outer loop
      vertex -35.9445 17.2907 16.04
      vertex -37.4723 15.0041 16.04
      vertex -37.1356 14.8023 16.04
    endloop
  endfacet
  facet normal -0 0 1
    outer loop
      vertex -38.9455 19.8607 16.04
      vertex -36.4049 18.8084 16.04
      vertex -38.7777 20.2156 16.04
    endloop
  endfacet
  facet normal 0 0 1
    outer loop
      vertex -36.043 17.3637 16.04
      vertex -37.7876 15.238 16.04
      vertex -37.4723 15.0041 16.04
    endloop
  endfacet
  facet normal 0 0 1
    outer loop
      vertex -36.4049 18.8084 16.04
      vertex -38.9455 19.8607 16.04
      vertex -36.4462 18.6929 16.04
    endloop
  endfacet
  facet normal 0 0 1
    outer loop
      vertex -36.1339 17.4461 16.04
      vertex -38.0784 15.5016 16.04
      vertex -37.7876 15.238 16.04
    endloop
  endfacet
  facet normal -0 0 1
    outer loop
      vertex -39.0778 19.4911 16.04
      vertex -36.4462 18.6929 16.04
      vertex -38.9455 19.8607 16.04
    endloop
  endfacet
  facet normal 0 0 1
    outer loop
      vertex -36.2163 17.537 16.04
      vertex -38.342 15.7924 16.04
      vertex -38.0784 15.5016 16.04
    endloop
  endfacet
  facet normal 0 0 1
    outer loop
      vertex -36.4462 18.6929 16.04
      vertex -39.0778 19.4911 16.04
      vertex -36.476 18.5739 16.04
    endloop
  endfacet
  facet normal 0 0 1
    outer loop
      vertex -36.2893 17.6355 16.04
      vertex -38.5759 16.1077 16.04
      vertex -38.342 15.7924 16.04
    endloop
  endfacet
  facet normal -0 0 1
    outer loop
      vertex -39.1731 19.1104 16.04
      vertex -36.476 18.5739 16.04
      vertex -39.0778 19.4911 16.04
    endloop
  endfacet
  facet normal 0 0 1
    outer loop
      vertex -36.3524 17.7408 16.04
      vertex -38.7777 16.4444 16.04
      vertex -38.5759 16.1077 16.04
    endloop
  endfacet
  facet normal 0 0 1
    outer loop
      vertex -36.476 18.5739 16.04
      vertex -39.1731 19.1104 16.04
      vertex -36.494 18.4525 16.04
    endloop
  endfacet
  facet normal 0 0 1
    outer loop
      vertex -36.4049 17.8516 16.04
      vertex -38.9455 16.7993 16.04
      vertex -38.7777 16.4444 16.04
    endloop
  endfacet
  facet normal -0 0 1
    outer loop
      vertex -39.2307 18.7221 16.04
      vertex -36.494 18.4525 16.04
      vertex -39.1731 19.1104 16.04
    endloop
  endfacet
  facet normal 0 0 1
    outer loop
      vertex -36.4462 17.9671 16.04
      vertex -39.0778 17.1689 16.04
      vertex -38.9455 16.7993 16.04
    endloop
  endfacet
  facet normal 0 0 1
    outer loop
      vertex -36.494 18.4525 16.04
      vertex -39.2307 18.7221 16.04
      vertex -36.5 18.33 16.04
    endloop
  endfacet
  facet normal 0 0 1
    outer loop
      vertex -36.476 18.0861 16.04
      vertex -39.1731 17.5496 16.04
      vertex -39.0778 17.1689 16.04
    endloop
  endfacet
  facet normal 0 0 1
    outer loop
      vertex -39.25 18.33 16.04
      vertex -36.5 18.33 16.04
      vertex -39.2307 18.7221 16.04
    endloop
  endfacet
  facet normal 0 0 1
    outer loop
      vertex -36.494 18.2075 16.04
      vertex -39.2307 17.9379 16.04
      vertex -39.1731 17.5496 16.04
    endloop
  endfacet
  facet normal 0 0 1
    outer loop
      vertex -36.5 18.33 16.04
      vertex -39.25 18.33 16.04
      vertex -39.2307 17.9379 16.04
    endloop
  endfacet
  facet normal 0 0 1
    outer loop
      vertex -31.2693 18.7221 16.04
      vertex -34.006 18.4525 16.04
      vertex -34 18.33 16.04
    endloop
  endfacet
  facet normal 0 0 1
    outer loop
      vertex -31.3269 19.1104 16.04
      vertex -34.024 18.5739 16.04
      vertex -34.006 18.4525 16.04
    endloop
  endfacet
  facet normal 0 0 1
    outer loop
      vertex -31.4222 19.4911 16.04
      vertex -34.0538 18.6929 16.04
      vertex -34.024 18.5739 16.04
    endloop
  endfacet
  facet normal 0 0 1
    outer loop
      vertex -34.7716 19.4848 16.04
      vertex -33.7193 22.0255 16.04
      vertex -34.0889 22.1578 16.04
    endloop
  endfacet
  facet normal 0 0 1
    outer loop
      vertex -31.5545 19.8607 16.04
      vertex -34.0951 18.8084 16.04
      vertex -34.0538 18.6929 16.04
    endloop
  endfacet
  facet normal 0 0 1
    outer loop
      vertex -31.7223 20.2156 16.04
      vertex -34.1476 18.9192 16.04
      vertex -34.0951 18.8084 16.04
    endloop
  endfacet
  facet normal 0 0 1
    outer loop
      vertex -31.9241 20.5523 16.04
      vertex -34.2107 19.0245 16.04
      vertex -34.1476 18.9192 16.04
    endloop
  endfacet
  facet normal 0 0 1
    outer loop
      vertex -32.158 20.8676 16.04
      vertex -34.2837 19.123 16.04
      vertex -34.2107 19.0245 16.04
    endloop
  endfacet
  facet normal 0 0 1
    outer loop
      vertex -32.4216 21.1584 16.04
      vertex -34.3661 19.2139 16.04
      vertex -34.2837 19.123 16.04
    endloop
  endfacet
  facet normal 0 0 1
    outer loop
      vertex -32.7124 21.422 16.04
      vertex -34.457 19.2963 16.04
      vertex -34.3661 19.2139 16.04
    endloop
  endfacet
  facet normal 0 0 1
    outer loop
      vertex -34.8871 19.5262 16.04
      vertex -34.0889 22.1578 16.04
      vertex -34.4696 22.2531 16.04
    endloop
  endfacet
  facet normal 0 0 1
    outer loop
      vertex -33.0277 21.6559 16.04
      vertex -34.5555 19.3693 16.04
      vertex -34.457 19.2963 16.04
    endloop
  endfacet
  facet normal 0 0 1
    outer loop
      vertex -33.3644 21.8577 16.04
      vertex -34.6608 19.4324 16.04
      vertex -34.5555 19.3693 16.04
    endloop
  endfacet
  facet normal 0 0 1
    outer loop
      vertex -33.7193 22.0255 16.04
      vertex -34.7716 19.4848 16.04
      vertex -34.6608 19.4324 16.04
    endloop
  endfacet
  facet normal 0 0 1
    outer loop
      vertex -35.0061 19.556 16.04
      vertex -34.4696 22.2531 16.04
      vertex -34.8579 22.3107 16.04
    endloop
  endfacet
  facet normal 0 0 1
    outer loop
      vertex -34.0889 22.1578 16.04
      vertex -34.8871 19.5262 16.04
      vertex -34.7716 19.4848 16.04
    endloop
  endfacet
  facet normal 0 0 1
    outer loop
      vertex -34.4696 22.2531 16.04
      vertex -35.0061 19.556 16.04
      vertex -34.8871 19.5262 16.04
    endloop
  endfacet
  facet normal 0 0 1
    outer loop
      vertex -34.8579 22.3107 16.04
      vertex -35.1275 19.574 16.04
      vertex -35.0061 19.556 16.04
    endloop
  endfacet
  facet normal 0 0 1
    outer loop
      vertex -35.25 22.33 16.04
      vertex -35.1275 19.574 16.04
      vertex -34.8579 22.3107 16.04
    endloop
  endfacet
  facet normal 0 0 1
    outer loop
      vertex -35.25 22.33 16.04
      vertex -35.25 19.58 16.04
      vertex -35.1275 19.574 16.04
    endloop
  endfacet
  facet normal 0 0 1
    outer loop
      vertex -35.25 22.33 16.04
      vertex -35.3725 19.574 16.04
      vertex -35.25 19.58 16.04
    endloop
  endfacet
  facet normal -0 0 1
    outer loop
      vertex -35.6421 22.3107 16.04
      vertex -35.3725 19.574 16.04
      vertex -35.25 22.33 16.04
    endloop
  endfacet
  facet normal 0 0 1
    outer loop
      vertex -35.3725 19.574 16.04
      vertex -35.6421 22.3107 16.04
      vertex -35.4939 19.556 16.04
    endloop
  endfacet
  facet normal -0 0 1
    outer loop
      vertex -36.0304 22.2531 16.04
      vertex -35.4939 19.556 16.04
      vertex -35.6421 22.3107 16.04
    endloop
  endfacet
  facet normal 0 0 1
    outer loop
      vertex -35.4939 19.556 16.04
      vertex -36.0304 22.2531 16.04
      vertex -35.6129 19.5262 16.04
    endloop
  endfacet
  facet normal -0 0 1
    outer loop
      vertex -36.4111 22.1578 16.04
      vertex -35.6129 19.5262 16.04
      vertex -36.0304 22.2531 16.04
    endloop
  endfacet
  facet normal 0 0 1
    outer loop
      vertex -35.6129 19.5262 16.04
      vertex -36.4111 22.1578 16.04
      vertex -35.7284 19.4848 16.04
    endloop
  endfacet
  facet normal -0 0 1
    outer loop
      vertex -36.7807 22.0255 16.04
      vertex -35.7284 19.4848 16.04
      vertex -36.4111 22.1578 16.04
    endloop
  endfacet
  facet normal 0 0 1
    outer loop
      vertex -35.7284 19.4848 16.04
      vertex -36.7807 22.0255 16.04
      vertex -35.8392 19.4324 16.04
    endloop
  endfacet
  facet normal -0 0 1
    outer loop
      vertex -37.1356 21.8577 16.04
      vertex -35.8392 19.4324 16.04
      vertex -36.7807 22.0255 16.04
    endloop
  endfacet
  facet normal 0 0 1
    outer loop
      vertex -35.8392 19.4324 16.04
      vertex -37.1356 21.8577 16.04
      vertex -35.9445 19.3693 16.04
    endloop
  endfacet
  facet normal -0 0 1
    outer loop
      vertex -37.4723 21.6559 16.04
      vertex -35.9445 19.3693 16.04
      vertex -37.1356 21.8577 16.04
    endloop
  endfacet
  facet normal 0 0 1
    outer loop
      vertex -35.9445 19.3693 16.04
      vertex -37.4723 21.6559 16.04
      vertex -36.043 19.2963 16.04
    endloop
  endfacet
  facet normal -0 0 1
    outer loop
      vertex -37.7876 21.422 16.04
      vertex -36.043 19.2963 16.04
      vertex -37.4723 21.6559 16.04
    endloop
  endfacet
  facet normal 0 0 1
    outer loop
      vertex -36.043 19.2963 16.04
      vertex -37.7876 21.422 16.04
      vertex -36.1339 19.2139 16.04
    endloop
  endfacet
  facet normal -0 0 1
    outer loop
      vertex -38.0784 21.1584 16.04
      vertex -36.1339 19.2139 16.04
      vertex -37.7876 21.422 16.04
    endloop
  endfacet
  facet normal 0 0 1
    outer loop
      vertex -36.1339 19.2139 16.04
      vertex -38.0784 21.1584 16.04
      vertex -36.2163 19.123 16.04
    endloop
  endfacet
  facet normal -0 0 1
    outer loop
      vertex -38.342 20.8676 16.04
      vertex -36.2163 19.123 16.04
      vertex -38.0784 21.1584 16.04
    endloop
  endfacet
  facet normal 0 0 1
    outer loop
      vertex -36.2163 19.123 16.04
      vertex -38.342 20.8676 16.04
      vertex -36.2893 19.0245 16.04
    endloop
  endfacet
  facet normal -0 0 1
    outer loop
      vertex -38.5759 20.5523 16.04
      vertex -36.2893 19.0245 16.04
      vertex -38.342 20.8676 16.04
    endloop
  endfacet
  facet normal 0.595794 0.803137 -0
    outer loop
      vertex 37.7876 21.422 4
      vertex 37.4723 21.6559 16.04
      vertex 37.7876 21.422 16.04
    endloop
  endfacet
  facet normal 0.595794 0.803137 0
    outer loop
      vertex 37.4723 21.6559 16.04
      vertex 37.7876 21.422 4
      vertex 37.4723 21.6559 4
    endloop
  endfacet
  facet normal 0.514084 0.85774 -0
    outer loop
      vertex 37.4723 21.6559 4
      vertex 37.1356 21.8577 16.04
      vertex 37.4723 21.6559 16.04
    endloop
  endfacet
  facet normal 0.514084 0.85774 0
    outer loop
      vertex 37.1356 21.8577 16.04
      vertex 37.4723 21.6559 4
      vertex 37.1356 21.8577 4
    endloop
  endfacet
  facet normal 0.146733 -0.989176 0
    outer loop
      vertex 35.6421 14.3493 4
      vertex 36.0304 14.4069 16.04
      vertex 35.6421 14.3493 16.04
    endloop
  endfacet
  facet normal 0.146733 -0.989176 0
    outer loop
      vertex 36.0304 14.4069 16.04
      vertex 35.6421 14.3493 4
      vertex 36.0304 14.4069 4
    endloop
  endfacet
  facet normal 0.9415 0.337014 0
    outer loop
      vertex 39.0778 19.4911 16.04
      vertex 38.9455 19.8607 4
      vertex 38.9455 19.8607 16.04
    endloop
  endfacet
  facet normal 0.9415 0.337014 0
    outer loop
      vertex 38.9455 19.8607 4
      vertex 39.0778 19.4911 16.04
      vertex 39.0778 19.4911 4
    endloop
  endfacet
  facet normal 0.85774 -0.514084 0
    outer loop
      vertex 38.5759 16.1077 16.04
      vertex 38.7777 16.4444 4
      vertex 38.7777 16.4444 16.04
    endloop
  endfacet
  facet normal 0.85774 -0.514084 0
    outer loop
      vertex 38.7777 16.4444 4
      vertex 38.5759 16.1077 16.04
      vertex 38.5759 16.1077 4
    endloop
  endfacet
  facet normal -0.998791 -0.0491626 0
    outer loop
      vertex 31.2693 17.9379 4
      vertex 31.25 18.33 16.04
      vertex 31.25 18.33 4
    endloop
  endfacet
  facet normal -0.998791 -0.0491626 0
    outer loop
      vertex 31.25 18.33 16.04
      vertex 31.2693 17.9379 4
      vertex 31.2693 17.9379 16.04
    endloop
  endfacet
  facet normal 0.9415 -0.337014 0
    outer loop
      vertex 38.9455 16.7993 16.04
      vertex 39.0778 17.1689 4
      vertex 39.0778 17.1689 16.04
    endloop
  endfacet
  facet normal 0.9415 -0.337014 0
    outer loop
      vertex 39.0778 17.1689 4
      vertex 38.9455 16.7993 16.04
      vertex 38.9455 16.7993 4
    endloop
  endfacet
  facet normal -0.146733 0.989176 0
    outer loop
      vertex 34.8579 22.3107 4
      vertex 34.4696 22.2531 16.04
      vertex 34.8579 22.3107 16.04
    endloop
  endfacet
  facet normal -0.146733 0.989176 0
    outer loop
      vertex 34.4696 22.2531 16.04
      vertex 34.8579 22.3107 4
      vertex 34.4696 22.2531 4
    endloop
  endfacet
  facet normal 0.740908 0.671607 0
    outer loop
      vertex 38.342 20.8676 16.04
      vertex 38.0784 21.1584 4
      vertex 38.0784 21.1584 16.04
    endloop
  endfacet
  facet normal 0.740908 0.671607 0
    outer loop
      vertex 38.0784 21.1584 4
      vertex 38.342 20.8676 16.04
      vertex 38.342 20.8676 4
    endloop
  endfacet
  facet normal 0.0491626 0.998791 -0
    outer loop
      vertex 35.6421 22.3107 4
      vertex 35.25 22.33 16.04
      vertex 35.6421 22.3107 16.04
    endloop
  endfacet
  facet normal 0.0491626 0.998791 0
    outer loop
      vertex 35.25 22.33 16.04
      vertex 35.6421 22.3107 4
      vertex 35.25 22.33 4
    endloop
  endfacet
  facet normal 0.904044 0.42744 0
    outer loop
      vertex 38.9455 19.8607 16.04
      vertex 38.7777 20.2156 4
      vertex 38.7777 20.2156 16.04
    endloop
  endfacet
  facet normal 0.904044 0.42744 0
    outer loop
      vertex 38.7777 20.2156 4
      vertex 38.9455 19.8607 16.04
      vertex 38.9455 19.8607 4
    endloop
  endfacet
  facet normal -0.146733 -0.989176 0
    outer loop
      vertex 34.4696 14.4069 4
      vertex 34.8579 14.3493 16.04
      vertex 34.4696 14.4069 16.04
    endloop
  endfacet
  facet normal -0.146733 -0.989176 -0
    outer loop
      vertex 34.8579 14.3493 16.04
      vertex 34.4696 14.4069 4
      vertex 34.8579 14.3493 4
    endloop
  endfacet
  facet normal 0.671607 -0.740908 0
    outer loop
      vertex 37.7876 15.238 4
      vertex 38.0784 15.5016 16.04
      vertex 37.7876 15.238 16.04
    endloop
  endfacet
  facet normal 0.671607 -0.740908 0
    outer loop
      vertex 38.0784 15.5016 16.04
      vertex 37.7876 15.238 4
      vertex 38.0784 15.5016 4
    endloop
  endfacet
  facet normal -0.0491626 -0.998791 0
    outer loop
      vertex 34.8579 14.3493 4
      vertex 35.25 14.33 16.04
      vertex 34.8579 14.3493 16.04
    endloop
  endfacet
  facet normal -0.0491626 -0.998791 -0
    outer loop
      vertex 35.25 14.33 16.04
      vertex 34.8579 14.3493 4
      vertex 35.25 14.33 4
    endloop
  endfacet
  facet normal -0.740908 0.671607 0
    outer loop
      vertex 32.158 20.8676 4
      vertex 32.4216 21.1584 16.04
      vertex 32.4216 21.1584 4
    endloop
  endfacet
  facet normal -0.740908 0.671607 0
    outer loop
      vertex 32.4216 21.1584 16.04
      vertex 32.158 20.8676 4
      vertex 32.158 20.8676 16.04
    endloop
  endfacet
  facet normal -0.904044 0.42744 0
    outer loop
      vertex 31.5545 19.8607 4
      vertex 31.7223 20.2156 16.04
      vertex 31.7223 20.2156 4
    endloop
  endfacet
  facet normal -0.904044 0.42744 0
    outer loop
      vertex 31.7223 20.2156 16.04
      vertex 31.5545 19.8607 4
      vertex 31.5545 19.8607 16.04
    endloop
  endfacet
  facet normal -0.970068 0.242835 0
    outer loop
      vertex 31.3269 19.1104 4
      vertex 31.4222 19.4911 16.04
      vertex 31.4222 19.4911 4
    endloop
  endfacet
  facet normal -0.970068 0.242835 0
    outer loop
      vertex 31.4222 19.4911 16.04
      vertex 31.3269 19.1104 4
      vertex 31.3269 19.1104 16.04
    endloop
  endfacet
  facet normal 0.242835 0.970068 -0
    outer loop
      vertex 36.4111 22.1578 4
      vertex 36.0304 22.2531 16.04
      vertex 36.4111 22.1578 16.04
    endloop
  endfacet
  facet normal 0.242835 0.970068 0
    outer loop
      vertex 36.0304 22.2531 16.04
      vertex 36.4111 22.1578 4
      vertex 36.0304 22.2531 4
    endloop
  endfacet
  facet normal -0.970038 -0.242951 0
    outer loop
      vertex 31.3819 17.33 4
      vertex 31.3269 17.5496 16.04
      vertex 31.3269 17.5496 4
    endloop
  endfacet
  facet normal -0.970038 -0.242951 0
    outer loop
      vertex 31.3269 17.5496 16.04
      vertex 31.3819 17.33 4
      vertex 31.3819 17.33 16.04
    endloop
  endfacet
  facet normal 0.42744 -0.904044 0
    outer loop
      vertex 36.7807 14.6345 4
      vertex 37.1356 14.8023 16.04
      vertex 36.7807 14.6345 16.04
    endloop
  endfacet
  facet normal 0.42744 -0.904044 0
    outer loop
      vertex 37.1356 14.8023 16.04
      vertex 36.7807 14.6345 4
      vertex 37.1356 14.8023 4
    endloop
  endfacet
  facet normal 0.0491626 -0.998791 0
    outer loop
      vertex 35.25 14.33 4
      vertex 35.6421 14.3493 16.04
      vertex 35.25 14.33 16.04
    endloop
  endfacet
  facet normal 0.0491626 -0.998791 0
    outer loop
      vertex 35.6421 14.3493 16.04
      vertex 35.25 14.33 4
      vertex 35.6421 14.3493 4
    endloop
  endfacet
  facet normal -0.989176 -0.146733 0
    outer loop
      vertex 31.3269 17.5496 4
      vertex 31.2693 17.9379 16.04
      vertex 31.2693 17.9379 4
    endloop
  endfacet
  facet normal -0.989176 -0.146733 0
    outer loop
      vertex 31.2693 17.9379 16.04
      vertex 31.3269 17.5496 4
      vertex 31.3269 17.5496 16.04
    endloop
  endfacet
  facet normal 0.595794 -0.803137 0
    outer loop
      vertex 37.4723 15.0041 4
      vertex 37.7876 15.238 16.04
      vertex 37.4723 15.0041 16.04
    endloop
  endfacet
  facet normal 0.595794 -0.803137 0
    outer loop
      vertex 37.7876 15.238 16.04
      vertex 37.4723 15.0041 4
      vertex 37.7876 15.238 4
    endloop
  endfacet
  facet normal -0 0 -1
    outer loop
      vertex -33.7638 -15.4428 0
      vertex -43.2994 -21.6043 0
      vertex -33.8478 -15.2654 0
    endloop
  endfacet
  facet normal 0 0 -1
    outer loop
      vertex -34 14.5 0
      vertex -42.8106 22.7844 0
      vertex -42.8 23 0
    endloop
  endfacet
  facet normal 0 0 -1
    outer loop
      vertex -43.4444 -21.4444 0
      vertex -33.8478 -15.2654 0
      vertex -43.2994 -21.6043 0
    endloop
  endfacet
  facet normal 0 0 -1
    outer loop
      vertex -34 14.5 0
      vertex -42.8423 22.5708 0
      vertex -42.8106 22.7844 0
    endloop
  endfacet
  facet normal -0 0 -1
    outer loop
      vertex -33.8478 -15.2654 0
      vertex -43.4444 -21.4444 0
      vertex -33.9139 -15.0806 0
    endloop
  endfacet
  facet normal 0 0 -1
    outer loop
      vertex -34 14.5 0
      vertex -42.8947 22.3614 0
      vertex -42.8423 22.5708 0
    endloop
  endfacet
  facet normal 0 0 -1
    outer loop
      vertex -43.6043 -21.2994 0
      vertex -33.9139 -15.0806 0
      vertex -43.4444 -21.4444 0
    endloop
  endfacet
  facet normal 0 0 -1
    outer loop
      vertex -34 14.5 0
      vertex -42.9675 22.1581 0
      vertex -42.8947 22.3614 0
    endloop
  endfacet
  facet normal -0 0 -1
    outer loop
      vertex -33.9139 -15.0806 0
      vertex -43.6043 -21.2994 0
      vertex -33.9616 -14.8902 0
    endloop
  endfacet
  facet normal 0 0 -1
    outer loop
      vertex -34 14.5 0
      vertex -43.0598 21.9629 0
      vertex -42.9675 22.1581 0
    endloop
  endfacet
  facet normal 0 0 -1
    outer loop
      vertex -43.7777 -21.1708 0
      vertex -33.9616 -14.8902 0
      vertex -43.6043 -21.2994 0
    endloop
  endfacet
  facet normal 0 0 -1
    outer loop
      vertex -34 14.5 0
      vertex -43.1708 21.7777 0
      vertex -43.0598 21.9629 0
    endloop
  endfacet
  facet normal -0 0 -1
    outer loop
      vertex -33.9616 -14.8902 0
      vertex -43.7777 -21.1708 0
      vertex -33.9904 -14.696 0
    endloop
  endfacet
  facet normal 0 0 -1
    outer loop
      vertex -34 14.5 0
      vertex -43.2994 21.6043 0
      vertex -43.1708 21.7777 0
    endloop
  endfacet
  facet normal 0 0 -1
    outer loop
      vertex -43.9629 -21.0598 0
      vertex -33.9904 -14.696 0
      vertex -43.7777 -21.1708 0
    endloop
  endfacet
  facet normal 0 0 -1
    outer loop
      vertex -34 14.5 0
      vertex -43.4444 21.4444 0
      vertex -43.2994 21.6043 0
    endloop
  endfacet
  facet normal -0 0 -1
    outer loop
      vertex -33.9904 -14.696 0
      vertex -43.9629 -21.0598 0
      vertex -34 -14.5 0
    endloop
  endfacet
  facet normal 0 0 -1
    outer loop
      vertex -34 14.5 0
      vertex -43.6043 21.2994 0
      vertex -43.4444 21.4444 0
    endloop
  endfacet
  facet normal 0 0 -1
    outer loop
      vertex -44.1581 -20.9675 0
      vertex -34 -14.5 0
      vertex -43.9629 -21.0598 0
    endloop
  endfacet
  facet normal 0 0 -1
    outer loop
      vertex -34 14.5 0
      vertex -43.7777 21.1708 0
      vertex -43.6043 21.2994 0
    endloop
  endfacet
  facet normal 0 0 -1
    outer loop
      vertex -44.3614 -20.8947 0
      vertex -34 -14.5 0
      vertex -44.1581 -20.9675 0
    endloop
  endfacet
  facet normal 0 0 -1
    outer loop
      vertex -34 14.5 0
      vertex -43.9629 21.0598 0
      vertex -43.7777 21.1708 0
    endloop
  endfacet
  facet normal 0 0 -1
    outer loop
      vertex -44.5708 -20.8423 0
      vertex -34 -14.5 0
      vertex -44.3614 -20.8947 0
    endloop
  endfacet
  facet normal 0 0 -1
    outer loop
      vertex -34 14.5 0
      vertex -44.1581 20.9675 0
      vertex -43.9629 21.0598 0
    endloop
  endfacet
  facet normal 0 0 -1
    outer loop
      vertex -44.7844 -20.8106 0
      vertex -34 -14.5 0
      vertex -44.5708 -20.8423 0
    endloop
  endfacet
  facet normal 0 0 -1
    outer loop
      vertex -34 14.5 0
      vertex -44.3614 20.8947 0
      vertex -44.1581 20.9675 0
    endloop
  endfacet
  facet normal 0 0 -1
    outer loop
      vertex -45 -20.8 0
      vertex -34 -14.5 0
      vertex -44.7844 -20.8106 0
    endloop
  endfacet
  facet normal 0 0 -1
    outer loop
      vertex -34 14.5 0
      vertex -44.5708 20.8423 0
      vertex -44.3614 20.8947 0
    endloop
  endfacet
  facet normal 0 0 -1
    outer loop
      vertex -45.2156 -20.8106 0
      vertex -34 -14.5 0
      vertex -45 -20.8 0
    endloop
  endfacet
  facet normal 0 0 -1
    outer loop
      vertex -34 14.5 0
      vertex -44.7844 20.8106 0
      vertex -44.5708 20.8423 0
    endloop
  endfacet
  facet normal 0 0 -1
    outer loop
      vertex -45.4292 -20.8423 0
      vertex -34 -14.5 0
      vertex -45.2156 -20.8106 0
    endloop
  endfacet
  facet normal 0 0 -1
    outer loop
      vertex -34 14.5 0
      vertex -45 20.8 0
      vertex -44.7844 20.8106 0
    endloop
  endfacet
  facet normal -0 0 -1
    outer loop
      vertex -34 -14.5 0
      vertex -45.4292 -20.8423 0
      vertex -34 14.5 0
    endloop
  endfacet
  facet normal 0 0 -1
    outer loop
      vertex -34 14.5 0
      vertex -45.2156 20.8106 0
      vertex -45 20.8 0
    endloop
  endfacet
  facet normal 0 0 -1
    outer loop
      vertex -45.4292 20.8423 0
      vertex -34 14.5 0
      vertex -45.4292 -20.8423 0
    endloop
  endfacet
  facet normal 0 0 -1
    outer loop
      vertex -34 14.5 0
      vertex -45.4292 20.8423 0
      vertex -45.2156 20.8106 0
    endloop
  endfacet
  facet normal 0 0 -1
    outer loop
      vertex -45.6386 -20.8947 0
      vertex -45.4292 20.8423 0
      vertex -45.4292 -20.8423 0
    endloop
  endfacet
  facet normal 0 0 -1
    outer loop
      vertex -45.6386 -20.8947 0
      vertex -45.6386 20.8947 0
      vertex -45.4292 20.8423 0
    endloop
  endfacet
  facet normal 0 0 -1
    outer loop
      vertex -45.8419 -20.9675 0
      vertex -45.6386 20.8947 0
      vertex -45.6386 -20.8947 0
    endloop
  endfacet
  facet normal 0 0 -1
    outer loop
      vertex -45.8419 -20.9675 0
      vertex -45.8419 20.9675 0
      vertex -45.6386 20.8947 0
    endloop
  endfacet
  facet normal 0 0 -1
    outer loop
      vertex -46.0371 -21.0598 0
      vertex -45.8419 20.9675 0
      vertex -45.8419 -20.9675 0
    endloop
  endfacet
  facet normal 0 0 -1
    outer loop
      vertex -46.0371 -21.0598 0
      vertex -46.0371 21.0598 0
      vertex -45.8419 20.9675 0
    endloop
  endfacet
  facet normal 0 0 -1
    outer loop
      vertex -46.2223 -21.1708 0
      vertex -46.0371 21.0598 0
      vertex -46.0371 -21.0598 0
    endloop
  endfacet
  facet normal 0 0 -1
    outer loop
      vertex -46.2223 -21.1708 0
      vertex -46.2223 21.1708 0
      vertex -46.0371 21.0598 0
    endloop
  endfacet
  facet normal 0 0 -1
    outer loop
      vertex -46.3957 -21.2994 0
      vertex -46.2223 21.1708 0
      vertex -46.2223 -21.1708 0
    endloop
  endfacet
  facet normal 0 0 -1
    outer loop
      vertex -46.3957 -21.2994 0
      vertex -46.3957 21.2994 0
      vertex -46.2223 21.1708 0
    endloop
  endfacet
  facet normal 0 0 -1
    outer loop
      vertex -52 -25 0
      vertex -46.3957 -21.2994 0
      vertex -46.5556 -21.4444 0
    endloop
  endfacet
  facet normal -0 0 -1
    outer loop
      vertex -46.3957 -21.2994 0
      vertex -52 -25 0
      vertex -46.3957 21.2994 0
    endloop
  endfacet
  facet normal 0 0 -1
    outer loop
      vertex -52 -25 0
      vertex -46.5556 -21.4444 0
      vertex -46.7006 -21.6043 0
    endloop
  endfacet
  facet normal 0 0 -1
    outer loop
      vertex -52 25 0
      vertex -46.3957 21.2994 0
      vertex -52 -25 0
    endloop
  endfacet
  facet normal 0 0 -1
    outer loop
      vertex -52 -25 0
      vertex -46.7006 -21.6043 0
      vertex -46.8292 -21.7777 0
    endloop
  endfacet
  facet normal 0 0 -1
    outer loop
      vertex -46.3957 21.2994 0
      vertex -52 25 0
      vertex -46.5556 21.4444 0
    endloop
  endfacet
  facet normal 0 0 -1
    outer loop
      vertex -52 -25 0
      vertex -46.8292 -21.7777 0
      vertex -46.9402 -21.9629 0
    endloop
  endfacet
  facet normal 0 0 -1
    outer loop
      vertex -46.5556 21.4444 0
      vertex -52 25 0
      vertex -46.7006 21.6043 0
    endloop
  endfacet
  facet normal 0 0 -1
    outer loop
      vertex -52 -25 0
      vertex -46.9402 -21.9629 0
      vertex -47.0325 -22.1581 0
    endloop
  endfacet
  facet normal 0 0 -1
    outer loop
      vertex -46.7006 21.6043 0
      vertex -52 25 0
      vertex -46.8292 21.7777 0
    endloop
  endfacet
  facet normal 0 0 -1
    outer loop
      vertex -52 -25 0
      vertex -47.0325 -22.1581 0
      vertex -47.1053 -22.3614 0
    endloop
  endfacet
  facet normal 0 0 -1
    outer loop
      vertex -46.8292 21.7777 0
      vertex -52 25 0
      vertex -46.9402 21.9629 0
    endloop
  endfacet
  facet normal 0 0 -1
    outer loop
      vertex -52 -25 0
      vertex -47.1053 -22.3614 0
      vertex -47.1577 -22.5708 0
    endloop
  endfacet
  facet normal 0 0 -1
    outer loop
      vertex -46.9402 21.9629 0
      vertex -52 25 0
      vertex -47.0325 22.1581 0
    endloop
  endfacet
  facet normal 0 0 -1
    outer loop
      vertex -52 -25 0
      vertex -47.1577 -22.5708 0
      vertex -47.1894 -22.7844 0
    endloop
  endfacet
  facet normal 0 0 -1
    outer loop
      vertex -47.0325 22.1581 0
      vertex -52 25 0
      vertex -47.1053 22.3614 0
    endloop
  endfacet
  facet normal 0 0 -1
    outer loop
      vertex -52 -25 0
      vertex -47.1894 -22.7844 0
      vertex -47.2 -23 0
    endloop
  endfacet
  facet normal 0 0 -1
    outer loop
      vertex -47.1053 22.3614 0
      vertex -52 25 0
      vertex -47.1577 22.5708 0
    endloop
  endfacet
  facet normal 0 0 -1
    outer loop
      vertex 47.1053 -22.3614 0
      vertex 52 -25 0
      vertex 47.1577 -22.5708 0
    endloop
  endfacet
  facet normal 0 0 -1
    outer loop
      vertex 52 25 0
      vertex 47.1894 22.7844 0
      vertex 47.2 23 0
    endloop
  endfacet
  facet normal 0 0 -1
    outer loop
      vertex 47.0325 -22.1581 0
      vertex 52 -25 0
      vertex 47.1053 -22.3614 0
    endloop
  endfacet
  facet normal 0 0 -1
    outer loop
      vertex 52 25 0
      vertex 47.1577 22.5708 0
      vertex 47.1894 22.7844 0
    endloop
  endfacet
  facet normal 0 0 -1
    outer loop
      vertex 46.9402 -21.9629 0
      vertex 52 -25 0
      vertex 47.0325 -22.1581 0
    endloop
  endfacet
  facet normal 0 0 -1
    outer loop
      vertex 52 25 0
      vertex 47.1053 22.3614 0
      vertex 47.1577 22.5708 0
    endloop
  endfacet
  facet normal 0 0 -1
    outer loop
      vertex 46.8292 -21.7777 0
      vertex 52 -25 0
      vertex 46.9402 -21.9629 0
    endloop
  endfacet
  facet normal 0 0 -1
    outer loop
      vertex 52 25 0
      vertex 47.0325 22.1581 0
      vertex 47.1053 22.3614 0
    endloop
  endfacet
  facet normal 0 0 -1
    outer loop
      vertex 46.7006 -21.6043 0
      vertex 52 -25 0
      vertex 46.8292 -21.7777 0
    endloop
  endfacet
  facet normal 0 0 -1
    outer loop
      vertex 52 25 0
      vertex 46.9402 21.9629 0
      vertex 47.0325 22.1581 0
    endloop
  endfacet
  facet normal 0 0 -1
    outer loop
      vertex 46.5556 -21.4444 0
      vertex 52 -25 0
      vertex 46.7006 -21.6043 0
    endloop
  endfacet
  facet normal 0 0 -1
    outer loop
      vertex 52 25 0
      vertex 46.8292 21.7777 0
      vertex 46.9402 21.9629 0
    endloop
  endfacet
  facet normal 0 0 -1
    outer loop
      vertex 46.3957 -21.2994 0
      vertex 52 -25 0
      vertex 46.5556 -21.4444 0
    endloop
  endfacet
  facet normal 0 0 -1
    outer loop
      vertex 52 25 0
      vertex 46.7006 21.6043 0
      vertex 46.8292 21.7777 0
    endloop
  endfacet
  facet normal 0 0 -1
    outer loop
      vertex 52 -25 0
      vertex 46.3957 -21.2994 0
      vertex 52 25 0
    endloop
  endfacet
  facet normal 0 0 -1
    outer loop
      vertex 52 25 0
      vertex 46.5556 21.4444 0
      vertex 46.7006 21.6043 0
    endloop
  endfacet
  facet normal 0 0 -1
    outer loop
      vertex 46.3957 21.2994 0
      vertex 52 25 0
      vertex 46.3957 -21.2994 0
    endloop
  endfacet
  facet normal 0 0 -1
    outer loop
      vertex 52 25 0
      vertex 46.3957 21.2994 0
      vertex 46.5556 21.4444 0
    endloop
  endfacet
  facet normal 0 0 -1
    outer loop
      vertex 46.2223 -21.1708 0
      vertex 46.3957 21.2994 0
      vertex 46.3957 -21.2994 0
    endloop
  endfacet
  facet normal 0 0 -1
    outer loop
      vertex 46.2223 -21.1708 0
      vertex 46.2223 21.1708 0
      vertex 46.3957 21.2994 0
    endloop
  endfacet
  facet normal 0 0 -1
    outer loop
      vertex 46.0371 -21.0598 0
      vertex 46.2223 21.1708 0
      vertex 46.2223 -21.1708 0
    endloop
  endfacet
  facet normal 0 0 -1
    outer loop
      vertex 46.0371 -21.0598 0
      vertex 46.0371 21.0598 0
      vertex 46.2223 21.1708 0
    endloop
  endfacet
  facet normal 0 0 -1
    outer loop
      vertex 45.8419 -20.9675 0
      vertex 46.0371 21.0598 0
      vertex 46.0371 -21.0598 0
    endloop
  endfacet
  facet normal 0 0 -1
    outer loop
      vertex 45.8419 -20.9675 0
      vertex 45.8419 20.9675 0
      vertex 46.0371 21.0598 0
    endloop
  endfacet
  facet normal 0 0 -1
    outer loop
      vertex 45.6386 -20.8947 0
      vertex 45.8419 20.9675 0
      vertex 45.8419 -20.9675 0
    endloop
  endfacet
  facet normal 0 0 -1
    outer loop
      vertex 45.6386 -20.8947 0
      vertex 45.6386 20.8947 0
      vertex 45.8419 20.9675 0
    endloop
  endfacet
  facet normal 0 0 -1
    outer loop
      vertex 45.4292 -20.8423 0
      vertex 45.6386 20.8947 0
      vertex 45.6386 -20.8947 0
    endloop
  endfacet
  facet normal 0 0 -1
    outer loop
      vertex 45.4292 -20.8423 0
      vertex 45.4292 20.8423 0
      vertex 45.6386 20.8947 0
    endloop
  endfacet
  facet normal 0 0 -1
    outer loop
      vertex 34 -14.5 0
      vertex 45.4292 -20.8423 0
      vertex 45.2156 -20.8106 0
    endloop
  endfacet
  facet normal 0 0 -1
    outer loop
      vertex 45.4292 -20.8423 0
      vertex 34 -14.5 0
      vertex 45.4292 20.8423 0
    endloop
  endfacet
  facet normal 0 0 -1
    outer loop
      vertex 34 -14.5 0
      vertex 45.2156 -20.8106 0
      vertex 45 -20.8 0
    endloop
  endfacet
  facet normal 0 0 -1
    outer loop
      vertex 34 14.5 0
      vertex 45.4292 20.8423 0
      vertex 34 -14.5 0
    endloop
  endfacet
  facet normal 0 0 -1
    outer loop
      vertex 34 -14.5 0
      vertex 45 -20.8 0
      vertex 44.7844 -20.8106 0
    endloop
  endfacet
  facet normal 0 0 -1
    outer loop
      vertex 45.4292 20.8423 0
      vertex 34 14.5 0
      vertex 45.2156 20.8106 0
    endloop
  endfacet
  facet normal 0 0 -1
    outer loop
      vertex 34 -14.5 0
      vertex 44.7844 -20.8106 0
      vertex 44.5708 -20.8423 0
    endloop
  endfacet
  facet normal 0 0 -1
    outer loop
      vertex 45.2156 20.8106 0
      vertex 34 14.5 0
      vertex 45 20.8 0
    endloop
  endfacet
  facet normal 0 0 -1
    outer loop
      vertex 34 -14.5 0
      vertex 44.5708 -20.8423 0
      vertex 44.3614 -20.8947 0
    endloop
  endfacet
  facet normal -0 0 -1
    outer loop
      vertex 45 20.8 0
      vertex 34 14.5 0
      vertex 44.7844 20.8106 0
    endloop
  endfacet
  facet normal 0 0 -1
    outer loop
      vertex 34 -14.5 0
      vertex 44.3614 -20.8947 0
      vertex 44.1581 -20.9675 0
    endloop
  endfacet
  facet normal -0 0 -1
    outer loop
      vertex 44.7844 20.8106 0
      vertex 34 14.5 0
      vertex 44.5708 20.8423 0
    endloop
  endfacet
  facet normal 0 0 -1
    outer loop
      vertex 34 -14.5 0
      vertex 44.1581 -20.9675 0
      vertex 43.9629 -21.0598 0
    endloop
  endfacet
  facet normal -0 0 -1
    outer loop
      vertex 44.5708 20.8423 0
      vertex 34 14.5 0
      vertex 44.3614 20.8947 0
    endloop
  endfacet
  facet normal 0 0 -1
    outer loop
      vertex 33.9904 -14.696 0
      vertex 43.9629 -21.0598 0
      vertex 43.7777 -21.1708 0
    endloop
  endfacet
  facet normal -0 0 -1
    outer loop
      vertex 44.3614 20.8947 0
      vertex 34 14.5 0
      vertex 44.1581 20.9675 0
    endloop
  endfacet
  facet normal 0 0 -1
    outer loop
      vertex 33.9616 -14.8902 0
      vertex 43.7777 -21.1708 0
      vertex 43.6043 -21.2994 0
    endloop
  endfacet
  facet normal -0 0 -1
    outer loop
      vertex 44.1581 20.9675 0
      vertex 34 14.5 0
      vertex 43.9629 21.0598 0
    endloop
  endfacet
  facet normal 0 0 -1
    outer loop
      vertex 33.9139 -15.0806 0
      vertex 43.6043 -21.2994 0
      vertex 43.4444 -21.4444 0
    endloop
  endfacet
  facet normal 0 0 -1
    outer loop
      vertex 33.9904 14.696 0
      vertex 43.9629 21.0598 0
      vertex 34 14.5 0
    endloop
  endfacet
  facet normal 0 0 -1
    outer loop
      vertex 33.8478 -15.2654 0
      vertex 43.4444 -21.4444 0
      vertex 43.2994 -21.6043 0
    endloop
  endfacet
  facet normal -0 0 -1
    outer loop
      vertex 43.9629 21.0598 0
      vertex 33.9904 14.696 0
      vertex 43.7777 21.1708 0
    endloop
  endfacet
  facet normal 0 0 -1
    outer loop
      vertex 33.7638 -15.4428 0
      vertex 43.2994 -21.6043 0
      vertex 43.1708 -21.7777 0
    endloop
  endfacet
  facet normal 0 0 -1
    outer loop
      vertex 33.9616 14.8902 0
      vertex 43.7777 21.1708 0
      vertex 33.9904 14.696 0
    endloop
  endfacet
  facet normal 0 0 -1
    outer loop
      vertex 33.6629 -15.6111 0
      vertex 43.1708 -21.7777 0
      vertex 43.0598 -21.9629 0
    endloop
  endfacet
  facet normal -0 0 -1
    outer loop
      vertex 43.7777 21.1708 0
      vertex 33.9616 14.8902 0
      vertex 43.6043 21.2994 0
    endloop
  endfacet
  facet normal 0 0 -1
    outer loop
      vertex 33.546 -15.7688 0
      vertex 43.0598 -21.9629 0
      vertex 42.9675 -22.1581 0
    endloop
  endfacet
  facet normal 0 0 -1
    outer loop
      vertex 33.9139 15.0806 0
      vertex 43.6043 21.2994 0
      vertex 33.9616 14.8902 0
    endloop
  endfacet
  facet normal 0 0 -1
    outer loop
      vertex 33.4142 -15.9142 0
      vertex 42.9675 -22.1581 0
      vertex 42.8947 -22.3614 0
    endloop
  endfacet
  facet normal -0 0 -1
    outer loop
      vertex 43.6043 21.2994 0
      vertex 33.9139 15.0806 0
      vertex 43.4444 21.4444 0
    endloop
  endfacet
  facet normal 0 0 -1
    outer loop
      vertex 33.2688 -16.046 0
      vertex 42.8947 -22.3614 0
      vertex 42.8423 -22.5708 0
    endloop
  endfacet
  facet normal 0 0 -1
    outer loop
      vertex 33.8478 15.2654 0
      vertex 43.4444 21.4444 0
      vertex 33.9139 15.0806 0
    endloop
  endfacet
  facet normal 0 0 -1
    outer loop
      vertex 33.1111 -16.1629 0
      vertex 42.8423 -22.5708 0
      vertex 42.8106 -22.7844 0
    endloop
  endfacet
  facet normal -0 0 -1
    outer loop
      vertex 43.4444 21.4444 0
      vertex 33.8478 15.2654 0
      vertex 43.2994 21.6043 0
    endloop
  endfacet
  facet normal 0 0 -1
    outer loop
      vertex 32.9428 -16.2638 0
      vertex 42.8106 -22.7844 0
      vertex 42.8 -23 0
    endloop
  endfacet
  facet normal 0 0 -1
    outer loop
      vertex 33.7638 15.4428 0
      vertex 43.2994 21.6043 0
      vertex 33.8478 15.2654 0
    endloop
  endfacet
  facet normal 0 0 -1
    outer loop
      vertex 46.9402 -24.0371 0
      vertex 52 -25 0
      vertex 51.9759 -25.4901 0
    endloop
  endfacet
  facet normal 0 0 -1
    outer loop
      vertex 47.1894 -22.7844 0
      vertex 52 -25 0
      vertex 47.2 -23 0
    endloop
  endfacet
  facet normal 0 0 -1
    outer loop
      vertex 46.9402 -24.0371 0
      vertex 51.9759 -25.4901 0
      vertex 51.9039 -25.9755 0
    endloop
  endfacet
  facet normal 0 0 -1
    outer loop
      vertex 47.1577 -22.5708 0
      vertex 52 -25 0
      vertex 47.1894 -22.7844 0
    endloop
  endfacet
  facet normal 0 0 -1
    outer loop
      vertex 46.9402 -24.0371 0
      vertex 51.9039 -25.9755 0
      vertex 51.7847 -26.4514 0
    endloop
  endfacet
  facet normal 0 0 -1
    outer loop
      vertex 47.1894 23.2156 0
      vertex 52 25 0
      vertex 47.2 23 0
    endloop
  endfacet
  facet normal 0 0 -1
    outer loop
      vertex 46.8292 -24.2223 0
      vertex 51.7847 -26.4514 0
      vertex 51.6194 -26.9134 0
    endloop
  endfacet
  facet normal 0 0 -1
    outer loop
      vertex 47.1577 23.4292 0
      vertex 52 25 0
      vertex 47.1894 23.2156 0
    endloop
  endfacet
  facet normal 0 0 -1
    outer loop
      vertex 46.8292 -24.2223 0
      vertex 51.6194 -26.9134 0
      vertex 51.4096 -27.357 0
    endloop
  endfacet
  facet normal 0 0 -1
    outer loop
      vertex 47.1053 23.6386 0
      vertex 52 25 0
      vertex 47.1577 23.4292 0
    endloop
  endfacet
  facet normal 0 0 -1
    outer loop
      vertex 46.7006 -24.3957 0
      vertex 51.4096 -27.357 0
      vertex 51.1573 -27.7779 0
    endloop
  endfacet
  facet normal 0 0 -1
    outer loop
      vertex 47.0325 23.8419 0
      vertex 52 25 0
      vertex 47.1053 23.6386 0
    endloop
  endfacet
  facet normal 0 0 -1
    outer loop
      vertex 46.7006 -24.3957 0
      vertex 51.1573 -27.7779 0
      vertex 50.8651 -28.172 0
    endloop
  endfacet
  facet normal 0 0 -1
    outer loop
      vertex 46.9402 24.0371 0
      vertex 52 25 0
      vertex 47.0325 23.8419 0
    endloop
  endfacet
  facet normal 0 0 -1
    outer loop
      vertex 46.5556 -24.5556 0
      vertex 50.8651 -28.172 0
      vertex 50.5355 -28.5355 0
    endloop
  endfacet
  facet normal -0 0 -1
    outer loop
      vertex 52 25 0
      vertex 46.9402 24.0371 0
      vertex 51.9759 25.4901 0
    endloop
  endfacet
  facet normal 0 0 -1
    outer loop
      vertex 46.5556 -24.5556 0
      vertex 50.5355 -28.5355 0
      vertex 50.172 -28.8651 0
    endloop
  endfacet
  facet normal -0 0 -1
    outer loop
      vertex 51.9759 25.4901 0
      vertex 46.9402 24.0371 0
      vertex 51.9039 25.9755 0
    endloop
  endfacet
  facet normal 0 0 -1
    outer loop
      vertex 46.3957 -24.7006 0
      vertex 50.172 -28.8651 0
      vertex 49.7779 -29.1573 0
    endloop
  endfacet
  facet normal -0 0 -1
    outer loop
      vertex 51.9039 25.9755 0
      vertex 46.9402 24.0371 0
      vertex 51.7847 26.4514 0
    endloop
  endfacet
  facet normal 0 0 -1
    outer loop
      vertex 46.3957 -24.7006 0
      vertex 49.7779 -29.1573 0
      vertex 49.357 -29.4096 0
    endloop
  endfacet
  facet normal 0 0 -1
    outer loop
      vertex 46.8292 24.2223 0
      vertex 51.7847 26.4514 0
      vertex 46.9402 24.0371 0
    endloop
  endfacet
  facet normal 0 0 -1
    outer loop
      vertex 46.3957 -24.7006 0
      vertex 49.357 -29.4096 0
      vertex 48.9134 -29.6194 0
    endloop
  endfacet
  facet normal -0 0 -1
    outer loop
      vertex 51.7847 26.4514 0
      vertex 46.8292 24.2223 0
      vertex 51.6194 26.9134 0
    endloop
  endfacet
  facet normal 0 0 -1
    outer loop
      vertex 46.2223 -24.8292 0
      vertex 48.9134 -29.6194 0
      vertex 48.4514 -29.7847 0
    endloop
  endfacet
  facet normal -0 0 -1
    outer loop
      vertex 51.6194 26.9134 0
      vertex 46.8292 24.2223 0
      vertex 51.4096 27.357 0
    endloop
  endfacet
  facet normal 0 0 -1
    outer loop
      vertex 46.2223 -24.8292 0
      vertex 48.4514 -29.7847 0
      vertex 47.9755 -29.9039 0
    endloop
  endfacet
  facet normal 0 0 -1
    outer loop
      vertex 46.7006 24.3957 0
      vertex 51.4096 27.357 0
      vertex 46.8292 24.2223 0
    endloop
  endfacet
  facet normal 0 0 -1
    outer loop
      vertex 46.0371 -24.9402 0
      vertex 47.9755 -29.9039 0
      vertex 47.4901 -29.9759 0
    endloop
  endfacet
  facet normal -0 0 -1
    outer loop
      vertex 51.4096 27.357 0
      vertex 46.7006 24.3957 0
      vertex 51.1573 27.7779 0
    endloop
  endfacet
  facet normal -0 0 -1
    outer loop
      vertex 51.1573 27.7779 0
      vertex 46.7006 24.3957 0
      vertex 50.8651 28.172 0
    endloop
  endfacet
  facet normal 0 0 -1
    outer loop
      vertex 52 -25 0
      vertex 47.1894 -23.2156 0
      vertex 47.2 -23 0
    endloop
  endfacet
  facet normal 0 0 -1
    outer loop
      vertex 52 -25 0
      vertex 47.1577 -23.4292 0
      vertex 47.1894 -23.2156 0
    endloop
  endfacet
  facet normal 0 0 -1
    outer loop
      vertex 52 -25 0
      vertex 47.1053 -23.6386 0
      vertex 47.1577 -23.4292 0
    endloop
  endfacet
  facet normal 0 0 -1
    outer loop
      vertex 52 -25 0
      vertex 47.0325 -23.8419 0
      vertex 47.1053 -23.6386 0
    endloop
  endfacet
  facet normal 0 0 -1
    outer loop
      vertex 46.0371 -24.9402 0
      vertex 47.4901 -29.9759 0
      vertex 47 -30 0
    endloop
  endfacet
  facet normal 0 0 -1
    outer loop
      vertex 52 -25 0
      vertex 46.9402 -24.0371 0
      vertex 47.0325 -23.8419 0
    endloop
  endfacet
  facet normal 0 0 -1
    outer loop
      vertex 51.7847 -26.4514 0
      vertex 46.8292 -24.2223 0
      vertex 46.9402 -24.0371 0
    endloop
  endfacet
  facet normal 0 0 -1
    outer loop
      vertex 51.4096 -27.357 0
      vertex 46.7006 -24.3957 0
      vertex 46.8292 -24.2223 0
    endloop
  endfacet
  facet normal 0 0 -1
    outer loop
      vertex 50.8651 -28.172 0
      vertex 46.5556 -24.5556 0
      vertex 46.7006 -24.3957 0
    endloop
  endfacet
  facet normal 0 0 -1
    outer loop
      vertex 50.172 -28.8651 0
      vertex 46.3957 -24.7006 0
      vertex 46.5556 -24.5556 0
    endloop
  endfacet
  facet normal 0 0 -1
    outer loop
      vertex 48.9134 -29.6194 0
      vertex 46.2223 -24.8292 0
      vertex 46.3957 -24.7006 0
    endloop
  endfacet
  facet normal 0 0 -1
    outer loop
      vertex 47.9755 -29.9039 0
      vertex 46.0371 -24.9402 0
      vertex 46.2223 -24.8292 0
    endloop
  endfacet
  facet normal 0 0 -1
    outer loop
      vertex 47 -30 0
      vertex 45.8419 -25.0325 0
      vertex 46.0371 -24.9402 0
    endloop
  endfacet
  facet normal 0 0 -1
    outer loop
      vertex 47 -30 0
      vertex 45.6386 -25.1053 0
      vertex 45.8419 -25.0325 0
    endloop
  endfacet
  facet normal 0 0 -1
    outer loop
      vertex 47 -30 0
      vertex 45.4292 -25.1577 0
      vertex 45.6386 -25.1053 0
    endloop
  endfacet
  facet normal 0 0 -1
    outer loop
      vertex 47 -30 0
      vertex 45.2156 -25.1894 0
      vertex 45.4292 -25.1577 0
    endloop
  endfacet
  facet normal 0 0 -1
    outer loop
      vertex 47 -30 0
      vertex 45 -25.2 0
      vertex 45.2156 -25.1894 0
    endloop
  endfacet
  facet normal 0 0 -1
    outer loop
      vertex 47 -30 0
      vertex 44.7844 -25.1894 0
      vertex 45 -25.2 0
    endloop
  endfacet
  facet normal 0 0 -1
    outer loop
      vertex 47 -30 0
      vertex 44.5708 -25.1577 0
      vertex 44.7844 -25.1894 0
    endloop
  endfacet
  facet normal 0 0 -1
    outer loop
      vertex 47 -30 0
      vertex 44.3614 -25.1053 0
      vertex 44.5708 -25.1577 0
    endloop
  endfacet
  facet normal 0 0 -1
    outer loop
      vertex 47 -30 0
      vertex 44.1581 -25.0325 0
      vertex 44.3614 -25.1053 0
    endloop
  endfacet
  facet normal 0 0 -1
    outer loop
      vertex 47 -30 0
      vertex 43.9629 -24.9402 0
      vertex 44.1581 -25.0325 0
    endloop
  endfacet
  facet normal 0 0 -1
    outer loop
      vertex 47 -30 0
      vertex 43.7777 -24.8292 0
      vertex 43.9629 -24.9402 0
    endloop
  endfacet
  facet normal 0 0 -1
    outer loop
      vertex 47 -30 0
      vertex 43.6043 -24.7006 0
      vertex 43.7777 -24.8292 0
    endloop
  endfacet
  facet normal 0 0 -1
    outer loop
      vertex 47 -30 0
      vertex 43.4444 -24.5556 0
      vertex 43.6043 -24.7006 0
    endloop
  endfacet
  facet normal 0 0 -1
    outer loop
      vertex 47 -30 0
      vertex 43.2994 -24.3957 0
      vertex 43.4444 -24.5556 0
    endloop
  endfacet
  facet normal 0 0 -1
    outer loop
      vertex 32 -16.5 0
      vertex 43.2994 -24.3957 0
      vertex 47 -30 0
    endloop
  endfacet
  facet normal -0 0 -1
    outer loop
      vertex 43.2994 21.6043 0
      vertex 33.7638 15.4428 0
      vertex 43.1708 21.7777 0
    endloop
  endfacet
  facet normal 0 0 -1
    outer loop
      vertex 32.7654 -16.3478 0
      vertex 42.8 -23 0
      vertex 42.8106 -23.2156 0
    endloop
  endfacet
  facet normal 0 0 -1
    outer loop
      vertex 32.5806 -16.4139 0
      vertex 42.8106 -23.2156 0
      vertex 42.8423 -23.4292 0
    endloop
  endfacet
  facet normal 0 0 -1
    outer loop
      vertex 32.3902 -16.4616 0
      vertex 42.8423 -23.4292 0
      vertex 42.8947 -23.6386 0
    endloop
  endfacet
  facet normal 0 0 -1
    outer loop
      vertex 32.196 -16.4904 0
      vertex 42.8947 -23.6386 0
      vertex 42.9675 -23.8419 0
    endloop
  endfacet
  facet normal 0 0 -1
    outer loop
      vertex 32 -16.5 0
      vertex 42.9675 -23.8419 0
      vertex 43.0598 -24.0371 0
    endloop
  endfacet
  facet normal 0 0 -1
    outer loop
      vertex 32 -16.5 0
      vertex 43.0598 -24.0371 0
      vertex 43.1708 -24.2223 0
    endloop
  endfacet
  facet normal 0 0 -1
    outer loop
      vertex 43.2994 -24.3957 0
      vertex 32 -16.5 0
      vertex 43.1708 -24.2223 0
    endloop
  endfacet
  facet normal 0 0 -1
    outer loop
      vertex 43.9629 -21.0598 0
      vertex 33.9904 -14.696 0
      vertex 34 -14.5 0
    endloop
  endfacet
  facet normal 0 0 -1
    outer loop
      vertex 43.7777 -21.1708 0
      vertex 33.9616 -14.8902 0
      vertex 33.9904 -14.696 0
    endloop
  endfacet
  facet normal 0 0 -1
    outer loop
      vertex 43.6043 -21.2994 0
      vertex 33.9139 -15.0806 0
      vertex 33.9616 -14.8902 0
    endloop
  endfacet
  facet normal 0 0 -1
    outer loop
      vertex 43.4444 -21.4444 0
      vertex 33.8478 -15.2654 0
      vertex 33.9139 -15.0806 0
    endloop
  endfacet
  facet normal 0 0 -1
    outer loop
      vertex 43.2994 -21.6043 0
      vertex 33.7638 -15.4428 0
      vertex 33.8478 -15.2654 0
    endloop
  endfacet
  facet normal 0 0 -1
    outer loop
      vertex 43.1708 -21.7777 0
      vertex 33.6629 -15.6111 0
      vertex 33.7638 -15.4428 0
    endloop
  endfacet
  facet normal 0 0 -1
    outer loop
      vertex 43.0598 -21.9629 0
      vertex 33.546 -15.7688 0
      vertex 33.6629 -15.6111 0
    endloop
  endfacet
  facet normal 0 0 -1
    outer loop
      vertex 42.9675 -22.1581 0
      vertex 33.4142 -15.9142 0
      vertex 33.546 -15.7688 0
    endloop
  endfacet
  facet normal 0 0 -1
    outer loop
      vertex 42.8947 -22.3614 0
      vertex 33.2688 -16.046 0
      vertex 33.4142 -15.9142 0
    endloop
  endfacet
  facet normal 0 0 -1
    outer loop
      vertex 42.8423 -22.5708 0
      vertex 33.1111 -16.1629 0
      vertex 33.2688 -16.046 0
    endloop
  endfacet
  facet normal 0 0 -1
    outer loop
      vertex 42.8106 -22.7844 0
      vertex 32.9428 -16.2638 0
      vertex 33.1111 -16.1629 0
    endloop
  endfacet
  facet normal 0 0 -1
    outer loop
      vertex 42.8 -23 0
      vertex 32.7654 -16.3478 0
      vertex 32.9428 -16.2638 0
    endloop
  endfacet
  facet normal 0 0 -1
    outer loop
      vertex 42.8106 -23.2156 0
      vertex 32.5806 -16.4139 0
      vertex 32.7654 -16.3478 0
    endloop
  endfacet
  facet normal 0 0 -1
    outer loop
      vertex 42.8423 -23.4292 0
      vertex 32.3902 -16.4616 0
      vertex 32.5806 -16.4139 0
    endloop
  endfacet
  facet normal 0 0 -1
    outer loop
      vertex 42.8947 -23.6386 0
      vertex 32.196 -16.4904 0
      vertex 32.3902 -16.4616 0
    endloop
  endfacet
  facet normal 0 0 -1
    outer loop
      vertex 42.9675 -23.8419 0
      vertex 32 -16.5 0
      vertex 32.196 -16.4904 0
    endloop
  endfacet
  facet normal 0 0 -1
    outer loop
      vertex 47 -30 0
      vertex -32 -16.5 0
      vertex 32 -16.5 0
    endloop
  endfacet
  facet normal 0 0 -1
    outer loop
      vertex -47 -30 0
      vertex -32 -16.5 0
      vertex 47 -30 0
    endloop
  endfacet
  facet normal 0 -0 -1
    outer loop
      vertex -43.2994 -24.3957 0
      vertex -32 -16.5 0
      vertex -47 -30 0
    endloop
  endfacet
  facet normal -0 0 -1
    outer loop
      vertex -33.6629 -15.6111 0
      vertex -43.1708 -21.7777 0
      vertex -33.7638 -15.4428 0
    endloop
  endfacet
  facet normal 0 0 -1
    outer loop
      vertex -43.1708 -21.7777 0
      vertex -33.6629 -15.6111 0
      vertex -43.0598 -21.9629 0
    endloop
  endfacet
  facet normal -0 0 -1
    outer loop
      vertex -33.546 -15.7688 0
      vertex -43.0598 -21.9629 0
      vertex -33.6629 -15.6111 0
    endloop
  endfacet
  facet normal 0 0 -1
    outer loop
      vertex -43.0598 -21.9629 0
      vertex -33.546 -15.7688 0
      vertex -42.9675 -22.1581 0
    endloop
  endfacet
  facet normal -0 0 -1
    outer loop
      vertex -33.4142 -15.9142 0
      vertex -42.9675 -22.1581 0
      vertex -33.546 -15.7688 0
    endloop
  endfacet
  facet normal 0 0 -1
    outer loop
      vertex -42.9675 -22.1581 0
      vertex -33.4142 -15.9142 0
      vertex -42.8947 -22.3614 0
    endloop
  endfacet
  facet normal -0 0 -1
    outer loop
      vertex -33.2688 -16.046 0
      vertex -42.8947 -22.3614 0
      vertex -33.4142 -15.9142 0
    endloop
  endfacet
  facet normal 0 0 -1
    outer loop
      vertex -42.8947 -22.3614 0
      vertex -33.2688 -16.046 0
      vertex -42.8423 -22.5708 0
    endloop
  endfacet
  facet normal -0 0 -1
    outer loop
      vertex -33.1111 -16.1629 0
      vertex -42.8423 -22.5708 0
      vertex -33.2688 -16.046 0
    endloop
  endfacet
  facet normal 0 0 -1
    outer loop
      vertex -42.8423 -22.5708 0
      vertex -33.1111 -16.1629 0
      vertex -42.8106 -22.7844 0
    endloop
  endfacet
  facet normal -0 0 -1
    outer loop
      vertex -32.9428 -16.2638 0
      vertex -42.8106 -22.7844 0
      vertex -33.1111 -16.1629 0
    endloop
  endfacet
  facet normal 0 0 -1
    outer loop
      vertex -42.8106 -22.7844 0
      vertex -32.9428 -16.2638 0
      vertex -42.8 -23 0
    endloop
  endfacet
  facet normal -0 0 -1
    outer loop
      vertex -32.7654 -16.3478 0
      vertex -42.8 -23 0
      vertex -32.9428 -16.2638 0
    endloop
  endfacet
  facet normal -0 0 -1
    outer loop
      vertex -32.5806 -16.4139 0
      vertex -42.8 -23 0
      vertex -32.7654 -16.3478 0
    endloop
  endfacet
  facet normal 0 0 -1
    outer loop
      vertex -42.8106 -23.2156 0
      vertex -32.5806 -16.4139 0
      vertex -32.3902 -16.4616 0
    endloop
  endfacet
  facet normal 0 -0 -1
    outer loop
      vertex -43.1708 -24.2223 0
      vertex -32 -16.5 0
      vertex -43.2994 -24.3957 0
    endloop
  endfacet
  facet normal 0 0 -1
    outer loop
      vertex -32.5806 -16.4139 0
      vertex -42.8106 -23.2156 0
      vertex -42.8 -23 0
    endloop
  endfacet
  facet normal 0 0 -1
    outer loop
      vertex -32.3902 -16.4616 0
      vertex -42.8423 -23.4292 0
      vertex -42.8106 -23.2156 0
    endloop
  endfacet
  facet normal 0 0 -1
    outer loop
      vertex -32.3902 -16.4616 0
      vertex -42.8947 -23.6386 0
      vertex -42.8423 -23.4292 0
    endloop
  endfacet
  facet normal -0 0 -1
    outer loop
      vertex -32.196 -16.4904 0
      vertex -42.8947 -23.6386 0
      vertex -32.3902 -16.4616 0
    endloop
  endfacet
  facet normal 0 -0 -1
    outer loop
      vertex -42.8947 -23.6386 0
      vertex -32.196 -16.4904 0
      vertex -42.9675 -23.8419 0
    endloop
  endfacet
  facet normal -0 0 -1
    outer loop
      vertex -32 -16.5 0
      vertex -42.9675 -23.8419 0
      vertex -32.196 -16.4904 0
    endloop
  endfacet
  facet normal 0 -0 -1
    outer loop
      vertex -42.9675 -23.8419 0
      vertex -32 -16.5 0
      vertex -43.0598 -24.0371 0
    endloop
  endfacet
  facet normal 0 -0 -1
    outer loop
      vertex -43.0598 -24.0371 0
      vertex -32 -16.5 0
      vertex -43.1708 -24.2223 0
    endloop
  endfacet
  facet normal 0 0 -1
    outer loop
      vertex -43.2994 -24.3957 0
      vertex -47 -30 0
      vertex -43.4444 -24.5556 0
    endloop
  endfacet
  facet normal 0 0 -1
    outer loop
      vertex -43.4444 -24.5556 0
      vertex -47 -30 0
      vertex -43.6043 -24.7006 0
    endloop
  endfacet
  facet normal 0 0 -1
    outer loop
      vertex -43.6043 -24.7006 0
      vertex -47 -30 0
      vertex -43.7777 -24.8292 0
    endloop
  endfacet
  facet normal 0 0 -1
    outer loop
      vertex -43.7777 -24.8292 0
      vertex -47 -30 0
      vertex -43.9629 -24.9402 0
    endloop
  endfacet
  facet normal 0 0 -1
    outer loop
      vertex -43.9629 -24.9402 0
      vertex -47 -30 0
      vertex -44.1581 -25.0325 0
    endloop
  endfacet
  facet normal 0 0 -1
    outer loop
      vertex -44.1581 -25.0325 0
      vertex -47 -30 0
      vertex -44.3614 -25.1053 0
    endloop
  endfacet
  facet normal 0 0 -1
    outer loop
      vertex -44.3614 -25.1053 0
      vertex -47 -30 0
      vertex -44.5708 -25.1577 0
    endloop
  endfacet
  facet normal 0 0 -1
    outer loop
      vertex -44.5708 -25.1577 0
      vertex -47 -30 0
      vertex -44.7844 -25.1894 0
    endloop
  endfacet
  facet normal 0 0 -1
    outer loop
      vertex -44.7844 -25.1894 0
      vertex -47 -30 0
      vertex -45 -25.2 0
    endloop
  endfacet
  facet normal -0 0 -1
    outer loop
      vertex -45 -25.2 0
      vertex -47 -30 0
      vertex -45.2156 -25.1894 0
    endloop
  endfacet
  facet normal 0 0 -1
    outer loop
      vertex -47 -30 0
      vertex -45.4292 -25.1577 0
      vertex -45.2156 -25.1894 0
    endloop
  endfacet
  facet normal 0 0 -1
    outer loop
      vertex -47 -30 0
      vertex -45.6386 -25.1053 0
      vertex -45.4292 -25.1577 0
    endloop
  endfacet
  facet normal 0 0 -1
    outer loop
      vertex -47 -30 0
      vertex -45.8419 -25.0325 0
      vertex -45.6386 -25.1053 0
    endloop
  endfacet
  facet normal 0 0 -1
    outer loop
      vertex -47 -30 0
      vertex -46.0371 -24.9402 0
      vertex -45.8419 -25.0325 0
    endloop
  endfacet
  facet normal 0 0 -1
    outer loop
      vertex -47.4901 -29.9759 0
      vertex -46.0371 -24.9402 0
      vertex -47 -30 0
    endloop
  endfacet
  facet normal 0 0 -1
    outer loop
      vertex -47.9755 -29.9039 0
      vertex -46.0371 -24.9402 0
      vertex -47.4901 -29.9759 0
    endloop
  endfacet
  facet normal -0 0 -1
    outer loop
      vertex -46.0371 -24.9402 0
      vertex -47.9755 -29.9039 0
      vertex -46.2223 -24.8292 0
    endloop
  endfacet
  facet normal 0 0 -1
    outer loop
      vertex -48.4514 -29.7847 0
      vertex -46.2223 -24.8292 0
      vertex -47.9755 -29.9039 0
    endloop
  endfacet
  facet normal 0 0 -1
    outer loop
      vertex -48.9134 -29.6194 0
      vertex -46.2223 -24.8292 0
      vertex -48.4514 -29.7847 0
    endloop
  endfacet
  facet normal -0 0 -1
    outer loop
      vertex -46.2223 -24.8292 0
      vertex -48.9134 -29.6194 0
      vertex -46.3957 -24.7006 0
    endloop
  endfacet
  facet normal 0 0 -1
    outer loop
      vertex -49.357 -29.4096 0
      vertex -46.3957 -24.7006 0
      vertex -48.9134 -29.6194 0
    endloop
  endfacet
  facet normal 0 0 -1
    outer loop
      vertex -49.7779 -29.1573 0
      vertex -46.3957 -24.7006 0
      vertex -49.357 -29.4096 0
    endloop
  endfacet
  facet normal 0 0 -1
    outer loop
      vertex -50.172 -28.8651 0
      vertex -46.3957 -24.7006 0
      vertex -49.7779 -29.1573 0
    endloop
  endfacet
  facet normal -0 0 -1
    outer loop
      vertex -46.3957 -24.7006 0
      vertex -50.172 -28.8651 0
      vertex -46.5556 -24.5556 0
    endloop
  endfacet
  facet normal 0 0 -1
    outer loop
      vertex -50.5355 -28.5355 0
      vertex -46.5556 -24.5556 0
      vertex -50.172 -28.8651 0
    endloop
  endfacet
  facet normal -0 0 -1
    outer loop
      vertex -46.5556 -24.5556 0
      vertex -50.8651 -28.172 0
      vertex -46.7006 -24.3957 0
    endloop
  endfacet
  facet normal 0 0 -1
    outer loop
      vertex -50.8651 -28.172 0
      vertex -46.5556 -24.5556 0
      vertex -50.5355 -28.5355 0
    endloop
  endfacet
  facet normal 0 0 -1
    outer loop
      vertex 46.5556 24.5556 0
      vertex 50.8651 28.172 0
      vertex 46.7006 24.3957 0
    endloop
  endfacet
  facet normal -0 0 -1
    outer loop
      vertex 50.8651 28.172 0
      vertex 46.5556 24.5556 0
      vertex 50.5355 28.5355 0
    endloop
  endfacet
  facet normal -0 0 -1
    outer loop
      vertex 50.5355 28.5355 0
      vertex 46.5556 24.5556 0
      vertex 50.172 28.8651 0
    endloop
  endfacet
  facet normal 0 0 -1
    outer loop
      vertex 46.3957 24.7006 0
      vertex 50.172 28.8651 0
      vertex 46.5556 24.5556 0
    endloop
  endfacet
  facet normal -0 0 -1
    outer loop
      vertex 50.172 28.8651 0
      vertex 46.3957 24.7006 0
      vertex 49.7779 29.1573 0
    endloop
  endfacet
  facet normal -0 0 -1
    outer loop
      vertex 49.7779 29.1573 0
      vertex 46.3957 24.7006 0
      vertex 49.357 29.4096 0
    endloop
  endfacet
  facet normal -0 0 -1
    outer loop
      vertex 49.357 29.4096 0
      vertex 46.3957 24.7006 0
      vertex 48.9134 29.6194 0
    endloop
  endfacet
  facet normal 0 0 -1
    outer loop
      vertex 46.2223 24.8292 0
      vertex 48.9134 29.6194 0
      vertex 46.3957 24.7006 0
    endloop
  endfacet
  facet normal -0 0 -1
    outer loop
      vertex 48.9134 29.6194 0
      vertex 46.2223 24.8292 0
      vertex 48.4514 29.7847 0
    endloop
  endfacet
  facet normal -0 0 -1
    outer loop
      vertex 48.4514 29.7847 0
      vertex 46.2223 24.8292 0
      vertex 47.9755 29.9039 0
    endloop
  endfacet
  facet normal 0 0 -1
    outer loop
      vertex 46.0371 24.9402 0
      vertex 47.9755 29.9039 0
      vertex 46.2223 24.8292 0
    endloop
  endfacet
  facet normal -0 0 -1
    outer loop
      vertex 47.9755 29.9039 0
      vertex 46.0371 24.9402 0
      vertex 47.4901 29.9759 0
    endloop
  endfacet
  facet normal -0 0 -1
    outer loop
      vertex 47.4901 29.9759 0
      vertex 46.0371 24.9402 0
      vertex 47 30 0
    endloop
  endfacet
  facet normal 0 0 -1
    outer loop
      vertex 45.8419 25.0325 0
      vertex 47 30 0
      vertex 46.0371 24.9402 0
    endloop
  endfacet
  facet normal 0 0 -1
    outer loop
      vertex 45.6386 25.1053 0
      vertex 47 30 0
      vertex 45.8419 25.0325 0
    endloop
  endfacet
  facet normal 0 0 -1
    outer loop
      vertex 45.4292 25.1577 0
      vertex 47 30 0
      vertex 45.6386 25.1053 0
    endloop
  endfacet
  facet normal 0 0 -1
    outer loop
      vertex 45.2156 25.1894 0
      vertex 47 30 0
      vertex 45.4292 25.1577 0
    endloop
  endfacet
  facet normal 0 0 -1
    outer loop
      vertex 45 25.2 0
      vertex 47 30 0
      vertex 45.2156 25.1894 0
    endloop
  endfacet
  facet normal 0 0 -1
    outer loop
      vertex 44.7844 25.1894 0
      vertex 47 30 0
      vertex 45 25.2 0
    endloop
  endfacet
  facet normal 0 0 -1
    outer loop
      vertex 44.5708 25.1577 0
      vertex 47 30 0
      vertex 44.7844 25.1894 0
    endloop
  endfacet
  facet normal 0 0 -1
    outer loop
      vertex 44.3614 25.1053 0
      vertex 47 30 0
      vertex 44.5708 25.1577 0
    endloop
  endfacet
  facet normal 0 0 -1
    outer loop
      vertex 44.1581 25.0325 0
      vertex 47 30 0
      vertex 44.3614 25.1053 0
    endloop
  endfacet
  facet normal 0 0 -1
    outer loop
      vertex 43.9629 24.9402 0
      vertex 47 30 0
      vertex 44.1581 25.0325 0
    endloop
  endfacet
  facet normal 0 0 -1
    outer loop
      vertex 43.7777 24.8292 0
      vertex 47 30 0
      vertex 43.9629 24.9402 0
    endloop
  endfacet
  facet normal 0 0 -1
    outer loop
      vertex 43.6043 24.7006 0
      vertex 47 30 0
      vertex 43.7777 24.8292 0
    endloop
  endfacet
  facet normal 0 0 -1
    outer loop
      vertex 43.4444 24.5556 0
      vertex 47 30 0
      vertex 43.6043 24.7006 0
    endloop
  endfacet
  facet normal 0 0 -1
    outer loop
      vertex 43.2994 24.3957 0
      vertex 47 30 0
      vertex 43.4444 24.5556 0
    endloop
  endfacet
  facet normal 0 0 -1
    outer loop
      vertex 32 16.5 0
      vertex 43.2994 24.3957 0
      vertex 43.1708 24.2223 0
    endloop
  endfacet
  facet normal 0 0 -1
    outer loop
      vertex 33.6629 15.6111 0
      vertex 43.1708 21.7777 0
      vertex 33.7638 15.4428 0
    endloop
  endfacet
  facet normal -0 0 -1
    outer loop
      vertex 43.1708 21.7777 0
      vertex 33.6629 15.6111 0
      vertex 43.0598 21.9629 0
    endloop
  endfacet
  facet normal 0 0 -1
    outer loop
      vertex 33.546 15.7688 0
      vertex 43.0598 21.9629 0
      vertex 33.6629 15.6111 0
    endloop
  endfacet
  facet normal -0 0 -1
    outer loop
      vertex 43.0598 21.9629 0
      vertex 33.546 15.7688 0
      vertex 42.9675 22.1581 0
    endloop
  endfacet
  facet normal 0 0 -1
    outer loop
      vertex 33.4142 15.9142 0
      vertex 42.9675 22.1581 0
      vertex 33.546 15.7688 0
    endloop
  endfacet
  facet normal -0 0 -1
    outer loop
      vertex 42.9675 22.1581 0
      vertex 33.4142 15.9142 0
      vertex 42.8947 22.3614 0
    endloop
  endfacet
  facet normal 0 0 -1
    outer loop
      vertex 33.2688 16.046 0
      vertex 42.8947 22.3614 0
      vertex 33.4142 15.9142 0
    endloop
  endfacet
  facet normal -0 0 -1
    outer loop
      vertex 42.8947 22.3614 0
      vertex 33.2688 16.046 0
      vertex 42.8423 22.5708 0
    endloop
  endfacet
  facet normal 0 0 -1
    outer loop
      vertex 33.1111 16.1629 0
      vertex 42.8423 22.5708 0
      vertex 33.2688 16.046 0
    endloop
  endfacet
  facet normal -0 0 -1
    outer loop
      vertex 42.8423 22.5708 0
      vertex 33.1111 16.1629 0
      vertex 42.8106 22.7844 0
    endloop
  endfacet
  facet normal 0 0 -1
    outer loop
      vertex 32.9428 16.2638 0
      vertex 42.8106 22.7844 0
      vertex 33.1111 16.1629 0
    endloop
  endfacet
  facet normal -0 0 -1
    outer loop
      vertex 42.8106 22.7844 0
      vertex 32.9428 16.2638 0
      vertex 42.8 23 0
    endloop
  endfacet
  facet normal 0 0 -1
    outer loop
      vertex 32.7654 16.3478 0
      vertex 42.8 23 0
      vertex 32.9428 16.2638 0
    endloop
  endfacet
  facet normal -0 0 -1
    outer loop
      vertex 42.8 23 0
      vertex 32.7654 16.3478 0
      vertex 42.8106 23.2156 0
    endloop
  endfacet
  facet normal 0 0 -1
    outer loop
      vertex 32.5806 16.4139 0
      vertex 42.8106 23.2156 0
      vertex 32.7654 16.3478 0
    endloop
  endfacet
  facet normal -0 0 -1
    outer loop
      vertex 42.8106 23.2156 0
      vertex 32.5806 16.4139 0
      vertex 42.8423 23.4292 0
    endloop
  endfacet
  facet normal 0 0 -1
    outer loop
      vertex 32.3902 16.4616 0
      vertex 42.8423 23.4292 0
      vertex 32.5806 16.4139 0
    endloop
  endfacet
  facet normal -0 0 -1
    outer loop
      vertex 42.8423 23.4292 0
      vertex 32.3902 16.4616 0
      vertex 42.8947 23.6386 0
    endloop
  endfacet
  facet normal 0 0 -1
    outer loop
      vertex 32.196 16.4904 0
      vertex 42.8947 23.6386 0
      vertex 32.3902 16.4616 0
    endloop
  endfacet
  facet normal -0 0 -1
    outer loop
      vertex 42.8947 23.6386 0
      vertex 32.196 16.4904 0
      vertex 42.9675 23.8419 0
    endloop
  endfacet
  facet normal 0 0 -1
    outer loop
      vertex 32 16.5 0
      vertex 42.9675 23.8419 0
      vertex 32.196 16.4904 0
    endloop
  endfacet
  facet normal -0 0 -1
    outer loop
      vertex 42.9675 23.8419 0
      vertex 32 16.5 0
      vertex 43.0598 24.0371 0
    endloop
  endfacet
  facet normal -0 0 -1
    outer loop
      vertex 43.0598 24.0371 0
      vertex 32 16.5 0
      vertex 43.1708 24.2223 0
    endloop
  endfacet
  facet normal -0 0 -1
    outer loop
      vertex 43.2994 24.3957 0
      vertex 32 16.5 0
      vertex 47 30 0
    endloop
  endfacet
  facet normal 0 0 -1
    outer loop
      vertex -32 16.5 0
      vertex 47 30 0
      vertex 32 16.5 0
    endloop
  endfacet
  facet normal 0 0 -1
    outer loop
      vertex -42.9675 23.8419 0
      vertex -32 16.5 0
      vertex -32.196 16.4904 0
    endloop
  endfacet
  facet normal 0 0 -1
    outer loop
      vertex -42.8947 23.6386 0
      vertex -32.196 16.4904 0
      vertex -32.3902 16.4616 0
    endloop
  endfacet
  facet normal 0 0 -1
    outer loop
      vertex -43.2994 -21.6043 0
      vertex -33.7638 -15.4428 0
      vertex -43.1708 -21.7777 0
    endloop
  endfacet
  facet normal 0 0 -1
    outer loop
      vertex -34 14.5 0
      vertex -42.8 23 0
      vertex -33.9904 14.696 0
    endloop
  endfacet
  facet normal 0 0 -1
    outer loop
      vertex -33.9904 14.696 0
      vertex -42.8 23 0
      vertex -33.9616 14.8902 0
    endloop
  endfacet
  facet normal 0 0 -1
    outer loop
      vertex -42.8 23 0
      vertex -33.9139 15.0806 0
      vertex -33.9616 14.8902 0
    endloop
  endfacet
  facet normal 0 0 -1
    outer loop
      vertex -42.8 23 0
      vertex -33.8478 15.2654 0
      vertex -33.9139 15.0806 0
    endloop
  endfacet
  facet normal 0 0 -1
    outer loop
      vertex -42.8 23 0
      vertex -33.7638 15.4428 0
      vertex -33.8478 15.2654 0
    endloop
  endfacet
  facet normal 0 0 -1
    outer loop
      vertex -42.8 23 0
      vertex -33.6629 15.6111 0
      vertex -33.7638 15.4428 0
    endloop
  endfacet
  facet normal 0 0 -1
    outer loop
      vertex -42.8 23 0
      vertex -33.546 15.7688 0
      vertex -33.6629 15.6111 0
    endloop
  endfacet
  facet normal 0 0 -1
    outer loop
      vertex -42.8 23 0
      vertex -33.4142 15.9142 0
      vertex -33.546 15.7688 0
    endloop
  endfacet
  facet normal 0 0 -1
    outer loop
      vertex -42.8 23 0
      vertex -33.2688 16.046 0
      vertex -33.4142 15.9142 0
    endloop
  endfacet
  facet normal 0 0 -1
    outer loop
      vertex -42.8 23 0
      vertex -33.1111 16.1629 0
      vertex -33.2688 16.046 0
    endloop
  endfacet
  facet normal 0 0 -1
    outer loop
      vertex -42.8 23 0
      vertex -32.9428 16.2638 0
      vertex -33.1111 16.1629 0
    endloop
  endfacet
  facet normal 0 0 -1
    outer loop
      vertex -42.8 23 0
      vertex -32.7654 16.3478 0
      vertex -32.9428 16.2638 0
    endloop
  endfacet
  facet normal 0 0 -1
    outer loop
      vertex -42.8 23 0
      vertex -32.5806 16.4139 0
      vertex -32.7654 16.3478 0
    endloop
  endfacet
  facet normal 0 0 -1
    outer loop
      vertex -42.8106 23.2156 0
      vertex -32.5806 16.4139 0
      vertex -42.8 23 0
    endloop
  endfacet
  facet normal 0 0 -1
    outer loop
      vertex -32.5806 16.4139 0
      vertex -42.8106 23.2156 0
      vertex -32.3902 16.4616 0
    endloop
  endfacet
  facet normal 0 0 -1
    outer loop
      vertex -42.8423 23.4292 0
      vertex -32.3902 16.4616 0
      vertex -42.8106 23.2156 0
    endloop
  endfacet
  facet normal 0 0 -1
    outer loop
      vertex -42.8947 23.6386 0
      vertex -32.3902 16.4616 0
      vertex -42.8423 23.4292 0
    endloop
  endfacet
  facet normal 0 0 -1
    outer loop
      vertex -32.196 16.4904 0
      vertex -42.8947 23.6386 0
      vertex -42.9675 23.8419 0
    endloop
  endfacet
  facet normal 0 0 -1
    outer loop
      vertex -32 16.5 0
      vertex -42.9675 23.8419 0
      vertex -43.0598 24.0371 0
    endloop
  endfacet
  facet normal 0 0 -1
    outer loop
      vertex -32 16.5 0
      vertex -43.0598 24.0371 0
      vertex -43.1708 24.2223 0
    endloop
  endfacet
  facet normal 0 0 -1
    outer loop
      vertex -32 16.5 0
      vertex -43.1708 24.2223 0
      vertex -43.2994 24.3957 0
    endloop
  endfacet
  facet normal 0 0 -1
    outer loop
      vertex -32 16.5 0
      vertex -43.2994 24.3957 0
      vertex -47 30 0
    endloop
  endfacet
  facet normal 0 0 -1
    outer loop
      vertex -47 30 0
      vertex -43.2994 24.3957 0
      vertex -43.4444 24.5556 0
    endloop
  endfacet
  facet normal 0 0 -1
    outer loop
      vertex -47 30 0
      vertex -43.4444 24.5556 0
      vertex -43.6043 24.7006 0
    endloop
  endfacet
  facet normal 0 0 -1
    outer loop
      vertex -47 30 0
      vertex -43.6043 24.7006 0
      vertex -43.7777 24.8292 0
    endloop
  endfacet
  facet normal 0 0 -1
    outer loop
      vertex -47 30 0
      vertex -43.7777 24.8292 0
      vertex -43.9629 24.9402 0
    endloop
  endfacet
  facet normal 0 0 -1
    outer loop
      vertex -47 30 0
      vertex -43.9629 24.9402 0
      vertex -44.1581 25.0325 0
    endloop
  endfacet
  facet normal 0 0 -1
    outer loop
      vertex -47 30 0
      vertex -44.1581 25.0325 0
      vertex -44.3614 25.1053 0
    endloop
  endfacet
  facet normal 0 0 -1
    outer loop
      vertex -47 30 0
      vertex -44.3614 25.1053 0
      vertex -44.5708 25.1577 0
    endloop
  endfacet
  facet normal 0 0 -1
    outer loop
      vertex -47 30 0
      vertex -44.5708 25.1577 0
      vertex -44.7844 25.1894 0
    endloop
  endfacet
  facet normal 0 0 -1
    outer loop
      vertex -47 30 0
      vertex -44.7844 25.1894 0
      vertex -45 25.2 0
    endloop
  endfacet
  facet normal 0 0 -1
    outer loop
      vertex -47 30 0
      vertex -45 25.2 0
      vertex -45.2156 25.1894 0
    endloop
  endfacet
  facet normal 0 0 -1
    outer loop
      vertex -32 16.5 0
      vertex -47 30 0
      vertex 47 30 0
    endloop
  endfacet
  facet normal 0 0 -1
    outer loop
      vertex -45.4292 25.1577 0
      vertex -47 30 0
      vertex -45.2156 25.1894 0
    endloop
  endfacet
  facet normal 0 0 -1
    outer loop
      vertex -45.6386 25.1053 0
      vertex -47 30 0
      vertex -45.4292 25.1577 0
    endloop
  endfacet
  facet normal 0 0 -1
    outer loop
      vertex -45.8419 25.0325 0
      vertex -47 30 0
      vertex -45.6386 25.1053 0
    endloop
  endfacet
  facet normal 0 0 -1
    outer loop
      vertex -46.0371 24.9402 0
      vertex -47 30 0
      vertex -45.8419 25.0325 0
    endloop
  endfacet
  facet normal 0 0 -1
    outer loop
      vertex -47.9755 29.9039 0
      vertex -46.0371 24.9402 0
      vertex -46.2223 24.8292 0
    endloop
  endfacet
  facet normal 0 0 -1
    outer loop
      vertex -48.9134 29.6194 0
      vertex -46.2223 24.8292 0
      vertex -46.3957 24.7006 0
    endloop
  endfacet
  facet normal 0 0 -1
    outer loop
      vertex -50.172 28.8651 0
      vertex -46.3957 24.7006 0
      vertex -46.5556 24.5556 0
    endloop
  endfacet
  facet normal 0 0 -1
    outer loop
      vertex -50.8651 28.172 0
      vertex -46.5556 24.5556 0
      vertex -46.7006 24.3957 0
    endloop
  endfacet
  facet normal 0 0 -1
    outer loop
      vertex -51.4096 27.357 0
      vertex -46.7006 24.3957 0
      vertex -46.8292 24.2223 0
    endloop
  endfacet
  facet normal 0 0 -1
    outer loop
      vertex -51.7847 26.4514 0
      vertex -46.8292 24.2223 0
      vertex -46.9402 24.0371 0
    endloop
  endfacet
  facet normal 0 0 -1
    outer loop
      vertex -52 25 0
      vertex -46.9402 24.0371 0
      vertex -47.0325 23.8419 0
    endloop
  endfacet
  facet normal 0 0 -1
    outer loop
      vertex -52 25 0
      vertex -47.0325 23.8419 0
      vertex -47.1053 23.6386 0
    endloop
  endfacet
  facet normal 0 0 -1
    outer loop
      vertex -52 25 0
      vertex -47.1053 23.6386 0
      vertex -47.1577 23.4292 0
    endloop
  endfacet
  facet normal 0 0 -1
    outer loop
      vertex -52 25 0
      vertex -47.1577 23.4292 0
      vertex -47.1894 23.2156 0
    endloop
  endfacet
  facet normal 0 0 -1
    outer loop
      vertex -52 25 0
      vertex -47.1894 23.2156 0
      vertex -47.2 23 0
    endloop
  endfacet
  facet normal 0 0 -1
    outer loop
      vertex -46.0371 24.9402 0
      vertex -47.4901 29.9759 0
      vertex -47 30 0
    endloop
  endfacet
  facet normal 0 0 -1
    outer loop
      vertex -47.1577 22.5708 0
      vertex -52 25 0
      vertex -47.1894 22.7844 0
    endloop
  endfacet
  facet normal 0 0 -1
    outer loop
      vertex -51.1573 -27.7779 0
      vertex -46.7006 -24.3957 0
      vertex -50.8651 -28.172 0
    endloop
  endfacet
  facet normal 0 0 -1
    outer loop
      vertex -47.1894 22.7844 0
      vertex -52 25 0
      vertex -47.2 23 0
    endloop
  endfacet
  facet normal 0 0 -1
    outer loop
      vertex -51.4096 -27.357 0
      vertex -46.7006 -24.3957 0
      vertex -51.1573 -27.7779 0
    endloop
  endfacet
  facet normal 0 0 -1
    outer loop
      vertex -46.9402 24.0371 0
      vertex -52 25 0
      vertex -51.9759 25.4901 0
    endloop
  endfacet
  facet normal -0 0 -1
    outer loop
      vertex -46.7006 -24.3957 0
      vertex -51.4096 -27.357 0
      vertex -46.8292 -24.2223 0
    endloop
  endfacet
  facet normal 0 0 -1
    outer loop
      vertex -46.0371 24.9402 0
      vertex -47.9755 29.9039 0
      vertex -47.4901 29.9759 0
    endloop
  endfacet
  facet normal 0 0 -1
    outer loop
      vertex -51.6194 -26.9134 0
      vertex -46.8292 -24.2223 0
      vertex -51.4096 -27.357 0
    endloop
  endfacet
  facet normal 0 0 -1
    outer loop
      vertex -46.2223 24.8292 0
      vertex -48.4514 29.7847 0
      vertex -47.9755 29.9039 0
    endloop
  endfacet
  facet normal 0 0 -1
    outer loop
      vertex -51.7847 -26.4514 0
      vertex -46.8292 -24.2223 0
      vertex -51.6194 -26.9134 0
    endloop
  endfacet
  facet normal 0 0 -1
    outer loop
      vertex -46.2223 24.8292 0
      vertex -48.9134 29.6194 0
      vertex -48.4514 29.7847 0
    endloop
  endfacet
  facet normal -0 0 -1
    outer loop
      vertex -46.8292 -24.2223 0
      vertex -51.7847 -26.4514 0
      vertex -46.9402 -24.0371 0
    endloop
  endfacet
  facet normal 0 0 -1
    outer loop
      vertex -46.3957 24.7006 0
      vertex -49.357 29.4096 0
      vertex -48.9134 29.6194 0
    endloop
  endfacet
  facet normal 0 0 -1
    outer loop
      vertex -51.9039 -25.9755 0
      vertex -46.9402 -24.0371 0
      vertex -51.7847 -26.4514 0
    endloop
  endfacet
  facet normal 0 0 -1
    outer loop
      vertex -46.3957 24.7006 0
      vertex -49.7779 29.1573 0
      vertex -49.357 29.4096 0
    endloop
  endfacet
  facet normal 0 0 -1
    outer loop
      vertex -51.9759 -25.4901 0
      vertex -46.9402 -24.0371 0
      vertex -51.9039 -25.9755 0
    endloop
  endfacet
  facet normal 0 0 -1
    outer loop
      vertex -46.3957 24.7006 0
      vertex -50.172 28.8651 0
      vertex -49.7779 29.1573 0
    endloop
  endfacet
  facet normal 0 0 -1
    outer loop
      vertex -52 -25 0
      vertex -46.9402 -24.0371 0
      vertex -51.9759 -25.4901 0
    endloop
  endfacet
  facet normal 0 0 -1
    outer loop
      vertex -46.5556 24.5556 0
      vertex -50.5355 28.5355 0
      vertex -50.172 28.8651 0
    endloop
  endfacet
  facet normal -0 0 -1
    outer loop
      vertex -46.9402 -24.0371 0
      vertex -52 -25 0
      vertex -47.0325 -23.8419 0
    endloop
  endfacet
  facet normal 0 0 -1
    outer loop
      vertex -46.5556 24.5556 0
      vertex -50.8651 28.172 0
      vertex -50.5355 28.5355 0
    endloop
  endfacet
  facet normal -0 0 -1
    outer loop
      vertex -47.0325 -23.8419 0
      vertex -52 -25 0
      vertex -47.1053 -23.6386 0
    endloop
  endfacet
  facet normal 0 0 -1
    outer loop
      vertex -46.7006 24.3957 0
      vertex -51.1573 27.7779 0
      vertex -50.8651 28.172 0
    endloop
  endfacet
  facet normal -0 0 -1
    outer loop
      vertex -47.1053 -23.6386 0
      vertex -52 -25 0
      vertex -47.1577 -23.4292 0
    endloop
  endfacet
  facet normal 0 0 -1
    outer loop
      vertex -46.7006 24.3957 0
      vertex -51.4096 27.357 0
      vertex -51.1573 27.7779 0
    endloop
  endfacet
  facet normal -0 0 -1
    outer loop
      vertex -47.1577 -23.4292 0
      vertex -52 -25 0
      vertex -47.1894 -23.2156 0
    endloop
  endfacet
  facet normal 0 0 -1
    outer loop
      vertex -46.8292 24.2223 0
      vertex -51.6194 26.9134 0
      vertex -51.4096 27.357 0
    endloop
  endfacet
  facet normal -0 0 -1
    outer loop
      vertex -47.1894 -23.2156 0
      vertex -52 -25 0
      vertex -47.2 -23 0
    endloop
  endfacet
  facet normal 0 0 -1
    outer loop
      vertex -46.8292 24.2223 0
      vertex -51.7847 26.4514 0
      vertex -51.6194 26.9134 0
    endloop
  endfacet
  facet normal 0 0 -1
    outer loop
      vertex -46.9402 24.0371 0
      vertex -51.9039 25.9755 0
      vertex -51.7847 26.4514 0
    endloop
  endfacet
  facet normal 0 0 -1
    outer loop
      vertex -46.9402 24.0371 0
      vertex -51.9759 25.4901 0
      vertex -51.9039 25.9755 0
    endloop
  endfacet
  facet normal -0.998791 0.0491626 0
    outer loop
      vertex 31.25 18.33 4
      vertex 31.2693 18.7221 16.04
      vertex 31.2693 18.7221 4
    endloop
  endfacet
  facet normal -0.998791 0.0491626 0
    outer loop
      vertex 31.2693 18.7221 16.04
      vertex 31.25 18.33 4
      vertex 31.25 18.33 16.04
    endloop
  endfacet
  facet normal 0.740908 -0.671607 0
    outer loop
      vertex 38.0784 15.5016 16.04
      vertex 38.342 15.7924 4
      vertex 38.342 15.7924 16.04
    endloop
  endfacet
  facet normal 0.740908 -0.671607 0
    outer loop
      vertex 38.342 15.7924 4
      vertex 38.0784 15.5016 16.04
      vertex 38.0784 15.5016 4
    endloop
  endfacet
  facet normal 0.989176 0.146733 0
    outer loop
      vertex -31.2693 18.7221 16.04
      vertex -31.3269 19.1104 4
      vertex -31.3269 19.1104 16.04
    endloop
  endfacet
  facet normal 0.989176 0.146733 0
    outer loop
      vertex -31.3269 19.1104 4
      vertex -31.2693 18.7221 16.04
      vertex -31.2693 18.7221 4
    endloop
  endfacet
  facet normal 0.998791 0.0491626 0
    outer loop
      vertex -31.25 18.33 16.04
      vertex -31.2693 18.7221 4
      vertex -31.2693 18.7221 16.04
    endloop
  endfacet
  facet normal 0.998791 0.0491626 0
    outer loop
      vertex -31.2693 18.7221 4
      vertex -31.25 18.33 16.04
      vertex -31.25 18.33 4
    endloop
  endfacet
  facet normal 0.970068 0.242835 0
    outer loop
      vertex -31.3269 19.1104 16.04
      vertex -31.4222 19.4911 4
      vertex -31.4222 19.4911 16.04
    endloop
  endfacet
  facet normal 0.970068 0.242835 0
    outer loop
      vertex -31.4222 19.4911 4
      vertex -31.3269 19.1104 16.04
      vertex -31.3269 19.1104 4
    endloop
  endfacet
  facet normal 0.998791 -0.0491626 0
    outer loop
      vertex -31.2693 17.9379 16.04
      vertex -31.25 18.33 4
      vertex -31.25 18.33 16.04
    endloop
  endfacet
  facet normal 0.998791 -0.0491626 0
    outer loop
      vertex -31.25 18.33 4
      vertex -31.2693 17.9379 16.04
      vertex -31.2693 17.9379 4
    endloop
  endfacet
  facet normal -0.740908 0.671607 0
    outer loop
      vertex -38.342 20.8676 4
      vertex -38.0784 21.1584 16.04
      vertex -38.0784 21.1584 4
    endloop
  endfacet
  facet normal -0.740908 0.671607 0
    outer loop
      vertex -38.0784 21.1584 16.04
      vertex -38.342 20.8676 4
      vertex -38.342 20.8676 16.04
    endloop
  endfacet
  facet normal -0.904044 -0.42744 0
    outer loop
      vertex -38.7777 16.4444 4
      vertex -38.9455 16.7993 16.04
      vertex -38.9455 16.7993 4
    endloop
  endfacet
  facet normal -0.904044 -0.42744 0
    outer loop
      vertex -38.9455 16.7993 16.04
      vertex -38.7777 16.4444 4
      vertex -38.7777 16.4444 16.04
    endloop
  endfacet
  facet normal -0.989176 -0.146733 0
    outer loop
      vertex -39.1731 17.5496 4
      vertex -39.2307 17.9379 16.04
      vertex -39.2307 17.9379 4
    endloop
  endfacet
  facet normal -0.989176 -0.146733 0
    outer loop
      vertex -39.2307 17.9379 16.04
      vertex -39.1731 17.5496 4
      vertex -39.1731 17.5496 16.04
    endloop
  endfacet
  facet normal -0.85774 0.514084 0
    outer loop
      vertex -38.7777 20.2156 4
      vertex -38.5759 20.5523 16.04
      vertex -38.5759 20.5523 4
    endloop
  endfacet
  facet normal -0.85774 0.514084 0
    outer loop
      vertex -38.5759 20.5523 16.04
      vertex -38.7777 20.2156 4
      vertex -38.7777 20.2156 16.04
    endloop
  endfacet
  facet normal -0.514084 -0.85774 0
    outer loop
      vertex -37.4723 15.0041 4
      vertex -37.1356 14.8023 16.04
      vertex -37.4723 15.0041 16.04
    endloop
  endfacet
  facet normal -0.514084 -0.85774 -0
    outer loop
      vertex -37.1356 14.8023 16.04
      vertex -37.4723 15.0041 4
      vertex -37.1356 14.8023 4
    endloop
  endfacet
  facet normal -0.989176 0.146733 0
    outer loop
      vertex -39.2307 18.7221 4
      vertex -39.1731 19.1104 16.04
      vertex -39.1731 19.1104 4
    endloop
  endfacet
  facet normal -0.989176 0.146733 0
    outer loop
      vertex -39.1731 19.1104 16.04
      vertex -39.2307 18.7221 4
      vertex -39.2307 18.7221 16.04
    endloop
  endfacet
  facet normal 0.803137 0.595794 0
    outer loop
      vertex -31.9241 20.5523 16.04
      vertex -32.158 20.8676 4
      vertex -32.158 20.8676 16.04
    endloop
  endfacet
  facet normal 0.803137 0.595794 0
    outer loop
      vertex -32.158 20.8676 4
      vertex -31.9241 20.5523 16.04
      vertex -31.9241 20.5523 4
    endloop
  endfacet
  facet normal -0.9415 0.337014 0
    outer loop
      vertex -39.0778 19.4911 4
      vertex -38.9455 19.8607 16.04
      vertex -38.9455 19.8607 4
    endloop
  endfacet
  facet normal -0.9415 0.337014 0
    outer loop
      vertex -38.9455 19.8607 16.04
      vertex -39.0778 19.4911 4
      vertex -39.0778 19.4911 16.04
    endloop
  endfacet
  facet normal -0.803137 0.595794 0
    outer loop
      vertex -38.5759 20.5523 4
      vertex -38.342 20.8676 16.04
      vertex -38.342 20.8676 4
    endloop
  endfacet
  facet normal -0.803137 0.595794 0
    outer loop
      vertex -38.342 20.8676 16.04
      vertex -38.5759 20.5523 4
      vertex -38.5759 20.5523 16.04
    endloop
  endfacet
  facet normal -0.337014 -0.9415 0
    outer loop
      vertex -36.7807 14.6345 4
      vertex -36.4111 14.5022 16.04
      vertex -36.7807 14.6345 16.04
    endloop
  endfacet
  facet normal -0.337014 -0.9415 -0
    outer loop
      vertex -36.4111 14.5022 16.04
      vertex -36.7807 14.6345 4
      vertex -36.4111 14.5022 4
    endloop
  endfacet
  facet normal -0.9415 -0.337014 0
    outer loop
      vertex -38.9455 16.7993 4
      vertex -39.0778 17.1689 16.04
      vertex -39.0778 17.1689 4
    endloop
  endfacet
  facet normal -0.9415 -0.337014 0
    outer loop
      vertex -39.0778 17.1689 16.04
      vertex -38.9455 16.7993 4
      vertex -38.9455 16.7993 16.04
    endloop
  endfacet
  facet normal -0.595794 -0.803137 0
    outer loop
      vertex -37.7876 15.238 4
      vertex -37.4723 15.0041 16.04
      vertex -37.7876 15.238 16.04
    endloop
  endfacet
  facet normal -0.595794 -0.803137 -0
    outer loop
      vertex -37.4723 15.0041 16.04
      vertex -37.7876 15.238 4
      vertex -37.4723 15.0041 4
    endloop
  endfacet
  facet normal 0.989176 -0.146733 0
    outer loop
      vertex -31.3269 17.5496 16.04
      vertex -31.2693 17.9379 4
      vertex -31.2693 17.9379 16.04
    endloop
  endfacet
  facet normal 0.989176 -0.146733 0
    outer loop
      vertex -31.2693 17.9379 4
      vertex -31.3269 17.5496 16.04
      vertex -31.3269 17.5496 4
    endloop
  endfacet
  facet normal 0.42744 0.904044 -0
    outer loop
      vertex -33.3644 21.8577 4
      vertex -33.7193 22.0255 16.04
      vertex -33.3644 21.8577 16.04
    endloop
  endfacet
  facet normal 0.42744 0.904044 0
    outer loop
      vertex -33.7193 22.0255 16.04
      vertex -33.3644 21.8577 4
      vertex -33.7193 22.0255 4
    endloop
  endfacet
  facet normal 0.514084 0.85774 -0
    outer loop
      vertex -33.0277 21.6559 4
      vertex -33.3644 21.8577 16.04
      vertex -33.0277 21.6559 16.04
    endloop
  endfacet
  facet normal 0.514084 0.85774 0
    outer loop
      vertex -33.3644 21.8577 16.04
      vertex -33.0277 21.6559 4
      vertex -33.3644 21.8577 4
    endloop
  endfacet
  facet normal 0.9415 0.337014 0
    outer loop
      vertex -31.4222 19.4911 16.04
      vertex -31.5545 19.8607 4
      vertex -31.5545 19.8607 16.04
    endloop
  endfacet
  facet normal 0.9415 0.337014 0
    outer loop
      vertex -31.5545 19.8607 4
      vertex -31.4222 19.4911 16.04
      vertex -31.4222 19.4911 4
    endloop
  endfacet
  facet normal -0.0491626 -0.998791 0
    outer loop
      vertex -35.6421 14.3493 4
      vertex -35.25 14.33 16.04
      vertex -35.6421 14.3493 16.04
    endloop
  endfacet
  facet normal -0.0491626 -0.998791 -0
    outer loop
      vertex -35.25 14.33 16.04
      vertex -35.6421 14.3493 4
      vertex -35.25 14.33 4
    endloop
  endfacet
  facet normal -0.242835 0.970068 0
    outer loop
      vertex -36.0304 22.2531 4
      vertex -36.4111 22.1578 16.04
      vertex -36.0304 22.2531 16.04
    endloop
  endfacet
  facet normal -0.242835 0.970068 0
    outer loop
      vertex -36.4111 22.1578 16.04
      vertex -36.0304 22.2531 4
      vertex -36.4111 22.1578 4
    endloop
  endfacet
  facet normal 0.970038 -0.242951 0
    outer loop
      vertex -31.3819 17.33 16.04
      vertex -31.3269 17.5496 4
      vertex -31.3269 17.5496 16.04
    endloop
  endfacet
  facet normal 0.970038 -0.242951 0
    outer loop
      vertex -31.3269 17.5496 4
      vertex -31.3819 17.33 16.04
      vertex -31.3819 17.33 4
    endloop
  endfacet
  facet normal 0.0491626 0.998791 -0
    outer loop
      vertex -34.8579 22.3107 4
      vertex -35.25 22.33 16.04
      vertex -34.8579 22.3107 16.04
    endloop
  endfacet
  facet normal 0.0491626 0.998791 0
    outer loop
      vertex -35.25 22.33 16.04
      vertex -34.8579 22.3107 4
      vertex -35.25 22.33 4
    endloop
  endfacet
  facet normal -0.970068 -0.242835 0
    outer loop
      vertex -39.0778 17.1689 4
      vertex -39.1731 17.5496 16.04
      vertex -39.1731 17.5496 4
    endloop
  endfacet
  facet normal -0.970068 -0.242835 0
    outer loop
      vertex -39.1731 17.5496 16.04
      vertex -39.0778 17.1689 4
      vertex -39.0778 17.1689 16.04
    endloop
  endfacet
  facet normal 0.904044 0.42744 0
    outer loop
      vertex -31.5545 19.8607 16.04
      vertex -31.7223 20.2156 4
      vertex -31.7223 20.2156 16.04
    endloop
  endfacet
  facet normal 0.904044 0.42744 0
    outer loop
      vertex -31.7223 20.2156 4
      vertex -31.5545 19.8607 16.04
      vertex -31.5545 19.8607 4
    endloop
  endfacet
  facet normal -0.42744 0.904044 0
    outer loop
      vertex -36.7807 22.0255 4
      vertex -37.1356 21.8577 16.04
      vertex -36.7807 22.0255 16.04
    endloop
  endfacet
  facet normal -0.42744 0.904044 0
    outer loop
      vertex -37.1356 21.8577 16.04
      vertex -36.7807 22.0255 4
      vertex -37.1356 21.8577 4
    endloop
  endfacet
  facet normal -0.740908 -0.671607 0
    outer loop
      vertex -38.0784 15.5016 4
      vertex -38.342 15.7924 16.04
      vertex -38.342 15.7924 4
    endloop
  endfacet
  facet normal -0.740908 -0.671607 0
    outer loop
      vertex -38.342 15.7924 16.04
      vertex -38.0784 15.5016 4
      vertex -38.0784 15.5016 16.04
    endloop
  endfacet
  facet normal 0.595794 0.803137 -0
    outer loop
      vertex -32.7124 21.422 4
      vertex -33.0277 21.6559 16.04
      vertex -32.7124 21.422 16.04
    endloop
  endfacet
  facet normal 0.595794 0.803137 0
    outer loop
      vertex -33.0277 21.6559 16.04
      vertex -32.7124 21.422 4
      vertex -33.0277 21.6559 4
    endloop
  endfacet
  facet normal 0.146733 -0.989176 0
    outer loop
      vertex -34.8579 14.3493 4
      vertex -34.4696 14.4069 16.04
      vertex -34.8579 14.3493 16.04
    endloop
  endfacet
  facet normal 0.146733 -0.989176 0
    outer loop
      vertex -34.4696 14.4069 16.04
      vertex -34.8579 14.3493 4
      vertex -34.4696 14.4069 4
    endloop
  endfacet
  facet normal 0.671607 0.740908 -0
    outer loop
      vertex -32.4216 21.1584 4
      vertex -32.7124 21.422 16.04
      vertex -32.4216 21.1584 16.04
    endloop
  endfacet
  facet normal 0.671607 0.740908 0
    outer loop
      vertex -32.7124 21.422 16.04
      vertex -32.4216 21.1584 4
      vertex -32.7124 21.422 4
    endloop
  endfacet
  facet normal -0.998791 0.0491626 0
    outer loop
      vertex -39.25 18.33 4
      vertex -39.2307 18.7221 16.04
      vertex -39.2307 18.7221 4
    endloop
  endfacet
  facet normal -0.998791 0.0491626 0
    outer loop
      vertex -39.2307 18.7221 16.04
      vertex -39.25 18.33 4
      vertex -39.25 18.33 16.04
    endloop
  endfacet
  facet normal 0.242835 0.970068 -0
    outer loop
      vertex -34.0889 22.1578 4
      vertex -34.4696 22.2531 16.04
      vertex -34.0889 22.1578 16.04
    endloop
  endfacet
  facet normal 0.242835 0.970068 0
    outer loop
      vertex -34.4696 22.2531 16.04
      vertex -34.0889 22.1578 4
      vertex -34.4696 22.2531 4
    endloop
  endfacet
  facet normal -0.671607 0.740908 0
    outer loop
      vertex -37.7876 21.422 4
      vertex -38.0784 21.1584 16.04
      vertex -37.7876 21.422 16.04
    endloop
  endfacet
  facet normal -0.671607 0.740908 0
    outer loop
      vertex -38.0784 21.1584 16.04
      vertex -37.7876 21.422 4
      vertex -38.0784 21.1584 4
    endloop
  endfacet
  facet normal -0.146733 -0.989176 0
    outer loop
      vertex -36.0304 14.4069 4
      vertex -35.6421 14.3493 16.04
      vertex -36.0304 14.4069 16.04
    endloop
  endfacet
  facet normal -0.146733 -0.989176 -0
    outer loop
      vertex -35.6421 14.3493 16.04
      vertex -36.0304 14.4069 4
      vertex -35.6421 14.3493 4
    endloop
  endfacet
  facet normal 0.242951 -0.970038 0
    outer loop
      vertex -34.4696 14.4069 4
      vertex -34.25 14.4619 16.04
      vertex -34.4696 14.4069 16.04
    endloop
  endfacet
  facet normal 0.242951 -0.970038 0
    outer loop
      vertex -34.25 14.4619 16.04
      vertex -34.4696 14.4069 4
      vertex -34.25 14.4619 4
    endloop
  endfacet
  facet normal -0.42744 -0.904044 0
    outer loop
      vertex -37.1356 14.8023 4
      vertex -36.7807 14.6345 16.04
      vertex -37.1356 14.8023 16.04
    endloop
  endfacet
  facet normal -0.42744 -0.904044 -0
    outer loop
      vertex -36.7807 14.6345 16.04
      vertex -37.1356 14.8023 4
      vertex -36.7807 14.6345 4
    endloop
  endfacet
  facet normal 0.85774 0.514084 0
    outer loop
      vertex -31.7223 20.2156 16.04
      vertex -31.9241 20.5523 4
      vertex -31.9241 20.5523 16.04
    endloop
  endfacet
  facet normal 0.85774 0.514084 0
    outer loop
      vertex -31.9241 20.5523 4
      vertex -31.7223 20.2156 16.04
      vertex -31.7223 20.2156 4
    endloop
  endfacet
  facet normal 0.337014 0.9415 -0
    outer loop
      vertex -33.7193 22.0255 4
      vertex -34.0889 22.1578 16.04
      vertex -33.7193 22.0255 16.04
    endloop
  endfacet
  facet normal 0.337014 0.9415 0
    outer loop
      vertex -34.0889 22.1578 16.04
      vertex -33.7193 22.0255 4
      vertex -34.0889 22.1578 4
    endloop
  endfacet
  facet normal -0.595794 0.803137 0
    outer loop
      vertex -37.4723 21.6559 4
      vertex -37.7876 21.422 16.04
      vertex -37.4723 21.6559 16.04
    endloop
  endfacet
  facet normal -0.595794 0.803137 0
    outer loop
      vertex -37.7876 21.422 16.04
      vertex -37.4723 21.6559 4
      vertex -37.7876 21.422 4
    endloop
  endfacet
  facet normal -0.242835 -0.970068 0
    outer loop
      vertex -36.4111 14.5022 4
      vertex -36.0304 14.4069 16.04
      vertex -36.4111 14.5022 16.04
    endloop
  endfacet
  facet normal -0.242835 -0.970068 -0
    outer loop
      vertex -36.0304 14.4069 16.04
      vertex -36.4111 14.5022 4
      vertex -36.0304 14.4069 4
    endloop
  endfacet
  facet normal -0.146733 0.989176 0
    outer loop
      vertex -35.6421 22.3107 4
      vertex -36.0304 22.2531 16.04
      vertex -35.6421 22.3107 16.04
    endloop
  endfacet
  facet normal -0.146733 0.989176 0
    outer loop
      vertex -36.0304 22.2531 16.04
      vertex -35.6421 22.3107 4
      vertex -36.0304 22.2531 4
    endloop
  endfacet
  facet normal -0.337014 0.9415 0
    outer loop
      vertex -36.4111 22.1578 4
      vertex -36.7807 22.0255 16.04
      vertex -36.4111 22.1578 16.04
    endloop
  endfacet
  facet normal -0.337014 0.9415 0
    outer loop
      vertex -36.7807 22.0255 16.04
      vertex -36.4111 22.1578 4
      vertex -36.7807 22.0255 4
    endloop
  endfacet
  facet normal -0.803137 -0.595794 0
    outer loop
      vertex -38.342 15.7924 4
      vertex -38.5759 16.1077 16.04
      vertex -38.5759 16.1077 4
    endloop
  endfacet
  facet normal -0.803137 -0.595794 0
    outer loop
      vertex -38.5759 16.1077 16.04
      vertex -38.342 15.7924 4
      vertex -38.342 15.7924 16.04
    endloop
  endfacet
  facet normal -0.0491626 0.998791 0
    outer loop
      vertex -35.25 22.33 4
      vertex -35.6421 22.3107 16.04
      vertex -35.25 22.33 16.04
    endloop
  endfacet
  facet normal -0.0491626 0.998791 0
    outer loop
      vertex -35.6421 22.3107 16.04
      vertex -35.25 22.33 4
      vertex -35.6421 22.3107 4
    endloop
  endfacet
  facet normal 0.740908 0.671607 0
    outer loop
      vertex -32.158 20.8676 16.04
      vertex -32.4216 21.1584 4
      vertex -32.4216 21.1584 16.04
    endloop
  endfacet
  facet normal 0.740908 0.671607 0
    outer loop
      vertex -32.4216 21.1584 4
      vertex -32.158 20.8676 16.04
      vertex -32.158 20.8676 4
    endloop
  endfacet
  facet normal 0.0491626 -0.998791 0
    outer loop
      vertex -35.25 14.33 4
      vertex -34.8579 14.3493 16.04
      vertex -35.25 14.33 16.04
    endloop
  endfacet
  facet normal 0.0491626 -0.998791 0
    outer loop
      vertex -34.8579 14.3493 16.04
      vertex -35.25 14.33 4
      vertex -34.8579 14.3493 4
    endloop
  endfacet
  facet normal -0.970068 0.242835 0
    outer loop
      vertex -39.1731 19.1104 4
      vertex -39.0778 19.4911 16.04
      vertex -39.0778 19.4911 4
    endloop
  endfacet
  facet normal -0.970068 0.242835 0
    outer loop
      vertex -39.0778 19.4911 16.04
      vertex -39.1731 19.1104 4
      vertex -39.1731 19.1104 16.04
    endloop
  endfacet
  facet normal -0.671607 -0.740908 0
    outer loop
      vertex -38.0784 15.5016 4
      vertex -37.7876 15.238 16.04
      vertex -38.0784 15.5016 16.04
    endloop
  endfacet
  facet normal -0.671607 -0.740908 -0
    outer loop
      vertex -37.7876 15.238 16.04
      vertex -38.0784 15.5016 4
      vertex -37.7876 15.238 4
    endloop
  endfacet
  facet normal 0.146733 0.989176 -0
    outer loop
      vertex -34.4696 22.2531 4
      vertex -34.8579 22.3107 16.04
      vertex -34.4696 22.2531 16.04
    endloop
  endfacet
  facet normal 0.146733 0.989176 0
    outer loop
      vertex -34.8579 22.3107 16.04
      vertex -34.4696 22.2531 4
      vertex -34.8579 22.3107 4
    endloop
  endfacet
  facet normal -0.514084 0.85774 0
    outer loop
      vertex -37.1356 21.8577 4
      vertex -37.4723 21.6559 16.04
      vertex -37.1356 21.8577 16.04
    endloop
  endfacet
  facet normal -0.514084 0.85774 0
    outer loop
      vertex -37.4723 21.6559 16.04
      vertex -37.1356 21.8577 4
      vertex -37.4723 21.6559 4
    endloop
  endfacet
  facet normal -0.85774 -0.514084 0
    outer loop
      vertex -38.5759 16.1077 4
      vertex -38.7777 16.4444 16.04
      vertex -38.7777 16.4444 4
    endloop
  endfacet
  facet normal -0.85774 -0.514084 0
    outer loop
      vertex -38.7777 16.4444 16.04
      vertex -38.5759 16.1077 4
      vertex -38.5759 16.1077 16.04
    endloop
  endfacet
  facet normal -0.904044 0.42744 0
    outer loop
      vertex -38.9455 19.8607 4
      vertex -38.7777 20.2156 16.04
      vertex -38.7777 20.2156 4
    endloop
  endfacet
  facet normal -0.904044 0.42744 0
    outer loop
      vertex -38.7777 20.2156 16.04
      vertex -38.9455 19.8607 4
      vertex -38.9455 19.8607 16.04
    endloop
  endfacet
  facet normal -0.998791 -0.0491626 0
    outer loop
      vertex -39.2307 17.9379 4
      vertex -39.25 18.33 16.04
      vertex -39.25 18.33 4
    endloop
  endfacet
  facet normal -0.998791 -0.0491626 0
    outer loop
      vertex -39.25 18.33 16.04
      vertex -39.2307 17.9379 4
      vertex -39.2307 17.9379 16.04
    endloop
  endfacet
  facet normal -0.989176 0.146733 0
    outer loop
      vertex 31.2693 -17.9379 4
      vertex 31.3269 -17.5496 16.04
      vertex 31.3269 -17.5496 4
    endloop
  endfacet
  facet normal -0.989176 0.146733 0
    outer loop
      vertex 31.3269 -17.5496 16.04
      vertex 31.2693 -17.9379 4
      vertex 31.2693 -17.9379 16.04
    endloop
  endfacet
  facet normal 0.989176 0.146733 0
    outer loop
      vertex 39.2307 -17.9379 16.04
      vertex 39.1731 -17.5496 4
      vertex 39.1731 -17.5496 16.04
    endloop
  endfacet
  facet normal 0.989176 0.146733 0
    outer loop
      vertex 39.1731 -17.5496 4
      vertex 39.2307 -17.9379 16.04
      vertex 39.2307 -17.9379 4
    endloop
  endfacet
  facet normal 0.998791 0.0491626 0
    outer loop
      vertex 39.25 -18.33 16.04
      vertex 39.2307 -17.9379 4
      vertex 39.2307 -17.9379 16.04
    endloop
  endfacet
  facet normal 0.998791 0.0491626 0
    outer loop
      vertex 39.2307 -17.9379 4
      vertex 39.25 -18.33 16.04
      vertex 39.25 -18.33 4
    endloop
  endfacet
  facet normal 0.970068 0.242835 0
    outer loop
      vertex 39.1731 -17.5496 16.04
      vertex 39.0778 -17.1689 4
      vertex 39.0778 -17.1689 16.04
    endloop
  endfacet
  facet normal 0.970068 0.242835 0
    outer loop
      vertex 39.0778 -17.1689 4
      vertex 39.1731 -17.5496 16.04
      vertex 39.1731 -17.5496 4
    endloop
  endfacet
  facet normal 0.671607 0.740908 -0
    outer loop
      vertex 38.0784 -15.5016 4
      vertex 37.7876 -15.238 16.04
      vertex 38.0784 -15.5016 16.04
    endloop
  endfacet
  facet normal 0.671607 0.740908 0
    outer loop
      vertex 37.7876 -15.238 16.04
      vertex 38.0784 -15.5016 4
      vertex 37.7876 -15.238 4
    endloop
  endfacet
  facet normal -0.146733 0.989176 0
    outer loop
      vertex 34.8579 -14.3493 4
      vertex 34.4696 -14.4069 16.04
      vertex 34.8579 -14.3493 16.04
    endloop
  endfacet
  facet normal -0.146733 0.989176 0
    outer loop
      vertex 34.4696 -14.4069 16.04
      vertex 34.8579 -14.3493 4
      vertex 34.4696 -14.4069 4
    endloop
  endfacet
  facet normal 0.803137 0.595794 0
    outer loop
      vertex 38.5759 -16.1077 16.04
      vertex 38.342 -15.7924 4
      vertex 38.342 -15.7924 16.04
    endloop
  endfacet
  facet normal 0.803137 0.595794 0
    outer loop
      vertex 38.342 -15.7924 4
      vertex 38.5759 -16.1077 16.04
      vertex 38.5759 -16.1077 4
    endloop
  endfacet
  facet normal 0.595794 0.803137 -0
    outer loop
      vertex 37.7876 -15.238 4
      vertex 37.4723 -15.0041 16.04
      vertex 37.7876 -15.238 16.04
    endloop
  endfacet
  facet normal 0.595794 0.803137 0
    outer loop
      vertex 37.4723 -15.0041 16.04
      vertex 37.7876 -15.238 4
      vertex 37.4723 -15.0041 4
    endloop
  endfacet
  facet normal 0.998791 -0.0491626 0
    outer loop
      vertex 39.2307 -18.7221 16.04
      vertex 39.25 -18.33 4
      vertex 39.25 -18.33 16.04
    endloop
  endfacet
  facet normal 0.998791 -0.0491626 0
    outer loop
      vertex 39.25 -18.33 4
      vertex 39.2307 -18.7221 16.04
      vertex 39.2307 -18.7221 4
    endloop
  endfacet
  facet normal -0.242951 0.970038 0
    outer loop
      vertex 34.4696 -14.4069 4
      vertex 34.25 -14.4619 16.04
      vertex 34.4696 -14.4069 16.04
    endloop
  endfacet
  facet normal -0.242951 0.970038 0
    outer loop
      vertex 34.25 -14.4619 16.04
      vertex 34.4696 -14.4069 4
      vertex 34.25 -14.4619 4
    endloop
  endfacet
  facet normal 0.42744 0.904044 -0
    outer loop
      vertex 37.1356 -14.8023 4
      vertex 36.7807 -14.6345 16.04
      vertex 37.1356 -14.8023 16.04
    endloop
  endfacet
  facet normal 0.42744 0.904044 0
    outer loop
      vertex 36.7807 -14.6345 16.04
      vertex 37.1356 -14.8023 4
      vertex 36.7807 -14.6345 4
    endloop
  endfacet
  facet normal 0.671607 -0.740908 0
    outer loop
      vertex 37.7876 -21.422 4
      vertex 38.0784 -21.1584 16.04
      vertex 37.7876 -21.422 16.04
    endloop
  endfacet
  facet normal 0.671607 -0.740908 0
    outer loop
      vertex 38.0784 -21.1584 16.04
      vertex 37.7876 -21.422 4
      vertex 38.0784 -21.1584 4
    endloop
  endfacet
  facet normal -0.671607 -0.740908 0
    outer loop
      vertex 32.4216 -21.1584 4
      vertex 32.7124 -21.422 16.04
      vertex 32.4216 -21.1584 16.04
    endloop
  endfacet
  facet normal -0.671607 -0.740908 -0
    outer loop
      vertex 32.7124 -21.422 16.04
      vertex 32.4216 -21.1584 4
      vertex 32.7124 -21.422 4
    endloop
  endfacet
  facet normal 0.42744 -0.904044 0
    outer loop
      vertex 36.7807 -22.0255 4
      vertex 37.1356 -21.8577 16.04
      vertex 36.7807 -22.0255 16.04
    endloop
  endfacet
  facet normal 0.42744 -0.904044 0
    outer loop
      vertex 37.1356 -21.8577 16.04
      vertex 36.7807 -22.0255 4
      vertex 37.1356 -21.8577 4
    endloop
  endfacet
  facet normal 0.337014 -0.9415 0
    outer loop
      vertex 36.4111 -22.1578 4
      vertex 36.7807 -22.0255 16.04
      vertex 36.4111 -22.1578 16.04
    endloop
  endfacet
  facet normal 0.337014 -0.9415 0
    outer loop
      vertex 36.7807 -22.0255 16.04
      vertex 36.4111 -22.1578 4
      vertex 36.7807 -22.0255 4
    endloop
  endfacet
  facet normal 0.0491626 0.998791 -0
    outer loop
      vertex 35.6421 -14.3493 4
      vertex 35.25 -14.33 16.04
      vertex 35.6421 -14.3493 16.04
    endloop
  endfacet
  facet normal 0.0491626 0.998791 0
    outer loop
      vertex 35.25 -14.33 16.04
      vertex 35.6421 -14.3493 4
      vertex 35.25 -14.33 4
    endloop
  endfacet
  facet normal -0.989176 -0.146733 0
    outer loop
      vertex 31.3269 -19.1104 4
      vertex 31.2693 -18.7221 16.04
      vertex 31.2693 -18.7221 4
    endloop
  endfacet
  facet normal -0.989176 -0.146733 0
    outer loop
      vertex 31.2693 -18.7221 16.04
      vertex 31.3269 -19.1104 4
      vertex 31.3269 -19.1104 16.04
    endloop
  endfacet
  facet normal -0.970038 0.242951 0
    outer loop
      vertex 31.3269 -17.5496 4
      vertex 31.3819 -17.33 16.04
      vertex 31.3819 -17.33 4
    endloop
  endfacet
  facet normal -0.970038 0.242951 0
    outer loop
      vertex 31.3819 -17.33 16.04
      vertex 31.3269 -17.5496 4
      vertex 31.3269 -17.5496 16.04
    endloop
  endfacet
  facet normal -0.0491626 0.998791 0
    outer loop
      vertex 35.25 -14.33 4
      vertex 34.8579 -14.3493 16.04
      vertex 35.25 -14.33 16.04
    endloop
  endfacet
  facet normal -0.0491626 0.998791 0
    outer loop
      vertex 34.8579 -14.3493 16.04
      vertex 35.25 -14.33 4
      vertex 34.8579 -14.3493 4
    endloop
  endfacet
  facet normal 0.242835 -0.970068 0
    outer loop
      vertex 36.0304 -22.2531 4
      vertex 36.4111 -22.1578 16.04
      vertex 36.0304 -22.2531 16.04
    endloop
  endfacet
  facet normal 0.242835 -0.970068 0
    outer loop
      vertex 36.4111 -22.1578 16.04
      vertex 36.0304 -22.2531 4
      vertex 36.4111 -22.1578 4
    endloop
  endfacet
  facet normal 0.85774 -0.514084 0
    outer loop
      vertex 38.5759 -20.5523 16.04
      vertex 38.7777 -20.2156 4
      vertex 38.7777 -20.2156 16.04
    endloop
  endfacet
  facet normal 0.85774 -0.514084 0
    outer loop
      vertex 38.7777 -20.2156 4
      vertex 38.5759 -20.5523 16.04
      vertex 38.5759 -20.5523 4
    endloop
  endfacet
  facet normal -0.803137 -0.595794 0
    outer loop
      vertex 32.158 -20.8676 4
      vertex 31.9241 -20.5523 16.04
      vertex 31.9241 -20.5523 4
    endloop
  endfacet
  facet normal -0.803137 -0.595794 0
    outer loop
      vertex 31.9241 -20.5523 16.04
      vertex 32.158 -20.8676 4
      vertex 32.158 -20.8676 16.04
    endloop
  endfacet
  facet normal -0.146733 -0.989176 0
    outer loop
      vertex 34.4696 -22.2531 4
      vertex 34.8579 -22.3107 16.04
      vertex 34.4696 -22.2531 16.04
    endloop
  endfacet
  facet normal -0.146733 -0.989176 -0
    outer loop
      vertex 34.8579 -22.3107 16.04
      vertex 34.4696 -22.2531 4
      vertex 34.8579 -22.3107 4
    endloop
  endfacet
  facet normal 0.337014 0.9415 -0
    outer loop
      vertex 36.7807 -14.6345 4
      vertex 36.4111 -14.5022 16.04
      vertex 36.7807 -14.6345 16.04
    endloop
  endfacet
  facet normal 0.337014 0.9415 0
    outer loop
      vertex 36.4111 -14.5022 16.04
      vertex 36.7807 -14.6345 4
      vertex 36.4111 -14.5022 4
    endloop
  endfacet
  facet normal 0.595794 -0.803137 0
    outer loop
      vertex 37.4723 -21.6559 4
      vertex 37.7876 -21.422 16.04
      vertex 37.4723 -21.6559 16.04
    endloop
  endfacet
  facet normal 0.595794 -0.803137 0
    outer loop
      vertex 37.7876 -21.422 16.04
      vertex 37.4723 -21.6559 4
      vertex 37.7876 -21.422 4
    endloop
  endfacet
  facet normal 0.514084 -0.85774 0
    outer loop
      vertex 37.1356 -21.8577 4
      vertex 37.4723 -21.6559 16.04
      vertex 37.1356 -21.8577 16.04
    endloop
  endfacet
  facet normal 0.514084 -0.85774 0
    outer loop
      vertex 37.4723 -21.6559 16.04
      vertex 37.1356 -21.8577 4
      vertex 37.4723 -21.6559 4
    endloop
  endfacet
  facet normal 0.970068 -0.242835 0
    outer loop
      vertex 39.0778 -19.4911 16.04
      vertex 39.1731 -19.1104 4
      vertex 39.1731 -19.1104 16.04
    endloop
  endfacet
  facet normal 0.970068 -0.242835 0
    outer loop
      vertex 39.1731 -19.1104 4
      vertex 39.0778 -19.4911 16.04
      vertex 39.0778 -19.4911 4
    endloop
  endfacet
  facet normal 0.904044 0.42744 0
    outer loop
      vertex 38.9455 -16.7993 16.04
      vertex 38.7777 -16.4444 4
      vertex 38.7777 -16.4444 16.04
    endloop
  endfacet
  facet normal 0.904044 0.42744 0
    outer loop
      vertex 38.7777 -16.4444 4
      vertex 38.9455 -16.7993 16.04
      vertex 38.9455 -16.7993 4
    endloop
  endfacet
  facet normal -0.970068 -0.242835 0
    outer loop
      vertex 31.4222 -19.4911 4
      vertex 31.3269 -19.1104 16.04
      vertex 31.3269 -19.1104 4
    endloop
  endfacet
  facet normal -0.970068 -0.242835 0
    outer loop
      vertex 31.3269 -19.1104 16.04
      vertex 31.4222 -19.4911 4
      vertex 31.4222 -19.4911 16.04
    endloop
  endfacet
  facet normal -0.9415 -0.337014 0
    outer loop
      vertex 31.5545 -19.8607 4
      vertex 31.4222 -19.4911 16.04
      vertex 31.4222 -19.4911 4
    endloop
  endfacet
  facet normal -0.9415 -0.337014 0
    outer loop
      vertex 31.4222 -19.4911 16.04
      vertex 31.5545 -19.8607 4
      vertex 31.5545 -19.8607 16.04
    endloop
  endfacet
  facet normal 0.146733 0.989176 -0
    outer loop
      vertex 36.0304 -14.4069 4
      vertex 35.6421 -14.3493 16.04
      vertex 36.0304 -14.4069 16.04
    endloop
  endfacet
  facet normal 0.146733 0.989176 0
    outer loop
      vertex 35.6421 -14.3493 16.04
      vertex 36.0304 -14.4069 4
      vertex 35.6421 -14.3493 4
    endloop
  endfacet
  facet normal 0.803137 -0.595794 0
    outer loop
      vertex 38.342 -20.8676 16.04
      vertex 38.5759 -20.5523 4
      vertex 38.5759 -20.5523 16.04
    endloop
  endfacet
  facet normal 0.803137 -0.595794 0
    outer loop
      vertex 38.5759 -20.5523 4
      vertex 38.342 -20.8676 16.04
      vertex 38.342 -20.8676 4
    endloop
  endfacet
  facet normal 0.9415 0.337014 0
    outer loop
      vertex 39.0778 -17.1689 16.04
      vertex 38.9455 -16.7993 4
      vertex 38.9455 -16.7993 16.04
    endloop
  endfacet
  facet normal 0.9415 0.337014 0
    outer loop
      vertex 38.9455 -16.7993 4
      vertex 39.0778 -17.1689 16.04
      vertex 39.0778 -17.1689 4
    endloop
  endfacet
  facet normal 0.514084 0.85774 -0
    outer loop
      vertex 37.4723 -15.0041 4
      vertex 37.1356 -14.8023 16.04
      vertex 37.4723 -15.0041 16.04
    endloop
  endfacet
  facet normal 0.514084 0.85774 0
    outer loop
      vertex 37.1356 -14.8023 16.04
      vertex 37.4723 -15.0041 4
      vertex 37.1356 -14.8023 4
    endloop
  endfacet
  facet normal -0.242835 -0.970068 0
    outer loop
      vertex 34.0889 -22.1578 4
      vertex 34.4696 -22.2531 16.04
      vertex 34.0889 -22.1578 16.04
    endloop
  endfacet
  facet normal -0.242835 -0.970068 -0
    outer loop
      vertex 34.4696 -22.2531 16.04
      vertex 34.0889 -22.1578 4
      vertex 34.4696 -22.2531 4
    endloop
  endfacet
  facet normal -0.740908 -0.671607 0
    outer loop
      vertex 32.4216 -21.1584 4
      vertex 32.158 -20.8676 16.04
      vertex 32.158 -20.8676 4
    endloop
  endfacet
  facet normal -0.740908 -0.671607 0
    outer loop
      vertex 32.158 -20.8676 16.04
      vertex 32.4216 -21.1584 4
      vertex 32.4216 -21.1584 16.04
    endloop
  endfacet
  facet normal 0.989176 -0.146733 0
    outer loop
      vertex 39.1731 -19.1104 16.04
      vertex 39.2307 -18.7221 4
      vertex 39.2307 -18.7221 16.04
    endloop
  endfacet
  facet normal 0.989176 -0.146733 0
    outer loop
      vertex 39.2307 -18.7221 4
      vertex 39.1731 -19.1104 16.04
      vertex 39.1731 -19.1104 4
    endloop
  endfacet
  facet normal 0.85774 0.514084 0
    outer loop
      vertex 38.7777 -16.4444 16.04
      vertex 38.5759 -16.1077 4
      vertex 38.5759 -16.1077 16.04
    endloop
  endfacet
  facet normal 0.85774 0.514084 0
    outer loop
      vertex 38.5759 -16.1077 4
      vertex 38.7777 -16.4444 16.04
      vertex 38.7777 -16.4444 4
    endloop
  endfacet
  facet normal 0.740908 0.671607 0
    outer loop
      vertex 38.342 -15.7924 16.04
      vertex 38.0784 -15.5016 4
      vertex 38.0784 -15.5016 16.04
    endloop
  endfacet
  facet normal 0.740908 0.671607 0
    outer loop
      vertex 38.0784 -15.5016 4
      vertex 38.342 -15.7924 16.04
      vertex 38.342 -15.7924 4
    endloop
  endfacet
  facet normal -0.337014 -0.9415 0
    outer loop
      vertex 33.7193 -22.0255 4
      vertex 34.0889 -22.1578 16.04
      vertex 33.7193 -22.0255 16.04
    endloop
  endfacet
  facet normal -0.337014 -0.9415 -0
    outer loop
      vertex 34.0889 -22.1578 16.04
      vertex 33.7193 -22.0255 4
      vertex 34.0889 -22.1578 4
    endloop
  endfacet
  facet normal -0.904044 -0.42744 0
    outer loop
      vertex 31.7223 -20.2156 4
      vertex 31.5545 -19.8607 16.04
      vertex 31.5545 -19.8607 4
    endloop
  endfacet
  facet normal -0.904044 -0.42744 0
    outer loop
      vertex 31.5545 -19.8607 16.04
      vertex 31.7223 -20.2156 4
      vertex 31.7223 -20.2156 16.04
    endloop
  endfacet
  facet normal 0.146733 -0.989176 0
    outer loop
      vertex 35.6421 -22.3107 4
      vertex 36.0304 -22.2531 16.04
      vertex 35.6421 -22.3107 16.04
    endloop
  endfacet
  facet normal 0.146733 -0.989176 0
    outer loop
      vertex 36.0304 -22.2531 16.04
      vertex 35.6421 -22.3107 4
      vertex 36.0304 -22.2531 4
    endloop
  endfacet
  facet normal -0.595794 -0.803137 0
    outer loop
      vertex 32.7124 -21.422 4
      vertex 33.0277 -21.6559 16.04
      vertex 32.7124 -21.422 16.04
    endloop
  endfacet
  facet normal -0.595794 -0.803137 -0
    outer loop
      vertex 33.0277 -21.6559 16.04
      vertex 32.7124 -21.422 4
      vertex 33.0277 -21.6559 4
    endloop
  endfacet
  facet normal -0.514084 -0.85774 0
    outer loop
      vertex 33.0277 -21.6559 4
      vertex 33.3644 -21.8577 16.04
      vertex 33.0277 -21.6559 16.04
    endloop
  endfacet
  facet normal -0.514084 -0.85774 -0
    outer loop
      vertex 33.3644 -21.8577 16.04
      vertex 33.0277 -21.6559 4
      vertex 33.3644 -21.8577 4
    endloop
  endfacet
  facet normal -0.85774 -0.514084 0
    outer loop
      vertex 31.9241 -20.5523 4
      vertex 31.7223 -20.2156 16.04
      vertex 31.7223 -20.2156 4
    endloop
  endfacet
  facet normal -0.85774 -0.514084 0
    outer loop
      vertex 31.7223 -20.2156 16.04
      vertex 31.9241 -20.5523 4
      vertex 31.9241 -20.5523 16.04
    endloop
  endfacet
  facet normal 0.9415 -0.337014 0
    outer loop
      vertex 38.9455 -19.8607 16.04
      vertex 39.0778 -19.4911 4
      vertex 39.0778 -19.4911 16.04
    endloop
  endfacet
  facet normal 0.9415 -0.337014 0
    outer loop
      vertex 39.0778 -19.4911 4
      vertex 38.9455 -19.8607 16.04
      vertex 38.9455 -19.8607 4
    endloop
  endfacet
  facet normal 0.0491626 -0.998791 0
    outer loop
      vertex 35.25 -22.33 4
      vertex 35.6421 -22.3107 16.04
      vertex 35.25 -22.33 16.04
    endloop
  endfacet
  facet normal 0.0491626 -0.998791 0
    outer loop
      vertex 35.6421 -22.3107 16.04
      vertex 35.25 -22.33 4
      vertex 35.6421 -22.3107 4
    endloop
  endfacet
  facet normal 0.242835 0.970068 -0
    outer loop
      vertex 36.4111 -14.5022 4
      vertex 36.0304 -14.4069 16.04
      vertex 36.4111 -14.5022 16.04
    endloop
  endfacet
  facet normal 0.242835 0.970068 0
    outer loop
      vertex 36.0304 -14.4069 16.04
      vertex 36.4111 -14.5022 4
      vertex 36.0304 -14.4069 4
    endloop
  endfacet
  facet normal 0.904044 -0.42744 0
    outer loop
      vertex 38.7777 -20.2156 16.04
      vertex 38.9455 -19.8607 4
      vertex 38.9455 -19.8607 16.04
    endloop
  endfacet
  facet normal 0.904044 -0.42744 0
    outer loop
      vertex 38.9455 -19.8607 4
      vertex 38.7777 -20.2156 16.04
      vertex 38.7777 -20.2156 4
    endloop
  endfacet
  facet normal -0.0491626 -0.998791 0
    outer loop
      vertex 34.8579 -22.3107 4
      vertex 35.25 -22.33 16.04
      vertex 34.8579 -22.3107 16.04
    endloop
  endfacet
  facet normal -0.0491626 -0.998791 -0
    outer loop
      vertex 35.25 -22.33 16.04
      vertex 34.8579 -22.3107 4
      vertex 35.25 -22.33 4
    endloop
  endfacet
  facet normal -0.42744 -0.904044 0
    outer loop
      vertex 33.3644 -21.8577 4
      vertex 33.7193 -22.0255 16.04
      vertex 33.3644 -21.8577 16.04
    endloop
  endfacet
  facet normal -0.42744 -0.904044 -0
    outer loop
      vertex 33.7193 -22.0255 16.04
      vertex 33.3644 -21.8577 4
      vertex 33.7193 -22.0255 4
    endloop
  endfacet
  facet normal -0.998791 0.0491626 0
    outer loop
      vertex 31.25 -18.33 4
      vertex 31.2693 -17.9379 16.04
      vertex 31.2693 -17.9379 4
    endloop
  endfacet
  facet normal -0.998791 0.0491626 0
    outer loop
      vertex 31.2693 -17.9379 16.04
      vertex 31.25 -18.33 4
      vertex 31.25 -18.33 16.04
    endloop
  endfacet
  facet normal -0.998791 -0.0491626 0
    outer loop
      vertex 31.2693 -18.7221 4
      vertex 31.25 -18.33 16.04
      vertex 31.25 -18.33 4
    endloop
  endfacet
  facet normal -0.998791 -0.0491626 0
    outer loop
      vertex 31.25 -18.33 16.04
      vertex 31.2693 -18.7221 4
      vertex 31.2693 -18.7221 16.04
    endloop
  endfacet
  facet normal 0.740908 -0.671607 0
    outer loop
      vertex 38.0784 -21.1584 16.04
      vertex 38.342 -20.8676 4
      vertex 38.342 -20.8676 16.04
    endloop
  endfacet
  facet normal 0.740908 -0.671607 0
    outer loop
      vertex 38.342 -20.8676 4
      vertex 38.0784 -21.1584 16.04
      vertex 38.0784 -21.1584 4
    endloop
  endfacet
  facet normal -0.998791 -0.0491626 0
    outer loop
      vertex -39.2307 -18.7221 4
      vertex -39.25 -18.33 16.04
      vertex -39.25 -18.33 4
    endloop
  endfacet
  facet normal -0.998791 -0.0491626 0
    outer loop
      vertex -39.25 -18.33 16.04
      vertex -39.2307 -18.7221 4
      vertex -39.2307 -18.7221 16.04
    endloop
  endfacet
  facet normal 0.989176 0.146733 0
    outer loop
      vertex -31.2693 -17.9379 16.04
      vertex -31.3269 -17.5496 4
      vertex -31.3269 -17.5496 16.04
    endloop
  endfacet
  facet normal 0.989176 0.146733 0
    outer loop
      vertex -31.3269 -17.5496 4
      vertex -31.2693 -17.9379 16.04
      vertex -31.2693 -17.9379 4
    endloop
  endfacet
  facet normal 0.998791 0.0491626 0
    outer loop
      vertex -31.25 -18.33 16.04
      vertex -31.2693 -17.9379 4
      vertex -31.2693 -17.9379 16.04
    endloop
  endfacet
  facet normal 0.998791 0.0491626 0
    outer loop
      vertex -31.2693 -17.9379 4
      vertex -31.25 -18.33 16.04
      vertex -31.25 -18.33 4
    endloop
  endfacet
  facet normal 0.970038 0.242951 0
    outer loop
      vertex -31.3269 -17.5496 16.04
      vertex -31.3819 -17.33 4
      vertex -31.3819 -17.33 16.04
    endloop
  endfacet
  facet normal 0.970038 0.242951 0
    outer loop
      vertex -31.3819 -17.33 4
      vertex -31.3269 -17.5496 16.04
      vertex -31.3269 -17.5496 4
    endloop
  endfacet
  facet normal -0.989176 -0.146733 0
    outer loop
      vertex -39.1731 -19.1104 4
      vertex -39.2307 -18.7221 16.04
      vertex -39.2307 -18.7221 4
    endloop
  endfacet
  facet normal -0.989176 -0.146733 0
    outer loop
      vertex -39.2307 -18.7221 16.04
      vertex -39.1731 -19.1104 4
      vertex -39.1731 -19.1104 16.04
    endloop
  endfacet
  facet normal -0.337014 0.9415 0
    outer loop
      vertex -36.4111 -14.5022 4
      vertex -36.7807 -14.6345 16.04
      vertex -36.4111 -14.5022 16.04
    endloop
  endfacet
  facet normal -0.337014 0.9415 0
    outer loop
      vertex -36.7807 -14.6345 16.04
      vertex -36.4111 -14.5022 4
      vertex -36.7807 -14.6345 4
    endloop
  endfacet
  facet normal 0.242835 -0.970068 0
    outer loop
      vertex -34.4696 -22.2531 4
      vertex -34.0889 -22.1578 16.04
      vertex -34.4696 -22.2531 16.04
    endloop
  endfacet
  facet normal 0.242835 -0.970068 0
    outer loop
      vertex -34.0889 -22.1578 16.04
      vertex -34.4696 -22.2531 4
      vertex -34.0889 -22.1578 4
    endloop
  endfacet
  facet normal 0.42744 -0.904044 0
    outer loop
      vertex -33.7193 -22.0255 4
      vertex -33.3644 -21.8577 16.04
      vertex -33.7193 -22.0255 16.04
    endloop
  endfacet
  facet normal 0.42744 -0.904044 0
    outer loop
      vertex -33.3644 -21.8577 16.04
      vertex -33.7193 -22.0255 4
      vertex -33.3644 -21.8577 4
    endloop
  endfacet
  facet normal 0.146733 0.989176 -0
    outer loop
      vertex -34.4696 -14.4069 4
      vertex -34.8579 -14.3493 16.04
      vertex -34.4696 -14.4069 16.04
    endloop
  endfacet
  facet normal 0.146733 0.989176 0
    outer loop
      vertex -34.8579 -14.3493 16.04
      vertex -34.4696 -14.4069 4
      vertex -34.8579 -14.3493 4
    endloop
  endfacet
  facet normal -0.904044 0.42744 0
    outer loop
      vertex -38.9455 -16.7993 4
      vertex -38.7777 -16.4444 16.04
      vertex -38.7777 -16.4444 4
    endloop
  endfacet
  facet normal -0.904044 0.42744 0
    outer loop
      vertex -38.7777 -16.4444 16.04
      vertex -38.9455 -16.7993 4
      vertex -38.9455 -16.7993 16.04
    endloop
  endfacet
  facet normal 0.146733 -0.989176 0
    outer loop
      vertex -34.8579 -22.3107 4
      vertex -34.4696 -22.2531 16.04
      vertex -34.8579 -22.3107 16.04
    endloop
  endfacet
  facet normal 0.146733 -0.989176 0
    outer loop
      vertex -34.4696 -22.2531 16.04
      vertex -34.8579 -22.3107 4
      vertex -34.4696 -22.2531 4
    endloop
  endfacet
  facet normal -0.146733 -0.989176 0
    outer loop
      vertex -36.0304 -22.2531 4
      vertex -35.6421 -22.3107 16.04
      vertex -36.0304 -22.2531 16.04
    endloop
  endfacet
  facet normal -0.146733 -0.989176 -0
    outer loop
      vertex -35.6421 -22.3107 16.04
      vertex -36.0304 -22.2531 4
      vertex -35.6421 -22.3107 4
    endloop
  endfacet
  facet normal -0.989176 0.146733 0
    outer loop
      vertex -39.2307 -17.9379 4
      vertex -39.1731 -17.5496 16.04
      vertex -39.1731 -17.5496 4
    endloop
  endfacet
  facet normal -0.989176 0.146733 0
    outer loop
      vertex -39.1731 -17.5496 16.04
      vertex -39.2307 -17.9379 4
      vertex -39.2307 -17.9379 16.04
    endloop
  endfacet
  facet normal 0.514084 -0.85774 0
    outer loop
      vertex -33.3644 -21.8577 4
      vertex -33.0277 -21.6559 16.04
      vertex -33.3644 -21.8577 16.04
    endloop
  endfacet
  facet normal 0.514084 -0.85774 0
    outer loop
      vertex -33.0277 -21.6559 16.04
      vertex -33.3644 -21.8577 4
      vertex -33.0277 -21.6559 4
    endloop
  endfacet
  facet normal -0.9415 0.337014 0
    outer loop
      vertex -39.0778 -17.1689 4
      vertex -38.9455 -16.7993 16.04
      vertex -38.9455 -16.7993 4
    endloop
  endfacet
  facet normal -0.9415 0.337014 0
    outer loop
      vertex -38.9455 -16.7993 16.04
      vertex -39.0778 -17.1689 4
      vertex -39.0778 -17.1689 16.04
    endloop
  endfacet
  facet normal 0.803137 -0.595794 0
    outer loop
      vertex -32.158 -20.8676 16.04
      vertex -31.9241 -20.5523 4
      vertex -31.9241 -20.5523 16.04
    endloop
  endfacet
  facet normal 0.803137 -0.595794 0
    outer loop
      vertex -31.9241 -20.5523 4
      vertex -32.158 -20.8676 16.04
      vertex -32.158 -20.8676 4
    endloop
  endfacet
  facet normal 0.337014 -0.9415 0
    outer loop
      vertex -34.0889 -22.1578 4
      vertex -33.7193 -22.0255 16.04
      vertex -34.0889 -22.1578 16.04
    endloop
  endfacet
  facet normal 0.337014 -0.9415 0
    outer loop
      vertex -33.7193 -22.0255 16.04
      vertex -34.0889 -22.1578 4
      vertex -33.7193 -22.0255 4
    endloop
  endfacet
  facet normal -0.970068 -0.242835 0
    outer loop
      vertex -39.0778 -19.4911 4
      vertex -39.1731 -19.1104 16.04
      vertex -39.1731 -19.1104 4
    endloop
  endfacet
  facet normal -0.970068 -0.242835 0
    outer loop
      vertex -39.1731 -19.1104 16.04
      vertex -39.0778 -19.4911 4
      vertex -39.0778 -19.4911 16.04
    endloop
  endfacet
  facet normal -0.740908 -0.671607 0
    outer loop
      vertex -38.0784 -21.1584 4
      vertex -38.342 -20.8676 16.04
      vertex -38.342 -20.8676 4
    endloop
  endfacet
  facet normal -0.740908 -0.671607 0
    outer loop
      vertex -38.342 -20.8676 16.04
      vertex -38.0784 -21.1584 4
      vertex -38.0784 -21.1584 16.04
    endloop
  endfacet
  facet normal -0.42744 -0.904044 0
    outer loop
      vertex -37.1356 -21.8577 4
      vertex -36.7807 -22.0255 16.04
      vertex -37.1356 -21.8577 16.04
    endloop
  endfacet
  facet normal -0.42744 -0.904044 -0
    outer loop
      vertex -36.7807 -22.0255 16.04
      vertex -37.1356 -21.8577 4
      vertex -36.7807 -22.0255 4
    endloop
  endfacet
  facet normal 0.998791 -0.0491626 0
    outer loop
      vertex -31.2693 -18.7221 16.04
      vertex -31.25 -18.33 4
      vertex -31.25 -18.33 16.04
    endloop
  endfacet
  facet normal 0.998791 -0.0491626 0
    outer loop
      vertex -31.25 -18.33 4
      vertex -31.2693 -18.7221 16.04
      vertex -31.2693 -18.7221 4
    endloop
  endfacet
  facet normal 0.904044 -0.42744 0
    outer loop
      vertex -31.7223 -20.2156 16.04
      vertex -31.5545 -19.8607 4
      vertex -31.5545 -19.8607 16.04
    endloop
  endfacet
  facet normal 0.904044 -0.42744 0
    outer loop
      vertex -31.5545 -19.8607 4
      vertex -31.7223 -20.2156 16.04
      vertex -31.7223 -20.2156 4
    endloop
  endfacet
  facet normal -0.42744 0.904044 0
    outer loop
      vertex -36.7807 -14.6345 4
      vertex -37.1356 -14.8023 16.04
      vertex -36.7807 -14.6345 16.04
    endloop
  endfacet
  facet normal -0.42744 0.904044 0
    outer loop
      vertex -37.1356 -14.8023 16.04
      vertex -36.7807 -14.6345 4
      vertex -37.1356 -14.8023 4
    endloop
  endfacet
  facet normal -0.671607 0.740908 0
    outer loop
      vertex -37.7876 -15.238 4
      vertex -38.0784 -15.5016 16.04
      vertex -37.7876 -15.238 16.04
    endloop
  endfacet
  facet normal -0.671607 0.740908 0
    outer loop
      vertex -38.0784 -15.5016 16.04
      vertex -37.7876 -15.238 4
      vertex -38.0784 -15.5016 4
    endloop
  endfacet
  facet normal -0.9415 -0.337014 0
    outer loop
      vertex -38.9455 -19.8607 4
      vertex -39.0778 -19.4911 16.04
      vertex -39.0778 -19.4911 4
    endloop
  endfacet
  facet normal -0.9415 -0.337014 0
    outer loop
      vertex -39.0778 -19.4911 16.04
      vertex -38.9455 -19.8607 4
      vertex -38.9455 -19.8607 16.04
    endloop
  endfacet
  facet normal 0.671607 -0.740908 0
    outer loop
      vertex -32.7124 -21.422 4
      vertex -32.4216 -21.1584 16.04
      vertex -32.7124 -21.422 16.04
    endloop
  endfacet
  facet normal 0.671607 -0.740908 0
    outer loop
      vertex -32.4216 -21.1584 16.04
      vertex -32.7124 -21.422 4
      vertex -32.4216 -21.1584 4
    endloop
  endfacet
  facet normal -0.671607 -0.740908 0
    outer loop
      vertex -38.0784 -21.1584 4
      vertex -37.7876 -21.422 16.04
      vertex -38.0784 -21.1584 16.04
    endloop
  endfacet
  facet normal -0.671607 -0.740908 -0
    outer loop
      vertex -37.7876 -21.422 16.04
      vertex -38.0784 -21.1584 4
      vertex -37.7876 -21.422 4
    endloop
  endfacet
  facet normal -0.740908 0.671607 0
    outer loop
      vertex -38.342 -15.7924 4
      vertex -38.0784 -15.5016 16.04
      vertex -38.0784 -15.5016 4
    endloop
  endfacet
  facet normal -0.740908 0.671607 0
    outer loop
      vertex -38.0784 -15.5016 16.04
      vertex -38.342 -15.7924 4
      vertex -38.342 -15.7924 16.04
    endloop
  endfacet
  facet normal 0.970068 -0.242835 0
    outer loop
      vertex -31.4222 -19.4911 16.04
      vertex -31.3269 -19.1104 4
      vertex -31.3269 -19.1104 16.04
    endloop
  endfacet
  facet normal 0.970068 -0.242835 0
    outer loop
      vertex -31.3269 -19.1104 4
      vertex -31.4222 -19.4911 16.04
      vertex -31.4222 -19.4911 4
    endloop
  endfacet
  facet normal 0.989176 -0.146733 0
    outer loop
      vertex -31.3269 -19.1104 16.04
      vertex -31.2693 -18.7221 4
      vertex -31.2693 -18.7221 16.04
    endloop
  endfacet
  facet normal 0.989176 -0.146733 0
    outer loop
      vertex -31.2693 -18.7221 4
      vertex -31.3269 -19.1104 16.04
      vertex -31.3269 -19.1104 4
    endloop
  endfacet
  facet normal -0.595794 0.803137 0
    outer loop
      vertex -37.4723 -15.0041 4
      vertex -37.7876 -15.238 16.04
      vertex -37.4723 -15.0041 16.04
    endloop
  endfacet
  facet normal -0.595794 0.803137 0
    outer loop
      vertex -37.7876 -15.238 16.04
      vertex -37.4723 -15.0041 4
      vertex -37.7876 -15.238 4
    endloop
  endfacet
  facet normal -0.146733 0.989176 0
    outer loop
      vertex -35.6421 -14.3493 4
      vertex -36.0304 -14.4069 16.04
      vertex -35.6421 -14.3493 16.04
    endloop
  endfacet
  facet normal -0.146733 0.989176 0
    outer loop
      vertex -36.0304 -14.4069 16.04
      vertex -35.6421 -14.3493 4
      vertex -36.0304 -14.4069 4
    endloop
  endfacet
  facet normal -0.242835 0.970068 0
    outer loop
      vertex -36.0304 -14.4069 4
      vertex -36.4111 -14.5022 16.04
      vertex -36.0304 -14.4069 16.04
    endloop
  endfacet
  facet normal -0.242835 0.970068 0
    outer loop
      vertex -36.4111 -14.5022 16.04
      vertex -36.0304 -14.4069 4
      vertex -36.4111 -14.5022 4
    endloop
  endfacet
  facet normal 0.0491626 -0.998791 0
    outer loop
      vertex -35.25 -22.33 4
      vertex -34.8579 -22.3107 16.04
      vertex -35.25 -22.33 16.04
    endloop
  endfacet
  facet normal 0.0491626 -0.998791 0
    outer loop
      vertex -34.8579 -22.3107 16.04
      vertex -35.25 -22.33 4
      vertex -34.8579 -22.3107 4
    endloop
  endfacet
  facet normal 0.85774 -0.514084 0
    outer loop
      vertex -31.9241 -20.5523 16.04
      vertex -31.7223 -20.2156 4
      vertex -31.7223 -20.2156 16.04
    endloop
  endfacet
  facet normal 0.85774 -0.514084 0
    outer loop
      vertex -31.7223 -20.2156 4
      vertex -31.9241 -20.5523 16.04
      vertex -31.9241 -20.5523 4
    endloop
  endfacet
  facet normal -0.998791 0.0491626 0
    outer loop
      vertex -39.25 -18.33 4
      vertex -39.2307 -17.9379 16.04
      vertex -39.2307 -17.9379 4
    endloop
  endfacet
  facet normal -0.998791 0.0491626 0
    outer loop
      vertex -39.2307 -17.9379 16.04
      vertex -39.25 -18.33 4
      vertex -39.25 -18.33 16.04
    endloop
  endfacet
  facet normal -0.0491626 0.998791 0
    outer loop
      vertex -35.25 -14.33 4
      vertex -35.6421 -14.3493 16.04
      vertex -35.25 -14.33 16.04
    endloop
  endfacet
  facet normal -0.0491626 0.998791 0
    outer loop
      vertex -35.6421 -14.3493 16.04
      vertex -35.25 -14.33 4
      vertex -35.6421 -14.3493 4
    endloop
  endfacet
  facet normal 0.0491626 0.998791 -0
    outer loop
      vertex -34.8579 -14.3493 4
      vertex -35.25 -14.33 16.04
      vertex -34.8579 -14.3493 16.04
    endloop
  endfacet
  facet normal 0.0491626 0.998791 0
    outer loop
      vertex -35.25 -14.33 16.04
      vertex -34.8579 -14.3493 4
      vertex -35.25 -14.33 4
    endloop
  endfacet
  facet normal -0.85774 -0.514084 0
    outer loop
      vertex -38.5759 -20.5523 4
      vertex -38.7777 -20.2156 16.04
      vertex -38.7777 -20.2156 4
    endloop
  endfacet
  facet normal -0.85774 -0.514084 0
    outer loop
      vertex -38.7777 -20.2156 16.04
      vertex -38.5759 -20.5523 4
      vertex -38.5759 -20.5523 16.04
    endloop
  endfacet
  facet normal -0.514084 0.85774 0
    outer loop
      vertex -37.1356 -14.8023 4
      vertex -37.4723 -15.0041 16.04
      vertex -37.1356 -14.8023 16.04
    endloop
  endfacet
  facet normal -0.514084 0.85774 0
    outer loop
      vertex -37.4723 -15.0041 16.04
      vertex -37.1356 -14.8023 4
      vertex -37.4723 -15.0041 4
    endloop
  endfacet
  facet normal 0.595794 -0.803137 0
    outer loop
      vertex -33.0277 -21.6559 4
      vertex -32.7124 -21.422 16.04
      vertex -33.0277 -21.6559 16.04
    endloop
  endfacet
  facet normal 0.595794 -0.803137 0
    outer loop
      vertex -32.7124 -21.422 16.04
      vertex -33.0277 -21.6559 4
      vertex -32.7124 -21.422 4
    endloop
  endfacet
  facet normal -0.514084 -0.85774 0
    outer loop
      vertex -37.4723 -21.6559 4
      vertex -37.1356 -21.8577 16.04
      vertex -37.4723 -21.6559 16.04
    endloop
  endfacet
  facet normal -0.514084 -0.85774 -0
    outer loop
      vertex -37.1356 -21.8577 16.04
      vertex -37.4723 -21.6559 4
      vertex -37.1356 -21.8577 4
    endloop
  endfacet
  facet normal -0.595794 -0.803137 0
    outer loop
      vertex -37.7876 -21.422 4
      vertex -37.4723 -21.6559 16.04
      vertex -37.7876 -21.422 16.04
    endloop
  endfacet
  facet normal -0.595794 -0.803137 -0
    outer loop
      vertex -37.4723 -21.6559 16.04
      vertex -37.7876 -21.422 4
      vertex -37.4723 -21.6559 4
    endloop
  endfacet
  facet normal -0.970068 0.242835 0
    outer loop
      vertex -39.1731 -17.5496 4
      vertex -39.0778 -17.1689 16.04
      vertex -39.0778 -17.1689 4
    endloop
  endfacet
  facet normal -0.970068 0.242835 0
    outer loop
      vertex -39.0778 -17.1689 16.04
      vertex -39.1731 -17.5496 4
      vertex -39.1731 -17.5496 16.04
    endloop
  endfacet
  facet normal -0.803137 -0.595794 0
    outer loop
      vertex -38.342 -20.8676 4
      vertex -38.5759 -20.5523 16.04
      vertex -38.5759 -20.5523 4
    endloop
  endfacet
  facet normal -0.803137 -0.595794 0
    outer loop
      vertex -38.5759 -20.5523 16.04
      vertex -38.342 -20.8676 4
      vertex -38.342 -20.8676 16.04
    endloop
  endfacet
  facet normal 0.242951 0.970038 -0
    outer loop
      vertex -34.25 -14.4619 4
      vertex -34.4696 -14.4069 16.04
      vertex -34.25 -14.4619 16.04
    endloop
  endfacet
  facet normal 0.242951 0.970038 0
    outer loop
      vertex -34.4696 -14.4069 16.04
      vertex -34.25 -14.4619 4
      vertex -34.4696 -14.4069 4
    endloop
  endfacet
  facet normal -0.803137 0.595794 0
    outer loop
      vertex -38.5759 -16.1077 4
      vertex -38.342 -15.7924 16.04
      vertex -38.342 -15.7924 4
    endloop
  endfacet
  facet normal -0.803137 0.595794 0
    outer loop
      vertex -38.342 -15.7924 16.04
      vertex -38.5759 -16.1077 4
      vertex -38.5759 -16.1077 16.04
    endloop
  endfacet
  facet normal 0.9415 -0.337014 0
    outer loop
      vertex -31.5545 -19.8607 16.04
      vertex -31.4222 -19.4911 4
      vertex -31.4222 -19.4911 16.04
    endloop
  endfacet
  facet normal 0.9415 -0.337014 0
    outer loop
      vertex -31.4222 -19.4911 4
      vertex -31.5545 -19.8607 16.04
      vertex -31.5545 -19.8607 4
    endloop
  endfacet
  facet normal -0.85774 0.514084 0
    outer loop
      vertex -38.7777 -16.4444 4
      vertex -38.5759 -16.1077 16.04
      vertex -38.5759 -16.1077 4
    endloop
  endfacet
  facet normal -0.85774 0.514084 0
    outer loop
      vertex -38.5759 -16.1077 16.04
      vertex -38.7777 -16.4444 4
      vertex -38.7777 -16.4444 16.04
    endloop
  endfacet
  facet normal -0.0491626 -0.998791 0
    outer loop
      vertex -35.6421 -22.3107 4
      vertex -35.25 -22.33 16.04
      vertex -35.6421 -22.3107 16.04
    endloop
  endfacet
  facet normal -0.0491626 -0.998791 -0
    outer loop
      vertex -35.25 -22.33 16.04
      vertex -35.6421 -22.3107 4
      vertex -35.25 -22.33 4
    endloop
  endfacet
  facet normal 0.740908 -0.671607 0
    outer loop
      vertex -32.4216 -21.1584 16.04
      vertex -32.158 -20.8676 4
      vertex -32.158 -20.8676 16.04
    endloop
  endfacet
  facet normal 0.740908 -0.671607 0
    outer loop
      vertex -32.158 -20.8676 4
      vertex -32.4216 -21.1584 16.04
      vertex -32.4216 -21.1584 4
    endloop
  endfacet
  facet normal -0.904044 -0.42744 0
    outer loop
      vertex -38.7777 -20.2156 4
      vertex -38.9455 -19.8607 16.04
      vertex -38.9455 -19.8607 4
    endloop
  endfacet
  facet normal -0.904044 -0.42744 0
    outer loop
      vertex -38.9455 -19.8607 16.04
      vertex -38.7777 -20.2156 4
      vertex -38.7777 -20.2156 16.04
    endloop
  endfacet
  facet normal -0.337014 -0.9415 0
    outer loop
      vertex -36.7807 -22.0255 4
      vertex -36.4111 -22.1578 16.04
      vertex -36.7807 -22.0255 16.04
    endloop
  endfacet
  facet normal -0.337014 -0.9415 -0
    outer loop
      vertex -36.4111 -22.1578 16.04
      vertex -36.7807 -22.0255 4
      vertex -36.4111 -22.1578 4
    endloop
  endfacet
  facet normal -0.242835 -0.970068 0
    outer loop
      vertex -36.4111 -22.1578 4
      vertex -36.0304 -22.2531 16.04
      vertex -36.4111 -22.1578 16.04
    endloop
  endfacet
  facet normal -0.242835 -0.970068 -0
    outer loop
      vertex -36.0304 -22.2531 16.04
      vertex -36.4111 -22.1578 4
      vertex -36.0304 -22.2531 4
    endloop
  endfacet
  facet normal 0.740806 -0.671719 0
    outer loop
      vertex 50.5355 -28.5355 4
      vertex 50.8651 -28.172 0
      vertex 50.8651 -28.172 4
    endloop
  endfacet
  facet normal 0.740806 -0.671719 0
    outer loop
      vertex 50.8651 -28.172 0
      vertex 50.5355 -28.5355 4
      vertex 50.5355 -28.5355 0
    endloop
  endfacet
  facet normal 0 1 -0
    outer loop
      vertex 47 30 0
      vertex -47 30 4
      vertex 47 30 4
    endloop
  endfacet
  facet normal 0 1 0
    outer loop
      vertex -47 30 4
      vertex 47 30 0
      vertex -47 30 0
    endloop
  endfacet
  facet normal 0 -1 0
    outer loop
      vertex -47 -30 0
      vertex 47 -30 4
      vertex -47 -30 4
    endloop
  endfacet
  facet normal 0 -1 -0
    outer loop
      vertex 47 -30 4
      vertex -47 -30 0
      vertex 47 -30 0
    endloop
  endfacet
  facet normal -0.80329 0.595588 0
    outer loop
      vertex -51.1573 27.7779 0
      vertex -50.8651 28.172 4
      vertex -50.8651 28.172 0
    endloop
  endfacet
  facet normal -0.80329 0.595588 0
    outer loop
      vertex -50.8651 28.172 4
      vertex -51.1573 27.7779 0
      vertex -51.1573 27.7779 4
    endloop
  endfacet
  facet normal 0.998793 -0.0491143 0
    outer loop
      vertex 51.9759 -25.4901 4
      vertex 52 -25 0
      vertex 52 -25 4
    endloop
  endfacet
  facet normal 0.998793 -0.0491143 0
    outer loop
      vertex 52 -25 0
      vertex 51.9759 -25.4901 4
      vertex 51.9759 -25.4901 0
    endloop
  endfacet
  facet normal -0.595588 0.80329 0
    outer loop
      vertex -49.7779 29.1573 0
      vertex -50.172 28.8651 4
      vertex -49.7779 29.1573 4
    endloop
  endfacet
  facet normal -0.595588 0.80329 0
    outer loop
      vertex -50.172 28.8651 4
      vertex -49.7779 29.1573 0
      vertex -50.172 28.8651 0
    endloop
  endfacet
  facet normal 1 -0 0
    outer loop
      vertex 52 -25 4
      vertex 52 25 0
      vertex 52 25 4
    endloop
  endfacet
  facet normal 1 0 0
    outer loop
      vertex 52 25 0
      vertex 52 -25 4
      vertex 52 -25 0
    endloop
  endfacet
  facet normal -1 0 0
    outer loop
      vertex -52 -25 0
      vertex -52 25 4
      vertex -52 25 0
    endloop
  endfacet
  facet normal -1 -0 0
    outer loop
      vertex -52 25 4
      vertex -52 -25 0
      vertex -52 -25 4
    endloop
  endfacet
  facet normal 0.970034 -0.242967 0
    outer loop
      vertex 51.7847 -26.4514 4
      vertex 51.9039 -25.9755 0
      vertex 51.9039 -25.9755 4
    endloop
  endfacet
  facet normal 0.970034 -0.242967 0
    outer loop
      vertex 51.9039 -25.9755 0
      vertex 51.7847 -26.4514 4
      vertex 51.7847 -26.4514 0
    endloop
  endfacet
  facet normal 0.0491143 -0.998793 0
    outer loop
      vertex 47 -30 0
      vertex 47.4901 -29.9759 4
      vertex 47 -30 4
    endloop
  endfacet
  facet normal 0.0491143 -0.998793 0
    outer loop
      vertex 47.4901 -29.9759 4
      vertex 47 -30 0
      vertex 47.4901 -29.9759 0
    endloop
  endfacet
  facet normal -0.998793 0.0491143 0
    outer loop
      vertex -52 25 0
      vertex -51.9759 25.4901 4
      vertex -51.9759 25.4901 0
    endloop
  endfacet
  facet normal -0.998793 0.0491143 0
    outer loop
      vertex -51.9759 25.4901 4
      vertex -52 25 0
      vertex -52 25 4
    endloop
  endfacet
  facet normal -0.903995 -0.427543 0
    outer loop
      vertex -51.4096 -27.357 0
      vertex -51.6194 -26.9134 4
      vertex -51.6194 -26.9134 0
    endloop
  endfacet
  facet normal -0.903995 -0.427543 0
    outer loop
      vertex -51.6194 -26.9134 4
      vertex -51.4096 -27.357 0
      vertex -51.4096 -27.357 4
    endloop
  endfacet
  facet normal -0.242967 -0.970034 0
    outer loop
      vertex -48.4514 -29.7847 0
      vertex -47.9755 -29.9039 4
      vertex -48.4514 -29.7847 4
    endloop
  endfacet
  facet normal -0.242967 -0.970034 -0
    outer loop
      vertex -47.9755 -29.9039 4
      vertex -48.4514 -29.7847 0
      vertex -47.9755 -29.9039 0
    endloop
  endfacet
  facet normal 0.671719 -0.740806 0
    outer loop
      vertex 50.172 -28.8651 0
      vertex 50.5355 -28.5355 4
      vertex 50.172 -28.8651 4
    endloop
  endfacet
  facet normal 0.671719 -0.740806 0
    outer loop
      vertex 50.5355 -28.5355 4
      vertex 50.172 -28.8651 0
      vertex 50.5355 -28.5355 0
    endloop
  endfacet
  facet normal 0.998793 0.0491143 0
    outer loop
      vertex 52 25 4
      vertex 51.9759 25.4901 0
      vertex 51.9759 25.4901 4
    endloop
  endfacet
  facet normal 0.998793 0.0491143 0
    outer loop
      vertex 51.9759 25.4901 0
      vertex 52 25 4
      vertex 52 25 0
    endloop
  endfacet
  facet normal 0.427543 -0.903995 0
    outer loop
      vertex 48.9134 -29.6194 0
      vertex 49.357 -29.4096 4
      vertex 48.9134 -29.6194 4
    endloop
  endfacet
  facet normal 0.427543 -0.903995 0
    outer loop
      vertex 49.357 -29.4096 4
      vertex 48.9134 -29.6194 0
      vertex 49.357 -29.4096 0
    endloop
  endfacet
  facet normal 0.595588 -0.80329 0
    outer loop
      vertex 49.7779 -29.1573 0
      vertex 50.172 -28.8651 4
      vertex 49.7779 -29.1573 4
    endloop
  endfacet
  facet normal 0.595588 -0.80329 0
    outer loop
      vertex 50.172 -28.8651 4
      vertex 49.7779 -29.1573 0
      vertex 50.172 -28.8651 0
    endloop
  endfacet
  facet normal 0.80329 -0.595588 0
    outer loop
      vertex 50.8651 -28.172 4
      vertex 51.1573 -27.7779 0
      vertex 51.1573 -27.7779 4
    endloop
  endfacet
  facet normal 0.80329 -0.595588 0
    outer loop
      vertex 51.1573 -27.7779 0
      vertex 50.8651 -28.172 4
      vertex 50.8651 -28.172 0
    endloop
  endfacet
  facet normal -0.0491143 -0.998793 0
    outer loop
      vertex -47.4901 -29.9759 0
      vertex -47 -30 4
      vertex -47.4901 -29.9759 4
    endloop
  endfacet
  facet normal -0.0491143 -0.998793 -0
    outer loop
      vertex -47 -30 4
      vertex -47.4901 -29.9759 0
      vertex -47 -30 0
    endloop
  endfacet
  facet normal 0.740806 0.671719 0
    outer loop
      vertex 50.8651 28.172 4
      vertex 50.5355 28.5355 0
      vertex 50.5355 28.5355 4
    endloop
  endfacet
  facet normal 0.740806 0.671719 0
    outer loop
      vertex 50.5355 28.5355 0
      vertex 50.8651 28.172 4
      vertex 50.8651 28.172 0
    endloop
  endfacet
  facet normal -0.242967 0.970034 0
    outer loop
      vertex -47.9755 29.9039 0
      vertex -48.4514 29.7847 4
      vertex -47.9755 29.9039 4
    endloop
  endfacet
  facet normal -0.242967 0.970034 0
    outer loop
      vertex -48.4514 29.7847 4
      vertex -47.9755 29.9039 0
      vertex -48.4514 29.7847 0
    endloop
  endfacet
  facet normal -0.941548 -0.336879 0
    outer loop
      vertex -51.6194 -26.9134 0
      vertex -51.7847 -26.4514 4
      vertex -51.7847 -26.4514 0
    endloop
  endfacet
  facet normal -0.941548 -0.336879 0
    outer loop
      vertex -51.7847 -26.4514 4
      vertex -51.6194 -26.9134 0
      vertex -51.6194 -26.9134 4
    endloop
  endfacet
  facet normal -0.941548 0.336879 0
    outer loop
      vertex -51.7847 26.4514 0
      vertex -51.6194 26.9134 4
      vertex -51.6194 26.9134 0
    endloop
  endfacet
  facet normal -0.941548 0.336879 0
    outer loop
      vertex -51.6194 26.9134 4
      vertex -51.7847 26.4514 0
      vertex -51.7847 26.4514 4
    endloop
  endfacet
  facet normal -0.740806 -0.671719 0
    outer loop
      vertex -50.5355 -28.5355 0
      vertex -50.8651 -28.172 4
      vertex -50.8651 -28.172 0
    endloop
  endfacet
  facet normal -0.740806 -0.671719 0
    outer loop
      vertex -50.8651 -28.172 4
      vertex -50.5355 -28.5355 0
      vertex -50.5355 -28.5355 4
    endloop
  endfacet
  facet normal 0.989177 -0.146726 0
    outer loop
      vertex 51.9039 -25.9755 4
      vertex 51.9759 -25.4901 0
      vertex 51.9759 -25.4901 4
    endloop
  endfacet
  facet normal 0.989177 -0.146726 0
    outer loop
      vertex 51.9759 -25.4901 0
      vertex 51.9039 -25.9755 4
      vertex 51.9039 -25.9755 0
    endloop
  endfacet
  facet normal -0.595588 -0.80329 0
    outer loop
      vertex -50.172 -28.8651 0
      vertex -49.7779 -29.1573 4
      vertex -50.172 -28.8651 4
    endloop
  endfacet
  facet normal -0.595588 -0.80329 -0
    outer loop
      vertex -49.7779 -29.1573 4
      vertex -50.172 -28.8651 0
      vertex -49.7779 -29.1573 0
    endloop
  endfacet
  facet normal 0.970034 0.242967 0
    outer loop
      vertex 51.9039 25.9755 4
      vertex 51.7847 26.4514 0
      vertex 51.7847 26.4514 4
    endloop
  endfacet
  facet normal 0.970034 0.242967 0
    outer loop
      vertex 51.7847 26.4514 0
      vertex 51.9039 25.9755 4
      vertex 51.9039 25.9755 0
    endloop
  endfacet
  facet normal -0.336879 -0.941548 0
    outer loop
      vertex -48.9134 -29.6194 0
      vertex -48.4514 -29.7847 4
      vertex -48.9134 -29.6194 4
    endloop
  endfacet
  facet normal -0.336879 -0.941548 -0
    outer loop
      vertex -48.4514 -29.7847 4
      vertex -48.9134 -29.6194 0
      vertex -48.4514 -29.7847 0
    endloop
  endfacet
  facet normal 0.242967 -0.970034 0
    outer loop
      vertex 47.9755 -29.9039 0
      vertex 48.4514 -29.7847 4
      vertex 47.9755 -29.9039 4
    endloop
  endfacet
  facet normal 0.242967 -0.970034 0
    outer loop
      vertex 48.4514 -29.7847 4
      vertex 47.9755 -29.9039 0
      vertex 48.4514 -29.7847 0
    endloop
  endfacet
  facet normal 0.989177 0.146726 0
    outer loop
      vertex 51.9759 25.4901 4
      vertex 51.9039 25.9755 0
      vertex 51.9039 25.9755 4
    endloop
  endfacet
  facet normal 0.989177 0.146726 0
    outer loop
      vertex 51.9039 25.9755 0
      vertex 51.9759 25.4901 4
      vertex 51.9759 25.4901 0
    endloop
  endfacet
  facet normal 0.514136 0.857709 -0
    outer loop
      vertex 49.7779 29.1573 0
      vertex 49.357 29.4096 4
      vertex 49.7779 29.1573 4
    endloop
  endfacet
  facet normal 0.514136 0.857709 0
    outer loop
      vertex 49.357 29.4096 4
      vertex 49.7779 29.1573 0
      vertex 49.357 29.4096 0
    endloop
  endfacet
  facet normal 0 0 1
    outer loop
      vertex -39.1731 19.1104 4
      vertex -43.6043 21.2994 4
      vertex -39.2307 18.7221 4
    endloop
  endfacet
  facet normal 0 0 1
    outer loop
      vertex -38.7777 -16.4444 4
      vertex -42.8106 -22.7844 4
      vertex -42.8 -23 4
    endloop
  endfacet
  facet normal -0 0 1
    outer loop
      vertex -43.7777 21.1708 4
      vertex -39.2307 18.7221 4
      vertex -43.6043 21.2994 4
    endloop
  endfacet
  facet normal 0 0 1
    outer loop
      vertex -38.7777 -16.4444 4
      vertex -42.8423 -22.5708 4
      vertex -42.8106 -22.7844 4
    endloop
  endfacet
  facet normal 0 0 1
    outer loop
      vertex -39.2307 18.7221 4
      vertex -43.7777 21.1708 4
      vertex -39.25 18.33 4
    endloop
  endfacet
  facet normal 0 0 1
    outer loop
      vertex -38.7777 -16.4444 4
      vertex -42.8947 -22.3614 4
      vertex -42.8423 -22.5708 4
    endloop
  endfacet
  facet normal -0 0 1
    outer loop
      vertex -43.9629 21.0598 4
      vertex -39.25 18.33 4
      vertex -43.7777 21.1708 4
    endloop
  endfacet
  facet normal 0 0 1
    outer loop
      vertex -38.7777 -16.4444 4
      vertex -42.9675 -22.1581 4
      vertex -42.8947 -22.3614 4
    endloop
  endfacet
  facet normal 0 0 1
    outer loop
      vertex -39.25 18.33 4
      vertex -43.9629 21.0598 4
      vertex -39.2307 17.9379 4
    endloop
  endfacet
  facet normal 0 0 1
    outer loop
      vertex -38.7777 -16.4444 4
      vertex -43.0598 -21.9629 4
      vertex -42.9675 -22.1581 4
    endloop
  endfacet
  facet normal -0 0 1
    outer loop
      vertex -44.1581 20.9675 4
      vertex -39.2307 17.9379 4
      vertex -43.9629 21.0598 4
    endloop
  endfacet
  facet normal 0 0 1
    outer loop
      vertex -38.7777 -16.4444 4
      vertex -43.1708 -21.7777 4
      vertex -43.0598 -21.9629 4
    endloop
  endfacet
  facet normal -0 0 1
    outer loop
      vertex -44.3614 20.8947 4
      vertex -39.2307 17.9379 4
      vertex -44.1581 20.9675 4
    endloop
  endfacet
  facet normal 0 0 1
    outer loop
      vertex -38.7777 -16.4444 4
      vertex -43.2994 -21.6043 4
      vertex -43.1708 -21.7777 4
    endloop
  endfacet
  facet normal 0 0 1
    outer loop
      vertex -39.2307 17.9379 4
      vertex -44.3614 20.8947 4
      vertex -39.1731 17.5496 4
    endloop
  endfacet
  facet normal 0 0 1
    outer loop
      vertex -38.7777 -16.4444 4
      vertex -43.4444 -21.4444 4
      vertex -43.2994 -21.6043 4
    endloop
  endfacet
  facet normal -0 0 1
    outer loop
      vertex -44.5708 20.8423 4
      vertex -39.1731 17.5496 4
      vertex -44.3614 20.8947 4
    endloop
  endfacet
  facet normal 0 0 1
    outer loop
      vertex -38.7777 -16.4444 4
      vertex -43.6043 -21.2994 4
      vertex -43.4444 -21.4444 4
    endloop
  endfacet
  facet normal 0 0 1
    outer loop
      vertex -39.1731 17.5496 4
      vertex -44.5708 20.8423 4
      vertex -39.0778 17.1689 4
    endloop
  endfacet
  facet normal 0 0 1
    outer loop
      vertex -38.7777 -16.4444 4
      vertex -43.7777 -21.1708 4
      vertex -43.6043 -21.2994 4
    endloop
  endfacet
  facet normal -0 0 1
    outer loop
      vertex -44.7844 20.8106 4
      vertex -39.0778 17.1689 4
      vertex -44.5708 20.8423 4
    endloop
  endfacet
  facet normal 0 0 1
    outer loop
      vertex -38.7777 -16.4444 4
      vertex -43.9629 -21.0598 4
      vertex -43.7777 -21.1708 4
    endloop
  endfacet
  facet normal 0 0 1
    outer loop
      vertex -39.0778 17.1689 4
      vertex -44.7844 20.8106 4
      vertex -38.9455 16.7993 4
    endloop
  endfacet
  facet normal 0 0 1
    outer loop
      vertex -38.7777 -16.4444 4
      vertex -44.1581 -20.9675 4
      vertex -43.9629 -21.0598 4
    endloop
  endfacet
  facet normal -0 0 1
    outer loop
      vertex -45 20.8 4
      vertex -38.9455 16.7993 4
      vertex -44.7844 20.8106 4
    endloop
  endfacet
  facet normal 0 0 1
    outer loop
      vertex -38.7777 -16.4444 4
      vertex -44.3614 -20.8947 4
      vertex -44.1581 -20.9675 4
    endloop
  endfacet
  facet normal 0 0 1
    outer loop
      vertex -38.9455 16.7993 4
      vertex -45 20.8 4
      vertex -38.7777 16.4444 4
    endloop
  endfacet
  facet normal 0 0 1
    outer loop
      vertex -38.7777 -16.4444 4
      vertex -44.5708 -20.8423 4
      vertex -44.3614 -20.8947 4
    endloop
  endfacet
  facet normal 0 0 1
    outer loop
      vertex -45.2156 20.8106 4
      vertex -38.7777 16.4444 4
      vertex -45 20.8 4
    endloop
  endfacet
  facet normal 0 0 1
    outer loop
      vertex -38.7777 -16.4444 4
      vertex -44.7844 -20.8106 4
      vertex -44.5708 -20.8423 4
    endloop
  endfacet
  facet normal 0 0 1
    outer loop
      vertex -45.4292 20.8423 4
      vertex -38.7777 16.4444 4
      vertex -45.2156 20.8106 4
    endloop
  endfacet
  facet normal 0 0 1
    outer loop
      vertex -38.7777 -16.4444 4
      vertex -45 -20.8 4
      vertex -44.7844 -20.8106 4
    endloop
  endfacet
  facet normal 0 0 1
    outer loop
      vertex -45.6386 20.8947 4
      vertex -38.7777 16.4444 4
      vertex -45.4292 20.8423 4
    endloop
  endfacet
  facet normal 0 0 1
    outer loop
      vertex -38.7777 -16.4444 4
      vertex -45.2156 -20.8106 4
      vertex -45 -20.8 4
    endloop
  endfacet
  facet normal 0 0 1
    outer loop
      vertex -45.8419 20.9675 4
      vertex -38.7777 16.4444 4
      vertex -45.6386 20.8947 4
    endloop
  endfacet
  facet normal 0 0 1
    outer loop
      vertex -38.7777 -16.4444 4
      vertex -45.4292 -20.8423 4
      vertex -45.2156 -20.8106 4
    endloop
  endfacet
  facet normal 0 0 1
    outer loop
      vertex -38.7777 16.4444 4
      vertex -45.8419 20.9675 4
      vertex -38.7777 -16.4444 4
    endloop
  endfacet
  facet normal 0 0 1
    outer loop
      vertex -38.7777 -16.4444 4
      vertex -45.6386 -20.8947 4
      vertex -45.4292 -20.8423 4
    endloop
  endfacet
  facet normal 0 0 1
    outer loop
      vertex -45.8419 -20.9675 4
      vertex -38.7777 -16.4444 4
      vertex -45.8419 20.9675 4
    endloop
  endfacet
  facet normal 0 0 1
    outer loop
      vertex -38.7777 -16.4444 4
      vertex -45.8419 -20.9675 4
      vertex -45.6386 -20.8947 4
    endloop
  endfacet
  facet normal 0 0 1
    outer loop
      vertex -46.0371 21.0598 4
      vertex -45.8419 -20.9675 4
      vertex -45.8419 20.9675 4
    endloop
  endfacet
  facet normal 0 0 1
    outer loop
      vertex -46.0371 21.0598 4
      vertex -46.0371 -21.0598 4
      vertex -45.8419 -20.9675 4
    endloop
  endfacet
  facet normal 0 0 1
    outer loop
      vertex -46.2223 21.1708 4
      vertex -46.0371 -21.0598 4
      vertex -46.0371 21.0598 4
    endloop
  endfacet
  facet normal 0 0 1
    outer loop
      vertex -46.2223 21.1708 4
      vertex -46.2223 -21.1708 4
      vertex -46.0371 -21.0598 4
    endloop
  endfacet
  facet normal 0 0 1
    outer loop
      vertex -46.3957 21.2994 4
      vertex -46.2223 -21.1708 4
      vertex -46.2223 21.1708 4
    endloop
  endfacet
  facet normal 0 0 1
    outer loop
      vertex -46.3957 21.2994 4
      vertex -46.3957 -21.2994 4
      vertex -46.2223 -21.1708 4
    endloop
  endfacet
  facet normal 0 0 1
    outer loop
      vertex -52 25 4
      vertex -46.3957 21.2994 4
      vertex -46.5556 21.4444 4
    endloop
  endfacet
  facet normal 0 0 1
    outer loop
      vertex -46.3957 21.2994 4
      vertex -52 25 4
      vertex -46.3957 -21.2994 4
    endloop
  endfacet
  facet normal 0 0 1
    outer loop
      vertex -52 25 4
      vertex -46.5556 21.4444 4
      vertex -46.7006 21.6043 4
    endloop
  endfacet
  facet normal 0 0 1
    outer loop
      vertex -52 -25 4
      vertex -46.3957 -21.2994 4
      vertex -52 25 4
    endloop
  endfacet
  facet normal 0 0 1
    outer loop
      vertex -52 25 4
      vertex -46.7006 21.6043 4
      vertex -46.8292 21.7777 4
    endloop
  endfacet
  facet normal 0 0 1
    outer loop
      vertex -46.3957 -21.2994 4
      vertex -52 -25 4
      vertex -46.5556 -21.4444 4
    endloop
  endfacet
  facet normal 0 0 1
    outer loop
      vertex -52 25 4
      vertex -46.8292 21.7777 4
      vertex -46.9402 21.9629 4
    endloop
  endfacet
  facet normal 0 0 1
    outer loop
      vertex -46.5556 -21.4444 4
      vertex -52 -25 4
      vertex -46.7006 -21.6043 4
    endloop
  endfacet
  facet normal 0 0 1
    outer loop
      vertex -52 25 4
      vertex -46.9402 21.9629 4
      vertex -47.0325 22.1581 4
    endloop
  endfacet
  facet normal 0 0 1
    outer loop
      vertex -46.7006 -21.6043 4
      vertex -52 -25 4
      vertex -46.8292 -21.7777 4
    endloop
  endfacet
  facet normal 0 0 1
    outer loop
      vertex -52 25 4
      vertex -47.0325 22.1581 4
      vertex -47.1053 22.3614 4
    endloop
  endfacet
  facet normal 0 0 1
    outer loop
      vertex -46.8292 -21.7777 4
      vertex -52 -25 4
      vertex -46.9402 -21.9629 4
    endloop
  endfacet
  facet normal 0 0 1
    outer loop
      vertex -52 25 4
      vertex -47.1053 22.3614 4
      vertex -47.1577 22.5708 4
    endloop
  endfacet
  facet normal 0 0 1
    outer loop
      vertex -46.9402 -21.9629 4
      vertex -52 -25 4
      vertex -47.0325 -22.1581 4
    endloop
  endfacet
  facet normal 0 0 1
    outer loop
      vertex -52 25 4
      vertex -47.1577 22.5708 4
      vertex -47.1894 22.7844 4
    endloop
  endfacet
  facet normal 0 0 1
    outer loop
      vertex -47.0325 -22.1581 4
      vertex -52 -25 4
      vertex -47.1053 -22.3614 4
    endloop
  endfacet
  facet normal 0 0 1
    outer loop
      vertex -52 25 4
      vertex -47.1894 22.7844 4
      vertex -47.2 23 4
    endloop
  endfacet
  facet normal 0 0 1
    outer loop
      vertex -47.1053 -22.3614 4
      vertex -52 -25 4
      vertex -47.1577 -22.5708 4
    endloop
  endfacet
  facet normal 0 0 1
    outer loop
      vertex 31.2693 -17.9379 4
      vertex -31.25 -18.33 4
      vertex 31.25 -18.33 4
    endloop
  endfacet
  facet normal 0 0 1
    outer loop
      vertex -31.2693 -17.9379 4
      vertex 31.2693 -17.9379 4
      vertex 31.3269 -17.5496 4
    endloop
  endfacet
  facet normal 0 0 1
    outer loop
      vertex -31.3269 -17.5496 4
      vertex 31.3269 -17.5496 4
      vertex 31.3819 -17.33 4
    endloop
  endfacet
  facet normal 0 0 1
    outer loop
      vertex 31.2693 -17.9379 4
      vertex -31.2693 -17.9379 4
      vertex -31.25 -18.33 4
    endloop
  endfacet
  facet normal 0 0 1
    outer loop
      vertex 31.3269 -17.5496 4
      vertex -31.3269 -17.5496 4
      vertex -31.2693 -17.9379 4
    endloop
  endfacet
  facet normal 0 -0 1
    outer loop
      vertex -31.3269 -17.5496 4
      vertex 31.3819 -17.33 4
      vertex -31.3819 -17.33 4
    endloop
  endfacet
  facet normal -0 0 1
    outer loop
      vertex 45.2156 20.8106 4
      vertex 38.7777 16.4444 4
      vertex 45.4292 20.8423 4
    endloop
  endfacet
  facet normal 0 0 1
    outer loop
      vertex 45.4292 -20.8423 4
      vertex 39.2307 -17.9379 4
      vertex 39.25 -18.33 4
    endloop
  endfacet
  facet normal 0 0 1
    outer loop
      vertex 38.5759 16.1077 4
      vertex 45.4292 20.8423 4
      vertex 38.7777 16.4444 4
    endloop
  endfacet
  facet normal 0 0 1
    outer loop
      vertex 45.4292 -20.8423 4
      vertex 39.1731 -17.5496 4
      vertex 39.2307 -17.9379 4
    endloop
  endfacet
  facet normal -0 0 1
    outer loop
      vertex 45.4292 20.8423 4
      vertex 38.5759 16.1077 4
      vertex 45.6386 20.8947 4
    endloop
  endfacet
  facet normal 0 0 1
    outer loop
      vertex 45.4292 -20.8423 4
      vertex 39.0778 -17.1689 4
      vertex 39.1731 -17.5496 4
    endloop
  endfacet
  facet normal 0 0 1
    outer loop
      vertex 38.342 15.7924 4
      vertex 45.6386 20.8947 4
      vertex 38.5759 16.1077 4
    endloop
  endfacet
  facet normal 0 0 1
    outer loop
      vertex 45.4292 -20.8423 4
      vertex 38.9455 -16.7993 4
      vertex 39.0778 -17.1689 4
    endloop
  endfacet
  facet normal 0 0 1
    outer loop
      vertex 38.0784 15.5016 4
      vertex 45.6386 20.8947 4
      vertex 38.342 15.7924 4
    endloop
  endfacet
  facet normal 0 0 1
    outer loop
      vertex 45.4292 -20.8423 4
      vertex 38.7777 -16.4444 4
      vertex 38.9455 -16.7993 4
    endloop
  endfacet
  facet normal 0 0 1
    outer loop
      vertex 45.6386 20.8947 4
      vertex 38.0784 15.5016 4
      vertex 45.6386 -20.8947 4
    endloop
  endfacet
  facet normal 0 0 1
    outer loop
      vertex 45.4292 -20.8423 4
      vertex 38.5759 -16.1077 4
      vertex 38.7777 -16.4444 4
    endloop
  endfacet
  facet normal -0 0 1
    outer loop
      vertex 38.0784 -15.5016 4
      vertex 45.6386 -20.8947 4
      vertex 38.0784 15.5016 4
    endloop
  endfacet
  facet normal 0 0 1
    outer loop
      vertex 45.6386 -20.8947 4
      vertex 38.5759 -16.1077 4
      vertex 45.4292 -20.8423 4
    endloop
  endfacet
  facet normal -0 -0 1
    outer loop
      vertex 38.342 -15.7924 4
      vertex 45.6386 -20.8947 4
      vertex 38.0784 -15.5016 4
    endloop
  endfacet
  facet normal -0 -0 1
    outer loop
      vertex 38.5759 -16.1077 4
      vertex 45.6386 -20.8947 4
      vertex 38.342 -15.7924 4
    endloop
  endfacet
  facet normal -0 0 1
    outer loop
      vertex 37.7876 15.238 4
      vertex 38.0784 -15.5016 4
      vertex 38.0784 15.5016 4
    endloop
  endfacet
  facet normal 0 0 1
    outer loop
      vertex 37.7876 15.238 4
      vertex 37.7876 -15.238 4
      vertex 38.0784 -15.5016 4
    endloop
  endfacet
  facet normal -0 0 1
    outer loop
      vertex 37.4723 15.0041 4
      vertex 37.7876 -15.238 4
      vertex 37.7876 15.238 4
    endloop
  endfacet
  facet normal 0 0 1
    outer loop
      vertex 37.4723 15.0041 4
      vertex 37.4723 -15.0041 4
      vertex 37.7876 -15.238 4
    endloop
  endfacet
  facet normal -0 0 1
    outer loop
      vertex 37.1356 14.8023 4
      vertex 37.4723 -15.0041 4
      vertex 37.4723 15.0041 4
    endloop
  endfacet
  facet normal 0 0 1
    outer loop
      vertex 37.1356 14.8023 4
      vertex 37.1356 -14.8023 4
      vertex 37.4723 -15.0041 4
    endloop
  endfacet
  facet normal -0 0 1
    outer loop
      vertex 36.7807 14.6345 4
      vertex 37.1356 -14.8023 4
      vertex 37.1356 14.8023 4
    endloop
  endfacet
  facet normal 0 0 1
    outer loop
      vertex 36.7807 14.6345 4
      vertex 36.7807 -14.6345 4
      vertex 37.1356 -14.8023 4
    endloop
  endfacet
  facet normal -0 0 1
    outer loop
      vertex 36.4111 14.5022 4
      vertex 36.7807 -14.6345 4
      vertex 36.7807 14.6345 4
    endloop
  endfacet
  facet normal 0 0 1
    outer loop
      vertex 36.4111 14.5022 4
      vertex 36.4111 -14.5022 4
      vertex 36.7807 -14.6345 4
    endloop
  endfacet
  facet normal -0 0 1
    outer loop
      vertex 36.0304 14.4069 4
      vertex 36.4111 -14.5022 4
      vertex 36.4111 14.5022 4
    endloop
  endfacet
  facet normal 0 0 1
    outer loop
      vertex 36.0304 14.4069 4
      vertex 36.0304 -14.4069 4
      vertex 36.4111 -14.5022 4
    endloop
  endfacet
  facet normal -0 0 1
    outer loop
      vertex 35.6421 14.3493 4
      vertex 36.0304 -14.4069 4
      vertex 36.0304 14.4069 4
    endloop
  endfacet
  facet normal 0 0 1
    outer loop
      vertex 35.6421 14.3493 4
      vertex 35.6421 -14.3493 4
      vertex 36.0304 -14.4069 4
    endloop
  endfacet
  facet normal -0 0 1
    outer loop
      vertex 35.25 14.33 4
      vertex 35.6421 -14.3493 4
      vertex 35.6421 14.3493 4
    endloop
  endfacet
  facet normal 0 0 1
    outer loop
      vertex 35.25 14.33 4
      vertex 35.25 -14.33 4
      vertex 35.6421 -14.3493 4
    endloop
  endfacet
  facet normal 0 0 1
    outer loop
      vertex 34.8579 14.3493 4
      vertex 35.25 -14.33 4
      vertex 35.25 14.33 4
    endloop
  endfacet
  facet normal 0 0 1
    outer loop
      vertex 34.8579 14.3493 4
      vertex 34.8579 -14.3493 4
      vertex 35.25 -14.33 4
    endloop
  endfacet
  facet normal 0 0 1
    outer loop
      vertex 34.4696 14.4069 4
      vertex 34.8579 -14.3493 4
      vertex 34.8579 14.3493 4
    endloop
  endfacet
  facet normal 0 0 1
    outer loop
      vertex 34.4696 14.4069 4
      vertex 34.4696 -14.4069 4
      vertex 34.8579 -14.3493 4
    endloop
  endfacet
  facet normal 0 0 1
    outer loop
      vertex 34.25 14.4619 4
      vertex 34.4696 -14.4069 4
      vertex 34.4696 14.4069 4
    endloop
  endfacet
  facet normal 0 0 1
    outer loop
      vertex 34.4696 -14.4069 4
      vertex 34.25 14.4619 4
      vertex 34.25 -14.4619 4
    endloop
  endfacet
  facet normal 0 0 1
    outer loop
      vertex 47.1053 22.3614 4
      vertex 52 25 4
      vertex 47.1577 22.5708 4
    endloop
  endfacet
  facet normal 0 0 1
    outer loop
      vertex 52 -25 4
      vertex 47.1894 -22.7844 4
      vertex 47.2 -23 4
    endloop
  endfacet
  facet normal 0 0 1
    outer loop
      vertex 47.0325 22.1581 4
      vertex 52 25 4
      vertex 47.1053 22.3614 4
    endloop
  endfacet
  facet normal 0 0 1
    outer loop
      vertex 52 -25 4
      vertex 47.1577 -22.5708 4
      vertex 47.1894 -22.7844 4
    endloop
  endfacet
  facet normal 0 0 1
    outer loop
      vertex 46.9402 21.9629 4
      vertex 52 25 4
      vertex 47.0325 22.1581 4
    endloop
  endfacet
  facet normal 0 0 1
    outer loop
      vertex 52 -25 4
      vertex 47.1053 -22.3614 4
      vertex 47.1577 -22.5708 4
    endloop
  endfacet
  facet normal 0 0 1
    outer loop
      vertex 46.8292 21.7777 4
      vertex 52 25 4
      vertex 46.9402 21.9629 4
    endloop
  endfacet
  facet normal 0 0 1
    outer loop
      vertex 52 -25 4
      vertex 47.0325 -22.1581 4
      vertex 47.1053 -22.3614 4
    endloop
  endfacet
  facet normal 0 0 1
    outer loop
      vertex 46.7006 21.6043 4
      vertex 52 25 4
      vertex 46.8292 21.7777 4
    endloop
  endfacet
  facet normal 0 0 1
    outer loop
      vertex 52 -25 4
      vertex 46.9402 -21.9629 4
      vertex 47.0325 -22.1581 4
    endloop
  endfacet
  facet normal 0 0 1
    outer loop
      vertex 46.5556 21.4444 4
      vertex 52 25 4
      vertex 46.7006 21.6043 4
    endloop
  endfacet
  facet normal 0 0 1
    outer loop
      vertex 52 -25 4
      vertex 46.8292 -21.7777 4
      vertex 46.9402 -21.9629 4
    endloop
  endfacet
  facet normal 0 0 1
    outer loop
      vertex 46.3957 21.2994 4
      vertex 52 25 4
      vertex 46.5556 21.4444 4
    endloop
  endfacet
  facet normal 0 0 1
    outer loop
      vertex 52 -25 4
      vertex 46.7006 -21.6043 4
      vertex 46.8292 -21.7777 4
    endloop
  endfacet
  facet normal 0 0 1
    outer loop
      vertex 52 25 4
      vertex 46.3957 21.2994 4
      vertex 52 -25 4
    endloop
  endfacet
  facet normal 0 0 1
    outer loop
      vertex 52 -25 4
      vertex 46.5556 -21.4444 4
      vertex 46.7006 -21.6043 4
    endloop
  endfacet
  facet normal -0 0 1
    outer loop
      vertex 46.3957 -21.2994 4
      vertex 52 -25 4
      vertex 46.3957 21.2994 4
    endloop
  endfacet
  facet normal 0 0 1
    outer loop
      vertex 52 -25 4
      vertex 46.3957 -21.2994 4
      vertex 46.5556 -21.4444 4
    endloop
  endfacet
  facet normal -0 0 1
    outer loop
      vertex 46.2223 21.1708 4
      vertex 46.3957 -21.2994 4
      vertex 46.3957 21.2994 4
    endloop
  endfacet
  facet normal 0 0 1
    outer loop
      vertex 46.2223 21.1708 4
      vertex 46.2223 -21.1708 4
      vertex 46.3957 -21.2994 4
    endloop
  endfacet
  facet normal -0 0 1
    outer loop
      vertex 46.0371 21.0598 4
      vertex 46.2223 -21.1708 4
      vertex 46.2223 21.1708 4
    endloop
  endfacet
  facet normal 0 0 1
    outer loop
      vertex 46.0371 21.0598 4
      vertex 46.0371 -21.0598 4
      vertex 46.2223 -21.1708 4
    endloop
  endfacet
  facet normal -0 0 1
    outer loop
      vertex 45.8419 20.9675 4
      vertex 46.0371 -21.0598 4
      vertex 46.0371 21.0598 4
    endloop
  endfacet
  facet normal 0 0 1
    outer loop
      vertex 45.8419 20.9675 4
      vertex 45.8419 -20.9675 4
      vertex 46.0371 -21.0598 4
    endloop
  endfacet
  facet normal -0 0 1
    outer loop
      vertex 45.6386 20.8947 4
      vertex 45.8419 -20.9675 4
      vertex 45.8419 20.9675 4
    endloop
  endfacet
  facet normal 0 0 1
    outer loop
      vertex 45.6386 20.8947 4
      vertex 45.6386 -20.8947 4
      vertex 45.8419 -20.9675 4
    endloop
  endfacet
  facet normal 0 0 1
    outer loop
      vertex 44.7844 20.8106 4
      vertex 38.9455 16.7993 4
      vertex 45 20.8 4
    endloop
  endfacet
  facet normal -0 0 1
    outer loop
      vertex 45 20.8 4
      vertex 38.9455 16.7993 4
      vertex 45.2156 20.8106 4
    endloop
  endfacet
  facet normal 0 0 1
    outer loop
      vertex 44.5708 20.8423 4
      vertex 39.0778 17.1689 4
      vertex 44.7844 20.8106 4
    endloop
  endfacet
  facet normal 0 0 1
    outer loop
      vertex 38.9455 16.7993 4
      vertex 44.7844 20.8106 4
      vertex 39.0778 17.1689 4
    endloop
  endfacet
  facet normal 0 0 1
    outer loop
      vertex 39.0778 17.1689 4
      vertex 44.5708 20.8423 4
      vertex 39.1731 17.5496 4
    endloop
  endfacet
  facet normal 0 0 1
    outer loop
      vertex 38.7777 16.4444 4
      vertex 45.2156 20.8106 4
      vertex 38.9455 16.7993 4
    endloop
  endfacet
  facet normal 0 0 1
    outer loop
      vertex 44.3614 20.8947 4
      vertex 39.1731 17.5496 4
      vertex 44.5708 20.8423 4
    endloop
  endfacet
  facet normal 0 0 1
    outer loop
      vertex 45.4292 -20.8423 4
      vertex 39.25 -18.33 4
      vertex 45.2156 -20.8106 4
    endloop
  endfacet
  facet normal 0 0 1
    outer loop
      vertex 39.1731 17.5496 4
      vertex 44.3614 20.8947 4
      vertex 39.2307 17.9379 4
    endloop
  endfacet
  facet normal 0 0 1
    outer loop
      vertex 45.2156 -20.8106 4
      vertex 39.25 -18.33 4
      vertex 45 -20.8 4
    endloop
  endfacet
  facet normal 0 0 1
    outer loop
      vertex 44.1581 20.9675 4
      vertex 39.2307 17.9379 4
      vertex 44.3614 20.8947 4
    endloop
  endfacet
  facet normal 0 0 1
    outer loop
      vertex 45 -20.8 4
      vertex 39.25 -18.33 4
      vertex 44.7844 -20.8106 4
    endloop
  endfacet
  facet normal 0 0 1
    outer loop
      vertex 39.2307 17.9379 4
      vertex 44.1581 20.9675 4
      vertex 39.25 18.33 4
    endloop
  endfacet
  facet normal 0 0 1
    outer loop
      vertex 44.7844 -20.8106 4
      vertex 39.25 -18.33 4
      vertex 44.5708 -20.8423 4
    endloop
  endfacet
  facet normal 0 0 1
    outer loop
      vertex 39.25 18.33 4
      vertex 44.1581 20.9675 4
      vertex 43.9629 21.0598 4
    endloop
  endfacet
  facet normal 0 0 1
    outer loop
      vertex 44.5708 -20.8423 4
      vertex 39.25 -18.33 4
      vertex 44.3614 -20.8947 4
    endloop
  endfacet
  facet normal 0 0 1
    outer loop
      vertex 39.25 18.33 4
      vertex 43.9629 21.0598 4
      vertex 43.7777 21.1708 4
    endloop
  endfacet
  facet normal 0 0 1
    outer loop
      vertex 44.3614 -20.8947 4
      vertex 39.25 -18.33 4
      vertex 44.1581 -20.9675 4
    endloop
  endfacet
  facet normal 0 0 1
    outer loop
      vertex 39.2307 18.7221 4
      vertex 43.7777 21.1708 4
      vertex 43.6043 21.2994 4
    endloop
  endfacet
  facet normal 0 0 1
    outer loop
      vertex 44.1581 -20.9675 4
      vertex 39.25 -18.33 4
      vertex 43.9629 -21.0598 4
    endloop
  endfacet
  facet normal 0 0 1
    outer loop
      vertex 39.1731 19.1104 4
      vertex 43.6043 21.2994 4
      vertex 43.4444 21.4444 4
    endloop
  endfacet
  facet normal 0 0 1
    outer loop
      vertex 43.9629 -21.0598 4
      vertex 39.25 -18.33 4
      vertex 43.7777 -21.1708 4
    endloop
  endfacet
  facet normal 0 0 1
    outer loop
      vertex 39.1731 19.1104 4
      vertex 43.4444 21.4444 4
      vertex 43.2994 21.6043 4
    endloop
  endfacet
  facet normal -0 0 1
    outer loop
      vertex 39.2307 -18.7221 4
      vertex 43.7777 -21.1708 4
      vertex 39.25 -18.33 4
    endloop
  endfacet
  facet normal 0 0 1
    outer loop
      vertex 39.0778 19.4911 4
      vertex 43.2994 21.6043 4
      vertex 43.1708 21.7777 4
    endloop
  endfacet
  facet normal 0 0 1
    outer loop
      vertex 43.7777 -21.1708 4
      vertex 39.2307 -18.7221 4
      vertex 43.6043 -21.2994 4
    endloop
  endfacet
  facet normal 0 0 1
    outer loop
      vertex 38.9455 19.8607 4
      vertex 43.1708 21.7777 4
      vertex 43.0598 21.9629 4
    endloop
  endfacet
  facet normal -0 0 1
    outer loop
      vertex 39.1731 -19.1104 4
      vertex 43.6043 -21.2994 4
      vertex 39.2307 -18.7221 4
    endloop
  endfacet
  facet normal 0 0 1
    outer loop
      vertex 38.7777 20.2156 4
      vertex 43.0598 21.9629 4
      vertex 42.9675 22.1581 4
    endloop
  endfacet
  facet normal 0 0 1
    outer loop
      vertex 43.6043 -21.2994 4
      vertex 39.1731 -19.1104 4
      vertex 43.4444 -21.4444 4
    endloop
  endfacet
  facet normal 0 0 1
    outer loop
      vertex 38.7777 20.2156 4
      vertex 42.9675 22.1581 4
      vertex 42.8947 22.3614 4
    endloop
  endfacet
  facet normal 0 0 1
    outer loop
      vertex 43.4444 -21.4444 4
      vertex 39.1731 -19.1104 4
      vertex 43.2994 -21.6043 4
    endloop
  endfacet
  facet normal 0 0 1
    outer loop
      vertex 38.5759 20.5523 4
      vertex 42.8947 22.3614 4
      vertex 42.8423 22.5708 4
    endloop
  endfacet
  facet normal -0 0 1
    outer loop
      vertex 39.0778 -19.4911 4
      vertex 43.2994 -21.6043 4
      vertex 39.1731 -19.1104 4
    endloop
  endfacet
  facet normal 0 0 1
    outer loop
      vertex 38.342 20.8676 4
      vertex 42.8423 22.5708 4
      vertex 42.8106 22.7844 4
    endloop
  endfacet
  facet normal 0 0 1
    outer loop
      vertex 43.2994 -21.6043 4
      vertex 39.0778 -19.4911 4
      vertex 43.1708 -21.7777 4
    endloop
  endfacet
  facet normal 0 0 1
    outer loop
      vertex 38.342 20.8676 4
      vertex 42.8106 22.7844 4
      vertex 42.8 23 4
    endloop
  endfacet
  facet normal -0 0 1
    outer loop
      vertex 38.9455 -19.8607 4
      vertex 43.1708 -21.7777 4
      vertex 39.0778 -19.4911 4
    endloop
  endfacet
  facet normal 0 0 1
    outer loop
      vertex 46.9402 24.0371 4
      vertex 52 25 4
      vertex 51.9759 25.4901 4
    endloop
  endfacet
  facet normal 0 0 1
    outer loop
      vertex 47.1894 22.7844 4
      vertex 52 25 4
      vertex 47.2 23 4
    endloop
  endfacet
  facet normal 0 0 1
    outer loop
      vertex 46.9402 24.0371 4
      vertex 51.9759 25.4901 4
      vertex 51.9039 25.9755 4
    endloop
  endfacet
  facet normal 0 0 1
    outer loop
      vertex 47.1577 22.5708 4
      vertex 52 25 4
      vertex 47.1894 22.7844 4
    endloop
  endfacet
  facet normal 0 0 1
    outer loop
      vertex 46.9402 24.0371 4
      vertex 51.9039 25.9755 4
      vertex 51.7847 26.4514 4
    endloop
  endfacet
  facet normal -0 0 1
    outer loop
      vertex 47.1894 -23.2156 4
      vertex 52 -25 4
      vertex 47.2 -23 4
    endloop
  endfacet
  facet normal 0 0 1
    outer loop
      vertex 46.8292 24.2223 4
      vertex 51.7847 26.4514 4
      vertex 51.6194 26.9134 4
    endloop
  endfacet
  facet normal -0 0 1
    outer loop
      vertex 47.1577 -23.4292 4
      vertex 52 -25 4
      vertex 47.1894 -23.2156 4
    endloop
  endfacet
  facet normal 0 0 1
    outer loop
      vertex 46.8292 24.2223 4
      vertex 51.6194 26.9134 4
      vertex 51.4096 27.357 4
    endloop
  endfacet
  facet normal -0 0 1
    outer loop
      vertex 47.1053 -23.6386 4
      vertex 52 -25 4
      vertex 47.1577 -23.4292 4
    endloop
  endfacet
  facet normal 0 0 1
    outer loop
      vertex 46.7006 24.3957 4
      vertex 51.4096 27.357 4
      vertex 51.1573 27.7779 4
    endloop
  endfacet
  facet normal -0 0 1
    outer loop
      vertex 47.0325 -23.8419 4
      vertex 52 -25 4
      vertex 47.1053 -23.6386 4
    endloop
  endfacet
  facet normal 0 0 1
    outer loop
      vertex 46.7006 24.3957 4
      vertex 51.1573 27.7779 4
      vertex 50.8651 28.172 4
    endloop
  endfacet
  facet normal -0 0 1
    outer loop
      vertex 46.9402 -24.0371 4
      vertex 52 -25 4
      vertex 47.0325 -23.8419 4
    endloop
  endfacet
  facet normal 0 0 1
    outer loop
      vertex 46.5556 24.5556 4
      vertex 50.8651 28.172 4
      vertex 50.5355 28.5355 4
    endloop
  endfacet
  facet normal 0 0 1
    outer loop
      vertex 52 -25 4
      vertex 46.9402 -24.0371 4
      vertex 51.9759 -25.4901 4
    endloop
  endfacet
  facet normal 0 0 1
    outer loop
      vertex 46.5556 24.5556 4
      vertex 50.5355 28.5355 4
      vertex 50.172 28.8651 4
    endloop
  endfacet
  facet normal 0 0 1
    outer loop
      vertex 51.9759 -25.4901 4
      vertex 46.9402 -24.0371 4
      vertex 51.9039 -25.9755 4
    endloop
  endfacet
  facet normal 0 0 1
    outer loop
      vertex 46.3957 24.7006 4
      vertex 50.172 28.8651 4
      vertex 49.7779 29.1573 4
    endloop
  endfacet
  facet normal 0 0 1
    outer loop
      vertex 51.9039 -25.9755 4
      vertex 46.9402 -24.0371 4
      vertex 51.7847 -26.4514 4
    endloop
  endfacet
  facet normal 0 0 1
    outer loop
      vertex 46.3957 24.7006 4
      vertex 49.7779 29.1573 4
      vertex 49.357 29.4096 4
    endloop
  endfacet
  facet normal -0 0 1
    outer loop
      vertex 46.8292 -24.2223 4
      vertex 51.7847 -26.4514 4
      vertex 46.9402 -24.0371 4
    endloop
  endfacet
  facet normal 0 0 1
    outer loop
      vertex 46.3957 24.7006 4
      vertex 49.357 29.4096 4
      vertex 48.9134 29.6194 4
    endloop
  endfacet
  facet normal 0 0 1
    outer loop
      vertex 51.7847 -26.4514 4
      vertex 46.8292 -24.2223 4
      vertex 51.6194 -26.9134 4
    endloop
  endfacet
  facet normal 0 0 1
    outer loop
      vertex 46.2223 24.8292 4
      vertex 48.9134 29.6194 4
      vertex 48.4514 29.7847 4
    endloop
  endfacet
  facet normal 0 0 1
    outer loop
      vertex 51.6194 -26.9134 4
      vertex 46.8292 -24.2223 4
      vertex 51.4096 -27.357 4
    endloop
  endfacet
  facet normal 0 0 1
    outer loop
      vertex 46.2223 24.8292 4
      vertex 48.4514 29.7847 4
      vertex 47.9755 29.9039 4
    endloop
  endfacet
  facet normal -0 0 1
    outer loop
      vertex 46.7006 -24.3957 4
      vertex 51.4096 -27.357 4
      vertex 46.8292 -24.2223 4
    endloop
  endfacet
  facet normal 0 0 1
    outer loop
      vertex 46.0371 24.9402 4
      vertex 47.9755 29.9039 4
      vertex 47.4901 29.9759 4
    endloop
  endfacet
  facet normal 0 0 1
    outer loop
      vertex 51.4096 -27.357 4
      vertex 46.7006 -24.3957 4
      vertex 51.1573 -27.7779 4
    endloop
  endfacet
  facet normal 0 0 1
    outer loop
      vertex 51.1573 -27.7779 4
      vertex 46.7006 -24.3957 4
      vertex 50.8651 -28.172 4
    endloop
  endfacet
  facet normal 0 0 1
    outer loop
      vertex 52 25 4
      vertex 47.1894 23.2156 4
      vertex 47.2 23 4
    endloop
  endfacet
  facet normal 0 0 1
    outer loop
      vertex 52 25 4
      vertex 47.1577 23.4292 4
      vertex 47.1894 23.2156 4
    endloop
  endfacet
  facet normal 0 0 1
    outer loop
      vertex 52 25 4
      vertex 47.1053 23.6386 4
      vertex 47.1577 23.4292 4
    endloop
  endfacet
  facet normal 0 0 1
    outer loop
      vertex 52 25 4
      vertex 47.0325 23.8419 4
      vertex 47.1053 23.6386 4
    endloop
  endfacet
  facet normal 0 0 1
    outer loop
      vertex 46.0371 24.9402 4
      vertex 47.4901 29.9759 4
      vertex 47 30 4
    endloop
  endfacet
  facet normal 0 0 1
    outer loop
      vertex 52 25 4
      vertex 46.9402 24.0371 4
      vertex 47.0325 23.8419 4
    endloop
  endfacet
  facet normal 0 0 1
    outer loop
      vertex 51.7847 26.4514 4
      vertex 46.8292 24.2223 4
      vertex 46.9402 24.0371 4
    endloop
  endfacet
  facet normal 0 0 1
    outer loop
      vertex 51.4096 27.357 4
      vertex 46.7006 24.3957 4
      vertex 46.8292 24.2223 4
    endloop
  endfacet
  facet normal 0 0 1
    outer loop
      vertex 50.8651 28.172 4
      vertex 46.5556 24.5556 4
      vertex 46.7006 24.3957 4
    endloop
  endfacet
  facet normal 0 0 1
    outer loop
      vertex 50.172 28.8651 4
      vertex 46.3957 24.7006 4
      vertex 46.5556 24.5556 4
    endloop
  endfacet
  facet normal 0 0 1
    outer loop
      vertex 48.9134 29.6194 4
      vertex 46.2223 24.8292 4
      vertex 46.3957 24.7006 4
    endloop
  endfacet
  facet normal 0 0 1
    outer loop
      vertex 47.9755 29.9039 4
      vertex 46.0371 24.9402 4
      vertex 46.2223 24.8292 4
    endloop
  endfacet
  facet normal 0 0 1
    outer loop
      vertex 47 30 4
      vertex 45.8419 25.0325 4
      vertex 46.0371 24.9402 4
    endloop
  endfacet
  facet normal 0 0 1
    outer loop
      vertex 47 30 4
      vertex 45.6386 25.1053 4
      vertex 45.8419 25.0325 4
    endloop
  endfacet
  facet normal 0 0 1
    outer loop
      vertex 47 30 4
      vertex 45.4292 25.1577 4
      vertex 45.6386 25.1053 4
    endloop
  endfacet
  facet normal 0 0 1
    outer loop
      vertex 47 30 4
      vertex 45.2156 25.1894 4
      vertex 45.4292 25.1577 4
    endloop
  endfacet
  facet normal 0 0 1
    outer loop
      vertex 47 30 4
      vertex 45 25.2 4
      vertex 45.2156 25.1894 4
    endloop
  endfacet
  facet normal 0 0 1
    outer loop
      vertex 47 30 4
      vertex 44.7844 25.1894 4
      vertex 45 25.2 4
    endloop
  endfacet
  facet normal 0 0 1
    outer loop
      vertex 47 30 4
      vertex 44.5708 25.1577 4
      vertex 44.7844 25.1894 4
    endloop
  endfacet
  facet normal 0 0 1
    outer loop
      vertex 47 30 4
      vertex 44.3614 25.1053 4
      vertex 44.5708 25.1577 4
    endloop
  endfacet
  facet normal 0 0 1
    outer loop
      vertex 47 30 4
      vertex 44.1581 25.0325 4
      vertex 44.3614 25.1053 4
    endloop
  endfacet
  facet normal 0 0 1
    outer loop
      vertex 47 30 4
      vertex 43.9629 24.9402 4
      vertex 44.1581 25.0325 4
    endloop
  endfacet
  facet normal 0 0 1
    outer loop
      vertex 47 30 4
      vertex 43.7777 24.8292 4
      vertex 43.9629 24.9402 4
    endloop
  endfacet
  facet normal 0 0 1
    outer loop
      vertex 47 30 4
      vertex 43.6043 24.7006 4
      vertex 43.7777 24.8292 4
    endloop
  endfacet
  facet normal 0 0 1
    outer loop
      vertex 35.6421 22.3107 4
      vertex 43.6043 24.7006 4
      vertex 47 30 4
    endloop
  endfacet
  facet normal 0 0 1
    outer loop
      vertex 43.6043 24.7006 4
      vertex 35.6421 22.3107 4
      vertex 43.4444 24.5556 4
    endloop
  endfacet
  facet normal 0 -0 1
    outer loop
      vertex 36.0304 22.2531 4
      vertex 43.4444 24.5556 4
      vertex 35.6421 22.3107 4
    endloop
  endfacet
  facet normal 0 0 1
    outer loop
      vertex 43.1708 -21.7777 4
      vertex 38.9455 -19.8607 4
      vertex 43.0598 -21.9629 4
    endloop
  endfacet
  facet normal 0 0 1
    outer loop
      vertex 38.0784 21.1584 4
      vertex 42.8 23 4
      vertex 42.8106 23.2156 4
    endloop
  endfacet
  facet normal 0 0 1
    outer loop
      vertex 37.7876 21.422 4
      vertex 42.8106 23.2156 4
      vertex 42.8423 23.4292 4
    endloop
  endfacet
  facet normal 0 0 1
    outer loop
      vertex 37.4723 21.6559 4
      vertex 42.8423 23.4292 4
      vertex 42.8947 23.6386 4
    endloop
  endfacet
  facet normal 0 0 1
    outer loop
      vertex 37.4723 21.6559 4
      vertex 42.8947 23.6386 4
      vertex 42.9675 23.8419 4
    endloop
  endfacet
  facet normal 0 0 1
    outer loop
      vertex 37.1356 21.8577 4
      vertex 42.9675 23.8419 4
      vertex 43.0598 24.0371 4
    endloop
  endfacet
  facet normal 0 0 1
    outer loop
      vertex 36.7807 22.0255 4
      vertex 43.0598 24.0371 4
      vertex 43.1708 24.2223 4
    endloop
  endfacet
  facet normal 0 0 1
    outer loop
      vertex 43.4444 24.5556 4
      vertex 36.0304 22.2531 4
      vertex 43.2994 24.3957 4
    endloop
  endfacet
  facet normal 0 0 1
    outer loop
      vertex 43.7777 21.1708 4
      vertex 39.2307 18.7221 4
      vertex 39.25 18.33 4
    endloop
  endfacet
  facet normal 0 0 1
    outer loop
      vertex 43.6043 21.2994 4
      vertex 39.1731 19.1104 4
      vertex 39.2307 18.7221 4
    endloop
  endfacet
  facet normal 0 0 1
    outer loop
      vertex 43.2994 21.6043 4
      vertex 39.0778 19.4911 4
      vertex 39.1731 19.1104 4
    endloop
  endfacet
  facet normal 0 0 1
    outer loop
      vertex 43.1708 21.7777 4
      vertex 38.9455 19.8607 4
      vertex 39.0778 19.4911 4
    endloop
  endfacet
  facet normal 0 0 1
    outer loop
      vertex 43.0598 21.9629 4
      vertex 38.7777 20.2156 4
      vertex 38.9455 19.8607 4
    endloop
  endfacet
  facet normal 0 0 1
    outer loop
      vertex 42.8947 22.3614 4
      vertex 38.5759 20.5523 4
      vertex 38.7777 20.2156 4
    endloop
  endfacet
  facet normal 0 0 1
    outer loop
      vertex 42.8423 22.5708 4
      vertex 38.342 20.8676 4
      vertex 38.5759 20.5523 4
    endloop
  endfacet
  facet normal 0 0 1
    outer loop
      vertex 42.8 23 4
      vertex 38.0784 21.1584 4
      vertex 38.342 20.8676 4
    endloop
  endfacet
  facet normal 0 0 1
    outer loop
      vertex 42.8106 23.2156 4
      vertex 37.7876 21.422 4
      vertex 38.0784 21.1584 4
    endloop
  endfacet
  facet normal 0 0 1
    outer loop
      vertex 42.8423 23.4292 4
      vertex 37.4723 21.6559 4
      vertex 37.7876 21.422 4
    endloop
  endfacet
  facet normal 0 0 1
    outer loop
      vertex 42.9675 23.8419 4
      vertex 37.1356 21.8577 4
      vertex 37.4723 21.6559 4
    endloop
  endfacet
  facet normal 0 0 1
    outer loop
      vertex 43.0598 24.0371 4
      vertex 36.7807 22.0255 4
      vertex 37.1356 21.8577 4
    endloop
  endfacet
  facet normal 0 0 1
    outer loop
      vertex 43.1708 24.2223 4
      vertex 36.4111 22.1578 4
      vertex 36.7807 22.0255 4
    endloop
  endfacet
  facet normal 0 0 1
    outer loop
      vertex 43.2994 24.3957 4
      vertex 36.4111 22.1578 4
      vertex 43.1708 24.2223 4
    endloop
  endfacet
  facet normal 0 -0 1
    outer loop
      vertex 36.4111 22.1578 4
      vertex 43.2994 24.3957 4
      vertex 36.0304 22.2531 4
    endloop
  endfacet
  facet normal 0 0 1
    outer loop
      vertex 47 30 4
      vertex 35.25 22.33 4
      vertex 35.6421 22.3107 4
    endloop
  endfacet
  facet normal 0 0 1
    outer loop
      vertex 47 30 4
      vertex 34.8579 22.3107 4
      vertex 35.25 22.33 4
    endloop
  endfacet
  facet normal 0 0 1
    outer loop
      vertex 47 30 4
      vertex 34.4696 22.2531 4
      vertex 34.8579 22.3107 4
    endloop
  endfacet
  facet normal 0 0 1
    outer loop
      vertex 47 30 4
      vertex 34.0889 22.1578 4
      vertex 34.4696 22.2531 4
    endloop
  endfacet
  facet normal 0 0 1
    outer loop
      vertex 47 30 4
      vertex 33.7193 22.0255 4
      vertex 34.0889 22.1578 4
    endloop
  endfacet
  facet normal 0 0 1
    outer loop
      vertex 47 30 4
      vertex 33.3644 21.8577 4
      vertex 33.7193 22.0255 4
    endloop
  endfacet
  facet normal 0 0 1
    outer loop
      vertex 31.2693 18.7221 4
      vertex -31.25 18.33 4
      vertex 31.25 18.33 4
    endloop
  endfacet
  facet normal 0 0 1
    outer loop
      vertex -31.2693 18.7221 4
      vertex 31.2693 18.7221 4
      vertex 31.3269 19.1104 4
    endloop
  endfacet
  facet normal 0 0 1
    outer loop
      vertex -31.3269 19.1104 4
      vertex 31.3269 19.1104 4
      vertex 31.4222 19.4911 4
    endloop
  endfacet
  facet normal 0 0 1
    outer loop
      vertex -31.4222 19.4911 4
      vertex 31.4222 19.4911 4
      vertex 31.5545 19.8607 4
    endloop
  endfacet
  facet normal 0 0 1
    outer loop
      vertex -31.5545 19.8607 4
      vertex 31.5545 19.8607 4
      vertex 31.7223 20.2156 4
    endloop
  endfacet
  facet normal 0 0 1
    outer loop
      vertex -31.7223 20.2156 4
      vertex 31.7223 20.2156 4
      vertex 31.9241 20.5523 4
    endloop
  endfacet
  facet normal 0 0 1
    outer loop
      vertex -31.9241 20.5523 4
      vertex 31.9241 20.5523 4
      vertex 32.158 20.8676 4
    endloop
  endfacet
  facet normal 0 0 1
    outer loop
      vertex -32.158 20.8676 4
      vertex 32.158 20.8676 4
      vertex 32.4216 21.1584 4
    endloop
  endfacet
  facet normal 0 0 1
    outer loop
      vertex -32.4216 21.1584 4
      vertex 32.4216 21.1584 4
      vertex 32.7124 21.422 4
    endloop
  endfacet
  facet normal 0 0 1
    outer loop
      vertex -32.7124 21.422 4
      vertex 32.7124 21.422 4
      vertex 33.0277 21.6559 4
    endloop
  endfacet
  facet normal 0 0 1
    outer loop
      vertex -33.0277 21.6559 4
      vertex 33.0277 21.6559 4
      vertex 33.3644 21.8577 4
    endloop
  endfacet
  facet normal 0 0 1
    outer loop
      vertex -33.3644 21.8577 4
      vertex 33.3644 21.8577 4
      vertex 47 30 4
    endloop
  endfacet
  facet normal 0 0 1
    outer loop
      vertex 31.2693 18.7221 4
      vertex -31.2693 18.7221 4
      vertex -31.25 18.33 4
    endloop
  endfacet
  facet normal 0 0 1
    outer loop
      vertex 31.3269 19.1104 4
      vertex -31.3269 19.1104 4
      vertex -31.2693 18.7221 4
    endloop
  endfacet
  facet normal 0 0 1
    outer loop
      vertex 31.4222 19.4911 4
      vertex -31.4222 19.4911 4
      vertex -31.3269 19.1104 4
    endloop
  endfacet
  facet normal 0 0 1
    outer loop
      vertex 31.5545 19.8607 4
      vertex -31.5545 19.8607 4
      vertex -31.4222 19.4911 4
    endloop
  endfacet
  facet normal 0 0 1
    outer loop
      vertex 31.7223 20.2156 4
      vertex -31.7223 20.2156 4
      vertex -31.5545 19.8607 4
    endloop
  endfacet
  facet normal 0 0 1
    outer loop
      vertex 31.9241 20.5523 4
      vertex -31.9241 20.5523 4
      vertex -31.7223 20.2156 4
    endloop
  endfacet
  facet normal 0 0 1
    outer loop
      vertex 32.158 20.8676 4
      vertex -32.158 20.8676 4
      vertex -31.9241 20.5523 4
    endloop
  endfacet
  facet normal 0 0 1
    outer loop
      vertex 32.4216 21.1584 4
      vertex -32.4216 21.1584 4
      vertex -32.158 20.8676 4
    endloop
  endfacet
  facet normal 0 0 1
    outer loop
      vertex 32.7124 21.422 4
      vertex -32.7124 21.422 4
      vertex -32.4216 21.1584 4
    endloop
  endfacet
  facet normal 0 0 1
    outer loop
      vertex 33.0277 21.6559 4
      vertex -33.0277 21.6559 4
      vertex -32.7124 21.422 4
    endloop
  endfacet
  facet normal 0 0 1
    outer loop
      vertex 33.3644 21.8577 4
      vertex -33.3644 21.8577 4
      vertex -33.0277 21.6559 4
    endloop
  endfacet
  facet normal 0 0 1
    outer loop
      vertex 47 30 4
      vertex -33.7193 22.0255 4
      vertex -33.3644 21.8577 4
    endloop
  endfacet
  facet normal -0 0 1
    outer loop
      vertex -47 30 4
      vertex -33.7193 22.0255 4
      vertex 47 30 4
    endloop
  endfacet
  facet normal 0 0 1
    outer loop
      vertex -33.7193 22.0255 4
      vertex -47 30 4
      vertex -34.0889 22.1578 4
    endloop
  endfacet
  facet normal 0 0 1
    outer loop
      vertex -34.0889 22.1578 4
      vertex -47 30 4
      vertex -34.4696 22.2531 4
    endloop
  endfacet
  facet normal 0 0 1
    outer loop
      vertex -34.4696 22.2531 4
      vertex -47 30 4
      vertex -34.8579 22.3107 4
    endloop
  endfacet
  facet normal 0 0 1
    outer loop
      vertex -34.8579 22.3107 4
      vertex -47 30 4
      vertex -35.25 22.33 4
    endloop
  endfacet
  facet normal 0 0 1
    outer loop
      vertex -39.1731 -17.5496 4
      vertex -42.8 -23 4
      vertex -39.2307 -17.9379 4
    endloop
  endfacet
  facet normal -0 0 1
    outer loop
      vertex -43.0598 21.9629 4
      vertex -38.7777 20.2156 4
      vertex -42.9675 22.1581 4
    endloop
  endfacet
  facet normal -0 0 1
    outer loop
      vertex -42.9675 22.1581 4
      vertex -38.7777 20.2156 4
      vertex -42.8947 22.3614 4
    endloop
  endfacet
  facet normal 0 0 1
    outer loop
      vertex -38.5759 20.5523 4
      vertex -42.8947 22.3614 4
      vertex -38.7777 20.2156 4
    endloop
  endfacet
  facet normal -0 0 1
    outer loop
      vertex -42.8947 22.3614 4
      vertex -38.5759 20.5523 4
      vertex -42.8423 22.5708 4
    endloop
  endfacet
  facet normal 0 0 1
    outer loop
      vertex -38.342 20.8676 4
      vertex -42.8423 22.5708 4
      vertex -38.5759 20.5523 4
    endloop
  endfacet
  facet normal -0 0 1
    outer loop
      vertex -42.8423 22.5708 4
      vertex -38.342 20.8676 4
      vertex -42.8106 22.7844 4
    endloop
  endfacet
  facet normal -0 0 1
    outer loop
      vertex -42.8106 22.7844 4
      vertex -38.342 20.8676 4
      vertex -42.8 23 4
    endloop
  endfacet
  facet normal 0 0 1
    outer loop
      vertex -38.0784 21.1584 4
      vertex -42.8 23 4
      vertex -38.342 20.8676 4
    endloop
  endfacet
  facet normal 0 0 1
    outer loop
      vertex -42.8106 23.2156 4
      vertex -38.0784 21.1584 4
      vertex -37.7876 21.422 4
    endloop
  endfacet
  facet normal 0 0 1
    outer loop
      vertex -42.8423 23.4292 4
      vertex -37.7876 21.422 4
      vertex -37.4723 21.6559 4
    endloop
  endfacet
  facet normal 0 0 1
    outer loop
      vertex -42.8947 23.6386 4
      vertex -37.4723 21.6559 4
      vertex -37.1356 21.8577 4
    endloop
  endfacet
  facet normal 0 0 1
    outer loop
      vertex -43.0598 24.0371 4
      vertex -37.1356 21.8577 4
      vertex -36.7807 22.0255 4
    endloop
  endfacet
  facet normal 0 0 1
    outer loop
      vertex -43.1708 24.2223 4
      vertex -36.7807 22.0255 4
      vertex -36.4111 22.1578 4
    endloop
  endfacet
  facet normal 0 0 1
    outer loop
      vertex -43.2994 24.3957 4
      vertex -36.4111 22.1578 4
      vertex -36.0304 22.2531 4
    endloop
  endfacet
  facet normal 0 0 1
    outer loop
      vertex -43.4444 24.5556 4
      vertex -36.0304 22.2531 4
      vertex -35.6421 22.3107 4
    endloop
  endfacet
  facet normal 0 0 1
    outer loop
      vertex -35.25 22.33 4
      vertex -47 30 4
      vertex -35.6421 22.3107 4
    endloop
  endfacet
  facet normal 0 0 1
    outer loop
      vertex -38.0784 21.1584 4
      vertex -42.8106 23.2156 4
      vertex -42.8 23 4
    endloop
  endfacet
  facet normal 0 0 1
    outer loop
      vertex -37.7876 21.422 4
      vertex -42.8423 23.4292 4
      vertex -42.8106 23.2156 4
    endloop
  endfacet
  facet normal 0 0 1
    outer loop
      vertex -37.4723 21.6559 4
      vertex -42.8947 23.6386 4
      vertex -42.8423 23.4292 4
    endloop
  endfacet
  facet normal 0 0 1
    outer loop
      vertex -37.1356 21.8577 4
      vertex -42.9675 23.8419 4
      vertex -42.8947 23.6386 4
    endloop
  endfacet
  facet normal 0 0 1
    outer loop
      vertex -37.1356 21.8577 4
      vertex -43.0598 24.0371 4
      vertex -42.9675 23.8419 4
    endloop
  endfacet
  facet normal 0 0 1
    outer loop
      vertex -36.7807 22.0255 4
      vertex -43.1708 24.2223 4
      vertex -43.0598 24.0371 4
    endloop
  endfacet
  facet normal 0 0 1
    outer loop
      vertex -36.4111 22.1578 4
      vertex -43.2994 24.3957 4
      vertex -43.1708 24.2223 4
    endloop
  endfacet
  facet normal -0 -0 1
    outer loop
      vertex -43.6043 24.7006 4
      vertex -35.6421 22.3107 4
      vertex -47 30 4
    endloop
  endfacet
  facet normal 0 0 1
    outer loop
      vertex -36.0304 22.2531 4
      vertex -43.4444 24.5556 4
      vertex -43.2994 24.3957 4
    endloop
  endfacet
  facet normal 0 0 1
    outer loop
      vertex -35.6421 22.3107 4
      vertex -43.6043 24.7006 4
      vertex -43.4444 24.5556 4
    endloop
  endfacet
  facet normal 0 0 1
    outer loop
      vertex -43.6043 24.7006 4
      vertex -47 30 4
      vertex -43.7777 24.8292 4
    endloop
  endfacet
  facet normal 0 0 1
    outer loop
      vertex -43.7777 24.8292 4
      vertex -47 30 4
      vertex -43.9629 24.9402 4
    endloop
  endfacet
  facet normal 0 0 1
    outer loop
      vertex -43.9629 24.9402 4
      vertex -47 30 4
      vertex -44.1581 25.0325 4
    endloop
  endfacet
  facet normal 0 0 1
    outer loop
      vertex -44.1581 25.0325 4
      vertex -47 30 4
      vertex -44.3614 25.1053 4
    endloop
  endfacet
  facet normal 0 0 1
    outer loop
      vertex -44.3614 25.1053 4
      vertex -47 30 4
      vertex -44.5708 25.1577 4
    endloop
  endfacet
  facet normal 0 0 1
    outer loop
      vertex -44.5708 25.1577 4
      vertex -47 30 4
      vertex -44.7844 25.1894 4
    endloop
  endfacet
  facet normal 0 0 1
    outer loop
      vertex -44.7844 25.1894 4
      vertex -47 30 4
      vertex -45 25.2 4
    endloop
  endfacet
  facet normal 0 0 1
    outer loop
      vertex -45 25.2 4
      vertex -47 30 4
      vertex -45.2156 25.1894 4
    endloop
  endfacet
  facet normal 0 0 1
    outer loop
      vertex -47 30 4
      vertex -45.4292 25.1577 4
      vertex -45.2156 25.1894 4
    endloop
  endfacet
  facet normal 0 0 1
    outer loop
      vertex -47 30 4
      vertex -45.6386 25.1053 4
      vertex -45.4292 25.1577 4
    endloop
  endfacet
  facet normal 0 0 1
    outer loop
      vertex -47 30 4
      vertex -45.8419 25.0325 4
      vertex -45.6386 25.1053 4
    endloop
  endfacet
  facet normal 0 0 1
    outer loop
      vertex -47 30 4
      vertex -46.0371 24.9402 4
      vertex -45.8419 25.0325 4
    endloop
  endfacet
  facet normal -0 0 1
    outer loop
      vertex -47.4901 29.9759 4
      vertex -46.0371 24.9402 4
      vertex -47 30 4
    endloop
  endfacet
  facet normal -0 0 1
    outer loop
      vertex -47.9755 29.9039 4
      vertex -46.0371 24.9402 4
      vertex -47.4901 29.9759 4
    endloop
  endfacet
  facet normal 0 0 1
    outer loop
      vertex -46.0371 24.9402 4
      vertex -47.9755 29.9039 4
      vertex -46.2223 24.8292 4
    endloop
  endfacet
  facet normal -0 0 1
    outer loop
      vertex -48.4514 29.7847 4
      vertex -46.2223 24.8292 4
      vertex -47.9755 29.9039 4
    endloop
  endfacet
  facet normal -0 0 1
    outer loop
      vertex -48.9134 29.6194 4
      vertex -46.2223 24.8292 4
      vertex -48.4514 29.7847 4
    endloop
  endfacet
  facet normal 0 0 1
    outer loop
      vertex -46.2223 24.8292 4
      vertex -48.9134 29.6194 4
      vertex -46.3957 24.7006 4
    endloop
  endfacet
  facet normal -0 0 1
    outer loop
      vertex -49.357 29.4096 4
      vertex -46.3957 24.7006 4
      vertex -48.9134 29.6194 4
    endloop
  endfacet
  facet normal -0 0 1
    outer loop
      vertex -49.7779 29.1573 4
      vertex -46.3957 24.7006 4
      vertex -49.357 29.4096 4
    endloop
  endfacet
  facet normal -0 0 1
    outer loop
      vertex -50.172 28.8651 4
      vertex -46.3957 24.7006 4
      vertex -49.7779 29.1573 4
    endloop
  endfacet
  facet normal 0 0 1
    outer loop
      vertex -46.3957 24.7006 4
      vertex -50.172 28.8651 4
      vertex -46.5556 24.5556 4
    endloop
  endfacet
  facet normal -0 0 1
    outer loop
      vertex -50.5355 28.5355 4
      vertex -46.5556 24.5556 4
      vertex -50.172 28.8651 4
    endloop
  endfacet
  facet normal 0 0 1
    outer loop
      vertex -46.5556 24.5556 4
      vertex -50.8651 28.172 4
      vertex -46.7006 24.3957 4
    endloop
  endfacet
  facet normal -0 0 1
    outer loop
      vertex -50.8651 28.172 4
      vertex -46.5556 24.5556 4
      vertex -50.5355 28.5355 4
    endloop
  endfacet
  facet normal -0 0 1
    outer loop
      vertex 46.5556 -24.5556 4
      vertex 50.8651 -28.172 4
      vertex 46.7006 -24.3957 4
    endloop
  endfacet
  facet normal 0 0 1
    outer loop
      vertex 50.8651 -28.172 4
      vertex 46.5556 -24.5556 4
      vertex 50.5355 -28.5355 4
    endloop
  endfacet
  facet normal 0 0 1
    outer loop
      vertex 50.5355 -28.5355 4
      vertex 46.5556 -24.5556 4
      vertex 50.172 -28.8651 4
    endloop
  endfacet
  facet normal -0 0 1
    outer loop
      vertex 46.3957 -24.7006 4
      vertex 50.172 -28.8651 4
      vertex 46.5556 -24.5556 4
    endloop
  endfacet
  facet normal 0 0 1
    outer loop
      vertex 50.172 -28.8651 4
      vertex 46.3957 -24.7006 4
      vertex 49.7779 -29.1573 4
    endloop
  endfacet
  facet normal 0 0 1
    outer loop
      vertex 49.7779 -29.1573 4
      vertex 46.3957 -24.7006 4
      vertex 49.357 -29.4096 4
    endloop
  endfacet
  facet normal 0 0 1
    outer loop
      vertex 49.357 -29.4096 4
      vertex 46.3957 -24.7006 4
      vertex 48.9134 -29.6194 4
    endloop
  endfacet
  facet normal -0 0 1
    outer loop
      vertex 46.2223 -24.8292 4
      vertex 48.9134 -29.6194 4
      vertex 46.3957 -24.7006 4
    endloop
  endfacet
  facet normal 0 0 1
    outer loop
      vertex 48.9134 -29.6194 4
      vertex 46.2223 -24.8292 4
      vertex 48.4514 -29.7847 4
    endloop
  endfacet
  facet normal 0 0 1
    outer loop
      vertex 48.4514 -29.7847 4
      vertex 46.2223 -24.8292 4
      vertex 47.9755 -29.9039 4
    endloop
  endfacet
  facet normal -0 0 1
    outer loop
      vertex 46.0371 -24.9402 4
      vertex 47.9755 -29.9039 4
      vertex 46.2223 -24.8292 4
    endloop
  endfacet
  facet normal 0 0 1
    outer loop
      vertex 47.9755 -29.9039 4
      vertex 46.0371 -24.9402 4
      vertex 47.4901 -29.9759 4
    endloop
  endfacet
  facet normal 0 0 1
    outer loop
      vertex 47.4901 -29.9759 4
      vertex 46.0371 -24.9402 4
      vertex 47 -30 4
    endloop
  endfacet
  facet normal -0 0 1
    outer loop
      vertex 45.8419 -25.0325 4
      vertex 47 -30 4
      vertex 46.0371 -24.9402 4
    endloop
  endfacet
  facet normal -0 0 1
    outer loop
      vertex 45.6386 -25.1053 4
      vertex 47 -30 4
      vertex 45.8419 -25.0325 4
    endloop
  endfacet
  facet normal -0 0 1
    outer loop
      vertex 45.4292 -25.1577 4
      vertex 47 -30 4
      vertex 45.6386 -25.1053 4
    endloop
  endfacet
  facet normal -0 0 1
    outer loop
      vertex 45.2156 -25.1894 4
      vertex 47 -30 4
      vertex 45.4292 -25.1577 4
    endloop
  endfacet
  facet normal -0 0 1
    outer loop
      vertex 45 -25.2 4
      vertex 47 -30 4
      vertex 45.2156 -25.1894 4
    endloop
  endfacet
  facet normal 0 0 1
    outer loop
      vertex 44.7844 -25.1894 4
      vertex 47 -30 4
      vertex 45 -25.2 4
    endloop
  endfacet
  facet normal 0 0 1
    outer loop
      vertex 44.5708 -25.1577 4
      vertex 47 -30 4
      vertex 44.7844 -25.1894 4
    endloop
  endfacet
  facet normal 0 0 1
    outer loop
      vertex 44.3614 -25.1053 4
      vertex 47 -30 4
      vertex 44.5708 -25.1577 4
    endloop
  endfacet
  facet normal 0 0 1
    outer loop
      vertex 44.1581 -25.0325 4
      vertex 47 -30 4
      vertex 44.3614 -25.1053 4
    endloop
  endfacet
  facet normal 0 0 1
    outer loop
      vertex 43.9629 -24.9402 4
      vertex 47 -30 4
      vertex 44.1581 -25.0325 4
    endloop
  endfacet
  facet normal 0 0 1
    outer loop
      vertex 43.7777 -24.8292 4
      vertex 47 -30 4
      vertex 43.9629 -24.9402 4
    endloop
  endfacet
  facet normal 0 0 1
    outer loop
      vertex 43.6043 -24.7006 4
      vertex 47 -30 4
      vertex 43.7777 -24.8292 4
    endloop
  endfacet
  facet normal 0 0 1
    outer loop
      vertex 35.6421 -22.3107 4
      vertex 43.6043 -24.7006 4
      vertex 43.4444 -24.5556 4
    endloop
  endfacet
  facet normal 0 0 1
    outer loop
      vertex 36.0304 -22.2531 4
      vertex 43.4444 -24.5556 4
      vertex 43.2994 -24.3957 4
    endloop
  endfacet
  facet normal 0 0 1
    outer loop
      vertex 36.4111 -22.1578 4
      vertex 43.2994 -24.3957 4
      vertex 43.1708 -24.2223 4
    endloop
  endfacet
  facet normal -0 0 1
    outer loop
      vertex 38.7777 -20.2156 4
      vertex 43.0598 -21.9629 4
      vertex 38.9455 -19.8607 4
    endloop
  endfacet
  facet normal 0 0 1
    outer loop
      vertex 43.0598 -21.9629 4
      vertex 38.7777 -20.2156 4
      vertex 42.9675 -22.1581 4
    endloop
  endfacet
  facet normal 0 0 1
    outer loop
      vertex 42.9675 -22.1581 4
      vertex 38.7777 -20.2156 4
      vertex 42.8947 -22.3614 4
    endloop
  endfacet
  facet normal -0 0 1
    outer loop
      vertex 38.5759 -20.5523 4
      vertex 42.8947 -22.3614 4
      vertex 38.7777 -20.2156 4
    endloop
  endfacet
  facet normal 0 0 1
    outer loop
      vertex 42.8947 -22.3614 4
      vertex 38.5759 -20.5523 4
      vertex 42.8423 -22.5708 4
    endloop
  endfacet
  facet normal -0 0 1
    outer loop
      vertex 38.342 -20.8676 4
      vertex 42.8423 -22.5708 4
      vertex 38.5759 -20.5523 4
    endloop
  endfacet
  facet normal 0 0 1
    outer loop
      vertex 42.8423 -22.5708 4
      vertex 38.342 -20.8676 4
      vertex 42.8106 -22.7844 4
    endloop
  endfacet
  facet normal 0 0 1
    outer loop
      vertex 42.8106 -22.7844 4
      vertex 38.342 -20.8676 4
      vertex 42.8 -23 4
    endloop
  endfacet
  facet normal -0 0 1
    outer loop
      vertex 38.0784 -21.1584 4
      vertex 42.8 -23 4
      vertex 38.342 -20.8676 4
    endloop
  endfacet
  facet normal 0 0 1
    outer loop
      vertex 42.8 -23 4
      vertex 38.0784 -21.1584 4
      vertex 42.8106 -23.2156 4
    endloop
  endfacet
  facet normal -0 0 1
    outer loop
      vertex 37.7876 -21.422 4
      vertex 42.8106 -23.2156 4
      vertex 38.0784 -21.1584 4
    endloop
  endfacet
  facet normal 0 0 1
    outer loop
      vertex 42.8106 -23.2156 4
      vertex 37.7876 -21.422 4
      vertex 42.8423 -23.4292 4
    endloop
  endfacet
  facet normal -0 0 1
    outer loop
      vertex 37.4723 -21.6559 4
      vertex 42.8423 -23.4292 4
      vertex 37.7876 -21.422 4
    endloop
  endfacet
  facet normal 0 0 1
    outer loop
      vertex 42.8423 -23.4292 4
      vertex 37.4723 -21.6559 4
      vertex 42.8947 -23.6386 4
    endloop
  endfacet
  facet normal 0 0 1
    outer loop
      vertex 42.8947 -23.6386 4
      vertex 37.4723 -21.6559 4
      vertex 42.9675 -23.8419 4
    endloop
  endfacet
  facet normal -0 0 1
    outer loop
      vertex 37.1356 -21.8577 4
      vertex 42.9675 -23.8419 4
      vertex 37.4723 -21.6559 4
    endloop
  endfacet
  facet normal 0 0 1
    outer loop
      vertex 42.9675 -23.8419 4
      vertex 37.1356 -21.8577 4
      vertex 43.0598 -24.0371 4
    endloop
  endfacet
  facet normal -0 0 1
    outer loop
      vertex 36.7807 -22.0255 4
      vertex 43.0598 -24.0371 4
      vertex 37.1356 -21.8577 4
    endloop
  endfacet
  facet normal 0 0 1
    outer loop
      vertex 43.0598 -24.0371 4
      vertex 36.7807 -22.0255 4
      vertex 43.1708 -24.2223 4
    endloop
  endfacet
  facet normal -0 0 1
    outer loop
      vertex 36.4111 -22.1578 4
      vertex 43.1708 -24.2223 4
      vertex 36.7807 -22.0255 4
    endloop
  endfacet
  facet normal 0 0 1
    outer loop
      vertex 43.2994 -24.3957 4
      vertex 36.4111 -22.1578 4
      vertex 36.0304 -22.2531 4
    endloop
  endfacet
  facet normal 0 0 1
    outer loop
      vertex 43.4444 -24.5556 4
      vertex 36.0304 -22.2531 4
      vertex 35.6421 -22.3107 4
    endloop
  endfacet
  facet normal 0 0 1
    outer loop
      vertex 43.6043 -24.7006 4
      vertex 35.6421 -22.3107 4
      vertex 47 -30 4
    endloop
  endfacet
  facet normal -0 0 1
    outer loop
      vertex 35.25 -22.33 4
      vertex 47 -30 4
      vertex 35.6421 -22.3107 4
    endloop
  endfacet
  facet normal 0 0 1
    outer loop
      vertex 34.8579 -22.3107 4
      vertex 47 -30 4
      vertex 35.25 -22.33 4
    endloop
  endfacet
  facet normal 0 0 1
    outer loop
      vertex 34.4696 -22.2531 4
      vertex 47 -30 4
      vertex 34.8579 -22.3107 4
    endloop
  endfacet
  facet normal 0 0 1
    outer loop
      vertex 34.0889 -22.1578 4
      vertex 47 -30 4
      vertex 34.4696 -22.2531 4
    endloop
  endfacet
  facet normal 0 0 1
    outer loop
      vertex 33.7193 -22.0255 4
      vertex 47 -30 4
      vertex 34.0889 -22.1578 4
    endloop
  endfacet
  facet normal 0 0 1
    outer loop
      vertex 33.3644 -21.8577 4
      vertex 47 -30 4
      vertex 33.7193 -22.0255 4
    endloop
  endfacet
  facet normal -0 0 1
    outer loop
      vertex -31.25 -18.33 4
      vertex 31.2693 -18.7221 4
      vertex 31.25 -18.33 4
    endloop
  endfacet
  facet normal 0 0 1
    outer loop
      vertex -31.2693 -18.7221 4
      vertex 31.2693 -18.7221 4
      vertex -31.25 -18.33 4
    endloop
  endfacet
  facet normal 0 0 1
    outer loop
      vertex 31.2693 -18.7221 4
      vertex -31.2693 -18.7221 4
      vertex 31.3269 -19.1104 4
    endloop
  endfacet
  facet normal 0 0 1
    outer loop
      vertex -31.3269 -19.1104 4
      vertex 31.3269 -19.1104 4
      vertex -31.2693 -18.7221 4
    endloop
  endfacet
  facet normal 0 0 1
    outer loop
      vertex 31.3269 -19.1104 4
      vertex -31.3269 -19.1104 4
      vertex 31.4222 -19.4911 4
    endloop
  endfacet
  facet normal 0 0 1
    outer loop
      vertex -31.4222 -19.4911 4
      vertex 31.4222 -19.4911 4
      vertex -31.3269 -19.1104 4
    endloop
  endfacet
  facet normal 0 0 1
    outer loop
      vertex 31.4222 -19.4911 4
      vertex -31.4222 -19.4911 4
      vertex 31.5545 -19.8607 4
    endloop
  endfacet
  facet normal 0 0 1
    outer loop
      vertex -31.5545 -19.8607 4
      vertex 31.5545 -19.8607 4
      vertex -31.4222 -19.4911 4
    endloop
  endfacet
  facet normal 0 0 1
    outer loop
      vertex 31.5545 -19.8607 4
      vertex -31.5545 -19.8607 4
      vertex 31.7223 -20.2156 4
    endloop
  endfacet
  facet normal 0 0 1
    outer loop
      vertex -31.7223 -20.2156 4
      vertex 31.7223 -20.2156 4
      vertex -31.5545 -19.8607 4
    endloop
  endfacet
  facet normal 0 0 1
    outer loop
      vertex 31.7223 -20.2156 4
      vertex -31.7223 -20.2156 4
      vertex 31.9241 -20.5523 4
    endloop
  endfacet
  facet normal 0 0 1
    outer loop
      vertex -31.9241 -20.5523 4
      vertex 31.9241 -20.5523 4
      vertex -31.7223 -20.2156 4
    endloop
  endfacet
  facet normal 0 0 1
    outer loop
      vertex 31.9241 -20.5523 4
      vertex -31.9241 -20.5523 4
      vertex 32.158 -20.8676 4
    endloop
  endfacet
  facet normal 0 0 1
    outer loop
      vertex -32.158 -20.8676 4
      vertex 32.158 -20.8676 4
      vertex -31.9241 -20.5523 4
    endloop
  endfacet
  facet normal 0 0 1
    outer loop
      vertex 32.158 -20.8676 4
      vertex -32.158 -20.8676 4
      vertex 32.4216 -21.1584 4
    endloop
  endfacet
  facet normal 0 0 1
    outer loop
      vertex -32.4216 -21.1584 4
      vertex 32.4216 -21.1584 4
      vertex -32.158 -20.8676 4
    endloop
  endfacet
  facet normal 0 0 1
    outer loop
      vertex 32.4216 -21.1584 4
      vertex -32.4216 -21.1584 4
      vertex 32.7124 -21.422 4
    endloop
  endfacet
  facet normal 0 0 1
    outer loop
      vertex -32.7124 -21.422 4
      vertex 32.7124 -21.422 4
      vertex -32.4216 -21.1584 4
    endloop
  endfacet
  facet normal 0 0 1
    outer loop
      vertex 32.7124 -21.422 4
      vertex -32.7124 -21.422 4
      vertex 33.0277 -21.6559 4
    endloop
  endfacet
  facet normal 0 0 1
    outer loop
      vertex -33.0277 -21.6559 4
      vertex 33.0277 -21.6559 4
      vertex -32.7124 -21.422 4
    endloop
  endfacet
  facet normal 0 0 1
    outer loop
      vertex 33.0277 -21.6559 4
      vertex -33.0277 -21.6559 4
      vertex 33.3644 -21.8577 4
    endloop
  endfacet
  facet normal 0 0 1
    outer loop
      vertex -33.3644 -21.8577 4
      vertex 33.3644 -21.8577 4
      vertex -33.0277 -21.6559 4
    endloop
  endfacet
  facet normal 0 0 1
    outer loop
      vertex 33.3644 -21.8577 4
      vertex -33.3644 -21.8577 4
      vertex 47 -30 4
    endloop
  endfacet
  facet normal -0 0 1
    outer loop
      vertex -33.7193 -22.0255 4
      vertex 47 -30 4
      vertex -33.3644 -21.8577 4
    endloop
  endfacet
  facet normal 0 0 1
    outer loop
      vertex -47 -30 4
      vertex -33.7193 -22.0255 4
      vertex -34.0889 -22.1578 4
    endloop
  endfacet
  facet normal 0 0 1
    outer loop
      vertex -47 -30 4
      vertex -34.0889 -22.1578 4
      vertex -34.4696 -22.2531 4
    endloop
  endfacet
  facet normal 0 0 1
    outer loop
      vertex -47 -30 4
      vertex -34.4696 -22.2531 4
      vertex -34.8579 -22.3107 4
    endloop
  endfacet
  facet normal 0 0 1
    outer loop
      vertex -47 -30 4
      vertex -34.8579 -22.3107 4
      vertex -35.25 -22.33 4
    endloop
  endfacet
  facet normal 0 0 1
    outer loop
      vertex -47 -30 4
      vertex -35.25 -22.33 4
      vertex -35.6421 -22.3107 4
    endloop
  endfacet
  facet normal 0 0 1
    outer loop
      vertex -39.2307 -17.9379 4
      vertex -42.8 -23 4
      vertex -39.25 -18.33 4
    endloop
  endfacet
  facet normal 0 0 1
    outer loop
      vertex -39.25 -18.33 4
      vertex -42.8 -23 4
      vertex -39.2307 -18.7221 4
    endloop
  endfacet
  facet normal 0 0 1
    outer loop
      vertex -42.8 -23 4
      vertex -39.1731 -19.1104 4
      vertex -39.2307 -18.7221 4
    endloop
  endfacet
  facet normal 0 0 1
    outer loop
      vertex -42.8 -23 4
      vertex -39.0778 -19.4911 4
      vertex -39.1731 -19.1104 4
    endloop
  endfacet
  facet normal 0 0 1
    outer loop
      vertex -42.8 -23 4
      vertex -38.9455 -19.8607 4
      vertex -39.0778 -19.4911 4
    endloop
  endfacet
  facet normal 0 0 1
    outer loop
      vertex -42.8 -23 4
      vertex -38.7777 -20.2156 4
      vertex -38.9455 -19.8607 4
    endloop
  endfacet
  facet normal 0 0 1
    outer loop
      vertex -42.8 -23 4
      vertex -38.5759 -20.5523 4
      vertex -38.7777 -20.2156 4
    endloop
  endfacet
  facet normal 0 0 1
    outer loop
      vertex -42.8 -23 4
      vertex -38.342 -20.8676 4
      vertex -38.5759 -20.5523 4
    endloop
  endfacet
  facet normal 0 0 1
    outer loop
      vertex -42.8 -23 4
      vertex -38.0784 -21.1584 4
      vertex -38.342 -20.8676 4
    endloop
  endfacet
  facet normal 0 0 1
    outer loop
      vertex -42.8106 -23.2156 4
      vertex -38.0784 -21.1584 4
      vertex -42.8 -23 4
    endloop
  endfacet
  facet normal 0 0 1
    outer loop
      vertex -38.0784 -21.1584 4
      vertex -42.8106 -23.2156 4
      vertex -37.7876 -21.422 4
    endloop
  endfacet
  facet normal 0 0 1
    outer loop
      vertex -42.8423 -23.4292 4
      vertex -37.7876 -21.422 4
      vertex -42.8106 -23.2156 4
    endloop
  endfacet
  facet normal 0 0 1
    outer loop
      vertex -37.7876 -21.422 4
      vertex -42.8423 -23.4292 4
      vertex -37.4723 -21.6559 4
    endloop
  endfacet
  facet normal 0 0 1
    outer loop
      vertex -42.8947 -23.6386 4
      vertex -37.4723 -21.6559 4
      vertex -42.8423 -23.4292 4
    endloop
  endfacet
  facet normal 0 0 1
    outer loop
      vertex -37.4723 -21.6559 4
      vertex -42.8947 -23.6386 4
      vertex -37.1356 -21.8577 4
    endloop
  endfacet
  facet normal 0 0 1
    outer loop
      vertex -42.9675 -23.8419 4
      vertex -37.1356 -21.8577 4
      vertex -42.8947 -23.6386 4
    endloop
  endfacet
  facet normal 0 0 1
    outer loop
      vertex -43.0598 -24.0371 4
      vertex -37.1356 -21.8577 4
      vertex -42.9675 -23.8419 4
    endloop
  endfacet
  facet normal 0 0 1
    outer loop
      vertex -37.1356 -21.8577 4
      vertex -43.0598 -24.0371 4
      vertex -36.7807 -22.0255 4
    endloop
  endfacet
  facet normal 0 0 1
    outer loop
      vertex -43.1708 -24.2223 4
      vertex -36.7807 -22.0255 4
      vertex -43.0598 -24.0371 4
    endloop
  endfacet
  facet normal 0 0 1
    outer loop
      vertex -36.7807 -22.0255 4
      vertex -43.1708 -24.2223 4
      vertex -36.4111 -22.1578 4
    endloop
  endfacet
  facet normal 0 0 1
    outer loop
      vertex -43.2994 -24.3957 4
      vertex -36.4111 -22.1578 4
      vertex -43.1708 -24.2223 4
    endloop
  endfacet
  facet normal 0 0 1
    outer loop
      vertex -36.4111 -22.1578 4
      vertex -43.2994 -24.3957 4
      vertex -36.0304 -22.2531 4
    endloop
  endfacet
  facet normal 0 0 1
    outer loop
      vertex -43.4444 -24.5556 4
      vertex -36.0304 -22.2531 4
      vertex -43.2994 -24.3957 4
    endloop
  endfacet
  facet normal 0 0 1
    outer loop
      vertex -36.0304 -22.2531 4
      vertex -43.4444 -24.5556 4
      vertex -35.6421 -22.3107 4
    endloop
  endfacet
  facet normal 0 0 1
    outer loop
      vertex -43.6043 -24.7006 4
      vertex -35.6421 -22.3107 4
      vertex -43.4444 -24.5556 4
    endloop
  endfacet
  facet normal 0 0 1
    outer loop
      vertex -35.6421 -22.3107 4
      vertex -43.6043 -24.7006 4
      vertex -47 -30 4
    endloop
  endfacet
  facet normal 0 0 1
    outer loop
      vertex -47 -30 4
      vertex -43.6043 -24.7006 4
      vertex -43.7777 -24.8292 4
    endloop
  endfacet
  facet normal 0 0 1
    outer loop
      vertex -47 -30 4
      vertex -43.7777 -24.8292 4
      vertex -43.9629 -24.9402 4
    endloop
  endfacet
  facet normal 0 0 1
    outer loop
      vertex -47 -30 4
      vertex -43.9629 -24.9402 4
      vertex -44.1581 -25.0325 4
    endloop
  endfacet
  facet normal 0 0 1
    outer loop
      vertex -47 -30 4
      vertex -44.1581 -25.0325 4
      vertex -44.3614 -25.1053 4
    endloop
  endfacet
  facet normal 0 0 1
    outer loop
      vertex -47 -30 4
      vertex -44.3614 -25.1053 4
      vertex -44.5708 -25.1577 4
    endloop
  endfacet
  facet normal 0 0 1
    outer loop
      vertex -47 -30 4
      vertex -44.5708 -25.1577 4
      vertex -44.7844 -25.1894 4
    endloop
  endfacet
  facet normal 0 0 1
    outer loop
      vertex -47 -30 4
      vertex -44.7844 -25.1894 4
      vertex -45 -25.2 4
    endloop
  endfacet
  facet normal 0 0 1
    outer loop
      vertex -47 -30 4
      vertex -45 -25.2 4
      vertex -45.2156 -25.1894 4
    endloop
  endfacet
  facet normal 0 0 1
    outer loop
      vertex -33.7193 -22.0255 4
      vertex -47 -30 4
      vertex 47 -30 4
    endloop
  endfacet
  facet normal 0 0 1
    outer loop
      vertex -45.4292 -25.1577 4
      vertex -47 -30 4
      vertex -45.2156 -25.1894 4
    endloop
  endfacet
  facet normal 0 0 1
    outer loop
      vertex -45.6386 -25.1053 4
      vertex -47 -30 4
      vertex -45.4292 -25.1577 4
    endloop
  endfacet
  facet normal 0 0 1
    outer loop
      vertex -45.8419 -25.0325 4
      vertex -47 -30 4
      vertex -45.6386 -25.1053 4
    endloop
  endfacet
  facet normal 0 0 1
    outer loop
      vertex -46.0371 -24.9402 4
      vertex -47 -30 4
      vertex -45.8419 -25.0325 4
    endloop
  endfacet
  facet normal 0 0 1
    outer loop
      vertex -47.9755 -29.9039 4
      vertex -46.0371 -24.9402 4
      vertex -46.2223 -24.8292 4
    endloop
  endfacet
  facet normal 0 0 1
    outer loop
      vertex -48.9134 -29.6194 4
      vertex -46.2223 -24.8292 4
      vertex -46.3957 -24.7006 4
    endloop
  endfacet
  facet normal 0 0 1
    outer loop
      vertex -50.172 -28.8651 4
      vertex -46.3957 -24.7006 4
      vertex -46.5556 -24.5556 4
    endloop
  endfacet
  facet normal 0 0 1
    outer loop
      vertex -50.8651 -28.172 4
      vertex -46.5556 -24.5556 4
      vertex -46.7006 -24.3957 4
    endloop
  endfacet
  facet normal 0 0 1
    outer loop
      vertex -51.4096 -27.357 4
      vertex -46.7006 -24.3957 4
      vertex -46.8292 -24.2223 4
    endloop
  endfacet
  facet normal 0 0 1
    outer loop
      vertex -51.7847 -26.4514 4
      vertex -46.8292 -24.2223 4
      vertex -46.9402 -24.0371 4
    endloop
  endfacet
  facet normal 0 0 1
    outer loop
      vertex -52 -25 4
      vertex -46.9402 -24.0371 4
      vertex -47.0325 -23.8419 4
    endloop
  endfacet
  facet normal 0 0 1
    outer loop
      vertex -52 -25 4
      vertex -47.0325 -23.8419 4
      vertex -47.1053 -23.6386 4
    endloop
  endfacet
  facet normal 0 0 1
    outer loop
      vertex -52 -25 4
      vertex -47.1053 -23.6386 4
      vertex -47.1577 -23.4292 4
    endloop
  endfacet
  facet normal 0 0 1
    outer loop
      vertex -52 -25 4
      vertex -47.1577 -23.4292 4
      vertex -47.1894 -23.2156 4
    endloop
  endfacet
  facet normal 0 0 1
    outer loop
      vertex -52 -25 4
      vertex -47.1894 -23.2156 4
      vertex -47.2 -23 4
    endloop
  endfacet
  facet normal 0 0 1
    outer loop
      vertex -46.0371 -24.9402 4
      vertex -47.4901 -29.9759 4
      vertex -47 -30 4
    endloop
  endfacet
  facet normal 0 0 1
    outer loop
      vertex -47.1577 -22.5708 4
      vertex -52 -25 4
      vertex -47.1894 -22.7844 4
    endloop
  endfacet
  facet normal -0 0 1
    outer loop
      vertex -51.1573 27.7779 4
      vertex -46.7006 24.3957 4
      vertex -50.8651 28.172 4
    endloop
  endfacet
  facet normal 0 0 1
    outer loop
      vertex -47.1894 -22.7844 4
      vertex -52 -25 4
      vertex -47.2 -23 4
    endloop
  endfacet
  facet normal -0 0 1
    outer loop
      vertex -51.4096 27.357 4
      vertex -46.7006 24.3957 4
      vertex -51.1573 27.7779 4
    endloop
  endfacet
  facet normal 0 0 1
    outer loop
      vertex -46.9402 -24.0371 4
      vertex -52 -25 4
      vertex -51.9759 -25.4901 4
    endloop
  endfacet
  facet normal 0 0 1
    outer loop
      vertex -46.7006 24.3957 4
      vertex -51.4096 27.357 4
      vertex -46.8292 24.2223 4
    endloop
  endfacet
  facet normal 0 0 1
    outer loop
      vertex -46.0371 -24.9402 4
      vertex -47.9755 -29.9039 4
      vertex -47.4901 -29.9759 4
    endloop
  endfacet
  facet normal -0 0 1
    outer loop
      vertex -51.6194 26.9134 4
      vertex -46.8292 24.2223 4
      vertex -51.4096 27.357 4
    endloop
  endfacet
  facet normal 0 0 1
    outer loop
      vertex -46.2223 -24.8292 4
      vertex -48.4514 -29.7847 4
      vertex -47.9755 -29.9039 4
    endloop
  endfacet
  facet normal -0 0 1
    outer loop
      vertex -51.7847 26.4514 4
      vertex -46.8292 24.2223 4
      vertex -51.6194 26.9134 4
    endloop
  endfacet
  facet normal 0 0 1
    outer loop
      vertex -46.2223 -24.8292 4
      vertex -48.9134 -29.6194 4
      vertex -48.4514 -29.7847 4
    endloop
  endfacet
  facet normal 0 0 1
    outer loop
      vertex -46.8292 24.2223 4
      vertex -51.7847 26.4514 4
      vertex -46.9402 24.0371 4
    endloop
  endfacet
  facet normal 0 0 1
    outer loop
      vertex -46.3957 -24.7006 4
      vertex -49.357 -29.4096 4
      vertex -48.9134 -29.6194 4
    endloop
  endfacet
  facet normal -0 0 1
    outer loop
      vertex -51.9039 25.9755 4
      vertex -46.9402 24.0371 4
      vertex -51.7847 26.4514 4
    endloop
  endfacet
  facet normal 0 0 1
    outer loop
      vertex -46.3957 -24.7006 4
      vertex -49.7779 -29.1573 4
      vertex -49.357 -29.4096 4
    endloop
  endfacet
  facet normal -0 0 1
    outer loop
      vertex -51.9759 25.4901 4
      vertex -46.9402 24.0371 4
      vertex -51.9039 25.9755 4
    endloop
  endfacet
  facet normal 0 0 1
    outer loop
      vertex -46.3957 -24.7006 4
      vertex -50.172 -28.8651 4
      vertex -49.7779 -29.1573 4
    endloop
  endfacet
  facet normal -0 0 1
    outer loop
      vertex -52 25 4
      vertex -46.9402 24.0371 4
      vertex -51.9759 25.4901 4
    endloop
  endfacet
  facet normal 0 0 1
    outer loop
      vertex -46.5556 -24.5556 4
      vertex -50.5355 -28.5355 4
      vertex -50.172 -28.8651 4
    endloop
  endfacet
  facet normal 0 0 1
    outer loop
      vertex -46.9402 24.0371 4
      vertex -52 25 4
      vertex -47.0325 23.8419 4
    endloop
  endfacet
  facet normal 0 0 1
    outer loop
      vertex -46.5556 -24.5556 4
      vertex -50.8651 -28.172 4
      vertex -50.5355 -28.5355 4
    endloop
  endfacet
  facet normal 0 0 1
    outer loop
      vertex -47.0325 23.8419 4
      vertex -52 25 4
      vertex -47.1053 23.6386 4
    endloop
  endfacet
  facet normal 0 0 1
    outer loop
      vertex -46.7006 -24.3957 4
      vertex -51.1573 -27.7779 4
      vertex -50.8651 -28.172 4
    endloop
  endfacet
  facet normal 0 0 1
    outer loop
      vertex -47.1053 23.6386 4
      vertex -52 25 4
      vertex -47.1577 23.4292 4
    endloop
  endfacet
  facet normal 0 0 1
    outer loop
      vertex -46.7006 -24.3957 4
      vertex -51.4096 -27.357 4
      vertex -51.1573 -27.7779 4
    endloop
  endfacet
  facet normal 0 0 1
    outer loop
      vertex -47.1577 23.4292 4
      vertex -52 25 4
      vertex -47.1894 23.2156 4
    endloop
  endfacet
  facet normal 0 0 1
    outer loop
      vertex -46.8292 -24.2223 4
      vertex -51.6194 -26.9134 4
      vertex -51.4096 -27.357 4
    endloop
  endfacet
  facet normal 0 0 1
    outer loop
      vertex -47.1894 23.2156 4
      vertex -52 25 4
      vertex -47.2 23 4
    endloop
  endfacet
  facet normal 0 0 1
    outer loop
      vertex -46.8292 -24.2223 4
      vertex -51.7847 -26.4514 4
      vertex -51.6194 -26.9134 4
    endloop
  endfacet
  facet normal 0 0 1
    outer loop
      vertex -46.9402 -24.0371 4
      vertex -51.9039 -25.9755 4
      vertex -51.7847 -26.4514 4
    endloop
  endfacet
  facet normal 0 0 1
    outer loop
      vertex -46.9402 -24.0371 4
      vertex -51.9759 -25.4901 4
      vertex -51.9039 -25.9755 4
    endloop
  endfacet
  facet normal -0 0 1
    outer loop
      vertex -31.25 18.33 4
      vertex 31.2693 17.9379 4
      vertex 31.25 18.33 4
    endloop
  endfacet
  facet normal 0 0 1
    outer loop
      vertex -31.2693 17.9379 4
      vertex 31.2693 17.9379 4
      vertex -31.25 18.33 4
    endloop
  endfacet
  facet normal 0 0 1
    outer loop
      vertex 31.2693 17.9379 4
      vertex -31.2693 17.9379 4
      vertex 31.3269 17.5496 4
    endloop
  endfacet
  facet normal 0 0 1
    outer loop
      vertex -31.3269 17.5496 4
      vertex 31.3269 17.5496 4
      vertex -31.2693 17.9379 4
    endloop
  endfacet
  facet normal 0 0 1
    outer loop
      vertex 31.3269 17.5496 4
      vertex -31.3269 17.5496 4
      vertex 31.3819 17.33 4
    endloop
  endfacet
  facet normal 0 0 1
    outer loop
      vertex 31.3819 17.33 4
      vertex -31.3269 17.5496 4
      vertex -31.3819 17.33 4
    endloop
  endfacet
  facet normal -0 0 1
    outer loop
      vertex -34.4696 14.4069 4
      vertex -34.25 -14.4619 4
      vertex -34.25 14.4619 4
    endloop
  endfacet
  facet normal 0 0 1
    outer loop
      vertex -34.4696 14.4069 4
      vertex -34.4696 -14.4069 4
      vertex -34.25 -14.4619 4
    endloop
  endfacet
  facet normal -0 0 1
    outer loop
      vertex -34.8579 14.3493 4
      vertex -34.4696 -14.4069 4
      vertex -34.4696 14.4069 4
    endloop
  endfacet
  facet normal 0 0 1
    outer loop
      vertex -34.8579 14.3493 4
      vertex -34.8579 -14.3493 4
      vertex -34.4696 -14.4069 4
    endloop
  endfacet
  facet normal -0 0 1
    outer loop
      vertex -35.25 14.33 4
      vertex -34.8579 -14.3493 4
      vertex -34.8579 14.3493 4
    endloop
  endfacet
  facet normal 0 0 1
    outer loop
      vertex -35.25 14.33 4
      vertex -35.25 -14.33 4
      vertex -34.8579 -14.3493 4
    endloop
  endfacet
  facet normal 0 0 1
    outer loop
      vertex -35.6421 14.3493 4
      vertex -35.25 -14.33 4
      vertex -35.25 14.33 4
    endloop
  endfacet
  facet normal 0 0 1
    outer loop
      vertex -35.6421 14.3493 4
      vertex -35.6421 -14.3493 4
      vertex -35.25 -14.33 4
    endloop
  endfacet
  facet normal 0 0 1
    outer loop
      vertex -36.0304 14.4069 4
      vertex -35.6421 -14.3493 4
      vertex -35.6421 14.3493 4
    endloop
  endfacet
  facet normal 0 0 1
    outer loop
      vertex -36.0304 14.4069 4
      vertex -36.0304 -14.4069 4
      vertex -35.6421 -14.3493 4
    endloop
  endfacet
  facet normal 0 0 1
    outer loop
      vertex -36.4111 14.5022 4
      vertex -36.0304 -14.4069 4
      vertex -36.0304 14.4069 4
    endloop
  endfacet
  facet normal 0 0 1
    outer loop
      vertex -36.4111 14.5022 4
      vertex -36.4111 -14.5022 4
      vertex -36.0304 -14.4069 4
    endloop
  endfacet
  facet normal 0 0 1
    outer loop
      vertex -36.7807 14.6345 4
      vertex -36.4111 -14.5022 4
      vertex -36.4111 14.5022 4
    endloop
  endfacet
  facet normal 0 0 1
    outer loop
      vertex -36.7807 14.6345 4
      vertex -36.7807 -14.6345 4
      vertex -36.4111 -14.5022 4
    endloop
  endfacet
  facet normal 0 0 1
    outer loop
      vertex -37.1356 14.8023 4
      vertex -36.7807 -14.6345 4
      vertex -36.7807 14.6345 4
    endloop
  endfacet
  facet normal 0 0 1
    outer loop
      vertex -37.1356 14.8023 4
      vertex -37.1356 -14.8023 4
      vertex -36.7807 -14.6345 4
    endloop
  endfacet
  facet normal 0 0 1
    outer loop
      vertex -37.4723 15.0041 4
      vertex -37.1356 -14.8023 4
      vertex -37.1356 14.8023 4
    endloop
  endfacet
  facet normal 0 0 1
    outer loop
      vertex -37.4723 15.0041 4
      vertex -37.4723 -15.0041 4
      vertex -37.1356 -14.8023 4
    endloop
  endfacet
  facet normal 0 0 1
    outer loop
      vertex -37.7876 15.238 4
      vertex -37.4723 -15.0041 4
      vertex -37.4723 15.0041 4
    endloop
  endfacet
  facet normal 0 0 1
    outer loop
      vertex -37.7876 15.238 4
      vertex -37.7876 -15.238 4
      vertex -37.4723 -15.0041 4
    endloop
  endfacet
  facet normal 0 0 1
    outer loop
      vertex -38.0784 15.5016 4
      vertex -37.7876 -15.238 4
      vertex -37.7876 15.238 4
    endloop
  endfacet
  facet normal 0 0 1
    outer loop
      vertex -38.0784 15.5016 4
      vertex -38.0784 -15.5016 4
      vertex -37.7876 -15.238 4
    endloop
  endfacet
  facet normal 0 0 1
    outer loop
      vertex -38.342 15.7924 4
      vertex -38.0784 -15.5016 4
      vertex -38.0784 15.5016 4
    endloop
  endfacet
  facet normal 0 0 1
    outer loop
      vertex -38.342 15.7924 4
      vertex -38.342 -15.7924 4
      vertex -38.0784 -15.5016 4
    endloop
  endfacet
  facet normal 0 0 1
    outer loop
      vertex -38.5759 16.1077 4
      vertex -38.342 -15.7924 4
      vertex -38.342 15.7924 4
    endloop
  endfacet
  facet normal 0 0 1
    outer loop
      vertex -38.5759 16.1077 4
      vertex -38.5759 -16.1077 4
      vertex -38.342 -15.7924 4
    endloop
  endfacet
  facet normal 0 0 1
    outer loop
      vertex -38.7777 16.4444 4
      vertex -38.5759 -16.1077 4
      vertex -38.5759 16.1077 4
    endloop
  endfacet
  facet normal 0 0 1
    outer loop
      vertex -38.7777 16.4444 4
      vertex -38.7777 -16.4444 4
      vertex -38.5759 -16.1077 4
    endloop
  endfacet
  facet normal 0 0 1
    outer loop
      vertex -39.0778 19.4911 4
      vertex -43.2994 21.6043 4
      vertex -39.1731 19.1104 4
    endloop
  endfacet
  facet normal -0 0 1
    outer loop
      vertex -43.4444 21.4444 4
      vertex -39.1731 19.1104 4
      vertex -43.2994 21.6043 4
    endloop
  endfacet
  facet normal -0 0 1
    outer loop
      vertex -43.2994 21.6043 4
      vertex -39.0778 19.4911 4
      vertex -43.1708 21.7777 4
    endloop
  endfacet
  facet normal -0 0 1
    outer loop
      vertex -43.6043 21.2994 4
      vertex -39.1731 19.1104 4
      vertex -43.4444 21.4444 4
    endloop
  endfacet
  facet normal 0 0 1
    outer loop
      vertex -38.9455 19.8607 4
      vertex -43.1708 21.7777 4
      vertex -39.0778 19.4911 4
    endloop
  endfacet
  facet normal 0 0 1
    outer loop
      vertex -38.7777 -16.4444 4
      vertex -42.8 -23 4
      vertex -38.9455 -16.7993 4
    endloop
  endfacet
  facet normal -0 0 1
    outer loop
      vertex -43.1708 21.7777 4
      vertex -38.9455 19.8607 4
      vertex -43.0598 21.9629 4
    endloop
  endfacet
  facet normal 0 0 1
    outer loop
      vertex -38.9455 -16.7993 4
      vertex -42.8 -23 4
      vertex -39.0778 -17.1689 4
    endloop
  endfacet
  facet normal 0 0 1
    outer loop
      vertex -38.7777 20.2156 4
      vertex -43.0598 21.9629 4
      vertex -38.9455 19.8607 4
    endloop
  endfacet
  facet normal 0 0 1
    outer loop
      vertex -39.0778 -17.1689 4
      vertex -42.8 -23 4
      vertex -39.1731 -17.5496 4
    endloop
  endfacet
  facet normal -0.970034 0.242967 0
    outer loop
      vertex -51.9039 25.9755 0
      vertex -51.7847 26.4514 4
      vertex -51.7847 26.4514 0
    endloop
  endfacet
  facet normal -0.970034 0.242967 0
    outer loop
      vertex -51.7847 26.4514 4
      vertex -51.9039 25.9755 0
      vertex -51.9039 25.9755 4
    endloop
  endfacet
  facet normal 0.514136 -0.857709 0
    outer loop
      vertex 49.357 -29.4096 0
      vertex 49.7779 -29.1573 4
      vertex 49.357 -29.4096 4
    endloop
  endfacet
  facet normal 0.514136 -0.857709 0
    outer loop
      vertex 49.7779 -29.1573 4
      vertex 49.357 -29.4096 0
      vertex 49.7779 -29.1573 0
    endloop
  endfacet
  facet normal 0.427543 0.903995 -0
    outer loop
      vertex 49.357 29.4096 0
      vertex 48.9134 29.6194 4
      vertex 49.357 29.4096 4
    endloop
  endfacet
  facet normal 0.427543 0.903995 0
    outer loop
      vertex 48.9134 29.6194 4
      vertex 49.357 29.4096 0
      vertex 48.9134 29.6194 0
    endloop
  endfacet
  facet normal 0.0491143 0.998793 -0
    outer loop
      vertex 47.4901 29.9759 0
      vertex 47 30 4
      vertex 47.4901 29.9759 4
    endloop
  endfacet
  facet normal 0.0491143 0.998793 0
    outer loop
      vertex 47 30 4
      vertex 47.4901 29.9759 0
      vertex 47 30 0
    endloop
  endfacet
  facet normal -0.857709 0.514136 0
    outer loop
      vertex -51.4096 27.357 0
      vertex -51.1573 27.7779 4
      vertex -51.1573 27.7779 0
    endloop
  endfacet
  facet normal -0.857709 0.514136 0
    outer loop
      vertex -51.1573 27.7779 4
      vertex -51.4096 27.357 0
      vertex -51.4096 27.357 4
    endloop
  endfacet
  facet normal 0.146726 0.989177 -0
    outer loop
      vertex 47.9755 29.9039 0
      vertex 47.4901 29.9759 4
      vertex 47.9755 29.9039 4
    endloop
  endfacet
  facet normal 0.146726 0.989177 0
    outer loop
      vertex 47.4901 29.9759 4
      vertex 47.9755 29.9039 0
      vertex 47.4901 29.9759 0
    endloop
  endfacet
  facet normal -0.740806 0.671719 0
    outer loop
      vertex -50.8651 28.172 0
      vertex -50.5355 28.5355 4
      vertex -50.5355 28.5355 0
    endloop
  endfacet
  facet normal -0.740806 0.671719 0
    outer loop
      vertex -50.5355 28.5355 4
      vertex -50.8651 28.172 0
      vertex -50.8651 28.172 4
    endloop
  endfacet
  facet normal 0.903995 -0.427543 0
    outer loop
      vertex 51.4096 -27.357 4
      vertex 51.6194 -26.9134 0
      vertex 51.6194 -26.9134 4
    endloop
  endfacet
  facet normal 0.903995 -0.427543 0
    outer loop
      vertex 51.6194 -26.9134 0
      vertex 51.4096 -27.357 4
      vertex 51.4096 -27.357 0
    endloop
  endfacet
  facet normal 0.671719 0.740806 -0
    outer loop
      vertex 50.5355 28.5355 0
      vertex 50.172 28.8651 4
      vertex 50.5355 28.5355 4
    endloop
  endfacet
  facet normal 0.671719 0.740806 0
    outer loop
      vertex 50.172 28.8651 4
      vertex 50.5355 28.5355 0
      vertex 50.172 28.8651 0
    endloop
  endfacet
  facet normal 0.336879 0.941548 -0
    outer loop
      vertex 48.9134 29.6194 0
      vertex 48.4514 29.7847 4
      vertex 48.9134 29.6194 4
    endloop
  endfacet
  facet normal 0.336879 0.941548 0
    outer loop
      vertex 48.4514 29.7847 4
      vertex 48.9134 29.6194 0
      vertex 48.4514 29.7847 0
    endloop
  endfacet
  facet normal 0.941548 -0.336879 0
    outer loop
      vertex 51.6194 -26.9134 4
      vertex 51.7847 -26.4514 0
      vertex 51.7847 -26.4514 4
    endloop
  endfacet
  facet normal 0.941548 -0.336879 0
    outer loop
      vertex 51.7847 -26.4514 0
      vertex 51.6194 -26.9134 4
      vertex 51.6194 -26.9134 0
    endloop
  endfacet
  facet normal -0.857709 -0.514136 0
    outer loop
      vertex -51.1573 -27.7779 0
      vertex -51.4096 -27.357 4
      vertex -51.4096 -27.357 0
    endloop
  endfacet
  facet normal -0.857709 -0.514136 0
    outer loop
      vertex -51.4096 -27.357 4
      vertex -51.1573 -27.7779 0
      vertex -51.1573 -27.7779 4
    endloop
  endfacet
  facet normal 0.941548 0.336879 0
    outer loop
      vertex 51.7847 26.4514 4
      vertex 51.6194 26.9134 0
      vertex 51.6194 26.9134 4
    endloop
  endfacet
  facet normal 0.941548 0.336879 0
    outer loop
      vertex 51.6194 26.9134 0
      vertex 51.7847 26.4514 4
      vertex 51.7847 26.4514 0
    endloop
  endfacet
  facet normal 0.336879 -0.941548 0
    outer loop
      vertex 48.4514 -29.7847 0
      vertex 48.9134 -29.6194 4
      vertex 48.4514 -29.7847 4
    endloop
  endfacet
  facet normal 0.336879 -0.941548 0
    outer loop
      vertex 48.9134 -29.6194 4
      vertex 48.4514 -29.7847 0
      vertex 48.9134 -29.6194 0
    endloop
  endfacet
  facet normal -0.671719 -0.740806 0
    outer loop
      vertex -50.5355 -28.5355 0
      vertex -50.172 -28.8651 4
      vertex -50.5355 -28.5355 4
    endloop
  endfacet
  facet normal -0.671719 -0.740806 -0
    outer loop
      vertex -50.172 -28.8651 4
      vertex -50.5355 -28.5355 0
      vertex -50.172 -28.8651 0
    endloop
  endfacet
  facet normal 0.903995 0.427543 0
    outer loop
      vertex 51.6194 26.9134 4
      vertex 51.4096 27.357 0
      vertex 51.4096 27.357 4
    endloop
  endfacet
  facet normal 0.903995 0.427543 0
    outer loop
      vertex 51.4096 27.357 0
      vertex 51.6194 26.9134 4
      vertex 51.6194 26.9134 0
    endloop
  endfacet
  facet normal -0.514136 0.857709 0
    outer loop
      vertex -49.357 29.4096 0
      vertex -49.7779 29.1573 4
      vertex -49.357 29.4096 4
    endloop
  endfacet
  facet normal -0.514136 0.857709 0
    outer loop
      vertex -49.7779 29.1573 4
      vertex -49.357 29.4096 0
      vertex -49.7779 29.1573 0
    endloop
  endfacet
  facet normal -0.146726 -0.989177 0
    outer loop
      vertex -47.9755 -29.9039 0
      vertex -47.4901 -29.9759 4
      vertex -47.9755 -29.9039 4
    endloop
  endfacet
  facet normal -0.146726 -0.989177 -0
    outer loop
      vertex -47.4901 -29.9759 4
      vertex -47.9755 -29.9039 0
      vertex -47.4901 -29.9759 0
    endloop
  endfacet
  facet normal -0.336879 0.941548 0
    outer loop
      vertex -48.4514 29.7847 0
      vertex -48.9134 29.6194 4
      vertex -48.4514 29.7847 4
    endloop
  endfacet
  facet normal -0.336879 0.941548 0
    outer loop
      vertex -48.9134 29.6194 4
      vertex -48.4514 29.7847 0
      vertex -48.9134 29.6194 0
    endloop
  endfacet
  facet normal 0.146726 -0.989177 0
    outer loop
      vertex 47.4901 -29.9759 0
      vertex 47.9755 -29.9039 4
      vertex 47.4901 -29.9759 4
    endloop
  endfacet
  facet normal 0.146726 -0.989177 0
    outer loop
      vertex 47.9755 -29.9039 4
      vertex 47.4901 -29.9759 0
      vertex 47.9755 -29.9039 0
    endloop
  endfacet
  facet normal -0.970034 -0.242967 0
    outer loop
      vertex -51.7847 -26.4514 0
      vertex -51.9039 -25.9755 4
      vertex -51.9039 -25.9755 0
    endloop
  endfacet
  facet normal -0.970034 -0.242967 0
    outer loop
      vertex -51.9039 -25.9755 4
      vertex -51.7847 -26.4514 0
      vertex -51.7847 -26.4514 4
    endloop
  endfacet
  facet normal -0.903995 0.427543 0
    outer loop
      vertex -51.6194 26.9134 0
      vertex -51.4096 27.357 4
      vertex -51.4096 27.357 0
    endloop
  endfacet
  facet normal -0.903995 0.427543 0
    outer loop
      vertex -51.4096 27.357 4
      vertex -51.6194 26.9134 0
      vertex -51.6194 26.9134 4
    endloop
  endfacet
  facet normal -0.80329 -0.595588 0
    outer loop
      vertex -50.8651 -28.172 0
      vertex -51.1573 -27.7779 4
      vertex -51.1573 -27.7779 0
    endloop
  endfacet
  facet normal -0.80329 -0.595588 0
    outer loop
      vertex -51.1573 -27.7779 4
      vertex -50.8651 -28.172 0
      vertex -50.8651 -28.172 4
    endloop
  endfacet
  facet normal 0.595588 0.80329 -0
    outer loop
      vertex 50.172 28.8651 0
      vertex 49.7779 29.1573 4
      vertex 50.172 28.8651 4
    endloop
  endfacet
  facet normal 0.595588 0.80329 0
    outer loop
      vertex 49.7779 29.1573 4
      vertex 50.172 28.8651 0
      vertex 49.7779 29.1573 0
    endloop
  endfacet
  facet normal -0.0491143 0.998793 0
    outer loop
      vertex -47 30 0
      vertex -47.4901 29.9759 4
      vertex -47 30 4
    endloop
  endfacet
  facet normal -0.0491143 0.998793 0
    outer loop
      vertex -47.4901 29.9759 4
      vertex -47 30 0
      vertex -47.4901 29.9759 0
    endloop
  endfacet
  facet normal -0.989177 0.146726 0
    outer loop
      vertex -51.9759 25.4901 0
      vertex -51.9039 25.9755 4
      vertex -51.9039 25.9755 0
    endloop
  endfacet
  facet normal -0.989177 0.146726 0
    outer loop
      vertex -51.9039 25.9755 4
      vertex -51.9759 25.4901 0
      vertex -51.9759 25.4901 4
    endloop
  endfacet
  facet normal 0.857709 -0.514136 0
    outer loop
      vertex 51.1573 -27.7779 4
      vertex 51.4096 -27.357 0
      vertex 51.4096 -27.357 4
    endloop
  endfacet
  facet normal 0.857709 -0.514136 0
    outer loop
      vertex 51.4096 -27.357 0
      vertex 51.1573 -27.7779 4
      vertex 51.1573 -27.7779 0
    endloop
  endfacet
  facet normal -0.998793 -0.0491143 0
    outer loop
      vertex -51.9759 -25.4901 0
      vertex -52 -25 4
      vertex -52 -25 0
    endloop
  endfacet
  facet normal -0.998793 -0.0491143 0
    outer loop
      vertex -52 -25 4
      vertex -51.9759 -25.4901 0
      vertex -51.9759 -25.4901 4
    endloop
  endfacet
  facet normal 0.80329 0.595588 0
    outer loop
      vertex 51.1573 27.7779 4
      vertex 50.8651 28.172 0
      vertex 50.8651 28.172 4
    endloop
  endfacet
  facet normal 0.80329 0.595588 0
    outer loop
      vertex 50.8651 28.172 0
      vertex 51.1573 27.7779 4
      vertex 51.1573 27.7779 0
    endloop
  endfacet
  facet normal 0.242967 0.970034 -0
    outer loop
      vertex 48.4514 29.7847 0
      vertex 47.9755 29.9039 4
      vertex 48.4514 29.7847 4
    endloop
  endfacet
  facet normal 0.242967 0.970034 0
    outer loop
      vertex 47.9755 29.9039 4
      vertex 48.4514 29.7847 0
      vertex 47.9755 29.9039 0
    endloop
  endfacet
  facet normal -0.989177 -0.146726 0
    outer loop
      vertex -51.9039 -25.9755 0
      vertex -51.9759 -25.4901 4
      vertex -51.9759 -25.4901 0
    endloop
  endfacet
  facet normal -0.989177 -0.146726 0
    outer loop
      vertex -51.9759 -25.4901 4
      vertex -51.9039 -25.9755 0
      vertex -51.9039 -25.9755 4
    endloop
  endfacet
  facet normal -0.146726 0.989177 0
    outer loop
      vertex -47.4901 29.9759 0
      vertex -47.9755 29.9039 4
      vertex -47.4901 29.9759 4
    endloop
  endfacet
  facet normal -0.146726 0.989177 0
    outer loop
      vertex -47.9755 29.9039 4
      vertex -47.4901 29.9759 0
      vertex -47.9755 29.9039 0
    endloop
  endfacet
  facet normal -0.671719 0.740806 0
    outer loop
      vertex -50.172 28.8651 0
      vertex -50.5355 28.5355 4
      vertex -50.172 28.8651 4
    endloop
  endfacet
  facet normal -0.671719 0.740806 0
    outer loop
      vertex -50.5355 28.5355 4
      vertex -50.172 28.8651 0
      vertex -50.5355 28.5355 0
    endloop
  endfacet
  facet normal -0.514136 -0.857709 0
    outer loop
      vertex -49.7779 -29.1573 0
      vertex -49.357 -29.4096 4
      vertex -49.7779 -29.1573 4
    endloop
  endfacet
  facet normal -0.514136 -0.857709 -0
    outer loop
      vertex -49.357 -29.4096 4
      vertex -49.7779 -29.1573 0
      vertex -49.357 -29.4096 0
    endloop
  endfacet
  facet normal -0.427543 -0.903995 0
    outer loop
      vertex -49.357 -29.4096 0
      vertex -48.9134 -29.6194 4
      vertex -49.357 -29.4096 4
    endloop
  endfacet
  facet normal -0.427543 -0.903995 -0
    outer loop
      vertex -48.9134 -29.6194 4
      vertex -49.357 -29.4096 0
      vertex -48.9134 -29.6194 0
    endloop
  endfacet
  facet normal -0.427543 0.903995 0
    outer loop
      vertex -48.9134 29.6194 0
      vertex -49.357 29.4096 4
      vertex -48.9134 29.6194 4
    endloop
  endfacet
  facet normal -0.427543 0.903995 0
    outer loop
      vertex -49.357 29.4096 4
      vertex -48.9134 29.6194 0
      vertex -49.357 29.4096 0
    endloop
  endfacet
  facet normal 0.857709 0.514136 0
    outer loop
      vertex 51.4096 27.357 4
      vertex 51.1573 27.7779 0
      vertex 51.1573 27.7779 4
    endloop
  endfacet
  facet normal 0.857709 0.514136 0
    outer loop
      vertex 51.1573 27.7779 0
      vertex 51.4096 27.357 4
      vertex 51.4096 27.357 0
    endloop
  endfacet
  facet normal 1 0 0
    outer loop
      vertex 34.25 -6 16.04
      vertex 34.25 -14.4619 16.04
      vertex 34.25 -6 4.01
    endloop
  endfacet
  facet normal 1 -0 0
    outer loop
      vertex 34.25 6 16.04
      vertex 34.25 14.4619 4
      vertex 34.25 14.4619 16.04
    endloop
  endfacet
  facet normal 1 -0 0
    outer loop
      vertex 34.25 6 4.01
      vertex 34.25 14.4619 4
      vertex 34.25 6 16.04
    endloop
  endfacet
  facet normal 1 -0 0
    outer loop
      vertex 34.25 -6 4.01
      vertex 34.25 14.4619 4
      vertex 34.25 6 4.01
    endloop
  endfacet
  facet normal 1 0 0
    outer loop
      vertex 34.25 -6 4.01
      vertex 34.25 -14.4619 4
      vertex 34.25 14.4619 4
    endloop
  endfacet
  facet normal 1 0 0
    outer loop
      vertex 34.25 -14.4619 4
      vertex 34.25 -6 4.01
      vertex 34.25 -14.4619 16.04
    endloop
  endfacet
  facet normal 0 -1 0
    outer loop
      vertex -31.3819 -17.33 4
      vertex 31.3819 -17.33 16.04
      vertex -31.3819 -17.33 16.04
    endloop
  endfacet
  facet normal 0 -1 -0
    outer loop
      vertex 31.3819 -17.33 16.04
      vertex -31.3819 -17.33 4
      vertex 31.3819 -17.33 4
    endloop
  endfacet
  facet normal -1 0 0
    outer loop
      vertex -34.25 14.4619 4
      vertex -34.25 6 4.01
      vertex -34.25 14.4619 16.04
    endloop
  endfacet
  facet normal -1 0 0
    outer loop
      vertex -34.25 14.4619 4
      vertex -34.25 -6 4.01
      vertex -34.25 6 4.01
    endloop
  endfacet
  facet normal -1 0 0
    outer loop
      vertex -34.25 -14.4619 4
      vertex -34.25 -6 4.01
      vertex -34.25 14.4619 4
    endloop
  endfacet
  facet normal -1 0 0
    outer loop
      vertex -34.25 -14.4619 4
      vertex -34.25 -6 16.04
      vertex -34.25 -6 4.01
    endloop
  endfacet
  facet normal -1 -0 0
    outer loop
      vertex -34.25 -6 16.04
      vertex -34.25 -14.4619 4
      vertex -34.25 -14.4619 16.04
    endloop
  endfacet
  facet normal -1 -0 0
    outer loop
      vertex -34.25 14.4619 16.04
      vertex -34.25 6 4.01
      vertex -34.25 6 16.04
    endloop
  endfacet
  facet normal 0 1 0
    outer loop
      vertex 31.3819 17.33 16.04
      vertex 5.5 17.33 4.01
      vertex 5.5 17.33 16.04
    endloop
  endfacet
  facet normal 0 1 0
    outer loop
      vertex 5.5 17.33 4.01
      vertex 31.3819 17.33 4
      vertex -5.5 17.33 4.01
    endloop
  endfacet
  facet normal 0 1 -0
    outer loop
      vertex 31.3819 17.33 4
      vertex 5.5 17.33 4.01
      vertex 31.3819 17.33 16.04
    endloop
  endfacet
  facet normal 0 1 -0
    outer loop
      vertex -5.5 17.33 4.01
      vertex -31.3819 17.33 16.04
      vertex -5.5 17.33 16.04
    endloop
  endfacet
  facet normal 0 1 0
    outer loop
      vertex -5.5 17.33 4.01
      vertex -31.3819 17.33 4
      vertex -31.3819 17.33 16.04
    endloop
  endfacet
  facet normal 0 1 0
    outer loop
      vertex -31.3819 17.33 4
      vertex -5.5 17.33 4.01
      vertex 31.3819 17.33 4
    endloop
  endfacet
  facet normal -0 0 1
    outer loop
      vertex -34.25 6 4.01
      vertex -32.05 -6 4.01
      vertex -32.05 6 4.01
    endloop
  endfacet
  facet normal 0 0 1
    outer loop
      vertex -32.05 -6 4.01
      vertex -34.25 6 4.01
      vertex -34.25 -6 4.01
    endloop
  endfacet
  facet normal 0 -1 0
    outer loop
      vertex -34.25 6 4.01
      vertex -32.05 6 16.04
      vertex -34.25 6 16.04
    endloop
  endfacet
  facet normal 0 -1 -0
    outer loop
      vertex -32.05 6 16.04
      vertex -34.25 6 4.01
      vertex -32.05 6 4.01
    endloop
  endfacet
  facet normal 0 1 -0
    outer loop
      vertex -32.05 -6 4.01
      vertex -34.25 -6 16.04
      vertex -32.05 -6 16.04
    endloop
  endfacet
  facet normal 0 1 0
    outer loop
      vertex -34.25 -6 16.04
      vertex -32.05 -6 4.01
      vertex -34.25 -6 4.01
    endloop
  endfacet
  facet normal -0 0 1
    outer loop
      vertex 32.05 6 4.01
      vertex 34.25 -6 4.01
      vertex 34.25 6 4.01
    endloop
  endfacet
  facet normal 0 0 1
    outer loop
      vertex 34.25 -6 4.01
      vertex 32.05 6 4.01
      vertex 32.05 -6 4.01
    endloop
  endfacet
  facet normal 0 -1 0
    outer loop
      vertex 32.05 6 4.01
      vertex 34.25 6 16.04
      vertex 32.05 6 16.04
    endloop
  endfacet
  facet normal 0 -1 -0
    outer loop
      vertex 34.25 6 16.04
      vertex 32.05 6 4.01
      vertex 34.25 6 4.01
    endloop
  endfacet
  facet normal 0 1 -0
    outer loop
      vertex 34.25 -6 4.01
      vertex 32.05 -6 16.04
      vertex 34.25 -6 16.04
    endloop
  endfacet
  facet normal 0 1 0
    outer loop
      vertex 32.05 -6 16.04
      vertex 34.25 -6 4.01
      vertex 32.05 -6 4.01
    endloop
  endfacet
  facet normal 0.336698 0.941613 -0
    outer loop
      vertex 34.8871 17.1338 4
      vertex 34.7716 17.1751 16.04
      vertex 34.8871 17.1338 16.04
    endloop
  endfacet
  facet normal 0.336698 0.941613 0
    outer loop
      vertex 34.7716 17.1751 16.04
      vertex 34.8871 17.1338 4
      vertex 34.7716 17.1751 4
    endloop
  endfacet
  facet normal -0.989186 -0.146667 0
    outer loop
      vertex 36.494 18.4525 4
      vertex 36.476 18.5739 16.04
      vertex 36.476 18.5739 4
    endloop
  endfacet
  facet normal -0.989186 -0.146667 0
    outer loop
      vertex 36.476 18.5739 16.04
      vertex 36.494 18.4525 4
      vertex 36.494 18.4525 16.04
    endloop
  endfacet
  facet normal -0.998803 -0.0489209 0
    outer loop
      vertex 36.5 18.33 4
      vertex 36.494 18.4525 16.04
      vertex 36.494 18.4525 4
    endloop
  endfacet
  facet normal -0.998803 -0.0489209 0
    outer loop
      vertex 36.494 18.4525 16.04
      vertex 36.5 18.33 4
      vertex 36.5 18.33 16.04
    endloop
  endfacet
  facet normal -0.970047 -0.242919 0
    outer loop
      vertex 36.476 18.5739 4
      vertex 36.4462 18.6929 16.04
      vertex 36.4462 18.6929 4
    endloop
  endfacet
  facet normal -0.970047 -0.242919 0
    outer loop
      vertex 36.4462 18.6929 16.04
      vertex 36.476 18.5739 4
      vertex 36.476 18.5739 16.04
    endloop
  endfacet
  facet normal 0.989186 -0.146667 0
    outer loop
      vertex 34.006 18.4525 16.04
      vertex 34.024 18.5739 4
      vertex 34.024 18.5739 16.04
    endloop
  endfacet
  facet normal 0.989186 -0.146667 0
    outer loop
      vertex 34.024 18.5739 4
      vertex 34.006 18.4525 16.04
      vertex 34.006 18.4525 4
    endloop
  endfacet
  facet normal 0.242919 0.970047 -0
    outer loop
      vertex 35.0061 17.104 4
      vertex 34.8871 17.1338 16.04
      vertex 35.0061 17.104 16.04
    endloop
  endfacet
  facet normal 0.242919 0.970047 0
    outer loop
      vertex 34.8871 17.1338 16.04
      vertex 35.0061 17.104 4
      vertex 34.8871 17.1338 4
    endloop
  endfacet
  facet normal -0.33742 -0.941354 0
    outer loop
      vertex 35.6129 19.5262 4
      vertex 35.7284 19.4848 16.04
      vertex 35.6129 19.5262 16.04
    endloop
  endfacet
  facet normal -0.33742 -0.941354 -0
    outer loop
      vertex 35.7284 19.4848 16.04
      vertex 35.6129 19.5262 4
      vertex 35.7284 19.4848 4
    endloop
  endfacet
  facet normal 0.514016 -0.85778 0
    outer loop
      vertex 34.5555 19.3693 4
      vertex 34.6608 19.4324 16.04
      vertex 34.5555 19.3693 16.04
    endloop
  endfacet
  facet normal 0.514016 -0.85778 0
    outer loop
      vertex 34.6608 19.4324 16.04
      vertex 34.5555 19.3693 4
      vertex 34.6608 19.4324 4
    endloop
  endfacet
  facet normal 0.903688 0.428192 0
    outer loop
      vertex 34.1476 17.7408 16.04
      vertex 34.0951 17.8516 4
      vertex 34.0951 17.8516 16.04
    endloop
  endfacet
  facet normal 0.903688 0.428192 0
    outer loop
      vertex 34.0951 17.8516 4
      vertex 34.1476 17.7408 16.04
      vertex 34.1476 17.7408 4
    endloop
  endfacet
  facet normal 0.242919 -0.970047 0
    outer loop
      vertex 34.8871 19.5262 4
      vertex 35.0061 19.556 16.04
      vertex 34.8871 19.5262 16.04
    endloop
  endfacet
  facet normal 0.242919 -0.970047 0
    outer loop
      vertex 35.0061 19.556 16.04
      vertex 34.8871 19.5262 4
      vertex 35.0061 19.556 4
    endloop
  endfacet
  facet normal 0.85778 0.514016 0
    outer loop
      vertex 34.2107 17.6355 16.04
      vertex 34.1476 17.7408 4
      vertex 34.1476 17.7408 16.04
    endloop
  endfacet
  facet normal 0.85778 0.514016 0
    outer loop
      vertex 34.1476 17.7408 4
      vertex 34.2107 17.6355 16.04
      vertex 34.2107 17.6355 4
    endloop
  endfacet
  facet normal -0.242919 0.970047 0
    outer loop
      vertex 35.6129 17.1338 4
      vertex 35.4939 17.104 16.04
      vertex 35.6129 17.1338 16.04
    endloop
  endfacet
  facet normal -0.242919 0.970047 0
    outer loop
      vertex 35.4939 17.104 16.04
      vertex 35.6129 17.1338 4
      vertex 35.4939 17.104 4
    endloop
  endfacet
  facet normal 0.595423 0.803413 -0
    outer loop
      vertex 34.5555 17.2907 4
      vertex 34.457 17.3637 16.04
      vertex 34.5555 17.2907 16.04
    endloop
  endfacet
  facet normal 0.595423 0.803413 0
    outer loop
      vertex 34.457 17.3637 16.04
      vertex 34.5555 17.2907 4
      vertex 34.457 17.3637 4
    endloop
  endfacet
  facet normal -0.514016 0.85778 0
    outer loop
      vertex 35.9445 17.2907 4
      vertex 35.8392 17.2276 16.04
      vertex 35.9445 17.2907 16.04
    endloop
  endfacet
  facet normal -0.514016 0.85778 0
    outer loop
      vertex 35.8392 17.2276 16.04
      vertex 35.9445 17.2907 4
      vertex 35.8392 17.2276 4
    endloop
  endfacet
  facet normal -0.803413 0.595423 0
    outer loop
      vertex 36.2163 17.537 4
      vertex 36.2893 17.6355 16.04
      vertex 36.2893 17.6355 4
    endloop
  endfacet
  facet normal -0.803413 0.595423 0
    outer loop
      vertex 36.2893 17.6355 16.04
      vertex 36.2163 17.537 4
      vertex 36.2163 17.537 16.04
    endloop
  endfacet
  facet normal -0.146667 -0.989186 0
    outer loop
      vertex 35.3725 19.574 4
      vertex 35.4939 19.556 16.04
      vertex 35.3725 19.574 16.04
    endloop
  endfacet
  facet normal -0.146667 -0.989186 -0
    outer loop
      vertex 35.4939 19.556 16.04
      vertex 35.3725 19.574 4
      vertex 35.4939 19.556 4
    endloop
  endfacet
  facet normal 0.595423 -0.803413 0
    outer loop
      vertex 34.457 19.2963 4
      vertex 34.5555 19.3693 16.04
      vertex 34.457 19.2963 16.04
    endloop
  endfacet
  facet normal 0.595423 -0.803413 0
    outer loop
      vertex 34.5555 19.3693 16.04
      vertex 34.457 19.2963 4
      vertex 34.5555 19.3693 4
    endloop
  endfacet
  facet normal -0.428192 0.903688 0
    outer loop
      vertex 35.8392 17.2276 4
      vertex 35.7284 17.1751 16.04
      vertex 35.8392 17.2276 16.04
    endloop
  endfacet
  facet normal -0.428192 0.903688 0
    outer loop
      vertex 35.7284 17.1751 16.04
      vertex 35.8392 17.2276 4
      vertex 35.7284 17.1751 4
    endloop
  endfacet
  facet normal 0.803413 -0.595423 0
    outer loop
      vertex 34.2107 19.0245 16.04
      vertex 34.2837 19.123 4
      vertex 34.2837 19.123 16.04
    endloop
  endfacet
  facet normal 0.803413 -0.595423 0
    outer loop
      vertex 34.2837 19.123 4
      vertex 34.2107 19.0245 16.04
      vertex 34.2107 19.0245 4
    endloop
  endfacet
  facet normal -0.989186 0.146667 0
    outer loop
      vertex 36.476 18.0861 4
      vertex 36.494 18.2075 16.04
      vertex 36.494 18.2075 4
    endloop
  endfacet
  facet normal -0.989186 0.146667 0
    outer loop
      vertex 36.494 18.2075 16.04
      vertex 36.476 18.0861 4
      vertex 36.476 18.0861 16.04
    endloop
  endfacet
  facet normal 0.941613 -0.336698 0
    outer loop
      vertex 34.0538 18.6929 16.04
      vertex 34.0951 18.8084 4
      vertex 34.0951 18.8084 16.04
    endloop
  endfacet
  facet normal 0.941613 -0.336698 0
    outer loop
      vertex 34.0951 18.8084 4
      vertex 34.0538 18.6929 16.04
      vertex 34.0538 18.6929 4
    endloop
  endfacet
  facet normal -0.427525 -0.904003 0
    outer loop
      vertex 35.7284 19.4848 4
      vertex 35.8392 19.4324 16.04
      vertex 35.7284 19.4848 16.04
    endloop
  endfacet
  facet normal -0.427525 -0.904003 -0
    outer loop
      vertex 35.8392 19.4324 16.04
      vertex 35.7284 19.4848 4
      vertex 35.8392 19.4324 4
    endloop
  endfacet
  facet normal 0.941613 0.336698 0
    outer loop
      vertex 34.0951 17.8516 16.04
      vertex 34.0538 17.9671 4
      vertex 34.0538 17.9671 16.04
    endloop
  endfacet
  facet normal 0.941613 0.336698 0
    outer loop
      vertex 34.0538 17.9671 4
      vertex 34.0951 17.8516 16.04
      vertex 34.0951 17.8516 4
    endloop
  endfacet
  facet normal -0.970047 0.242919 0
    outer loop
      vertex 36.4462 17.9671 4
      vertex 36.476 18.0861 16.04
      vertex 36.476 18.0861 4
    endloop
  endfacet
  facet normal -0.970047 0.242919 0
    outer loop
      vertex 36.476 18.0861 16.04
      vertex 36.4462 17.9671 4
      vertex 36.4462 17.9671 16.04
    endloop
  endfacet
  facet normal 0.0489209 -0.998803 0
    outer loop
      vertex 35.1275 19.574 4
      vertex 35.25 19.58 16.04
      vertex 35.1275 19.574 16.04
    endloop
  endfacet
  facet normal 0.0489209 -0.998803 0
    outer loop
      vertex 35.25 19.58 16.04
      vertex 35.1275 19.574 4
      vertex 35.25 19.58 4
    endloop
  endfacet
  facet normal -0.671617 -0.740898 0
    outer loop
      vertex 36.043 19.2963 4
      vertex 36.1339 19.2139 16.04
      vertex 36.043 19.2963 16.04
    endloop
  endfacet
  facet normal -0.671617 -0.740898 -0
    outer loop
      vertex 36.1339 19.2139 16.04
      vertex 36.043 19.2963 4
      vertex 36.1339 19.2139 4
    endloop
  endfacet
  facet normal 0.427525 -0.904003 0
    outer loop
      vertex 34.6608 19.4324 4
      vertex 34.7716 19.4848 16.04
      vertex 34.6608 19.4324 16.04
    endloop
  endfacet
  facet normal 0.427525 -0.904003 0
    outer loop
      vertex 34.7716 19.4848 16.04
      vertex 34.6608 19.4324 4
      vertex 34.7716 19.4848 4
    endloop
  endfacet
  facet normal 0.671617 -0.740898 0
    outer loop
      vertex 34.3661 19.2139 4
      vertex 34.457 19.2963 16.04
      vertex 34.3661 19.2139 16.04
    endloop
  endfacet
  facet normal 0.671617 -0.740898 0
    outer loop
      vertex 34.457 19.2963 16.04
      vertex 34.3661 19.2139 4
      vertex 34.457 19.2963 4
    endloop
  endfacet
  facet normal -0.336698 0.941613 0
    outer loop
      vertex 35.7284 17.1751 4
      vertex 35.6129 17.1338 16.04
      vertex 35.7284 17.1751 16.04
    endloop
  endfacet
  facet normal -0.336698 0.941613 0
    outer loop
      vertex 35.6129 17.1338 16.04
      vertex 35.7284 17.1751 4
      vertex 35.6129 17.1338 4
    endloop
  endfacet
  facet normal 0.33742 -0.941354 0
    outer loop
      vertex 34.7716 19.4848 4
      vertex 34.8871 19.5262 16.04
      vertex 34.7716 19.4848 16.04
    endloop
  endfacet
  facet normal 0.33742 -0.941354 0
    outer loop
      vertex 34.8871 19.5262 16.04
      vertex 34.7716 19.4848 4
      vertex 34.8871 19.5262 4
    endloop
  endfacet
  facet normal -0.803413 -0.595423 0
    outer loop
      vertex 36.2893 19.0245 4
      vertex 36.2163 19.123 16.04
      vertex 36.2163 19.123 4
    endloop
  endfacet
  facet normal -0.803413 -0.595423 0
    outer loop
      vertex 36.2163 19.123 16.04
      vertex 36.2893 19.0245 4
      vertex 36.2893 19.0245 16.04
    endloop
  endfacet
  facet normal 0.85778 -0.514016 0
    outer loop
      vertex 34.1476 18.9192 16.04
      vertex 34.2107 19.0245 4
      vertex 34.2107 19.0245 16.04
    endloop
  endfacet
  facet normal 0.85778 -0.514016 0
    outer loop
      vertex 34.2107 19.0245 4
      vertex 34.1476 18.9192 16.04
      vertex 34.1476 18.9192 4
    endloop
  endfacet
  facet normal -0.998803 0.0489209 0
    outer loop
      vertex 36.494 18.2075 4
      vertex 36.5 18.33 16.04
      vertex 36.5 18.33 4
    endloop
  endfacet
  facet normal -0.998803 0.0489209 0
    outer loop
      vertex 36.5 18.33 16.04
      vertex 36.494 18.2075 4
      vertex 36.494 18.2075 16.04
    endloop
  endfacet
  facet normal -0.903688 0.428192 0
    outer loop
      vertex 36.3524 17.7408 4
      vertex 36.4049 17.8516 16.04
      vertex 36.4049 17.8516 4
    endloop
  endfacet
  facet normal -0.903688 0.428192 0
    outer loop
      vertex 36.4049 17.8516 16.04
      vertex 36.3524 17.7408 4
      vertex 36.3524 17.7408 16.04
    endloop
  endfacet
  facet normal 0.671617 0.740898 -0
    outer loop
      vertex 34.457 17.3637 4
      vertex 34.3661 17.4461 16.04
      vertex 34.457 17.3637 16.04
    endloop
  endfacet
  facet normal 0.671617 0.740898 0
    outer loop
      vertex 34.3661 17.4461 16.04
      vertex 34.457 17.3637 4
      vertex 34.3661 17.4461 4
    endloop
  endfacet
  facet normal -0.595423 -0.803413 0
    outer loop
      vertex 35.9445 19.3693 4
      vertex 36.043 19.2963 16.04
      vertex 35.9445 19.3693 16.04
    endloop
  endfacet
  facet normal -0.595423 -0.803413 -0
    outer loop
      vertex 36.043 19.2963 16.04
      vertex 35.9445 19.3693 4
      vertex 36.043 19.2963 4
    endloop
  endfacet
  facet normal 0.514016 0.85778 -0
    outer loop
      vertex 34.6608 17.2276 4
      vertex 34.5555 17.2907 16.04
      vertex 34.6608 17.2276 16.04
    endloop
  endfacet
  facet normal 0.514016 0.85778 0
    outer loop
      vertex 34.5555 17.2907 16.04
      vertex 34.6608 17.2276 4
      vertex 34.5555 17.2907 4
    endloop
  endfacet
  facet normal -0.514016 -0.85778 0
    outer loop
      vertex 35.8392 19.4324 4
      vertex 35.9445 19.3693 16.04
      vertex 35.8392 19.4324 16.04
    endloop
  endfacet
  facet normal -0.514016 -0.85778 -0
    outer loop
      vertex 35.9445 19.3693 16.04
      vertex 35.8392 19.4324 4
      vertex 35.9445 19.3693 4
    endloop
  endfacet
  facet normal -0.146667 0.989186 0
    outer loop
      vertex 35.4939 17.104 4
      vertex 35.3725 17.086 16.04
      vertex 35.4939 17.104 16.04
    endloop
  endfacet
  facet normal -0.146667 0.989186 0
    outer loop
      vertex 35.3725 17.086 16.04
      vertex 35.4939 17.104 4
      vertex 35.3725 17.086 4
    endloop
  endfacet
  facet normal -0.941613 -0.336698 0
    outer loop
      vertex 36.4462 18.6929 4
      vertex 36.4049 18.8084 16.04
      vertex 36.4049 18.8084 4
    endloop
  endfacet
  facet normal -0.941613 -0.336698 0
    outer loop
      vertex 36.4049 18.8084 16.04
      vertex 36.4462 18.6929 4
      vertex 36.4462 18.6929 16.04
    endloop
  endfacet
  facet normal -0.85778 0.514016 0
    outer loop
      vertex 36.2893 17.6355 4
      vertex 36.3524 17.7408 16.04
      vertex 36.3524 17.7408 4
    endloop
  endfacet
  facet normal -0.85778 0.514016 0
    outer loop
      vertex 36.3524 17.7408 16.04
      vertex 36.2893 17.6355 4
      vertex 36.2893 17.6355 16.04
    endloop
  endfacet
  facet normal 0.998803 0.0489209 0
    outer loop
      vertex 34.006 18.2075 16.04
      vertex 34 18.33 4
      vertex 34 18.33 16.04
    endloop
  endfacet
  facet normal 0.998803 0.0489209 0
    outer loop
      vertex 34 18.33 4
      vertex 34.006 18.2075 16.04
      vertex 34.006 18.2075 4
    endloop
  endfacet
  facet normal -0.941613 0.336698 0
    outer loop
      vertex 36.4049 17.8516 4
      vertex 36.4462 17.9671 16.04
      vertex 36.4462 17.9671 4
    endloop
  endfacet
  facet normal -0.941613 0.336698 0
    outer loop
      vertex 36.4462 17.9671 16.04
      vertex 36.4049 17.8516 4
      vertex 36.4049 17.8516 16.04
    endloop
  endfacet
  facet normal -0.740898 -0.671617 0
    outer loop
      vertex 36.2163 19.123 4
      vertex 36.1339 19.2139 16.04
      vertex 36.1339 19.2139 4
    endloop
  endfacet
  facet normal -0.740898 -0.671617 0
    outer loop
      vertex 36.1339 19.2139 16.04
      vertex 36.2163 19.123 4
      vertex 36.2163 19.123 16.04
    endloop
  endfacet
  facet normal -0.0489209 -0.998803 0
    outer loop
      vertex 35.25 19.58 4
      vertex 35.3725 19.574 16.04
      vertex 35.25 19.58 16.04
    endloop
  endfacet
  facet normal -0.0489209 -0.998803 -0
    outer loop
      vertex 35.3725 19.574 16.04
      vertex 35.25 19.58 4
      vertex 35.3725 19.574 4
    endloop
  endfacet
  facet normal -0.903688 -0.428192 0
    outer loop
      vertex 36.4049 18.8084 4
      vertex 36.3524 18.9192 16.04
      vertex 36.3524 18.9192 4
    endloop
  endfacet
  facet normal -0.903688 -0.428192 0
    outer loop
      vertex 36.3524 18.9192 16.04
      vertex 36.4049 18.8084 4
      vertex 36.4049 18.8084 16.04
    endloop
  endfacet
  facet normal 0.146667 0.989186 -0
    outer loop
      vertex 35.1275 17.086 4
      vertex 35.0061 17.104 16.04
      vertex 35.1275 17.086 16.04
    endloop
  endfacet
  facet normal 0.146667 0.989186 0
    outer loop
      vertex 35.0061 17.104 16.04
      vertex 35.1275 17.086 4
      vertex 35.0061 17.104 4
    endloop
  endfacet
  facet normal -0.671617 0.740898 0
    outer loop
      vertex 36.1339 17.4461 4
      vertex 36.043 17.3637 16.04
      vertex 36.1339 17.4461 16.04
    endloop
  endfacet
  facet normal -0.671617 0.740898 0
    outer loop
      vertex 36.043 17.3637 16.04
      vertex 36.1339 17.4461 4
      vertex 36.043 17.3637 4
    endloop
  endfacet
  facet normal -0.85778 -0.514016 0
    outer loop
      vertex 36.3524 18.9192 4
      vertex 36.2893 19.0245 16.04
      vertex 36.2893 19.0245 4
    endloop
  endfacet
  facet normal -0.85778 -0.514016 0
    outer loop
      vertex 36.2893 19.0245 16.04
      vertex 36.3524 18.9192 4
      vertex 36.3524 18.9192 16.04
    endloop
  endfacet
  facet normal 0.0489209 0.998803 -0
    outer loop
      vertex 35.25 17.08 4
      vertex 35.1275 17.086 16.04
      vertex 35.25 17.08 16.04
    endloop
  endfacet
  facet normal 0.0489209 0.998803 0
    outer loop
      vertex 35.1275 17.086 16.04
      vertex 35.25 17.08 4
      vertex 35.1275 17.086 4
    endloop
  endfacet
  facet normal 0.740898 -0.671617 0
    outer loop
      vertex 34.2837 19.123 16.04
      vertex 34.3661 19.2139 4
      vertex 34.3661 19.2139 16.04
    endloop
  endfacet
  facet normal 0.740898 -0.671617 0
    outer loop
      vertex 34.3661 19.2139 4
      vertex 34.2837 19.123 16.04
      vertex 34.2837 19.123 4
    endloop
  endfacet
  facet normal 0.146667 -0.989186 0
    outer loop
      vertex 35.0061 19.556 4
      vertex 35.1275 19.574 16.04
      vertex 35.0061 19.556 16.04
    endloop
  endfacet
  facet normal 0.146667 -0.989186 0
    outer loop
      vertex 35.1275 19.574 16.04
      vertex 35.0061 19.556 4
      vertex 35.1275 19.574 4
    endloop
  endfacet
  facet normal 0.903688 -0.428192 0
    outer loop
      vertex 34.0951 18.8084 16.04
      vertex 34.1476 18.9192 4
      vertex 34.1476 18.9192 16.04
    endloop
  endfacet
  facet normal 0.903688 -0.428192 0
    outer loop
      vertex 34.1476 18.9192 4
      vertex 34.0951 18.8084 16.04
      vertex 34.0951 18.8084 4
    endloop
  endfacet
  facet normal 0.970047 -0.242919 0
    outer loop
      vertex 34.024 18.5739 16.04
      vertex 34.0538 18.6929 4
      vertex 34.0538 18.6929 16.04
    endloop
  endfacet
  facet normal 0.970047 -0.242919 0
    outer loop
      vertex 34.0538 18.6929 4
      vertex 34.024 18.5739 16.04
      vertex 34.024 18.5739 4
    endloop
  endfacet
  facet normal -0.242919 -0.970047 0
    outer loop
      vertex 35.4939 19.556 4
      vertex 35.6129 19.5262 16.04
      vertex 35.4939 19.556 16.04
    endloop
  endfacet
  facet normal -0.242919 -0.970047 -0
    outer loop
      vertex 35.6129 19.5262 16.04
      vertex 35.4939 19.556 4
      vertex 35.6129 19.5262 4
    endloop
  endfacet
  facet normal 0.970047 0.242919 0
    outer loop
      vertex 34.0538 17.9671 16.04
      vertex 34.024 18.0861 4
      vertex 34.024 18.0861 16.04
    endloop
  endfacet
  facet normal 0.970047 0.242919 0
    outer loop
      vertex 34.024 18.0861 4
      vertex 34.0538 17.9671 16.04
      vertex 34.0538 17.9671 4
    endloop
  endfacet
  facet normal 0.428192 0.903688 -0
    outer loop
      vertex 34.7716 17.1751 4
      vertex 34.6608 17.2276 16.04
      vertex 34.7716 17.1751 16.04
    endloop
  endfacet
  facet normal 0.428192 0.903688 0
    outer loop
      vertex 34.6608 17.2276 16.04
      vertex 34.7716 17.1751 4
      vertex 34.6608 17.2276 4
    endloop
  endfacet
  facet normal 0.740898 0.671617 0
    outer loop
      vertex 34.3661 17.4461 16.04
      vertex 34.2837 17.537 4
      vertex 34.2837 17.537 16.04
    endloop
  endfacet
  facet normal 0.740898 0.671617 0
    outer loop
      vertex 34.2837 17.537 4
      vertex 34.3661 17.4461 16.04
      vertex 34.3661 17.4461 4
    endloop
  endfacet
  facet normal -0.0489209 0.998803 0
    outer loop
      vertex 35.3725 17.086 4
      vertex 35.25 17.08 16.04
      vertex 35.3725 17.086 16.04
    endloop
  endfacet
  facet normal -0.0489209 0.998803 0
    outer loop
      vertex 35.25 17.08 16.04
      vertex 35.3725 17.086 4
      vertex 35.25 17.08 4
    endloop
  endfacet
  facet normal 0.989186 0.146667 0
    outer loop
      vertex 34.024 18.0861 16.04
      vertex 34.006 18.2075 4
      vertex 34.006 18.2075 16.04
    endloop
  endfacet
  facet normal 0.989186 0.146667 0
    outer loop
      vertex 34.006 18.2075 4
      vertex 34.024 18.0861 16.04
      vertex 34.024 18.0861 4
    endloop
  endfacet
  facet normal -0.595423 0.803413 0
    outer loop
      vertex 36.043 17.3637 4
      vertex 35.9445 17.2907 16.04
      vertex 36.043 17.3637 16.04
    endloop
  endfacet
  facet normal -0.595423 0.803413 0
    outer loop
      vertex 35.9445 17.2907 16.04
      vertex 36.043 17.3637 4
      vertex 35.9445 17.2907 4
    endloop
  endfacet
  facet normal 0.803413 0.595423 0
    outer loop
      vertex 34.2837 17.537 16.04
      vertex 34.2107 17.6355 4
      vertex 34.2107 17.6355 16.04
    endloop
  endfacet
  facet normal 0.803413 0.595423 0
    outer loop
      vertex 34.2107 17.6355 4
      vertex 34.2837 17.537 16.04
      vertex 34.2837 17.537 4
    endloop
  endfacet
  facet normal 0.998803 -0.0489209 0
    outer loop
      vertex 34 18.33 16.04
      vertex 34.006 18.4525 4
      vertex 34.006 18.4525 16.04
    endloop
  endfacet
  facet normal 0.998803 -0.0489209 0
    outer loop
      vertex 34.006 18.4525 4
      vertex 34 18.33 16.04
      vertex 34 18.33 4
    endloop
  endfacet
  facet normal 0 0 1
    outer loop
      vertex 36.494 18.4525 4
      vertex 36.494 18.2075 4
      vertex 36.5 18.33 4
    endloop
  endfacet
  facet normal 0 0 1
    outer loop
      vertex 36.476 18.5739 4
      vertex 36.494 18.2075 4
      vertex 36.494 18.4525 4
    endloop
  endfacet
  facet normal 0 0 1
    outer loop
      vertex 36.476 18.5739 4
      vertex 36.476 18.0861 4
      vertex 36.494 18.2075 4
    endloop
  endfacet
  facet normal 0 0 1
    outer loop
      vertex 36.4462 18.6929 4
      vertex 36.476 18.0861 4
      vertex 36.476 18.5739 4
    endloop
  endfacet
  facet normal 0 0 1
    outer loop
      vertex 36.4462 18.6929 4
      vertex 36.4462 17.9671 4
      vertex 36.476 18.0861 4
    endloop
  endfacet
  facet normal 0 0 1
    outer loop
      vertex 36.4049 18.8084 4
      vertex 36.4462 17.9671 4
      vertex 36.4462 18.6929 4
    endloop
  endfacet
  facet normal 0 0 1
    outer loop
      vertex 36.4049 18.8084 4
      vertex 36.4049 17.8516 4
      vertex 36.4462 17.9671 4
    endloop
  endfacet
  facet normal 0 0 1
    outer loop
      vertex 36.3524 18.9192 4
      vertex 36.4049 17.8516 4
      vertex 36.4049 18.8084 4
    endloop
  endfacet
  facet normal 0 0 1
    outer loop
      vertex 36.3524 18.9192 4
      vertex 36.3524 17.7408 4
      vertex 36.4049 17.8516 4
    endloop
  endfacet
  facet normal 0 0 1
    outer loop
      vertex 36.2893 19.0245 4
      vertex 36.3524 17.7408 4
      vertex 36.3524 18.9192 4
    endloop
  endfacet
  facet normal 0 0 1
    outer loop
      vertex 36.2893 19.0245 4
      vertex 36.2893 17.6355 4
      vertex 36.3524 17.7408 4
    endloop
  endfacet
  facet normal 0 0 1
    outer loop
      vertex 36.2163 19.123 4
      vertex 36.2893 17.6355 4
      vertex 36.2893 19.0245 4
    endloop
  endfacet
  facet normal 0 0 1
    outer loop
      vertex 36.2163 19.123 4
      vertex 36.2163 17.537 4
      vertex 36.2893 17.6355 4
    endloop
  endfacet
  facet normal 0 0 1
    outer loop
      vertex 36.1339 19.2139 4
      vertex 36.2163 17.537 4
      vertex 36.2163 19.123 4
    endloop
  endfacet
  facet normal 0 0 1
    outer loop
      vertex 36.1339 19.2139 4
      vertex 36.1339 17.4461 4
      vertex 36.2163 17.537 4
    endloop
  endfacet
  facet normal 0 0 1
    outer loop
      vertex 36.043 19.2963 4
      vertex 36.1339 17.4461 4
      vertex 36.1339 19.2139 4
    endloop
  endfacet
  facet normal 0 0 1
    outer loop
      vertex 36.043 19.2963 4
      vertex 36.043 17.3637 4
      vertex 36.1339 17.4461 4
    endloop
  endfacet
  facet normal 0 0 1
    outer loop
      vertex 35.9445 19.3693 4
      vertex 36.043 17.3637 4
      vertex 36.043 19.2963 4
    endloop
  endfacet
  facet normal 0 0 1
    outer loop
      vertex 35.9445 19.3693 4
      vertex 35.9445 17.2907 4
      vertex 36.043 17.3637 4
    endloop
  endfacet
  facet normal 0 0 1
    outer loop
      vertex 35.8392 19.4324 4
      vertex 35.9445 17.2907 4
      vertex 35.9445 19.3693 4
    endloop
  endfacet
  facet normal 0 0 1
    outer loop
      vertex 35.8392 19.4324 4
      vertex 35.8392 17.2276 4
      vertex 35.9445 17.2907 4
    endloop
  endfacet
  facet normal 0 0 1
    outer loop
      vertex 35.7284 19.4848 4
      vertex 35.8392 17.2276 4
      vertex 35.8392 19.4324 4
    endloop
  endfacet
  facet normal 0 0 1
    outer loop
      vertex 35.7284 19.4848 4
      vertex 35.7284 17.1751 4
      vertex 35.8392 17.2276 4
    endloop
  endfacet
  facet normal 0 0 1
    outer loop
      vertex 35.6129 19.5262 4
      vertex 35.7284 17.1751 4
      vertex 35.7284 19.4848 4
    endloop
  endfacet
  facet normal 0 0 1
    outer loop
      vertex 35.6129 19.5262 4
      vertex 35.6129 17.1338 4
      vertex 35.7284 17.1751 4
    endloop
  endfacet
  facet normal 0 0 1
    outer loop
      vertex 35.4939 19.556 4
      vertex 35.6129 17.1338 4
      vertex 35.6129 19.5262 4
    endloop
  endfacet
  facet normal 0 0 1
    outer loop
      vertex 35.4939 19.556 4
      vertex 35.4939 17.104 4
      vertex 35.6129 17.1338 4
    endloop
  endfacet
  facet normal 0 0 1
    outer loop
      vertex 35.3725 19.574 4
      vertex 35.4939 17.104 4
      vertex 35.4939 19.556 4
    endloop
  endfacet
  facet normal 0 0 1
    outer loop
      vertex 35.3725 19.574 4
      vertex 35.3725 17.086 4
      vertex 35.4939 17.104 4
    endloop
  endfacet
  facet normal 0 0 1
    outer loop
      vertex 35.25 19.58 4
      vertex 35.3725 17.086 4
      vertex 35.3725 19.574 4
    endloop
  endfacet
  facet normal 0 0 1
    outer loop
      vertex 35.25 19.58 4
      vertex 35.25 17.08 4
      vertex 35.3725 17.086 4
    endloop
  endfacet
  facet normal -0 0 1
    outer loop
      vertex 35.1275 19.574 4
      vertex 35.25 17.08 4
      vertex 35.25 19.58 4
    endloop
  endfacet
  facet normal 0 0 1
    outer loop
      vertex 35.1275 19.574 4
      vertex 35.1275 17.086 4
      vertex 35.25 17.08 4
    endloop
  endfacet
  facet normal -0 0 1
    outer loop
      vertex 35.0061 19.556 4
      vertex 35.1275 17.086 4
      vertex 35.1275 19.574 4
    endloop
  endfacet
  facet normal 0 0 1
    outer loop
      vertex 35.0061 19.556 4
      vertex 35.0061 17.104 4
      vertex 35.1275 17.086 4
    endloop
  endfacet
  facet normal -0 0 1
    outer loop
      vertex 34.8871 19.5262 4
      vertex 35.0061 17.104 4
      vertex 35.0061 19.556 4
    endloop
  endfacet
  facet normal 0 0 1
    outer loop
      vertex 34.8871 19.5262 4
      vertex 34.8871 17.1338 4
      vertex 35.0061 17.104 4
    endloop
  endfacet
  facet normal -0 0 1
    outer loop
      vertex 34.7716 19.4848 4
      vertex 34.8871 17.1338 4
      vertex 34.8871 19.5262 4
    endloop
  endfacet
  facet normal 0 0 1
    outer loop
      vertex 34.7716 19.4848 4
      vertex 34.7716 17.1751 4
      vertex 34.8871 17.1338 4
    endloop
  endfacet
  facet normal -0 0 1
    outer loop
      vertex 34.6608 19.4324 4
      vertex 34.7716 17.1751 4
      vertex 34.7716 19.4848 4
    endloop
  endfacet
  facet normal 0 0 1
    outer loop
      vertex 34.6608 19.4324 4
      vertex 34.6608 17.2276 4
      vertex 34.7716 17.1751 4
    endloop
  endfacet
  facet normal -0 0 1
    outer loop
      vertex 34.5555 19.3693 4
      vertex 34.6608 17.2276 4
      vertex 34.6608 19.4324 4
    endloop
  endfacet
  facet normal 0 0 1
    outer loop
      vertex 34.5555 19.3693 4
      vertex 34.5555 17.2907 4
      vertex 34.6608 17.2276 4
    endloop
  endfacet
  facet normal -0 0 1
    outer loop
      vertex 34.457 19.2963 4
      vertex 34.5555 17.2907 4
      vertex 34.5555 19.3693 4
    endloop
  endfacet
  facet normal 0 0 1
    outer loop
      vertex 34.457 19.2963 4
      vertex 34.457 17.3637 4
      vertex 34.5555 17.2907 4
    endloop
  endfacet
  facet normal -0 0 1
    outer loop
      vertex 34.3661 19.2139 4
      vertex 34.457 17.3637 4
      vertex 34.457 19.2963 4
    endloop
  endfacet
  facet normal 0 0 1
    outer loop
      vertex 34.3661 19.2139 4
      vertex 34.3661 17.4461 4
      vertex 34.457 17.3637 4
    endloop
  endfacet
  facet normal -0 0 1
    outer loop
      vertex 34.2837 19.123 4
      vertex 34.3661 17.4461 4
      vertex 34.3661 19.2139 4
    endloop
  endfacet
  facet normal 0 0 1
    outer loop
      vertex 34.2837 19.123 4
      vertex 34.2837 17.537 4
      vertex 34.3661 17.4461 4
    endloop
  endfacet
  facet normal -0 0 1
    outer loop
      vertex 34.2107 19.0245 4
      vertex 34.2837 17.537 4
      vertex 34.2837 19.123 4
    endloop
  endfacet
  facet normal 0 0 1
    outer loop
      vertex 34.2107 19.0245 4
      vertex 34.2107 17.6355 4
      vertex 34.2837 17.537 4
    endloop
  endfacet
  facet normal -0 0 1
    outer loop
      vertex 34.1476 18.9192 4
      vertex 34.2107 17.6355 4
      vertex 34.2107 19.0245 4
    endloop
  endfacet
  facet normal 0 0 1
    outer loop
      vertex 34.1476 18.9192 4
      vertex 34.1476 17.7408 4
      vertex 34.2107 17.6355 4
    endloop
  endfacet
  facet normal -0 0 1
    outer loop
      vertex 34.0951 18.8084 4
      vertex 34.1476 17.7408 4
      vertex 34.1476 18.9192 4
    endloop
  endfacet
  facet normal 0 0 1
    outer loop
      vertex 34.0951 18.8084 4
      vertex 34.0951 17.8516 4
      vertex 34.1476 17.7408 4
    endloop
  endfacet
  facet normal -0 0 1
    outer loop
      vertex 34.0538 18.6929 4
      vertex 34.0951 17.8516 4
      vertex 34.0951 18.8084 4
    endloop
  endfacet
  facet normal 0 0 1
    outer loop
      vertex 34.0538 18.6929 4
      vertex 34.0538 17.9671 4
      vertex 34.0951 17.8516 4
    endloop
  endfacet
  facet normal -0 0 1
    outer loop
      vertex 34.024 18.5739 4
      vertex 34.0538 17.9671 4
      vertex 34.0538 18.6929 4
    endloop
  endfacet
  facet normal 0 0 1
    outer loop
      vertex 34.024 18.5739 4
      vertex 34.024 18.0861 4
      vertex 34.0538 17.9671 4
    endloop
  endfacet
  facet normal -0 0 1
    outer loop
      vertex 34.006 18.4525 4
      vertex 34.024 18.0861 4
      vertex 34.024 18.5739 4
    endloop
  endfacet
  facet normal 0 0 1
    outer loop
      vertex 34.006 18.4525 4
      vertex 34.006 18.2075 4
      vertex 34.024 18.0861 4
    endloop
  endfacet
  facet normal 0 -0 1
    outer loop
      vertex 34.006 18.2075 4
      vertex 34.006 18.4525 4
      vertex 34 18.33 4
    endloop
  endfacet
  facet normal -0.740898 0.671617 0
    outer loop
      vertex 36.1339 17.4461 4
      vertex 36.2163 17.537 16.04
      vertex 36.2163 17.537 4
    endloop
  endfacet
  facet normal -0.740898 0.671617 0
    outer loop
      vertex 36.2163 17.537 16.04
      vertex 36.1339 17.4461 4
      vertex 36.1339 17.4461 16.04
    endloop
  endfacet
  facet normal 0.595423 0.803413 -0
    outer loop
      vertex -35.9445 17.2907 4
      vertex -36.043 17.3637 16.04
      vertex -35.9445 17.2907 16.04
    endloop
  endfacet
  facet normal 0.595423 0.803413 0
    outer loop
      vertex -36.043 17.3637 16.04
      vertex -35.9445 17.2907 4
      vertex -36.043 17.3637 4
    endloop
  endfacet
  facet normal -0.989186 -0.146667 0
    outer loop
      vertex -34.006 18.4525 4
      vertex -34.024 18.5739 16.04
      vertex -34.024 18.5739 4
    endloop
  endfacet
  facet normal -0.989186 -0.146667 0
    outer loop
      vertex -34.024 18.5739 16.04
      vertex -34.006 18.4525 4
      vertex -34.006 18.4525 16.04
    endloop
  endfacet
  facet normal -0.998803 -0.0489209 0
    outer loop
      vertex -34 18.33 4
      vertex -34.006 18.4525 16.04
      vertex -34.006 18.4525 4
    endloop
  endfacet
  facet normal -0.998803 -0.0489209 0
    outer loop
      vertex -34.006 18.4525 16.04
      vertex -34 18.33 4
      vertex -34 18.33 16.04
    endloop
  endfacet
  facet normal -0.970047 -0.242919 0
    outer loop
      vertex -34.024 18.5739 4
      vertex -34.0538 18.6929 16.04
      vertex -34.0538 18.6929 4
    endloop
  endfacet
  facet normal -0.970047 -0.242919 0
    outer loop
      vertex -34.0538 18.6929 16.04
      vertex -34.024 18.5739 4
      vertex -34.024 18.5739 16.04
    endloop
  endfacet
  facet normal 0.941613 -0.336698 0
    outer loop
      vertex -36.4462 18.6929 16.04
      vertex -36.4049 18.8084 4
      vertex -36.4049 18.8084 16.04
    endloop
  endfacet
  facet normal 0.941613 -0.336698 0
    outer loop
      vertex -36.4049 18.8084 4
      vertex -36.4462 18.6929 16.04
      vertex -36.4462 18.6929 4
    endloop
  endfacet
  facet normal -0.146667 0.989186 0
    outer loop
      vertex -35.0061 17.104 4
      vertex -35.1275 17.086 16.04
      vertex -35.0061 17.104 16.04
    endloop
  endfacet
  facet normal -0.146667 0.989186 0
    outer loop
      vertex -35.1275 17.086 16.04
      vertex -35.0061 17.104 4
      vertex -35.1275 17.086 4
    endloop
  endfacet
  facet normal 0.242919 0.970047 -0
    outer loop
      vertex -35.4939 17.104 4
      vertex -35.6129 17.1338 16.04
      vertex -35.4939 17.104 16.04
    endloop
  endfacet
  facet normal 0.242919 0.970047 0
    outer loop
      vertex -35.6129 17.1338 16.04
      vertex -35.4939 17.104 4
      vertex -35.6129 17.1338 4
    endloop
  endfacet
  facet normal 0.903688 0.428192 0
    outer loop
      vertex -36.3524 17.7408 16.04
      vertex -36.4049 17.8516 4
      vertex -36.4049 17.8516 16.04
    endloop
  endfacet
  facet normal 0.903688 0.428192 0
    outer loop
      vertex -36.4049 17.8516 4
      vertex -36.3524 17.7408 16.04
      vertex -36.3524 17.7408 4
    endloop
  endfacet
  facet normal -0.85778 0.514016 0
    outer loop
      vertex -34.2107 17.6355 4
      vertex -34.1476 17.7408 16.04
      vertex -34.1476 17.7408 4
    endloop
  endfacet
  facet normal -0.85778 0.514016 0
    outer loop
      vertex -34.1476 17.7408 16.04
      vertex -34.2107 17.6355 4
      vertex -34.2107 17.6355 16.04
    endloop
  endfacet
  facet normal -0.941613 -0.336698 0
    outer loop
      vertex -34.0538 18.6929 4
      vertex -34.0951 18.8084 16.04
      vertex -34.0951 18.8084 4
    endloop
  endfacet
  facet normal -0.941613 -0.336698 0
    outer loop
      vertex -34.0951 18.8084 16.04
      vertex -34.0538 18.6929 4
      vertex -34.0538 18.6929 16.04
    endloop
  endfacet
  facet normal 0.998803 0.0489209 0
    outer loop
      vertex -36.494 18.2075 16.04
      vertex -36.5 18.33 4
      vertex -36.5 18.33 16.04
    endloop
  endfacet
  facet normal 0.998803 0.0489209 0
    outer loop
      vertex -36.5 18.33 4
      vertex -36.494 18.2075 16.04
      vertex -36.494 18.2075 4
    endloop
  endfacet
  facet normal -0.998803 0.0489209 0
    outer loop
      vertex -34.006 18.2075 4
      vertex -34 18.33 16.04
      vertex -34 18.33 4
    endloop
  endfacet
  facet normal -0.998803 0.0489209 0
    outer loop
      vertex -34 18.33 16.04
      vertex -34.006 18.2075 4
      vertex -34.006 18.2075 16.04
    endloop
  endfacet
  facet normal -0.514016 0.85778 0
    outer loop
      vertex -34.5555 17.2907 4
      vertex -34.6608 17.2276 16.04
      vertex -34.5555 17.2907 16.04
    endloop
  endfacet
  facet normal -0.514016 0.85778 0
    outer loop
      vertex -34.6608 17.2276 16.04
      vertex -34.5555 17.2907 4
      vertex -34.6608 17.2276 4
    endloop
  endfacet
  facet normal -0.803413 -0.595423 0
    outer loop
      vertex -34.2107 19.0245 4
      vertex -34.2837 19.123 16.04
      vertex -34.2837 19.123 4
    endloop
  endfacet
  facet normal -0.803413 -0.595423 0
    outer loop
      vertex -34.2837 19.123 16.04
      vertex -34.2107 19.0245 4
      vertex -34.2107 19.0245 16.04
    endloop
  endfacet
  facet normal 0.740898 -0.671617 0
    outer loop
      vertex -36.2163 19.123 16.04
      vertex -36.1339 19.2139 4
      vertex -36.1339 19.2139 16.04
    endloop
  endfacet
  facet normal 0.740898 -0.671617 0
    outer loop
      vertex -36.1339 19.2139 4
      vertex -36.2163 19.123 16.04
      vertex -36.2163 19.123 4
    endloop
  endfacet
  facet normal -0.903688 0.428192 0
    outer loop
      vertex -34.1476 17.7408 4
      vertex -34.0951 17.8516 16.04
      vertex -34.0951 17.8516 4
    endloop
  endfacet
  facet normal -0.903688 0.428192 0
    outer loop
      vertex -34.0951 17.8516 16.04
      vertex -34.1476 17.7408 4
      vertex -34.1476 17.7408 16.04
    endloop
  endfacet
  facet normal 0.903688 -0.428192 0
    outer loop
      vertex -36.4049 18.8084 16.04
      vertex -36.3524 18.9192 4
      vertex -36.3524 18.9192 16.04
    endloop
  endfacet
  facet normal 0.903688 -0.428192 0
    outer loop
      vertex -36.3524 18.9192 4
      vertex -36.4049 18.8084 16.04
      vertex -36.4049 18.8084 4
    endloop
  endfacet
  facet normal 0.941613 0.336698 0
    outer loop
      vertex -36.4049 17.8516 16.04
      vertex -36.4462 17.9671 4
      vertex -36.4462 17.9671 16.04
    endloop
  endfacet
  facet normal 0.941613 0.336698 0
    outer loop
      vertex -36.4462 17.9671 4
      vertex -36.4049 17.8516 16.04
      vertex -36.4049 17.8516 4
    endloop
  endfacet
  facet normal -0.989186 0.146667 0
    outer loop
      vertex -34.024 18.0861 4
      vertex -34.006 18.2075 16.04
      vertex -34.006 18.2075 4
    endloop
  endfacet
  facet normal -0.989186 0.146667 0
    outer loop
      vertex -34.006 18.2075 16.04
      vertex -34.024 18.0861 4
      vertex -34.024 18.0861 16.04
    endloop
  endfacet
  facet normal 0.336698 0.941613 -0
    outer loop
      vertex -35.6129 17.1338 4
      vertex -35.7284 17.1751 16.04
      vertex -35.6129 17.1338 16.04
    endloop
  endfacet
  facet normal 0.336698 0.941613 0
    outer loop
      vertex -35.7284 17.1751 16.04
      vertex -35.6129 17.1338 4
      vertex -35.7284 17.1751 4
    endloop
  endfacet
  facet normal -0.336698 0.941613 0
    outer loop
      vertex -34.7716 17.1751 4
      vertex -34.8871 17.1338 16.04
      vertex -34.7716 17.1751 16.04
    endloop
  endfacet
  facet normal -0.336698 0.941613 0
    outer loop
      vertex -34.8871 17.1338 16.04
      vertex -34.7716 17.1751 4
      vertex -34.8871 17.1338 4
    endloop
  endfacet
  facet normal -0.970047 0.242919 0
    outer loop
      vertex -34.0538 17.9671 4
      vertex -34.024 18.0861 16.04
      vertex -34.024 18.0861 4
    endloop
  endfacet
  facet normal -0.970047 0.242919 0
    outer loop
      vertex -34.024 18.0861 16.04
      vertex -34.0538 17.9671 4
      vertex -34.0538 17.9671 16.04
    endloop
  endfacet
  facet normal -0.0489209 0.998803 0
    outer loop
      vertex -35.1275 17.086 4
      vertex -35.25 17.08 16.04
      vertex -35.1275 17.086 16.04
    endloop
  endfacet
  facet normal -0.0489209 0.998803 0
    outer loop
      vertex -35.25 17.08 16.04
      vertex -35.1275 17.086 4
      vertex -35.25 17.08 4
    endloop
  endfacet
  facet normal 0.989186 -0.146667 0
    outer loop
      vertex -36.494 18.4525 16.04
      vertex -36.476 18.5739 4
      vertex -36.476 18.5739 16.04
    endloop
  endfacet
  facet normal 0.989186 -0.146667 0
    outer loop
      vertex -36.476 18.5739 4
      vertex -36.494 18.4525 16.04
      vertex -36.494 18.4525 4
    endloop
  endfacet
  facet normal -0.85778 -0.514016 0
    outer loop
      vertex -34.1476 18.9192 4
      vertex -34.2107 19.0245 16.04
      vertex -34.2107 19.0245 4
    endloop
  endfacet
  facet normal -0.85778 -0.514016 0
    outer loop
      vertex -34.2107 19.0245 16.04
      vertex -34.1476 18.9192 4
      vertex -34.1476 18.9192 16.04
    endloop
  endfacet
  facet normal 0.595423 -0.803413 0
    outer loop
      vertex -36.043 19.2963 4
      vertex -35.9445 19.3693 16.04
      vertex -36.043 19.2963 16.04
    endloop
  endfacet
  facet normal 0.595423 -0.803413 0
    outer loop
      vertex -35.9445 19.3693 16.04
      vertex -36.043 19.2963 4
      vertex -35.9445 19.3693 4
    endloop
  endfacet
  facet normal 0.514016 -0.85778 0
    outer loop
      vertex -35.9445 19.3693 4
      vertex -35.8392 19.4324 16.04
      vertex -35.9445 19.3693 16.04
    endloop
  endfacet
  facet normal 0.514016 -0.85778 0
    outer loop
      vertex -35.8392 19.4324 16.04
      vertex -35.9445 19.3693 4
      vertex -35.8392 19.4324 4
    endloop
  endfacet
  facet normal -0.514016 -0.85778 0
    outer loop
      vertex -34.6608 19.4324 4
      vertex -34.5555 19.3693 16.04
      vertex -34.6608 19.4324 16.04
    endloop
  endfacet
  facet normal -0.514016 -0.85778 -0
    outer loop
      vertex -34.5555 19.3693 16.04
      vertex -34.6608 19.4324 4
      vertex -34.5555 19.3693 4
    endloop
  endfacet
  facet normal 0.33742 -0.941354 0
    outer loop
      vertex -35.7284 19.4848 4
      vertex -35.6129 19.5262 16.04
      vertex -35.7284 19.4848 16.04
    endloop
  endfacet
  facet normal 0.33742 -0.941354 0
    outer loop
      vertex -35.6129 19.5262 16.04
      vertex -35.7284 19.4848 4
      vertex -35.6129 19.5262 4
    endloop
  endfacet
  facet normal -0.33742 -0.941354 0
    outer loop
      vertex -34.8871 19.5262 4
      vertex -34.7716 19.4848 16.04
      vertex -34.8871 19.5262 16.04
    endloop
  endfacet
  facet normal -0.33742 -0.941354 -0
    outer loop
      vertex -34.7716 19.4848 16.04
      vertex -34.8871 19.5262 4
      vertex -34.7716 19.4848 4
    endloop
  endfacet
  facet normal 0.146667 0.989186 -0
    outer loop
      vertex -35.3725 17.086 4
      vertex -35.4939 17.104 16.04
      vertex -35.3725 17.086 16.04
    endloop
  endfacet
  facet normal 0.146667 0.989186 0
    outer loop
      vertex -35.4939 17.104 16.04
      vertex -35.3725 17.086 4
      vertex -35.4939 17.104 4
    endloop
  endfacet
  facet normal -0.242919 0.970047 0
    outer loop
      vertex -34.8871 17.1338 4
      vertex -35.0061 17.104 16.04
      vertex -34.8871 17.1338 16.04
    endloop
  endfacet
  facet normal -0.242919 0.970047 0
    outer loop
      vertex -35.0061 17.104 16.04
      vertex -34.8871 17.1338 4
      vertex -35.0061 17.104 4
    endloop
  endfacet
  facet normal -0.740898 0.671617 0
    outer loop
      vertex -34.3661 17.4461 4
      vertex -34.2837 17.537 16.04
      vertex -34.2837 17.537 4
    endloop
  endfacet
  facet normal -0.740898 0.671617 0
    outer loop
      vertex -34.2837 17.537 16.04
      vertex -34.3661 17.4461 4
      vertex -34.3661 17.4461 16.04
    endloop
  endfacet
  facet normal 0.671617 -0.740898 0
    outer loop
      vertex -36.1339 19.2139 4
      vertex -36.043 19.2963 16.04
      vertex -36.1339 19.2139 16.04
    endloop
  endfacet
  facet normal 0.671617 -0.740898 0
    outer loop
      vertex -36.043 19.2963 16.04
      vertex -36.1339 19.2139 4
      vertex -36.043 19.2963 4
    endloop
  endfacet
  facet normal -0.428192 0.903688 0
    outer loop
      vertex -34.6608 17.2276 4
      vertex -34.7716 17.1751 16.04
      vertex -34.6608 17.2276 16.04
    endloop
  endfacet
  facet normal -0.428192 0.903688 0
    outer loop
      vertex -34.7716 17.1751 16.04
      vertex -34.6608 17.2276 4
      vertex -34.7716 17.1751 4
    endloop
  endfacet
  facet normal -0.671617 -0.740898 0
    outer loop
      vertex -34.457 19.2963 4
      vertex -34.3661 19.2139 16.04
      vertex -34.457 19.2963 16.04
    endloop
  endfacet
  facet normal -0.671617 -0.740898 -0
    outer loop
      vertex -34.3661 19.2139 16.04
      vertex -34.457 19.2963 4
      vertex -34.3661 19.2139 4
    endloop
  endfacet
  facet normal -0.595423 -0.803413 0
    outer loop
      vertex -34.5555 19.3693 4
      vertex -34.457 19.2963 16.04
      vertex -34.5555 19.3693 16.04
    endloop
  endfacet
  facet normal -0.595423 -0.803413 -0
    outer loop
      vertex -34.457 19.2963 16.04
      vertex -34.5555 19.3693 4
      vertex -34.457 19.2963 4
    endloop
  endfacet
  facet normal -0.740898 -0.671617 0
    outer loop
      vertex -34.2837 19.123 4
      vertex -34.3661 19.2139 16.04
      vertex -34.3661 19.2139 4
    endloop
  endfacet
  facet normal -0.740898 -0.671617 0
    outer loop
      vertex -34.3661 19.2139 16.04
      vertex -34.2837 19.123 4
      vertex -34.2837 19.123 16.04
    endloop
  endfacet
  facet normal 0.989186 0.146667 0
    outer loop
      vertex -36.476 18.0861 16.04
      vertex -36.494 18.2075 4
      vertex -36.494 18.2075 16.04
    endloop
  endfacet
  facet normal 0.989186 0.146667 0
    outer loop
      vertex -36.494 18.2075 4
      vertex -36.476 18.0861 16.04
      vertex -36.476 18.0861 4
    endloop
  endfacet
  facet normal 0.514016 0.85778 -0
    outer loop
      vertex -35.8392 17.2276 4
      vertex -35.9445 17.2907 16.04
      vertex -35.8392 17.2276 16.04
    endloop
  endfacet
  facet normal 0.514016 0.85778 0
    outer loop
      vertex -35.9445 17.2907 16.04
      vertex -35.8392 17.2276 4
      vertex -35.9445 17.2907 4
    endloop
  endfacet
  facet normal -0.903688 -0.428192 0
    outer loop
      vertex -34.0951 18.8084 4
      vertex -34.1476 18.9192 16.04
      vertex -34.1476 18.9192 4
    endloop
  endfacet
  facet normal -0.903688 -0.428192 0
    outer loop
      vertex -34.1476 18.9192 16.04
      vertex -34.0951 18.8084 4
      vertex -34.0951 18.8084 16.04
    endloop
  endfacet
  facet normal -0.427525 -0.904003 0
    outer loop
      vertex -34.7716 19.4848 4
      vertex -34.6608 19.4324 16.04
      vertex -34.7716 19.4848 16.04
    endloop
  endfacet
  facet normal -0.427525 -0.904003 -0
    outer loop
      vertex -34.6608 19.4324 16.04
      vertex -34.7716 19.4848 4
      vertex -34.6608 19.4324 4
    endloop
  endfacet
  facet normal -0.941613 0.336698 0
    outer loop
      vertex -34.0951 17.8516 4
      vertex -34.0538 17.9671 16.04
      vertex -34.0538 17.9671 4
    endloop
  endfacet
  facet normal -0.941613 0.336698 0
    outer loop
      vertex -34.0538 17.9671 16.04
      vertex -34.0951 17.8516 4
      vertex -34.0951 17.8516 16.04
    endloop
  endfacet
  facet normal 0.85778 -0.514016 0
    outer loop
      vertex -36.3524 18.9192 16.04
      vertex -36.2893 19.0245 4
      vertex -36.2893 19.0245 16.04
    endloop
  endfacet
  facet normal 0.85778 -0.514016 0
    outer loop
      vertex -36.2893 19.0245 4
      vertex -36.3524 18.9192 16.04
      vertex -36.3524 18.9192 4
    endloop
  endfacet
  facet normal -0.242919 -0.970047 0
    outer loop
      vertex -35.0061 19.556 4
      vertex -34.8871 19.5262 16.04
      vertex -35.0061 19.556 16.04
    endloop
  endfacet
  facet normal -0.242919 -0.970047 -0
    outer loop
      vertex -34.8871 19.5262 16.04
      vertex -35.0061 19.556 4
      vertex -34.8871 19.5262 4
    endloop
  endfacet
  facet normal 0.740898 0.671617 0
    outer loop
      vertex -36.1339 17.4461 16.04
      vertex -36.2163 17.537 4
      vertex -36.2163 17.537 16.04
    endloop
  endfacet
  facet normal 0.740898 0.671617 0
    outer loop
      vertex -36.2163 17.537 4
      vertex -36.1339 17.4461 16.04
      vertex -36.1339 17.4461 4
    endloop
  endfacet
  facet normal 0.146667 -0.989186 0
    outer loop
      vertex -35.4939 19.556 4
      vertex -35.3725 19.574 16.04
      vertex -35.4939 19.556 16.04
    endloop
  endfacet
  facet normal 0.146667 -0.989186 0
    outer loop
      vertex -35.3725 19.574 16.04
      vertex -35.4939 19.556 4
      vertex -35.3725 19.574 4
    endloop
  endfacet
  facet normal -0.146667 -0.989186 0
    outer loop
      vertex -35.1275 19.574 4
      vertex -35.0061 19.556 16.04
      vertex -35.1275 19.574 16.04
    endloop
  endfacet
  facet normal -0.146667 -0.989186 -0
    outer loop
      vertex -35.0061 19.556 16.04
      vertex -35.1275 19.574 4
      vertex -35.0061 19.556 4
    endloop
  endfacet
  facet normal -0.671617 0.740898 0
    outer loop
      vertex -34.3661 17.4461 4
      vertex -34.457 17.3637 16.04
      vertex -34.3661 17.4461 16.04
    endloop
  endfacet
  facet normal -0.671617 0.740898 0
    outer loop
      vertex -34.457 17.3637 16.04
      vertex -34.3661 17.4461 4
      vertex -34.457 17.3637 4
    endloop
  endfacet
  facet normal 0.0489209 -0.998803 0
    outer loop
      vertex -35.3725 19.574 4
      vertex -35.25 19.58 16.04
      vertex -35.3725 19.574 16.04
    endloop
  endfacet
  facet normal 0.0489209 -0.998803 0
    outer loop
      vertex -35.25 19.58 16.04
      vertex -35.3725 19.574 4
      vertex -35.25 19.58 4
    endloop
  endfacet
  facet normal 0.242919 -0.970047 0
    outer loop
      vertex -35.6129 19.5262 4
      vertex -35.4939 19.556 16.04
      vertex -35.6129 19.5262 16.04
    endloop
  endfacet
  facet normal 0.242919 -0.970047 0
    outer loop
      vertex -35.4939 19.556 16.04
      vertex -35.6129 19.5262 4
      vertex -35.4939 19.556 4
    endloop
  endfacet
  facet normal -0.0489209 -0.998803 0
    outer loop
      vertex -35.25 19.58 4
      vertex -35.1275 19.574 16.04
      vertex -35.25 19.58 16.04
    endloop
  endfacet
  facet normal -0.0489209 -0.998803 -0
    outer loop
      vertex -35.1275 19.574 16.04
      vertex -35.25 19.58 4
      vertex -35.1275 19.574 4
    endloop
  endfacet
  facet normal -0.803413 0.595423 0
    outer loop
      vertex -34.2837 17.537 4
      vertex -34.2107 17.6355 16.04
      vertex -34.2107 17.6355 4
    endloop
  endfacet
  facet normal -0.803413 0.595423 0
    outer loop
      vertex -34.2107 17.6355 16.04
      vertex -34.2837 17.537 4
      vertex -34.2837 17.537 16.04
    endloop
  endfacet
  facet normal 0.970047 0.242919 0
    outer loop
      vertex -36.4462 17.9671 16.04
      vertex -36.476 18.0861 4
      vertex -36.476 18.0861 16.04
    endloop
  endfacet
  facet normal 0.970047 0.242919 0
    outer loop
      vertex -36.476 18.0861 4
      vertex -36.4462 17.9671 16.04
      vertex -36.4462 17.9671 4
    endloop
  endfacet
  facet normal 0.970047 -0.242919 0
    outer loop
      vertex -36.476 18.5739 16.04
      vertex -36.4462 18.6929 4
      vertex -36.4462 18.6929 16.04
    endloop
  endfacet
  facet normal 0.970047 -0.242919 0
    outer loop
      vertex -36.4462 18.6929 4
      vertex -36.476 18.5739 16.04
      vertex -36.476 18.5739 4
    endloop
  endfacet
  facet normal 0.803413 0.595423 0
    outer loop
      vertex -36.2163 17.537 16.04
      vertex -36.2893 17.6355 4
      vertex -36.2893 17.6355 16.04
    endloop
  endfacet
  facet normal 0.803413 0.595423 0
    outer loop
      vertex -36.2893 17.6355 4
      vertex -36.2163 17.537 16.04
      vertex -36.2163 17.537 4
    endloop
  endfacet
  facet normal 0.427525 -0.904003 0
    outer loop
      vertex -35.8392 19.4324 4
      vertex -35.7284 19.4848 16.04
      vertex -35.8392 19.4324 16.04
    endloop
  endfacet
  facet normal 0.427525 -0.904003 0
    outer loop
      vertex -35.7284 19.4848 16.04
      vertex -35.8392 19.4324 4
      vertex -35.7284 19.4848 4
    endloop
  endfacet
  facet normal 0.803413 -0.595423 0
    outer loop
      vertex -36.2893 19.0245 16.04
      vertex -36.2163 19.123 4
      vertex -36.2163 19.123 16.04
    endloop
  endfacet
  facet normal 0.803413 -0.595423 0
    outer loop
      vertex -36.2163 19.123 4
      vertex -36.2893 19.0245 16.04
      vertex -36.2893 19.0245 4
    endloop
  endfacet
  facet normal 0.0489209 0.998803 -0
    outer loop
      vertex -35.25 17.08 4
      vertex -35.3725 17.086 16.04
      vertex -35.25 17.08 16.04
    endloop
  endfacet
  facet normal 0.0489209 0.998803 0
    outer loop
      vertex -35.3725 17.086 16.04
      vertex -35.25 17.08 4
      vertex -35.3725 17.086 4
    endloop
  endfacet
  facet normal 0.671617 0.740898 -0
    outer loop
      vertex -36.043 17.3637 4
      vertex -36.1339 17.4461 16.04
      vertex -36.043 17.3637 16.04
    endloop
  endfacet
  facet normal 0.671617 0.740898 0
    outer loop
      vertex -36.1339 17.4461 16.04
      vertex -36.043 17.3637 4
      vertex -36.1339 17.4461 4
    endloop
  endfacet
  facet normal -0.595423 0.803413 0
    outer loop
      vertex -34.457 17.3637 4
      vertex -34.5555 17.2907 16.04
      vertex -34.457 17.3637 16.04
    endloop
  endfacet
  facet normal -0.595423 0.803413 0
    outer loop
      vertex -34.5555 17.2907 16.04
      vertex -34.457 17.3637 4
      vertex -34.5555 17.2907 4
    endloop
  endfacet
  facet normal 0.85778 0.514016 0
    outer loop
      vertex -36.2893 17.6355 16.04
      vertex -36.3524 17.7408 4
      vertex -36.3524 17.7408 16.04
    endloop
  endfacet
  facet normal 0.85778 0.514016 0
    outer loop
      vertex -36.3524 17.7408 4
      vertex -36.2893 17.6355 16.04
      vertex -36.2893 17.6355 4
    endloop
  endfacet
  facet normal 0.998803 -0.0489209 0
    outer loop
      vertex -36.5 18.33 16.04
      vertex -36.494 18.4525 4
      vertex -36.494 18.4525 16.04
    endloop
  endfacet
  facet normal 0.998803 -0.0489209 0
    outer loop
      vertex -36.494 18.4525 4
      vertex -36.5 18.33 16.04
      vertex -36.5 18.33 4
    endloop
  endfacet
  facet normal 0.428192 0.903688 -0
    outer loop
      vertex -35.7284 17.1751 4
      vertex -35.8392 17.2276 16.04
      vertex -35.7284 17.1751 16.04
    endloop
  endfacet
  facet normal 0.428192 0.903688 0
    outer loop
      vertex -35.8392 17.2276 16.04
      vertex -35.7284 17.1751 4
      vertex -35.8392 17.2276 4
    endloop
  endfacet
  facet normal 0 0 1
    outer loop
      vertex -34.006 18.4525 4
      vertex -34.006 18.2075 4
      vertex -34 18.33 4
    endloop
  endfacet
  facet normal 0 0 1
    outer loop
      vertex -34.024 18.5739 4
      vertex -34.006 18.2075 4
      vertex -34.006 18.4525 4
    endloop
  endfacet
  facet normal 0 0 1
    outer loop
      vertex -34.024 18.5739 4
      vertex -34.024 18.0861 4
      vertex -34.006 18.2075 4
    endloop
  endfacet
  facet normal 0 0 1
    outer loop
      vertex -34.0538 18.6929 4
      vertex -34.024 18.0861 4
      vertex -34.024 18.5739 4
    endloop
  endfacet
  facet normal 0 0 1
    outer loop
      vertex -34.0538 18.6929 4
      vertex -34.0538 17.9671 4
      vertex -34.024 18.0861 4
    endloop
  endfacet
  facet normal 0 0 1
    outer loop
      vertex -34.0951 18.8084 4
      vertex -34.0538 17.9671 4
      vertex -34.0538 18.6929 4
    endloop
  endfacet
  facet normal 0 0 1
    outer loop
      vertex -34.0951 18.8084 4
      vertex -34.0951 17.8516 4
      vertex -34.0538 17.9671 4
    endloop
  endfacet
  facet normal 0 0 1
    outer loop
      vertex -34.1476 18.9192 4
      vertex -34.0951 17.8516 4
      vertex -34.0951 18.8084 4
    endloop
  endfacet
  facet normal 0 0 1
    outer loop
      vertex -34.1476 18.9192 4
      vertex -34.1476 17.7408 4
      vertex -34.0951 17.8516 4
    endloop
  endfacet
  facet normal 0 0 1
    outer loop
      vertex -34.2107 19.0245 4
      vertex -34.1476 17.7408 4
      vertex -34.1476 18.9192 4
    endloop
  endfacet
  facet normal 0 0 1
    outer loop
      vertex -34.2107 19.0245 4
      vertex -34.2107 17.6355 4
      vertex -34.1476 17.7408 4
    endloop
  endfacet
  facet normal 0 0 1
    outer loop
      vertex -34.2837 19.123 4
      vertex -34.2107 17.6355 4
      vertex -34.2107 19.0245 4
    endloop
  endfacet
  facet normal 0 0 1
    outer loop
      vertex -34.2837 19.123 4
      vertex -34.2837 17.537 4
      vertex -34.2107 17.6355 4
    endloop
  endfacet
  facet normal 0 0 1
    outer loop
      vertex -34.3661 19.2139 4
      vertex -34.2837 17.537 4
      vertex -34.2837 19.123 4
    endloop
  endfacet
  facet normal 0 0 1
    outer loop
      vertex -34.3661 19.2139 4
      vertex -34.3661 17.4461 4
      vertex -34.2837 17.537 4
    endloop
  endfacet
  facet normal 0 0 1
    outer loop
      vertex -34.457 19.2963 4
      vertex -34.3661 17.4461 4
      vertex -34.3661 19.2139 4
    endloop
  endfacet
  facet normal 0 0 1
    outer loop
      vertex -34.457 19.2963 4
      vertex -34.457 17.3637 4
      vertex -34.3661 17.4461 4
    endloop
  endfacet
  facet normal 0 0 1
    outer loop
      vertex -34.5555 19.3693 4
      vertex -34.457 17.3637 4
      vertex -34.457 19.2963 4
    endloop
  endfacet
  facet normal 0 0 1
    outer loop
      vertex -34.5555 19.3693 4
      vertex -34.5555 17.2907 4
      vertex -34.457 17.3637 4
    endloop
  endfacet
  facet normal 0 0 1
    outer loop
      vertex -34.6608 19.4324 4
      vertex -34.5555 17.2907 4
      vertex -34.5555 19.3693 4
    endloop
  endfacet
  facet normal 0 0 1
    outer loop
      vertex -34.6608 19.4324 4
      vertex -34.6608 17.2276 4
      vertex -34.5555 17.2907 4
    endloop
  endfacet
  facet normal 0 0 1
    outer loop
      vertex -34.7716 19.4848 4
      vertex -34.6608 17.2276 4
      vertex -34.6608 19.4324 4
    endloop
  endfacet
  facet normal 0 0 1
    outer loop
      vertex -34.7716 19.4848 4
      vertex -34.7716 17.1751 4
      vertex -34.6608 17.2276 4
    endloop
  endfacet
  facet normal 0 0 1
    outer loop
      vertex -34.8871 19.5262 4
      vertex -34.7716 17.1751 4
      vertex -34.7716 19.4848 4
    endloop
  endfacet
  facet normal 0 0 1
    outer loop
      vertex -34.8871 19.5262 4
      vertex -34.8871 17.1338 4
      vertex -34.7716 17.1751 4
    endloop
  endfacet
  facet normal 0 0 1
    outer loop
      vertex -35.0061 19.556 4
      vertex -34.8871 17.1338 4
      vertex -34.8871 19.5262 4
    endloop
  endfacet
  facet normal 0 0 1
    outer loop
      vertex -35.0061 19.556 4
      vertex -35.0061 17.104 4
      vertex -34.8871 17.1338 4
    endloop
  endfacet
  facet normal 0 0 1
    outer loop
      vertex -35.1275 19.574 4
      vertex -35.0061 17.104 4
      vertex -35.0061 19.556 4
    endloop
  endfacet
  facet normal 0 0 1
    outer loop
      vertex -35.1275 19.574 4
      vertex -35.1275 17.086 4
      vertex -35.0061 17.104 4
    endloop
  endfacet
  facet normal 0 0 1
    outer loop
      vertex -35.25 19.58 4
      vertex -35.1275 17.086 4
      vertex -35.1275 19.574 4
    endloop
  endfacet
  facet normal 0 0 1
    outer loop
      vertex -35.25 19.58 4
      vertex -35.25 17.08 4
      vertex -35.1275 17.086 4
    endloop
  endfacet
  facet normal -0 0 1
    outer loop
      vertex -35.3725 19.574 4
      vertex -35.25 17.08 4
      vertex -35.25 19.58 4
    endloop
  endfacet
  facet normal 0 0 1
    outer loop
      vertex -35.3725 19.574 4
      vertex -35.3725 17.086 4
      vertex -35.25 17.08 4
    endloop
  endfacet
  facet normal -0 0 1
    outer loop
      vertex -35.4939 19.556 4
      vertex -35.3725 17.086 4
      vertex -35.3725 19.574 4
    endloop
  endfacet
  facet normal 0 0 1
    outer loop
      vertex -35.4939 19.556 4
      vertex -35.4939 17.104 4
      vertex -35.3725 17.086 4
    endloop
  endfacet
  facet normal -0 0 1
    outer loop
      vertex -35.6129 19.5262 4
      vertex -35.4939 17.104 4
      vertex -35.4939 19.556 4
    endloop
  endfacet
  facet normal 0 0 1
    outer loop
      vertex -35.6129 19.5262 4
      vertex -35.6129 17.1338 4
      vertex -35.4939 17.104 4
    endloop
  endfacet
  facet normal -0 0 1
    outer loop
      vertex -35.7284 19.4848 4
      vertex -35.6129 17.1338 4
      vertex -35.6129 19.5262 4
    endloop
  endfacet
  facet normal 0 0 1
    outer loop
      vertex -35.7284 19.4848 4
      vertex -35.7284 17.1751 4
      vertex -35.6129 17.1338 4
    endloop
  endfacet
  facet normal -0 0 1
    outer loop
      vertex -35.8392 19.4324 4
      vertex -35.7284 17.1751 4
      vertex -35.7284 19.4848 4
    endloop
  endfacet
  facet normal 0 0 1
    outer loop
      vertex -35.8392 19.4324 4
      vertex -35.8392 17.2276 4
      vertex -35.7284 17.1751 4
    endloop
  endfacet
  facet normal -0 0 1
    outer loop
      vertex -35.9445 19.3693 4
      vertex -35.8392 17.2276 4
      vertex -35.8392 19.4324 4
    endloop
  endfacet
  facet normal 0 0 1
    outer loop
      vertex -35.9445 19.3693 4
      vertex -35.9445 17.2907 4
      vertex -35.8392 17.2276 4
    endloop
  endfacet
  facet normal -0 0 1
    outer loop
      vertex -36.043 19.2963 4
      vertex -35.9445 17.2907 4
      vertex -35.9445 19.3693 4
    endloop
  endfacet
  facet normal 0 0 1
    outer loop
      vertex -36.043 19.2963 4
      vertex -36.043 17.3637 4
      vertex -35.9445 17.2907 4
    endloop
  endfacet
  facet normal -0 0 1
    outer loop
      vertex -36.1339 19.2139 4
      vertex -36.043 17.3637 4
      vertex -36.043 19.2963 4
    endloop
  endfacet
  facet normal 0 0 1
    outer loop
      vertex -36.1339 19.2139 4
      vertex -36.1339 17.4461 4
      vertex -36.043 17.3637 4
    endloop
  endfacet
  facet normal -0 0 1
    outer loop
      vertex -36.2163 19.123 4
      vertex -36.1339 17.4461 4
      vertex -36.1339 19.2139 4
    endloop
  endfacet
  facet normal 0 0 1
    outer loop
      vertex -36.2163 19.123 4
      vertex -36.2163 17.537 4
      vertex -36.1339 17.4461 4
    endloop
  endfacet
  facet normal -0 0 1
    outer loop
      vertex -36.2893 19.0245 4
      vertex -36.2163 17.537 4
      vertex -36.2163 19.123 4
    endloop
  endfacet
  facet normal 0 0 1
    outer loop
      vertex -36.2893 19.0245 4
      vertex -36.2893 17.6355 4
      vertex -36.2163 17.537 4
    endloop
  endfacet
  facet normal -0 0 1
    outer loop
      vertex -36.3524 18.9192 4
      vertex -36.2893 17.6355 4
      vertex -36.2893 19.0245 4
    endloop
  endfacet
  facet normal 0 0 1
    outer loop
      vertex -36.3524 18.9192 4
      vertex -36.3524 17.7408 4
      vertex -36.2893 17.6355 4
    endloop
  endfacet
  facet normal -0 0 1
    outer loop
      vertex -36.4049 18.8084 4
      vertex -36.3524 17.7408 4
      vertex -36.3524 18.9192 4
    endloop
  endfacet
  facet normal 0 0 1
    outer loop
      vertex -36.4049 18.8084 4
      vertex -36.4049 17.8516 4
      vertex -36.3524 17.7408 4
    endloop
  endfacet
  facet normal -0 0 1
    outer loop
      vertex -36.4462 18.6929 4
      vertex -36.4049 17.8516 4
      vertex -36.4049 18.8084 4
    endloop
  endfacet
  facet normal 0 0 1
    outer loop
      vertex -36.4462 18.6929 4
      vertex -36.4462 17.9671 4
      vertex -36.4049 17.8516 4
    endloop
  endfacet
  facet normal -0 0 1
    outer loop
      vertex -36.476 18.5739 4
      vertex -36.4462 17.9671 4
      vertex -36.4462 18.6929 4
    endloop
  endfacet
  facet normal 0 0 1
    outer loop
      vertex -36.476 18.5739 4
      vertex -36.476 18.0861 4
      vertex -36.4462 17.9671 4
    endloop
  endfacet
  facet normal -0 0 1
    outer loop
      vertex -36.494 18.4525 4
      vertex -36.476 18.0861 4
      vertex -36.476 18.5739 4
    endloop
  endfacet
  facet normal 0 0 1
    outer loop
      vertex -36.494 18.4525 4
      vertex -36.494 18.2075 4
      vertex -36.476 18.0861 4
    endloop
  endfacet
  facet normal 0 -0 1
    outer loop
      vertex -36.494 18.2075 4
      vertex -36.494 18.4525 4
      vertex -36.5 18.33 4
    endloop
  endfacet
  facet normal -0.514016 -0.85778 0
    outer loop
      vertex 35.8392 -17.2276 4
      vertex 35.9445 -17.2907 16.04
      vertex 35.8392 -17.2276 16.04
    endloop
  endfacet
  facet normal -0.514016 -0.85778 -0
    outer loop
      vertex 35.9445 -17.2907 16.04
      vertex 35.8392 -17.2276 4
      vertex 35.9445 -17.2907 4
    endloop
  endfacet
  facet normal -0.33742 0.941354 0
    outer loop
      vertex 35.7284 -19.4848 4
      vertex 35.6129 -19.5262 16.04
      vertex 35.7284 -19.4848 16.04
    endloop
  endfacet
  facet normal -0.33742 0.941354 0
    outer loop
      vertex 35.6129 -19.5262 16.04
      vertex 35.7284 -19.4848 4
      vertex 35.6129 -19.5262 4
    endloop
  endfacet
  facet normal -0.989186 -0.146667 0
    outer loop
      vertex 36.494 -18.2075 4
      vertex 36.476 -18.0861 16.04
      vertex 36.476 -18.0861 4
    endloop
  endfacet
  facet normal -0.989186 -0.146667 0
    outer loop
      vertex 36.476 -18.0861 16.04
      vertex 36.494 -18.2075 4
      vertex 36.494 -18.2075 16.04
    endloop
  endfacet
  facet normal -0.998803 -0.0489209 0
    outer loop
      vertex 36.5 -18.33 4
      vertex 36.494 -18.2075 16.04
      vertex 36.494 -18.2075 4
    endloop
  endfacet
  facet normal -0.998803 -0.0489209 0
    outer loop
      vertex 36.494 -18.2075 16.04
      vertex 36.5 -18.33 4
      vertex 36.5 -18.33 16.04
    endloop
  endfacet
  facet normal -0.970047 -0.242919 0
    outer loop
      vertex 36.476 -18.0861 4
      vertex 36.4462 -17.9671 16.04
      vertex 36.4462 -17.9671 4
    endloop
  endfacet
  facet normal -0.970047 -0.242919 0
    outer loop
      vertex 36.4462 -17.9671 16.04
      vertex 36.476 -18.0861 4
      vertex 36.476 -18.0861 16.04
    endloop
  endfacet
  facet normal -0.740898 0.671617 0
    outer loop
      vertex 36.1339 -19.2139 4
      vertex 36.2163 -19.123 16.04
      vertex 36.2163 -19.123 4
    endloop
  endfacet
  facet normal -0.740898 0.671617 0
    outer loop
      vertex 36.2163 -19.123 16.04
      vertex 36.1339 -19.2139 4
      vertex 36.1339 -19.2139 16.04
    endloop
  endfacet
  facet normal -0.242919 0.970047 0
    outer loop
      vertex 35.6129 -19.5262 4
      vertex 35.4939 -19.556 16.04
      vertex 35.6129 -19.5262 16.04
    endloop
  endfacet
  facet normal -0.242919 0.970047 0
    outer loop
      vertex 35.4939 -19.556 16.04
      vertex 35.6129 -19.5262 4
      vertex 35.4939 -19.556 4
    endloop
  endfacet
  facet normal -0.146667 0.989186 0
    outer loop
      vertex 35.4939 -19.556 4
      vertex 35.3725 -19.574 16.04
      vertex 35.4939 -19.556 16.04
    endloop
  endfacet
  facet normal -0.146667 0.989186 0
    outer loop
      vertex 35.3725 -19.574 16.04
      vertex 35.4939 -19.556 4
      vertex 35.3725 -19.574 4
    endloop
  endfacet
  facet normal -0.998803 0.0489209 0
    outer loop
      vertex 36.494 -18.4525 4
      vertex 36.5 -18.33 16.04
      vertex 36.5 -18.33 4
    endloop
  endfacet
  facet normal -0.998803 0.0489209 0
    outer loop
      vertex 36.5 -18.33 16.04
      vertex 36.494 -18.4525 4
      vertex 36.494 -18.4525 16.04
    endloop
  endfacet
  facet normal -0.336698 -0.941613 0
    outer loop
      vertex 35.6129 -17.1338 4
      vertex 35.7284 -17.1751 16.04
      vertex 35.6129 -17.1338 16.04
    endloop
  endfacet
  facet normal -0.336698 -0.941613 -0
    outer loop
      vertex 35.7284 -17.1751 16.04
      vertex 35.6129 -17.1338 4
      vertex 35.7284 -17.1751 4
    endloop
  endfacet
  facet normal 0.740898 0.671617 0
    outer loop
      vertex 34.3661 -19.2139 16.04
      vertex 34.2837 -19.123 4
      vertex 34.2837 -19.123 16.04
    endloop
  endfacet
  facet normal 0.740898 0.671617 0
    outer loop
      vertex 34.2837 -19.123 4
      vertex 34.3661 -19.2139 16.04
      vertex 34.3661 -19.2139 4
    endloop
  endfacet
  facet normal -0.146667 -0.989186 0
    outer loop
      vertex 35.3725 -17.086 4
      vertex 35.4939 -17.104 16.04
      vertex 35.3725 -17.086 16.04
    endloop
  endfacet
  facet normal -0.146667 -0.989186 -0
    outer loop
      vertex 35.4939 -17.104 16.04
      vertex 35.3725 -17.086 4
      vertex 35.4939 -17.104 4
    endloop
  endfacet
  facet normal 0.242919 0.970047 -0
    outer loop
      vertex 35.0061 -19.556 4
      vertex 34.8871 -19.5262 16.04
      vertex 35.0061 -19.556 16.04
    endloop
  endfacet
  facet normal 0.242919 0.970047 0
    outer loop
      vertex 34.8871 -19.5262 16.04
      vertex 35.0061 -19.556 4
      vertex 34.8871 -19.5262 4
    endloop
  endfacet
  facet normal -0.514016 0.85778 0
    outer loop
      vertex 35.9445 -19.3693 4
      vertex 35.8392 -19.4324 16.04
      vertex 35.9445 -19.3693 16.04
    endloop
  endfacet
  facet normal -0.514016 0.85778 0
    outer loop
      vertex 35.8392 -19.4324 16.04
      vertex 35.9445 -19.3693 4
      vertex 35.8392 -19.4324 4
    endloop
  endfacet
  facet normal 0.428192 -0.903688 0
    outer loop
      vertex 34.6608 -17.2276 4
      vertex 34.7716 -17.1751 16.04
      vertex 34.6608 -17.2276 16.04
    endloop
  endfacet
  facet normal 0.428192 -0.903688 0
    outer loop
      vertex 34.7716 -17.1751 16.04
      vertex 34.6608 -17.2276 4
      vertex 34.7716 -17.1751 4
    endloop
  endfacet
  facet normal -0.242919 -0.970047 0
    outer loop
      vertex 35.4939 -17.104 4
      vertex 35.6129 -17.1338 16.04
      vertex 35.4939 -17.104 16.04
    endloop
  endfacet
  facet normal -0.242919 -0.970047 -0
    outer loop
      vertex 35.6129 -17.1338 16.04
      vertex 35.4939 -17.104 4
      vertex 35.6129 -17.1338 4
    endloop
  endfacet
  facet normal -0.671617 -0.740898 0
    outer loop
      vertex 36.043 -17.3637 4
      vertex 36.1339 -17.4461 16.04
      vertex 36.043 -17.3637 16.04
    endloop
  endfacet
  facet normal -0.671617 -0.740898 -0
    outer loop
      vertex 36.1339 -17.4461 16.04
      vertex 36.043 -17.3637 4
      vertex 36.1339 -17.4461 4
    endloop
  endfacet
  facet normal 0.146667 -0.989186 0
    outer loop
      vertex 35.0061 -17.104 4
      vertex 35.1275 -17.086 16.04
      vertex 35.0061 -17.104 16.04
    endloop
  endfacet
  facet normal 0.146667 -0.989186 0
    outer loop
      vertex 35.1275 -17.086 16.04
      vertex 35.0061 -17.104 4
      vertex 35.1275 -17.086 4
    endloop
  endfacet
  facet normal 0.242919 -0.970047 0
    outer loop
      vertex 34.8871 -17.1338 4
      vertex 35.0061 -17.104 16.04
      vertex 34.8871 -17.1338 16.04
    endloop
  endfacet
  facet normal 0.242919 -0.970047 0
    outer loop
      vertex 35.0061 -17.104 16.04
      vertex 34.8871 -17.1338 4
      vertex 35.0061 -17.104 4
    endloop
  endfacet
  facet normal -0.595423 -0.803413 0
    outer loop
      vertex 35.9445 -17.2907 4
      vertex 36.043 -17.3637 16.04
      vertex 35.9445 -17.2907 16.04
    endloop
  endfacet
  facet normal -0.595423 -0.803413 -0
    outer loop
      vertex 36.043 -17.3637 16.04
      vertex 35.9445 -17.2907 4
      vertex 36.043 -17.3637 4
    endloop
  endfacet
  facet normal 0.427525 0.904003 -0
    outer loop
      vertex 34.7716 -19.4848 4
      vertex 34.6608 -19.4324 16.04
      vertex 34.7716 -19.4848 16.04
    endloop
  endfacet
  facet normal 0.427525 0.904003 0
    outer loop
      vertex 34.6608 -19.4324 16.04
      vertex 34.7716 -19.4848 4
      vertex 34.6608 -19.4324 4
    endloop
  endfacet
  facet normal 0 0 1
    outer loop
      vertex 36.494 -18.2075 4
      vertex 36.494 -18.4525 4
      vertex 36.5 -18.33 4
    endloop
  endfacet
  facet normal 0 0 1
    outer loop
      vertex 36.476 -18.0861 4
      vertex 36.494 -18.4525 4
      vertex 36.494 -18.2075 4
    endloop
  endfacet
  facet normal 0 0 1
    outer loop
      vertex 36.476 -18.0861 4
      vertex 36.476 -18.5739 4
      vertex 36.494 -18.4525 4
    endloop
  endfacet
  facet normal 0 0 1
    outer loop
      vertex 36.4462 -17.9671 4
      vertex 36.476 -18.5739 4
      vertex 36.476 -18.0861 4
    endloop
  endfacet
  facet normal 0 0 1
    outer loop
      vertex 36.4462 -17.9671 4
      vertex 36.4462 -18.6929 4
      vertex 36.476 -18.5739 4
    endloop
  endfacet
  facet normal 0 0 1
    outer loop
      vertex 36.4049 -17.8516 4
      vertex 36.4462 -18.6929 4
      vertex 36.4462 -17.9671 4
    endloop
  endfacet
  facet normal 0 0 1
    outer loop
      vertex 36.4049 -17.8516 4
      vertex 36.4049 -18.8084 4
      vertex 36.4462 -18.6929 4
    endloop
  endfacet
  facet normal 0 0 1
    outer loop
      vertex 36.3524 -17.7408 4
      vertex 36.4049 -18.8084 4
      vertex 36.4049 -17.8516 4
    endloop
  endfacet
  facet normal 0 0 1
    outer loop
      vertex 36.3524 -17.7408 4
      vertex 36.3524 -18.9192 4
      vertex 36.4049 -18.8084 4
    endloop
  endfacet
  facet normal 0 0 1
    outer loop
      vertex 36.2893 -17.6355 4
      vertex 36.3524 -18.9192 4
      vertex 36.3524 -17.7408 4
    endloop
  endfacet
  facet normal 0 0 1
    outer loop
      vertex 36.2893 -17.6355 4
      vertex 36.2893 -19.0245 4
      vertex 36.3524 -18.9192 4
    endloop
  endfacet
  facet normal 0 0 1
    outer loop
      vertex 36.2163 -17.537 4
      vertex 36.2893 -19.0245 4
      vertex 36.2893 -17.6355 4
    endloop
  endfacet
  facet normal 0 0 1
    outer loop
      vertex 36.2163 -17.537 4
      vertex 36.2163 -19.123 4
      vertex 36.2893 -19.0245 4
    endloop
  endfacet
  facet normal 0 0 1
    outer loop
      vertex 36.1339 -17.4461 4
      vertex 36.2163 -19.123 4
      vertex 36.2163 -17.537 4
    endloop
  endfacet
  facet normal 0 0 1
    outer loop
      vertex 36.1339 -17.4461 4
      vertex 36.1339 -19.2139 4
      vertex 36.2163 -19.123 4
    endloop
  endfacet
  facet normal 0 0 1
    outer loop
      vertex 36.043 -17.3637 4
      vertex 36.1339 -19.2139 4
      vertex 36.1339 -17.4461 4
    endloop
  endfacet
  facet normal 0 0 1
    outer loop
      vertex 36.043 -17.3637 4
      vertex 36.043 -19.2963 4
      vertex 36.1339 -19.2139 4
    endloop
  endfacet
  facet normal 0 0 1
    outer loop
      vertex 35.9445 -17.2907 4
      vertex 36.043 -19.2963 4
      vertex 36.043 -17.3637 4
    endloop
  endfacet
  facet normal 0 0 1
    outer loop
      vertex 35.9445 -17.2907 4
      vertex 35.9445 -19.3693 4
      vertex 36.043 -19.2963 4
    endloop
  endfacet
  facet normal 0 0 1
    outer loop
      vertex 35.8392 -17.2276 4
      vertex 35.9445 -19.3693 4
      vertex 35.9445 -17.2907 4
    endloop
  endfacet
  facet normal 0 0 1
    outer loop
      vertex 35.8392 -17.2276 4
      vertex 35.8392 -19.4324 4
      vertex 35.9445 -19.3693 4
    endloop
  endfacet
  facet normal 0 0 1
    outer loop
      vertex 35.7284 -17.1751 4
      vertex 35.8392 -19.4324 4
      vertex 35.8392 -17.2276 4
    endloop
  endfacet
  facet normal 0 0 1
    outer loop
      vertex 35.7284 -17.1751 4
      vertex 35.7284 -19.4848 4
      vertex 35.8392 -19.4324 4
    endloop
  endfacet
  facet normal 0 0 1
    outer loop
      vertex 35.6129 -17.1338 4
      vertex 35.7284 -19.4848 4
      vertex 35.7284 -17.1751 4
    endloop
  endfacet
  facet normal 0 0 1
    outer loop
      vertex 35.6129 -17.1338 4
      vertex 35.6129 -19.5262 4
      vertex 35.7284 -19.4848 4
    endloop
  endfacet
  facet normal 0 0 1
    outer loop
      vertex 35.4939 -17.104 4
      vertex 35.6129 -19.5262 4
      vertex 35.6129 -17.1338 4
    endloop
  endfacet
  facet normal 0 0 1
    outer loop
      vertex 35.4939 -17.104 4
      vertex 35.4939 -19.556 4
      vertex 35.6129 -19.5262 4
    endloop
  endfacet
  facet normal 0 0 1
    outer loop
      vertex 35.3725 -17.086 4
      vertex 35.4939 -19.556 4
      vertex 35.4939 -17.104 4
    endloop
  endfacet
  facet normal 0 0 1
    outer loop
      vertex 35.3725 -17.086 4
      vertex 35.3725 -19.574 4
      vertex 35.4939 -19.556 4
    endloop
  endfacet
  facet normal 0 0 1
    outer loop
      vertex 35.25 -17.08 4
      vertex 35.3725 -19.574 4
      vertex 35.3725 -17.086 4
    endloop
  endfacet
  facet normal 0 0 1
    outer loop
      vertex 35.25 -17.08 4
      vertex 35.25 -19.58 4
      vertex 35.3725 -19.574 4
    endloop
  endfacet
  facet normal -0 0 1
    outer loop
      vertex 35.1275 -17.086 4
      vertex 35.25 -19.58 4
      vertex 35.25 -17.08 4
    endloop
  endfacet
  facet normal 0 0 1
    outer loop
      vertex 35.1275 -17.086 4
      vertex 35.1275 -19.574 4
      vertex 35.25 -19.58 4
    endloop
  endfacet
  facet normal -0 0 1
    outer loop
      vertex 35.0061 -17.104 4
      vertex 35.1275 -19.574 4
      vertex 35.1275 -17.086 4
    endloop
  endfacet
  facet normal 0 0 1
    outer loop
      vertex 35.0061 -17.104 4
      vertex 35.0061 -19.556 4
      vertex 35.1275 -19.574 4
    endloop
  endfacet
  facet normal -0 0 1
    outer loop
      vertex 34.8871 -17.1338 4
      vertex 35.0061 -19.556 4
      vertex 35.0061 -17.104 4
    endloop
  endfacet
  facet normal 0 0 1
    outer loop
      vertex 34.8871 -17.1338 4
      vertex 34.8871 -19.5262 4
      vertex 35.0061 -19.556 4
    endloop
  endfacet
  facet normal -0 0 1
    outer loop
      vertex 34.7716 -17.1751 4
      vertex 34.8871 -19.5262 4
      vertex 34.8871 -17.1338 4
    endloop
  endfacet
  facet normal 0 0 1
    outer loop
      vertex 34.7716 -17.1751 4
      vertex 34.7716 -19.4848 4
      vertex 34.8871 -19.5262 4
    endloop
  endfacet
  facet normal -0 0 1
    outer loop
      vertex 34.6608 -17.2276 4
      vertex 34.7716 -19.4848 4
      vertex 34.7716 -17.1751 4
    endloop
  endfacet
  facet normal 0 0 1
    outer loop
      vertex 34.6608 -17.2276 4
      vertex 34.6608 -19.4324 4
      vertex 34.7716 -19.4848 4
    endloop
  endfacet
  facet normal -0 0 1
    outer loop
      vertex 34.5555 -17.2907 4
      vertex 34.6608 -19.4324 4
      vertex 34.6608 -17.2276 4
    endloop
  endfacet
  facet normal 0 0 1
    outer loop
      vertex 34.5555 -17.2907 4
      vertex 34.5555 -19.3693 4
      vertex 34.6608 -19.4324 4
    endloop
  endfacet
  facet normal -0 0 1
    outer loop
      vertex 34.457 -17.3637 4
      vertex 34.5555 -19.3693 4
      vertex 34.5555 -17.2907 4
    endloop
  endfacet
  facet normal 0 0 1
    outer loop
      vertex 34.457 -17.3637 4
      vertex 34.457 -19.2963 4
      vertex 34.5555 -19.3693 4
    endloop
  endfacet
  facet normal -0 0 1
    outer loop
      vertex 34.3661 -17.4461 4
      vertex 34.457 -19.2963 4
      vertex 34.457 -17.3637 4
    endloop
  endfacet
  facet normal 0 0 1
    outer loop
      vertex 34.3661 -17.4461 4
      vertex 34.3661 -19.2139 4
      vertex 34.457 -19.2963 4
    endloop
  endfacet
  facet normal -0 0 1
    outer loop
      vertex 34.2837 -17.537 4
      vertex 34.3661 -19.2139 4
      vertex 34.3661 -17.4461 4
    endloop
  endfacet
  facet normal 0 0 1
    outer loop
      vertex 34.2837 -17.537 4
      vertex 34.2837 -19.123 4
      vertex 34.3661 -19.2139 4
    endloop
  endfacet
  facet normal -0 0 1
    outer loop
      vertex 34.2107 -17.6355 4
      vertex 34.2837 -19.123 4
      vertex 34.2837 -17.537 4
    endloop
  endfacet
  facet normal 0 0 1
    outer loop
      vertex 34.2107 -17.6355 4
      vertex 34.2107 -19.0245 4
      vertex 34.2837 -19.123 4
    endloop
  endfacet
  facet normal -0 0 1
    outer loop
      vertex 34.1476 -17.7408 4
      vertex 34.2107 -19.0245 4
      vertex 34.2107 -17.6355 4
    endloop
  endfacet
  facet normal 0 0 1
    outer loop
      vertex 34.1476 -17.7408 4
      vertex 34.1476 -18.9192 4
      vertex 34.2107 -19.0245 4
    endloop
  endfacet
  facet normal -0 0 1
    outer loop
      vertex 34.0951 -17.8516 4
      vertex 34.1476 -18.9192 4
      vertex 34.1476 -17.7408 4
    endloop
  endfacet
  facet normal 0 0 1
    outer loop
      vertex 34.0951 -17.8516 4
      vertex 34.0951 -18.8084 4
      vertex 34.1476 -18.9192 4
    endloop
  endfacet
  facet normal -0 0 1
    outer loop
      vertex 34.0538 -17.9671 4
      vertex 34.0951 -18.8084 4
      vertex 34.0951 -17.8516 4
    endloop
  endfacet
  facet normal 0 0 1
    outer loop
      vertex 34.0538 -17.9671 4
      vertex 34.0538 -18.6929 4
      vertex 34.0951 -18.8084 4
    endloop
  endfacet
  facet normal -0 0 1
    outer loop
      vertex 34.024 -18.0861 4
      vertex 34.0538 -18.6929 4
      vertex 34.0538 -17.9671 4
    endloop
  endfacet
  facet normal 0 0 1
    outer loop
      vertex 34.024 -18.0861 4
      vertex 34.024 -18.5739 4
      vertex 34.0538 -18.6929 4
    endloop
  endfacet
  facet normal -0 0 1
    outer loop
      vertex 34.006 -18.2075 4
      vertex 34.024 -18.5739 4
      vertex 34.024 -18.0861 4
    endloop
  endfacet
  facet normal 0 0 1
    outer loop
      vertex 34.006 -18.2075 4
      vertex 34.006 -18.4525 4
      vertex 34.024 -18.5739 4
    endloop
  endfacet
  facet normal 0 -0 1
    outer loop
      vertex 34.006 -18.4525 4
      vertex 34.006 -18.2075 4
      vertex 34 -18.33 4
    endloop
  endfacet
  facet normal 0.595423 0.803413 -0
    outer loop
      vertex 34.5555 -19.3693 4
      vertex 34.457 -19.2963 16.04
      vertex 34.5555 -19.3693 16.04
    endloop
  endfacet
  facet normal 0.595423 0.803413 0
    outer loop
      vertex 34.457 -19.2963 16.04
      vertex 34.5555 -19.3693 4
      vertex 34.457 -19.2963 4
    endloop
  endfacet
  facet normal 0.146667 0.989186 -0
    outer loop
      vertex 35.1275 -19.574 4
      vertex 35.0061 -19.556 16.04
      vertex 35.1275 -19.574 16.04
    endloop
  endfacet
  facet normal 0.146667 0.989186 0
    outer loop
      vertex 35.0061 -19.556 16.04
      vertex 35.1275 -19.574 4
      vertex 35.0061 -19.556 4
    endloop
  endfacet
  facet normal -0.427525 0.904003 0
    outer loop
      vertex 35.8392 -19.4324 4
      vertex 35.7284 -19.4848 16.04
      vertex 35.8392 -19.4324 16.04
    endloop
  endfacet
  facet normal -0.427525 0.904003 0
    outer loop
      vertex 35.7284 -19.4848 16.04
      vertex 35.8392 -19.4324 4
      vertex 35.7284 -19.4848 4
    endloop
  endfacet
  facet normal 0.595423 -0.803413 0
    outer loop
      vertex 34.457 -17.3637 4
      vertex 34.5555 -17.2907 16.04
      vertex 34.457 -17.3637 16.04
    endloop
  endfacet
  facet normal 0.595423 -0.803413 0
    outer loop
      vertex 34.5555 -17.2907 16.04
      vertex 34.457 -17.3637 4
      vertex 34.5555 -17.2907 4
    endloop
  endfacet
  facet normal 0.941613 0.336698 0
    outer loop
      vertex 34.0951 -18.8084 16.04
      vertex 34.0538 -18.6929 4
      vertex 34.0538 -18.6929 16.04
    endloop
  endfacet
  facet normal 0.941613 0.336698 0
    outer loop
      vertex 34.0538 -18.6929 4
      vertex 34.0951 -18.8084 16.04
      vertex 34.0951 -18.8084 4
    endloop
  endfacet
  facet normal -0.803413 -0.595423 0
    outer loop
      vertex 36.2893 -17.6355 4
      vertex 36.2163 -17.537 16.04
      vertex 36.2163 -17.537 4
    endloop
  endfacet
  facet normal -0.803413 -0.595423 0
    outer loop
      vertex 36.2163 -17.537 16.04
      vertex 36.2893 -17.6355 4
      vertex 36.2893 -17.6355 16.04
    endloop
  endfacet
  facet normal 0.0489209 -0.998803 0
    outer loop
      vertex 35.1275 -17.086 4
      vertex 35.25 -17.08 16.04
      vertex 35.1275 -17.086 16.04
    endloop
  endfacet
  facet normal 0.0489209 -0.998803 0
    outer loop
      vertex 35.25 -17.08 16.04
      vertex 35.1275 -17.086 4
      vertex 35.25 -17.08 4
    endloop
  endfacet
  facet normal -0.0489209 0.998803 0
    outer loop
      vertex 35.3725 -19.574 4
      vertex 35.25 -19.58 16.04
      vertex 35.3725 -19.574 16.04
    endloop
  endfacet
  facet normal -0.0489209 0.998803 0
    outer loop
      vertex 35.25 -19.58 16.04
      vertex 35.3725 -19.574 4
      vertex 35.25 -19.58 4
    endloop
  endfacet
  facet normal -0.0489209 -0.998803 0
    outer loop
      vertex 35.25 -17.08 4
      vertex 35.3725 -17.086 16.04
      vertex 35.25 -17.08 16.04
    endloop
  endfacet
  facet normal -0.0489209 -0.998803 -0
    outer loop
      vertex 35.3725 -17.086 16.04
      vertex 35.25 -17.08 4
      vertex 35.3725 -17.086 4
    endloop
  endfacet
  facet normal -0.428192 -0.903688 0
    outer loop
      vertex 35.7284 -17.1751 4
      vertex 35.8392 -17.2276 16.04
      vertex 35.7284 -17.1751 16.04
    endloop
  endfacet
  facet normal -0.428192 -0.903688 -0
    outer loop
      vertex 35.8392 -17.2276 16.04
      vertex 35.7284 -17.1751 4
      vertex 35.8392 -17.2276 4
    endloop
  endfacet
  facet normal 0.514016 0.85778 -0
    outer loop
      vertex 34.6608 -19.4324 4
      vertex 34.5555 -19.3693 16.04
      vertex 34.6608 -19.4324 16.04
    endloop
  endfacet
  facet normal 0.514016 0.85778 0
    outer loop
      vertex 34.5555 -19.3693 16.04
      vertex 34.6608 -19.4324 4
      vertex 34.5555 -19.3693 4
    endloop
  endfacet
  facet normal -0.970047 0.242919 0
    outer loop
      vertex 36.4462 -18.6929 4
      vertex 36.476 -18.5739 16.04
      vertex 36.476 -18.5739 4
    endloop
  endfacet
  facet normal -0.970047 0.242919 0
    outer loop
      vertex 36.476 -18.5739 16.04
      vertex 36.4462 -18.6929 4
      vertex 36.4462 -18.6929 16.04
    endloop
  endfacet
  facet normal 0.336698 -0.941613 0
    outer loop
      vertex 34.7716 -17.1751 4
      vertex 34.8871 -17.1338 16.04
      vertex 34.7716 -17.1751 16.04
    endloop
  endfacet
  facet normal 0.336698 -0.941613 0
    outer loop
      vertex 34.8871 -17.1338 16.04
      vertex 34.7716 -17.1751 4
      vertex 34.8871 -17.1338 4
    endloop
  endfacet
  facet normal 0.0489209 0.998803 -0
    outer loop
      vertex 35.25 -19.58 4
      vertex 35.1275 -19.574 16.04
      vertex 35.25 -19.58 16.04
    endloop
  endfacet
  facet normal 0.0489209 0.998803 0
    outer loop
      vertex 35.1275 -19.574 16.04
      vertex 35.25 -19.58 4
      vertex 35.1275 -19.574 4
    endloop
  endfacet
  facet normal -0.740898 -0.671617 0
    outer loop
      vertex 36.2163 -17.537 4
      vertex 36.1339 -17.4461 16.04
      vertex 36.1339 -17.4461 4
    endloop
  endfacet
  facet normal -0.740898 -0.671617 0
    outer loop
      vertex 36.1339 -17.4461 16.04
      vertex 36.2163 -17.537 4
      vertex 36.2163 -17.537 16.04
    endloop
  endfacet
  facet normal 0.803413 -0.595423 0
    outer loop
      vertex 34.2107 -17.6355 16.04
      vertex 34.2837 -17.537 4
      vertex 34.2837 -17.537 16.04
    endloop
  endfacet
  facet normal 0.803413 -0.595423 0
    outer loop
      vertex 34.2837 -17.537 4
      vertex 34.2107 -17.6355 16.04
      vertex 34.2107 -17.6355 4
    endloop
  endfacet
  facet normal -0.941613 -0.336698 0
    outer loop
      vertex 36.4462 -17.9671 4
      vertex 36.4049 -17.8516 16.04
      vertex 36.4049 -17.8516 4
    endloop
  endfacet
  facet normal -0.941613 -0.336698 0
    outer loop
      vertex 36.4049 -17.8516 16.04
      vertex 36.4462 -17.9671 4
      vertex 36.4462 -17.9671 16.04
    endloop
  endfacet
  facet normal 0.671617 -0.740898 0
    outer loop
      vertex 34.3661 -17.4461 4
      vertex 34.457 -17.3637 16.04
      vertex 34.3661 -17.4461 16.04
    endloop
  endfacet
  facet normal 0.671617 -0.740898 0
    outer loop
      vertex 34.457 -17.3637 16.04
      vertex 34.3661 -17.4461 4
      vertex 34.457 -17.3637 4
    endloop
  endfacet
  facet normal -0.903688 -0.428192 0
    outer loop
      vertex 36.4049 -17.8516 4
      vertex 36.3524 -17.7408 16.04
      vertex 36.3524 -17.7408 4
    endloop
  endfacet
  facet normal -0.903688 -0.428192 0
    outer loop
      vertex 36.3524 -17.7408 16.04
      vertex 36.4049 -17.8516 4
      vertex 36.4049 -17.8516 16.04
    endloop
  endfacet
  facet normal -0.989186 0.146667 0
    outer loop
      vertex 36.476 -18.5739 4
      vertex 36.494 -18.4525 16.04
      vertex 36.494 -18.4525 4
    endloop
  endfacet
  facet normal -0.989186 0.146667 0
    outer loop
      vertex 36.494 -18.4525 16.04
      vertex 36.476 -18.5739 4
      vertex 36.476 -18.5739 16.04
    endloop
  endfacet
  facet normal -0.85778 -0.514016 0
    outer loop
      vertex 36.3524 -17.7408 4
      vertex 36.2893 -17.6355 16.04
      vertex 36.2893 -17.6355 4
    endloop
  endfacet
  facet normal -0.85778 -0.514016 0
    outer loop
      vertex 36.2893 -17.6355 16.04
      vertex 36.3524 -17.7408 4
      vertex 36.3524 -17.7408 16.04
    endloop
  endfacet
  facet normal 0.85778 0.514016 0
    outer loop
      vertex 34.2107 -19.0245 16.04
      vertex 34.1476 -18.9192 4
      vertex 34.1476 -18.9192 16.04
    endloop
  endfacet
  facet normal 0.85778 0.514016 0
    outer loop
      vertex 34.1476 -18.9192 4
      vertex 34.2107 -19.0245 16.04
      vertex 34.2107 -19.0245 4
    endloop
  endfacet
  facet normal 0.970047 0.242919 0
    outer loop
      vertex 34.0538 -18.6929 16.04
      vertex 34.024 -18.5739 4
      vertex 34.024 -18.5739 16.04
    endloop
  endfacet
  facet normal 0.970047 0.242919 0
    outer loop
      vertex 34.024 -18.5739 4
      vertex 34.0538 -18.6929 16.04
      vertex 34.0538 -18.6929 4
    endloop
  endfacet
  facet normal 0.989186 -0.146667 0
    outer loop
      vertex 34.006 -18.2075 16.04
      vertex 34.024 -18.0861 4
      vertex 34.024 -18.0861 16.04
    endloop
  endfacet
  facet normal 0.989186 -0.146667 0
    outer loop
      vertex 34.024 -18.0861 4
      vertex 34.006 -18.2075 16.04
      vertex 34.006 -18.2075 4
    endloop
  endfacet
  facet normal 0.989186 0.146667 0
    outer loop
      vertex 34.024 -18.5739 16.04
      vertex 34.006 -18.4525 4
      vertex 34.006 -18.4525 16.04
    endloop
  endfacet
  facet normal 0.989186 0.146667 0
    outer loop
      vertex 34.006 -18.4525 4
      vertex 34.024 -18.5739 16.04
      vertex 34.024 -18.5739 4
    endloop
  endfacet
  facet normal -0.803413 0.595423 0
    outer loop
      vertex 36.2163 -19.123 4
      vertex 36.2893 -19.0245 16.04
      vertex 36.2893 -19.0245 4
    endloop
  endfacet
  facet normal -0.803413 0.595423 0
    outer loop
      vertex 36.2893 -19.0245 16.04
      vertex 36.2163 -19.123 4
      vertex 36.2163 -19.123 16.04
    endloop
  endfacet
  facet normal 0.671617 0.740898 -0
    outer loop
      vertex 34.457 -19.2963 4
      vertex 34.3661 -19.2139 16.04
      vertex 34.457 -19.2963 16.04
    endloop
  endfacet
  facet normal 0.671617 0.740898 0
    outer loop
      vertex 34.3661 -19.2139 16.04
      vertex 34.457 -19.2963 4
      vertex 34.3661 -19.2139 4
    endloop
  endfacet
  facet normal 0.740898 -0.671617 0
    outer loop
      vertex 34.2837 -17.537 16.04
      vertex 34.3661 -17.4461 4
      vertex 34.3661 -17.4461 16.04
    endloop
  endfacet
  facet normal 0.740898 -0.671617 0
    outer loop
      vertex 34.3661 -17.4461 4
      vertex 34.2837 -17.537 16.04
      vertex 34.2837 -17.537 4
    endloop
  endfacet
  facet normal 0.85778 -0.514016 0
    outer loop
      vertex 34.1476 -17.7408 16.04
      vertex 34.2107 -17.6355 4
      vertex 34.2107 -17.6355 16.04
    endloop
  endfacet
  facet normal 0.85778 -0.514016 0
    outer loop
      vertex 34.2107 -17.6355 4
      vertex 34.1476 -17.7408 16.04
      vertex 34.1476 -17.7408 4
    endloop
  endfacet
  facet normal -0.903688 0.428192 0
    outer loop
      vertex 36.3524 -18.9192 4
      vertex 36.4049 -18.8084 16.04
      vertex 36.4049 -18.8084 4
    endloop
  endfacet
  facet normal -0.903688 0.428192 0
    outer loop
      vertex 36.4049 -18.8084 16.04
      vertex 36.3524 -18.9192 4
      vertex 36.3524 -18.9192 16.04
    endloop
  endfacet
  facet normal -0.671617 0.740898 0
    outer loop
      vertex 36.1339 -19.2139 4
      vertex 36.043 -19.2963 16.04
      vertex 36.1339 -19.2139 16.04
    endloop
  endfacet
  facet normal -0.671617 0.740898 0
    outer loop
      vertex 36.043 -19.2963 16.04
      vertex 36.1339 -19.2139 4
      vertex 36.043 -19.2963 4
    endloop
  endfacet
  facet normal 0.803413 0.595423 0
    outer loop
      vertex 34.2837 -19.123 16.04
      vertex 34.2107 -19.0245 4
      vertex 34.2107 -19.0245 16.04
    endloop
  endfacet
  facet normal 0.803413 0.595423 0
    outer loop
      vertex 34.2107 -19.0245 4
      vertex 34.2837 -19.123 16.04
      vertex 34.2837 -19.123 4
    endloop
  endfacet
  facet normal -0.85778 0.514016 0
    outer loop
      vertex 36.2893 -19.0245 4
      vertex 36.3524 -18.9192 16.04
      vertex 36.3524 -18.9192 4
    endloop
  endfacet
  facet normal -0.85778 0.514016 0
    outer loop
      vertex 36.3524 -18.9192 16.04
      vertex 36.2893 -19.0245 4
      vertex 36.2893 -19.0245 16.04
    endloop
  endfacet
  facet normal 0.514016 -0.85778 0
    outer loop
      vertex 34.5555 -17.2907 4
      vertex 34.6608 -17.2276 16.04
      vertex 34.5555 -17.2907 16.04
    endloop
  endfacet
  facet normal 0.514016 -0.85778 0
    outer loop
      vertex 34.6608 -17.2276 16.04
      vertex 34.5555 -17.2907 4
      vertex 34.6608 -17.2276 4
    endloop
  endfacet
  facet normal 0.903688 -0.428192 0
    outer loop
      vertex 34.0951 -17.8516 16.04
      vertex 34.1476 -17.7408 4
      vertex 34.1476 -17.7408 16.04
    endloop
  endfacet
  facet normal 0.903688 -0.428192 0
    outer loop
      vertex 34.1476 -17.7408 4
      vertex 34.0951 -17.8516 16.04
      vertex 34.0951 -17.8516 4
    endloop
  endfacet
  facet normal 0.970047 -0.242919 0
    outer loop
      vertex 34.024 -18.0861 16.04
      vertex 34.0538 -17.9671 4
      vertex 34.0538 -17.9671 16.04
    endloop
  endfacet
  facet normal 0.970047 -0.242919 0
    outer loop
      vertex 34.0538 -17.9671 4
      vertex 34.024 -18.0861 16.04
      vertex 34.024 -18.0861 4
    endloop
  endfacet
  facet normal -0.941613 0.336698 0
    outer loop
      vertex 36.4049 -18.8084 4
      vertex 36.4462 -18.6929 16.04
      vertex 36.4462 -18.6929 4
    endloop
  endfacet
  facet normal -0.941613 0.336698 0
    outer loop
      vertex 36.4462 -18.6929 16.04
      vertex 36.4049 -18.8084 4
      vertex 36.4049 -18.8084 16.04
    endloop
  endfacet
  facet normal 0.941613 -0.336698 0
    outer loop
      vertex 34.0538 -17.9671 16.04
      vertex 34.0951 -17.8516 4
      vertex 34.0951 -17.8516 16.04
    endloop
  endfacet
  facet normal 0.941613 -0.336698 0
    outer loop
      vertex 34.0951 -17.8516 4
      vertex 34.0538 -17.9671 16.04
      vertex 34.0538 -17.9671 4
    endloop
  endfacet
  facet normal 0.903688 0.428192 0
    outer loop
      vertex 34.1476 -18.9192 16.04
      vertex 34.0951 -18.8084 4
      vertex 34.0951 -18.8084 16.04
    endloop
  endfacet
  facet normal 0.903688 0.428192 0
    outer loop
      vertex 34.0951 -18.8084 4
      vertex 34.1476 -18.9192 16.04
      vertex 34.1476 -18.9192 4
    endloop
  endfacet
  facet normal 0.998803 -0.0489209 0
    outer loop
      vertex 34 -18.33 16.04
      vertex 34.006 -18.2075 4
      vertex 34.006 -18.2075 16.04
    endloop
  endfacet
  facet normal 0.998803 -0.0489209 0
    outer loop
      vertex 34.006 -18.2075 4
      vertex 34 -18.33 16.04
      vertex 34 -18.33 4
    endloop
  endfacet
  facet normal 0.998803 0.0489209 0
    outer loop
      vertex 34.006 -18.4525 16.04
      vertex 34 -18.33 4
      vertex 34 -18.33 16.04
    endloop
  endfacet
  facet normal 0.998803 0.0489209 0
    outer loop
      vertex 34 -18.33 4
      vertex 34.006 -18.4525 16.04
      vertex 34.006 -18.4525 4
    endloop
  endfacet
  facet normal 0.33742 0.941354 -0
    outer loop
      vertex 34.8871 -19.5262 4
      vertex 34.7716 -19.4848 16.04
      vertex 34.8871 -19.5262 16.04
    endloop
  endfacet
  facet normal 0.33742 0.941354 0
    outer loop
      vertex 34.7716 -19.4848 16.04
      vertex 34.8871 -19.5262 4
      vertex 34.7716 -19.4848 4
    endloop
  endfacet
  facet normal -0.595423 0.803413 0
    outer loop
      vertex 36.043 -19.2963 4
      vertex 35.9445 -19.3693 16.04
      vertex 36.043 -19.2963 16.04
    endloop
  endfacet
  facet normal -0.595423 0.803413 0
    outer loop
      vertex 35.9445 -19.3693 16.04
      vertex 36.043 -19.2963 4
      vertex 35.9445 -19.3693 4
    endloop
  endfacet
  facet normal -0.989186 -0.146667 0
    outer loop
      vertex -34.006 -18.2075 4
      vertex -34.024 -18.0861 16.04
      vertex -34.024 -18.0861 4
    endloop
  endfacet
  facet normal -0.989186 -0.146667 0
    outer loop
      vertex -34.024 -18.0861 16.04
      vertex -34.006 -18.2075 4
      vertex -34.006 -18.2075 16.04
    endloop
  endfacet
  facet normal -0.998803 -0.0489209 0
    outer loop
      vertex -34 -18.33 4
      vertex -34.006 -18.2075 16.04
      vertex -34.006 -18.2075 4
    endloop
  endfacet
  facet normal -0.998803 -0.0489209 0
    outer loop
      vertex -34.006 -18.2075 16.04
      vertex -34 -18.33 4
      vertex -34 -18.33 16.04
    endloop
  endfacet
  facet normal -0.970047 -0.242919 0
    outer loop
      vertex -34.024 -18.0861 4
      vertex -34.0538 -17.9671 16.04
      vertex -34.0538 -17.9671 4
    endloop
  endfacet
  facet normal -0.970047 -0.242919 0
    outer loop
      vertex -34.0538 -17.9671 16.04
      vertex -34.024 -18.0861 4
      vertex -34.024 -18.0861 16.04
    endloop
  endfacet
  facet normal -0.242919 -0.970047 0
    outer loop
      vertex -35.0061 -17.104 4
      vertex -34.8871 -17.1338 16.04
      vertex -35.0061 -17.104 16.04
    endloop
  endfacet
  facet normal -0.242919 -0.970047 -0
    outer loop
      vertex -34.8871 -17.1338 16.04
      vertex -35.0061 -17.104 4
      vertex -34.8871 -17.1338 4
    endloop
  endfacet
  facet normal 0.427525 0.904003 -0
    outer loop
      vertex -35.7284 -19.4848 4
      vertex -35.8392 -19.4324 16.04
      vertex -35.7284 -19.4848 16.04
    endloop
  endfacet
  facet normal 0.427525 0.904003 0
    outer loop
      vertex -35.8392 -19.4324 16.04
      vertex -35.7284 -19.4848 4
      vertex -35.8392 -19.4324 4
    endloop
  endfacet
  facet normal 0.803413 -0.595423 0
    outer loop
      vertex -36.2893 -17.6355 16.04
      vertex -36.2163 -17.537 4
      vertex -36.2163 -17.537 16.04
    endloop
  endfacet
  facet normal 0.803413 -0.595423 0
    outer loop
      vertex -36.2163 -17.537 4
      vertex -36.2893 -17.6355 16.04
      vertex -36.2893 -17.6355 4
    endloop
  endfacet
  facet normal -0.427525 0.904003 0
    outer loop
      vertex -34.6608 -19.4324 4
      vertex -34.7716 -19.4848 16.04
      vertex -34.6608 -19.4324 16.04
    endloop
  endfacet
  facet normal -0.427525 0.904003 0
    outer loop
      vertex -34.7716 -19.4848 16.04
      vertex -34.6608 -19.4324 4
      vertex -34.7716 -19.4848 4
    endloop
  endfacet
  facet normal 0.336698 -0.941613 0
    outer loop
      vertex -35.7284 -17.1751 4
      vertex -35.6129 -17.1338 16.04
      vertex -35.7284 -17.1751 16.04
    endloop
  endfacet
  facet normal 0.336698 -0.941613 0
    outer loop
      vertex -35.6129 -17.1338 16.04
      vertex -35.7284 -17.1751 4
      vertex -35.6129 -17.1338 4
    endloop
  endfacet
  facet normal 0.595423 -0.803413 0
    outer loop
      vertex -36.043 -17.3637 4
      vertex -35.9445 -17.2907 16.04
      vertex -36.043 -17.3637 16.04
    endloop
  endfacet
  facet normal 0.595423 -0.803413 0
    outer loop
      vertex -35.9445 -17.2907 16.04
      vertex -36.043 -17.3637 4
      vertex -35.9445 -17.2907 4
    endloop
  endfacet
  facet normal -0.941613 -0.336698 0
    outer loop
      vertex -34.0538 -17.9671 4
      vertex -34.0951 -17.8516 16.04
      vertex -34.0951 -17.8516 4
    endloop
  endfacet
  facet normal -0.941613 -0.336698 0
    outer loop
      vertex -34.0951 -17.8516 16.04
      vertex -34.0538 -17.9671 4
      vertex -34.0538 -17.9671 16.04
    endloop
  endfacet
  facet normal 0.903688 0.428192 0
    outer loop
      vertex -36.3524 -18.9192 16.04
      vertex -36.4049 -18.8084 4
      vertex -36.4049 -18.8084 16.04
    endloop
  endfacet
  facet normal 0.903688 0.428192 0
    outer loop
      vertex -36.4049 -18.8084 4
      vertex -36.3524 -18.9192 16.04
      vertex -36.3524 -18.9192 4
    endloop
  endfacet
  facet normal -0.514016 0.85778 0
    outer loop
      vertex -34.5555 -19.3693 4
      vertex -34.6608 -19.4324 16.04
      vertex -34.5555 -19.3693 16.04
    endloop
  endfacet
  facet normal -0.514016 0.85778 0
    outer loop
      vertex -34.6608 -19.4324 16.04
      vertex -34.5555 -19.3693 4
      vertex -34.6608 -19.4324 4
    endloop
  endfacet
  facet normal 0.146667 -0.989186 0
    outer loop
      vertex -35.4939 -17.104 4
      vertex -35.3725 -17.086 16.04
      vertex -35.4939 -17.104 16.04
    endloop
  endfacet
  facet normal 0.146667 -0.989186 0
    outer loop
      vertex -35.3725 -17.086 16.04
      vertex -35.4939 -17.104 4
      vertex -35.3725 -17.086 4
    endloop
  endfacet
  facet normal -0.903688 -0.428192 0
    outer loop
      vertex -34.0951 -17.8516 4
      vertex -34.1476 -17.7408 16.04
      vertex -34.1476 -17.7408 4
    endloop
  endfacet
  facet normal -0.903688 -0.428192 0
    outer loop
      vertex -34.1476 -17.7408 16.04
      vertex -34.0951 -17.8516 4
      vertex -34.0951 -17.8516 16.04
    endloop
  endfacet
  facet normal -0.941613 0.336698 0
    outer loop
      vertex -34.0951 -18.8084 4
      vertex -34.0538 -18.6929 16.04
      vertex -34.0538 -18.6929 4
    endloop
  endfacet
  facet normal -0.941613 0.336698 0
    outer loop
      vertex -34.0538 -18.6929 16.04
      vertex -34.0951 -18.8084 4
      vertex -34.0951 -18.8084 16.04
    endloop
  endfacet
  facet normal -0.146667 -0.989186 0
    outer loop
      vertex -35.1275 -17.086 4
      vertex -35.0061 -17.104 16.04
      vertex -35.1275 -17.086 16.04
    endloop
  endfacet
  facet normal -0.146667 -0.989186 -0
    outer loop
      vertex -35.0061 -17.104 16.04
      vertex -35.1275 -17.086 4
      vertex -35.0061 -17.104 4
    endloop
  endfacet
  facet normal 0.428192 -0.903688 0
    outer loop
      vertex -35.8392 -17.2276 4
      vertex -35.7284 -17.1751 16.04
      vertex -35.8392 -17.2276 16.04
    endloop
  endfacet
  facet normal 0.428192 -0.903688 0
    outer loop
      vertex -35.7284 -17.1751 16.04
      vertex -35.8392 -17.2276 4
      vertex -35.7284 -17.1751 4
    endloop
  endfacet
  facet normal -0.595423 -0.803413 0
    outer loop
      vertex -34.5555 -17.2907 4
      vertex -34.457 -17.3637 16.04
      vertex -34.5555 -17.2907 16.04
    endloop
  endfacet
  facet normal -0.595423 -0.803413 -0
    outer loop
      vertex -34.457 -17.3637 16.04
      vertex -34.5555 -17.2907 4
      vertex -34.457 -17.3637 4
    endloop
  endfacet
  facet normal -0.33742 0.941354 0
    outer loop
      vertex -34.7716 -19.4848 4
      vertex -34.8871 -19.5262 16.04
      vertex -34.7716 -19.4848 16.04
    endloop
  endfacet
  facet normal -0.33742 0.941354 0
    outer loop
      vertex -34.8871 -19.5262 16.04
      vertex -34.7716 -19.4848 4
      vertex -34.8871 -19.5262 4
    endloop
  endfacet
  facet normal 0.85778 -0.514016 0
    outer loop
      vertex -36.3524 -17.7408 16.04
      vertex -36.2893 -17.6355 4
      vertex -36.2893 -17.6355 16.04
    endloop
  endfacet
  facet normal 0.85778 -0.514016 0
    outer loop
      vertex -36.2893 -17.6355 4
      vertex -36.3524 -17.7408 16.04
      vertex -36.3524 -17.7408 4
    endloop
  endfacet
  facet normal 0.671617 0.740898 -0
    outer loop
      vertex -36.043 -19.2963 4
      vertex -36.1339 -19.2139 16.04
      vertex -36.043 -19.2963 16.04
    endloop
  endfacet
  facet normal 0.671617 0.740898 0
    outer loop
      vertex -36.1339 -19.2139 16.04
      vertex -36.043 -19.2963 4
      vertex -36.1339 -19.2139 4
    endloop
  endfacet
  facet normal 0.970047 0.242919 0
    outer loop
      vertex -36.4462 -18.6929 16.04
      vertex -36.476 -18.5739 4
      vertex -36.476 -18.5739 16.04
    endloop
  endfacet
  facet normal 0.970047 0.242919 0
    outer loop
      vertex -36.476 -18.5739 4
      vertex -36.4462 -18.6929 16.04
      vertex -36.4462 -18.6929 4
    endloop
  endfacet
  facet normal -0.803413 -0.595423 0
    outer loop
      vertex -34.2107 -17.6355 4
      vertex -34.2837 -17.537 16.04
      vertex -34.2837 -17.537 4
    endloop
  endfacet
  facet normal -0.803413 -0.595423 0
    outer loop
      vertex -34.2837 -17.537 16.04
      vertex -34.2107 -17.6355 4
      vertex -34.2107 -17.6355 16.04
    endloop
  endfacet
  facet normal -0.514016 -0.85778 0
    outer loop
      vertex -34.6608 -17.2276 4
      vertex -34.5555 -17.2907 16.04
      vertex -34.6608 -17.2276 16.04
    endloop
  endfacet
  facet normal -0.514016 -0.85778 -0
    outer loop
      vertex -34.5555 -17.2907 16.04
      vertex -34.6608 -17.2276 4
      vertex -34.5555 -17.2907 4
    endloop
  endfacet
  facet normal -0.998803 0.0489209 0
    outer loop
      vertex -34.006 -18.4525 4
      vertex -34 -18.33 16.04
      vertex -34 -18.33 4
    endloop
  endfacet
  facet normal -0.998803 0.0489209 0
    outer loop
      vertex -34 -18.33 16.04
      vertex -34.006 -18.4525 4
      vertex -34.006 -18.4525 16.04
    endloop
  endfacet
  facet normal 0.740898 0.671617 0
    outer loop
      vertex -36.1339 -19.2139 16.04
      vertex -36.2163 -19.123 4
      vertex -36.2163 -19.123 16.04
    endloop
  endfacet
  facet normal 0.740898 0.671617 0
    outer loop
      vertex -36.2163 -19.123 4
      vertex -36.1339 -19.2139 16.04
      vertex -36.1339 -19.2139 4
    endloop
  endfacet
  facet normal -0.85778 0.514016 0
    outer loop
      vertex -34.2107 -19.0245 4
      vertex -34.1476 -18.9192 16.04
      vertex -34.1476 -18.9192 4
    endloop
  endfacet
  facet normal -0.85778 0.514016 0
    outer loop
      vertex -34.1476 -18.9192 16.04
      vertex -34.2107 -19.0245 4
      vertex -34.2107 -19.0245 16.04
    endloop
  endfacet
  facet normal 0.514016 0.85778 -0
    outer loop
      vertex -35.8392 -19.4324 4
      vertex -35.9445 -19.3693 16.04
      vertex -35.8392 -19.4324 16.04
    endloop
  endfacet
  facet normal 0.514016 0.85778 0
    outer loop
      vertex -35.9445 -19.3693 16.04
      vertex -35.8392 -19.4324 4
      vertex -35.9445 -19.3693 4
    endloop
  endfacet
  facet normal 0.998803 0.0489209 0
    outer loop
      vertex -36.494 -18.4525 16.04
      vertex -36.5 -18.33 4
      vertex -36.5 -18.33 16.04
    endloop
  endfacet
  facet normal 0.998803 0.0489209 0
    outer loop
      vertex -36.5 -18.33 4
      vertex -36.494 -18.4525 16.04
      vertex -36.494 -18.4525 4
    endloop
  endfacet
  facet normal -0.0489209 0.998803 0
    outer loop
      vertex -35.1275 -19.574 4
      vertex -35.25 -19.58 16.04
      vertex -35.1275 -19.574 16.04
    endloop
  endfacet
  facet normal -0.0489209 0.998803 0
    outer loop
      vertex -35.25 -19.58 16.04
      vertex -35.1275 -19.574 4
      vertex -35.25 -19.58 4
    endloop
  endfacet
  facet normal 0.146667 0.989186 -0
    outer loop
      vertex -35.3725 -19.574 4
      vertex -35.4939 -19.556 16.04
      vertex -35.3725 -19.574 16.04
    endloop
  endfacet
  facet normal 0.146667 0.989186 0
    outer loop
      vertex -35.4939 -19.556 16.04
      vertex -35.3725 -19.574 4
      vertex -35.4939 -19.556 4
    endloop
  endfacet
  facet normal 0.595423 0.803413 -0
    outer loop
      vertex -35.9445 -19.3693 4
      vertex -36.043 -19.2963 16.04
      vertex -35.9445 -19.3693 16.04
    endloop
  endfacet
  facet normal 0.595423 0.803413 0
    outer loop
      vertex -36.043 -19.2963 16.04
      vertex -35.9445 -19.3693 4
      vertex -36.043 -19.2963 4
    endloop
  endfacet
  facet normal -0.970047 0.242919 0
    outer loop
      vertex -34.0538 -18.6929 4
      vertex -34.024 -18.5739 16.04
      vertex -34.024 -18.5739 4
    endloop
  endfacet
  facet normal -0.970047 0.242919 0
    outer loop
      vertex -34.024 -18.5739 16.04
      vertex -34.0538 -18.6929 4
      vertex -34.0538 -18.6929 16.04
    endloop
  endfacet
  facet normal 0.242919 0.970047 -0
    outer loop
      vertex -35.4939 -19.556 4
      vertex -35.6129 -19.5262 16.04
      vertex -35.4939 -19.556 16.04
    endloop
  endfacet
  facet normal 0.242919 0.970047 0
    outer loop
      vertex -35.6129 -19.5262 16.04
      vertex -35.4939 -19.556 4
      vertex -35.6129 -19.5262 4
    endloop
  endfacet
  facet normal -0.336698 -0.941613 0
    outer loop
      vertex -34.8871 -17.1338 4
      vertex -34.7716 -17.1751 16.04
      vertex -34.8871 -17.1338 16.04
    endloop
  endfacet
  facet normal -0.336698 -0.941613 -0
    outer loop
      vertex -34.7716 -17.1751 16.04
      vertex -34.8871 -17.1338 4
      vertex -34.7716 -17.1751 4
    endloop
  endfacet
  facet normal -0.146667 0.989186 0
    outer loop
      vertex -35.0061 -19.556 4
      vertex -35.1275 -19.574 16.04
      vertex -35.0061 -19.556 16.04
    endloop
  endfacet
  facet normal -0.146667 0.989186 0
    outer loop
      vertex -35.1275 -19.574 16.04
      vertex -35.0061 -19.556 4
      vertex -35.1275 -19.574 4
    endloop
  endfacet
  facet normal -0.740898 0.671617 0
    outer loop
      vertex -34.3661 -19.2139 4
      vertex -34.2837 -19.123 16.04
      vertex -34.2837 -19.123 4
    endloop
  endfacet
  facet normal -0.740898 0.671617 0
    outer loop
      vertex -34.2837 -19.123 16.04
      vertex -34.3661 -19.2139 4
      vertex -34.3661 -19.2139 16.04
    endloop
  endfacet
  facet normal -0.803413 0.595423 0
    outer loop
      vertex -34.2837 -19.123 4
      vertex -34.2107 -19.0245 16.04
      vertex -34.2107 -19.0245 4
    endloop
  endfacet
  facet normal -0.803413 0.595423 0
    outer loop
      vertex -34.2107 -19.0245 16.04
      vertex -34.2837 -19.123 4
      vertex -34.2837 -19.123 16.04
    endloop
  endfacet
  facet normal -0.903688 0.428192 0
    outer loop
      vertex -34.1476 -18.9192 4
      vertex -34.0951 -18.8084 16.04
      vertex -34.0951 -18.8084 4
    endloop
  endfacet
  facet normal -0.903688 0.428192 0
    outer loop
      vertex -34.0951 -18.8084 16.04
      vertex -34.1476 -18.9192 4
      vertex -34.1476 -18.9192 16.04
    endloop
  endfacet
  facet normal -0.428192 -0.903688 0
    outer loop
      vertex -34.7716 -17.1751 4
      vertex -34.6608 -17.2276 16.04
      vertex -34.7716 -17.1751 16.04
    endloop
  endfacet
  facet normal -0.428192 -0.903688 -0
    outer loop
      vertex -34.6608 -17.2276 16.04
      vertex -34.7716 -17.1751 4
      vertex -34.6608 -17.2276 4
    endloop
  endfacet
  facet normal 0.514016 -0.85778 0
    outer loop
      vertex -35.9445 -17.2907 4
      vertex -35.8392 -17.2276 16.04
      vertex -35.9445 -17.2907 16.04
    endloop
  endfacet
  facet normal 0.514016 -0.85778 0
    outer loop
      vertex -35.8392 -17.2276 16.04
      vertex -35.9445 -17.2907 4
      vertex -35.8392 -17.2276 4
    endloop
  endfacet
  facet normal -0.989186 0.146667 0
    outer loop
      vertex -34.024 -18.5739 4
      vertex -34.006 -18.4525 16.04
      vertex -34.006 -18.4525 4
    endloop
  endfacet
  facet normal -0.989186 0.146667 0
    outer loop
      vertex -34.006 -18.4525 16.04
      vertex -34.024 -18.5739 4
      vertex -34.024 -18.5739 16.04
    endloop
  endfacet
  facet normal -0.85778 -0.514016 0
    outer loop
      vertex -34.1476 -17.7408 4
      vertex -34.2107 -17.6355 16.04
      vertex -34.2107 -17.6355 4
    endloop
  endfacet
  facet normal -0.85778 -0.514016 0
    outer loop
      vertex -34.2107 -17.6355 16.04
      vertex -34.1476 -17.7408 4
      vertex -34.1476 -17.7408 16.04
    endloop
  endfacet
  facet normal 0.0489209 -0.998803 0
    outer loop
      vertex -35.3725 -17.086 4
      vertex -35.25 -17.08 16.04
      vertex -35.3725 -17.086 16.04
    endloop
  endfacet
  facet normal 0.0489209 -0.998803 0
    outer loop
      vertex -35.25 -17.08 16.04
      vertex -35.3725 -17.086 4
      vertex -35.25 -17.08 4
    endloop
  endfacet
  facet normal 0.941613 -0.336698 0
    outer loop
      vertex -36.4462 -17.9671 16.04
      vertex -36.4049 -17.8516 4
      vertex -36.4049 -17.8516 16.04
    endloop
  endfacet
  facet normal 0.941613 -0.336698 0
    outer loop
      vertex -36.4049 -17.8516 4
      vertex -36.4462 -17.9671 16.04
      vertex -36.4462 -17.9671 4
    endloop
  endfacet
  facet normal -0.0489209 -0.998803 0
    outer loop
      vertex -35.25 -17.08 4
      vertex -35.1275 -17.086 16.04
      vertex -35.25 -17.08 16.04
    endloop
  endfacet
  facet normal -0.0489209 -0.998803 -0
    outer loop
      vertex -35.1275 -17.086 16.04
      vertex -35.25 -17.08 4
      vertex -35.1275 -17.086 4
    endloop
  endfacet
  facet normal 0.671617 -0.740898 0
    outer loop
      vertex -36.1339 -17.4461 4
      vertex -36.043 -17.3637 16.04
      vertex -36.1339 -17.4461 16.04
    endloop
  endfacet
  facet normal 0.671617 -0.740898 0
    outer loop
      vertex -36.043 -17.3637 16.04
      vertex -36.1339 -17.4461 4
      vertex -36.043 -17.3637 4
    endloop
  endfacet
  facet normal 0.941613 0.336698 0
    outer loop
      vertex -36.4049 -18.8084 16.04
      vertex -36.4462 -18.6929 4
      vertex -36.4462 -18.6929 16.04
    endloop
  endfacet
  facet normal 0.941613 0.336698 0
    outer loop
      vertex -36.4462 -18.6929 4
      vertex -36.4049 -18.8084 16.04
      vertex -36.4049 -18.8084 4
    endloop
  endfacet
  facet normal 0.33742 0.941354 -0
    outer loop
      vertex -35.6129 -19.5262 4
      vertex -35.7284 -19.4848 16.04
      vertex -35.6129 -19.5262 16.04
    endloop
  endfacet
  facet normal 0.33742 0.941354 0
    outer loop
      vertex -35.7284 -19.4848 16.04
      vertex -35.6129 -19.5262 4
      vertex -35.7284 -19.4848 4
    endloop
  endfacet
  facet normal 0.970047 -0.242919 0
    outer loop
      vertex -36.476 -18.0861 16.04
      vertex -36.4462 -17.9671 4
      vertex -36.4462 -17.9671 16.04
    endloop
  endfacet
  facet normal 0.970047 -0.242919 0
    outer loop
      vertex -36.4462 -17.9671 4
      vertex -36.476 -18.0861 16.04
      vertex -36.476 -18.0861 4
    endloop
  endfacet
  facet normal 0.85778 0.514016 0
    outer loop
      vertex -36.2893 -19.0245 16.04
      vertex -36.3524 -18.9192 4
      vertex -36.3524 -18.9192 16.04
    endloop
  endfacet
  facet normal 0.85778 0.514016 0
    outer loop
      vertex -36.3524 -18.9192 4
      vertex -36.2893 -19.0245 16.04
      vertex -36.2893 -19.0245 4
    endloop
  endfacet
  facet normal -0.242919 0.970047 0
    outer loop
      vertex -34.8871 -19.5262 4
      vertex -35.0061 -19.556 16.04
      vertex -34.8871 -19.5262 16.04
    endloop
  endfacet
  facet normal -0.242919 0.970047 0
    outer loop
      vertex -35.0061 -19.556 16.04
      vertex -34.8871 -19.5262 4
      vertex -35.0061 -19.556 4
    endloop
  endfacet
  facet normal 0.242919 -0.970047 0
    outer loop
      vertex -35.6129 -17.1338 4
      vertex -35.4939 -17.104 16.04
      vertex -35.6129 -17.1338 16.04
    endloop
  endfacet
  facet normal 0.242919 -0.970047 0
    outer loop
      vertex -35.4939 -17.104 16.04
      vertex -35.6129 -17.1338 4
      vertex -35.4939 -17.104 4
    endloop
  endfacet
  facet normal -0.740898 -0.671617 0
    outer loop
      vertex -34.2837 -17.537 4
      vertex -34.3661 -17.4461 16.04
      vertex -34.3661 -17.4461 4
    endloop
  endfacet
  facet normal -0.740898 -0.671617 0
    outer loop
      vertex -34.3661 -17.4461 16.04
      vertex -34.2837 -17.537 4
      vertex -34.2837 -17.537 16.04
    endloop
  endfacet
  facet normal -0.595423 0.803413 0
    outer loop
      vertex -34.457 -19.2963 4
      vertex -34.5555 -19.3693 16.04
      vertex -34.457 -19.2963 16.04
    endloop
  endfacet
  facet normal -0.595423 0.803413 0
    outer loop
      vertex -34.5555 -19.3693 16.04
      vertex -34.457 -19.2963 4
      vertex -34.5555 -19.3693 4
    endloop
  endfacet
  facet normal 0.740898 -0.671617 0
    outer loop
      vertex -36.2163 -17.537 16.04
      vertex -36.1339 -17.4461 4
      vertex -36.1339 -17.4461 16.04
    endloop
  endfacet
  facet normal 0.740898 -0.671617 0
    outer loop
      vertex -36.1339 -17.4461 4
      vertex -36.2163 -17.537 16.04
      vertex -36.2163 -17.537 4
    endloop
  endfacet
  facet normal 0.903688 -0.428192 0
    outer loop
      vertex -36.4049 -17.8516 16.04
      vertex -36.3524 -17.7408 4
      vertex -36.3524 -17.7408 16.04
    endloop
  endfacet
  facet normal 0.903688 -0.428192 0
    outer loop
      vertex -36.3524 -17.7408 4
      vertex -36.4049 -17.8516 16.04
      vertex -36.4049 -17.8516 4
    endloop
  endfacet
  facet normal 0.803413 0.595423 0
    outer loop
      vertex -36.2163 -19.123 16.04
      vertex -36.2893 -19.0245 4
      vertex -36.2893 -19.0245 16.04
    endloop
  endfacet
  facet normal 0.803413 0.595423 0
    outer loop
      vertex -36.2893 -19.0245 4
      vertex -36.2163 -19.123 16.04
      vertex -36.2163 -19.123 4
    endloop
  endfacet
  facet normal 0.989186 0.146667 0
    outer loop
      vertex -36.476 -18.5739 16.04
      vertex -36.494 -18.4525 4
      vertex -36.494 -18.4525 16.04
    endloop
  endfacet
  facet normal 0.989186 0.146667 0
    outer loop
      vertex -36.494 -18.4525 4
      vertex -36.476 -18.5739 16.04
      vertex -36.476 -18.5739 4
    endloop
  endfacet
  facet normal -0.671617 -0.740898 0
    outer loop
      vertex -34.457 -17.3637 4
      vertex -34.3661 -17.4461 16.04
      vertex -34.457 -17.3637 16.04
    endloop
  endfacet
  facet normal -0.671617 -0.740898 -0
    outer loop
      vertex -34.3661 -17.4461 16.04
      vertex -34.457 -17.3637 4
      vertex -34.3661 -17.4461 4
    endloop
  endfacet
  facet normal 0.989186 -0.146667 0
    outer loop
      vertex -36.494 -18.2075 16.04
      vertex -36.476 -18.0861 4
      vertex -36.476 -18.0861 16.04
    endloop
  endfacet
  facet normal 0.989186 -0.146667 0
    outer loop
      vertex -36.476 -18.0861 4
      vertex -36.494 -18.2075 16.04
      vertex -36.494 -18.2075 4
    endloop
  endfacet
  facet normal 0.0489209 0.998803 -0
    outer loop
      vertex -35.25 -19.58 4
      vertex -35.3725 -19.574 16.04
      vertex -35.25 -19.58 16.04
    endloop
  endfacet
  facet normal 0.0489209 0.998803 0
    outer loop
      vertex -35.3725 -19.574 16.04
      vertex -35.25 -19.58 4
      vertex -35.3725 -19.574 4
    endloop
  endfacet
  facet normal 0.998803 -0.0489209 0
    outer loop
      vertex -36.5 -18.33 16.04
      vertex -36.494 -18.2075 4
      vertex -36.494 -18.2075 16.04
    endloop
  endfacet
  facet normal 0.998803 -0.0489209 0
    outer loop
      vertex -36.494 -18.2075 4
      vertex -36.5 -18.33 16.04
      vertex -36.5 -18.33 4
    endloop
  endfacet
  facet normal -0.671617 0.740898 0
    outer loop
      vertex -34.3661 -19.2139 4
      vertex -34.457 -19.2963 16.04
      vertex -34.3661 -19.2139 16.04
    endloop
  endfacet
  facet normal -0.671617 0.740898 0
    outer loop
      vertex -34.457 -19.2963 16.04
      vertex -34.3661 -19.2139 4
      vertex -34.457 -19.2963 4
    endloop
  endfacet
  facet normal 0 0 1
    outer loop
      vertex -34.006 -18.2075 4
      vertex -34.006 -18.4525 4
      vertex -34 -18.33 4
    endloop
  endfacet
  facet normal 0 0 1
    outer loop
      vertex -34.024 -18.0861 4
      vertex -34.006 -18.4525 4
      vertex -34.006 -18.2075 4
    endloop
  endfacet
  facet normal 0 0 1
    outer loop
      vertex -34.024 -18.0861 4
      vertex -34.024 -18.5739 4
      vertex -34.006 -18.4525 4
    endloop
  endfacet
  facet normal 0 0 1
    outer loop
      vertex -34.0538 -17.9671 4
      vertex -34.024 -18.5739 4
      vertex -34.024 -18.0861 4
    endloop
  endfacet
  facet normal 0 0 1
    outer loop
      vertex -34.0538 -17.9671 4
      vertex -34.0538 -18.6929 4
      vertex -34.024 -18.5739 4
    endloop
  endfacet
  facet normal 0 0 1
    outer loop
      vertex -34.0951 -17.8516 4
      vertex -34.0538 -18.6929 4
      vertex -34.0538 -17.9671 4
    endloop
  endfacet
  facet normal 0 0 1
    outer loop
      vertex -34.0951 -17.8516 4
      vertex -34.0951 -18.8084 4
      vertex -34.0538 -18.6929 4
    endloop
  endfacet
  facet normal 0 0 1
    outer loop
      vertex -34.1476 -17.7408 4
      vertex -34.0951 -18.8084 4
      vertex -34.0951 -17.8516 4
    endloop
  endfacet
  facet normal 0 0 1
    outer loop
      vertex -34.1476 -17.7408 4
      vertex -34.1476 -18.9192 4
      vertex -34.0951 -18.8084 4
    endloop
  endfacet
  facet normal 0 0 1
    outer loop
      vertex -34.2107 -17.6355 4
      vertex -34.1476 -18.9192 4
      vertex -34.1476 -17.7408 4
    endloop
  endfacet
  facet normal 0 0 1
    outer loop
      vertex -34.2107 -17.6355 4
      vertex -34.2107 -19.0245 4
      vertex -34.1476 -18.9192 4
    endloop
  endfacet
  facet normal 0 0 1
    outer loop
      vertex -34.2837 -17.537 4
      vertex -34.2107 -19.0245 4
      vertex -34.2107 -17.6355 4
    endloop
  endfacet
  facet normal 0 0 1
    outer loop
      vertex -34.2837 -17.537 4
      vertex -34.2837 -19.123 4
      vertex -34.2107 -19.0245 4
    endloop
  endfacet
  facet normal 0 0 1
    outer loop
      vertex -34.3661 -17.4461 4
      vertex -34.2837 -19.123 4
      vertex -34.2837 -17.537 4
    endloop
  endfacet
  facet normal 0 0 1
    outer loop
      vertex -34.3661 -17.4461 4
      vertex -34.3661 -19.2139 4
      vertex -34.2837 -19.123 4
    endloop
  endfacet
  facet normal 0 0 1
    outer loop
      vertex -34.457 -17.3637 4
      vertex -34.3661 -19.2139 4
      vertex -34.3661 -17.4461 4
    endloop
  endfacet
  facet normal 0 0 1
    outer loop
      vertex -34.457 -17.3637 4
      vertex -34.457 -19.2963 4
      vertex -34.3661 -19.2139 4
    endloop
  endfacet
  facet normal 0 0 1
    outer loop
      vertex -34.5555 -17.2907 4
      vertex -34.457 -19.2963 4
      vertex -34.457 -17.3637 4
    endloop
  endfacet
  facet normal 0 0 1
    outer loop
      vertex -34.5555 -17.2907 4
      vertex -34.5555 -19.3693 4
      vertex -34.457 -19.2963 4
    endloop
  endfacet
  facet normal 0 0 1
    outer loop
      vertex -34.6608 -17.2276 4
      vertex -34.5555 -19.3693 4
      vertex -34.5555 -17.2907 4
    endloop
  endfacet
  facet normal 0 0 1
    outer loop
      vertex -34.6608 -17.2276 4
      vertex -34.6608 -19.4324 4
      vertex -34.5555 -19.3693 4
    endloop
  endfacet
  facet normal 0 0 1
    outer loop
      vertex -34.7716 -17.1751 4
      vertex -34.6608 -19.4324 4
      vertex -34.6608 -17.2276 4
    endloop
  endfacet
  facet normal 0 0 1
    outer loop
      vertex -34.7716 -17.1751 4
      vertex -34.7716 -19.4848 4
      vertex -34.6608 -19.4324 4
    endloop
  endfacet
  facet normal 0 0 1
    outer loop
      vertex -34.8871 -17.1338 4
      vertex -34.7716 -19.4848 4
      vertex -34.7716 -17.1751 4
    endloop
  endfacet
  facet normal 0 0 1
    outer loop
      vertex -34.8871 -17.1338 4
      vertex -34.8871 -19.5262 4
      vertex -34.7716 -19.4848 4
    endloop
  endfacet
  facet normal 0 0 1
    outer loop
      vertex -35.0061 -17.104 4
      vertex -34.8871 -19.5262 4
      vertex -34.8871 -17.1338 4
    endloop
  endfacet
  facet normal 0 0 1
    outer loop
      vertex -35.0061 -17.104 4
      vertex -35.0061 -19.556 4
      vertex -34.8871 -19.5262 4
    endloop
  endfacet
  facet normal 0 0 1
    outer loop
      vertex -35.1275 -17.086 4
      vertex -35.0061 -19.556 4
      vertex -35.0061 -17.104 4
    endloop
  endfacet
  facet normal 0 0 1
    outer loop
      vertex -35.1275 -17.086 4
      vertex -35.1275 -19.574 4
      vertex -35.0061 -19.556 4
    endloop
  endfacet
  facet normal 0 0 1
    outer loop
      vertex -35.25 -17.08 4
      vertex -35.1275 -19.574 4
      vertex -35.1275 -17.086 4
    endloop
  endfacet
  facet normal 0 0 1
    outer loop
      vertex -35.25 -17.08 4
      vertex -35.25 -19.58 4
      vertex -35.1275 -19.574 4
    endloop
  endfacet
  facet normal -0 0 1
    outer loop
      vertex -35.3725 -17.086 4
      vertex -35.25 -19.58 4
      vertex -35.25 -17.08 4
    endloop
  endfacet
  facet normal 0 0 1
    outer loop
      vertex -35.3725 -17.086 4
      vertex -35.3725 -19.574 4
      vertex -35.25 -19.58 4
    endloop
  endfacet
  facet normal -0 0 1
    outer loop
      vertex -35.4939 -17.104 4
      vertex -35.3725 -19.574 4
      vertex -35.3725 -17.086 4
    endloop
  endfacet
  facet normal 0 0 1
    outer loop
      vertex -35.4939 -17.104 4
      vertex -35.4939 -19.556 4
      vertex -35.3725 -19.574 4
    endloop
  endfacet
  facet normal -0 0 1
    outer loop
      vertex -35.6129 -17.1338 4
      vertex -35.4939 -19.556 4
      vertex -35.4939 -17.104 4
    endloop
  endfacet
  facet normal 0 0 1
    outer loop
      vertex -35.6129 -17.1338 4
      vertex -35.6129 -19.5262 4
      vertex -35.4939 -19.556 4
    endloop
  endfacet
  facet normal -0 0 1
    outer loop
      vertex -35.7284 -17.1751 4
      vertex -35.6129 -19.5262 4
      vertex -35.6129 -17.1338 4
    endloop
  endfacet
  facet normal 0 0 1
    outer loop
      vertex -35.7284 -17.1751 4
      vertex -35.7284 -19.4848 4
      vertex -35.6129 -19.5262 4
    endloop
  endfacet
  facet normal -0 0 1
    outer loop
      vertex -35.8392 -17.2276 4
      vertex -35.7284 -19.4848 4
      vertex -35.7284 -17.1751 4
    endloop
  endfacet
  facet normal 0 0 1
    outer loop
      vertex -35.8392 -17.2276 4
      vertex -35.8392 -19.4324 4
      vertex -35.7284 -19.4848 4
    endloop
  endfacet
  facet normal -0 0 1
    outer loop
      vertex -35.9445 -17.2907 4
      vertex -35.8392 -19.4324 4
      vertex -35.8392 -17.2276 4
    endloop
  endfacet
  facet normal 0 0 1
    outer loop
      vertex -35.9445 -17.2907 4
      vertex -35.9445 -19.3693 4
      vertex -35.8392 -19.4324 4
    endloop
  endfacet
  facet normal -0 0 1
    outer loop
      vertex -36.043 -17.3637 4
      vertex -35.9445 -19.3693 4
      vertex -35.9445 -17.2907 4
    endloop
  endfacet
  facet normal 0 0 1
    outer loop
      vertex -36.043 -17.3637 4
      vertex -36.043 -19.2963 4
      vertex -35.9445 -19.3693 4
    endloop
  endfacet
  facet normal -0 0 1
    outer loop
      vertex -36.1339 -17.4461 4
      vertex -36.043 -19.2963 4
      vertex -36.043 -17.3637 4
    endloop
  endfacet
  facet normal 0 0 1
    outer loop
      vertex -36.1339 -17.4461 4
      vertex -36.1339 -19.2139 4
      vertex -36.043 -19.2963 4
    endloop
  endfacet
  facet normal -0 0 1
    outer loop
      vertex -36.2163 -17.537 4
      vertex -36.1339 -19.2139 4
      vertex -36.1339 -17.4461 4
    endloop
  endfacet
  facet normal 0 0 1
    outer loop
      vertex -36.2163 -17.537 4
      vertex -36.2163 -19.123 4
      vertex -36.1339 -19.2139 4
    endloop
  endfacet
  facet normal -0 0 1
    outer loop
      vertex -36.2893 -17.6355 4
      vertex -36.2163 -19.123 4
      vertex -36.2163 -17.537 4
    endloop
  endfacet
  facet normal 0 0 1
    outer loop
      vertex -36.2893 -17.6355 4
      vertex -36.2893 -19.0245 4
      vertex -36.2163 -19.123 4
    endloop
  endfacet
  facet normal -0 0 1
    outer loop
      vertex -36.3524 -17.7408 4
      vertex -36.2893 -19.0245 4
      vertex -36.2893 -17.6355 4
    endloop
  endfacet
  facet normal 0 0 1
    outer loop
      vertex -36.3524 -17.7408 4
      vertex -36.3524 -18.9192 4
      vertex -36.2893 -19.0245 4
    endloop
  endfacet
  facet normal -0 0 1
    outer loop
      vertex -36.4049 -17.8516 4
      vertex -36.3524 -18.9192 4
      vertex -36.3524 -17.7408 4
    endloop
  endfacet
  facet normal 0 0 1
    outer loop
      vertex -36.4049 -17.8516 4
      vertex -36.4049 -18.8084 4
      vertex -36.3524 -18.9192 4
    endloop
  endfacet
  facet normal -0 0 1
    outer loop
      vertex -36.4462 -17.9671 4
      vertex -36.4049 -18.8084 4
      vertex -36.4049 -17.8516 4
    endloop
  endfacet
  facet normal 0 0 1
    outer loop
      vertex -36.4462 -17.9671 4
      vertex -36.4462 -18.6929 4
      vertex -36.4049 -18.8084 4
    endloop
  endfacet
  facet normal -0 0 1
    outer loop
      vertex -36.476 -18.0861 4
      vertex -36.4462 -18.6929 4
      vertex -36.4462 -17.9671 4
    endloop
  endfacet
  facet normal 0 0 1
    outer loop
      vertex -36.476 -18.0861 4
      vertex -36.476 -18.5739 4
      vertex -36.4462 -18.6929 4
    endloop
  endfacet
  facet normal -0 0 1
    outer loop
      vertex -36.494 -18.2075 4
      vertex -36.476 -18.5739 4
      vertex -36.476 -18.0861 4
    endloop
  endfacet
  facet normal 0 0 1
    outer loop
      vertex -36.494 -18.2075 4
      vertex -36.494 -18.4525 4
      vertex -36.476 -18.5739 4
    endloop
  endfacet
  facet normal 0 -0 1
    outer loop
      vertex -36.494 -18.4525 4
      vertex -36.494 -18.2075 4
      vertex -36.5 -18.33 4
    endloop
  endfacet
  facet normal -0.989166 -0.1468 0
    outer loop
      vertex -42.8106 -22.7844 0
      vertex -42.8423 -22.5708 4
      vertex -42.8423 -22.5708 0
    endloop
  endfacet
  facet normal -0.989166 -0.1468 0
    outer loop
      vertex -42.8423 -22.5708 4
      vertex -42.8106 -22.7844 0
      vertex -42.8106 -22.7844 4
    endloop
  endfacet
  facet normal -0.998794 -0.0491058 0
    outer loop
      vertex -42.8 -23 0
      vertex -42.8106 -22.7844 4
      vertex -42.8106 -22.7844 0
    endloop
  endfacet
  facet normal -0.998794 -0.0491058 0
    outer loop
      vertex -42.8106 -22.7844 4
      vertex -42.8 -23 0
      vertex -42.8 -23 4
    endloop
  endfacet
  facet normal -0.970088 -0.242754 0
    outer loop
      vertex -42.8423 -22.5708 0
      vertex -42.8947 -22.3614 4
      vertex -42.8947 -22.3614 0
    endloop
  endfacet
  facet normal -0.970088 -0.242754 0
    outer loop
      vertex -42.8947 -22.3614 4
      vertex -42.8423 -22.5708 0
      vertex -42.8423 -22.5708 4
    endloop
  endfacet
  facet normal -0.740778 -0.67175 0
    outer loop
      vertex -43.2994 -21.6043 0
      vertex -43.4444 -21.4444 4
      vertex -43.4444 -21.4444 0
    endloop
  endfacet
  facet normal -0.740778 -0.67175 0
    outer loop
      vertex -43.4444 -21.4444 4
      vertex -43.2994 -21.6043 0
      vertex -43.2994 -21.6043 4
    endloop
  endfacet
  facet normal 0.857738 -0.514087 0
    outer loop
      vertex -46.9402 -21.9629 4
      vertex -46.8292 -21.7777 0
      vertex -46.8292 -21.7777 4
    endloop
  endfacet
  facet normal 0.857738 -0.514087 0
    outer loop
      vertex -46.8292 -21.7777 0
      vertex -46.9402 -21.9629 4
      vertex -46.9402 -21.9629 0
    endloop
  endfacet
  facet normal 0.427469 -0.90403 0
    outer loop
      vertex -46.0371 -21.0598 0
      vertex -45.8419 -20.9675 4
      vertex -46.0371 -21.0598 4
    endloop
  endfacet
  facet normal 0.427469 -0.90403 0
    outer loop
      vertex -45.8419 -20.9675 4
      vertex -46.0371 -21.0598 0
      vertex -45.8419 -20.9675 0
    endloop
  endfacet
  facet normal -0.1468 0.989166 0
    outer loop
      vertex -44.5708 -25.1577 0
      vertex -44.7844 -25.1894 4
      vertex -44.5708 -25.1577 4
    endloop
  endfacet
  facet normal -0.1468 0.989166 0
    outer loop
      vertex -44.7844 -25.1894 4
      vertex -44.5708 -25.1577 0
      vertex -44.7844 -25.1894 0
    endloop
  endfacet
  facet normal -0.337128 -0.941459 0
    outer loop
      vertex -44.3614 -20.8947 0
      vertex -44.1581 -20.9675 4
      vertex -44.3614 -20.8947 4
    endloop
  endfacet
  facet normal -0.337128 -0.941459 -0
    outer loop
      vertex -44.1581 -20.9675 4
      vertex -44.3614 -20.8947 0
      vertex -44.1581 -20.9675 0
    endloop
  endfacet
  facet normal -0.514087 -0.857738 0
    outer loop
      vertex -43.9629 -21.0598 0
      vertex -43.7777 -21.1708 4
      vertex -43.9629 -21.0598 4
    endloop
  endfacet
  facet normal -0.514087 -0.857738 -0
    outer loop
      vertex -43.7777 -21.1708 4
      vertex -43.9629 -21.0598 0
      vertex -43.7777 -21.1708 0
    endloop
  endfacet
  facet normal -0.998794 0.0491058 0
    outer loop
      vertex -42.8106 -23.2156 0
      vertex -42.8 -23 4
      vertex -42.8 -23 0
    endloop
  endfacet
  facet normal -0.998794 0.0491058 0
    outer loop
      vertex -42.8 -23 4
      vertex -42.8106 -23.2156 0
      vertex -42.8106 -23.2156 4
    endloop
  endfacet
  facet normal -0.803212 0.595693 0
    outer loop
      vertex -43.2994 -24.3957 0
      vertex -43.1708 -24.2223 4
      vertex -43.1708 -24.2223 0
    endloop
  endfacet
  facet normal -0.803212 0.595693 0
    outer loop
      vertex -43.1708 -24.2223 4
      vertex -43.2994 -24.3957 0
      vertex -43.2994 -24.3957 4
    endloop
  endfacet
  facet normal -0.0491058 -0.998794 0
    outer loop
      vertex -45 -20.8 0
      vertex -44.7844 -20.8106 4
      vertex -45 -20.8 4
    endloop
  endfacet
  facet normal -0.0491058 -0.998794 -0
    outer loop
      vertex -44.7844 -20.8106 4
      vertex -45 -20.8 0
      vertex -44.7844 -20.8106 0
    endloop
  endfacet
  facet normal 0.740778 0.67175 0
    outer loop
      vertex -46.5556 -24.5556 4
      vertex -46.7006 -24.3957 0
      vertex -46.7006 -24.3957 4
    endloop
  endfacet
  facet normal 0.740778 0.67175 0
    outer loop
      vertex -46.7006 -24.3957 0
      vertex -46.5556 -24.5556 4
      vertex -46.5556 -24.5556 0
    endloop
  endfacet
  facet normal 0.514087 -0.857738 0
    outer loop
      vertex -46.2223 -21.1708 0
      vertex -46.0371 -21.0598 4
      vertex -46.2223 -21.1708 4
    endloop
  endfacet
  facet normal 0.514087 -0.857738 0
    outer loop
      vertex -46.0371 -21.0598 4
      vertex -46.2223 -21.1708 0
      vertex -46.0371 -21.0598 0
    endloop
  endfacet
  facet normal 0.427469 0.90403 -0
    outer loop
      vertex -45.8419 -25.0325 0
      vertex -46.0371 -24.9402 4
      vertex -45.8419 -25.0325 4
    endloop
  endfacet
  facet normal 0.427469 0.90403 0
    outer loop
      vertex -46.0371 -24.9402 4
      vertex -45.8419 -25.0325 0
      vertex -46.0371 -24.9402 0
    endloop
  endfacet
  facet normal -0.242754 0.970088 0
    outer loop
      vertex -44.3614 -25.1053 0
      vertex -44.5708 -25.1577 4
      vertex -44.3614 -25.1053 4
    endloop
  endfacet
  facet normal -0.242754 0.970088 0
    outer loop
      vertex -44.5708 -25.1577 4
      vertex -44.3614 -25.1053 0
      vertex -44.5708 -25.1577 0
    endloop
  endfacet
  facet normal -0.514087 0.857738 0
    outer loop
      vertex -43.7777 -24.8292 0
      vertex -43.9629 -24.9402 4
      vertex -43.7777 -24.8292 4
    endloop
  endfacet
  facet normal -0.514087 0.857738 0
    outer loop
      vertex -43.9629 -24.9402 4
      vertex -43.7777 -24.8292 0
      vertex -43.9629 -24.9402 0
    endloop
  endfacet
  facet normal -0.941459 0.337128 0
    outer loop
      vertex -42.9675 -23.8419 0
      vertex -42.8947 -23.6386 4
      vertex -42.8947 -23.6386 0
    endloop
  endfacet
  facet normal -0.941459 0.337128 0
    outer loop
      vertex -42.8947 -23.6386 4
      vertex -42.9675 -23.8419 0
      vertex -42.9675 -23.8419 4
    endloop
  endfacet
  facet normal 0.740778 -0.67175 0
    outer loop
      vertex -46.7006 -21.6043 4
      vertex -46.5556 -21.4444 0
      vertex -46.5556 -21.4444 4
    endloop
  endfacet
  facet normal 0.740778 -0.67175 0
    outer loop
      vertex -46.5556 -21.4444 0
      vertex -46.7006 -21.6043 4
      vertex -46.7006 -21.6043 0
    endloop
  endfacet
  facet normal 0.0491058 -0.998794 0
    outer loop
      vertex -45.2156 -20.8106 0
      vertex -45 -20.8 4
      vertex -45.2156 -20.8106 4
    endloop
  endfacet
  facet normal 0.0491058 -0.998794 0
    outer loop
      vertex -45 -20.8 4
      vertex -45.2156 -20.8106 0
      vertex -45 -20.8 0
    endloop
  endfacet
  facet normal 0.67175 -0.740778 0
    outer loop
      vertex -46.5556 -21.4444 0
      vertex -46.3957 -21.2994 4
      vertex -46.5556 -21.4444 4
    endloop
  endfacet
  facet normal 0.67175 -0.740778 0
    outer loop
      vertex -46.3957 -21.2994 4
      vertex -46.5556 -21.4444 0
      vertex -46.3957 -21.2994 0
    endloop
  endfacet
  facet normal 0.1468 -0.989166 0
    outer loop
      vertex -45.4292 -20.8423 0
      vertex -45.2156 -20.8106 4
      vertex -45.4292 -20.8423 4
    endloop
  endfacet
  facet normal 0.1468 -0.989166 0
    outer loop
      vertex -45.2156 -20.8106 4
      vertex -45.4292 -20.8423 0
      vertex -45.2156 -20.8106 0
    endloop
  endfacet
  facet normal -0.857738 0.514087 0
    outer loop
      vertex -43.1708 -24.2223 0
      vertex -43.0598 -24.0371 4
      vertex -43.0598 -24.0371 0
    endloop
  endfacet
  facet normal -0.857738 0.514087 0
    outer loop
      vertex -43.0598 -24.0371 4
      vertex -43.1708 -24.2223 0
      vertex -43.1708 -24.2223 4
    endloop
  endfacet
  facet normal -0.427469 0.90403 0
    outer loop
      vertex -43.9629 -24.9402 0
      vertex -44.1581 -25.0325 4
      vertex -43.9629 -24.9402 4
    endloop
  endfacet
  facet normal -0.427469 0.90403 0
    outer loop
      vertex -44.1581 -25.0325 4
      vertex -43.9629 -24.9402 0
      vertex -44.1581 -25.0325 0
    endloop
  endfacet
  facet normal -0.67175 -0.740778 0
    outer loop
      vertex -43.6043 -21.2994 0
      vertex -43.4444 -21.4444 4
      vertex -43.6043 -21.2994 4
    endloop
  endfacet
  facet normal -0.67175 -0.740778 -0
    outer loop
      vertex -43.4444 -21.4444 4
      vertex -43.6043 -21.2994 0
      vertex -43.4444 -21.4444 0
    endloop
  endfacet
  facet normal 0.242754 -0.970088 0
    outer loop
      vertex -45.6386 -20.8947 0
      vertex -45.4292 -20.8423 4
      vertex -45.6386 -20.8947 4
    endloop
  endfacet
  facet normal 0.242754 -0.970088 0
    outer loop
      vertex -45.4292 -20.8423 4
      vertex -45.6386 -20.8947 0
      vertex -45.4292 -20.8423 0
    endloop
  endfacet
  facet normal -0.427469 -0.90403 0
    outer loop
      vertex -44.1581 -20.9675 0
      vertex -43.9629 -21.0598 4
      vertex -44.1581 -20.9675 4
    endloop
  endfacet
  facet normal -0.427469 -0.90403 -0
    outer loop
      vertex -43.9629 -21.0598 4
      vertex -44.1581 -20.9675 0
      vertex -43.9629 -21.0598 0
    endloop
  endfacet
  facet normal 0.803212 -0.595693 0
    outer loop
      vertex -46.8292 -21.7777 4
      vertex -46.7006 -21.6043 0
      vertex -46.7006 -21.6043 4
    endloop
  endfacet
  facet normal 0.803212 -0.595693 0
    outer loop
      vertex -46.7006 -21.6043 0
      vertex -46.8292 -21.7777 4
      vertex -46.8292 -21.7777 0
    endloop
  endfacet
  facet normal -0.0491058 0.998794 0
    outer loop
      vertex -44.7844 -25.1894 0
      vertex -45 -25.2 4
      vertex -44.7844 -25.1894 4
    endloop
  endfacet
  facet normal -0.0491058 0.998794 0
    outer loop
      vertex -45 -25.2 4
      vertex -44.7844 -25.1894 0
      vertex -45 -25.2 0
    endloop
  endfacet
  facet normal -0.803212 -0.595693 0
    outer loop
      vertex -43.1708 -21.7777 0
      vertex -43.2994 -21.6043 4
      vertex -43.2994 -21.6043 0
    endloop
  endfacet
  facet normal -0.803212 -0.595693 0
    outer loop
      vertex -43.2994 -21.6043 4
      vertex -43.1708 -21.7777 0
      vertex -43.1708 -21.7777 4
    endloop
  endfacet
  facet normal -0.90403 0.427469 0
    outer loop
      vertex -43.0598 -24.0371 0
      vertex -42.9675 -23.8419 4
      vertex -42.9675 -23.8419 0
    endloop
  endfacet
  facet normal -0.90403 0.427469 0
    outer loop
      vertex -42.9675 -23.8419 4
      vertex -43.0598 -24.0371 0
      vertex -43.0598 -24.0371 4
    endloop
  endfacet
  facet normal 0.242754 0.970088 -0
    outer loop
      vertex -45.4292 -25.1577 0
      vertex -45.6386 -25.1053 4
      vertex -45.4292 -25.1577 4
    endloop
  endfacet
  facet normal 0.242754 0.970088 0
    outer loop
      vertex -45.6386 -25.1053 4
      vertex -45.4292 -25.1577 0
      vertex -45.6386 -25.1053 0
    endloop
  endfacet
  facet normal 0.67175 0.740778 -0
    outer loop
      vertex -46.3957 -24.7006 0
      vertex -46.5556 -24.5556 4
      vertex -46.3957 -24.7006 4
    endloop
  endfacet
  facet normal 0.67175 0.740778 0
    outer loop
      vertex -46.5556 -24.5556 4
      vertex -46.3957 -24.7006 0
      vertex -46.5556 -24.5556 0
    endloop
  endfacet
  facet normal 0.998794 -0.0491058 0
    outer loop
      vertex -47.2 -23 4
      vertex -47.1894 -22.7844 0
      vertex -47.1894 -22.7844 4
    endloop
  endfacet
  facet normal 0.998794 -0.0491058 0
    outer loop
      vertex -47.1894 -22.7844 0
      vertex -47.2 -23 4
      vertex -47.2 -23 0
    endloop
  endfacet
  facet normal -0.337128 0.941459 0
    outer loop
      vertex -44.1581 -25.0325 0
      vertex -44.3614 -25.1053 4
      vertex -44.1581 -25.0325 4
    endloop
  endfacet
  facet normal -0.337128 0.941459 0
    outer loop
      vertex -44.3614 -25.1053 4
      vertex -44.1581 -25.0325 0
      vertex -44.3614 -25.1053 0
    endloop
  endfacet
  facet normal -0.67175 0.740778 0
    outer loop
      vertex -43.4444 -24.5556 0
      vertex -43.6043 -24.7006 4
      vertex -43.4444 -24.5556 4
    endloop
  endfacet
  facet normal -0.67175 0.740778 0
    outer loop
      vertex -43.6043 -24.7006 4
      vertex -43.4444 -24.5556 0
      vertex -43.6043 -24.7006 0
    endloop
  endfacet
  facet normal -0.970088 0.242754 0
    outer loop
      vertex -42.8947 -23.6386 0
      vertex -42.8423 -23.4292 4
      vertex -42.8423 -23.4292 0
    endloop
  endfacet
  facet normal -0.970088 0.242754 0
    outer loop
      vertex -42.8423 -23.4292 4
      vertex -42.8947 -23.6386 0
      vertex -42.8947 -23.6386 4
    endloop
  endfacet
  facet normal -0.740778 0.67175 0
    outer loop
      vertex -43.4444 -24.5556 0
      vertex -43.2994 -24.3957 4
      vertex -43.2994 -24.3957 0
    endloop
  endfacet
  facet normal -0.740778 0.67175 0
    outer loop
      vertex -43.2994 -24.3957 4
      vertex -43.4444 -24.5556 0
      vertex -43.4444 -24.5556 4
    endloop
  endfacet
  facet normal -0.941459 -0.337128 0
    outer loop
      vertex -42.8947 -22.3614 0
      vertex -42.9675 -22.1581 4
      vertex -42.9675 -22.1581 0
    endloop
  endfacet
  facet normal -0.941459 -0.337128 0
    outer loop
      vertex -42.9675 -22.1581 4
      vertex -42.8947 -22.3614 0
      vertex -42.8947 -22.3614 4
    endloop
  endfacet
  facet normal -0.595693 -0.803212 0
    outer loop
      vertex -43.7777 -21.1708 0
      vertex -43.6043 -21.2994 4
      vertex -43.7777 -21.1708 4
    endloop
  endfacet
  facet normal -0.595693 -0.803212 -0
    outer loop
      vertex -43.6043 -21.2994 4
      vertex -43.7777 -21.1708 0
      vertex -43.6043 -21.2994 0
    endloop
  endfacet
  facet normal 0.90403 -0.427469 0
    outer loop
      vertex -47.0325 -22.1581 4
      vertex -46.9402 -21.9629 0
      vertex -46.9402 -21.9629 4
    endloop
  endfacet
  facet normal 0.90403 -0.427469 0
    outer loop
      vertex -46.9402 -21.9629 0
      vertex -47.0325 -22.1581 4
      vertex -47.0325 -22.1581 0
    endloop
  endfacet
  facet normal 0.970088 0.242754 0
    outer loop
      vertex -47.1053 -23.6386 4
      vertex -47.1577 -23.4292 0
      vertex -47.1577 -23.4292 4
    endloop
  endfacet
  facet normal 0.970088 0.242754 0
    outer loop
      vertex -47.1577 -23.4292 0
      vertex -47.1053 -23.6386 4
      vertex -47.1053 -23.6386 0
    endloop
  endfacet
  facet normal -0.90403 -0.427469 0
    outer loop
      vertex -42.9675 -22.1581 0
      vertex -43.0598 -21.9629 4
      vertex -43.0598 -21.9629 0
    endloop
  endfacet
  facet normal -0.90403 -0.427469 0
    outer loop
      vertex -43.0598 -21.9629 4
      vertex -42.9675 -22.1581 0
      vertex -42.9675 -22.1581 4
    endloop
  endfacet
  facet normal -0.989166 0.1468 0
    outer loop
      vertex -42.8423 -23.4292 0
      vertex -42.8106 -23.2156 4
      vertex -42.8106 -23.2156 0
    endloop
  endfacet
  facet normal -0.989166 0.1468 0
    outer loop
      vertex -42.8106 -23.2156 4
      vertex -42.8423 -23.4292 0
      vertex -42.8423 -23.4292 4
    endloop
  endfacet
  facet normal -0.857738 -0.514087 0
    outer loop
      vertex -43.0598 -21.9629 0
      vertex -43.1708 -21.7777 4
      vertex -43.1708 -21.7777 0
    endloop
  endfacet
  facet normal -0.857738 -0.514087 0
    outer loop
      vertex -43.1708 -21.7777 4
      vertex -43.0598 -21.9629 0
      vertex -43.0598 -21.9629 4
    endloop
  endfacet
  facet normal 0.337128 -0.941459 0
    outer loop
      vertex -45.8419 -20.9675 0
      vertex -45.6386 -20.8947 4
      vertex -45.8419 -20.9675 4
    endloop
  endfacet
  facet normal 0.337128 -0.941459 0
    outer loop
      vertex -45.6386 -20.8947 4
      vertex -45.8419 -20.9675 0
      vertex -45.6386 -20.8947 0
    endloop
  endfacet
  facet normal 0.803212 0.595693 0
    outer loop
      vertex -46.7006 -24.3957 4
      vertex -46.8292 -24.2223 0
      vertex -46.8292 -24.2223 4
    endloop
  endfacet
  facet normal 0.803212 0.595693 0
    outer loop
      vertex -46.8292 -24.2223 0
      vertex -46.7006 -24.3957 4
      vertex -46.7006 -24.3957 0
    endloop
  endfacet
  facet normal 0.857738 0.514087 0
    outer loop
      vertex -46.8292 -24.2223 4
      vertex -46.9402 -24.0371 0
      vertex -46.9402 -24.0371 4
    endloop
  endfacet
  facet normal 0.857738 0.514087 0
    outer loop
      vertex -46.9402 -24.0371 0
      vertex -46.8292 -24.2223 4
      vertex -46.8292 -24.2223 0
    endloop
  endfacet
  facet normal 0.989166 0.1468 0
    outer loop
      vertex -47.1577 -23.4292 4
      vertex -47.1894 -23.2156 0
      vertex -47.1894 -23.2156 4
    endloop
  endfacet
  facet normal 0.989166 0.1468 0
    outer loop
      vertex -47.1894 -23.2156 0
      vertex -47.1577 -23.4292 4
      vertex -47.1577 -23.4292 0
    endloop
  endfacet
  facet normal 0.0491058 0.998794 -0
    outer loop
      vertex -45 -25.2 0
      vertex -45.2156 -25.1894 4
      vertex -45 -25.2 4
    endloop
  endfacet
  facet normal 0.0491058 0.998794 0
    outer loop
      vertex -45.2156 -25.1894 4
      vertex -45 -25.2 0
      vertex -45.2156 -25.1894 0
    endloop
  endfacet
  facet normal 0.970088 -0.242754 0
    outer loop
      vertex -47.1577 -22.5708 4
      vertex -47.1053 -22.3614 0
      vertex -47.1053 -22.3614 4
    endloop
  endfacet
  facet normal 0.970088 -0.242754 0
    outer loop
      vertex -47.1053 -22.3614 0
      vertex -47.1577 -22.5708 4
      vertex -47.1577 -22.5708 0
    endloop
  endfacet
  facet normal 0.941459 -0.337128 0
    outer loop
      vertex -47.1053 -22.3614 4
      vertex -47.0325 -22.1581 0
      vertex -47.0325 -22.1581 4
    endloop
  endfacet
  facet normal 0.941459 -0.337128 0
    outer loop
      vertex -47.0325 -22.1581 0
      vertex -47.1053 -22.3614 4
      vertex -47.1053 -22.3614 0
    endloop
  endfacet
  facet normal 0.90403 0.427469 0
    outer loop
      vertex -46.9402 -24.0371 4
      vertex -47.0325 -23.8419 0
      vertex -47.0325 -23.8419 4
    endloop
  endfacet
  facet normal 0.90403 0.427469 0
    outer loop
      vertex -47.0325 -23.8419 0
      vertex -46.9402 -24.0371 4
      vertex -46.9402 -24.0371 0
    endloop
  endfacet
  facet normal 0.989166 -0.1468 0
    outer loop
      vertex -47.1894 -22.7844 4
      vertex -47.1577 -22.5708 0
      vertex -47.1577 -22.5708 4
    endloop
  endfacet
  facet normal 0.989166 -0.1468 0
    outer loop
      vertex -47.1577 -22.5708 0
      vertex -47.1894 -22.7844 4
      vertex -47.1894 -22.7844 0
    endloop
  endfacet
  facet normal -0.242754 -0.970088 0
    outer loop
      vertex -44.5708 -20.8423 0
      vertex -44.3614 -20.8947 4
      vertex -44.5708 -20.8423 4
    endloop
  endfacet
  facet normal -0.242754 -0.970088 -0
    outer loop
      vertex -44.3614 -20.8947 4
      vertex -44.5708 -20.8423 0
      vertex -44.3614 -20.8947 0
    endloop
  endfacet
  facet normal 0.941459 0.337128 0
    outer loop
      vertex -47.0325 -23.8419 4
      vertex -47.1053 -23.6386 0
      vertex -47.1053 -23.6386 4
    endloop
  endfacet
  facet normal 0.941459 0.337128 0
    outer loop
      vertex -47.1053 -23.6386 0
      vertex -47.0325 -23.8419 4
      vertex -47.0325 -23.8419 0
    endloop
  endfacet
  facet normal -0.595693 0.803212 0
    outer loop
      vertex -43.6043 -24.7006 0
      vertex -43.7777 -24.8292 4
      vertex -43.6043 -24.7006 4
    endloop
  endfacet
  facet normal -0.595693 0.803212 0
    outer loop
      vertex -43.7777 -24.8292 4
      vertex -43.6043 -24.7006 0
      vertex -43.7777 -24.8292 0
    endloop
  endfacet
  facet normal 0.595693 -0.803212 0
    outer loop
      vertex -46.3957 -21.2994 0
      vertex -46.2223 -21.1708 4
      vertex -46.3957 -21.2994 4
    endloop
  endfacet
  facet normal 0.595693 -0.803212 0
    outer loop
      vertex -46.2223 -21.1708 4
      vertex -46.3957 -21.2994 0
      vertex -46.2223 -21.1708 0
    endloop
  endfacet
  facet normal 0.1468 0.989166 -0
    outer loop
      vertex -45.2156 -25.1894 0
      vertex -45.4292 -25.1577 4
      vertex -45.2156 -25.1894 4
    endloop
  endfacet
  facet normal 0.1468 0.989166 0
    outer loop
      vertex -45.4292 -25.1577 4
      vertex -45.2156 -25.1894 0
      vertex -45.4292 -25.1577 0
    endloop
  endfacet
  facet normal 0.595693 0.803212 -0
    outer loop
      vertex -46.2223 -24.8292 0
      vertex -46.3957 -24.7006 4
      vertex -46.2223 -24.8292 4
    endloop
  endfacet
  facet normal 0.595693 0.803212 0
    outer loop
      vertex -46.3957 -24.7006 4
      vertex -46.2223 -24.8292 0
      vertex -46.3957 -24.7006 0
    endloop
  endfacet
  facet normal 0.514087 0.857738 -0
    outer loop
      vertex -46.0371 -24.9402 0
      vertex -46.2223 -24.8292 4
      vertex -46.0371 -24.9402 4
    endloop
  endfacet
  facet normal 0.514087 0.857738 0
    outer loop
      vertex -46.2223 -24.8292 4
      vertex -46.0371 -24.9402 0
      vertex -46.2223 -24.8292 0
    endloop
  endfacet
  facet normal 0.998794 0.0491058 0
    outer loop
      vertex -47.1894 -23.2156 4
      vertex -47.2 -23 0
      vertex -47.2 -23 4
    endloop
  endfacet
  facet normal 0.998794 0.0491058 0
    outer loop
      vertex -47.2 -23 0
      vertex -47.1894 -23.2156 4
      vertex -47.1894 -23.2156 0
    endloop
  endfacet
  facet normal -0.1468 -0.989166 0
    outer loop
      vertex -44.7844 -20.8106 0
      vertex -44.5708 -20.8423 4
      vertex -44.7844 -20.8106 4
    endloop
  endfacet
  facet normal -0.1468 -0.989166 -0
    outer loop
      vertex -44.5708 -20.8423 4
      vertex -44.7844 -20.8106 0
      vertex -44.5708 -20.8423 0
    endloop
  endfacet
  facet normal 0.337128 0.941459 -0
    outer loop
      vertex -45.6386 -25.1053 0
      vertex -45.8419 -25.0325 4
      vertex -45.6386 -25.1053 4
    endloop
  endfacet
  facet normal 0.337128 0.941459 0
    outer loop
      vertex -45.8419 -25.0325 4
      vertex -45.6386 -25.1053 0
      vertex -45.8419 -25.0325 0
    endloop
  endfacet
  facet normal 0.337128 0.941459 -0
    outer loop
      vertex -45.6386 20.8947 0
      vertex -45.8419 20.9675 4
      vertex -45.6386 20.8947 4
    endloop
  endfacet
  facet normal 0.337128 0.941459 0
    outer loop
      vertex -45.8419 20.9675 4
      vertex -45.6386 20.8947 0
      vertex -45.8419 20.9675 0
    endloop
  endfacet
  facet normal -0.989166 -0.1468 0
    outer loop
      vertex -42.8106 23.2156 0
      vertex -42.8423 23.4292 4
      vertex -42.8423 23.4292 0
    endloop
  endfacet
  facet normal -0.989166 -0.1468 0
    outer loop
      vertex -42.8423 23.4292 4
      vertex -42.8106 23.2156 0
      vertex -42.8106 23.2156 4
    endloop
  endfacet
  facet normal -0.998794 -0.0491058 0
    outer loop
      vertex -42.8 23 0
      vertex -42.8106 23.2156 4
      vertex -42.8106 23.2156 0
    endloop
  endfacet
  facet normal -0.998794 -0.0491058 0
    outer loop
      vertex -42.8106 23.2156 4
      vertex -42.8 23 0
      vertex -42.8 23 4
    endloop
  endfacet
  facet normal -0.970088 -0.242754 0
    outer loop
      vertex -42.8423 23.4292 0
      vertex -42.8947 23.6386 4
      vertex -42.8947 23.6386 0
    endloop
  endfacet
  facet normal -0.970088 -0.242754 0
    outer loop
      vertex -42.8947 23.6386 4
      vertex -42.8423 23.4292 0
      vertex -42.8423 23.4292 4
    endloop
  endfacet
  facet normal 0.989166 -0.1468 0
    outer loop
      vertex -47.1894 23.2156 4
      vertex -47.1577 23.4292 0
      vertex -47.1577 23.4292 4
    endloop
  endfacet
  facet normal 0.989166 -0.1468 0
    outer loop
      vertex -47.1577 23.4292 0
      vertex -47.1894 23.2156 4
      vertex -47.1894 23.2156 0
    endloop
  endfacet
  facet normal 0.242754 0.970088 -0
    outer loop
      vertex -45.4292 20.8423 0
      vertex -45.6386 20.8947 4
      vertex -45.4292 20.8423 4
    endloop
  endfacet
  facet normal 0.242754 0.970088 0
    outer loop
      vertex -45.6386 20.8947 4
      vertex -45.4292 20.8423 0
      vertex -45.6386 20.8947 0
    endloop
  endfacet
  facet normal -0.337128 -0.941459 0
    outer loop
      vertex -44.3614 25.1053 0
      vertex -44.1581 25.0325 4
      vertex -44.3614 25.1053 4
    endloop
  endfacet
  facet normal -0.337128 -0.941459 -0
    outer loop
      vertex -44.1581 25.0325 4
      vertex -44.3614 25.1053 0
      vertex -44.1581 25.0325 0
    endloop
  endfacet
  facet normal 0.514087 -0.857738 0
    outer loop
      vertex -46.2223 24.8292 0
      vertex -46.0371 24.9402 4
      vertex -46.2223 24.8292 4
    endloop
  endfacet
  facet normal 0.514087 -0.857738 0
    outer loop
      vertex -46.0371 24.9402 4
      vertex -46.2223 24.8292 0
      vertex -46.0371 24.9402 0
    endloop
  endfacet
  facet normal 0.90403 0.427469 0
    outer loop
      vertex -46.9402 21.9629 4
      vertex -47.0325 22.1581 0
      vertex -47.0325 22.1581 4
    endloop
  endfacet
  facet normal 0.90403 0.427469 0
    outer loop
      vertex -47.0325 22.1581 0
      vertex -46.9402 21.9629 4
      vertex -46.9402 21.9629 0
    endloop
  endfacet
  facet normal 0.242754 -0.970088 0
    outer loop
      vertex -45.6386 25.1053 0
      vertex -45.4292 25.1577 4
      vertex -45.6386 25.1053 4
    endloop
  endfacet
  facet normal 0.242754 -0.970088 0
    outer loop
      vertex -45.4292 25.1577 4
      vertex -45.6386 25.1053 0
      vertex -45.4292 25.1577 0
    endloop
  endfacet
  facet normal 0.857738 0.514087 0
    outer loop
      vertex -46.8292 21.7777 4
      vertex -46.9402 21.9629 0
      vertex -46.9402 21.9629 4
    endloop
  endfacet
  facet normal 0.857738 0.514087 0
    outer loop
      vertex -46.9402 21.9629 0
      vertex -46.8292 21.7777 4
      vertex -46.8292 21.7777 0
    endloop
  endfacet
  facet normal -0.242754 0.970088 0
    outer loop
      vertex -44.3614 20.8947 0
      vertex -44.5708 20.8423 4
      vertex -44.3614 20.8947 4
    endloop
  endfacet
  facet normal -0.242754 0.970088 0
    outer loop
      vertex -44.5708 20.8423 4
      vertex -44.3614 20.8947 0
      vertex -44.5708 20.8423 0
    endloop
  endfacet
  facet normal 0.595693 0.803212 -0
    outer loop
      vertex -46.2223 21.1708 0
      vertex -46.3957 21.2994 4
      vertex -46.2223 21.1708 4
    endloop
  endfacet
  facet normal 0.595693 0.803212 0
    outer loop
      vertex -46.3957 21.2994 4
      vertex -46.2223 21.1708 0
      vertex -46.3957 21.2994 0
    endloop
  endfacet
  facet normal -0.514087 0.857738 0
    outer loop
      vertex -43.7777 21.1708 0
      vertex -43.9629 21.0598 4
      vertex -43.7777 21.1708 4
    endloop
  endfacet
  facet normal -0.514087 0.857738 0
    outer loop
      vertex -43.9629 21.0598 4
      vertex -43.7777 21.1708 0
      vertex -43.9629 21.0598 0
    endloop
  endfacet
  facet normal -0.803212 0.595693 0
    outer loop
      vertex -43.2994 21.6043 0
      vertex -43.1708 21.7777 4
      vertex -43.1708 21.7777 0
    endloop
  endfacet
  facet normal -0.803212 0.595693 0
    outer loop
      vertex -43.1708 21.7777 4
      vertex -43.2994 21.6043 0
      vertex -43.2994 21.6043 4
    endloop
  endfacet
  facet normal -0.1468 -0.989166 0
    outer loop
      vertex -44.7844 25.1894 0
      vertex -44.5708 25.1577 4
      vertex -44.7844 25.1894 4
    endloop
  endfacet
  facet normal -0.1468 -0.989166 -0
    outer loop
      vertex -44.5708 25.1577 4
      vertex -44.7844 25.1894 0
      vertex -44.5708 25.1577 0
    endloop
  endfacet
  facet normal 0.595693 -0.803212 0
    outer loop
      vertex -46.3957 24.7006 0
      vertex -46.2223 24.8292 4
      vertex -46.3957 24.7006 4
    endloop
  endfacet
  facet normal 0.595693 -0.803212 0
    outer loop
      vertex -46.2223 24.8292 4
      vertex -46.3957 24.7006 0
      vertex -46.2223 24.8292 0
    endloop
  endfacet
  facet normal 0.803212 -0.595693 0
    outer loop
      vertex -46.8292 24.2223 4
      vertex -46.7006 24.3957 0
      vertex -46.7006 24.3957 4
    endloop
  endfacet
  facet normal 0.803212 -0.595693 0
    outer loop
      vertex -46.7006 24.3957 0
      vertex -46.8292 24.2223 4
      vertex -46.8292 24.2223 0
    endloop
  endfacet
  facet normal -0.989166 0.1468 0
    outer loop
      vertex -42.8423 22.5708 0
      vertex -42.8106 22.7844 4
      vertex -42.8106 22.7844 0
    endloop
  endfacet
  facet normal -0.989166 0.1468 0
    outer loop
      vertex -42.8106 22.7844 4
      vertex -42.8423 22.5708 0
      vertex -42.8423 22.5708 4
    endloop
  endfacet
  facet normal 0.941459 -0.337128 0
    outer loop
      vertex -47.1053 23.6386 4
      vertex -47.0325 23.8419 0
      vertex -47.0325 23.8419 4
    endloop
  endfacet
  facet normal 0.941459 -0.337128 0
    outer loop
      vertex -47.0325 23.8419 0
      vertex -47.1053 23.6386 4
      vertex -47.1053 23.6386 0
    endloop
  endfacet
  facet normal -0.427469 -0.90403 0
    outer loop
      vertex -44.1581 25.0325 0
      vertex -43.9629 24.9402 4
      vertex -44.1581 25.0325 4
    endloop
  endfacet
  facet normal -0.427469 -0.90403 -0
    outer loop
      vertex -43.9629 24.9402 4
      vertex -44.1581 25.0325 0
      vertex -43.9629 24.9402 0
    endloop
  endfacet
  facet normal 0.941459 0.337128 0
    outer loop
      vertex -47.0325 22.1581 4
      vertex -47.1053 22.3614 0
      vertex -47.1053 22.3614 4
    endloop
  endfacet
  facet normal 0.941459 0.337128 0
    outer loop
      vertex -47.1053 22.3614 0
      vertex -47.0325 22.1581 4
      vertex -47.0325 22.1581 0
    endloop
  endfacet
  facet normal -0.970088 0.242754 0
    outer loop
      vertex -42.8947 22.3614 0
      vertex -42.8423 22.5708 4
      vertex -42.8423 22.5708 0
    endloop
  endfacet
  facet normal -0.970088 0.242754 0
    outer loop
      vertex -42.8423 22.5708 4
      vertex -42.8947 22.3614 0
      vertex -42.8947 22.3614 4
    endloop
  endfacet
  facet normal 0.0491058 -0.998794 0
    outer loop
      vertex -45.2156 25.1894 0
      vertex -45 25.2 4
      vertex -45.2156 25.1894 4
    endloop
  endfacet
  facet normal 0.0491058 -0.998794 0
    outer loop
      vertex -45 25.2 4
      vertex -45.2156 25.1894 0
      vertex -45 25.2 0
    endloop
  endfacet
  facet normal -0.67175 -0.740778 0
    outer loop
      vertex -43.6043 24.7006 0
      vertex -43.4444 24.5556 4
      vertex -43.6043 24.7006 4
    endloop
  endfacet
  facet normal -0.67175 -0.740778 -0
    outer loop
      vertex -43.4444 24.5556 4
      vertex -43.6043 24.7006 0
      vertex -43.4444 24.5556 0
    endloop
  endfacet
  facet normal 0.427469 -0.90403 0
    outer loop
      vertex -46.0371 24.9402 0
      vertex -45.8419 25.0325 4
      vertex -46.0371 24.9402 4
    endloop
  endfacet
  facet normal 0.427469 -0.90403 0
    outer loop
      vertex -45.8419 25.0325 4
      vertex -46.0371 24.9402 0
      vertex -45.8419 25.0325 0
    endloop
  endfacet
  facet normal 0.67175 -0.740778 0
    outer loop
      vertex -46.5556 24.5556 0
      vertex -46.3957 24.7006 4
      vertex -46.5556 24.5556 4
    endloop
  endfacet
  facet normal 0.67175 -0.740778 0
    outer loop
      vertex -46.3957 24.7006 4
      vertex -46.5556 24.5556 0
      vertex -46.3957 24.7006 0
    endloop
  endfacet
  facet normal -0.337128 0.941459 0
    outer loop
      vertex -44.1581 20.9675 0
      vertex -44.3614 20.8947 4
      vertex -44.1581 20.9675 4
    endloop
  endfacet
  facet normal -0.337128 0.941459 0
    outer loop
      vertex -44.3614 20.8947 4
      vertex -44.1581 20.9675 0
      vertex -44.3614 20.8947 0
    endloop
  endfacet
  facet normal 0.337128 -0.941459 0
    outer loop
      vertex -45.8419 25.0325 0
      vertex -45.6386 25.1053 4
      vertex -45.8419 25.0325 4
    endloop
  endfacet
  facet normal 0.337128 -0.941459 0
    outer loop
      vertex -45.6386 25.1053 4
      vertex -45.8419 25.0325 0
      vertex -45.6386 25.1053 0
    endloop
  endfacet
  facet normal -0.803212 -0.595693 0
    outer loop
      vertex -43.1708 24.2223 0
      vertex -43.2994 24.3957 4
      vertex -43.2994 24.3957 0
    endloop
  endfacet
  facet normal -0.803212 -0.595693 0
    outer loop
      vertex -43.2994 24.3957 4
      vertex -43.1708 24.2223 0
      vertex -43.1708 24.2223 4
    endloop
  endfacet
  facet normal 0.857738 -0.514087 0
    outer loop
      vertex -46.9402 24.0371 4
      vertex -46.8292 24.2223 0
      vertex -46.8292 24.2223 4
    endloop
  endfacet
  facet normal 0.857738 -0.514087 0
    outer loop
      vertex -46.8292 24.2223 0
      vertex -46.9402 24.0371 4
      vertex -46.9402 24.0371 0
    endloop
  endfacet
  facet normal -0.998794 0.0491058 0
    outer loop
      vertex -42.8106 22.7844 0
      vertex -42.8 23 4
      vertex -42.8 23 0
    endloop
  endfacet
  facet normal -0.998794 0.0491058 0
    outer loop
      vertex -42.8 23 4
      vertex -42.8106 22.7844 0
      vertex -42.8106 22.7844 4
    endloop
  endfacet
  facet normal -0.90403 0.427469 0
    outer loop
      vertex -43.0598 21.9629 0
      vertex -42.9675 22.1581 4
      vertex -42.9675 22.1581 0
    endloop
  endfacet
  facet normal -0.90403 0.427469 0
    outer loop
      vertex -42.9675 22.1581 4
      vertex -43.0598 21.9629 0
      vertex -43.0598 21.9629 4
    endloop
  endfacet
  facet normal -0.857738 -0.514087 0
    outer loop
      vertex -43.0598 24.0371 0
      vertex -43.1708 24.2223 4
      vertex -43.1708 24.2223 0
    endloop
  endfacet
  facet normal -0.857738 -0.514087 0
    outer loop
      vertex -43.1708 24.2223 4
      vertex -43.0598 24.0371 0
      vertex -43.0598 24.0371 4
    endloop
  endfacet
  facet normal -0.595693 -0.803212 0
    outer loop
      vertex -43.7777 24.8292 0
      vertex -43.6043 24.7006 4
      vertex -43.7777 24.8292 4
    endloop
  endfacet
  facet normal -0.595693 -0.803212 -0
    outer loop
      vertex -43.6043 24.7006 4
      vertex -43.7777 24.8292 0
      vertex -43.6043 24.7006 0
    endloop
  endfacet
  facet normal 0.514087 0.857738 -0
    outer loop
      vertex -46.0371 21.0598 0
      vertex -46.2223 21.1708 4
      vertex -46.0371 21.0598 4
    endloop
  endfacet
  facet normal 0.514087 0.857738 0
    outer loop
      vertex -46.2223 21.1708 4
      vertex -46.0371 21.0598 0
      vertex -46.2223 21.1708 0
    endloop
  endfacet
  facet normal -0.514087 -0.857738 0
    outer loop
      vertex -43.9629 24.9402 0
      vertex -43.7777 24.8292 4
      vertex -43.9629 24.9402 4
    endloop
  endfacet
  facet normal -0.514087 -0.857738 -0
    outer loop
      vertex -43.7777 24.8292 4
      vertex -43.9629 24.9402 0
      vertex -43.7777 24.8292 0
    endloop
  endfacet
  facet normal -0.1468 0.989166 0
    outer loop
      vertex -44.5708 20.8423 0
      vertex -44.7844 20.8106 4
      vertex -44.5708 20.8423 4
    endloop
  endfacet
  facet normal -0.1468 0.989166 0
    outer loop
      vertex -44.7844 20.8106 4
      vertex -44.5708 20.8423 0
      vertex -44.7844 20.8106 0
    endloop
  endfacet
  facet normal -0.941459 -0.337128 0
    outer loop
      vertex -42.8947 23.6386 0
      vertex -42.9675 23.8419 4
      vertex -42.9675 23.8419 0
    endloop
  endfacet
  facet normal -0.941459 -0.337128 0
    outer loop
      vertex -42.9675 23.8419 4
      vertex -42.8947 23.6386 0
      vertex -42.8947 23.6386 4
    endloop
  endfacet
  facet normal -0.857738 0.514087 0
    outer loop
      vertex -43.1708 21.7777 0
      vertex -43.0598 21.9629 4
      vertex -43.0598 21.9629 0
    endloop
  endfacet
  facet normal -0.857738 0.514087 0
    outer loop
      vertex -43.0598 21.9629 4
      vertex -43.1708 21.7777 0
      vertex -43.1708 21.7777 4
    endloop
  endfacet
  facet normal 0.998794 0.0491058 0
    outer loop
      vertex -47.1894 22.7844 4
      vertex -47.2 23 0
      vertex -47.2 23 4
    endloop
  endfacet
  facet normal 0.998794 0.0491058 0
    outer loop
      vertex -47.2 23 0
      vertex -47.1894 22.7844 4
      vertex -47.1894 22.7844 0
    endloop
  endfacet
  facet normal -0.941459 0.337128 0
    outer loop
      vertex -42.9675 22.1581 0
      vertex -42.8947 22.3614 4
      vertex -42.8947 22.3614 0
    endloop
  endfacet
  facet normal -0.941459 0.337128 0
    outer loop
      vertex -42.8947 22.3614 4
      vertex -42.9675 22.1581 0
      vertex -42.9675 22.1581 4
    endloop
  endfacet
  facet normal -0.740778 -0.67175 0
    outer loop
      vertex -43.2994 24.3957 0
      vertex -43.4444 24.5556 4
      vertex -43.4444 24.5556 0
    endloop
  endfacet
  facet normal -0.740778 -0.67175 0
    outer loop
      vertex -43.4444 24.5556 4
      vertex -43.2994 24.3957 0
      vertex -43.2994 24.3957 4
    endloop
  endfacet
  facet normal -0.0491058 -0.998794 0
    outer loop
      vertex -45 25.2 0
      vertex -44.7844 25.1894 4
      vertex -45 25.2 4
    endloop
  endfacet
  facet normal -0.0491058 -0.998794 -0
    outer loop
      vertex -44.7844 25.1894 4
      vertex -45 25.2 0
      vertex -44.7844 25.1894 0
    endloop
  endfacet
  facet normal -0.90403 -0.427469 0
    outer loop
      vertex -42.9675 23.8419 0
      vertex -43.0598 24.0371 4
      vertex -43.0598 24.0371 0
    endloop
  endfacet
  facet normal -0.90403 -0.427469 0
    outer loop
      vertex -43.0598 24.0371 4
      vertex -42.9675 23.8419 0
      vertex -42.9675 23.8419 4
    endloop
  endfacet
  facet normal 0.1468 0.989166 -0
    outer loop
      vertex -45.2156 20.8106 0
      vertex -45.4292 20.8423 4
      vertex -45.2156 20.8106 4
    endloop
  endfacet
  facet normal 0.1468 0.989166 0
    outer loop
      vertex -45.4292 20.8423 4
      vertex -45.2156 20.8106 0
      vertex -45.4292 20.8423 0
    endloop
  endfacet
  facet normal -0.67175 0.740778 0
    outer loop
      vertex -43.4444 21.4444 0
      vertex -43.6043 21.2994 4
      vertex -43.4444 21.4444 4
    endloop
  endfacet
  facet normal -0.67175 0.740778 0
    outer loop
      vertex -43.6043 21.2994 4
      vertex -43.4444 21.4444 0
      vertex -43.6043 21.2994 0
    endloop
  endfacet
  facet normal 0.0491058 0.998794 -0
    outer loop
      vertex -45 20.8 0
      vertex -45.2156 20.8106 4
      vertex -45 20.8 4
    endloop
  endfacet
  facet normal 0.0491058 0.998794 0
    outer loop
      vertex -45.2156 20.8106 4
      vertex -45 20.8 0
      vertex -45.2156 20.8106 0
    endloop
  endfacet
  facet normal 0.740778 -0.67175 0
    outer loop
      vertex -46.7006 24.3957 4
      vertex -46.5556 24.5556 0
      vertex -46.5556 24.5556 4
    endloop
  endfacet
  facet normal 0.740778 -0.67175 0
    outer loop
      vertex -46.5556 24.5556 0
      vertex -46.7006 24.3957 4
      vertex -46.7006 24.3957 0
    endloop
  endfacet
  facet normal 0.1468 -0.989166 0
    outer loop
      vertex -45.4292 25.1577 0
      vertex -45.2156 25.1894 4
      vertex -45.4292 25.1577 4
    endloop
  endfacet
  facet normal 0.1468 -0.989166 0
    outer loop
      vertex -45.2156 25.1894 4
      vertex -45.4292 25.1577 0
      vertex -45.2156 25.1894 0
    endloop
  endfacet
  facet normal 0.90403 -0.427469 0
    outer loop
      vertex -47.0325 23.8419 4
      vertex -46.9402 24.0371 0
      vertex -46.9402 24.0371 4
    endloop
  endfacet
  facet normal 0.90403 -0.427469 0
    outer loop
      vertex -46.9402 24.0371 0
      vertex -47.0325 23.8419 4
      vertex -47.0325 23.8419 0
    endloop
  endfacet
  facet normal 0.67175 0.740778 -0
    outer loop
      vertex -46.3957 21.2994 0
      vertex -46.5556 21.4444 4
      vertex -46.3957 21.2994 4
    endloop
  endfacet
  facet normal 0.67175 0.740778 0
    outer loop
      vertex -46.5556 21.4444 4
      vertex -46.3957 21.2994 0
      vertex -46.5556 21.4444 0
    endloop
  endfacet
  facet normal 0.970088 -0.242754 0
    outer loop
      vertex -47.1577 23.4292 4
      vertex -47.1053 23.6386 0
      vertex -47.1053 23.6386 4
    endloop
  endfacet
  facet normal 0.970088 -0.242754 0
    outer loop
      vertex -47.1053 23.6386 0
      vertex -47.1577 23.4292 4
      vertex -47.1577 23.4292 0
    endloop
  endfacet
  facet normal -0.242754 -0.970088 0
    outer loop
      vertex -44.5708 25.1577 0
      vertex -44.3614 25.1053 4
      vertex -44.5708 25.1577 4
    endloop
  endfacet
  facet normal -0.242754 -0.970088 -0
    outer loop
      vertex -44.3614 25.1053 4
      vertex -44.5708 25.1577 0
      vertex -44.3614 25.1053 0
    endloop
  endfacet
  facet normal 0.970088 0.242754 0
    outer loop
      vertex -47.1053 22.3614 4
      vertex -47.1577 22.5708 0
      vertex -47.1577 22.5708 4
    endloop
  endfacet
  facet normal 0.970088 0.242754 0
    outer loop
      vertex -47.1577 22.5708 0
      vertex -47.1053 22.3614 4
      vertex -47.1053 22.3614 0
    endloop
  endfacet
  facet normal 0.427469 0.90403 -0
    outer loop
      vertex -45.8419 20.9675 0
      vertex -46.0371 21.0598 4
      vertex -45.8419 20.9675 4
    endloop
  endfacet
  facet normal 0.427469 0.90403 0
    outer loop
      vertex -46.0371 21.0598 4
      vertex -45.8419 20.9675 0
      vertex -46.0371 21.0598 0
    endloop
  endfacet
  facet normal 0.740778 0.67175 0
    outer loop
      vertex -46.5556 21.4444 4
      vertex -46.7006 21.6043 0
      vertex -46.7006 21.6043 4
    endloop
  endfacet
  facet normal 0.740778 0.67175 0
    outer loop
      vertex -46.7006 21.6043 0
      vertex -46.5556 21.4444 4
      vertex -46.5556 21.4444 0
    endloop
  endfacet
  facet normal -0.427469 0.90403 0
    outer loop
      vertex -43.9629 21.0598 0
      vertex -44.1581 20.9675 4
      vertex -43.9629 21.0598 4
    endloop
  endfacet
  facet normal -0.427469 0.90403 0
    outer loop
      vertex -44.1581 20.9675 4
      vertex -43.9629 21.0598 0
      vertex -44.1581 20.9675 0
    endloop
  endfacet
  facet normal -0.0491058 0.998794 0
    outer loop
      vertex -44.7844 20.8106 0
      vertex -45 20.8 4
      vertex -44.7844 20.8106 4
    endloop
  endfacet
  facet normal -0.0491058 0.998794 0
    outer loop
      vertex -45 20.8 4
      vertex -44.7844 20.8106 0
      vertex -45 20.8 0
    endloop
  endfacet
  facet normal 0.989166 0.1468 0
    outer loop
      vertex -47.1577 22.5708 4
      vertex -47.1894 22.7844 0
      vertex -47.1894 22.7844 4
    endloop
  endfacet
  facet normal 0.989166 0.1468 0
    outer loop
      vertex -47.1894 22.7844 0
      vertex -47.1577 22.5708 4
      vertex -47.1577 22.5708 0
    endloop
  endfacet
  facet normal -0.595693 0.803212 0
    outer loop
      vertex -43.6043 21.2994 0
      vertex -43.7777 21.1708 4
      vertex -43.6043 21.2994 4
    endloop
  endfacet
  facet normal -0.595693 0.803212 0
    outer loop
      vertex -43.7777 21.1708 4
      vertex -43.6043 21.2994 0
      vertex -43.7777 21.1708 0
    endloop
  endfacet
  facet normal 0.803212 0.595693 0
    outer loop
      vertex -46.7006 21.6043 4
      vertex -46.8292 21.7777 0
      vertex -46.8292 21.7777 4
    endloop
  endfacet
  facet normal 0.803212 0.595693 0
    outer loop
      vertex -46.8292 21.7777 0
      vertex -46.7006 21.6043 4
      vertex -46.7006 21.6043 0
    endloop
  endfacet
  facet normal 0.998794 -0.0491058 0
    outer loop
      vertex -47.2 23 4
      vertex -47.1894 23.2156 0
      vertex -47.1894 23.2156 4
    endloop
  endfacet
  facet normal 0.998794 -0.0491058 0
    outer loop
      vertex -47.1894 23.2156 0
      vertex -47.2 23 4
      vertex -47.2 23 0
    endloop
  endfacet
  facet normal -0.740778 0.67175 0
    outer loop
      vertex -43.4444 21.4444 0
      vertex -43.2994 21.6043 4
      vertex -43.2994 21.6043 0
    endloop
  endfacet
  facet normal -0.740778 0.67175 0
    outer loop
      vertex -43.2994 21.6043 4
      vertex -43.4444 21.4444 0
      vertex -43.4444 21.4444 4
    endloop
  endfacet
  facet normal -0.989166 -0.1468 0
    outer loop
      vertex 47.1894 -22.7844 0
      vertex 47.1577 -22.5708 4
      vertex 47.1577 -22.5708 0
    endloop
  endfacet
  facet normal -0.989166 -0.1468 0
    outer loop
      vertex 47.1577 -22.5708 4
      vertex 47.1894 -22.7844 0
      vertex 47.1894 -22.7844 4
    endloop
  endfacet
  facet normal -0.998794 -0.0491058 0
    outer loop
      vertex 47.2 -23 0
      vertex 47.1894 -22.7844 4
      vertex 47.1894 -22.7844 0
    endloop
  endfacet
  facet normal -0.998794 -0.0491058 0
    outer loop
      vertex 47.1894 -22.7844 4
      vertex 47.2 -23 0
      vertex 47.2 -23 4
    endloop
  endfacet
  facet normal -0.970088 -0.242754 0
    outer loop
      vertex 47.1577 -22.5708 0
      vertex 47.1053 -22.3614 4
      vertex 47.1053 -22.3614 0
    endloop
  endfacet
  facet normal -0.970088 -0.242754 0
    outer loop
      vertex 47.1053 -22.3614 4
      vertex 47.1577 -22.5708 0
      vertex 47.1577 -22.5708 4
    endloop
  endfacet
  facet normal -0.740778 -0.67175 0
    outer loop
      vertex 46.7006 -21.6043 0
      vertex 46.5556 -21.4444 4
      vertex 46.5556 -21.4444 0
    endloop
  endfacet
  facet normal -0.740778 -0.67175 0
    outer loop
      vertex 46.5556 -21.4444 4
      vertex 46.7006 -21.6043 0
      vertex 46.7006 -21.6043 4
    endloop
  endfacet
  facet normal 0.857738 -0.514087 0
    outer loop
      vertex 43.0598 -21.9629 4
      vertex 43.1708 -21.7777 0
      vertex 43.1708 -21.7777 4
    endloop
  endfacet
  facet normal 0.857738 -0.514087 0
    outer loop
      vertex 43.1708 -21.7777 0
      vertex 43.0598 -21.9629 4
      vertex 43.0598 -21.9629 0
    endloop
  endfacet
  facet normal 0.427469 -0.90403 0
    outer loop
      vertex 43.9629 -21.0598 0
      vertex 44.1581 -20.9675 4
      vertex 43.9629 -21.0598 4
    endloop
  endfacet
  facet normal 0.427469 -0.90403 0
    outer loop
      vertex 44.1581 -20.9675 4
      vertex 43.9629 -21.0598 0
      vertex 44.1581 -20.9675 0
    endloop
  endfacet
  facet normal -0.1468 0.989166 0
    outer loop
      vertex 45.4292 -25.1577 0
      vertex 45.2156 -25.1894 4
      vertex 45.4292 -25.1577 4
    endloop
  endfacet
  facet normal -0.1468 0.989166 0
    outer loop
      vertex 45.2156 -25.1894 4
      vertex 45.4292 -25.1577 0
      vertex 45.2156 -25.1894 0
    endloop
  endfacet
  facet normal -0.337128 -0.941459 0
    outer loop
      vertex 45.6386 -20.8947 0
      vertex 45.8419 -20.9675 4
      vertex 45.6386 -20.8947 4
    endloop
  endfacet
  facet normal -0.337128 -0.941459 -0
    outer loop
      vertex 45.8419 -20.9675 4
      vertex 45.6386 -20.8947 0
      vertex 45.8419 -20.9675 0
    endloop
  endfacet
  facet normal -0.514087 -0.857738 0
    outer loop
      vertex 46.0371 -21.0598 0
      vertex 46.2223 -21.1708 4
      vertex 46.0371 -21.0598 4
    endloop
  endfacet
  facet normal -0.514087 -0.857738 -0
    outer loop
      vertex 46.2223 -21.1708 4
      vertex 46.0371 -21.0598 0
      vertex 46.2223 -21.1708 0
    endloop
  endfacet
  facet normal -0.998794 0.0491058 0
    outer loop
      vertex 47.1894 -23.2156 0
      vertex 47.2 -23 4
      vertex 47.2 -23 0
    endloop
  endfacet
  facet normal -0.998794 0.0491058 0
    outer loop
      vertex 47.2 -23 4
      vertex 47.1894 -23.2156 0
      vertex 47.1894 -23.2156 4
    endloop
  endfacet
  facet normal -0.803212 0.595693 0
    outer loop
      vertex 46.7006 -24.3957 0
      vertex 46.8292 -24.2223 4
      vertex 46.8292 -24.2223 0
    endloop
  endfacet
  facet normal -0.803212 0.595693 0
    outer loop
      vertex 46.8292 -24.2223 4
      vertex 46.7006 -24.3957 0
      vertex 46.7006 -24.3957 4
    endloop
  endfacet
  facet normal -0.0491058 -0.998794 0
    outer loop
      vertex 45 -20.8 0
      vertex 45.2156 -20.8106 4
      vertex 45 -20.8 4
    endloop
  endfacet
  facet normal -0.0491058 -0.998794 -0
    outer loop
      vertex 45.2156 -20.8106 4
      vertex 45 -20.8 0
      vertex 45.2156 -20.8106 0
    endloop
  endfacet
  facet normal 0.740778 0.67175 0
    outer loop
      vertex 43.4444 -24.5556 4
      vertex 43.2994 -24.3957 0
      vertex 43.2994 -24.3957 4
    endloop
  endfacet
  facet normal 0.740778 0.67175 0
    outer loop
      vertex 43.2994 -24.3957 0
      vertex 43.4444 -24.5556 4
      vertex 43.4444 -24.5556 0
    endloop
  endfacet
  facet normal 0.514087 -0.857738 0
    outer loop
      vertex 43.7777 -21.1708 0
      vertex 43.9629 -21.0598 4
      vertex 43.7777 -21.1708 4
    endloop
  endfacet
  facet normal 0.514087 -0.857738 0
    outer loop
      vertex 43.9629 -21.0598 4
      vertex 43.7777 -21.1708 0
      vertex 43.9629 -21.0598 0
    endloop
  endfacet
  facet normal 0.427469 0.90403 -0
    outer loop
      vertex 44.1581 -25.0325 0
      vertex 43.9629 -24.9402 4
      vertex 44.1581 -25.0325 4
    endloop
  endfacet
  facet normal 0.427469 0.90403 0
    outer loop
      vertex 43.9629 -24.9402 4
      vertex 44.1581 -25.0325 0
      vertex 43.9629 -24.9402 0
    endloop
  endfacet
  facet normal -0.242754 0.970088 0
    outer loop
      vertex 45.6386 -25.1053 0
      vertex 45.4292 -25.1577 4
      vertex 45.6386 -25.1053 4
    endloop
  endfacet
  facet normal -0.242754 0.970088 0
    outer loop
      vertex 45.4292 -25.1577 4
      vertex 45.6386 -25.1053 0
      vertex 45.4292 -25.1577 0
    endloop
  endfacet
  facet normal -0.514087 0.857738 0
    outer loop
      vertex 46.2223 -24.8292 0
      vertex 46.0371 -24.9402 4
      vertex 46.2223 -24.8292 4
    endloop
  endfacet
  facet normal -0.514087 0.857738 0
    outer loop
      vertex 46.0371 -24.9402 4
      vertex 46.2223 -24.8292 0
      vertex 46.0371 -24.9402 0
    endloop
  endfacet
  facet normal -0.941459 0.337128 0
    outer loop
      vertex 47.0325 -23.8419 0
      vertex 47.1053 -23.6386 4
      vertex 47.1053 -23.6386 0
    endloop
  endfacet
  facet normal -0.941459 0.337128 0
    outer loop
      vertex 47.1053 -23.6386 4
      vertex 47.0325 -23.8419 0
      vertex 47.0325 -23.8419 4
    endloop
  endfacet
  facet normal 0.740778 -0.67175 0
    outer loop
      vertex 43.2994 -21.6043 4
      vertex 43.4444 -21.4444 0
      vertex 43.4444 -21.4444 4
    endloop
  endfacet
  facet normal 0.740778 -0.67175 0
    outer loop
      vertex 43.4444 -21.4444 0
      vertex 43.2994 -21.6043 4
      vertex 43.2994 -21.6043 0
    endloop
  endfacet
  facet normal 0.0491058 -0.998794 0
    outer loop
      vertex 44.7844 -20.8106 0
      vertex 45 -20.8 4
      vertex 44.7844 -20.8106 4
    endloop
  endfacet
  facet normal 0.0491058 -0.998794 0
    outer loop
      vertex 45 -20.8 4
      vertex 44.7844 -20.8106 0
      vertex 45 -20.8 0
    endloop
  endfacet
  facet normal 0.1468 -0.989166 0
    outer loop
      vertex 44.5708 -20.8423 0
      vertex 44.7844 -20.8106 4
      vertex 44.5708 -20.8423 4
    endloop
  endfacet
  facet normal 0.1468 -0.989166 0
    outer loop
      vertex 44.7844 -20.8106 4
      vertex 44.5708 -20.8423 0
      vertex 44.7844 -20.8106 0
    endloop
  endfacet
  facet normal -0.857738 0.514087 0
    outer loop
      vertex 46.8292 -24.2223 0
      vertex 46.9402 -24.0371 4
      vertex 46.9402 -24.0371 0
    endloop
  endfacet
  facet normal -0.857738 0.514087 0
    outer loop
      vertex 46.9402 -24.0371 4
      vertex 46.8292 -24.2223 0
      vertex 46.8292 -24.2223 4
    endloop
  endfacet
  facet normal -0.427469 0.90403 0
    outer loop
      vertex 46.0371 -24.9402 0
      vertex 45.8419 -25.0325 4
      vertex 46.0371 -24.9402 4
    endloop
  endfacet
  facet normal -0.427469 0.90403 0
    outer loop
      vertex 45.8419 -25.0325 4
      vertex 46.0371 -24.9402 0
      vertex 45.8419 -25.0325 0
    endloop
  endfacet
  facet normal -0.67175 -0.740778 0
    outer loop
      vertex 46.3957 -21.2994 0
      vertex 46.5556 -21.4444 4
      vertex 46.3957 -21.2994 4
    endloop
  endfacet
  facet normal -0.67175 -0.740778 -0
    outer loop
      vertex 46.5556 -21.4444 4
      vertex 46.3957 -21.2994 0
      vertex 46.5556 -21.4444 0
    endloop
  endfacet
  facet normal 0.242754 -0.970088 0
    outer loop
      vertex 44.3614 -20.8947 0
      vertex 44.5708 -20.8423 4
      vertex 44.3614 -20.8947 4
    endloop
  endfacet
  facet normal 0.242754 -0.970088 0
    outer loop
      vertex 44.5708 -20.8423 4
      vertex 44.3614 -20.8947 0
      vertex 44.5708 -20.8423 0
    endloop
  endfacet
  facet normal -0.427469 -0.90403 0
    outer loop
      vertex 45.8419 -20.9675 0
      vertex 46.0371 -21.0598 4
      vertex 45.8419 -20.9675 4
    endloop
  endfacet
  facet normal -0.427469 -0.90403 -0
    outer loop
      vertex 46.0371 -21.0598 4
      vertex 45.8419 -20.9675 0
      vertex 46.0371 -21.0598 0
    endloop
  endfacet
  facet normal 0.803212 -0.595693 0
    outer loop
      vertex 43.1708 -21.7777 4
      vertex 43.2994 -21.6043 0
      vertex 43.2994 -21.6043 4
    endloop
  endfacet
  facet normal 0.803212 -0.595693 0
    outer loop
      vertex 43.2994 -21.6043 0
      vertex 43.1708 -21.7777 4
      vertex 43.1708 -21.7777 0
    endloop
  endfacet
  facet normal -0.0491058 0.998794 0
    outer loop
      vertex 45.2156 -25.1894 0
      vertex 45 -25.2 4
      vertex 45.2156 -25.1894 4
    endloop
  endfacet
  facet normal -0.0491058 0.998794 0
    outer loop
      vertex 45 -25.2 4
      vertex 45.2156 -25.1894 0
      vertex 45 -25.2 0
    endloop
  endfacet
  facet normal -0.803212 -0.595693 0
    outer loop
      vertex 46.8292 -21.7777 0
      vertex 46.7006 -21.6043 4
      vertex 46.7006 -21.6043 0
    endloop
  endfacet
  facet normal -0.803212 -0.595693 0
    outer loop
      vertex 46.7006 -21.6043 4
      vertex 46.8292 -21.7777 0
      vertex 46.8292 -21.7777 4
    endloop
  endfacet
  facet normal -0.90403 0.427469 0
    outer loop
      vertex 46.9402 -24.0371 0
      vertex 47.0325 -23.8419 4
      vertex 47.0325 -23.8419 0
    endloop
  endfacet
  facet normal -0.90403 0.427469 0
    outer loop
      vertex 47.0325 -23.8419 4
      vertex 46.9402 -24.0371 0
      vertex 46.9402 -24.0371 4
    endloop
  endfacet
  facet normal 0.242754 0.970088 -0
    outer loop
      vertex 44.5708 -25.1577 0
      vertex 44.3614 -25.1053 4
      vertex 44.5708 -25.1577 4
    endloop
  endfacet
  facet normal 0.242754 0.970088 0
    outer loop
      vertex 44.3614 -25.1053 4
      vertex 44.5708 -25.1577 0
      vertex 44.3614 -25.1053 0
    endloop
  endfacet
  facet normal 0.67175 0.740778 -0
    outer loop
      vertex 43.6043 -24.7006 0
      vertex 43.4444 -24.5556 4
      vertex 43.6043 -24.7006 4
    endloop
  endfacet
  facet normal 0.67175 0.740778 0
    outer loop
      vertex 43.4444 -24.5556 4
      vertex 43.6043 -24.7006 0
      vertex 43.4444 -24.5556 0
    endloop
  endfacet
  facet normal 0.998794 -0.0491058 0
    outer loop
      vertex 42.8 -23 4
      vertex 42.8106 -22.7844 0
      vertex 42.8106 -22.7844 4
    endloop
  endfacet
  facet normal 0.998794 -0.0491058 0
    outer loop
      vertex 42.8106 -22.7844 0
      vertex 42.8 -23 4
      vertex 42.8 -23 0
    endloop
  endfacet
  facet normal -0.337128 0.941459 0
    outer loop
      vertex 45.8419 -25.0325 0
      vertex 45.6386 -25.1053 4
      vertex 45.8419 -25.0325 4
    endloop
  endfacet
  facet normal -0.337128 0.941459 0
    outer loop
      vertex 45.6386 -25.1053 4
      vertex 45.8419 -25.0325 0
      vertex 45.6386 -25.1053 0
    endloop
  endfacet
  facet normal -0.67175 0.740778 0
    outer loop
      vertex 46.5556 -24.5556 0
      vertex 46.3957 -24.7006 4
      vertex 46.5556 -24.5556 4
    endloop
  endfacet
  facet normal -0.67175 0.740778 0
    outer loop
      vertex 46.3957 -24.7006 4
      vertex 46.5556 -24.5556 0
      vertex 46.3957 -24.7006 0
    endloop
  endfacet
  facet normal -0.970088 0.242754 0
    outer loop
      vertex 47.1053 -23.6386 0
      vertex 47.1577 -23.4292 4
      vertex 47.1577 -23.4292 0
    endloop
  endfacet
  facet normal -0.970088 0.242754 0
    outer loop
      vertex 47.1577 -23.4292 4
      vertex 47.1053 -23.6386 0
      vertex 47.1053 -23.6386 4
    endloop
  endfacet
  facet normal -0.740778 0.67175 0
    outer loop
      vertex 46.5556 -24.5556 0
      vertex 46.7006 -24.3957 4
      vertex 46.7006 -24.3957 0
    endloop
  endfacet
  facet normal -0.740778 0.67175 0
    outer loop
      vertex 46.7006 -24.3957 4
      vertex 46.5556 -24.5556 0
      vertex 46.5556 -24.5556 4
    endloop
  endfacet
  facet normal -0.941459 -0.337128 0
    outer loop
      vertex 47.1053 -22.3614 0
      vertex 47.0325 -22.1581 4
      vertex 47.0325 -22.1581 0
    endloop
  endfacet
  facet normal -0.941459 -0.337128 0
    outer loop
      vertex 47.0325 -22.1581 4
      vertex 47.1053 -22.3614 0
      vertex 47.1053 -22.3614 4
    endloop
  endfacet
  facet normal -0.595693 -0.803212 0
    outer loop
      vertex 46.2223 -21.1708 0
      vertex 46.3957 -21.2994 4
      vertex 46.2223 -21.1708 4
    endloop
  endfacet
  facet normal -0.595693 -0.803212 -0
    outer loop
      vertex 46.3957 -21.2994 4
      vertex 46.2223 -21.1708 0
      vertex 46.3957 -21.2994 0
    endloop
  endfacet
  facet normal 0.90403 -0.427469 0
    outer loop
      vertex 42.9675 -22.1581 4
      vertex 43.0598 -21.9629 0
      vertex 43.0598 -21.9629 4
    endloop
  endfacet
  facet normal 0.90403 -0.427469 0
    outer loop
      vertex 43.0598 -21.9629 0
      vertex 42.9675 -22.1581 4
      vertex 42.9675 -22.1581 0
    endloop
  endfacet
  facet normal 0.970088 0.242754 0
    outer loop
      vertex 42.8947 -23.6386 4
      vertex 42.8423 -23.4292 0
      vertex 42.8423 -23.4292 4
    endloop
  endfacet
  facet normal 0.970088 0.242754 0
    outer loop
      vertex 42.8423 -23.4292 0
      vertex 42.8947 -23.6386 4
      vertex 42.8947 -23.6386 0
    endloop
  endfacet
  facet normal -0.90403 -0.427469 0
    outer loop
      vertex 47.0325 -22.1581 0
      vertex 46.9402 -21.9629 4
      vertex 46.9402 -21.9629 0
    endloop
  endfacet
  facet normal -0.90403 -0.427469 0
    outer loop
      vertex 46.9402 -21.9629 4
      vertex 47.0325 -22.1581 0
      vertex 47.0325 -22.1581 4
    endloop
  endfacet
  facet normal -0.989166 0.1468 0
    outer loop
      vertex 47.1577 -23.4292 0
      vertex 47.1894 -23.2156 4
      vertex 47.1894 -23.2156 0
    endloop
  endfacet
  facet normal -0.989166 0.1468 0
    outer loop
      vertex 47.1894 -23.2156 4
      vertex 47.1577 -23.4292 0
      vertex 47.1577 -23.4292 4
    endloop
  endfacet
  facet normal -0.857738 -0.514087 0
    outer loop
      vertex 46.9402 -21.9629 0
      vertex 46.8292 -21.7777 4
      vertex 46.8292 -21.7777 0
    endloop
  endfacet
  facet normal -0.857738 -0.514087 0
    outer loop
      vertex 46.8292 -21.7777 4
      vertex 46.9402 -21.9629 0
      vertex 46.9402 -21.9629 4
    endloop
  endfacet
  facet normal 0.337128 -0.941459 0
    outer loop
      vertex 44.1581 -20.9675 0
      vertex 44.3614 -20.8947 4
      vertex 44.1581 -20.9675 4
    endloop
  endfacet
  facet normal 0.337128 -0.941459 0
    outer loop
      vertex 44.3614 -20.8947 4
      vertex 44.1581 -20.9675 0
      vertex 44.3614 -20.8947 0
    endloop
  endfacet
  facet normal 0.803212 0.595693 0
    outer loop
      vertex 43.2994 -24.3957 4
      vertex 43.1708 -24.2223 0
      vertex 43.1708 -24.2223 4
    endloop
  endfacet
  facet normal 0.803212 0.595693 0
    outer loop
      vertex 43.1708 -24.2223 0
      vertex 43.2994 -24.3957 4
      vertex 43.2994 -24.3957 0
    endloop
  endfacet
  facet normal 0.857738 0.514087 0
    outer loop
      vertex 43.1708 -24.2223 4
      vertex 43.0598 -24.0371 0
      vertex 43.0598 -24.0371 4
    endloop
  endfacet
  facet normal 0.857738 0.514087 0
    outer loop
      vertex 43.0598 -24.0371 0
      vertex 43.1708 -24.2223 4
      vertex 43.1708 -24.2223 0
    endloop
  endfacet
  facet normal 0.989166 0.1468 0
    outer loop
      vertex 42.8423 -23.4292 4
      vertex 42.8106 -23.2156 0
      vertex 42.8106 -23.2156 4
    endloop
  endfacet
  facet normal 0.989166 0.1468 0
    outer loop
      vertex 42.8106 -23.2156 0
      vertex 42.8423 -23.4292 4
      vertex 42.8423 -23.4292 0
    endloop
  endfacet
  facet normal 0.0491058 0.998794 -0
    outer loop
      vertex 45 -25.2 0
      vertex 44.7844 -25.1894 4
      vertex 45 -25.2 4
    endloop
  endfacet
  facet normal 0.0491058 0.998794 0
    outer loop
      vertex 44.7844 -25.1894 4
      vertex 45 -25.2 0
      vertex 44.7844 -25.1894 0
    endloop
  endfacet
  facet normal 0.67175 -0.740778 0
    outer loop
      vertex 43.4444 -21.4444 0
      vertex 43.6043 -21.2994 4
      vertex 43.4444 -21.4444 4
    endloop
  endfacet
  facet normal 0.67175 -0.740778 0
    outer loop
      vertex 43.6043 -21.2994 4
      vertex 43.4444 -21.4444 0
      vertex 43.6043 -21.2994 0
    endloop
  endfacet
  facet normal 0.970088 -0.242754 0
    outer loop
      vertex 42.8423 -22.5708 4
      vertex 42.8947 -22.3614 0
      vertex 42.8947 -22.3614 4
    endloop
  endfacet
  facet normal 0.970088 -0.242754 0
    outer loop
      vertex 42.8947 -22.3614 0
      vertex 42.8423 -22.5708 4
      vertex 42.8423 -22.5708 0
    endloop
  endfacet
  facet normal 0.90403 0.427469 0
    outer loop
      vertex 43.0598 -24.0371 4
      vertex 42.9675 -23.8419 0
      vertex 42.9675 -23.8419 4
    endloop
  endfacet
  facet normal 0.90403 0.427469 0
    outer loop
      vertex 42.9675 -23.8419 0
      vertex 43.0598 -24.0371 4
      vertex 43.0598 -24.0371 0
    endloop
  endfacet
  facet normal 0.989166 -0.1468 0
    outer loop
      vertex 42.8106 -22.7844 4
      vertex 42.8423 -22.5708 0
      vertex 42.8423 -22.5708 4
    endloop
  endfacet
  facet normal 0.989166 -0.1468 0
    outer loop
      vertex 42.8423 -22.5708 0
      vertex 42.8106 -22.7844 4
      vertex 42.8106 -22.7844 0
    endloop
  endfacet
  facet normal -0.242754 -0.970088 0
    outer loop
      vertex 45.4292 -20.8423 0
      vertex 45.6386 -20.8947 4
      vertex 45.4292 -20.8423 4
    endloop
  endfacet
  facet normal -0.242754 -0.970088 -0
    outer loop
      vertex 45.6386 -20.8947 4
      vertex 45.4292 -20.8423 0
      vertex 45.6386 -20.8947 0
    endloop
  endfacet
  facet normal 0.941459 0.337128 0
    outer loop
      vertex 42.9675 -23.8419 4
      vertex 42.8947 -23.6386 0
      vertex 42.8947 -23.6386 4
    endloop
  endfacet
  facet normal 0.941459 0.337128 0
    outer loop
      vertex 42.8947 -23.6386 0
      vertex 42.9675 -23.8419 4
      vertex 42.9675 -23.8419 0
    endloop
  endfacet
  facet normal -0.595693 0.803212 0
    outer loop
      vertex 46.3957 -24.7006 0
      vertex 46.2223 -24.8292 4
      vertex 46.3957 -24.7006 4
    endloop
  endfacet
  facet normal -0.595693 0.803212 0
    outer loop
      vertex 46.2223 -24.8292 4
      vertex 46.3957 -24.7006 0
      vertex 46.2223 -24.8292 0
    endloop
  endfacet
  facet normal 0.595693 -0.803212 0
    outer loop
      vertex 43.6043 -21.2994 0
      vertex 43.7777 -21.1708 4
      vertex 43.6043 -21.2994 4
    endloop
  endfacet
  facet normal 0.595693 -0.803212 0
    outer loop
      vertex 43.7777 -21.1708 4
      vertex 43.6043 -21.2994 0
      vertex 43.7777 -21.1708 0
    endloop
  endfacet
  facet normal 0.941459 -0.337128 0
    outer loop
      vertex 42.8947 -22.3614 4
      vertex 42.9675 -22.1581 0
      vertex 42.9675 -22.1581 4
    endloop
  endfacet
  facet normal 0.941459 -0.337128 0
    outer loop
      vertex 42.9675 -22.1581 0
      vertex 42.8947 -22.3614 4
      vertex 42.8947 -22.3614 0
    endloop
  endfacet
  facet normal 0.1468 0.989166 -0
    outer loop
      vertex 44.7844 -25.1894 0
      vertex 44.5708 -25.1577 4
      vertex 44.7844 -25.1894 4
    endloop
  endfacet
  facet normal 0.1468 0.989166 0
    outer loop
      vertex 44.5708 -25.1577 4
      vertex 44.7844 -25.1894 0
      vertex 44.5708 -25.1577 0
    endloop
  endfacet
  facet normal 0.595693 0.803212 -0
    outer loop
      vertex 43.7777 -24.8292 0
      vertex 43.6043 -24.7006 4
      vertex 43.7777 -24.8292 4
    endloop
  endfacet
  facet normal 0.595693 0.803212 0
    outer loop
      vertex 43.6043 -24.7006 4
      vertex 43.7777 -24.8292 0
      vertex 43.6043 -24.7006 0
    endloop
  endfacet
  facet normal 0.514087 0.857738 -0
    outer loop
      vertex 43.9629 -24.9402 0
      vertex 43.7777 -24.8292 4
      vertex 43.9629 -24.9402 4
    endloop
  endfacet
  facet normal 0.514087 0.857738 0
    outer loop
      vertex 43.7777 -24.8292 4
      vertex 43.9629 -24.9402 0
      vertex 43.7777 -24.8292 0
    endloop
  endfacet
  facet normal 0.998794 0.0491058 0
    outer loop
      vertex 42.8106 -23.2156 4
      vertex 42.8 -23 0
      vertex 42.8 -23 4
    endloop
  endfacet
  facet normal 0.998794 0.0491058 0
    outer loop
      vertex 42.8 -23 0
      vertex 42.8106 -23.2156 4
      vertex 42.8106 -23.2156 0
    endloop
  endfacet
  facet normal -0.1468 -0.989166 0
    outer loop
      vertex 45.2156 -20.8106 0
      vertex 45.4292 -20.8423 4
      vertex 45.2156 -20.8106 4
    endloop
  endfacet
  facet normal -0.1468 -0.989166 -0
    outer loop
      vertex 45.4292 -20.8423 4
      vertex 45.2156 -20.8106 0
      vertex 45.4292 -20.8423 0
    endloop
  endfacet
  facet normal 0.337128 0.941459 -0
    outer loop
      vertex 44.3614 -25.1053 0
      vertex 44.1581 -25.0325 4
      vertex 44.3614 -25.1053 4
    endloop
  endfacet
  facet normal 0.337128 0.941459 0
    outer loop
      vertex 44.1581 -25.0325 4
      vertex 44.3614 -25.1053 0
      vertex 44.1581 -25.0325 0
    endloop
  endfacet
  facet normal 0.337128 0.941459 -0
    outer loop
      vertex 44.3614 20.8947 0
      vertex 44.1581 20.9675 4
      vertex 44.3614 20.8947 4
    endloop
  endfacet
  facet normal 0.337128 0.941459 0
    outer loop
      vertex 44.1581 20.9675 4
      vertex 44.3614 20.8947 0
      vertex 44.1581 20.9675 0
    endloop
  endfacet
  facet normal -0.989166 -0.1468 0
    outer loop
      vertex 47.1894 23.2156 0
      vertex 47.1577 23.4292 4
      vertex 47.1577 23.4292 0
    endloop
  endfacet
  facet normal -0.989166 -0.1468 0
    outer loop
      vertex 47.1577 23.4292 4
      vertex 47.1894 23.2156 0
      vertex 47.1894 23.2156 4
    endloop
  endfacet
  facet normal -0.998794 -0.0491058 0
    outer loop
      vertex 47.2 23 0
      vertex 47.1894 23.2156 4
      vertex 47.1894 23.2156 0
    endloop
  endfacet
  facet normal -0.998794 -0.0491058 0
    outer loop
      vertex 47.1894 23.2156 4
      vertex 47.2 23 0
      vertex 47.2 23 4
    endloop
  endfacet
  facet normal -0.970088 -0.242754 0
    outer loop
      vertex 47.1577 23.4292 0
      vertex 47.1053 23.6386 4
      vertex 47.1053 23.6386 0
    endloop
  endfacet
  facet normal -0.970088 -0.242754 0
    outer loop
      vertex 47.1053 23.6386 4
      vertex 47.1577 23.4292 0
      vertex 47.1577 23.4292 4
    endloop
  endfacet
  facet normal 0.989166 -0.1468 0
    outer loop
      vertex 42.8106 23.2156 4
      vertex 42.8423 23.4292 0
      vertex 42.8423 23.4292 4
    endloop
  endfacet
  facet normal 0.989166 -0.1468 0
    outer loop
      vertex 42.8423 23.4292 0
      vertex 42.8106 23.2156 4
      vertex 42.8106 23.2156 0
    endloop
  endfacet
  facet normal 0.242754 0.970088 -0
    outer loop
      vertex 44.5708 20.8423 0
      vertex 44.3614 20.8947 4
      vertex 44.5708 20.8423 4
    endloop
  endfacet
  facet normal 0.242754 0.970088 0
    outer loop
      vertex 44.3614 20.8947 4
      vertex 44.5708 20.8423 0
      vertex 44.3614 20.8947 0
    endloop
  endfacet
  facet normal -0.337128 -0.941459 0
    outer loop
      vertex 45.6386 25.1053 0
      vertex 45.8419 25.0325 4
      vertex 45.6386 25.1053 4
    endloop
  endfacet
  facet normal -0.337128 -0.941459 -0
    outer loop
      vertex 45.8419 25.0325 4
      vertex 45.6386 25.1053 0
      vertex 45.8419 25.0325 0
    endloop
  endfacet
  facet normal 0.514087 -0.857738 0
    outer loop
      vertex 43.7777 24.8292 0
      vertex 43.9629 24.9402 4
      vertex 43.7777 24.8292 4
    endloop
  endfacet
  facet normal 0.514087 -0.857738 0
    outer loop
      vertex 43.9629 24.9402 4
      vertex 43.7777 24.8292 0
      vertex 43.9629 24.9402 0
    endloop
  endfacet
  facet normal 0.90403 0.427469 0
    outer loop
      vertex 43.0598 21.9629 4
      vertex 42.9675 22.1581 0
      vertex 42.9675 22.1581 4
    endloop
  endfacet
  facet normal 0.90403 0.427469 0
    outer loop
      vertex 42.9675 22.1581 0
      vertex 43.0598 21.9629 4
      vertex 43.0598 21.9629 0
    endloop
  endfacet
  facet normal 0.242754 -0.970088 0
    outer loop
      vertex 44.3614 25.1053 0
      vertex 44.5708 25.1577 4
      vertex 44.3614 25.1053 4
    endloop
  endfacet
  facet normal 0.242754 -0.970088 0
    outer loop
      vertex 44.5708 25.1577 4
      vertex 44.3614 25.1053 0
      vertex 44.5708 25.1577 0
    endloop
  endfacet
  facet normal 0.857738 0.514087 0
    outer loop
      vertex 43.1708 21.7777 4
      vertex 43.0598 21.9629 0
      vertex 43.0598 21.9629 4
    endloop
  endfacet
  facet normal 0.857738 0.514087 0
    outer loop
      vertex 43.0598 21.9629 0
      vertex 43.1708 21.7777 4
      vertex 43.1708 21.7777 0
    endloop
  endfacet
  facet normal -0.242754 0.970088 0
    outer loop
      vertex 45.6386 20.8947 0
      vertex 45.4292 20.8423 4
      vertex 45.6386 20.8947 4
    endloop
  endfacet
  facet normal -0.242754 0.970088 0
    outer loop
      vertex 45.4292 20.8423 4
      vertex 45.6386 20.8947 0
      vertex 45.4292 20.8423 0
    endloop
  endfacet
  facet normal 0.595693 0.803212 -0
    outer loop
      vertex 43.7777 21.1708 0
      vertex 43.6043 21.2994 4
      vertex 43.7777 21.1708 4
    endloop
  endfacet
  facet normal 0.595693 0.803212 0
    outer loop
      vertex 43.6043 21.2994 4
      vertex 43.7777 21.1708 0
      vertex 43.6043 21.2994 0
    endloop
  endfacet
  facet normal -0.514087 0.857738 0
    outer loop
      vertex 46.2223 21.1708 0
      vertex 46.0371 21.0598 4
      vertex 46.2223 21.1708 4
    endloop
  endfacet
  facet normal -0.514087 0.857738 0
    outer loop
      vertex 46.0371 21.0598 4
      vertex 46.2223 21.1708 0
      vertex 46.0371 21.0598 0
    endloop
  endfacet
  facet normal -0.803212 0.595693 0
    outer loop
      vertex 46.7006 21.6043 0
      vertex 46.8292 21.7777 4
      vertex 46.8292 21.7777 0
    endloop
  endfacet
  facet normal -0.803212 0.595693 0
    outer loop
      vertex 46.8292 21.7777 4
      vertex 46.7006 21.6043 0
      vertex 46.7006 21.6043 4
    endloop
  endfacet
  facet normal -0.1468 -0.989166 0
    outer loop
      vertex 45.2156 25.1894 0
      vertex 45.4292 25.1577 4
      vertex 45.2156 25.1894 4
    endloop
  endfacet
  facet normal -0.1468 -0.989166 -0
    outer loop
      vertex 45.4292 25.1577 4
      vertex 45.2156 25.1894 0
      vertex 45.4292 25.1577 0
    endloop
  endfacet
  facet normal 0.595693 -0.803212 0
    outer loop
      vertex 43.6043 24.7006 0
      vertex 43.7777 24.8292 4
      vertex 43.6043 24.7006 4
    endloop
  endfacet
  facet normal 0.595693 -0.803212 0
    outer loop
      vertex 43.7777 24.8292 4
      vertex 43.6043 24.7006 0
      vertex 43.7777 24.8292 0
    endloop
  endfacet
  facet normal 0.803212 -0.595693 0
    outer loop
      vertex 43.1708 24.2223 4
      vertex 43.2994 24.3957 0
      vertex 43.2994 24.3957 4
    endloop
  endfacet
  facet normal 0.803212 -0.595693 0
    outer loop
      vertex 43.2994 24.3957 0
      vertex 43.1708 24.2223 4
      vertex 43.1708 24.2223 0
    endloop
  endfacet
  facet normal -0.989166 0.1468 0
    outer loop
      vertex 47.1577 22.5708 0
      vertex 47.1894 22.7844 4
      vertex 47.1894 22.7844 0
    endloop
  endfacet
  facet normal -0.989166 0.1468 0
    outer loop
      vertex 47.1894 22.7844 4
      vertex 47.1577 22.5708 0
      vertex 47.1577 22.5708 4
    endloop
  endfacet
  facet normal 0.941459 -0.337128 0
    outer loop
      vertex 42.8947 23.6386 4
      vertex 42.9675 23.8419 0
      vertex 42.9675 23.8419 4
    endloop
  endfacet
  facet normal 0.941459 -0.337128 0
    outer loop
      vertex 42.9675 23.8419 0
      vertex 42.8947 23.6386 4
      vertex 42.8947 23.6386 0
    endloop
  endfacet
  facet normal -0.427469 -0.90403 0
    outer loop
      vertex 45.8419 25.0325 0
      vertex 46.0371 24.9402 4
      vertex 45.8419 25.0325 4
    endloop
  endfacet
  facet normal -0.427469 -0.90403 -0
    outer loop
      vertex 46.0371 24.9402 4
      vertex 45.8419 25.0325 0
      vertex 46.0371 24.9402 0
    endloop
  endfacet
  facet normal 0.941459 0.337128 0
    outer loop
      vertex 42.9675 22.1581 4
      vertex 42.8947 22.3614 0
      vertex 42.8947 22.3614 4
    endloop
  endfacet
  facet normal 0.941459 0.337128 0
    outer loop
      vertex 42.8947 22.3614 0
      vertex 42.9675 22.1581 4
      vertex 42.9675 22.1581 0
    endloop
  endfacet
  facet normal -0.970088 0.242754 0
    outer loop
      vertex 47.1053 22.3614 0
      vertex 47.1577 22.5708 4
      vertex 47.1577 22.5708 0
    endloop
  endfacet
  facet normal -0.970088 0.242754 0
    outer loop
      vertex 47.1577 22.5708 4
      vertex 47.1053 22.3614 0
      vertex 47.1053 22.3614 4
    endloop
  endfacet
  facet normal 0.0491058 -0.998794 0
    outer loop
      vertex 44.7844 25.1894 0
      vertex 45 25.2 4
      vertex 44.7844 25.1894 4
    endloop
  endfacet
  facet normal 0.0491058 -0.998794 0
    outer loop
      vertex 45 25.2 4
      vertex 44.7844 25.1894 0
      vertex 45 25.2 0
    endloop
  endfacet
  facet normal -0.67175 -0.740778 0
    outer loop
      vertex 46.3957 24.7006 0
      vertex 46.5556 24.5556 4
      vertex 46.3957 24.7006 4
    endloop
  endfacet
  facet normal -0.67175 -0.740778 -0
    outer loop
      vertex 46.5556 24.5556 4
      vertex 46.3957 24.7006 0
      vertex 46.5556 24.5556 0
    endloop
  endfacet
  facet normal 0.427469 -0.90403 0
    outer loop
      vertex 43.9629 24.9402 0
      vertex 44.1581 25.0325 4
      vertex 43.9629 24.9402 4
    endloop
  endfacet
  facet normal 0.427469 -0.90403 0
    outer loop
      vertex 44.1581 25.0325 4
      vertex 43.9629 24.9402 0
      vertex 44.1581 25.0325 0
    endloop
  endfacet
  facet normal 0.67175 -0.740778 0
    outer loop
      vertex 43.4444 24.5556 0
      vertex 43.6043 24.7006 4
      vertex 43.4444 24.5556 4
    endloop
  endfacet
  facet normal 0.67175 -0.740778 0
    outer loop
      vertex 43.6043 24.7006 4
      vertex 43.4444 24.5556 0
      vertex 43.6043 24.7006 0
    endloop
  endfacet
  facet normal -0.337128 0.941459 0
    outer loop
      vertex 45.8419 20.9675 0
      vertex 45.6386 20.8947 4
      vertex 45.8419 20.9675 4
    endloop
  endfacet
  facet normal -0.337128 0.941459 0
    outer loop
      vertex 45.6386 20.8947 4
      vertex 45.8419 20.9675 0
      vertex 45.6386 20.8947 0
    endloop
  endfacet
  facet normal 0.337128 -0.941459 0
    outer loop
      vertex 44.1581 25.0325 0
      vertex 44.3614 25.1053 4
      vertex 44.1581 25.0325 4
    endloop
  endfacet
  facet normal 0.337128 -0.941459 0
    outer loop
      vertex 44.3614 25.1053 4
      vertex 44.1581 25.0325 0
      vertex 44.3614 25.1053 0
    endloop
  endfacet
  facet normal -0.803212 -0.595693 0
    outer loop
      vertex 46.8292 24.2223 0
      vertex 46.7006 24.3957 4
      vertex 46.7006 24.3957 0
    endloop
  endfacet
  facet normal -0.803212 -0.595693 0
    outer loop
      vertex 46.7006 24.3957 4
      vertex 46.8292 24.2223 0
      vertex 46.8292 24.2223 4
    endloop
  endfacet
  facet normal 0.857738 -0.514087 0
    outer loop
      vertex 43.0598 24.0371 4
      vertex 43.1708 24.2223 0
      vertex 43.1708 24.2223 4
    endloop
  endfacet
  facet normal 0.857738 -0.514087 0
    outer loop
      vertex 43.1708 24.2223 0
      vertex 43.0598 24.0371 4
      vertex 43.0598 24.0371 0
    endloop
  endfacet
  facet normal -0.998794 0.0491058 0
    outer loop
      vertex 47.1894 22.7844 0
      vertex 47.2 23 4
      vertex 47.2 23 0
    endloop
  endfacet
  facet normal -0.998794 0.0491058 0
    outer loop
      vertex 47.2 23 4
      vertex 47.1894 22.7844 0
      vertex 47.1894 22.7844 4
    endloop
  endfacet
  facet normal -0.90403 0.427469 0
    outer loop
      vertex 46.9402 21.9629 0
      vertex 47.0325 22.1581 4
      vertex 47.0325 22.1581 0
    endloop
  endfacet
  facet normal -0.90403 0.427469 0
    outer loop
      vertex 47.0325 22.1581 4
      vertex 46.9402 21.9629 0
      vertex 46.9402 21.9629 4
    endloop
  endfacet
  facet normal -0.857738 -0.514087 0
    outer loop
      vertex 46.9402 24.0371 0
      vertex 46.8292 24.2223 4
      vertex 46.8292 24.2223 0
    endloop
  endfacet
  facet normal -0.857738 -0.514087 0
    outer loop
      vertex 46.8292 24.2223 4
      vertex 46.9402 24.0371 0
      vertex 46.9402 24.0371 4
    endloop
  endfacet
  facet normal 0.67175 0.740778 -0
    outer loop
      vertex 43.6043 21.2994 0
      vertex 43.4444 21.4444 4
      vertex 43.6043 21.2994 4
    endloop
  endfacet
  facet normal 0.67175 0.740778 0
    outer loop
      vertex 43.4444 21.4444 4
      vertex 43.6043 21.2994 0
      vertex 43.4444 21.4444 0
    endloop
  endfacet
  facet normal -0.595693 -0.803212 0
    outer loop
      vertex 46.2223 24.8292 0
      vertex 46.3957 24.7006 4
      vertex 46.2223 24.8292 4
    endloop
  endfacet
  facet normal -0.595693 -0.803212 -0
    outer loop
      vertex 46.3957 24.7006 4
      vertex 46.2223 24.8292 0
      vertex 46.3957 24.7006 0
    endloop
  endfacet
  facet normal 0.514087 0.857738 -0
    outer loop
      vertex 43.9629 21.0598 0
      vertex 43.7777 21.1708 4
      vertex 43.9629 21.0598 4
    endloop
  endfacet
  facet normal 0.514087 0.857738 0
    outer loop
      vertex 43.7777 21.1708 4
      vertex 43.9629 21.0598 0
      vertex 43.7777 21.1708 0
    endloop
  endfacet
  facet normal -0.514087 -0.857738 0
    outer loop
      vertex 46.0371 24.9402 0
      vertex 46.2223 24.8292 4
      vertex 46.0371 24.9402 4
    endloop
  endfacet
  facet normal -0.514087 -0.857738 -0
    outer loop
      vertex 46.2223 24.8292 4
      vertex 46.0371 24.9402 0
      vertex 46.2223 24.8292 0
    endloop
  endfacet
  facet normal -0.1468 0.989166 0
    outer loop
      vertex 45.4292 20.8423 0
      vertex 45.2156 20.8106 4
      vertex 45.4292 20.8423 4
    endloop
  endfacet
  facet normal -0.1468 0.989166 0
    outer loop
      vertex 45.2156 20.8106 4
      vertex 45.4292 20.8423 0
      vertex 45.2156 20.8106 0
    endloop
  endfacet
  facet normal -0.941459 -0.337128 0
    outer loop
      vertex 47.1053 23.6386 0
      vertex 47.0325 23.8419 4
      vertex 47.0325 23.8419 0
    endloop
  endfacet
  facet normal -0.941459 -0.337128 0
    outer loop
      vertex 47.0325 23.8419 4
      vertex 47.1053 23.6386 0
      vertex 47.1053 23.6386 4
    endloop
  endfacet
  facet normal -0.857738 0.514087 0
    outer loop
      vertex 46.8292 21.7777 0
      vertex 46.9402 21.9629 4
      vertex 46.9402 21.9629 0
    endloop
  endfacet
  facet normal -0.857738 0.514087 0
    outer loop
      vertex 46.9402 21.9629 4
      vertex 46.8292 21.7777 0
      vertex 46.8292 21.7777 4
    endloop
  endfacet
  facet normal 0.998794 0.0491058 0
    outer loop
      vertex 42.8106 22.7844 4
      vertex 42.8 23 0
      vertex 42.8 23 4
    endloop
  endfacet
  facet normal 0.998794 0.0491058 0
    outer loop
      vertex 42.8 23 0
      vertex 42.8106 22.7844 4
      vertex 42.8106 22.7844 0
    endloop
  endfacet
  facet normal -0.941459 0.337128 0
    outer loop
      vertex 47.0325 22.1581 0
      vertex 47.1053 22.3614 4
      vertex 47.1053 22.3614 0
    endloop
  endfacet
  facet normal -0.941459 0.337128 0
    outer loop
      vertex 47.1053 22.3614 4
      vertex 47.0325 22.1581 0
      vertex 47.0325 22.1581 4
    endloop
  endfacet
  facet normal -0.740778 -0.67175 0
    outer loop
      vertex 46.7006 24.3957 0
      vertex 46.5556 24.5556 4
      vertex 46.5556 24.5556 0
    endloop
  endfacet
  facet normal -0.740778 -0.67175 0
    outer loop
      vertex 46.5556 24.5556 4
      vertex 46.7006 24.3957 0
      vertex 46.7006 24.3957 4
    endloop
  endfacet
  facet normal -0.0491058 -0.998794 0
    outer loop
      vertex 45 25.2 0
      vertex 45.2156 25.1894 4
      vertex 45 25.2 4
    endloop
  endfacet
  facet normal -0.0491058 -0.998794 -0
    outer loop
      vertex 45.2156 25.1894 4
      vertex 45 25.2 0
      vertex 45.2156 25.1894 0
    endloop
  endfacet
  facet normal -0.90403 -0.427469 0
    outer loop
      vertex 47.0325 23.8419 0
      vertex 46.9402 24.0371 4
      vertex 46.9402 24.0371 0
    endloop
  endfacet
  facet normal -0.90403 -0.427469 0
    outer loop
      vertex 46.9402 24.0371 4
      vertex 47.0325 23.8419 0
      vertex 47.0325 23.8419 4
    endloop
  endfacet
  facet normal 0.1468 0.989166 -0
    outer loop
      vertex 44.7844 20.8106 0
      vertex 44.5708 20.8423 4
      vertex 44.7844 20.8106 4
    endloop
  endfacet
  facet normal 0.1468 0.989166 0
    outer loop
      vertex 44.5708 20.8423 4
      vertex 44.7844 20.8106 0
      vertex 44.5708 20.8423 0
    endloop
  endfacet
  facet normal -0.67175 0.740778 0
    outer loop
      vertex 46.5556 21.4444 0
      vertex 46.3957 21.2994 4
      vertex 46.5556 21.4444 4
    endloop
  endfacet
  facet normal -0.67175 0.740778 0
    outer loop
      vertex 46.3957 21.2994 4
      vertex 46.5556 21.4444 0
      vertex 46.3957 21.2994 0
    endloop
  endfacet
  facet normal 0.0491058 0.998794 -0
    outer loop
      vertex 45 20.8 0
      vertex 44.7844 20.8106 4
      vertex 45 20.8 4
    endloop
  endfacet
  facet normal 0.0491058 0.998794 0
    outer loop
      vertex 44.7844 20.8106 4
      vertex 45 20.8 0
      vertex 44.7844 20.8106 0
    endloop
  endfacet
  facet normal 0.740778 -0.67175 0
    outer loop
      vertex 43.2994 24.3957 4
      vertex 43.4444 24.5556 0
      vertex 43.4444 24.5556 4
    endloop
  endfacet
  facet normal 0.740778 -0.67175 0
    outer loop
      vertex 43.4444 24.5556 0
      vertex 43.2994 24.3957 4
      vertex 43.2994 24.3957 0
    endloop
  endfacet
  facet normal 0.1468 -0.989166 0
    outer loop
      vertex 44.5708 25.1577 0
      vertex 44.7844 25.1894 4
      vertex 44.5708 25.1577 4
    endloop
  endfacet
  facet normal 0.1468 -0.989166 0
    outer loop
      vertex 44.7844 25.1894 4
      vertex 44.5708 25.1577 0
      vertex 44.7844 25.1894 0
    endloop
  endfacet
  facet normal 0.90403 -0.427469 0
    outer loop
      vertex 42.9675 23.8419 4
      vertex 43.0598 24.0371 0
      vertex 43.0598 24.0371 4
    endloop
  endfacet
  facet normal 0.90403 -0.427469 0
    outer loop
      vertex 43.0598 24.0371 0
      vertex 42.9675 23.8419 4
      vertex 42.9675 23.8419 0
    endloop
  endfacet
  facet normal 0.970088 -0.242754 0
    outer loop
      vertex 42.8423 23.4292 4
      vertex 42.8947 23.6386 0
      vertex 42.8947 23.6386 4
    endloop
  endfacet
  facet normal 0.970088 -0.242754 0
    outer loop
      vertex 42.8947 23.6386 0
      vertex 42.8423 23.4292 4
      vertex 42.8423 23.4292 0
    endloop
  endfacet
  facet normal -0.242754 -0.970088 0
    outer loop
      vertex 45.4292 25.1577 0
      vertex 45.6386 25.1053 4
      vertex 45.4292 25.1577 4
    endloop
  endfacet
  facet normal -0.242754 -0.970088 -0
    outer loop
      vertex 45.6386 25.1053 4
      vertex 45.4292 25.1577 0
      vertex 45.6386 25.1053 0
    endloop
  endfacet
  facet normal 0.970088 0.242754 0
    outer loop
      vertex 42.8947 22.3614 4
      vertex 42.8423 22.5708 0
      vertex 42.8423 22.5708 4
    endloop
  endfacet
  facet normal 0.970088 0.242754 0
    outer loop
      vertex 42.8423 22.5708 0
      vertex 42.8947 22.3614 4
      vertex 42.8947 22.3614 0
    endloop
  endfacet
  facet normal 0.427469 0.90403 -0
    outer loop
      vertex 44.1581 20.9675 0
      vertex 43.9629 21.0598 4
      vertex 44.1581 20.9675 4
    endloop
  endfacet
  facet normal 0.427469 0.90403 0
    outer loop
      vertex 43.9629 21.0598 4
      vertex 44.1581 20.9675 0
      vertex 43.9629 21.0598 0
    endloop
  endfacet
  facet normal 0.740778 0.67175 0
    outer loop
      vertex 43.4444 21.4444 4
      vertex 43.2994 21.6043 0
      vertex 43.2994 21.6043 4
    endloop
  endfacet
  facet normal 0.740778 0.67175 0
    outer loop
      vertex 43.2994 21.6043 0
      vertex 43.4444 21.4444 4
      vertex 43.4444 21.4444 0
    endloop
  endfacet
  facet normal -0.427469 0.90403 0
    outer loop
      vertex 46.0371 21.0598 0
      vertex 45.8419 20.9675 4
      vertex 46.0371 21.0598 4
    endloop
  endfacet
  facet normal -0.427469 0.90403 0
    outer loop
      vertex 45.8419 20.9675 4
      vertex 46.0371 21.0598 0
      vertex 45.8419 20.9675 0
    endloop
  endfacet
  facet normal -0.0491058 0.998794 0
    outer loop
      vertex 45.2156 20.8106 0
      vertex 45 20.8 4
      vertex 45.2156 20.8106 4
    endloop
  endfacet
  facet normal -0.0491058 0.998794 0
    outer loop
      vertex 45 20.8 4
      vertex 45.2156 20.8106 0
      vertex 45 20.8 0
    endloop
  endfacet
  facet normal 0.989166 0.1468 0
    outer loop
      vertex 42.8423 22.5708 4
      vertex 42.8106 22.7844 0
      vertex 42.8106 22.7844 4
    endloop
  endfacet
  facet normal 0.989166 0.1468 0
    outer loop
      vertex 42.8106 22.7844 0
      vertex 42.8423 22.5708 4
      vertex 42.8423 22.5708 0
    endloop
  endfacet
  facet normal -0.595693 0.803212 0
    outer loop
      vertex 46.3957 21.2994 0
      vertex 46.2223 21.1708 4
      vertex 46.3957 21.2994 4
    endloop
  endfacet
  facet normal -0.595693 0.803212 0
    outer loop
      vertex 46.2223 21.1708 4
      vertex 46.3957 21.2994 0
      vertex 46.2223 21.1708 0
    endloop
  endfacet
  facet normal 0.803212 0.595693 0
    outer loop
      vertex 43.2994 21.6043 4
      vertex 43.1708 21.7777 0
      vertex 43.1708 21.7777 4
    endloop
  endfacet
  facet normal 0.803212 0.595693 0
    outer loop
      vertex 43.1708 21.7777 0
      vertex 43.2994 21.6043 4
      vertex 43.2994 21.6043 0
    endloop
  endfacet
  facet normal 0.998794 -0.0491058 0
    outer loop
      vertex 42.8 23 4
      vertex 42.8106 23.2156 0
      vertex 42.8106 23.2156 4
    endloop
  endfacet
  facet normal 0.998794 -0.0491058 0
    outer loop
      vertex 42.8106 23.2156 0
      vertex 42.8 23 4
      vertex 42.8 23 0
    endloop
  endfacet
  facet normal -0.740778 0.67175 0
    outer loop
      vertex 46.5556 21.4444 0
      vertex 46.7006 21.6043 4
      vertex 46.7006 21.6043 0
    endloop
  endfacet
  facet normal -0.740778 0.67175 0
    outer loop
      vertex 46.7006 21.6043 4
      vertex 46.5556 21.4444 0
      vertex 46.5556 21.4444 4
    endloop
  endfacet
  facet normal 0.0489209 -0.998803 0
    outer loop
      vertex -31.148 15.1252 4
      vertex -31.05 15.13 16.04
      vertex -31.148 15.1252 16.04
    endloop
  endfacet
  facet normal 0.0489209 -0.998803 0
    outer loop
      vertex -31.05 15.13 16.04
      vertex -31.148 15.1252 4
      vertex -31.05 15.13 4
    endloop
  endfacet
  facet normal 0.969902 -0.243494 0
    outer loop
      vertex -32.0308 14.3251 16.04
      vertex -32.0069 14.4203 4
      vertex -32.0069 14.4203 16.04
    endloop
  endfacet
  facet normal 0.969902 -0.243494 0
    outer loop
      vertex -32.0069 14.4203 4
      vertex -32.0308 14.3251 16.04
      vertex -32.0308 14.3251 4
    endloop
  endfacet
  facet normal 0.740908 -0.671607 0
    outer loop
      vertex -31.823 14.7644 16.04
      vertex -31.7571 14.8371 4
      vertex -31.7571 14.8371 16.04
    endloop
  endfacet
  facet normal 0.740908 -0.671607 0
    outer loop
      vertex -31.7571 14.8371 4
      vertex -31.823 14.7644 16.04
      vertex -31.823 14.7644 4
    endloop
  endfacet
  facet normal 0.998803 -0.0489209 0
    outer loop
      vertex -32.05 14.13 16.04
      vertex -32.0452 14.228 4
      vertex -32.0452 14.228 16.04
    endloop
  endfacet
  facet normal 0.998803 -0.0489209 0
    outer loop
      vertex -32.0452 14.228 4
      vertex -32.05 14.13 16.04
      vertex -32.05 14.13 4
    endloop
  endfacet
  facet normal -0.740908 0.671607 0
    outer loop
      vertex 31.7571 -14.8371 4
      vertex 31.823 -14.7644 16.04
      vertex 31.823 -14.7644 4
    endloop
  endfacet
  facet normal -0.740908 0.671607 0
    outer loop
      vertex 31.823 -14.7644 16.04
      vertex 31.7571 -14.8371 4
      vertex 31.7571 -14.8371 16.04
    endloop
  endfacet
  facet normal 0.427955 -0.9038 0
    outer loop
      vertex -31.5214 15.0119 4
      vertex -31.4327 15.0539 16.04
      vertex -31.5214 15.0119 16.04
    endloop
  endfacet
  facet normal 0.427955 -0.9038 0
    outer loop
      vertex -31.4327 15.0539 16.04
      vertex -31.5214 15.0119 4
      vertex -31.4327 15.0539 4
    endloop
  endfacet
  facet normal 0.989182 -0.146696 0
    outer loop
      vertex -32.0452 14.228 16.04
      vertex -32.0308 14.3251 4
      vertex -32.0308 14.3251 16.04
    endloop
  endfacet
  facet normal 0.989182 -0.146696 0
    outer loop
      vertex -32.0308 14.3251 4
      vertex -32.0452 14.228 16.04
      vertex -32.0452 14.228 4
    endloop
  endfacet
  facet normal 0 -1 0
    outer loop
      vertex -31.05 15.13 16.04
      vertex -5.5 15.13 4.01
      vertex -5.5 15.13 16.04
    endloop
  endfacet
  facet normal 0 -1 -0
    outer loop
      vertex -5.5 15.13 4.01
      vertex -31.05 15.13 4
      vertex 5.5 15.13 4.01
    endloop
  endfacet
  facet normal 0 -1 0
    outer loop
      vertex -31.05 15.13 4
      vertex -5.5 15.13 4.01
      vertex -31.05 15.13 16.04
    endloop
  endfacet
  facet normal 0 -1 0
    outer loop
      vertex 5.5 15.13 4.01
      vertex 31.05 15.13 16.04
      vertex 5.5 15.13 16.04
    endloop
  endfacet
  facet normal 0 -1 0
    outer loop
      vertex 5.5 15.13 4.01
      vertex 31.05 15.13 4
      vertex 31.05 15.13 16.04
    endloop
  endfacet
  facet normal 0 -1 0
    outer loop
      vertex 31.05 15.13 4
      vertex 5.5 15.13 4.01
      vertex -31.05 15.13 4
    endloop
  endfacet
  facet normal 0.802925 0.59608 0
    outer loop
      vertex -31.823 -14.7644 16.04
      vertex -31.8815 -14.6856 4
      vertex -31.8815 -14.6856 16.04
    endloop
  endfacet
  facet normal 0.802925 0.59608 0
    outer loop
      vertex -31.8815 -14.6856 4
      vertex -31.823 -14.7644 16.04
      vertex -31.823 -14.7644 4
    endloop
  endfacet
  facet normal 0.858032 -0.513596 0
    outer loop
      vertex -31.9319 14.6014 16.04
      vertex -31.8815 14.6856 4
      vertex -31.8815 14.6856 16.04
    endloop
  endfacet
  facet normal 0.858032 -0.513596 0
    outer loop
      vertex -31.8815 14.6856 4
      vertex -31.9319 14.6014 16.04
      vertex -31.9319 14.6014 4
    endloop
  endfacet
  facet normal 0.9038 0.427955 0
    outer loop
      vertex -31.9319 -14.6014 16.04
      vertex -31.9739 -14.5127 4
      vertex -31.9739 -14.5127 16.04
    endloop
  endfacet
  facet normal 0.9038 0.427955 0
    outer loop
      vertex -31.9739 -14.5127 4
      vertex -31.9319 -14.6014 16.04
      vertex -31.9319 -14.6014 4
    endloop
  endfacet
  facet normal 0.146696 -0.989182 0
    outer loop
      vertex -31.2451 15.1108 4
      vertex -31.148 15.1252 16.04
      vertex -31.2451 15.1108 16.04
    endloop
  endfacet
  facet normal 0.146696 -0.989182 0
    outer loop
      vertex -31.148 15.1252 16.04
      vertex -31.2451 15.1108 4
      vertex -31.148 15.1252 4
    endloop
  endfacet
  facet normal -0.0489209 0.998803 0
    outer loop
      vertex 31.148 -15.1252 4
      vertex 31.05 -15.13 16.04
      vertex 31.148 -15.1252 16.04
    endloop
  endfacet
  facet normal -0.0489209 0.998803 0
    outer loop
      vertex 31.05 -15.13 16.04
      vertex 31.148 -15.1252 4
      vertex 31.05 -15.13 4
    endloop
  endfacet
  facet normal 0.671607 0.740908 -0
    outer loop
      vertex -31.6844 -14.903 4
      vertex -31.7571 -14.8371 16.04
      vertex -31.6844 -14.903 16.04
    endloop
  endfacet
  facet normal 0.671607 0.740908 0
    outer loop
      vertex -31.7571 -14.8371 16.04
      vertex -31.6844 -14.903 4
      vertex -31.7571 -14.8371 4
    endloop
  endfacet
  facet normal 0 1 -0
    outer loop
      vertex 31.05 -15.13 4
      vertex -31.05 -15.13 16.04
      vertex 31.05 -15.13 16.04
    endloop
  endfacet
  facet normal 0 1 0
    outer loop
      vertex -31.05 -15.13 16.04
      vertex 31.05 -15.13 4
      vertex -31.05 -15.13 4
    endloop
  endfacet
  facet normal 0.0489209 0.998803 -0
    outer loop
      vertex -31.05 -15.13 4
      vertex -31.148 -15.1252 16.04
      vertex -31.05 -15.13 16.04
    endloop
  endfacet
  facet normal 0.0489209 0.998803 0
    outer loop
      vertex -31.148 -15.1252 16.04
      vertex -31.05 -15.13 4
      vertex -31.148 -15.1252 4
    endloop
  endfacet
  facet normal -0.243494 -0.969902 0
    outer loop
      vertex 31.2451 15.1108 4
      vertex 31.3403 15.0869 16.04
      vertex 31.2451 15.1108 16.04
    endloop
  endfacet
  facet normal -0.243494 -0.969902 -0
    outer loop
      vertex 31.3403 15.0869 16.04
      vertex 31.2451 15.1108 4
      vertex 31.3403 15.0869 4
    endloop
  endfacet
  facet normal -1 0 0
    outer loop
      vertex 32.05 14.13 4
      vertex 32.05 6 4.01
      vertex 32.05 14.13 16.04
    endloop
  endfacet
  facet normal -1 0 0
    outer loop
      vertex 32.05 14.13 4
      vertex 32.05 -6 4.01
      vertex 32.05 6 4.01
    endloop
  endfacet
  facet normal -1 0 0
    outer loop
      vertex 32.05 -14.13 4
      vertex 32.05 -6 4.01
      vertex 32.05 14.13 4
    endloop
  endfacet
  facet normal -1 0 0
    outer loop
      vertex 32.05 -14.13 4
      vertex 32.05 -6 16.04
      vertex 32.05 -6 4.01
    endloop
  endfacet
  facet normal -1 -0 0
    outer loop
      vertex 32.05 -6 16.04
      vertex 32.05 -14.13 4
      vertex 32.05 -14.13 16.04
    endloop
  endfacet
  facet normal -1 -0 0
    outer loop
      vertex 32.05 14.13 16.04
      vertex 32.05 6 4.01
      vertex 32.05 6 16.04
    endloop
  endfacet
  facet normal -0.989182 -0.146696 0
    outer loop
      vertex 32.0452 14.228 4
      vertex 32.0308 14.3251 16.04
      vertex 32.0308 14.3251 4
    endloop
  endfacet
  facet normal -0.989182 -0.146696 0
    outer loop
      vertex 32.0308 14.3251 16.04
      vertex 32.0452 14.228 4
      vertex 32.0452 14.228 16.04
    endloop
  endfacet
  facet normal 0.336336 -0.941742 0
    outer loop
      vertex -31.4327 15.0539 4
      vertex -31.3403 15.0869 16.04
      vertex -31.4327 15.0539 16.04
    endloop
  endfacet
  facet normal 0.336336 -0.941742 0
    outer loop
      vertex -31.3403 15.0869 16.04
      vertex -31.4327 15.0539 4
      vertex -31.3403 15.0869 4
    endloop
  endfacet
  facet normal 0.941742 -0.336336 0
    outer loop
      vertex -32.0069 14.4203 16.04
      vertex -31.9739 14.5127 4
      vertex -31.9739 14.5127 16.04
    endloop
  endfacet
  facet normal 0.941742 -0.336336 0
    outer loop
      vertex -31.9739 14.5127 4
      vertex -32.0069 14.4203 16.04
      vertex -32.0069 14.4203 4
    endloop
  endfacet
  facet normal 0.243494 -0.969902 0
    outer loop
      vertex -31.3403 15.0869 4
      vertex -31.2451 15.1108 16.04
      vertex -31.3403 15.0869 16.04
    endloop
  endfacet
  facet normal 0.243494 -0.969902 0
    outer loop
      vertex -31.2451 15.1108 16.04
      vertex -31.3403 15.0869 4
      vertex -31.2451 15.1108 4
    endloop
  endfacet
  facet normal 0.427955 0.9038 -0
    outer loop
      vertex -31.4327 -15.0539 4
      vertex -31.5214 -15.0119 16.04
      vertex -31.4327 -15.0539 16.04
    endloop
  endfacet
  facet normal 0.427955 0.9038 0
    outer loop
      vertex -31.5214 -15.0119 16.04
      vertex -31.4327 -15.0539 4
      vertex -31.5214 -15.0119 4
    endloop
  endfacet
  facet normal 1 0 0
    outer loop
      vertex -32.05 -6 16.04
      vertex -32.05 -14.13 16.04
      vertex -32.05 -6 4.01
    endloop
  endfacet
  facet normal 1 -0 0
    outer loop
      vertex -32.05 6 16.04
      vertex -32.05 14.13 4
      vertex -32.05 14.13 16.04
    endloop
  endfacet
  facet normal 1 -0 0
    outer loop
      vertex -32.05 6 4.01
      vertex -32.05 14.13 4
      vertex -32.05 6 16.04
    endloop
  endfacet
  facet normal 1 -0 0
    outer loop
      vertex -32.05 -6 4.01
      vertex -32.05 14.13 4
      vertex -32.05 6 4.01
    endloop
  endfacet
  facet normal 1 0 0
    outer loop
      vertex -32.05 -6 4.01
      vertex -32.05 -14.13 4
      vertex -32.05 14.13 4
    endloop
  endfacet
  facet normal 1 0 0
    outer loop
      vertex -32.05 -14.13 4
      vertex -32.05 -6 4.01
      vertex -32.05 -14.13 16.04
    endloop
  endfacet
  facet normal -0.243494 0.969902 0
    outer loop
      vertex 31.3403 -15.0869 4
      vertex 31.2451 -15.1108 16.04
      vertex 31.3403 -15.0869 16.04
    endloop
  endfacet
  facet normal -0.243494 0.969902 0
    outer loop
      vertex 31.2451 -15.1108 16.04
      vertex 31.3403 -15.0869 4
      vertex 31.2451 -15.1108 4
    endloop
  endfacet
  facet normal -0.989182 0.146696 0
    outer loop
      vertex 32.0308 -14.3251 4
      vertex 32.0452 -14.228 16.04
      vertex 32.0452 -14.228 4
    endloop
  endfacet
  facet normal -0.989182 0.146696 0
    outer loop
      vertex 32.0452 -14.228 16.04
      vertex 32.0308 -14.3251 4
      vertex 32.0308 -14.3251 16.04
    endloop
  endfacet
  facet normal 0.243494 0.969902 -0
    outer loop
      vertex -31.2451 -15.1108 4
      vertex -31.3403 -15.0869 16.04
      vertex -31.2451 -15.1108 16.04
    endloop
  endfacet
  facet normal 0.243494 0.969902 0
    outer loop
      vertex -31.3403 -15.0869 16.04
      vertex -31.2451 -15.1108 4
      vertex -31.3403 -15.0869 4
    endloop
  endfacet
  facet normal -0.671607 -0.740908 0
    outer loop
      vertex 31.6844 14.903 4
      vertex 31.7571 14.8371 16.04
      vertex 31.6844 14.903 16.04
    endloop
  endfacet
  facet normal -0.671607 -0.740908 -0
    outer loop
      vertex 31.7571 14.8371 16.04
      vertex 31.6844 14.903 4
      vertex 31.7571 14.8371 4
    endloop
  endfacet
  facet normal -0.427955 0.9038 0
    outer loop
      vertex 31.5214 -15.0119 4
      vertex 31.4327 -15.0539 16.04
      vertex 31.5214 -15.0119 16.04
    endloop
  endfacet
  facet normal -0.427955 0.9038 0
    outer loop
      vertex 31.4327 -15.0539 16.04
      vertex 31.5214 -15.0119 4
      vertex 31.4327 -15.0539 4
    endloop
  endfacet
  facet normal 0.336336 0.941742 -0
    outer loop
      vertex -31.3403 -15.0869 4
      vertex -31.4327 -15.0539 16.04
      vertex -31.3403 -15.0869 16.04
    endloop
  endfacet
  facet normal 0.336336 0.941742 0
    outer loop
      vertex -31.4327 -15.0539 16.04
      vertex -31.3403 -15.0869 4
      vertex -31.4327 -15.0539 4
    endloop
  endfacet
  facet normal 0.671607 -0.740908 0
    outer loop
      vertex -31.7571 14.8371 4
      vertex -31.6844 14.903 16.04
      vertex -31.7571 14.8371 16.04
    endloop
  endfacet
  facet normal 0.671607 -0.740908 0
    outer loop
      vertex -31.6844 14.903 16.04
      vertex -31.7571 14.8371 4
      vertex -31.6844 14.903 4
    endloop
  endfacet
  facet normal -0.9038 -0.427955 0
    outer loop
      vertex 31.9739 14.5127 4
      vertex 31.9319 14.6014 16.04
      vertex 31.9319 14.6014 4
    endloop
  endfacet
  facet normal -0.9038 -0.427955 0
    outer loop
      vertex 31.9319 14.6014 16.04
      vertex 31.9739 14.5127 4
      vertex 31.9739 14.5127 16.04
    endloop
  endfacet
  facet normal -0.59608 0.802925 0
    outer loop
      vertex 31.6844 -14.903 4
      vertex 31.6056 -14.9615 16.04
      vertex 31.6844 -14.903 16.04
    endloop
  endfacet
  facet normal -0.59608 0.802925 0
    outer loop
      vertex 31.6056 -14.9615 16.04
      vertex 31.6844 -14.903 4
      vertex 31.6056 -14.9615 4
    endloop
  endfacet
  facet normal -0.802925 -0.59608 0
    outer loop
      vertex 31.8815 14.6856 4
      vertex 31.823 14.7644 16.04
      vertex 31.823 14.7644 4
    endloop
  endfacet
  facet normal -0.802925 -0.59608 0
    outer loop
      vertex 31.823 14.7644 16.04
      vertex 31.8815 14.6856 4
      vertex 31.8815 14.6856 16.04
    endloop
  endfacet
  facet normal -0.146696 0.989182 0
    outer loop
      vertex 31.2451 -15.1108 4
      vertex 31.148 -15.1252 16.04
      vertex 31.2451 -15.1108 16.04
    endloop
  endfacet
  facet normal -0.146696 0.989182 0
    outer loop
      vertex 31.148 -15.1252 16.04
      vertex 31.2451 -15.1108 4
      vertex 31.148 -15.1252 4
    endloop
  endfacet
  facet normal 0.740908 0.671607 0
    outer loop
      vertex -31.7571 -14.8371 16.04
      vertex -31.823 -14.7644 4
      vertex -31.823 -14.7644 16.04
    endloop
  endfacet
  facet normal 0.740908 0.671607 0
    outer loop
      vertex -31.823 -14.7644 4
      vertex -31.7571 -14.8371 16.04
      vertex -31.7571 -14.8371 4
    endloop
  endfacet
  facet normal -0.969902 0.243494 0
    outer loop
      vertex 32.0069 -14.4203 4
      vertex 32.0308 -14.3251 16.04
      vertex 32.0308 -14.3251 4
    endloop
  endfacet
  facet normal -0.969902 0.243494 0
    outer loop
      vertex 32.0308 -14.3251 16.04
      vertex 32.0069 -14.4203 4
      vertex 32.0069 -14.4203 16.04
    endloop
  endfacet
  facet normal 0.513596 0.858032 -0
    outer loop
      vertex -31.5214 -15.0119 4
      vertex -31.6056 -14.9615 16.04
      vertex -31.5214 -15.0119 16.04
    endloop
  endfacet
  facet normal 0.513596 0.858032 0
    outer loop
      vertex -31.6056 -14.9615 16.04
      vertex -31.5214 -15.0119 4
      vertex -31.6056 -14.9615 4
    endloop
  endfacet
  facet normal -0.969902 -0.243494 0
    outer loop
      vertex 32.0308 14.3251 4
      vertex 32.0069 14.4203 16.04
      vertex 32.0069 14.4203 4
    endloop
  endfacet
  facet normal -0.969902 -0.243494 0
    outer loop
      vertex 32.0069 14.4203 16.04
      vertex 32.0308 14.3251 4
      vertex 32.0308 14.3251 16.04
    endloop
  endfacet
  facet normal -0.336336 -0.941742 0
    outer loop
      vertex 31.3403 15.0869 4
      vertex 31.4327 15.0539 16.04
      vertex 31.3403 15.0869 16.04
    endloop
  endfacet
  facet normal -0.336336 -0.941742 -0
    outer loop
      vertex 31.4327 15.0539 16.04
      vertex 31.3403 15.0869 4
      vertex 31.4327 15.0539 4
    endloop
  endfacet
  facet normal 0.513596 -0.858032 0
    outer loop
      vertex -31.6056 14.9615 4
      vertex -31.5214 15.0119 16.04
      vertex -31.6056 14.9615 16.04
    endloop
  endfacet
  facet normal 0.513596 -0.858032 0
    outer loop
      vertex -31.5214 15.0119 16.04
      vertex -31.6056 14.9615 4
      vertex -31.5214 15.0119 4
    endloop
  endfacet
  facet normal -0.998803 0.0489209 0
    outer loop
      vertex 32.0452 -14.228 4
      vertex 32.05 -14.13 16.04
      vertex 32.05 -14.13 4
    endloop
  endfacet
  facet normal -0.998803 0.0489209 0
    outer loop
      vertex 32.05 -14.13 16.04
      vertex 32.0452 -14.228 4
      vertex 32.0452 -14.228 16.04
    endloop
  endfacet
  facet normal -0.146696 -0.989182 0
    outer loop
      vertex 31.148 15.1252 4
      vertex 31.2451 15.1108 16.04
      vertex 31.148 15.1252 16.04
    endloop
  endfacet
  facet normal -0.146696 -0.989182 -0
    outer loop
      vertex 31.2451 15.1108 16.04
      vertex 31.148 15.1252 4
      vertex 31.2451 15.1108 4
    endloop
  endfacet
  facet normal -0.671607 0.740908 0
    outer loop
      vertex 31.7571 -14.8371 4
      vertex 31.6844 -14.903 16.04
      vertex 31.7571 -14.8371 16.04
    endloop
  endfacet
  facet normal -0.671607 0.740908 0
    outer loop
      vertex 31.6844 -14.903 16.04
      vertex 31.7571 -14.8371 4
      vertex 31.6844 -14.903 4
    endloop
  endfacet
  facet normal -0.941742 0.336336 0
    outer loop
      vertex 31.9739 -14.5127 4
      vertex 32.0069 -14.4203 16.04
      vertex 32.0069 -14.4203 4
    endloop
  endfacet
  facet normal -0.941742 0.336336 0
    outer loop
      vertex 32.0069 -14.4203 16.04
      vertex 31.9739 -14.5127 4
      vertex 31.9739 -14.5127 16.04
    endloop
  endfacet
  facet normal -0.336336 0.941742 0
    outer loop
      vertex 31.4327 -15.0539 4
      vertex 31.3403 -15.0869 16.04
      vertex 31.4327 -15.0539 16.04
    endloop
  endfacet
  facet normal -0.336336 0.941742 0
    outer loop
      vertex 31.3403 -15.0869 16.04
      vertex 31.4327 -15.0539 4
      vertex 31.3403 -15.0869 4
    endloop
  endfacet
  facet normal -0.998803 -0.0489209 0
    outer loop
      vertex 32.05 14.13 4
      vertex 32.0452 14.228 16.04
      vertex 32.0452 14.228 4
    endloop
  endfacet
  facet normal -0.998803 -0.0489209 0
    outer loop
      vertex 32.0452 14.228 16.04
      vertex 32.05 14.13 4
      vertex 32.05 14.13 16.04
    endloop
  endfacet
  facet normal 0.59608 -0.802925 0
    outer loop
      vertex -31.6844 14.903 4
      vertex -31.6056 14.9615 16.04
      vertex -31.6844 14.903 16.04
    endloop
  endfacet
  facet normal 0.59608 -0.802925 0
    outer loop
      vertex -31.6056 14.9615 16.04
      vertex -31.6844 14.903 4
      vertex -31.6056 14.9615 4
    endloop
  endfacet
  facet normal 0.9038 -0.427955 0
    outer loop
      vertex -31.9739 14.5127 16.04
      vertex -31.9319 14.6014 4
      vertex -31.9319 14.6014 16.04
    endloop
  endfacet
  facet normal 0.9038 -0.427955 0
    outer loop
      vertex -31.9319 14.6014 4
      vertex -31.9739 14.5127 16.04
      vertex -31.9739 14.5127 4
    endloop
  endfacet
  facet normal -0.513596 0.858032 0
    outer loop
      vertex 31.6056 -14.9615 4
      vertex 31.5214 -15.0119 16.04
      vertex 31.6056 -14.9615 16.04
    endloop
  endfacet
  facet normal -0.513596 0.858032 0
    outer loop
      vertex 31.5214 -15.0119 16.04
      vertex 31.6056 -14.9615 4
      vertex 31.5214 -15.0119 4
    endloop
  endfacet
  facet normal -0.858032 0.513596 0
    outer loop
      vertex 31.8815 -14.6856 4
      vertex 31.9319 -14.6014 16.04
      vertex 31.9319 -14.6014 4
    endloop
  endfacet
  facet normal -0.858032 0.513596 0
    outer loop
      vertex 31.9319 -14.6014 16.04
      vertex 31.8815 -14.6856 4
      vertex 31.8815 -14.6856 16.04
    endloop
  endfacet
  facet normal -0.0489209 -0.998803 0
    outer loop
      vertex 31.05 15.13 4
      vertex 31.148 15.1252 16.04
      vertex 31.05 15.13 16.04
    endloop
  endfacet
  facet normal -0.0489209 -0.998803 -0
    outer loop
      vertex 31.148 15.1252 16.04
      vertex 31.05 15.13 4
      vertex 31.148 15.1252 4
    endloop
  endfacet
  facet normal -0.941742 -0.336336 0
    outer loop
      vertex 32.0069 14.4203 4
      vertex 31.9739 14.5127 16.04
      vertex 31.9739 14.5127 4
    endloop
  endfacet
  facet normal -0.941742 -0.336336 0
    outer loop
      vertex 31.9739 14.5127 16.04
      vertex 32.0069 14.4203 4
      vertex 32.0069 14.4203 16.04
    endloop
  endfacet
  facet normal -0.59608 -0.802925 0
    outer loop
      vertex 31.6056 14.9615 4
      vertex 31.6844 14.903 16.04
      vertex 31.6056 14.9615 16.04
    endloop
  endfacet
  facet normal -0.59608 -0.802925 -0
    outer loop
      vertex 31.6844 14.903 16.04
      vertex 31.6056 14.9615 4
      vertex 31.6844 14.903 4
    endloop
  endfacet
  facet normal -0.9038 0.427955 0
    outer loop
      vertex 31.9319 -14.6014 4
      vertex 31.9739 -14.5127 16.04
      vertex 31.9739 -14.5127 4
    endloop
  endfacet
  facet normal -0.9038 0.427955 0
    outer loop
      vertex 31.9739 -14.5127 16.04
      vertex 31.9319 -14.6014 4
      vertex 31.9319 -14.6014 16.04
    endloop
  endfacet
  facet normal 0.969902 0.243494 0
    outer loop
      vertex -32.0069 -14.4203 16.04
      vertex -32.0308 -14.3251 4
      vertex -32.0308 -14.3251 16.04
    endloop
  endfacet
  facet normal 0.969902 0.243494 0
    outer loop
      vertex -32.0308 -14.3251 4
      vertex -32.0069 -14.4203 16.04
      vertex -32.0069 -14.4203 4
    endloop
  endfacet
  facet normal 0.802925 -0.59608 0
    outer loop
      vertex -31.8815 14.6856 16.04
      vertex -31.823 14.7644 4
      vertex -31.823 14.7644 16.04
    endloop
  endfacet
  facet normal 0.802925 -0.59608 0
    outer loop
      vertex -31.823 14.7644 4
      vertex -31.8815 14.6856 16.04
      vertex -31.8815 14.6856 4
    endloop
  endfacet
  facet normal -0.802925 0.59608 0
    outer loop
      vertex 31.823 -14.7644 4
      vertex 31.8815 -14.6856 16.04
      vertex 31.8815 -14.6856 4
    endloop
  endfacet
  facet normal -0.802925 0.59608 0
    outer loop
      vertex 31.8815 -14.6856 16.04
      vertex 31.823 -14.7644 4
      vertex 31.823 -14.7644 16.04
    endloop
  endfacet
  facet normal 0.941742 0.336336 0
    outer loop
      vertex -31.9739 -14.5127 16.04
      vertex -32.0069 -14.4203 4
      vertex -32.0069 -14.4203 16.04
    endloop
  endfacet
  facet normal 0.941742 0.336336 0
    outer loop
      vertex -32.0069 -14.4203 4
      vertex -31.9739 -14.5127 16.04
      vertex -31.9739 -14.5127 4
    endloop
  endfacet
  facet normal 0 0 1
    outer loop
      vertex 31.05 15.13 4
      vertex 32.05 14.13 4
      vertex 32.0452 14.228 4
    endloop
  endfacet
  facet normal 0 0 1
    outer loop
      vertex 32.05 14.13 4
      vertex 30.01 10.51 4
      vertex 32.05 -14.13 4
    endloop
  endfacet
  facet normal 0 0 1
    outer loop
      vertex 31.05 15.13 4
      vertex 32.0452 14.228 4
      vertex 32.0308 14.3251 4
    endloop
  endfacet
  facet normal -0 0 1
    outer loop
      vertex 30.01 -10.51 4
      vertex 32.05 -14.13 4
      vertex 30.01 10.51 4
    endloop
  endfacet
  facet normal 0 0 1
    outer loop
      vertex 31.05 15.13 4
      vertex 32.0308 14.3251 4
      vertex 32.0069 14.4203 4
    endloop
  endfacet
  facet normal -0 0 1
    outer loop
      vertex 30.0004 -10.706 4
      vertex 32.05 -14.13 4
      vertex 30.01 -10.51 4
    endloop
  endfacet
  facet normal 0 0 1
    outer loop
      vertex 31.05 15.13 4
      vertex 32.0069 14.4203 4
      vertex 31.9739 14.5127 4
    endloop
  endfacet
  facet normal -0 0 1
    outer loop
      vertex 29.9716 -10.9002 4
      vertex 32.05 -14.13 4
      vertex 30.0004 -10.706 4
    endloop
  endfacet
  facet normal 0 0 1
    outer loop
      vertex 31.05 15.13 4
      vertex 31.9739 14.5127 4
      vertex 31.9319 14.6014 4
    endloop
  endfacet
  facet normal -0 0 1
    outer loop
      vertex 29.9239 -11.0906 4
      vertex 32.05 -14.13 4
      vertex 29.9716 -10.9002 4
    endloop
  endfacet
  facet normal 0 0 1
    outer loop
      vertex 31.05 15.13 4
      vertex 31.9319 14.6014 4
      vertex 31.8815 14.6856 4
    endloop
  endfacet
  facet normal -0 0 1
    outer loop
      vertex 29.8578 -11.2754 4
      vertex 32.05 -14.13 4
      vertex 29.9239 -11.0906 4
    endloop
  endfacet
  facet normal 0 0 1
    outer loop
      vertex 31.05 15.13 4
      vertex 31.8815 14.6856 4
      vertex 31.823 14.7644 4
    endloop
  endfacet
  facet normal -0 0 1
    outer loop
      vertex 29.7738 -11.4528 4
      vertex 32.05 -14.13 4
      vertex 29.8578 -11.2754 4
    endloop
  endfacet
  facet normal 0 0 1
    outer loop
      vertex 31.05 15.13 4
      vertex 31.823 14.7644 4
      vertex 31.7571 14.8371 4
    endloop
  endfacet
  facet normal -0 0 1
    outer loop
      vertex 29.6729 -11.6211 4
      vertex 32.05 -14.13 4
      vertex 29.7738 -11.4528 4
    endloop
  endfacet
  facet normal 0 0 1
    outer loop
      vertex 31.05 15.13 4
      vertex 31.7571 14.8371 4
      vertex 31.6844 14.903 4
    endloop
  endfacet
  facet normal -0 0 1
    outer loop
      vertex 29.556 -11.7788 4
      vertex 32.05 -14.13 4
      vertex 29.6729 -11.6211 4
    endloop
  endfacet
  facet normal 0 0 1
    outer loop
      vertex 31.05 15.13 4
      vertex 31.6844 14.903 4
      vertex 31.6056 14.9615 4
    endloop
  endfacet
  facet normal -0 0 1
    outer loop
      vertex 29.4242 -11.9242 4
      vertex 32.05 -14.13 4
      vertex 29.556 -11.7788 4
    endloop
  endfacet
  facet normal 0 0 1
    outer loop
      vertex 31.05 15.13 4
      vertex 31.6056 14.9615 4
      vertex 31.5214 15.0119 4
    endloop
  endfacet
  facet normal -0 0 1
    outer loop
      vertex 29.2788 -12.056 4
      vertex 32.05 -14.13 4
      vertex 29.4242 -11.9242 4
    endloop
  endfacet
  facet normal 0 0 1
    outer loop
      vertex 31.05 15.13 4
      vertex 31.5214 15.0119 4
      vertex 31.4327 15.0539 4
    endloop
  endfacet
  facet normal 0 -0 1
    outer loop
      vertex 31.05 -15.13 4
      vertex 32.05 -14.13 4
      vertex 29.2788 -12.056 4
    endloop
  endfacet
  facet normal 0 0 1
    outer loop
      vertex 31.05 15.13 4
      vertex 31.4327 15.0539 4
      vertex 31.3403 15.0869 4
    endloop
  endfacet
  facet normal 0 0 1
    outer loop
      vertex 32.05 -14.13 4
      vertex 31.05 -15.13 4
      vertex 32.0452 -14.228 4
    endloop
  endfacet
  facet normal 0 0 1
    outer loop
      vertex 31.05 15.13 4
      vertex 31.3403 15.0869 4
      vertex 31.2451 15.1108 4
    endloop
  endfacet
  facet normal 0 0 1
    outer loop
      vertex 32.0452 -14.228 4
      vertex 31.05 -15.13 4
      vertex 32.0308 -14.3251 4
    endloop
  endfacet
  facet normal 0 0 1
    outer loop
      vertex 31.05 15.13 4
      vertex 31.2451 15.1108 4
      vertex 31.148 15.1252 4
    endloop
  endfacet
  facet normal 0 0 1
    outer loop
      vertex 32.0308 -14.3251 4
      vertex 31.05 -15.13 4
      vertex 32.0069 -14.4203 4
    endloop
  endfacet
  facet normal 0 0 1
    outer loop
      vertex 32.05 14.13 4
      vertex 31.05 15.13 4
      vertex 29.2788 12.056 4
    endloop
  endfacet
  facet normal 0 0 1
    outer loop
      vertex 31.9739 -14.5127 4
      vertex 31.05 -15.13 4
      vertex 31.9319 -14.6014 4
    endloop
  endfacet
  facet normal 0 0 1
    outer loop
      vertex 31.9319 -14.6014 4
      vertex 31.05 -15.13 4
      vertex 31.8815 -14.6856 4
    endloop
  endfacet
  facet normal 0 0 1
    outer loop
      vertex 32.05 14.13 4
      vertex 30.0004 10.706 4
      vertex 30.01 10.51 4
    endloop
  endfacet
  facet normal 0 0 1
    outer loop
      vertex 32.05 14.13 4
      vertex 29.9716 10.9002 4
      vertex 30.0004 10.706 4
    endloop
  endfacet
  facet normal 0 0 1
    outer loop
      vertex 32.05 14.13 4
      vertex 29.9239 11.0906 4
      vertex 29.9716 10.9002 4
    endloop
  endfacet
  facet normal 0 0 1
    outer loop
      vertex 32.05 14.13 4
      vertex 29.8578 11.2754 4
      vertex 29.9239 11.0906 4
    endloop
  endfacet
  facet normal 0 0 1
    outer loop
      vertex 32.05 14.13 4
      vertex 29.7738 11.4528 4
      vertex 29.8578 11.2754 4
    endloop
  endfacet
  facet normal 0 0 1
    outer loop
      vertex 32.05 14.13 4
      vertex 29.6729 11.6211 4
      vertex 29.7738 11.4528 4
    endloop
  endfacet
  facet normal 0 0 1
    outer loop
      vertex 32.05 14.13 4
      vertex 29.556 11.7788 4
      vertex 29.6729 11.6211 4
    endloop
  endfacet
  facet normal 0 0 1
    outer loop
      vertex 32.05 14.13 4
      vertex 29.4242 11.9242 4
      vertex 29.556 11.7788 4
    endloop
  endfacet
  facet normal 0 0 1
    outer loop
      vertex 32.05 14.13 4
      vertex 29.2788 12.056 4
      vertex 29.4242 11.9242 4
    endloop
  endfacet
  facet normal 0 0 1
    outer loop
      vertex 31.05 15.13 4
      vertex 29.1211 12.1729 4
      vertex 29.2788 12.056 4
    endloop
  endfacet
  facet normal 0 0 1
    outer loop
      vertex 31.05 15.13 4
      vertex 28.9528 12.2738 4
      vertex 29.1211 12.1729 4
    endloop
  endfacet
  facet normal 0 0 1
    outer loop
      vertex 31.05 15.13 4
      vertex 28.7754 12.3578 4
      vertex 28.9528 12.2738 4
    endloop
  endfacet
  facet normal 0 0 1
    outer loop
      vertex 31.05 15.13 4
      vertex 28.5906 12.4239 4
      vertex 28.7754 12.3578 4
    endloop
  endfacet
  facet normal 0 0 1
    outer loop
      vertex 31.05 15.13 4
      vertex 28.4002 12.4716 4
      vertex 28.5906 12.4239 4
    endloop
  endfacet
  facet normal 0 0 1
    outer loop
      vertex 31.05 15.13 4
      vertex 28.206 12.5004 4
      vertex 28.4002 12.4716 4
    endloop
  endfacet
  facet normal 0 0 1
    outer loop
      vertex 31.05 15.13 4
      vertex 28.01 12.51 4
      vertex 28.206 12.5004 4
    endloop
  endfacet
  facet normal 0 0 1
    outer loop
      vertex 31.05 15.13 4
      vertex -28.01 12.51 4
      vertex 28.01 12.51 4
    endloop
  endfacet
  facet normal 0 0 1
    outer loop
      vertex -30.0004 10.706 4
      vertex -32.05 14.13 4
      vertex -30.01 10.51 4
    endloop
  endfacet
  facet normal 0 0 1
    outer loop
      vertex -29.9716 10.9002 4
      vertex -32.05 14.13 4
      vertex -30.0004 10.706 4
    endloop
  endfacet
  facet normal 0 0 1
    outer loop
      vertex -29.9239 11.0906 4
      vertex -32.05 14.13 4
      vertex -29.9716 10.9002 4
    endloop
  endfacet
  facet normal 0 0 1
    outer loop
      vertex -29.8578 11.2754 4
      vertex -32.05 14.13 4
      vertex -29.9239 11.0906 4
    endloop
  endfacet
  facet normal 0 0 1
    outer loop
      vertex -29.7738 11.4528 4
      vertex -32.05 14.13 4
      vertex -29.8578 11.2754 4
    endloop
  endfacet
  facet normal 0 0 1
    outer loop
      vertex -29.6729 11.6211 4
      vertex -32.05 14.13 4
      vertex -29.7738 11.4528 4
    endloop
  endfacet
  facet normal 0 0 1
    outer loop
      vertex -29.556 11.7788 4
      vertex -32.05 14.13 4
      vertex -29.6729 11.6211 4
    endloop
  endfacet
  facet normal 0 0 1
    outer loop
      vertex -29.4242 11.9242 4
      vertex -32.05 14.13 4
      vertex -29.556 11.7788 4
    endloop
  endfacet
  facet normal 0 0 1
    outer loop
      vertex -29.2788 12.056 4
      vertex -32.05 14.13 4
      vertex -29.4242 11.9242 4
    endloop
  endfacet
  facet normal -0 0 1
    outer loop
      vertex -32.05 14.13 4
      vertex -29.2788 12.056 4
      vertex -31.05 15.13 4
    endloop
  endfacet
  facet normal 0 0 1
    outer loop
      vertex -29.1211 12.1729 4
      vertex -31.05 15.13 4
      vertex -29.2788 12.056 4
    endloop
  endfacet
  facet normal 0 0 1
    outer loop
      vertex -28.9528 12.2738 4
      vertex -31.05 15.13 4
      vertex -29.1211 12.1729 4
    endloop
  endfacet
  facet normal 0 0 1
    outer loop
      vertex -28.7754 12.3578 4
      vertex -31.05 15.13 4
      vertex -28.9528 12.2738 4
    endloop
  endfacet
  facet normal 0 0 1
    outer loop
      vertex -28.5906 12.4239 4
      vertex -31.05 15.13 4
      vertex -28.7754 12.3578 4
    endloop
  endfacet
  facet normal 0 0 1
    outer loop
      vertex -28.4002 12.4716 4
      vertex -31.05 15.13 4
      vertex -28.5906 12.4239 4
    endloop
  endfacet
  facet normal 0 0 1
    outer loop
      vertex -28.206 12.5004 4
      vertex -31.05 15.13 4
      vertex -28.4002 12.4716 4
    endloop
  endfacet
  facet normal 0 0 1
    outer loop
      vertex -28.01 12.51 4
      vertex -31.05 15.13 4
      vertex -28.206 12.5004 4
    endloop
  endfacet
  facet normal -0 0 1
    outer loop
      vertex -31.05 15.13 4
      vertex -28.01 12.51 4
      vertex 31.05 15.13 4
    endloop
  endfacet
  facet normal 0 0 1
    outer loop
      vertex 31.8815 -14.6856 4
      vertex 31.05 -15.13 4
      vertex 31.823 -14.7644 4
    endloop
  endfacet
  facet normal 0 0 1
    outer loop
      vertex 31.823 -14.7644 4
      vertex 31.05 -15.13 4
      vertex 31.7571 -14.8371 4
    endloop
  endfacet
  facet normal 0 0 1
    outer loop
      vertex 31.7571 -14.8371 4
      vertex 31.05 -15.13 4
      vertex 31.6844 -14.903 4
    endloop
  endfacet
  facet normal 0 0 1
    outer loop
      vertex 31.6844 -14.903 4
      vertex 31.05 -15.13 4
      vertex 31.6056 -14.9615 4
    endloop
  endfacet
  facet normal 0 0 1
    outer loop
      vertex 31.6056 -14.9615 4
      vertex 31.05 -15.13 4
      vertex 31.5214 -15.0119 4
    endloop
  endfacet
  facet normal 0 0 1
    outer loop
      vertex 31.5214 -15.0119 4
      vertex 31.05 -15.13 4
      vertex 31.4327 -15.0539 4
    endloop
  endfacet
  facet normal 0 0 1
    outer loop
      vertex 31.3403 -15.0869 4
      vertex 31.05 -15.13 4
      vertex 31.2451 -15.1108 4
    endloop
  endfacet
  facet normal 0 0 1
    outer loop
      vertex 31.2451 -15.1108 4
      vertex 31.05 -15.13 4
      vertex 31.148 -15.1252 4
    endloop
  endfacet
  facet normal 0 0 1
    outer loop
      vertex 31.4327 -15.0539 4
      vertex 31.05 -15.13 4
      vertex 31.3403 -15.0869 4
    endloop
  endfacet
  facet normal 0 0 1
    outer loop
      vertex 32.0069 -14.4203 4
      vertex 31.05 -15.13 4
      vertex 31.9739 -14.5127 4
    endloop
  endfacet
  facet normal -0 0 1
    outer loop
      vertex 29.1211 -12.1729 4
      vertex 31.05 -15.13 4
      vertex 29.2788 -12.056 4
    endloop
  endfacet
  facet normal -0 0 1
    outer loop
      vertex 28.9528 -12.2738 4
      vertex 31.05 -15.13 4
      vertex 29.1211 -12.1729 4
    endloop
  endfacet
  facet normal -0 0 1
    outer loop
      vertex 28.7754 -12.3578 4
      vertex 31.05 -15.13 4
      vertex 28.9528 -12.2738 4
    endloop
  endfacet
  facet normal -0 0 1
    outer loop
      vertex 28.5906 -12.4239 4
      vertex 31.05 -15.13 4
      vertex 28.7754 -12.3578 4
    endloop
  endfacet
  facet normal -0 0 1
    outer loop
      vertex 28.4002 -12.4716 4
      vertex 31.05 -15.13 4
      vertex 28.5906 -12.4239 4
    endloop
  endfacet
  facet normal -0 0 1
    outer loop
      vertex 28.206 -12.5004 4
      vertex 31.05 -15.13 4
      vertex 28.4002 -12.4716 4
    endloop
  endfacet
  facet normal -0 0 1
    outer loop
      vertex 28.01 -12.51 4
      vertex 31.05 -15.13 4
      vertex 28.206 -12.5004 4
    endloop
  endfacet
  facet normal -0 0 1
    outer loop
      vertex -28.01 -12.51 4
      vertex 31.05 -15.13 4
      vertex 28.01 -12.51 4
    endloop
  endfacet
  facet normal 0 0 1
    outer loop
      vertex -28.01 -12.51 4
      vertex -31.05 -15.13 4
      vertex 31.05 -15.13 4
    endloop
  endfacet
  facet normal 0 0 1
    outer loop
      vertex -28.206 -12.5004 4
      vertex -31.05 -15.13 4
      vertex -28.01 -12.51 4
    endloop
  endfacet
  facet normal 0 0 1
    outer loop
      vertex -28.4002 -12.4716 4
      vertex -31.05 -15.13 4
      vertex -28.206 -12.5004 4
    endloop
  endfacet
  facet normal 0 0 1
    outer loop
      vertex -28.5906 -12.4239 4
      vertex -31.05 -15.13 4
      vertex -28.4002 -12.4716 4
    endloop
  endfacet
  facet normal 0 0 1
    outer loop
      vertex -28.7754 -12.3578 4
      vertex -31.05 -15.13 4
      vertex -28.5906 -12.4239 4
    endloop
  endfacet
  facet normal 0 0 1
    outer loop
      vertex -28.9528 -12.2738 4
      vertex -31.05 -15.13 4
      vertex -28.7754 -12.3578 4
    endloop
  endfacet
  facet normal 0 0 1
    outer loop
      vertex -29.1211 -12.1729 4
      vertex -31.05 -15.13 4
      vertex -28.9528 -12.2738 4
    endloop
  endfacet
  facet normal 0 0 1
    outer loop
      vertex -29.2788 -12.056 4
      vertex -31.05 -15.13 4
      vertex -29.1211 -12.1729 4
    endloop
  endfacet
  facet normal 0 0 1
    outer loop
      vertex -32.05 -14.13 4
      vertex -29.2788 -12.056 4
      vertex -29.4242 -11.9242 4
    endloop
  endfacet
  facet normal 0 0 1
    outer loop
      vertex -32.05 -14.13 4
      vertex -29.4242 -11.9242 4
      vertex -29.556 -11.7788 4
    endloop
  endfacet
  facet normal 0 0 1
    outer loop
      vertex -32.05 -14.13 4
      vertex -29.556 -11.7788 4
      vertex -29.6729 -11.6211 4
    endloop
  endfacet
  facet normal 0 0 1
    outer loop
      vertex -32.05 -14.13 4
      vertex -29.6729 -11.6211 4
      vertex -29.7738 -11.4528 4
    endloop
  endfacet
  facet normal 0 0 1
    outer loop
      vertex -32.05 -14.13 4
      vertex -29.7738 -11.4528 4
      vertex -29.8578 -11.2754 4
    endloop
  endfacet
  facet normal 0 0 1
    outer loop
      vertex -32.05 -14.13 4
      vertex -29.8578 -11.2754 4
      vertex -29.9239 -11.0906 4
    endloop
  endfacet
  facet normal 0 0 1
    outer loop
      vertex -32.05 -14.13 4
      vertex -29.9239 -11.0906 4
      vertex -29.9716 -10.9002 4
    endloop
  endfacet
  facet normal 0 0 1
    outer loop
      vertex -32.05 -14.13 4
      vertex -29.9716 -10.9002 4
      vertex -30.0004 -10.706 4
    endloop
  endfacet
  facet normal 0 0 1
    outer loop
      vertex -32.05 -14.13 4
      vertex -30.0004 -10.706 4
      vertex -30.01 -10.51 4
    endloop
  endfacet
  facet normal 0 0 1
    outer loop
      vertex -30.01 10.51 4
      vertex -32.05 14.13 4
      vertex -30.01 -10.51 4
    endloop
  endfacet
  facet normal 0 0 1
    outer loop
      vertex -32.05 14.13 4
      vertex -31.05 15.13 4
      vertex -31.148 15.1252 4
    endloop
  endfacet
  facet normal 0 0 1
    outer loop
      vertex -32.05 -14.13 4
      vertex -30.01 -10.51 4
      vertex -32.05 14.13 4
    endloop
  endfacet
  facet normal 0 0 1
    outer loop
      vertex -32.05 14.13 4
      vertex -31.148 15.1252 4
      vertex -31.2451 15.1108 4
    endloop
  endfacet
  facet normal 0 0 1
    outer loop
      vertex -29.2788 -12.056 4
      vertex -32.05 -14.13 4
      vertex -31.05 -15.13 4
    endloop
  endfacet
  facet normal 0 0 1
    outer loop
      vertex -32.05 14.13 4
      vertex -31.2451 15.1108 4
      vertex -31.3403 15.0869 4
    endloop
  endfacet
  facet normal 0 0 1
    outer loop
      vertex -31.05 -15.13 4
      vertex -32.05 -14.13 4
      vertex -31.148 -15.1252 4
    endloop
  endfacet
  facet normal 0 0 1
    outer loop
      vertex -32.05 14.13 4
      vertex -31.3403 15.0869 4
      vertex -31.4327 15.0539 4
    endloop
  endfacet
  facet normal 0 0 1
    outer loop
      vertex -31.148 -15.1252 4
      vertex -32.05 -14.13 4
      vertex -31.2451 -15.1108 4
    endloop
  endfacet
  facet normal 0 0 1
    outer loop
      vertex -32.05 14.13 4
      vertex -31.4327 15.0539 4
      vertex -31.5214 15.0119 4
    endloop
  endfacet
  facet normal 0 0 1
    outer loop
      vertex -31.2451 -15.1108 4
      vertex -32.05 -14.13 4
      vertex -31.3403 -15.0869 4
    endloop
  endfacet
  facet normal 0 0 1
    outer loop
      vertex -32.05 14.13 4
      vertex -31.5214 15.0119 4
      vertex -31.6056 14.9615 4
    endloop
  endfacet
  facet normal 0 0 1
    outer loop
      vertex -31.3403 -15.0869 4
      vertex -32.05 -14.13 4
      vertex -31.4327 -15.0539 4
    endloop
  endfacet
  facet normal 0 0 1
    outer loop
      vertex -32.05 14.13 4
      vertex -31.6056 14.9615 4
      vertex -31.6844 14.903 4
    endloop
  endfacet
  facet normal 0 0 1
    outer loop
      vertex -31.4327 -15.0539 4
      vertex -32.05 -14.13 4
      vertex -31.5214 -15.0119 4
    endloop
  endfacet
  facet normal 0 0 1
    outer loop
      vertex -32.05 14.13 4
      vertex -31.6844 14.903 4
      vertex -31.7571 14.8371 4
    endloop
  endfacet
  facet normal 0 0 1
    outer loop
      vertex -31.5214 -15.0119 4
      vertex -32.05 -14.13 4
      vertex -31.6056 -14.9615 4
    endloop
  endfacet
  facet normal 0 0 1
    outer loop
      vertex -32.05 14.13 4
      vertex -31.7571 14.8371 4
      vertex -31.823 14.7644 4
    endloop
  endfacet
  facet normal 0 0 1
    outer loop
      vertex -31.6056 -14.9615 4
      vertex -32.05 -14.13 4
      vertex -31.6844 -14.903 4
    endloop
  endfacet
  facet normal 0 0 1
    outer loop
      vertex -32.05 14.13 4
      vertex -31.823 14.7644 4
      vertex -31.8815 14.6856 4
    endloop
  endfacet
  facet normal 0 0 1
    outer loop
      vertex -31.6844 -14.903 4
      vertex -32.05 -14.13 4
      vertex -31.7571 -14.8371 4
    endloop
  endfacet
  facet normal 0 0 1
    outer loop
      vertex -32.05 14.13 4
      vertex -31.8815 14.6856 4
      vertex -31.9319 14.6014 4
    endloop
  endfacet
  facet normal 0 0 1
    outer loop
      vertex -31.7571 -14.8371 4
      vertex -32.05 -14.13 4
      vertex -31.823 -14.7644 4
    endloop
  endfacet
  facet normal 0 0 1
    outer loop
      vertex -32.05 14.13 4
      vertex -31.9319 14.6014 4
      vertex -31.9739 14.5127 4
    endloop
  endfacet
  facet normal 0 0 1
    outer loop
      vertex -31.823 -14.7644 4
      vertex -32.05 -14.13 4
      vertex -31.8815 -14.6856 4
    endloop
  endfacet
  facet normal 0 0 1
    outer loop
      vertex -32.05 14.13 4
      vertex -31.9739 14.5127 4
      vertex -32.0069 14.4203 4
    endloop
  endfacet
  facet normal 0 0 1
    outer loop
      vertex -31.8815 -14.6856 4
      vertex -32.05 -14.13 4
      vertex -31.9319 -14.6014 4
    endloop
  endfacet
  facet normal 0 0 1
    outer loop
      vertex -32.05 14.13 4
      vertex -32.0069 14.4203 4
      vertex -32.0308 14.3251 4
    endloop
  endfacet
  facet normal 0 0 1
    outer loop
      vertex -31.9319 -14.6014 4
      vertex -32.05 -14.13 4
      vertex -31.9739 -14.5127 4
    endloop
  endfacet
  facet normal 0 0 1
    outer loop
      vertex -32.05 14.13 4
      vertex -32.0308 14.3251 4
      vertex -32.0452 14.228 4
    endloop
  endfacet
  facet normal 0 0 1
    outer loop
      vertex -31.9739 -14.5127 4
      vertex -32.05 -14.13 4
      vertex -32.0069 -14.4203 4
    endloop
  endfacet
  facet normal 0 0 1
    outer loop
      vertex -32.0069 -14.4203 4
      vertex -32.05 -14.13 4
      vertex -32.0308 -14.3251 4
    endloop
  endfacet
  facet normal 0 0 1
    outer loop
      vertex -32.0308 -14.3251 4
      vertex -32.05 -14.13 4
      vertex -32.0452 -14.228 4
    endloop
  endfacet
  facet normal -0.427955 -0.9038 0
    outer loop
      vertex 31.4327 15.0539 4
      vertex 31.5214 15.0119 16.04
      vertex 31.4327 15.0539 16.04
    endloop
  endfacet
  facet normal -0.427955 -0.9038 -0
    outer loop
      vertex 31.5214 15.0119 16.04
      vertex 31.4327 15.0539 4
      vertex 31.5214 15.0119 4
    endloop
  endfacet
  facet normal 0.146696 0.989182 -0
    outer loop
      vertex -31.148 -15.1252 4
      vertex -31.2451 -15.1108 16.04
      vertex -31.148 -15.1252 16.04
    endloop
  endfacet
  facet normal 0.146696 0.989182 0
    outer loop
      vertex -31.2451 -15.1108 16.04
      vertex -31.148 -15.1252 4
      vertex -31.2451 -15.1108 4
    endloop
  endfacet
  facet normal -0.740908 -0.671607 0
    outer loop
      vertex 31.823 14.7644 4
      vertex 31.7571 14.8371 16.04
      vertex 31.7571 14.8371 4
    endloop
  endfacet
  facet normal -0.740908 -0.671607 0
    outer loop
      vertex 31.7571 14.8371 16.04
      vertex 31.823 14.7644 4
      vertex 31.823 14.7644 16.04
    endloop
  endfacet
  facet normal -0.513596 -0.858032 0
    outer loop
      vertex 31.5214 15.0119 4
      vertex 31.6056 14.9615 16.04
      vertex 31.5214 15.0119 16.04
    endloop
  endfacet
  facet normal -0.513596 -0.858032 -0
    outer loop
      vertex 31.6056 14.9615 16.04
      vertex 31.5214 15.0119 4
      vertex 31.6056 14.9615 4
    endloop
  endfacet
  facet normal 0.989182 0.146696 0
    outer loop
      vertex -32.0308 -14.3251 16.04
      vertex -32.0452 -14.228 4
      vertex -32.0452 -14.228 16.04
    endloop
  endfacet
  facet normal 0.989182 0.146696 0
    outer loop
      vertex -32.0452 -14.228 4
      vertex -32.0308 -14.3251 16.04
      vertex -32.0308 -14.3251 4
    endloop
  endfacet
  facet normal 0.998803 0.0489209 0
    outer loop
      vertex -32.0452 -14.228 16.04
      vertex -32.05 -14.13 4
      vertex -32.05 -14.13 16.04
    endloop
  endfacet
  facet normal 0.998803 0.0489209 0
    outer loop
      vertex -32.05 -14.13 4
      vertex -32.0452 -14.228 16.04
      vertex -32.0452 -14.228 4
    endloop
  endfacet
  facet normal 0.59608 0.802925 -0
    outer loop
      vertex -31.6056 -14.9615 4
      vertex -31.6844 -14.903 16.04
      vertex -31.6056 -14.9615 16.04
    endloop
  endfacet
  facet normal 0.59608 0.802925 0
    outer loop
      vertex -31.6844 -14.903 16.04
      vertex -31.6056 -14.9615 4
      vertex -31.6844 -14.903 4
    endloop
  endfacet
  facet normal -0.858032 -0.513596 0
    outer loop
      vertex 31.9319 14.6014 4
      vertex 31.8815 14.6856 16.04
      vertex 31.8815 14.6856 4
    endloop
  endfacet
  facet normal -0.858032 -0.513596 0
    outer loop
      vertex 31.8815 14.6856 16.04
      vertex 31.9319 14.6014 4
      vertex 31.9319 14.6014 16.04
    endloop
  endfacet
  facet normal 0.858032 0.513596 0
    outer loop
      vertex -31.8815 -14.6856 16.04
      vertex -31.9319 -14.6014 4
      vertex -31.9319 -14.6014 16.04
    endloop
  endfacet
  facet normal 0.858032 0.513596 0
    outer loop
      vertex -31.9319 -14.6014 4
      vertex -31.8815 -14.6856 16.04
      vertex -31.8815 -14.6856 4
    endloop
  endfacet
  facet normal -0.580137 -0.207506 -0.787643
    outer loop
      vertex 29.8578 11.2754 4
      vertex 33.9139 15.0806 0.00999928
      vertex 29.9239 11.0906 4
    endloop
  endfacet
  facet normal -0.580137 -0.207506 -0.787643
    outer loop
      vertex 33.9139 15.0806 0.00999928
      vertex 29.8578 11.2754 4
      vertex 33.8478 15.2654 0.00999928
    endloop
  endfacet
  facet normal -0.0969351 0.653638 -0.750573
    outer loop
      vertex 32.196 -16.4904 0.00999928
      vertex 28.4002 -12.4716 4
      vertex 32.3902 -16.4616 0.00999928
    endloop
  endfacet
  facet normal -0.0969351 0.653638 -0.750573
    outer loop
      vertex 28.4002 -12.4716 4
      vertex 32.196 -16.4904 0.00999928
      vertex 28.206 -12.5004 4
    endloop
  endfacet
  facet normal 0.580137 0.207506 -0.787643
    outer loop
      vertex -33.9139 -15.0806 0.00999928
      vertex -29.8578 -11.2754 4
      vertex -33.8478 -15.2654 0.00999928
    endloop
  endfacet
  facet normal 0.580137 0.207506 -0.787643
    outer loop
      vertex -29.8578 -11.2754 4
      vertex -33.9139 -15.0806 0.00999928
      vertex -29.9239 -11.0906 4
    endloop
  endfacet
  facet normal -0.80335 -0.595508 0
    outer loop
      vertex 33.6629 15.6111 0
      vertex 33.546 15.7688 0.00999928
      vertex 33.546 15.7688 0
    endloop
  endfacet
  facet normal -0.80335 -0.595508 0
    outer loop
      vertex 33.546 15.7688 0.00999928
      vertex 33.6629 15.6111 0
      vertex 33.6629 15.6111 0.00999928
    endloop
  endfacet
  facet normal -0.857673 0.514196 0
    outer loop
      vertex 33.6629 -15.6111 0
      vertex 33.7638 -15.4428 0.00999928
      vertex 33.7638 -15.4428 0
    endloop
  endfacet
  facet normal -0.857673 0.514196 0
    outer loop
      vertex 33.7638 -15.4428 0.00999928
      vertex 33.6629 -15.6111 0
      vertex 33.6629 -15.6111 0.00999928
    endloop
  endfacet
  facet normal 0.998803 0.0489209 0
    outer loop
      vertex -33.9904 -14.696 0.00999928
      vertex -34 -14.5 0
      vertex -34 -14.5 0.00999928
    endloop
  endfacet
  facet normal 0.998803 0.0489209 0
    outer loop
      vertex -34 -14.5 0
      vertex -33.9904 -14.696 0.00999928
      vertex -33.9904 -14.696 0
    endloop
  endfacet
  facet normal 0.346319 0.46719 -0.813509
    outer loop
      vertex -33.1111 -16.1629 0.00999928
      vertex -29.2788 -12.056 4
      vertex -29.1211 -12.1729 4
    endloop
  endfacet
  facet normal 0.346319 0.46719 -0.813509
    outer loop
      vertex -29.2788 -12.056 4
      vertex -33.1111 -16.1629 0.00999928
      vertex -33.2688 -16.046 0.00999928
    endloop
  endfacet
  facet normal -0.0489209 0.998803 0
    outer loop
      vertex 32.196 -16.4904 0
      vertex 32 -16.5 0.00999928
      vertex 32.196 -16.4904 0.00999928
    endloop
  endfacet
  facet normal -0.0489209 0.998803 0
    outer loop
      vertex 32 -16.5 0.00999928
      vertex 32.196 -16.4904 0
      vertex 32 -16.5 0
    endloop
  endfacet
  facet normal -0.740908 0.671607 0
    outer loop
      vertex 33.4142 -15.9142 0
      vertex 33.546 -15.7688 0.00999928
      vertex 33.546 -15.7688 0
    endloop
  endfacet
  facet normal -0.740908 0.671607 0
    outer loop
      vertex 33.546 -15.7688 0.00999928
      vertex 33.4142 -15.9142 0
      vertex 33.4142 -15.9142 0.00999928
    endloop
  endfacet
  facet normal 0 -1 0
    outer loop
      vertex -32 16.5 0
      vertex 32 16.5 0.00999928
      vertex -32 16.5 0.00999928
    endloop
  endfacet
  facet normal 0 -1 -0
    outer loop
      vertex 32 16.5 0.00999928
      vertex -32 16.5 0
      vertex 32 16.5 0
    endloop
  endfacet
  facet normal 0 1 -0
    outer loop
      vertex 32 -16.5 0
      vertex -32 -16.5 0.00999928
      vertex 32 -16.5 0.00999928
    endloop
  endfacet
  facet normal 0 1 0
    outer loop
      vertex -32 -16.5 0.00999928
      vertex 32 -16.5 0
      vertex -32 -16.5 0
    endloop
  endfacet
  facet normal -0.146696 0.989182 0
    outer loop
      vertex 32.3902 -16.4616 0
      vertex 32.196 -16.4904 0.00999928
      vertex 32.3902 -16.4616 0.00999928
    endloop
  endfacet
  facet normal -0.146696 0.989182 0
    outer loop
      vertex 32.196 -16.4904 0.00999928
      vertex 32.3902 -16.4616 0
      vertex 32.196 -16.4904 0
    endloop
  endfacet
  facet normal -0.970023 -0.243015 0
    outer loop
      vertex 33.9616 14.8902 0
      vertex 33.9139 15.0806 0.00999928
      vertex 33.9139 15.0806 0
    endloop
  endfacet
  facet normal -0.970023 -0.243015 0
    outer loop
      vertex 33.9139 15.0806 0.00999928
      vertex 33.9616 14.8902 0
      vertex 33.9616 14.8902 0.00999928
    endloop
  endfacet
  facet normal 0.970023 -0.243015 0
    outer loop
      vertex -33.9616 14.8902 0.00999928
      vertex -33.9139 15.0806 0
      vertex -33.9139 15.0806 0.00999928
    endloop
  endfacet
  facet normal 0.970023 -0.243015 0
    outer loop
      vertex -33.9139 15.0806 0
      vertex -33.9616 14.8902 0.00999928
      vertex -33.9616 14.8902 0
    endloop
  endfacet
  facet normal -0.388063 -0.428106 -0.816169
    outer loop
      vertex 29.4242 11.9242 4
      vertex 33.2688 16.046 0.00999928
      vertex 33.4142 15.9142 0.00999928
    endloop
  endfacet
  facet normal -0.388063 -0.428106 -0.816169
    outer loop
      vertex 33.2688 16.046 0.00999928
      vertex 29.4242 11.9242 4
      vertex 29.2788 12.056 4
    endloop
  endfacet
  facet normal 0.427955 0.9038 -0
    outer loop
      vertex -32.7654 -16.3478 0
      vertex -32.9428 -16.2638 0.00999928
      vertex -32.7654 -16.3478 0.00999928
    endloop
  endfacet
  facet normal 0.427955 0.9038 0
    outer loop
      vertex -32.9428 -16.2638 0.00999928
      vertex -32.7654 -16.3478 0
      vertex -32.9428 -16.2638 0
    endloop
  endfacet
  facet normal 0.707107 0 -0.707107
    outer loop
      vertex -34 -14.5 0.00999928
      vertex -30.01 10.51 4
      vertex -30.01 -10.51 4
    endloop
  endfacet
  facet normal 0.707107 0 -0.707107
    outer loop
      vertex -30.01 10.51 4
      vertex -34 -14.5 0.00999928
      vertex -34 14.5 0.00999928
    endloop
  endfacet
  facet normal 0 0.707107 -0.707107
    outer loop
      vertex 32 -16.5 0.00999928
      vertex -28.01 -12.51 4
      vertex 28.01 -12.51 4
    endloop
  endfacet
  facet normal 0 0.707107 -0.707107
    outer loop
      vertex -28.01 -12.51 4
      vertex 32 -16.5 0.00999928
      vertex -32 -16.5 0.00999928
    endloop
  endfacet
  facet normal 0.154581 -0.617028 -0.771609
    outer loop
      vertex -28.5906 12.4239 4
      vertex -32.3902 16.4616 0.00999928
      vertex -28.4002 12.4716 4
    endloop
  endfacet
  facet normal 0.154581 -0.617028 -0.771609
    outer loop
      vertex -32.3902 16.4616 0.00999928
      vertex -28.5906 12.4239 4
      vertex -32.5806 16.4139 0.00999928
    endloop
  endfacet
  facet normal -0.505211 -0.302887 -0.808097
    outer loop
      vertex 29.6729 11.6211 4
      vertex 33.7638 15.4428 0.00999928
      vertex 29.7738 11.4528 4
    endloop
  endfacet
  facet normal -0.505211 -0.302887 -0.808097
    outer loop
      vertex 33.7638 15.4428 0.00999928
      vertex 29.6729 11.6211 4
      vertex 33.6629 15.6111 0.00999928
    endloop
  endfacet
  facet normal -0.94158 -0.336788 0
    outer loop
      vertex 33.9139 15.0806 0
      vertex 33.8478 15.2654 0.00999928
      vertex 33.8478 15.2654 0
    endloop
  endfacet
  facet normal -0.94158 -0.336788 0
    outer loop
      vertex 33.8478 15.2654 0.00999928
      vertex 33.9139 15.0806 0
      vertex 33.9139 15.0806 0.00999928
    endloop
  endfacet
  facet normal -0.580137 0.207506 -0.787643
    outer loop
      vertex 29.8578 -11.2754 4
      vertex 33.9139 -15.0806 0.00999928
      vertex 33.8478 -15.2654 0.00999928
    endloop
  endfacet
  facet normal -0.580137 0.207506 -0.787643
    outer loop
      vertex 33.9139 -15.0806 0.00999928
      vertex 29.8578 -11.2754 4
      vertex 29.9239 -11.0906 4
    endloop
  endfacet
  facet normal -1 0 0
    outer loop
      vertex 34 -14.5 0
      vertex 34 14.5 0.00999928
      vertex 34 14.5 0
    endloop
  endfacet
  facet normal -1 -0 0
    outer loop
      vertex 34 14.5 0.00999928
      vertex 34 -14.5 0
      vertex 34 -14.5 0.00999928
    endloop
  endfacet
  facet normal -0.336788 0.94158 0
    outer loop
      vertex 32.7654 -16.3478 0
      vertex 32.5806 -16.4139 0.00999928
      vertex 32.7654 -16.3478 0.00999928
    endloop
  endfacet
  facet normal -0.336788 0.94158 0
    outer loop
      vertex 32.5806 -16.4139 0.00999928
      vertex 32.7654 -16.3478 0
      vertex 32.5806 -16.4139 0
    endloop
  endfacet
  facet normal 0.542691 0.256968 -0.799659
    outer loop
      vertex -33.8478 -15.2654 0.00999928
      vertex -29.7738 -11.4528 4
      vertex -33.7638 -15.4428 0.00999928
    endloop
  endfacet
  facet normal 0.542691 0.256968 -0.799659
    outer loop
      vertex -29.7738 -11.4528 4
      vertex -33.8478 -15.2654 0.00999928
      vertex -29.8578 -11.2754 4
    endloop
  endfacet
  facet normal -0.707107 0 -0.707107
    outer loop
      vertex 30.01 -10.51 4
      vertex 34 14.5 0.00999928
      vertex 34 -14.5 0.00999928
    endloop
  endfacet
  facet normal -0.707107 0 -0.707107
    outer loop
      vertex 34 14.5 0.00999928
      vertex 30.01 -10.51 4
      vertex 30.01 10.51 4
    endloop
  endfacet
  facet normal -0.154581 -0.617028 -0.771609
    outer loop
      vertex 28.5906 12.4239 4
      vertex 32.3902 16.4616 0.00999928
      vertex 32.5806 16.4139 0.00999928
    endloop
  endfacet
  facet normal -0.154581 -0.617028 -0.771609
    outer loop
      vertex 32.3902 16.4616 0.00999928
      vertex 28.5906 12.4239 4
      vertex 28.4002 12.4716 4
    endloop
  endfacet
  facet normal -0.302887 0.505211 -0.808097
    outer loop
      vertex 32.9428 -16.2638 0.00999928
      vertex 29.1211 -12.1729 4
      vertex 33.1111 -16.1629 0.00999928
    endloop
  endfacet
  facet normal -0.302887 0.505211 -0.808097
    outer loop
      vertex 29.1211 -12.1729 4
      vertex 32.9428 -16.2638 0.00999928
      vertex 28.9528 -12.2738 4
    endloop
  endfacet
  facet normal 0.857673 -0.514196 0
    outer loop
      vertex -33.7638 15.4428 0.00999928
      vertex -33.6629 15.6111 0
      vertex -33.6629 15.6111 0.00999928
    endloop
  endfacet
  facet normal 0.857673 -0.514196 0
    outer loop
      vertex -33.6629 15.6111 0
      vertex -33.7638 15.4428 0.00999928
      vertex -33.7638 15.4428 0
    endloop
  endfacet
  facet normal -0.998803 -0.0489209 0
    outer loop
      vertex 34 14.5 0
      vertex 33.9904 14.696 0.00999928
      vertex 33.9904 14.696 0
    endloop
  endfacet
  facet normal -0.998803 -0.0489209 0
    outer loop
      vertex 33.9904 14.696 0.00999928
      vertex 34 14.5 0
      vertex 34 14.5 0.00999928
    endloop
  endfacet
  facet normal -0.542691 -0.256968 -0.799659
    outer loop
      vertex 29.7738 11.4528 4
      vertex 33.8478 15.2654 0.00999928
      vertex 29.8578 11.2754 4
    endloop
  endfacet
  facet normal -0.542691 -0.256968 -0.799659
    outer loop
      vertex 33.8478 15.2654 0.00999928
      vertex 29.7738 11.4528 4
      vertex 33.7638 15.4428 0.00999928
    endloop
  endfacet
  facet normal -0.514196 -0.857673 0
    outer loop
      vertex 32.9428 16.2638 0
      vertex 33.1111 16.1629 0.00999928
      vertex 32.9428 16.2638 0.00999928
    endloop
  endfacet
  facet normal -0.514196 -0.857673 -0
    outer loop
      vertex 33.1111 16.1629 0.00999928
      vertex 32.9428 16.2638 0
      vertex 33.1111 16.1629 0
    endloop
  endfacet
  facet normal -0.154581 0.617028 -0.771609
    outer loop
      vertex 32.3902 -16.4616 0.00999928
      vertex 28.5906 -12.4239 4
      vertex 32.5806 -16.4139 0.00999928
    endloop
  endfacet
  facet normal -0.154581 0.617028 -0.771609
    outer loop
      vertex 28.5906 -12.4239 4
      vertex 32.3902 -16.4616 0.00999928
      vertex 28.4002 -12.4716 4
    endloop
  endfacet
  facet normal -0.46719 0.346319 -0.813509
    outer loop
      vertex 29.556 -11.7788 4
      vertex 33.6629 -15.6111 0.00999928
      vertex 33.546 -15.7688 0.00999928
    endloop
  endfacet
  facet normal -0.46719 0.346319 -0.813509
    outer loop
      vertex 33.6629 -15.6111 0.00999928
      vertex 29.556 -11.7788 4
      vertex 29.6729 -11.6211 4
    endloop
  endfacet
  facet normal 0.653638 -0.0969351 -0.750573
    outer loop
      vertex -33.9904 14.696 0.00999928
      vertex -29.9716 10.9002 4
      vertex -30.0004 10.706 4
    endloop
  endfacet
  facet normal 0.653638 -0.0969351 -0.750573
    outer loop
      vertex -29.9716 10.9002 4
      vertex -33.9904 14.696 0.00999928
      vertex -33.9616 14.8902 0.00999928
    endloop
  endfacet
  facet normal -0.653638 0.0969351 -0.750573
    outer loop
      vertex 29.9716 -10.9002 4
      vertex 33.9904 -14.696 0.00999928
      vertex 33.9616 -14.8902 0.00999928
    endloop
  endfacet
  facet normal -0.653638 0.0969351 -0.750573
    outer loop
      vertex 33.9904 -14.696 0.00999928
      vertex 29.9716 -10.9002 4
      vertex 30.0004 -10.706 4
    endloop
  endfacet
  facet normal 0.302887 -0.505211 -0.808097
    outer loop
      vertex -29.1211 12.1729 4
      vertex -32.9428 16.2638 0.00999928
      vertex -28.9528 12.2738 4
    endloop
  endfacet
  facet normal 0.302887 -0.505211 -0.808097
    outer loop
      vertex -32.9428 16.2638 0.00999928
      vertex -29.1211 12.1729 4
      vertex -33.1111 16.1629 0.00999928
    endloop
  endfacet
  facet normal -0.033777 0.689613 -0.72339
    outer loop
      vertex 32 -16.5 0.00999928
      vertex 28.206 -12.5004 4
      vertex 32.196 -16.4904 0.00999928
    endloop
  endfacet
  facet normal -0.033777 0.689613 -0.72339
    outer loop
      vertex 28.206 -12.5004 4
      vertex 32 -16.5 0.00999928
      vertex 28.01 -12.51 4
    endloop
  endfacet
  facet normal -0.9038 -0.427955 0
    outer loop
      vertex 33.8478 15.2654 0
      vertex 33.7638 15.4428 0.00999928
      vertex 33.7638 15.4428 0
    endloop
  endfacet
  facet normal -0.9038 -0.427955 0
    outer loop
      vertex 33.7638 15.4428 0.00999928
      vertex 33.8478 15.2654 0
      vertex 33.8478 15.2654 0.00999928
    endloop
  endfacet
  facet normal 0.336788 0.94158 -0
    outer loop
      vertex -32.5806 -16.4139 0
      vertex -32.7654 -16.3478 0.00999928
      vertex -32.5806 -16.4139 0.00999928
    endloop
  endfacet
  facet normal 0.336788 0.94158 0
    outer loop
      vertex -32.7654 -16.3478 0.00999928
      vertex -32.5806 -16.4139 0
      vertex -32.7654 -16.3478 0
    endloop
  endfacet
  facet normal 0.427955 -0.9038 0
    outer loop
      vertex -32.9428 16.2638 0
      vertex -32.7654 16.3478 0.00999928
      vertex -32.9428 16.2638 0.00999928
    endloop
  endfacet
  facet normal 0.427955 -0.9038 0
    outer loop
      vertex -32.7654 16.3478 0.00999928
      vertex -32.9428 16.2638 0
      vertex -32.7654 16.3478 0
    endloop
  endfacet
  facet normal 0.207506 -0.580137 -0.787643
    outer loop
      vertex -28.7754 12.3578 4
      vertex -32.5806 16.4139 0.00999928
      vertex -28.5906 12.4239 4
    endloop
  endfacet
  facet normal 0.207506 -0.580137 -0.787643
    outer loop
      vertex -32.5806 16.4139 0.00999928
      vertex -28.7754 12.3578 4
      vertex -32.7654 16.3478 0.00999928
    endloop
  endfacet
  facet normal -0.256968 -0.542691 -0.799659
    outer loop
      vertex 28.9528 12.2738 4
      vertex 32.7654 16.3478 0.00999928
      vertex 32.9428 16.2638 0.00999928
    endloop
  endfacet
  facet normal -0.256968 -0.542691 -0.799659
    outer loop
      vertex 32.7654 16.3478 0.00999928
      vertex 28.9528 12.2738 4
      vertex 28.7754 12.3578 4
    endloop
  endfacet
  facet normal 0.207506 0.580137 -0.787643
    outer loop
      vertex -32.5806 -16.4139 0.00999928
      vertex -28.7754 -12.3578 4
      vertex -28.5906 -12.4239 4
    endloop
  endfacet
  facet normal 0.207506 0.580137 -0.787643
    outer loop
      vertex -28.7754 -12.3578 4
      vertex -32.5806 -16.4139 0.00999928
      vertex -32.7654 -16.3478 0.00999928
    endloop
  endfacet
  facet normal -0.617028 -0.154581 -0.771609
    outer loop
      vertex 29.9239 11.0906 4
      vertex 33.9616 14.8902 0.00999928
      vertex 29.9716 10.9002 4
    endloop
  endfacet
  facet normal -0.617028 -0.154581 -0.771609
    outer loop
      vertex 33.9616 14.8902 0.00999928
      vertex 29.9239 11.0906 4
      vertex 33.9139 15.0806 0.00999928
    endloop
  endfacet
  facet normal 0.505211 -0.302887 -0.808097
    outer loop
      vertex -33.7638 15.4428 0.00999928
      vertex -29.6729 11.6211 4
      vertex -29.7738 11.4528 4
    endloop
  endfacet
  facet normal 0.505211 -0.302887 -0.808097
    outer loop
      vertex -29.6729 11.6211 4
      vertex -33.7638 15.4428 0.00999928
      vertex -33.6629 15.6111 0.00999928
    endloop
  endfacet
  facet normal 0.302887 0.505211 -0.808097
    outer loop
      vertex -32.9428 -16.2638 0.00999928
      vertex -29.1211 -12.1729 4
      vertex -28.9528 -12.2738 4
    endloop
  endfacet
  facet normal 0.302887 0.505211 -0.808097
    outer loop
      vertex -29.1211 -12.1729 4
      vertex -32.9428 -16.2638 0.00999928
      vertex -33.1111 -16.1629 0.00999928
    endloop
  endfacet
  facet normal 1 -0 0
    outer loop
      vertex -34 -14.5 0.00999928
      vertex -34 14.5 0
      vertex -34 14.5 0.00999928
    endloop
  endfacet
  facet normal 1 0 0
    outer loop
      vertex -34 14.5 0
      vertex -34 -14.5 0.00999928
      vertex -34 -14.5 0
    endloop
  endfacet
  facet normal 0.243015 0.970023 -0
    outer loop
      vertex -32.3902 -16.4616 0
      vertex -32.5806 -16.4139 0.00999928
      vertex -32.3902 -16.4616 0.00999928
    endloop
  endfacet
  facet normal 0.243015 0.970023 0
    outer loop
      vertex -32.5806 -16.4139 0.00999928
      vertex -32.3902 -16.4616 0
      vertex -32.5806 -16.4139 0
    endloop
  endfacet
  facet normal -0.256968 0.542691 -0.799659
    outer loop
      vertex 32.7654 -16.3478 0.00999928
      vertex 28.9528 -12.2738 4
      vertex 32.9428 -16.2638 0.00999928
    endloop
  endfacet
  facet normal -0.256968 0.542691 -0.799659
    outer loop
      vertex 28.9528 -12.2738 4
      vertex 32.7654 -16.3478 0.00999928
      vertex 28.7754 -12.3578 4
    endloop
  endfacet
  facet normal -0.689613 -0.033777 -0.72339
    outer loop
      vertex 30.0004 10.706 4
      vertex 34 14.5 0.00999928
      vertex 30.01 10.51 4
    endloop
  endfacet
  facet normal -0.689613 -0.033777 -0.72339
    outer loop
      vertex 34 14.5 0.00999928
      vertex 30.0004 10.706 4
      vertex 33.9904 14.696 0.00999928
    endloop
  endfacet
  facet normal 0.428106 -0.388063 -0.816169
    outer loop
      vertex -33.546 15.7688 0.00999928
      vertex -29.4242 11.9242 4
      vertex -29.556 11.7788 4
    endloop
  endfacet
  facet normal 0.428106 -0.388063 -0.816169
    outer loop
      vertex -29.4242 11.9242 4
      vertex -33.546 15.7688 0.00999928
      vertex -33.4142 15.9142 0.00999928
    endloop
  endfacet
  facet normal -0.857673 -0.514196 0
    outer loop
      vertex 33.7638 15.4428 0
      vertex 33.6629 15.6111 0.00999928
      vertex 33.6629 15.6111 0
    endloop
  endfacet
  facet normal -0.857673 -0.514196 0
    outer loop
      vertex 33.6629 15.6111 0.00999928
      vertex 33.7638 15.4428 0
      vertex 33.7638 15.4428 0.00999928
    endloop
  endfacet
  facet normal 0.689613 0.033777 -0.72339
    outer loop
      vertex -34 -14.5 0.00999928
      vertex -30.0004 -10.706 4
      vertex -33.9904 -14.696 0.00999928
    endloop
  endfacet
  facet normal 0.689613 0.033777 -0.72339
    outer loop
      vertex -30.0004 -10.706 4
      vertex -34 -14.5 0.00999928
      vertex -30.01 -10.51 4
    endloop
  endfacet
  facet normal -0.653638 -0.0969351 -0.750573
    outer loop
      vertex 29.9716 10.9002 4
      vertex 33.9904 14.696 0.00999928
      vertex 30.0004 10.706 4
    endloop
  endfacet
  facet normal -0.653638 -0.0969351 -0.750573
    outer loop
      vertex 33.9904 14.696 0.00999928
      vertex 29.9716 10.9002 4
      vertex 33.9616 14.8902 0.00999928
    endloop
  endfacet
  facet normal 0.505211 0.302887 -0.808097
    outer loop
      vertex -33.7638 -15.4428 0.00999928
      vertex -29.6729 -11.6211 4
      vertex -33.6629 -15.6111 0.00999928
    endloop
  endfacet
  facet normal 0.505211 0.302887 -0.808097
    outer loop
      vertex -29.6729 -11.6211 4
      vertex -33.7638 -15.4428 0.00999928
      vertex -29.7738 -11.4528 4
    endloop
  endfacet
  facet normal -0.346319 0.46719 -0.813509
    outer loop
      vertex 33.1111 -16.1629 0.00999928
      vertex 29.2788 -12.056 4
      vertex 33.2688 -16.046 0.00999928
    endloop
  endfacet
  facet normal -0.346319 0.46719 -0.813509
    outer loop
      vertex 29.2788 -12.056 4
      vertex 33.1111 -16.1629 0.00999928
      vertex 29.1211 -12.1729 4
    endloop
  endfacet
  facet normal -0.207506 0.580137 -0.787643
    outer loop
      vertex 32.5806 -16.4139 0.00999928
      vertex 28.7754 -12.3578 4
      vertex 32.7654 -16.3478 0.00999928
    endloop
  endfacet
  facet normal -0.207506 0.580137 -0.787643
    outer loop
      vertex 28.7754 -12.3578 4
      vertex 32.5806 -16.4139 0.00999928
      vertex 28.5906 -12.4239 4
    endloop
  endfacet
  facet normal 0.542691 -0.256968 -0.799659
    outer loop
      vertex -33.8478 15.2654 0.00999928
      vertex -29.7738 11.4528 4
      vertex -29.8578 11.2754 4
    endloop
  endfacet
  facet normal 0.542691 -0.256968 -0.799659
    outer loop
      vertex -29.7738 11.4528 4
      vertex -33.8478 15.2654 0.00999928
      vertex -33.7638 15.4428 0.00999928
    endloop
  endfacet
  facet normal 0.243015 -0.970023 0
    outer loop
      vertex -32.5806 16.4139 0
      vertex -32.3902 16.4616 0.00999928
      vertex -32.5806 16.4139 0.00999928
    endloop
  endfacet
  facet normal 0.243015 -0.970023 0
    outer loop
      vertex -32.3902 16.4616 0.00999928
      vertex -32.5806 16.4139 0
      vertex -32.3902 16.4616 0
    endloop
  endfacet
  facet normal 0.653638 0.0969351 -0.750573
    outer loop
      vertex -33.9904 -14.696 0.00999928
      vertex -29.9716 -10.9002 4
      vertex -33.9616 -14.8902 0.00999928
    endloop
  endfacet
  facet normal 0.653638 0.0969351 -0.750573
    outer loop
      vertex -29.9716 -10.9002 4
      vertex -33.9904 -14.696 0.00999928
      vertex -30.0004 -10.706 4
    endloop
  endfacet
  facet normal -0.243015 0.970023 0
    outer loop
      vertex 32.5806 -16.4139 0
      vertex 32.3902 -16.4616 0.00999928
      vertex 32.5806 -16.4139 0.00999928
    endloop
  endfacet
  facet normal -0.243015 0.970023 0
    outer loop
      vertex 32.3902 -16.4616 0.00999928
      vertex 32.5806 -16.4139 0
      vertex 32.3902 -16.4616 0
    endloop
  endfacet
  facet normal 0.146696 0.989182 -0
    outer loop
      vertex -32.196 -16.4904 0
      vertex -32.3902 -16.4616 0.00999928
      vertex -32.196 -16.4904 0.00999928
    endloop
  endfacet
  facet normal 0.146696 0.989182 0
    outer loop
      vertex -32.3902 -16.4616 0.00999928
      vertex -32.196 -16.4904 0
      vertex -32.3902 -16.4616 0
    endloop
  endfacet
  facet normal -0.0969351 -0.653638 -0.750573
    outer loop
      vertex 28.4002 12.4716 4
      vertex 32.196 16.4904 0.00999928
      vertex 32.3902 16.4616 0.00999928
    endloop
  endfacet
  facet normal -0.0969351 -0.653638 -0.750573
    outer loop
      vertex 32.196 16.4904 0.00999928
      vertex 28.4002 12.4716 4
      vertex 28.206 12.5004 4
    endloop
  endfacet
  facet normal 0.388063 -0.428106 -0.816169
    outer loop
      vertex -29.4242 11.9242 4
      vertex -33.2688 16.046 0.00999928
      vertex -29.2788 12.056 4
    endloop
  endfacet
  facet normal 0.388063 -0.428106 -0.816169
    outer loop
      vertex -33.2688 16.046 0.00999928
      vertex -29.4242 11.9242 4
      vertex -33.4142 15.9142 0.00999928
    endloop
  endfacet
  facet normal 0.989182 0.146696 0
    outer loop
      vertex -33.9616 -14.8902 0.00999928
      vertex -33.9904 -14.696 0
      vertex -33.9904 -14.696 0.00999928
    endloop
  endfacet
  facet normal 0.989182 0.146696 0
    outer loop
      vertex -33.9904 -14.696 0
      vertex -33.9616 -14.8902 0.00999928
      vertex -33.9616 -14.8902 0
    endloop
  endfacet
  facet normal -0.427955 -0.9038 0
    outer loop
      vertex 32.7654 16.3478 0
      vertex 32.9428 16.2638 0.00999928
      vertex 32.7654 16.3478 0.00999928
    endloop
  endfacet
  facet normal -0.427955 -0.9038 -0
    outer loop
      vertex 32.9428 16.2638 0.00999928
      vertex 32.7654 16.3478 0
      vertex 32.9428 16.2638 0
    endloop
  endfacet
  facet normal -0.207506 -0.580137 -0.787643
    outer loop
      vertex 28.7754 12.3578 4
      vertex 32.5806 16.4139 0.00999928
      vertex 32.7654 16.3478 0.00999928
    endloop
  endfacet
  facet normal -0.207506 -0.580137 -0.787643
    outer loop
      vertex 32.5806 16.4139 0.00999928
      vertex 28.7754 12.3578 4
      vertex 28.5906 12.4239 4
    endloop
  endfacet
  facet normal 0.0489209 -0.998803 0
    outer loop
      vertex -32.196 16.4904 0
      vertex -32 16.5 0.00999928
      vertex -32.196 16.4904 0.00999928
    endloop
  endfacet
  facet normal 0.0489209 -0.998803 0
    outer loop
      vertex -32 16.5 0.00999928
      vertex -32.196 16.4904 0
      vertex -32 16.5 0
    endloop
  endfacet
  facet normal 0.154581 0.617028 -0.771609
    outer loop
      vertex -32.3902 -16.4616 0.00999928
      vertex -28.5906 -12.4239 4
      vertex -28.4002 -12.4716 4
    endloop
  endfacet
  facet normal 0.154581 0.617028 -0.771609
    outer loop
      vertex -28.5906 -12.4239 4
      vertex -32.3902 -16.4616 0.00999928
      vertex -32.5806 -16.4139 0.00999928
    endloop
  endfacet
  facet normal 0.033777 0.689613 -0.72339
    outer loop
      vertex -32 -16.5 0.00999928
      vertex -28.206 -12.5004 4
      vertex -28.01 -12.51 4
    endloop
  endfacet
  facet normal 0.033777 0.689613 -0.72339
    outer loop
      vertex -28.206 -12.5004 4
      vertex -32 -16.5 0.00999928
      vertex -32.196 -16.4904 0.00999928
    endloop
  endfacet
  facet normal 0.256968 -0.542691 -0.799659
    outer loop
      vertex -28.9528 12.2738 4
      vertex -32.7654 16.3478 0.00999928
      vertex -28.7754 12.3578 4
    endloop
  endfacet
  facet normal 0.256968 -0.542691 -0.799659
    outer loop
      vertex -32.7654 16.3478 0.00999928
      vertex -28.9528 12.2738 4
      vertex -32.9428 16.2638 0.00999928
    endloop
  endfacet
  facet normal 0.336788 -0.94158 0
    outer loop
      vertex -32.7654 16.3478 0
      vertex -32.5806 16.4139 0.00999928
      vertex -32.7654 16.3478 0.00999928
    endloop
  endfacet
  facet normal 0.336788 -0.94158 0
    outer loop
      vertex -32.5806 16.4139 0.00999928
      vertex -32.7654 16.3478 0
      vertex -32.5806 16.4139 0
    endloop
  endfacet
  facet normal 0 -0.707107 -0.707107
    outer loop
      vertex -32 16.5 0.00999928
      vertex 28.01 12.51 4
      vertex -28.01 12.51 4
    endloop
  endfacet
  facet normal 0 -0.707107 -0.707107
    outer loop
      vertex 28.01 12.51 4
      vertex -32 16.5 0.00999928
      vertex 32 16.5 0.00999928
    endloop
  endfacet
  facet normal 0.514196 -0.857673 0
    outer loop
      vertex -33.1111 16.1629 0
      vertex -32.9428 16.2638 0.00999928
      vertex -33.1111 16.1629 0.00999928
    endloop
  endfacet
  facet normal 0.514196 -0.857673 0
    outer loop
      vertex -32.9428 16.2638 0.00999928
      vertex -33.1111 16.1629 0
      vertex -32.9428 16.2638 0
    endloop
  endfacet
  facet normal 0.595508 0.80335 -0
    outer loop
      vertex -33.1111 -16.1629 0
      vertex -33.2688 -16.046 0.00999928
      vertex -33.1111 -16.1629 0.00999928
    endloop
  endfacet
  facet normal 0.595508 0.80335 0
    outer loop
      vertex -33.2688 -16.046 0.00999928
      vertex -33.1111 -16.1629 0
      vertex -33.2688 -16.046 0
    endloop
  endfacet
  facet normal -0.033777 -0.689613 -0.72339
    outer loop
      vertex 28.206 12.5004 4
      vertex 32 16.5 0.00999928
      vertex 32.196 16.4904 0.00999928
    endloop
  endfacet
  facet normal -0.033777 -0.689613 -0.72339
    outer loop
      vertex 32 16.5 0.00999928
      vertex 28.206 12.5004 4
      vertex 28.01 12.51 4
    endloop
  endfacet
  facet normal -0.505211 0.302887 -0.808097
    outer loop
      vertex 29.6729 -11.6211 4
      vertex 33.7638 -15.4428 0.00999928
      vertex 33.6629 -15.6111 0.00999928
    endloop
  endfacet
  facet normal -0.505211 0.302887 -0.808097
    outer loop
      vertex 33.7638 -15.4428 0.00999928
      vertex 29.6729 -11.6211 4
      vertex 29.7738 -11.4528 4
    endloop
  endfacet
  facet normal 0.740908 0.671607 0
    outer loop
      vertex -33.4142 -15.9142 0.00999928
      vertex -33.546 -15.7688 0
      vertex -33.546 -15.7688 0.00999928
    endloop
  endfacet
  facet normal 0.740908 0.671607 0
    outer loop
      vertex -33.546 -15.7688 0
      vertex -33.4142 -15.9142 0.00999928
      vertex -33.4142 -15.9142 0
    endloop
  endfacet
  facet normal -0.989182 -0.146696 0
    outer loop
      vertex 33.9904 14.696 0
      vertex 33.9616 14.8902 0.00999928
      vertex 33.9616 14.8902 0
    endloop
  endfacet
  facet normal -0.989182 -0.146696 0
    outer loop
      vertex 33.9616 14.8902 0.00999928
      vertex 33.9904 14.696 0
      vertex 33.9904 14.696 0.00999928
    endloop
  endfacet
  facet normal -0.595508 0.80335 0
    outer loop
      vertex 33.2688 -16.046 0
      vertex 33.1111 -16.1629 0.00999928
      vertex 33.2688 -16.046 0.00999928
    endloop
  endfacet
  facet normal -0.595508 0.80335 0
    outer loop
      vertex 33.1111 -16.1629 0.00999928
      vertex 33.2688 -16.046 0
      vertex 33.1111 -16.1629 0
    endloop
  endfacet
  facet normal 0.033777 -0.689613 -0.72339
    outer loop
      vertex -28.206 12.5004 4
      vertex -32 16.5 0.00999928
      vertex -28.01 12.51 4
    endloop
  endfacet
  facet normal 0.033777 -0.689613 -0.72339
    outer loop
      vertex -32 16.5 0.00999928
      vertex -28.206 12.5004 4
      vertex -32.196 16.4904 0.00999928
    endloop
  endfacet
  facet normal 0.46719 0.346319 -0.813509
    outer loop
      vertex -33.6629 -15.6111 0.00999928
      vertex -29.556 -11.7788 4
      vertex -33.546 -15.7688 0.00999928
    endloop
  endfacet
  facet normal 0.46719 0.346319 -0.813509
    outer loop
      vertex -29.556 -11.7788 4
      vertex -33.6629 -15.6111 0.00999928
      vertex -29.6729 -11.6211 4
    endloop
  endfacet
  facet normal 0.617028 -0.154581 -0.771609
    outer loop
      vertex -33.9616 14.8902 0.00999928
      vertex -29.9239 11.0906 4
      vertex -29.9716 10.9002 4
    endloop
  endfacet
  facet normal 0.617028 -0.154581 -0.771609
    outer loop
      vertex -29.9239 11.0906 4
      vertex -33.9616 14.8902 0.00999928
      vertex -33.9139 15.0806 0.00999928
    endloop
  endfacet
  facet normal 0.256968 0.542691 -0.799659
    outer loop
      vertex -32.7654 -16.3478 0.00999928
      vertex -28.9528 -12.2738 4
      vertex -28.7754 -12.3578 4
    endloop
  endfacet
  facet normal 0.256968 0.542691 -0.799659
    outer loop
      vertex -28.9528 -12.2738 4
      vertex -32.7654 -16.3478 0.00999928
      vertex -32.9428 -16.2638 0.00999928
    endloop
  endfacet
  facet normal 0.0969351 0.653638 -0.750573
    outer loop
      vertex -32.196 -16.4904 0.00999928
      vertex -28.4002 -12.4716 4
      vertex -28.206 -12.5004 4
    endloop
  endfacet
  facet normal 0.0969351 0.653638 -0.750573
    outer loop
      vertex -28.4002 -12.4716 4
      vertex -32.196 -16.4904 0.00999928
      vertex -32.3902 -16.4616 0.00999928
    endloop
  endfacet
  facet normal -0.542691 0.256968 -0.799659
    outer loop
      vertex 29.7738 -11.4528 4
      vertex 33.8478 -15.2654 0.00999928
      vertex 33.7638 -15.4428 0.00999928
    endloop
  endfacet
  facet normal -0.542691 0.256968 -0.799659
    outer loop
      vertex 33.8478 -15.2654 0.00999928
      vertex 29.7738 -11.4528 4
      vertex 29.8578 -11.2754 4
    endloop
  endfacet
  facet normal 0.146696 -0.989182 0
    outer loop
      vertex -32.3902 16.4616 0
      vertex -32.196 16.4904 0.00999928
      vertex -32.3902 16.4616 0.00999928
    endloop
  endfacet
  facet normal 0.146696 -0.989182 0
    outer loop
      vertex -32.196 16.4904 0.00999928
      vertex -32.3902 16.4616 0
      vertex -32.196 16.4904 0
    endloop
  endfacet
  facet normal 0.514196 0.857673 -0
    outer loop
      vertex -32.9428 -16.2638 0
      vertex -33.1111 -16.1629 0.00999928
      vertex -32.9428 -16.2638 0.00999928
    endloop
  endfacet
  facet normal 0.514196 0.857673 0
    outer loop
      vertex -33.1111 -16.1629 0.00999928
      vertex -32.9428 -16.2638 0
      vertex -33.1111 -16.1629 0
    endloop
  endfacet
  facet normal 0.0969351 -0.653638 -0.750573
    outer loop
      vertex -28.4002 12.4716 4
      vertex -32.196 16.4904 0.00999928
      vertex -28.206 12.5004 4
    endloop
  endfacet
  facet normal 0.0969351 -0.653638 -0.750573
    outer loop
      vertex -32.196 16.4904 0.00999928
      vertex -28.4002 12.4716 4
      vertex -32.3902 16.4616 0.00999928
    endloop
  endfacet
  facet normal 0.671607 0.740908 -0
    outer loop
      vertex -33.2688 -16.046 0
      vertex -33.4142 -15.9142 0.00999928
      vertex -33.2688 -16.046 0.00999928
    endloop
  endfacet
  facet normal 0.671607 0.740908 0
    outer loop
      vertex -33.4142 -15.9142 0.00999928
      vertex -33.2688 -16.046 0
      vertex -33.4142 -15.9142 0
    endloop
  endfacet
  facet normal -0.428106 -0.388063 -0.816169
    outer loop
      vertex 29.4242 11.9242 4
      vertex 33.546 15.7688 0.00999928
      vertex 29.556 11.7788 4
    endloop
  endfacet
  facet normal -0.428106 -0.388063 -0.816169
    outer loop
      vertex 33.546 15.7688 0.00999928
      vertex 29.4242 11.9242 4
      vertex 33.4142 15.9142 0.00999928
    endloop
  endfacet
  facet normal 0.740908 -0.671607 0
    outer loop
      vertex -33.546 15.7688 0.00999928
      vertex -33.4142 15.9142 0
      vertex -33.4142 15.9142 0.00999928
    endloop
  endfacet
  facet normal 0.740908 -0.671607 0
    outer loop
      vertex -33.4142 15.9142 0
      vertex -33.546 15.7688 0.00999928
      vertex -33.546 15.7688 0
    endloop
  endfacet
  facet normal -0.94158 0.336788 0
    outer loop
      vertex 33.8478 -15.2654 0
      vertex 33.9139 -15.0806 0.00999928
      vertex 33.9139 -15.0806 0
    endloop
  endfacet
  facet normal -0.94158 0.336788 0
    outer loop
      vertex 33.9139 -15.0806 0.00999928
      vertex 33.8478 -15.2654 0
      vertex 33.8478 -15.2654 0.00999928
    endloop
  endfacet
  facet normal -0.302887 -0.505211 -0.808097
    outer loop
      vertex 29.1211 12.1729 4
      vertex 32.9428 16.2638 0.00999928
      vertex 33.1111 16.1629 0.00999928
    endloop
  endfacet
  facet normal -0.302887 -0.505211 -0.808097
    outer loop
      vertex 32.9428 16.2638 0.00999928
      vertex 29.1211 12.1729 4
      vertex 28.9528 12.2738 4
    endloop
  endfacet
  facet normal -0.970023 0.243015 0
    outer loop
      vertex 33.9139 -15.0806 0
      vertex 33.9616 -14.8902 0.00999928
      vertex 33.9616 -14.8902 0
    endloop
  endfacet
  facet normal -0.970023 0.243015 0
    outer loop
      vertex 33.9616 -14.8902 0.00999928
      vertex 33.9139 -15.0806 0
      vertex 33.9139 -15.0806 0.00999928
    endloop
  endfacet
  facet normal -0.9038 0.427955 0
    outer loop
      vertex 33.7638 -15.4428 0
      vertex 33.8478 -15.2654 0.00999928
      vertex 33.8478 -15.2654 0
    endloop
  endfacet
  facet normal -0.9038 0.427955 0
    outer loop
      vertex 33.8478 -15.2654 0.00999928
      vertex 33.7638 -15.4428 0
      vertex 33.7638 -15.4428 0.00999928
    endloop
  endfacet
  facet normal -0.243015 -0.970023 0
    outer loop
      vertex 32.3902 16.4616 0
      vertex 32.5806 16.4139 0.00999928
      vertex 32.3902 16.4616 0.00999928
    endloop
  endfacet
  facet normal -0.243015 -0.970023 -0
    outer loop
      vertex 32.5806 16.4139 0.00999928
      vertex 32.3902 16.4616 0
      vertex 32.5806 16.4139 0
    endloop
  endfacet
  facet normal 0.998803 -0.0489209 0
    outer loop
      vertex -34 14.5 0.00999928
      vertex -33.9904 14.696 0
      vertex -33.9904 14.696 0.00999928
    endloop
  endfacet
  facet normal 0.998803 -0.0489209 0
    outer loop
      vertex -33.9904 14.696 0
      vertex -34 14.5 0.00999928
      vertex -34 14.5 0
    endloop
  endfacet
  facet normal 0.989182 -0.146696 0
    outer loop
      vertex -33.9904 14.696 0.00999928
      vertex -33.9616 14.8902 0
      vertex -33.9616 14.8902 0.00999928
    endloop
  endfacet
  facet normal 0.989182 -0.146696 0
    outer loop
      vertex -33.9616 14.8902 0
      vertex -33.9904 14.696 0.00999928
      vertex -33.9904 14.696 0
    endloop
  endfacet
  facet normal -0.671607 -0.740908 0
    outer loop
      vertex 33.2688 16.046 0
      vertex 33.4142 15.9142 0.00999928
      vertex 33.2688 16.046 0.00999928
    endloop
  endfacet
  facet normal -0.671607 -0.740908 -0
    outer loop
      vertex 33.4142 15.9142 0.00999928
      vertex 33.2688 16.046 0
      vertex 33.4142 15.9142 0
    endloop
  endfacet
  facet normal -0.740908 -0.671607 0
    outer loop
      vertex 33.546 15.7688 0
      vertex 33.4142 15.9142 0.00999928
      vertex 33.4142 15.9142 0
    endloop
  endfacet
  facet normal -0.740908 -0.671607 0
    outer loop
      vertex 33.4142 15.9142 0.00999928
      vertex 33.546 15.7688 0
      vertex 33.546 15.7688 0.00999928
    endloop
  endfacet
  facet normal -0.989182 0.146696 0
    outer loop
      vertex 33.9616 -14.8902 0
      vertex 33.9904 -14.696 0.00999928
      vertex 33.9904 -14.696 0
    endloop
  endfacet
  facet normal -0.989182 0.146696 0
    outer loop
      vertex 33.9904 -14.696 0.00999928
      vertex 33.9616 -14.8902 0
      vertex 33.9616 -14.8902 0.00999928
    endloop
  endfacet
  facet normal -0.689613 0.033777 -0.72339
    outer loop
      vertex 30.0004 -10.706 4
      vertex 34 -14.5 0.00999928
      vertex 33.9904 -14.696 0.00999928
    endloop
  endfacet
  facet normal -0.689613 0.033777 -0.72339
    outer loop
      vertex 34 -14.5 0.00999928
      vertex 30.0004 -10.706 4
      vertex 30.01 -10.51 4
    endloop
  endfacet
  facet normal -0.80335 0.595508 0
    outer loop
      vertex 33.546 -15.7688 0
      vertex 33.6629 -15.6111 0.00999928
      vertex 33.6629 -15.6111 0
    endloop
  endfacet
  facet normal -0.80335 0.595508 0
    outer loop
      vertex 33.6629 -15.6111 0.00999928
      vertex 33.546 -15.7688 0
      vertex 33.546 -15.7688 0.00999928
    endloop
  endfacet
  facet normal 0.0489209 0.998803 -0
    outer loop
      vertex -32 -16.5 0
      vertex -32.196 -16.4904 0.00999928
      vertex -32 -16.5 0.00999928
    endloop
  endfacet
  facet normal 0.0489209 0.998803 0
    outer loop
      vertex -32.196 -16.4904 0.00999928
      vertex -32 -16.5 0
      vertex -32.196 -16.4904 0
    endloop
  endfacet
  facet normal 0.580137 -0.207506 -0.787643
    outer loop
      vertex -33.9139 15.0806 0.00999928
      vertex -29.8578 11.2754 4
      vertex -29.9239 11.0906 4
    endloop
  endfacet
  facet normal 0.580137 -0.207506 -0.787643
    outer loop
      vertex -29.8578 11.2754 4
      vertex -33.9139 15.0806 0.00999928
      vertex -33.8478 15.2654 0.00999928
    endloop
  endfacet
  facet normal 0.94158 0.336788 0
    outer loop
      vertex -33.8478 -15.2654 0.00999928
      vertex -33.9139 -15.0806 0
      vertex -33.9139 -15.0806 0.00999928
    endloop
  endfacet
  facet normal 0.94158 0.336788 0
    outer loop
      vertex -33.9139 -15.0806 0
      vertex -33.8478 -15.2654 0.00999928
      vertex -33.8478 -15.2654 0
    endloop
  endfacet
  facet normal -0.595508 -0.80335 0
    outer loop
      vertex 33.1111 16.1629 0
      vertex 33.2688 16.046 0.00999928
      vertex 33.1111 16.1629 0.00999928
    endloop
  endfacet
  facet normal -0.595508 -0.80335 -0
    outer loop
      vertex 33.2688 16.046 0.00999928
      vertex 33.1111 16.1629 0
      vertex 33.2688 16.046 0
    endloop
  endfacet
  facet normal -0.346319 -0.46719 -0.813509
    outer loop
      vertex 29.2788 12.056 4
      vertex 33.1111 16.1629 0.00999928
      vertex 33.2688 16.046 0.00999928
    endloop
  endfacet
  facet normal -0.346319 -0.46719 -0.813509
    outer loop
      vertex 33.1111 16.1629 0.00999928
      vertex 29.2788 12.056 4
      vertex 29.1211 12.1729 4
    endloop
  endfacet
  facet normal -0.46719 -0.346319 -0.813509
    outer loop
      vertex 29.556 11.7788 4
      vertex 33.6629 15.6111 0.00999928
      vertex 29.6729 11.6211 4
    endloop
  endfacet
  facet normal -0.46719 -0.346319 -0.813509
    outer loop
      vertex 33.6629 15.6111 0.00999928
      vertex 29.556 11.7788 4
      vertex 33.546 15.7688 0.00999928
    endloop
  endfacet
  facet normal 0.857673 0.514196 0
    outer loop
      vertex -33.6629 -15.6111 0.00999928
      vertex -33.7638 -15.4428 0
      vertex -33.7638 -15.4428 0.00999928
    endloop
  endfacet
  facet normal 0.857673 0.514196 0
    outer loop
      vertex -33.7638 -15.4428 0
      vertex -33.6629 -15.6111 0.00999928
      vertex -33.6629 -15.6111 0
    endloop
  endfacet
  facet normal 0.9038 0.427955 0
    outer loop
      vertex -33.7638 -15.4428 0.00999928
      vertex -33.8478 -15.2654 0
      vertex -33.8478 -15.2654 0.00999928
    endloop
  endfacet
  facet normal 0.9038 0.427955 0
    outer loop
      vertex -33.8478 -15.2654 0
      vertex -33.7638 -15.4428 0.00999928
      vertex -33.7638 -15.4428 0
    endloop
  endfacet
  facet normal -0.146696 -0.989182 0
    outer loop
      vertex 32.196 16.4904 0
      vertex 32.3902 16.4616 0.00999928
      vertex 32.196 16.4904 0.00999928
    endloop
  endfacet
  facet normal -0.146696 -0.989182 -0
    outer loop
      vertex 32.3902 16.4616 0.00999928
      vertex 32.196 16.4904 0
      vertex 32.3902 16.4616 0
    endloop
  endfacet
  facet normal -0.0489209 -0.998803 0
    outer loop
      vertex 32 16.5 0
      vertex 32.196 16.4904 0.00999928
      vertex 32 16.5 0.00999928
    endloop
  endfacet
  facet normal -0.0489209 -0.998803 -0
    outer loop
      vertex 32.196 16.4904 0.00999928
      vertex 32 16.5 0
      vertex 32.196 16.4904 0
    endloop
  endfacet
  facet normal 0.46719 -0.346319 -0.813509
    outer loop
      vertex -33.6629 15.6111 0.00999928
      vertex -29.556 11.7788 4
      vertex -29.6729 11.6211 4
    endloop
  endfacet
  facet normal 0.46719 -0.346319 -0.813509
    outer loop
      vertex -29.556 11.7788 4
      vertex -33.6629 15.6111 0.00999928
      vertex -33.546 15.7688 0.00999928
    endloop
  endfacet
  facet normal -0.427955 0.9038 0
    outer loop
      vertex 32.9428 -16.2638 0
      vertex 32.7654 -16.3478 0.00999928
      vertex 32.9428 -16.2638 0.00999928
    endloop
  endfacet
  facet normal -0.427955 0.9038 0
    outer loop
      vertex 32.7654 -16.3478 0.00999928
      vertex 32.9428 -16.2638 0
      vertex 32.7654 -16.3478 0
    endloop
  endfacet
  facet normal -0.336788 -0.94158 0
    outer loop
      vertex 32.5806 16.4139 0
      vertex 32.7654 16.3478 0.00999928
      vertex 32.5806 16.4139 0.00999928
    endloop
  endfacet
  facet normal -0.336788 -0.94158 -0
    outer loop
      vertex 32.7654 16.3478 0.00999928
      vertex 32.5806 16.4139 0
      vertex 32.7654 16.3478 0
    endloop
  endfacet
  facet normal 0.388063 0.428106 -0.816169
    outer loop
      vertex -33.2688 -16.046 0.00999928
      vertex -29.4242 -11.9242 4
      vertex -29.2788 -12.056 4
    endloop
  endfacet
  facet normal 0.388063 0.428106 -0.816169
    outer loop
      vertex -29.4242 -11.9242 4
      vertex -33.2688 -16.046 0.00999928
      vertex -33.4142 -15.9142 0.00999928
    endloop
  endfacet
  facet normal 0.80335 0.595508 0
    outer loop
      vertex -33.546 -15.7688 0.00999928
      vertex -33.6629 -15.6111 0
      vertex -33.6629 -15.6111 0.00999928
    endloop
  endfacet
  facet normal 0.80335 0.595508 0
    outer loop
      vertex -33.6629 -15.6111 0
      vertex -33.546 -15.7688 0.00999928
      vertex -33.546 -15.7688 0
    endloop
  endfacet
  facet normal 0.595508 -0.80335 0
    outer loop
      vertex -33.2688 16.046 0
      vertex -33.1111 16.1629 0.00999928
      vertex -33.2688 16.046 0.00999928
    endloop
  endfacet
  facet normal 0.595508 -0.80335 0
    outer loop
      vertex -33.1111 16.1629 0.00999928
      vertex -33.2688 16.046 0
      vertex -33.1111 16.1629 0
    endloop
  endfacet
  facet normal -0.998803 0.0489209 0
    outer loop
      vertex 33.9904 -14.696 0
      vertex 34 -14.5 0.00999928
      vertex 34 -14.5 0
    endloop
  endfacet
  facet normal -0.998803 0.0489209 0
    outer loop
      vertex 34 -14.5 0.00999928
      vertex 33.9904 -14.696 0
      vertex 33.9904 -14.696 0.00999928
    endloop
  endfacet
  facet normal -0.617028 0.154581 -0.771609
    outer loop
      vertex 29.9239 -11.0906 4
      vertex 33.9616 -14.8902 0.00999928
      vertex 33.9139 -15.0806 0.00999928
    endloop
  endfacet
  facet normal -0.617028 0.154581 -0.771609
    outer loop
      vertex 33.9616 -14.8902 0.00999928
      vertex 29.9239 -11.0906 4
      vertex 29.9716 -10.9002 4
    endloop
  endfacet
  facet normal -0.428106 0.388063 -0.816169
    outer loop
      vertex 29.4242 -11.9242 4
      vertex 33.546 -15.7688 0.00999928
      vertex 33.4142 -15.9142 0.00999928
    endloop
  endfacet
  facet normal -0.428106 0.388063 -0.816169
    outer loop
      vertex 33.546 -15.7688 0.00999928
      vertex 29.4242 -11.9242 4
      vertex 29.556 -11.7788 4
    endloop
  endfacet
  facet normal -0.388063 0.428106 -0.816169
    outer loop
      vertex 33.2688 -16.046 0.00999928
      vertex 29.4242 -11.9242 4
      vertex 33.4142 -15.9142 0.00999928
    endloop
  endfacet
  facet normal -0.388063 0.428106 -0.816169
    outer loop
      vertex 29.4242 -11.9242 4
      vertex 33.2688 -16.046 0.00999928
      vertex 29.2788 -12.056 4
    endloop
  endfacet
  facet normal 0.9038 -0.427955 0
    outer loop
      vertex -33.8478 15.2654 0.00999928
      vertex -33.7638 15.4428 0
      vertex -33.7638 15.4428 0.00999928
    endloop
  endfacet
  facet normal 0.9038 -0.427955 0
    outer loop
      vertex -33.7638 15.4428 0
      vertex -33.8478 15.2654 0.00999928
      vertex -33.8478 15.2654 0
    endloop
  endfacet
  facet normal 0.428106 0.388063 -0.816169
    outer loop
      vertex -33.546 -15.7688 0.00999928
      vertex -29.4242 -11.9242 4
      vertex -33.4142 -15.9142 0.00999928
    endloop
  endfacet
  facet normal 0.428106 0.388063 -0.816169
    outer loop
      vertex -29.4242 -11.9242 4
      vertex -33.546 -15.7688 0.00999928
      vertex -29.556 -11.7788 4
    endloop
  endfacet
  facet normal -0.671607 0.740908 0
    outer loop
      vertex 33.4142 -15.9142 0
      vertex 33.2688 -16.046 0.00999928
      vertex 33.4142 -15.9142 0.00999928
    endloop
  endfacet
  facet normal -0.671607 0.740908 0
    outer loop
      vertex 33.2688 -16.046 0.00999928
      vertex 33.4142 -15.9142 0
      vertex 33.2688 -16.046 0
    endloop
  endfacet
  facet normal 0.617028 0.154581 -0.771609
    outer loop
      vertex -33.9616 -14.8902 0.00999928
      vertex -29.9239 -11.0906 4
      vertex -33.9139 -15.0806 0.00999928
    endloop
  endfacet
  facet normal 0.617028 0.154581 -0.771609
    outer loop
      vertex -29.9239 -11.0906 4
      vertex -33.9616 -14.8902 0.00999928
      vertex -29.9716 -10.9002 4
    endloop
  endfacet
  facet normal 0.970023 0.243015 0
    outer loop
      vertex -33.9139 -15.0806 0.00999928
      vertex -33.9616 -14.8902 0
      vertex -33.9616 -14.8902 0.00999928
    endloop
  endfacet
  facet normal 0.970023 0.243015 0
    outer loop
      vertex -33.9616 -14.8902 0
      vertex -33.9139 -15.0806 0.00999928
      vertex -33.9139 -15.0806 0
    endloop
  endfacet
  facet normal -0.514196 0.857673 0
    outer loop
      vertex 33.1111 -16.1629 0
      vertex 32.9428 -16.2638 0.00999928
      vertex 33.1111 -16.1629 0.00999928
    endloop
  endfacet
  facet normal -0.514196 0.857673 0
    outer loop
      vertex 32.9428 -16.2638 0.00999928
      vertex 33.1111 -16.1629 0
      vertex 32.9428 -16.2638 0
    endloop
  endfacet
  facet normal 0.689613 -0.033777 -0.72339
    outer loop
      vertex -34 14.5 0.00999928
      vertex -30.0004 10.706 4
      vertex -30.01 10.51 4
    endloop
  endfacet
  facet normal 0.689613 -0.033777 -0.72339
    outer loop
      vertex -30.0004 10.706 4
      vertex -34 14.5 0.00999928
      vertex -33.9904 14.696 0.00999928
    endloop
  endfacet
  facet normal 0.94158 -0.336788 0
    outer loop
      vertex -33.9139 15.0806 0.00999928
      vertex -33.8478 15.2654 0
      vertex -33.8478 15.2654 0.00999928
    endloop
  endfacet
  facet normal 0.94158 -0.336788 0
    outer loop
      vertex -33.8478 15.2654 0
      vertex -33.9139 15.0806 0.00999928
      vertex -33.9139 15.0806 0
    endloop
  endfacet
  facet normal 0.80335 -0.595508 0
    outer loop
      vertex -33.6629 15.6111 0.00999928
      vertex -33.546 15.7688 0
      vertex -33.546 15.7688 0.00999928
    endloop
  endfacet
  facet normal 0.80335 -0.595508 0
    outer loop
      vertex -33.546 15.7688 0
      vertex -33.6629 15.6111 0.00999928
      vertex -33.6629 15.6111 0
    endloop
  endfacet
  facet normal 0.671607 -0.740908 0
    outer loop
      vertex -33.4142 15.9142 0
      vertex -33.2688 16.046 0.00999928
      vertex -33.4142 15.9142 0.00999928
    endloop
  endfacet
  facet normal 0.671607 -0.740908 0
    outer loop
      vertex -33.2688 16.046 0.00999928
      vertex -33.4142 15.9142 0
      vertex -33.2688 16.046 0
    endloop
  endfacet
  facet normal 0.346319 -0.46719 -0.813509
    outer loop
      vertex -29.2788 12.056 4
      vertex -33.1111 16.1629 0.00999928
      vertex -29.1211 12.1729 4
    endloop
  endfacet
  facet normal 0.346319 -0.46719 -0.813509
    outer loop
      vertex -33.1111 16.1629 0.00999928
      vertex -29.2788 12.056 4
      vertex -33.2688 16.046 0.00999928
    endloop
  endfacet
  facet normal -1 0 0
    outer loop
      vertex 5.5 15.13 4.01
      vertex 5.5 17.33 16.04
      vertex 5.5 17.33 4.01
    endloop
  endfacet
  facet normal -1 -0 0
    outer loop
      vertex 5.5 17.33 16.04
      vertex 5.5 15.13 4.01
      vertex 5.5 15.13 16.04
    endloop
  endfacet
  facet normal -0 0 1
    outer loop
      vertex -5.5 17.33 4.01
      vertex 5.5 15.13 4.01
      vertex 5.5 17.33 4.01
    endloop
  endfacet
  facet normal 0 0 1
    outer loop
      vertex 5.5 15.13 4.01
      vertex -5.5 17.33 4.01
      vertex -5.5 15.13 4.01
    endloop
  endfacet
  facet normal 1 -0 0
    outer loop
      vertex -5.5 15.13 16.04
      vertex -5.5 17.33 4.01
      vertex -5.5 17.33 16.04
    endloop
  endfacet
  facet normal 1 0 0
    outer loop
      vertex -5.5 17.33 4.01
      vertex -5.5 15.13 16.04
      vertex -5.5 15.13 4.01
    endloop
  endfacet
endsolid OpenSCAD_Model
